policy,seed,scenario,completion_time,victims_total,victims_rescued,avg_waiting_time,duplicate_conflicts,rescue_agents,weighted_wait,critical_wait,wasted_ticks,idle_ticks,messages,message_payload,experiment,victims,grid,blockage,comm_loss
no_coordination,1000,default,117,6,6,64.33333333333333,5,2,57.25,26.0,99,9,0,0,E1,6,15,0.0,0.0
claim,1000,default,93,6,6,56.666666666666664,1,2,51.5,26.0,27,29,7,7,E1,6,15,0.0,0.0
mas,1000,default,75,6,6,44.166666666666664,0,2,40.0625,22.0,0,18,14,21,E1,6,15,0.0,0.0
mas_iterative,1000,default,75,6,6,43.666666666666664,0,2,39.625,22.0,0,18,16,24,E1,6,15,0.0,0.0
hungarian,1000,default,75,6,6,43.666666666666664,0,2,39.625,22.0,0,18,18,58,E1,6,15,0.0,0.0
no_coordination,1001,default,99,6,6,58.333333333333336,4,2,50.35294117647059,38.0,58,8,0,0,E1,6,15,0.0,0.0
claim,1001,default,77,6,6,54.333333333333336,1,2,48.8235294117647,38.0,33,9,7,7,E1,6,15,0.0,0.0
mas,1001,default,59,6,6,37.833333333333336,0,2,33.1764705882353,27.0,0,9,16,24,E1,6,15,0.0,0.0
mas_iterative,1001,default,58,6,6,37.166666666666664,0,2,32.64705882352941,27.0,0,7,14,21,E1,6,15,0.0,0.0
hungarian,1001,default,58,6,6,37.166666666666664,0,2,32.64705882352941,27.0,0,7,18,56,E1,6,15,0.0,0.0
no_coordination,1002,default,56,6,6,36.0,2,2,30.53846153846154,nan,20,7,0,0,E1,6,15,0.0,0.0
claim,1002,default,60,6,6,34.166666666666664,0,2,29.615384615384617,nan,0,25,6,6,E1,6,15,0.0,0.0
mas,1002,default,60,6,6,34.166666666666664,0,2,29.615384615384617,nan,0,25,12,18,E1,6,15,0.0,0.0
mas_iterative,1002,default,60,6,6,34.166666666666664,0,2,29.615384615384617,nan,0,25,12,18,E1,6,15,0.0,0.0
hungarian,1002,default,60,6,6,34.166666666666664,0,2,29.615384615384617,nan,0,25,18,56,E1,6,15,0.0,0.0
no_coordination,1003,default,99,6,6,47.666666666666664,5,2,36.90909090909091,nan,78,9,0,0,E1,6,15,0.0,0.0
claim,1003,default,71,6,6,38.0,0,2,31.272727272727273,nan,0,26,6,6,E1,6,15,0.0,0.0
mas,1003,default,71,6,6,38.0,0,2,31.272727272727273,nan,0,26,12,18,E1,6,15,0.0,0.0
mas_iterative,1003,default,71,6,6,38.0,0,2,31.272727272727273,nan,0,26,12,18,E1,6,15,0.0,0.0
hungarian,1003,default,71,6,6,38.0,0,2,31.272727272727273,nan,0,26,18,56,E1,6,15,0.0,0.0
no_coordination,1004,default,119,6,6,57.0,4,2,48.833333333333336,nan,73,8,0,0,E1,6,15,0.0,0.0
claim,1004,default,75,6,6,43.666666666666664,0,2,39.166666666666664,nan,0,12,6,6,E1,6,15,0.0,0.0
mas,1004,default,75,6,6,43.666666666666664,0,2,39.166666666666664,nan,0,12,12,18,E1,6,15,0.0,0.0
mas_iterative,1004,default,75,6,6,43.666666666666664,0,2,39.166666666666664,nan,0,12,12,18,E1,6,15,0.0,0.0
hungarian,1004,default,75,6,6,43.666666666666664,0,2,39.166666666666664,nan,0,12,18,56,E1,6,15,0.0,0.0
no_coordination,1005,default,79,6,6,44.666666666666664,3,2,42.0,nan,39,7,0,0,E1,6,15,0.0,0.0
claim,1005,default,73,6,6,38.666666666666664,0,2,36.93333333333333,nan,0,28,6,6,E1,6,15,0.0,0.0
mas,1005,default,73,6,6,38.666666666666664,0,2,36.93333333333333,nan,0,28,12,18,E1,6,15,0.0,0.0
mas_iterative,1005,default,73,6,6,38.666666666666664,0,2,36.93333333333333,nan,0,28,12,18,E1,6,15,0.0,0.0
hungarian,1005,default,73,6,6,38.666666666666664,0,2,36.93333333333333,nan,0,28,18,56,E1,6,15,0.0,0.0
no_coordination,1006,default,97,6,6,51.0,5,2,42.94736842105263,30.0,64,9,0,0,E1,6,15,0.0,0.0
claim,1006,default,69,6,6,43.0,1,2,38.31578947368421,30.0,23,15,7,7,E1,6,15,0.0,0.0
mas,1006,default,60,6,6,34.833333333333336,0,2,30.42105263157895,23.0,0,16,14,21,E1,6,15,0.0,0.0
mas_iterative,1006,default,59,6,6,34.333333333333336,0,2,30.0,22.666666666666668,0,14,16,24,E1,6,15,0.0,0.0
hungarian,1006,default,59,6,6,34.333333333333336,0,2,30.0,22.666666666666668,0,14,18,58,E1,6,15,0.0,0.0
no_coordination,1007,default,113,6,6,60.5,4,2,52.93333333333333,20.0,43,8,0,0,E1,6,15,0.0,0.0
claim,1007,default,89,6,6,51.666666666666664,0,2,45.86666666666667,20.0,0,18,6,6,E1,6,15,0.0,0.0
mas,1007,default,89,6,6,51.666666666666664,0,2,45.86666666666667,20.0,0,18,12,18,E1,6,15,0.0,0.0
mas_iterative,1007,default,89,6,6,51.666666666666664,0,2,45.86666666666667,20.0,0,18,12,18,E1,6,15,0.0,0.0
hungarian,1007,default,89,6,6,51.666666666666664,0,2,45.86666666666667,20.0,0,18,18,56,E1,6,15,0.0,0.0
no_coordination,1008,default,139,6,6,72.0,5,2,58.75,28.0,104,9,0,0,E1,6,15,0.0,0.0
claim,1008,default,101,6,6,58.0,1,2,50.0,28.0,29,33,7,7,E1,6,15,0.0,0.0
mas,1008,default,81,6,6,45.0,0,2,38.0625,20.0,0,24,14,21,E1,6,15,0.0,0.0
mas_iterative,1008,default,81,6,6,44.666666666666664,0,2,37.75,20.0,0,24,14,21,E1,6,15,0.0,0.0
hungarian,1008,default,81,6,6,43.333333333333336,0,2,37.0,28.0,0,28,18,56,E1,6,15,0.0,0.0
no_coordination,1009,default,110,6,6,56.0,4,2,51.470588235294116,28.0,93,8,0,0,E1,6,15,0.0,0.0
claim,1009,default,83,6,6,51.333333333333336,1,2,48.470588235294116,28.0,29,9,7,7,E1,6,15,0.0,0.0
mas,1009,default,70,6,6,38.833333333333336,0,2,36.294117647058826,20.0,0,10,14,21,E1,6,15,0.0,0.0
mas_iterative,1009,default,69,6,6,38.333333333333336,0,2,35.88235294117647,20.0,0,8,16,24,E1,6,15,0.0,0.0
hungarian,1009,default,75,6,6,37.666666666666664,0,2,34.8235294117647,28.0,0,38,18,56,E1,6,15,0.0,0.0
no_coordination,1010,default,95,6,6,54.833333333333336,3,2,49.93333333333333,nan,48,8,0,0,E1,6,15,0.0,0.0
claim,1010,default,94,6,6,52.166666666666664,1,2,47.8,nan,21,24,7,7,E1,6,15,0.0,0.0
mas,1010,default,80,6,6,42.166666666666664,0,2,40.2,nan,0,28,14,21,E1,6,15,0.0,0.0
mas_iterative,1010,default,79,6,6,41.666666666666664,0,2,39.733333333333334,nan,0,26,16,24,E1,6,15,0.0,0.0
hungarian,1010,default,79,6,6,41.666666666666664,0,2,39.733333333333334,nan,0,26,18,58,E1,6,15,0.0,0.0
no_coordination,1011,default,115,6,6,60.333333333333336,6,2,48.30769230769231,nan,115,10,0,0,E1,6,15,0.0,0.0
claim,1011,default,115,6,6,60.333333333333336,6,2,48.30769230769231,nan,115,10,12,12,E1,6,15,0.0,0.0
mas,1011,default,74,6,6,38.166666666666664,0,2,31.23076923076923,nan,0,32,14,21,E1,6,15,0.0,0.0
mas_iterative,1011,default,73,6,6,37.666666666666664,0,2,30.76923076923077,nan,0,30,14,21,E1,6,15,0.0,0.0
hungarian,1011,default,73,6,6,37.666666666666664,0,2,30.76923076923077,nan,0,30,18,56,E1,6,15,0.0,0.0
no_coordination,1012,default,82,6,6,55.333333333333336,3,2,48.4,26.0,45,7,0,0,E1,6,15,0.0,0.0
claim,1012,default,79,6,6,54.666666666666664,1,2,48.06666666666667,26.0,27,14,7,7,E1,6,15,0.0,0.0
mas,1012,default,62,6,6,40.166666666666664,0,2,35.333333333333336,22.0,0,10,14,21,E1,6,15,0.0,0.0
mas_iterative,1012,default,61,6,6,39.666666666666664,0,2,34.8,22.0,0,8,14,21,E1,6,15,0.0,0.0
hungarian,1012,default,61,6,6,39.666666666666664,0,2,34.8,22.0,0,8,18,56,E1,6,15,0.0,0.0
no_coordination,1013,default,91,6,6,51.0,3,2,42.22222222222222,25.333333333333332,48,7,0,0,E1,6,15,0.0,0.0
claim,1013,default,91,6,6,51.0,2,2,42.22222222222222,25.333333333333332,48,24,8,8,E1,6,15,0.0,0.0
mas,1013,default,71,6,6,39.833333333333336,0,2,35.72222222222222,25.333333333333332,0,22,14,21,E1,6,15,0.0,0.0
mas_iterative,1013,default,71,6,6,39.666666666666664,0,2,35.55555555555556,25.333333333333332,0,22,14,21,E1,6,15,0.0,0.0
hungarian,1013,default,71,6,6,39.666666666666664,0,2,35.55555555555556,25.333333333333332,0,22,18,58,E1,6,15,0.0,0.0
no_coordination,1014,default,90,6,6,48.666666666666664,2,2,41.5,nan,28,7,0,0,E1,6,15,0.0,0.0
claim,1014,default,89,6,6,48.5,1,2,41.42857142857143,nan,26,34,7,7,E1,6,15,0.0,0.0
mas,1014,default,77,6,6,41.333333333333336,0,2,36.142857142857146,nan,0,28,14,21,E1,6,15,0.0,0.0
mas_iterative,1014,default,77,6,6,41.0,0,2,35.857142857142854,nan,0,28,14,21,E1,6,15,0.0,0.0
hungarian,1014,default,77,6,6,41.0,0,2,35.857142857142854,nan,0,28,18,58,E1,6,15,0.0,0.0
no_coordination,1015,default,97,6,6,52.0,3,2,43.75,20.0,58,7,0,0,E1,6,15,0.0,0.0
claim,1015,default,97,6,6,52.0,2,2,43.75,20.0,42,22,8,8,E1,6,15,0.0,0.0
mas,1015,default,82,6,6,45.333333333333336,0,2,37.875,20.0,0,18,14,21,E1,6,15,0.0,0.0
mas_iterative,1015,default,81,6,6,45.0,0,2,37.625,20.0,0,16,14,21,E1,6,15,0.0,0.0
hungarian,1015,default,81,6,6,45.0,0,2,37.625,20.0,0,16,18,58,E1,6,15,0.0,0.0
no_coordination,1016,default,113,6,6,65.5,3,2,59.285714285714285,22.0,56,7,0,0,E1,6,15,0.0,0.0
claim,1016,default,109,6,6,63.333333333333336,1,2,57.42857142857143,22.0,23,31,7,7,E1,6,15,0.0,0.0
mas,1016,default,87,6,6,51.5,0,2,47.285714285714285,22.0,0,12,14,21,E1,6,15,0.0,0.0
mas_iterative,1016,default,87,6,6,51.0,0,2,46.857142857142854,22.0,0,12,14,21,E1,6,15,0.0,0.0
hungarian,1016,default,87,6,6,51.0,0,2,46.857142857142854,22.0,0,12,18,56,E1,6,15,0.0,0.0
no_coordination,1017,default,113,6,6,55.833333333333336,3,2,47.63636363636363,20.0,82,7,0,0,E1,6,15,0.0,0.0
claim,1017,default,86,6,6,51.333333333333336,1,2,45.18181818181818,20.0,21,12,7,7,E1,6,15,0.0,0.0
mas,1017,default,72,6,6,41.833333333333336,0,2,36.72727272727273,20.0,0,6,14,21,E1,6,15,0.0,0.0
mas_iterative,1017,default,71,6,6,41.333333333333336,0,2,36.36363636363637,20.0,0,4,14,21,E1,6,15,0.0,0.0
hungarian,1017,default,71,6,6,41.333333333333336,0,2,36.36363636363637,20.0,0,4,18,56,E1,6,15,0.0,0.0
no_coordination,1018,default,133,6,6,66.66666666666667,6,2,53.25,20.0,133,10,0,0,E1,6,15,0.0,0.0
claim,1018,default,133,6,6,66.66666666666667,6,2,53.25,20.0,133,10,12,12,E1,6,15,0.0,0.0
mas,1018,default,66,6,6,39.833333333333336,0,2,33.9375,20.0,0,6,14,21,E1,6,15,0.0,0.0
mas_iterative,1018,default,65,6,6,39.333333333333336,0,2,33.5,20.0,0,4,14,21,E1,6,15,0.0,0.0
hungarian,1018,default,65,6,6,39.333333333333336,0,2,33.5,20.0,0,4,18,56,E1,6,15,0.0,0.0
no_coordination,1019,default,111,6,6,52.666666666666664,5,2,39.0,20.0,74,9,0,0,E1,6,15,0.0,0.0
claim,1019,default,101,6,6,47.666666666666664,3,2,36.142857142857146,20.0,85,7,9,9,E1,6,15,0.0,0.0
mas,1019,default,77,6,6,42.5,0,2,34.0,20.0,0,18,14,21,E1,6,15,0.0,0.0
mas_iterative,1019,default,77,6,6,42.0,0,2,33.57142857142857,20.0,0,18,16,24,E1,6,15,0.0,0.0
hungarian,1019,default,69,6,6,39.0,0,2,31.428571428571427,26.0,0,14,18,58,E1,6,15,0.0,0.0
no_coordination,1020,default,109,6,6,50.0,4,2,38.470588235294116,22.0,86,8,0,0,E1,6,15,0.0,0.0
claim,1020,default,109,6,6,50.0,4,2,38.470588235294116,22.0,86,8,10,10,E1,6,15,0.0,0.0
mas,1020,default,80,6,6,41.0,0,2,33.64705882352941,22.0,0,32,14,21,E1,6,15,0.0,0.0
mas_iterative,1020,default,79,6,6,40.666666666666664,0,2,33.411764705882355,22.0,0,30,14,21,E1,6,15,0.0,0.0
hungarian,1020,default,79,6,6,40.666666666666664,0,2,33.411764705882355,22.0,0,30,18,58,E1,6,15,0.0,0.0
no_coordination,1021,default,87,6,6,44.0,3,2,36.0,nan,52,7,0,0,E1,6,15,0.0,0.0
claim,1021,default,85,6,6,43.666666666666664,1,2,35.8,nan,16,37,7,7,E1,6,15,0.0,0.0
mas,1021,default,72,6,6,40.0,0,2,33.6,nan,0,20,14,21,E1,6,15,0.0,0.0
mas_iterative,1021,default,71,6,6,39.666666666666664,0,2,33.4,nan,0,18,16,24,E1,6,15,0.0,0.0
hungarian,1021,default,71,6,6,39.666666666666664,0,2,33.4,nan,0,18,18,60,E1,6,15,0.0,0.0
no_coordination,1022,default,83,6,6,48.333333333333336,4,2,39.44444444444444,26.666666666666668,60,8,0,0,E1,6,15,0.0,0.0
claim,1022,default,61,6,6,36.666666666666664,0,2,32.888888888888886,26.666666666666668,0,20,6,6,E1,6,15,0.0,0.0
mas,1022,default,61,6,6,36.666666666666664,0,2,32.888888888888886,26.666666666666668,0,20,12,18,E1,6,15,0.0,0.0
mas_iterative,1022,default,61,6,6,36.666666666666664,0,2,32.888888888888886,26.666666666666668,0,20,12,18,E1,6,15,0.0,0.0
hungarian,1022,default,61,6,6,36.666666666666664,0,2,32.888888888888886,26.666666666666668,0,20,18,56,E1,6,15,0.0,0.0
no_coordination,1023,default,79,6,6,46.0,3,2,38.588235294117645,20.0,34,7,0,0,E1,6,15,0.0,0.0
claim,1023,default,71,6,6,43.666666666666664,1,2,37.76470588235294,20.0,12,11,7,7,E1,6,15,0.0,0.0
mas,1023,default,67,6,6,42.5,0,2,36.1764705882353,20.0,0,12,14,21,E1,6,15,0.0,0.0
mas_iterative,1023,default,67,6,6,42.333333333333336,0,2,36.0,20.0,0,12,16,24,E1,6,15,0.0,0.0
hungarian,1023,default,67,6,6,42.333333333333336,0,2,36.0,20.0,0,12,20,61,E1,6,15,0.0,0.0
no_coordination,1024,default,96,6,6,64.83333333333333,4,2,54.0,26.0,75,8,0,0,E1,6,15,0.0,0.0
claim,1024,default,102,6,6,64.0,2,2,53.61538461538461,26.0,53,33,8,8,E1,6,15,0.0,0.0
mas,1024,default,73,6,6,38.666666666666664,0,2,31.76923076923077,20.0,0,30,14,21,E1,6,15,0.0,0.0
mas_iterative,1024,default,73,6,6,38.333333333333336,0,2,31.384615384615383,20.0,0,30,14,21,E1,6,15,0.0,0.0
hungarian,1024,default,73,6,6,38.333333333333336,0,2,31.384615384615383,20.0,0,30,18,56,E1,6,15,0.0,0.0
no_coordination,1025,default,109,6,6,64.33333333333333,4,2,56.30769230769231,nan,87,8,0,0,E1,6,15,0.0,0.0
claim,1025,default,101,6,6,63.0,2,2,55.69230769230769,nan,49,28,8,8,E1,6,15,0.0,0.0
mas,1025,default,76,6,6,43.5,0,2,38.15384615384615,nan,0,22,14,21,E1,6,15,0.0,0.0
mas_iterative,1025,default,75,6,6,43.0,0,2,37.69230769230769,nan,0,20,14,21,E1,6,15,0.0,0.0
hungarian,1025,default,75,6,6,43.0,0,2,37.69230769230769,nan,0,20,18,56,E1,6,15,0.0,0.0
no_coordination,1026,default,82,6,6,50.166666666666664,3,2,40.72222222222222,36.0,29,7,0,0,E1,6,15,0.0,0.0
claim,1026,default,85,6,6,49.333333333333336,1,2,40.44444444444444,36.0,21,21,7,7,E1,6,15,0.0,0.0
mas,1026,default,85,6,6,46.333333333333336,0,2,37.94444444444444,33.75,0,30,14,21,E1,6,15,0.0,0.0
mas_iterative,1026,default,85,6,6,46.0,0,2,37.666666666666664,33.5,0,30,16,24,E1,6,15,0.0,0.0
hungarian,1026,default,83,6,6,45.0,0,2,36.666666666666664,32.5,0,28,18,56,E1,6,15,0.0,0.0
no_coordination,1027,default,139,6,6,72.33333333333333,6,2,57.5,nan,139,10,0,0,E1,6,15,0.0,0.0
claim,1027,default,139,6,6,72.33333333333333,6,2,57.5,nan,139,10,12,12,E1,6,15,0.0,0.0
mas,1027,default,84,6,6,43.5,0,2,35.333333333333336,nan,0,32,14,21,E1,6,15,0.0,0.0
mas_iterative,1027,default,83,6,6,43.0,0,2,34.833333333333336,nan,0,30,16,24,E1,6,15,0.0,0.0
hungarian,1027,default,83,6,6,43.0,0,2,34.833333333333336,nan,0,30,18,58,E1,6,15,0.0,0.0
no_coordination,1028,default,111,6,6,56.0,5,2,41.733333333333334,23.0,55,9,0,0,E1,6,15,0.0,0.0
claim,1028,default,81,6,6,42.666666666666664,0,2,34.53333333333333,23.0,0,32,6,6,E1,6,15,0.0,0.0
mas,1028,default,81,6,6,42.666666666666664,0,2,34.53333333333333,23.0,0,32,12,18,E1,6,15,0.0,0.0
mas_iterative,1028,default,81,6,6,42.666666666666664,0,2,34.53333333333333,23.0,0,32,12,18,E1,6,15,0.0,0.0
hungarian,1028,default,81,6,6,42.666666666666664,0,2,34.53333333333333,23.0,0,32,18,56,E1,6,15,0.0,0.0
no_coordination,1029,default,91,6,6,60.666666666666664,6,2,49.857142857142854,20.0,91,10,0,0,E1,6,15,0.0,0.0
claim,1029,default,91,6,6,60.666666666666664,6,2,49.857142857142854,20.0,91,10,12,12,E1,6,15,0.0,0.0
mas,1029,default,49,6,6,33.166666666666664,0,2,29.285714285714285,20.0,0,14,14,21,E1,6,15,0.0,0.0
mas_iterative,1029,default,49,6,6,32.666666666666664,0,2,28.857142857142858,20.0,0,14,18,27,E1,6,15,0.0,0.0
hungarian,1029,default,49,6,6,32.666666666666664,0,2,28.857142857142858,20.0,0,14,20,61,E1,6,15,0.0,0.0
no_coordination,1030,default,105,6,6,51.0,6,2,40.833333333333336,nan,105,10,0,0,E1,6,15,0.0,0.0
claim,1030,default,105,6,6,51.0,6,2,40.833333333333336,nan,105,10,12,12,E1,6,15,0.0,0.0
mas,1030,default,75,6,6,38.666666666666664,0,2,32.5,nan,0,32,14,21,E1,6,15,0.0,0.0
mas_iterative,1030,default,75,6,6,38.333333333333336,0,2,32.166666666666664,nan,0,32,16,24,E1,6,15,0.0,0.0
hungarian,1030,default,75,6,6,38.333333333333336,0,2,32.166666666666664,nan,0,32,18,58,E1,6,15,0.0,0.0
no_coordination,1031,default,97,6,6,46.666666666666664,4,2,38.421052631578945,27.333333333333332,31,8,0,0,E1,6,15,0.0,0.0
claim,1031,default,77,6,6,40.666666666666664,0,2,34.8421052631579,27.333333333333332,0,32,6,6,E1,6,15,0.0,0.0
mas,1031,default,77,6,6,40.666666666666664,0,2,34.8421052631579,27.333333333333332,0,32,12,18,E1,6,15,0.0,0.0
mas_iterative,1031,default,77,6,6,40.666666666666664,0,2,34.8421052631579,27.333333333333332,0,32,12,18,E1,6,15,0.0,0.0
hungarian,1031,default,77,6,6,40.666666666666664,0,2,34.8421052631579,27.333333333333332,0,32,18,56,E1,6,15,0.0,0.0
no_coordination,1032,default,129,6,6,78.0,5,2,67.0,34.0,107,9,0,0,E1,6,15,0.0,0.0
claim,1032,default,129,6,6,78.0,4,2,67.0,34.0,95,20,10,10,E1,6,15,0.0,0.0
mas,1032,default,90,6,6,50.833333333333336,0,2,43.25,20.5,0,16,14,21,E1,6,15,0.0,0.0
mas_iterative,1032,default,89,6,6,50.333333333333336,0,2,42.75,20.0,0,14,16,24,E1,6,15,0.0,0.0
hungarian,1032,default,89,6,6,50.333333333333336,0,2,42.75,20.0,0,14,18,58,E1,6,15,0.0,0.0
no_coordination,1033,default,107,6,6,56.666666666666664,5,2,46.666666666666664,26.0,70,9,0,0,E1,6,15,0.0,0.0
claim,1033,default,83,6,6,49.333333333333336,1,2,42.4,26.0,27,27,7,7,E1,6,15,0.0,0.0
mas,1033,default,72,6,6,40.166666666666664,0,2,33.733333333333334,20.0,0,24,14,21,E1,6,15,0.0,0.0
mas_iterative,1033,default,71,6,6,39.666666666666664,0,2,33.333333333333336,20.0,0,22,14,21,E1,6,15,0.0,0.0
hungarian,1033,default,71,6,6,39.666666666666664,0,2,33.333333333333336,20.0,0,22,18,56,E1,6,15,0.0,0.0
no_coordination,1034,default,94,6,6,43.666666666666664,3,2,39.375,nan,38,7,0,0,E1,6,15,0.0,0.0
claim,1034,default,68,6,6,37.5,0,2,34.75,nan,0,19,6,6,E1,6,15,0.0,0.0
mas,1034,default,68,6,6,37.5,0,2,34.75,nan,0,19,12,18,E1,6,15,0.0,0.0
mas_iterative,1034,default,68,6,6,37.5,0,2,34.75,nan,0,19,12,18,E1,6,15,0.0,0.0
hungarian,1034,default,68,6,6,37.5,0,2,34.75,nan,0,19,18,56,E1,6,15,0.0,0.0
no_coordination,1035,default,141,6,6,68.0,6,2,55.55555555555556,28.0,141,10,0,0,E1,6,15,0.0,0.0
claim,1035,default,141,6,6,68.0,6,2,55.55555555555556,28.0,141,10,12,12,E1,6,15,0.0,0.0
mas,1035,default,70,6,6,38.166666666666664,0,2,33.55555555555556,27.5,0,16,14,21,E1,6,15,0.0,0.0
mas_iterative,1035,default,69,6,6,37.666666666666664,0,2,33.111111111111114,27.0,0,14,14,21,E1,6,15,0.0,0.0
hungarian,1035,default,69,6,6,37.666666666666664,0,2,33.111111111111114,27.0,0,14,18,56,E1,6,15,0.0,0.0
no_coordination,1036,default,117,6,6,58.666666666666664,5,2,50.31578947368421,31.333333333333332,68,9,0,0,E1,6,15,0.0,0.0
claim,1036,default,91,6,6,49.333333333333336,1,2,44.21052631578947,31.333333333333332,23,35,7,7,E1,6,15,0.0,0.0
mas,1036,default,79,6,6,40.166666666666664,0,2,36.473684210526315,31.666666666666668,0,36,14,21,E1,6,15,0.0,0.0
mas_iterative,1036,default,79,6,6,39.666666666666664,0,2,36.0,31.333333333333332,0,36,14,21,E1,6,15,0.0,0.0
hungarian,1036,default,79,6,6,39.666666666666664,0,2,36.0,31.333333333333332,0,36,18,56,E1,6,15,0.0,0.0
no_coordination,1037,default,73,6,6,41.5,3,2,35.7,nan,54,7,0,0,E1,6,15,0.0,0.0
claim,1037,default,64,6,6,40.0,1,2,34.8,nan,23,18,7,7,E1,6,15,0.0,0.0
mas,1037,default,65,6,6,38.166666666666664,0,2,32.7,nan,0,14,14,21,E1,6,15,0.0,0.0
mas_iterative,1037,default,65,6,6,37.666666666666664,0,2,32.2,nan,0,14,14,21,E1,6,15,0.0,0.0
hungarian,1037,default,65,6,6,37.666666666666664,0,2,32.2,nan,0,14,18,56,E1,6,15,0.0,0.0
no_coordination,1038,default,105,6,6,47.666666666666664,4,2,37.2,20.0,84,8,0,0,E1,6,15,0.0,0.0
claim,1038,default,105,6,6,47.666666666666664,4,2,37.2,20.0,84,8,10,10,E1,6,15,0.0,0.0
mas,1038,default,68,6,6,37.0,0,2,31.733333333333334,20.0,0,14,14,21,E1,6,15,0.0,0.0
mas_iterative,1038,default,67,6,6,36.666666666666664,0,2,31.466666666666665,20.0,0,12,14,21,E1,6,15,0.0,0.0
hungarian,1038,default,67,6,6,36.666666666666664,0,2,31.466666666666665,20.0,0,12,18,58,E1,6,15,0.0,0.0
no_coordination,1039,default,95,6,6,48.666666666666664,4,2,38.30769230769231,nan,74,8,0,0,E1,6,15,0.0,0.0
claim,1039,default,95,6,6,48.666666666666664,4,2,38.30769230769231,nan,74,8,10,10,E1,6,15,0.0,0.0
mas,1039,default,66,6,6,38.333333333333336,0,2,32.38461538461539,nan,0,20,14,21,E1,6,15,0.0,0.0
mas_iterative,1039,default,65,6,6,38.0,0,2,32.15384615384615,nan,0,18,14,21,E1,6,15,0.0,0.0
hungarian,1039,default,65,6,6,38.0,0,2,32.15384615384615,nan,0,18,18,58,E1,6,15,0.0,0.0
no_coordination,1040,default,145,6,6,67.33333333333333,5,2,58.421052631578945,21.0,89,9,0,0,E1,6,15,0.0,0.0
claim,1040,default,85,6,6,49.0,0,2,44.21052631578947,21.0,0,8,6,6,E1,6,15,0.0,0.0
mas,1040,default,85,6,6,49.0,0,2,44.21052631578947,21.0,0,8,12,18,E1,6,15,0.0,0.0
mas_iterative,1040,default,85,6,6,49.0,0,2,44.21052631578947,21.0,0,8,12,18,E1,6,15,0.0,0.0
hungarian,1040,default,85,6,6,49.0,0,2,44.21052631578947,21.0,0,8,18,56,E1,6,15,0.0,0.0
no_coordination,1041,default,83,6,6,44.333333333333336,4,2,39.904761904761905,30.5,62,8,0,0,E1,6,15,0.0,0.0
claim,1041,default,83,6,6,44.333333333333336,4,2,39.904761904761905,30.5,62,8,10,10,E1,6,15,0.0,0.0
mas,1041,default,60,6,6,35.666666666666664,0,2,33.04761904761905,27.75,0,20,14,21,E1,6,15,0.0,0.0
mas_iterative,1041,default,59,6,6,35.333333333333336,0,2,32.76190476190476,27.5,0,18,14,21,E1,6,15,0.0,0.0
hungarian,1041,default,59,6,6,35.333333333333336,0,2,32.76190476190476,27.5,0,18,18,58,E1,6,15,0.0,0.0
no_coordination,1042,default,111,6,6,51.166666666666664,4,2,40.083333333333336,nan,54,8,0,0,E1,6,15,0.0,0.0
claim,1042,default,80,6,6,40.833333333333336,0,2,34.166666666666664,nan,0,31,6,6,E1,6,15,0.0,0.0
mas,1042,default,80,6,6,40.833333333333336,0,2,34.166666666666664,nan,0,31,12,18,E1,6,15,0.0,0.0
mas_iterative,1042,default,80,6,6,40.833333333333336,0,2,34.166666666666664,nan,0,31,12,18,E1,6,15,0.0,0.0
hungarian,1042,default,80,6,6,40.833333333333336,0,2,34.166666666666664,nan,0,31,18,56,E1,6,15,0.0,0.0
no_coordination,1043,default,80,6,6,50.333333333333336,3,2,44.111111111111114,nan,39,7,0,0,E1,6,15,0.0,0.0
claim,1043,default,77,6,6,47.333333333333336,1,2,42.111111111111114,nan,23,12,7,7,E1,6,15,0.0,0.0
mas,1043,default,66,6,6,39.166666666666664,0,2,34.55555555555556,nan,0,8,14,21,E1,6,15,0.0,0.0
mas_iterative,1043,default,65,6,6,38.666666666666664,0,2,34.0,nan,0,6,16,24,E1,6,15,0.0,0.0
hungarian,1043,default,65,6,6,38.666666666666664,0,2,34.0,nan,0,6,18,58,E1,6,15,0.0,0.0
no_coordination,1044,default,77,6,6,44.166666666666664,3,2,41.3125,nan,56,8,0,0,E1,6,15,0.0,0.0
claim,1044,default,61,6,6,41.333333333333336,1,2,39.1875,nan,21,8,7,7,E1,6,15,0.0,0.0
mas,1044,default,58,6,6,35.5,0,2,33.625,nan,0,18,14,21,E1,6,15,0.0,0.0
mas_iterative,1044,default,57,6,6,35.0,0,2,33.125,nan,0,16,14,21,E1,6,15,0.0,0.0
hungarian,1044,default,57,6,6,35.0,0,2,33.125,nan,0,16,18,56,E1,6,15,0.0,0.0
no_coordination,1045,default,79,6,6,56.666666666666664,4,2,50.875,36.0,59,8,0,0,E1,6,15,0.0,0.0
claim,1045,default,79,6,6,56.666666666666664,3,2,50.875,36.0,59,17,9,9,E1,6,15,0.0,0.0
mas,1045,default,60,6,6,31.666666666666668,0,2,29.625,26.0,0,32,14,21,E1,6,15,0.0,0.0
mas_iterative,1045,default,59,6,6,31.0,0,2,29.125,26.0,0,30,16,24,E1,6,15,0.0,0.0
hungarian,1045,default,59,6,6,31.0,0,2,29.125,26.0,0,30,18,58,E1,6,15,0.0,0.0
no_coordination,1046,default,93,6,6,63.333333333333336,5,2,57.0,33.5,80,9,0,0,E1,6,15,0.0,0.0
claim,1046,default,93,6,6,63.333333333333336,4,2,57.0,33.5,80,11,10,10,E1,6,15,0.0,0.0
mas,1046,default,55,6,6,32.5,0,2,30.166666666666668,23.0,0,19,14,21,E1,6,15,0.0,0.0
mas_iterative,1046,default,54,6,6,31.833333333333332,0,2,29.555555555555557,22.5,0,17,14,21,E1,6,15,0.0,0.0
hungarian,1046,default,54,6,6,31.833333333333332,0,2,29.555555555555557,22.5,0,17,18,56,E1,6,15,0.0,0.0
no_coordination,1047,default,103,6,6,59.333333333333336,3,2,46.0,20.0,56,7,0,0,E1,6,15,0.0,0.0
claim,1047,default,103,6,6,59.333333333333336,2,2,46.0,20.0,56,10,8,8,E1,6,15,0.0,0.0
mas,1047,default,90,6,6,48.0,0,2,38.75,20.0,0,32,14,21,E1,6,15,0.0,0.0
mas_iterative,1047,default,89,6,6,47.666666666666664,0,2,38.5,20.0,0,30,14,21,E1,6,15,0.0,0.0
hungarian,1047,default,89,6,6,47.666666666666664,0,2,38.5,20.0,0,30,18,58,E1,6,15,0.0,0.0
no_coordination,1048,default,85,6,6,47.666666666666664,4,2,42.11764705882353,21.0,40,8,0,0,E1,6,15,0.0,0.0
claim,1048,default,65,6,6,37.333333333333336,0,2,34.470588235294116,21.0,0,14,6,6,E1,6,15,0.0,0.0
mas,1048,default,65,6,6,37.333333333333336,0,2,34.470588235294116,21.0,0,14,12,18,E1,6,15,0.0,0.0
mas_iterative,1048,default,65,6,6,37.333333333333336,0,2,34.470588235294116,21.0,0,14,12,18,E1,6,15,0.0,0.0
hungarian,1048,default,65,6,6,37.333333333333336,0,2,34.470588235294116,21.0,0,14,18,56,E1,6,15,0.0,0.0
no_coordination,1049,default,73,6,6,43.0,3,2,38.93333333333333,nan,30,7,0,0,E1,6,15,0.0,0.0
claim,1049,default,73,6,6,43.0,2,2,38.93333333333333,nan,28,8,8,8,E1,6,15,0.0,0.0
mas,1049,default,74,6,6,39.0,0,2,35.733333333333334,nan,0,26,14,21,E1,6,15,0.0,0.0
mas_iterative,1049,default,73,6,6,38.666666666666664,0,2,35.46666666666667,nan,0,24,14,21,E1,6,15,0.0,0.0
hungarian,1049,default,73,6,6,38.666666666666664,0,2,35.46666666666667,nan,0,24,18,58,E1,6,15,0.0,0.0
no_coordination,1050,default,105,6,6,56.166666666666664,4,2,47.0,24.0,37,8,0,0,E1,6,15,0.0,0.0
claim,1050,default,79,6,6,48.333333333333336,0,2,39.86666666666667,24.0,0,10,6,6,E1,6,15,0.0,0.0
mas,1050,default,79,6,6,48.333333333333336,0,2,39.86666666666667,24.0,0,10,12,18,E1,6,15,0.0,0.0
mas_iterative,1050,default,79,6,6,48.333333333333336,0,2,39.86666666666667,24.0,0,10,12,18,E1,6,15,0.0,0.0
hungarian,1050,default,79,6,6,48.333333333333336,0,2,39.86666666666667,24.0,0,10,18,56,E1,6,15,0.0,0.0
no_coordination,1051,default,99,6,6,46.666666666666664,4,2,43.86666666666667,nan,78,8,0,0,E1,6,15,0.0,0.0
claim,1051,default,99,6,6,46.666666666666664,4,2,43.86666666666667,nan,78,8,10,10,E1,6,15,0.0,0.0
mas,1051,default,70,6,6,37.666666666666664,0,2,35.93333333333333,nan,0,24,14,21,E1,6,15,0.0,0.0
mas_iterative,1051,default,69,6,6,37.333333333333336,0,2,35.6,nan,0,22,14,21,E1,6,15,0.0,0.0
hungarian,1051,default,69,6,6,37.333333333333336,0,2,35.6,nan,0,22,18,58,E1,6,15,0.0,0.0
no_coordination,1052,default,87,6,6,46.666666666666664,3,2,42.53333333333333,nan,42,7,0,0,E1,6,15,0.0,0.0
claim,1052,default,83,6,6,46.0,1,2,42.0,nan,12,27,7,7,E1,6,15,0.0,0.0
mas,1052,default,78,6,6,44.0,0,2,40.4,nan,0,22,14,21,E1,6,15,0.0,0.0
mas_iterative,1052,default,77,6,6,43.666666666666664,0,2,40.13333333333333,nan,0,20,14,21,E1,6,15,0.0,0.0
hungarian,1052,default,77,6,6,43.666666666666664,0,2,40.13333333333333,nan,0,20,18,58,E1,6,15,0.0,0.0
no_coordination,1053,default,95,6,6,56.333333333333336,3,2,44.833333333333336,nan,54,7,0,0,E1,6,15,0.0,0.0
claim,1053,default,95,6,6,56.333333333333336,2,2,44.833333333333336,nan,54,16,8,8,E1,6,15,0.0,0.0
mas,1053,default,72,6,6,43.666666666666664,0,2,36.416666666666664,nan,0,20,14,21,E1,6,15,0.0,0.0
mas_iterative,1053,default,71,6,6,43.333333333333336,0,2,36.166666666666664,nan,0,18,14,21,E1,6,15,0.0,0.0
hungarian,1053,default,71,6,6,43.333333333333336,0,2,36.166666666666664,nan,0,18,18,58,E1,6,15,0.0,0.0
no_coordination,1054,default,84,6,6,55.666666666666664,4,2,50.64705882352941,22.0,50,8,0,0,E1,6,15,0.0,0.0
claim,1054,default,83,6,6,51.0,1,2,47.05882352941177,22.0,23,26,7,7,E1,6,15,0.0,0.0
mas,1054,default,69,6,6,42.5,0,2,38.94117647058823,22.0,0,16,14,21,E1,6,15,0.0,0.0
mas_iterative,1054,default,69,6,6,42.0,0,2,38.470588235294116,22.0,0,16,14,21,E1,6,15,0.0,0.0
hungarian,1054,default,69,6,6,42.0,0,2,38.470588235294116,22.0,0,16,18,56,E1,6,15,0.0,0.0
no_coordination,1055,default,95,6,6,53.333333333333336,4,2,49.333333333333336,22.0,81,8,0,0,E1,6,15,0.0,0.0
claim,1055,default,95,6,6,53.333333333333336,4,2,49.333333333333336,22.0,81,8,10,10,E1,6,15,0.0,0.0
mas,1055,default,61,6,6,39.833333333333336,0,2,37.888888888888886,22.0,0,8,14,21,E1,6,15,0.0,0.0
mas_iterative,1055,default,61,6,6,39.333333333333336,0,2,37.44444444444444,22.0,0,8,16,24,E1,6,15,0.0,0.0
hungarian,1055,default,57,6,6,37.666666666666664,0,2,35.77777777777778,22.0,0,6,18,56,E1,6,15,0.0,0.0
no_coordination,1056,default,123,6,6,75.0,4,2,60.46153846153846,24.0,93,8,0,0,E1,6,15,0.0,0.0
claim,1056,default,113,6,6,73.33333333333333,2,2,59.69230769230769,24.0,53,26,8,8,E1,6,15,0.0,0.0
mas,1056,default,79,6,6,45.833333333333336,0,2,38.38461538461539,20.0,0,22,14,21,E1,6,15,0.0,0.0
mas_iterative,1056,default,79,6,6,45.333333333333336,0,2,38.0,20.0,0,22,16,24,E1,6,15,0.0,0.0
hungarian,1056,default,77,6,6,46.666666666666664,0,2,39.53846153846154,24.0,0,4,18,56,E1,6,15,0.0,0.0
no_coordination,1057,default,109,6,6,49.0,4,2,38.57142857142857,20.0,88,8,0,0,E1,6,15,0.0,0.0
claim,1057,default,109,6,6,49.0,4,2,38.57142857142857,20.0,88,8,10,10,E1,6,15,0.0,0.0
mas,1057,default,72,6,6,39.0,0,2,32.642857142857146,20.0,0,18,14,21,E1,6,15,0.0,0.0
mas_iterative,1057,default,71,6,6,38.666666666666664,0,2,32.42857142857143,20.0,0,16,14,21,E1,6,15,0.0,0.0
hungarian,1057,default,71,6,6,38.666666666666664,0,2,32.42857142857143,20.0,0,16,18,58,E1,6,15,0.0,0.0
no_coordination,1058,default,88,6,6,55.166666666666664,5,2,47.0,nan,69,9,0,0,E1,6,15,0.0,0.0
claim,1058,default,88,6,6,55.166666666666664,4,2,47.0,nan,69,13,10,10,E1,6,15,0.0,0.0
mas,1058,default,63,6,6,35.333333333333336,0,2,31.272727272727273,nan,0,20,14,21,E1,6,15,0.0,0.0
mas_iterative,1058,default,63,6,6,35.0,0,2,30.90909090909091,nan,0,20,16,24,E1,6,15,0.0,0.0
hungarian,1058,default,63,6,6,34.333333333333336,0,2,30.545454545454547,nan,0,28,20,61,E1,6,15,0.0,0.0
no_coordination,1059,default,86,6,6,50.333333333333336,3,2,41.11764705882353,30.0,56,7,0,0,E1,6,15,0.0,0.0
claim,1059,default,65,6,6,41.0,0,2,35.88235294117647,30.0,0,6,6,6,E1,6,15,0.0,0.0
mas,1059,default,65,6,6,41.0,0,2,35.88235294117647,30.0,0,6,12,18,E1,6,15,0.0,0.0
mas_iterative,1059,default,65,6,6,41.0,0,2,35.88235294117647,30.0,0,6,12,18,E1,6,15,0.0,0.0
hungarian,1059,default,65,6,6,41.0,0,2,35.88235294117647,30.0,0,6,18,56,E1,6,15,0.0,0.0
no_coordination,1060,default,79,6,6,40.333333333333336,4,2,36.35294117647059,20.0,58,8,0,0,E1,6,15,0.0,0.0
claim,1060,default,79,6,6,40.333333333333336,4,2,36.35294117647059,20.0,58,8,10,10,E1,6,15,0.0,0.0
mas,1060,default,61,6,6,33.166666666666664,0,2,30.88235294117647,20.0,0,26,14,21,E1,6,15,0.0,0.0
mas_iterative,1060,default,61,6,6,33.0,0,2,30.705882352941178,20.0,0,26,14,21,E1,6,15,0.0,0.0
hungarian,1060,default,61,6,6,33.0,0,2,30.705882352941178,20.0,0,26,18,58,E1,6,15,0.0,0.0
no_coordination,1061,default,115,6,6,70.83333333333333,4,2,54.357142857142854,20.0,74,8,0,0,E1,6,15,0.0,0.0
claim,1061,default,101,6,6,61.333333333333336,1,2,49.285714285714285,20.0,21,25,7,7,E1,6,15,0.0,0.0
mas,1061,default,84,6,6,52.833333333333336,0,2,42.0,20.0,0,8,14,21,E1,6,15,0.0,0.0
mas_iterative,1061,default,83,6,6,52.333333333333336,0,2,41.57142857142857,20.0,0,6,14,21,E1,6,15,0.0,0.0
hungarian,1061,default,83,6,6,52.333333333333336,0,2,41.57142857142857,20.0,0,6,18,56,E1,6,15,0.0,0.0
no_coordination,1062,default,105,6,6,67.33333333333333,5,2,55.5,30.0,74,9,0,0,E1,6,15,0.0,0.0
claim,1062,default,97,6,6,66.0,3,2,55.0,30.0,65,11,9,9,E1,6,15,0.0,0.0
mas,1062,default,65,6,6,38.5,0,2,33.375,26.0,0,16,14,21,E1,6,15,0.0,0.0
mas_iterative,1062,default,65,6,6,38.0,0,2,33.0,26.0,0,16,16,24,E1,6,15,0.0,0.0
hungarian,1062,default,65,6,6,38.0,0,2,33.0,26.0,0,16,18,58,E1,6,15,0.0,0.0
no_coordination,1063,default,129,6,6,87.0,4,2,77.88235294117646,48.0,111,8,0,0,E1,6,15,0.0,0.0
claim,1063,default,129,6,6,87.0,3,2,77.88235294117646,48.0,89,29,9,9,E1,6,15,0.0,0.0
mas,1063,default,76,6,6,44.833333333333336,0,2,41.0,34.5,0,16,14,21,E1,6,15,0.0,0.0
mas_iterative,1063,default,75,6,6,44.333333333333336,0,2,40.470588235294116,34.0,0,14,14,21,E1,6,15,0.0,0.0
hungarian,1063,default,75,6,6,44.333333333333336,0,2,40.470588235294116,34.0,0,14,18,56,E1,6,15,0.0,0.0
no_coordination,1064,default,97,6,6,56.166666666666664,4,2,47.4,32.0,82,8,0,0,E1,6,15,0.0,0.0
claim,1064,default,81,6,6,52.333333333333336,1,2,45.86666666666667,32.0,33,22,7,7,E1,6,15,0.0,0.0
mas,1064,default,69,6,6,37.0,0,2,31.066666666666666,20.0,0,28,14,21,E1,6,15,0.0,0.0
mas_iterative,1064,default,69,6,6,36.666666666666664,0,2,30.666666666666668,20.0,0,28,16,24,E1,6,15,0.0,0.0
hungarian,1064,default,69,6,6,36.666666666666664,0,2,30.666666666666668,20.0,0,28,18,58,E1,6,15,0.0,0.0
no_coordination,1065,default,119,6,6,59.0,4,2,48.93333333333333,nan,71,8,0,0,E1,6,15,0.0,0.0
claim,1065,default,75,6,6,44.666666666666664,0,2,39.333333333333336,nan,0,12,6,6,E1,6,15,0.0,0.0
mas,1065,default,75,6,6,44.666666666666664,0,2,39.333333333333336,nan,0,12,12,18,E1,6,15,0.0,0.0
mas_iterative,1065,default,75,6,6,44.666666666666664,0,2,39.333333333333336,nan,0,12,12,18,E1,6,15,0.0,0.0
hungarian,1065,default,75,6,6,44.666666666666664,0,2,39.333333333333336,nan,0,12,18,56,E1,6,15,0.0,0.0
no_coordination,1066,default,89,6,6,48.166666666666664,4,2,39.42857142857143,20.0,43,8,0,0,E1,6,15,0.0,0.0
claim,1066,default,75,6,6,44.666666666666664,1,2,37.92857142857143,20.0,21,26,7,7,E1,6,15,0.0,0.0
mas,1066,default,65,6,6,33.833333333333336,0,2,28.642857142857142,20.0,0,31,14,21,E1,6,15,0.0,0.0
mas_iterative,1066,default,65,6,6,33.333333333333336,0,2,28.214285714285715,20.0,0,31,16,24,E1,6,15,0.0,0.0
hungarian,1066,default,65,6,6,33.333333333333336,0,2,28.214285714285715,20.0,0,31,18,58,E1,6,15,0.0,0.0
no_coordination,1067,default,120,6,6,67.83333333333333,3,2,50.875,20.5,69,8,0,0,E1,6,15,0.0,0.0
claim,1067,default,92,6,6,51.5,0,2,40.625,20.5,0,27,6,6,E1,6,15,0.0,0.0
mas,1067,default,92,6,6,51.5,0,2,40.625,20.5,0,27,12,18,E1,6,15,0.0,0.0
mas_iterative,1067,default,92,6,6,51.5,0,2,40.625,20.5,0,27,12,18,E1,6,15,0.0,0.0
hungarian,1067,default,92,6,6,51.5,0,2,40.625,20.5,0,27,18,56,E1,6,15,0.0,0.0
no_coordination,1068,default,74,6,6,39.333333333333336,3,2,34.44444444444444,nan,28,7,0,0,E1,6,15,0.0,0.0
claim,1068,default,61,6,6,37.166666666666664,1,2,33.0,nan,14,14,7,7,E1,6,15,0.0,0.0
mas,1068,default,57,6,6,33.666666666666664,0,2,30.666666666666668,nan,0,14,14,21,E1,6,15,0.0,0.0
mas_iterative,1068,default,57,6,6,33.333333333333336,0,2,30.444444444444443,nan,0,14,14,21,E1,6,15,0.0,0.0
hungarian,1068,default,57,6,6,33.333333333333336,0,2,30.444444444444443,nan,0,14,18,58,E1,6,15,0.0,0.0
no_coordination,1069,default,94,6,6,51.833333333333336,4,2,49.0625,nan,79,8,0,0,E1,6,15,0.0,0.0
claim,1069,default,87,6,6,49.5,1,2,47.3125,nan,31,39,7,7,E1,6,15,0.0,0.0
mas,1069,default,75,6,6,36.833333333333336,0,2,35.3125,nan,0,33,14,21,E1,6,15,0.0,0.0
mas_iterative,1069,default,75,6,6,36.333333333333336,0,2,34.8125,nan,0,33,16,24,E1,6,15,0.0,0.0
hungarian,1069,default,75,6,6,36.333333333333336,0,2,34.8125,nan,0,33,18,58,E1,6,15,0.0,0.0
no_coordination,1070,default,93,6,6,57.0,5,2,53.22222222222222,24.0,77,9,0,0,E1,6,15,0.0,0.0
claim,1070,default,71,6,6,49.666666666666664,1,2,47.111111111111114,24.0,25,13,7,7,E1,6,15,0.0,0.0
mas,1070,default,59,6,6,39.166666666666664,0,2,37.333333333333336,20.0,0,10,14,21,E1,6,15,0.0,0.0
mas_iterative,1070,default,59,6,6,38.666666666666664,0,2,36.888888888888886,20.0,0,10,14,21,E1,6,15,0.0,0.0
hungarian,1070,default,59,6,6,38.666666666666664,0,2,36.888888888888886,20.0,0,10,18,56,E1,6,15,0.0,0.0
no_coordination,1071,default,161,6,6,78.0,6,2,59.46666666666667,29.0,161,10,0,0,E1,6,15,0.0,0.0
claim,1071,default,161,6,6,78.0,6,2,59.46666666666667,29.0,161,10,12,12,E1,6,15,0.0,0.0
mas,1071,default,79,6,6,42.666666666666664,0,2,36.666666666666664,29.0,0,19,14,21,E1,6,15,0.0,0.0
mas_iterative,1071,default,79,6,6,42.166666666666664,0,2,36.266666666666666,29.0,0,19,14,21,E1,6,15,0.0,0.0
hungarian,1071,default,79,6,6,42.166666666666664,0,2,36.266666666666666,29.0,0,19,18,56,E1,6,15,0.0,0.0
no_coordination,1072,default,98,6,6,64.5,3,2,51.083333333333336,20.0,65,8,0,0,E1,6,15,0.0,0.0
claim,1072,default,111,6,6,64.33333333333333,2,2,51.0,20.0,49,34,8,8,E1,6,15,0.0,0.0
mas,1072,default,92,6,6,44.166666666666664,0,2,34.833333333333336,20.0,0,42,14,21,E1,6,15,0.0,0.0
mas_iterative,1072,default,91,6,6,43.666666666666664,0,2,34.333333333333336,20.0,0,40,16,24,E1,6,15,0.0,0.0
hungarian,1072,default,91,6,6,43.666666666666664,0,2,34.333333333333336,20.0,0,40,18,58,E1,6,15,0.0,0.0
no_coordination,1073,default,74,6,6,43.5,3,2,38.142857142857146,20.0,29,7,0,0,E1,6,15,0.0,0.0
claim,1073,default,81,6,6,43.333333333333336,1,2,38.57142857142857,20.0,21,37,7,7,E1,6,15,0.0,0.0
mas,1073,default,71,6,6,36.0,0,2,33.0,20.0,0,36,14,21,E1,6,15,0.0,0.0
mas_iterative,1073,default,71,6,6,35.666666666666664,0,2,32.714285714285715,20.0,0,36,18,27,E1,6,15,0.0,0.0
hungarian,1073,default,71,6,6,35.666666666666664,0,2,32.714285714285715,20.0,0,36,20,61,E1,6,15,0.0,0.0
no_coordination,1074,default,87,6,6,49.5,3,2,42.470588235294116,21.0,45,7,0,0,E1,6,15,0.0,0.0
claim,1074,default,75,6,6,43.333333333333336,0,2,38.0,21.0,0,14,6,6,E1,6,15,0.0,0.0
mas,1074,default,75,6,6,43.333333333333336,0,2,38.0,21.0,0,14,12,18,E1,6,15,0.0,0.0
mas_iterative,1074,default,75,6,6,43.333333333333336,0,2,38.0,21.0,0,14,12,18,E1,6,15,0.0,0.0
hungarian,1074,default,75,6,6,43.333333333333336,0,2,38.0,21.0,0,14,18,56,E1,6,15,0.0,0.0
no_coordination,1075,default,66,6,6,42.166666666666664,3,2,34.84615384615385,22.0,35,7,0,0,E1,6,15,0.0,0.0
claim,1075,default,62,6,6,39.666666666666664,1,2,33.69230769230769,22.0,23,12,7,7,E1,6,15,0.0,0.0
mas,1075,default,51,6,6,32.5,0,2,27.46153846153846,22.0,0,8,14,21,E1,6,15,0.0,0.0
mas_iterative,1075,default,51,6,6,32.0,0,2,26.923076923076923,22.0,0,8,14,21,E1,6,15,0.0,0.0
hungarian,1075,default,51,6,6,32.0,0,2,26.923076923076923,22.0,0,8,18,56,E1,6,15,0.0,0.0
no_coordination,1076,default,117,6,6,66.83333333333333,4,2,55.4375,40.0,102,9,0,0,E1,6,15,0.0,0.0
claim,1076,default,97,6,6,63.333333333333336,2,2,54.125,40.0,47,21,8,8,E1,6,15,0.0,0.0
mas,1076,default,79,6,6,43.166666666666664,0,2,34.375,21.5,0,26,14,21,E1,6,15,0.0,0.0
mas_iterative,1076,default,79,6,6,42.666666666666664,0,2,33.875,21.0,0,26,14,21,E1,6,15,0.0,0.0
hungarian,1076,default,79,6,6,42.666666666666664,0,2,33.875,21.0,0,26,18,56,E1,6,15,0.0,0.0
no_coordination,1077,default,69,6,6,35.0,4,2,30.4,nan,48,8,0,0,E1,6,15,0.0,0.0
claim,1077,default,69,6,6,35.0,4,2,30.4,nan,48,8,10,10,E1,6,15,0.0,0.0
mas,1077,default,48,6,6,30.0,0,2,27.1,nan,0,10,14,21,E1,6,15,0.0,0.0
mas_iterative,1077,default,47,6,6,29.666666666666668,0,2,26.8,nan,0,8,14,21,E1,6,15,0.0,0.0
hungarian,1077,default,47,6,6,29.666666666666668,0,2,26.8,nan,0,8,18,58,E1,6,15,0.0,0.0
no_coordination,1078,default,80,6,6,42.5,3,2,36.10526315789474,26.333333333333332,31,7,0,0,E1,6,15,0.0,0.0
claim,1078,default,63,6,6,36.166666666666664,0,2,31.894736842105264,26.333333333333332,0,15,6,6,E1,6,15,0.0,0.0
mas,1078,default,63,6,6,36.166666666666664,0,2,31.894736842105264,26.333333333333332,0,15,12,18,E1,6,15,0.0,0.0
mas_iterative,1078,default,63,6,6,36.166666666666664,0,2,31.894736842105264,26.333333333333332,0,15,12,18,E1,6,15,0.0,0.0
hungarian,1078,default,63,6,6,36.166666666666664,0,2,31.894736842105264,26.333333333333332,0,15,18,56,E1,6,15,0.0,0.0
no_coordination,1079,default,92,6,6,57.0,3,2,43.57142857142857,21.0,71,7,0,0,E1,6,15,0.0,0.0
claim,1079,default,88,6,6,48.333333333333336,1,2,38.714285714285715,21.0,22,33,7,7,E1,6,15,0.0,0.0
mas,1079,default,75,6,6,41.0,0,2,33.285714285714285,21.0,0,23,16,24,E1,6,15,0.0,0.0
mas_iterative,1079,default,74,6,6,40.333333333333336,0,2,32.785714285714285,21.0,0,21,14,21,E1,6,15,0.0,0.0
hungarian,1079,default,74,6,6,40.333333333333336,0,2,32.785714285714285,21.0,0,21,18,56,E1,6,15,0.0,0.0
no_coordination,1080,default,97,6,6,54.0,5,2,48.22222222222222,25.0,64,9,0,0,E1,6,15,0.0,0.0
claim,1080,default,81,6,6,51.333333333333336,3,2,46.44444444444444,25.0,47,13,9,9,E1,6,15,0.0,0.0
mas,1080,default,71,6,6,41.166666666666664,0,2,38.333333333333336,22.5,0,16,14,21,E1,6,15,0.0,0.0
mas_iterative,1080,default,71,6,6,40.666666666666664,0,2,37.888888888888886,22.0,0,16,16,24,E1,6,15,0.0,0.0
hungarian,1080,default,63,6,6,36.333333333333336,0,2,33.55555555555556,27.0,0,24,18,56,E1,6,15,0.0,0.0
no_coordination,1081,default,69,6,6,40.0,4,2,33.46666666666667,24.0,43,8,0,0,E1,6,15,0.0,0.0
claim,1081,default,47,6,6,32.666666666666664,0,2,29.2,24.0,0,6,6,6,E1,6,15,0.0,0.0
mas,1081,default,47,6,6,32.666666666666664,0,2,29.2,24.0,0,6,12,18,E1,6,15,0.0,0.0
mas_iterative,1081,default,47,6,6,32.666666666666664,0,2,29.2,24.0,0,6,12,18,E1,6,15,0.0,0.0
hungarian,1081,default,47,6,6,32.666666666666664,0,2,29.2,24.0,0,6,18,56,E1,6,15,0.0,0.0
no_coordination,1083,default,139,6,6,71.5,5,2,60.76923076923077,nan,122,9,0,0,E1,6,15,0.0,0.0
claim,1083,default,92,6,6,58.166666666666664,1,2,52.07692307692308,nan,23,10,7,7,E1,6,15,0.0,0.0
mas,1083,default,83,6,6,49.5,0,2,42.76923076923077,nan,0,8,14,21,E1,6,15,0.0,0.0
mas_iterative,1083,default,83,6,6,49.0,0,2,42.30769230769231,nan,0,8,16,24,E1,6,15,0.0,0.0
hungarian,1083,default,83,6,6,49.0,0,2,42.30769230769231,nan,0,8,18,58,E1,6,15,0.0,0.0
no_coordination,1084,default,83,6,6,46.0,4,2,39.86666666666667,nan,62,8,0,0,E1,6,15,0.0,0.0
claim,1084,default,83,6,6,46.0,4,2,39.86666666666667,nan,62,8,10,10,E1,6,15,0.0,0.0
mas,1084,default,54,6,6,36.0,0,2,32.8,nan,0,8,14,21,E1,6,15,0.0,0.0
mas_iterative,1084,default,53,6,6,35.666666666666664,0,2,32.53333333333333,nan,0,6,16,24,E1,6,15,0.0,0.0
hungarian,1084,default,53,6,6,35.666666666666664,0,2,32.53333333333333,nan,0,6,18,60,E1,6,15,0.0,0.0
no_coordination,1085,default,111,6,6,58.333333333333336,4,2,51.733333333333334,20.0,91,8,0,0,E1,6,15,0.0,0.0
claim,1085,default,89,6,6,54.666666666666664,2,2,48.8,20.0,37,16,8,8,E1,6,15,0.0,0.0
mas,1085,default,82,6,6,44.5,0,2,39.666666666666664,20.0,0,24,14,21,E1,6,15,0.0,0.0
mas_iterative,1085,default,81,6,6,44.0,0,2,39.2,20.0,0,22,16,24,E1,6,15,0.0,0.0
hungarian,1085,default,81,6,6,44.0,0,2,39.2,20.0,0,22,18,58,E1,6,15,0.0,0.0
no_coordination,1086,default,103,6,6,53.333333333333336,4,2,46.5,nan,82,8,0,0,E1,6,15,0.0,0.0
claim,1086,default,103,6,6,53.333333333333336,4,2,46.5,nan,82,8,10,10,E1,6,15,0.0,0.0
mas,1086,default,63,6,6,40.333333333333336,0,2,36.916666666666664,nan,0,6,14,21,E1,6,15,0.0,0.0
mas_iterative,1086,default,63,6,6,40.0,0,2,36.666666666666664,nan,0,6,14,21,E1,6,15,0.0,0.0
hungarian,1086,default,63,6,6,40.0,0,2,36.666666666666664,nan,0,6,18,58,E1,6,15,0.0,0.0
no_coordination,1087,default,103,6,6,53.5,5,2,43.0,24.0,81,9,0,0,E1,6,15,0.0,0.0
claim,1087,default,69,6,6,41.166666666666664,0,2,35.2,24.0,0,17,6,6,E1,6,15,0.0,0.0
mas,1087,default,69,6,6,41.166666666666664,0,2,35.2,24.0,0,17,12,18,E1,6,15,0.0,0.0
mas_iterative,1087,default,69,6,6,41.166666666666664,0,2,35.2,24.0,0,17,12,18,E1,6,15,0.0,0.0
hungarian,1087,default,69,6,6,41.166666666666664,0,2,35.2,24.0,0,17,18,56,E1,6,15,0.0,0.0
no_coordination,1088,default,107,6,6,54.0,5,2,47.77777777777778,22.0,86,9,0,0,E1,6,15,0.0,0.0
claim,1088,default,69,6,6,40.0,0,2,37.333333333333336,22.0,0,14,6,6,E1,6,15,0.0,0.0
mas,1088,default,69,6,6,40.0,0,2,37.333333333333336,22.0,0,14,12,18,E1,6,15,0.0,0.0
mas_iterative,1088,default,69,6,6,40.0,0,2,37.333333333333336,22.0,0,14,12,18,E1,6,15,0.0,0.0
hungarian,1088,default,69,6,6,40.0,0,2,37.333333333333336,22.0,0,14,18,56,E1,6,15,0.0,0.0
no_coordination,1090,default,99,6,6,44.666666666666664,4,2,40.53333333333333,nan,76,8,0,0,E1,6,15,0.0,0.0
claim,1090,default,67,6,6,36.666666666666664,0,2,34.13333333333333,nan,0,16,6,6,E1,6,15,0.0,0.0
mas,1090,default,67,6,6,36.666666666666664,0,2,34.13333333333333,nan,0,16,12,18,E1,6,15,0.0,0.0
mas_iterative,1090,default,67,6,6,36.666666666666664,0,2,34.13333333333333,nan,0,16,12,18,E1,6,15,0.0,0.0
hungarian,1090,default,67,6,6,36.666666666666664,0,2,34.13333333333333,nan,0,16,18,56,E1,6,15,0.0,0.0
no_coordination,1091,default,97,6,6,56.333333333333336,3,2,44.75,20.0,39,7,0,0,E1,6,15,0.0,0.0
claim,1091,default,95,6,6,56.0,1,2,44.625,20.0,36,25,7,7,E1,6,15,0.0,0.0
mas,1091,default,79,6,6,45.0,0,2,37.375,20.0,0,24,14,21,E1,6,15,0.0,0.0
mas_iterative,1091,default,79,6,6,44.666666666666664,0,2,37.125,20.0,0,24,14,21,E1,6,15,0.0,0.0
hungarian,1091,default,79,6,6,44.666666666666664,0,2,37.125,20.0,0,24,18,58,E1,6,15,0.0,0.0
no_coordination,1092,default,103,6,6,49.0,4,2,38.0,nan,82,8,0,0,E1,6,15,0.0,0.0
claim,1092,default,103,6,6,49.0,4,2,38.0,nan,82,8,10,10,E1,6,15,0.0,0.0
mas,1092,default,77,6,6,39.166666666666664,0,2,32.5,nan,0,34,14,21,E1,6,15,0.0,0.0
mas_iterative,1092,default,77,6,6,39.0,0,2,32.333333333333336,nan,0,34,14,21,E1,6,15,0.0,0.0
hungarian,1092,default,77,6,6,39.0,0,2,32.333333333333336,nan,0,34,18,58,E1,6,15,0.0,0.0
no_coordination,1093,default,87,6,6,48.333333333333336,4,2,38.875,23.0,43,8,0,0,E1,6,15,0.0,0.0
claim,1093,default,75,6,6,43.0,0,2,35.25,23.0,0,20,6,6,E1,6,15,0.0,0.0
mas,1093,default,75,6,6,43.0,0,2,35.25,23.0,0,20,12,18,E1,6,15,0.0,0.0
mas_iterative,1093,default,75,6,6,43.0,0,2,35.25,23.0,0,20,12,18,E1,6,15,0.0,0.0
hungarian,1093,default,75,6,6,43.0,0,2,35.25,23.0,0,20,18,56,E1,6,15,0.0,0.0
no_coordination,1094,default,79,6,6,42.0,5,2,34.35294117647059,21.0,39,9,0,0,E1,6,15,0.0,0.0
claim,1094,default,59,6,6,34.0,0,2,29.41176470588235,21.0,0,22,6,6,E1,6,15,0.0,0.0
mas,1094,default,59,6,6,34.0,0,2,29.41176470588235,21.0,0,22,12,18,E1,6,15,0.0,0.0
mas_iterative,1094,default,59,6,6,34.0,0,2,29.41176470588235,21.0,0,22,12,18,E1,6,15,0.0,0.0
hungarian,1094,default,59,6,6,34.0,0,2,29.41176470588235,21.0,0,22,18,56,E1,6,15,0.0,0.0
no_coordination,1095,default,91,6,6,46.333333333333336,5,2,38.0,nan,70,9,0,0,E1,6,15,0.0,0.0
claim,1095,default,71,6,6,37.0,0,2,31.846153846153847,nan,0,34,6,6,E1,6,15,0.0,0.0
mas,1095,default,71,6,6,37.0,0,2,31.846153846153847,nan,0,34,12,18,E1,6,15,0.0,0.0
mas_iterative,1095,default,71,6,6,37.0,0,2,31.846153846153847,nan,0,34,12,18,E1,6,15,0.0,0.0
hungarian,1095,default,71,6,6,37.0,0,2,31.846153846153847,nan,0,34,18,56,E1,6,15,0.0,0.0
no_coordination,1096,default,97,6,6,57.0,3,2,43.0,20.0,58,7,0,0,E1,6,15,0.0,0.0
claim,1096,default,97,6,6,57.0,2,2,43.0,20.0,52,12,8,8,E1,6,15,0.0,0.0
mas,1096,default,80,6,6,46.666666666666664,0,2,36.92857142857143,20.0,0,16,14,21,E1,6,15,0.0,0.0
mas_iterative,1096,default,79,6,6,46.333333333333336,0,2,36.714285714285715,20.0,0,14,14,21,E1,6,15,0.0,0.0
hungarian,1096,default,79,6,6,46.333333333333336,0,2,36.714285714285715,20.0,0,14,18,58,E1,6,15,0.0,0.0
no_coordination,1097,default,143,6,6,78.33333333333333,4,2,64.44444444444444,nan,121,8,0,0,E1,6,15,0.0,0.0
claim,1097,default,143,6,6,78.33333333333333,4,2,64.44444444444444,nan,121,8,10,10,E1,6,15,0.0,0.0
mas,1097,default,76,6,6,44.166666666666664,0,2,38.333333333333336,nan,0,14,14,21,E1,6,15,0.0,0.0
mas_iterative,1097,default,75,6,6,43.666666666666664,0,2,38.0,nan,0,12,16,24,E1,6,15,0.0,0.0
hungarian,1097,default,75,6,6,43.666666666666664,0,2,38.0,nan,0,12,18,58,E1,6,15,0.0,0.0
no_coordination,1098,default,101,6,6,51.0,4,2,39.666666666666664,nan,80,8,0,0,E1,6,15,0.0,0.0
claim,1098,default,77,6,6,46.0,1,2,37.166666666666664,nan,21,8,7,7,E1,6,15,0.0,0.0
mas,1098,default,72,6,6,42.5,0,2,34.083333333333336,nan,0,6,14,21,E1,6,15,0.0,0.0
mas_iterative,1098,default,71,6,6,42.0,0,2,33.666666666666664,nan,0,4,18,27,E1,6,15,0.0,0.0
hungarian,1098,default,71,6,6,42.0,0,2,33.666666666666664,nan,0,4,18,60,E1,6,15,0.0,0.0
no_coordination,1099,default,94,6,6,56.333333333333336,3,2,48.88235294117647,31.0,48,7,0,0,E1,6,15,0.0,0.0
claim,1099,default,90,6,6,51.5,1,2,46.94117647058823,31.0,23,28,7,7,E1,6,15,0.0,0.0
mas,1099,default,95,6,6,49.5,0,2,42.705882352941174,21.5,0,42,14,21,E1,6,15,0.0,0.0
mas_iterative,1099,default,95,6,6,49.0,0,2,42.23529411764706,21.0,0,42,16,24,E1,6,15,0.0,0.0
hungarian,1099,default,95,6,6,49.0,0,2,42.23529411764706,21.0,0,42,20,59,E1,6,15,0.0,0.0
no_coordination,1100,default,123,6,6,70.16666666666667,4,2,58.142857142857146,24.0,100,8,0,0,E1,6,15,0.0,0.0
claim,1100,default,100,6,6,66.33333333333333,2,2,56.5,24.0,47,13,8,8,E1,6,15,0.0,0.0
mas,1100,default,84,6,6,50.5,0,2,42.285714285714285,20.0,0,12,14,21,E1,6,15,0.0,0.0
mas_iterative,1100,default,83,6,6,50.0,0,2,41.857142857142854,20.0,0,10,14,21,E1,6,15,0.0,0.0
hungarian,1100,default,79,6,6,48.0,0,2,40.42857142857143,24.0,0,6,18,56,E1,6,15,0.0,0.0
no_coordination,1101,default,55,6,6,32.833333333333336,2,2,31.3,24.0,8,6,0,0,E1,6,15,0.0,0.0
claim,1101,default,55,6,6,32.833333333333336,1,2,31.3,24.0,8,22,7,7,E1,6,15,0.0,0.0
mas,1101,default,55,6,6,31.666666666666668,0,2,30.6,24.0,0,25,14,21,E1,6,15,0.0,0.0
mas_iterative,1101,default,54,6,6,31.333333333333332,0,2,30.35,24.0,0,23,14,21,E1,6,15,0.0,0.0
hungarian,1101,default,54,6,6,31.333333333333332,0,2,30.35,24.0,0,23,18,58,E1,6,15,0.0,0.0
no_coordination,1102,default,75,6,6,49.5,4,2,43.11764705882353,29.0,58,9,0,0,E1,6,15,0.0,0.0
claim,1102,default,60,6,6,42.0,1,2,39.05882352941177,29.0,21,12,7,7,E1,6,15,0.0,0.0
mas,1102,default,62,6,6,36.166666666666664,0,2,34.705882352941174,29.0,0,22,14,21,E1,6,15,0.0,0.0
mas_iterative,1102,default,61,6,6,35.666666666666664,0,2,34.23529411764706,29.0,0,20,14,21,E1,6,15,0.0,0.0
hungarian,1102,default,65,6,6,40.0,0,2,37.294117647058826,24.0,0,18,18,56,E1,6,15,0.0,0.0
no_coordination,1104,default,95,6,6,45.0,4,2,35.8,nan,74,8,0,0,E1,6,15,0.0,0.0
claim,1104,default,95,6,6,45.0,4,2,35.8,nan,74,8,10,10,E1,6,15,0.0,0.0
mas,1104,default,64,6,6,36.333333333333336,0,2,30.6,nan,0,16,14,21,E1,6,15,0.0,0.0
mas_iterative,1104,default,63,6,6,36.0,0,2,30.4,nan,0,14,14,21,E1,6,15,0.0,0.0
hungarian,1104,default,63,6,6,36.0,0,2,30.4,nan,0,14,18,58,E1,6,15,0.0,0.0
no_coordination,1105,default,85,6,6,46.833333333333336,2,2,38.69230769230769,nan,49,7,0,0,E1,6,15,0.0,0.0
claim,1105,default,84,6,6,46.666666666666664,1,2,38.61538461538461,nan,22,30,7,7,E1,6,15,0.0,0.0
mas,1105,default,69,6,6,41.666666666666664,0,2,34.69230769230769,nan,0,10,14,21,E1,6,15,0.0,0.0
mas_iterative,1105,default,69,6,6,41.333333333333336,0,2,34.46153846153846,nan,0,10,14,21,E1,6,15,0.0,0.0
hungarian,1105,default,69,6,6,41.333333333333336,0,2,34.46153846153846,nan,0,10,18,58,E1,6,15,0.0,0.0
no_coordination,1106,default,69,6,6,43.666666666666664,3,2,38.421052631578945,26.0,28,7,0,0,E1,6,15,0.0,0.0
claim,1106,default,69,6,6,43.666666666666664,2,2,38.421052631578945,26.0,28,8,8,8,E1,6,15,0.0,0.0
mas,1106,default,66,6,6,38.666666666666664,0,2,34.68421052631579,26.0,0,20,14,21,E1,6,15,0.0,0.0
mas_iterative,1106,default,65,6,6,38.333333333333336,0,2,34.421052631578945,26.0,0,18,14,21,E1,6,15,0.0,0.0
hungarian,1106,default,65,6,6,38.333333333333336,0,2,34.421052631578945,26.0,0,18,18,58,E1,6,15,0.0,0.0
no_coordination,1107,default,115,6,6,66.16666666666667,5,2,57.72222222222222,38.0,100,9,0,0,E1,6,15,0.0,0.0
claim,1107,default,89,6,6,53.5,1,2,50.5,38.0,25,28,7,7,E1,6,15,0.0,0.0
mas,1107,default,61,6,6,40.5,0,2,37.611111111111114,34.0,0,6,14,21,E1,6,15,0.0,0.0
mas_iterative,1107,default,61,6,6,40.0,0,2,37.111111111111114,34.0,0,6,16,24,E1,6,15,0.0,0.0
hungarian,1107,default,61,6,6,40.0,0,2,37.111111111111114,34.0,0,6,18,58,E1,6,15,0.0,0.0
no_coordination,1108,default,123,6,6,60.0,4,2,43.714285714285715,20.0,102,8,0,0,E1,6,15,0.0,0.0
claim,1108,default,123,6,6,60.0,4,2,43.714285714285715,20.0,102,8,10,10,E1,6,15,0.0,0.0
mas,1108,default,90,6,6,46.0,0,2,36.357142857142854,20.0,0,40,14,21,E1,6,15,0.0,0.0
mas_iterative,1108,default,89,6,6,45.666666666666664,0,2,36.142857142857146,20.0,0,38,14,21,E1,6,15,0.0,0.0
hungarian,1108,default,89,6,6,45.666666666666664,0,2,36.142857142857146,20.0,0,38,18,58,E1,6,15,0.0,0.0
no_coordination,1109,default,91,6,6,54.666666666666664,6,2,46.11764705882353,29.0,91,10,0,0,E1,6,15,0.0,0.0
claim,1109,default,91,6,6,54.666666666666664,6,2,46.11764705882353,29.0,91,10,12,12,E1,6,15,0.0,0.0
mas,1109,default,54,6,6,35.5,0,2,32.0,29.0,0,8,14,21,E1,6,15,0.0,0.0
mas_iterative,1109,default,53,6,6,35.0,0,2,31.529411764705884,29.0,0,6,16,24,E1,6,15,0.0,0.0
hungarian,1109,default,53,6,6,35.0,0,2,31.529411764705884,29.0,0,6,18,58,E1,6,15,0.0,0.0
no_coordination,1110,default,73,6,6,42.666666666666664,4,2,35.86666666666667,20.0,52,8,0,0,E1,6,15,0.0,0.0
claim,1110,default,73,6,6,42.666666666666664,4,2,35.86666666666667,20.0,52,8,10,10,E1,6,15,0.0,0.0
mas,1110,default,51,6,6,33.333333333333336,0,2,29.866666666666667,20.0,0,12,14,21,E1,6,15,0.0,0.0
mas_iterative,1110,default,51,6,6,33.0,0,2,29.6,20.0,0,12,14,21,E1,6,15,0.0,0.0
hungarian,1110,default,51,6,6,33.0,0,2,29.6,20.0,0,12,18,58,E1,6,15,0.0,0.0
no_coordination,1111,default,89,6,6,61.666666666666664,4,2,55.5,22.0,65,8,0,0,E1,6,15,0.0,0.0
claim,1111,default,89,6,6,61.666666666666664,3,2,55.5,22.0,65,11,9,9,E1,6,15,0.0,0.0
mas,1111,default,76,6,6,38.166666666666664,0,2,35.125,22.0,0,38,14,21,E1,6,15,0.0,0.0
mas_iterative,1111,default,75,6,6,37.666666666666664,0,2,34.625,22.0,0,36,14,21,E1,6,15,0.0,0.0
hungarian,1111,default,75,6,6,37.666666666666664,0,2,34.625,22.0,0,36,18,56,E1,6,15,0.0,0.0
no_coordination,1112,default,61,6,6,39.666666666666664,4,2,33.333333333333336,21.0,22,8,0,0,E1,6,15,0.0,0.0
claim,1112,default,53,6,6,35.333333333333336,0,2,30.8,21.0,0,10,6,6,E1,6,15,0.0,0.0
mas,1112,default,53,6,6,35.333333333333336,0,2,30.8,21.0,0,10,12,18,E1,6,15,0.0,0.0
mas_iterative,1112,default,53,6,6,35.333333333333336,0,2,30.8,21.0,0,10,12,18,E1,6,15,0.0,0.0
hungarian,1112,default,53,6,6,35.333333333333336,0,2,30.8,21.0,0,10,18,56,E1,6,15,0.0,0.0
no_coordination,1113,default,127,6,6,58.833333333333336,4,2,46.86666666666667,22.0,105,9,0,0,E1,6,15,0.0,0.0
claim,1113,default,81,6,6,44.833333333333336,0,2,38.333333333333336,22.0,0,17,6,6,E1,6,15,0.0,0.0
mas,1113,default,81,6,6,44.833333333333336,0,2,38.333333333333336,22.0,0,17,12,18,E1,6,15,0.0,0.0
mas_iterative,1113,default,81,6,6,44.833333333333336,0,2,38.333333333333336,22.0,0,17,12,18,E1,6,15,0.0,0.0
hungarian,1113,default,81,6,6,44.833333333333336,0,2,38.333333333333336,22.0,0,17,18,56,E1,6,15,0.0,0.0
no_coordination,1114,default,95,6,6,64.33333333333333,5,2,52.36363636363637,30.0,73,9,0,0,E1,6,15,0.0,0.0
claim,1114,default,95,6,6,64.33333333333333,4,2,52.36363636363637,30.0,71,10,10,10,E1,6,15,0.0,0.0
mas,1114,default,62,6,6,37.833333333333336,0,2,31.09090909090909,20.0,0,10,14,21,E1,6,15,0.0,0.0
mas_iterative,1114,default,61,6,6,37.333333333333336,0,2,30.727272727272727,20.0,0,8,14,21,E1,6,15,0.0,0.0
hungarian,1114,default,61,6,6,37.333333333333336,0,2,30.727272727272727,20.0,0,8,18,56,E1,6,15,0.0,0.0
no_coordination,1115,default,70,6,6,42.166666666666664,3,2,36.38461538461539,nan,16,7,0,0,E1,6,15,0.0,0.0
claim,1115,default,73,6,6,38.666666666666664,1,2,33.84615384615385,nan,32,5,7,7,E1,6,15,0.0,0.0
mas,1115,default,73,6,6,38.666666666666664,0,2,33.84615384615385,nan,0,36,14,21,E1,6,15,0.0,0.0
mas_iterative,1115,default,73,6,6,38.666666666666664,0,2,33.84615384615385,nan,0,36,14,21,E1,6,15,0.0,0.0
hungarian,1115,default,73,6,6,38.666666666666664,0,2,33.84615384615385,nan,0,36,20,59,E1,6,15,0.0,0.0
no_coordination,1116,default,145,6,6,77.33333333333333,6,2,65.52941176470588,30.0,145,10,0,0,E1,6,15,0.0,0.0
claim,1116,default,145,6,6,77.33333333333333,6,2,65.52941176470588,30.0,145,10,12,12,E1,6,15,0.0,0.0
mas,1116,default,82,6,6,50.833333333333336,0,2,44.8235294117647,26.5,0,10,14,21,E1,6,15,0.0,0.0
mas_iterative,1116,default,81,6,6,50.333333333333336,0,2,44.35294117647059,26.0,0,8,14,21,E1,6,15,0.0,0.0
hungarian,1116,default,81,6,6,50.333333333333336,0,2,44.35294117647059,26.0,0,8,18,56,E1,6,15,0.0,0.0
no_coordination,1117,default,76,6,6,38.833333333333336,4,2,37.5,25.5,28,8,0,0,E1,6,15,0.0,0.0
claim,1117,default,57,6,6,33.166666666666664,0,2,32.4,25.5,0,19,6,6,E1,6,15,0.0,0.0
mas,1117,default,57,6,6,33.166666666666664,0,2,32.4,25.5,0,19,12,18,E1,6,15,0.0,0.0
mas_iterative,1117,default,57,6,6,33.166666666666664,0,2,32.4,25.5,0,19,12,18,E1,6,15,0.0,0.0
hungarian,1117,default,57,6,6,33.166666666666664,0,2,32.4,25.5,0,19,18,56,E1,6,15,0.0,0.0
no_coordination,1118,default,91,6,6,46.833333333333336,3,2,38.266666666666666,20.0,59,7,0,0,E1,6,15,0.0,0.0
claim,1118,default,88,6,6,46.333333333333336,1,2,38.06666666666667,20.0,22,36,7,7,E1,6,15,0.0,0.0
mas,1118,default,77,6,6,41.0,0,2,34.53333333333333,20.0,0,28,14,21,E1,6,15,0.0,0.0
mas_iterative,1118,default,77,6,6,40.666666666666664,0,2,34.266666666666666,20.0,0,28,14,21,E1,6,15,0.0,0.0
hungarian,1118,default,77,6,6,40.666666666666664,0,2,34.266666666666666,20.0,0,28,18,58,E1,6,15,0.0,0.0
no_coordination,1119,default,113,6,6,73.0,5,2,54.5,20.0,95,9,0,0,E1,6,15,0.0,0.0
claim,1119,default,113,6,6,73.0,4,2,54.5,20.0,89,14,10,10,E1,6,15,0.0,0.0
mas,1119,default,82,6,6,49.833333333333336,0,2,39.083333333333336,20.0,0,18,14,21,E1,6,15,0.0,0.0
mas_iterative,1119,default,81,6,6,49.333333333333336,0,2,38.666666666666664,20.0,0,16,14,21,E1,6,15,0.0,0.0
hungarian,1119,default,81,6,6,49.333333333333336,0,2,38.666666666666664,20.0,0,16,18,56,E1,6,15,0.0,0.0
no_coordination,1120,default,95,6,6,48.0,4,2,38.0,20.0,74,8,0,0,E1,6,15,0.0,0.0
claim,1120,default,95,6,6,48.0,4,2,38.0,20.0,74,8,10,10,E1,6,15,0.0,0.0
mas,1120,default,70,6,6,38.333333333333336,0,2,32.11764705882353,20.0,0,28,14,21,E1,6,15,0.0,0.0
mas_iterative,1120,default,69,6,6,38.0,0,2,31.88235294117647,20.0,0,26,14,21,E1,6,15,0.0,0.0
hungarian,1120,default,69,6,6,38.0,0,2,31.88235294117647,20.0,0,26,18,58,E1,6,15,0.0,0.0
no_coordination,1121,default,115,6,6,56.333333333333336,5,2,44.53333333333333,20.0,78,9,0,0,E1,6,15,0.0,0.0
claim,1121,default,75,6,6,46.0,1,2,38.93333333333333,20.0,21,9,7,7,E1,6,15,0.0,0.0
mas,1121,default,72,6,6,42.5,0,2,35.733333333333334,20.0,0,12,14,21,E1,6,15,0.0,0.0
mas_iterative,1121,default,71,6,6,42.0,0,2,35.333333333333336,20.0,0,10,14,21,E1,6,15,0.0,0.0
hungarian,1121,default,67,6,6,40.0,0,2,33.86666666666667,22.0,0,6,18,56,E1,6,15,0.0,0.0
no_coordination,1122,default,127,6,6,71.33333333333333,6,2,55.5,24.0,127,10,0,0,E1,6,15,0.0,0.0
claim,1122,default,127,6,6,71.33333333333333,6,2,55.5,24.0,127,10,12,12,E1,6,15,0.0,0.0
mas,1122,default,59,6,6,36.833333333333336,0,2,31.1875,23.5,0,10,14,21,E1,6,15,0.0,0.0
mas_iterative,1122,default,59,6,6,36.333333333333336,0,2,30.625,23.0,0,10,14,21,E1,6,15,0.0,0.0
hungarian,1122,default,59,6,6,36.333333333333336,0,2,30.625,23.0,0,10,18,56,E1,6,15,0.0,0.0
no_coordination,1123,default,133,6,6,63.0,5,2,49.125,23.0,110,9,0,0,E1,6,15,0.0,0.0
claim,1123,default,97,6,6,48.666666666666664,1,2,39.875,23.0,38,5,7,7,E1,6,15,0.0,0.0
mas,1123,default,97,6,6,48.666666666666664,0,2,39.875,23.0,0,42,14,21,E1,6,15,0.0,0.0
mas_iterative,1123,default,97,6,6,48.666666666666664,0,2,39.875,23.0,0,42,14,21,E1,6,15,0.0,0.0
hungarian,1123,default,97,6,6,48.666666666666664,0,2,39.875,23.0,0,42,20,59,E1,6,15,0.0,0.0
no_coordination,1124,default,88,6,6,39.333333333333336,4,2,31.6,nan,67,8,0,0,E1,6,15,0.0,0.0
claim,1124,default,88,6,6,39.333333333333336,4,2,31.6,nan,67,8,10,10,E1,6,15,0.0,0.0
mas,1124,default,70,6,6,34.0,0,2,28.4,nan,0,35,14,21,E1,6,15,0.0,0.0
mas_iterative,1124,default,69,6,6,33.666666666666664,0,2,28.2,nan,0,33,14,21,E1,6,15,0.0,0.0
hungarian,1124,default,69,6,6,33.666666666666664,0,2,28.2,nan,0,33,18,58,E1,6,15,0.0,0.0
no_coordination,1125,default,101,6,6,57.166666666666664,3,2,44.23076923076923,nan,61,7,0,0,E1,6,15,0.0,0.0
claim,1125,default,101,6,6,57.166666666666664,2,2,44.23076923076923,nan,52,15,8,8,E1,6,15,0.0,0.0
mas,1125,default,88,6,6,48.0,0,2,38.53846153846154,nan,0,24,14,21,E1,6,15,0.0,0.0
mas_iterative,1125,default,87,6,6,47.666666666666664,0,2,38.30769230769231,nan,0,22,14,21,E1,6,15,0.0,0.0
hungarian,1125,default,87,6,6,47.666666666666664,0,2,38.30769230769231,nan,0,22,18,58,E1,6,15,0.0,0.0
no_coordination,1126,default,95,6,6,45.5,3,2,39.0625,20.0,45,7,0,0,E1,6,15,0.0,0.0
claim,1126,default,92,6,6,45.0,1,2,38.875,20.0,6,38,7,7,E1,6,15,0.0,0.0
mas,1126,default,90,6,6,44.333333333333336,0,2,38.375,20.0,0,36,14,21,E1,6,15,0.0,0.0
mas_iterative,1126,default,89,6,6,44.0,0,2,38.125,20.0,0,34,14,21,E1,6,15,0.0,0.0
hungarian,1126,default,89,6,6,44.0,0,2,38.125,20.0,0,34,18,58,E1,6,15,0.0,0.0
no_coordination,1127,default,113,6,6,51.0,4,2,48.54545454545455,37.5,92,8,0,0,E1,6,15,0.0,0.0
claim,1127,default,113,6,6,51.0,4,2,48.54545454545455,37.5,92,8,10,10,E1,6,15,0.0,0.0
mas,1127,default,71,6,6,39.666666666666664,0,2,38.68181818181818,34.25,0,12,14,21,E1,6,15,0.0,0.0
mas_iterative,1127,default,71,6,6,39.333333333333336,0,2,38.36363636363637,34.0,0,12,14,21,E1,6,15,0.0,0.0
hungarian,1127,default,71,6,6,39.333333333333336,0,2,38.36363636363637,34.0,0,12,18,58,E1,6,15,0.0,0.0
no_coordination,1128,default,63,6,6,39.5,4,2,34.86666666666667,22.0,43,8,0,0,E1,6,15,0.0,0.0
claim,1128,default,51,6,6,35.5,1,2,32.0,22.0,23,8,7,7,E1,6,15,0.0,0.0
mas,1128,default,47,6,6,31.833333333333332,0,2,28.533333333333335,20.0,0,8,14,21,E1,6,15,0.0,0.0
mas_iterative,1128,default,47,6,6,31.333333333333332,0,2,28.133333333333333,20.0,0,8,16,24,E1,6,15,0.0,0.0
hungarian,1128,default,45,6,6,30.666666666666668,0,2,27.4,22.0,0,7,18,56,E1,6,15,0.0,0.0
no_coordination,1129,default,95,6,6,56.333333333333336,3,2,47.166666666666664,nan,48,7,0,0,E1,6,15,0.0,0.0
claim,1129,default,83,6,6,46.333333333333336,0,2,40.5,nan,0,30,6,6,E1,6,15,0.0,0.0
mas,1129,default,83,6,6,46.333333333333336,0,2,40.5,nan,0,30,12,18,E1,6,15,0.0,0.0
mas_iterative,1129,default,83,6,6,46.333333333333336,0,2,40.5,nan,0,30,12,18,E1,6,15,0.0,0.0
hungarian,1129,default,83,6,6,46.333333333333336,0,2,40.5,nan,0,30,18,56,E1,6,15,0.0,0.0
no_coordination,1130,default,109,6,6,55.5,5,2,49.4,32.333333333333336,94,9,0,0,E1,6,15,0.0,0.0
claim,1130,default,76,6,6,46.5,1,2,43.3,32.333333333333336,21,12,7,7,E1,6,15,0.0,0.0
mas,1130,default,69,6,6,41.5,0,2,38.3,29.0,0,8,14,21,E1,6,15,0.0,0.0
mas_iterative,1130,default,69,6,6,41.0,0,2,37.8,28.666666666666668,0,8,14,21,E1,6,15,0.0,0.0
hungarian,1130,default,69,6,6,40.0,0,2,36.8,28.0,0,10,18,56,E1,6,15,0.0,0.0
no_coordination,1131,default,151,6,6,84.0,6,2,74.125,30.0,151,10,0,0,E1,6,15,0.0,0.0
claim,1131,default,151,6,6,84.0,6,2,74.125,30.0,151,10,12,12,E1,6,15,0.0,0.0
mas,1131,default,80,6,6,48.166666666666664,0,2,43.0625,20.0,0,12,14,21,E1,6,15,0.0,0.0
mas_iterative,1131,default,79,6,6,47.666666666666664,0,2,42.625,20.0,0,10,14,21,E1,6,15,0.0,0.0
hungarian,1131,default,79,6,6,47.666666666666664,0,2,42.625,20.0,0,10,18,56,E1,6,15,0.0,0.0
no_coordination,1132,default,78,6,6,40.666666666666664,3,2,39.07692307692308,nan,16,7,0,0,E1,6,15,0.0,0.0
claim,1132,default,73,6,6,39.833333333333336,1,2,38.30769230769231,nan,10,26,7,7,E1,6,15,0.0,0.0
mas,1132,default,64,6,6,37.333333333333336,0,2,36.0,nan,0,14,14,21,E1,6,15,0.0,0.0
mas_iterative,1132,default,63,6,6,37.0,0,2,35.69230769230769,nan,0,12,14,21,E1,6,15,0.0,0.0
hungarian,1132,default,63,6,6,37.0,0,2,35.69230769230769,nan,0,12,18,58,E1,6,15,0.0,0.0
no_coordination,1133,default,113,6,6,59.166666666666664,4,2,44.07142857142857,20.0,91,8,0,0,E1,6,15,0.0,0.0
claim,1133,default,71,6,6,43.833333333333336,0,2,35.714285714285715,20.0,0,11,6,6,E1,6,15,0.0,0.0
mas,1133,default,71,6,6,43.833333333333336,0,2,35.714285714285715,20.0,0,11,12,18,E1,6,15,0.0,0.0
mas_iterative,1133,default,71,6,6,43.833333333333336,0,2,35.714285714285715,20.0,0,11,12,18,E1,6,15,0.0,0.0
hungarian,1133,default,71,6,6,43.833333333333336,0,2,35.714285714285715,20.0,0,11,18,56,E1,6,15,0.0,0.0
no_coordination,1134,default,87,6,6,44.666666666666664,4,2,41.0,20.0,66,8,0,0,E1,6,15,0.0,0.0
claim,1134,default,87,6,6,44.666666666666664,4,2,41.0,20.0,66,8,10,10,E1,6,15,0.0,0.0
mas,1134,default,55,6,6,35.333333333333336,0,2,33.5,20.0,0,6,14,21,E1,6,15,0.0,0.0
mas_iterative,1134,default,55,6,6,35.0,0,2,33.22222222222222,20.0,0,6,14,21,E1,6,15,0.0,0.0
hungarian,1134,default,55,6,6,35.0,0,2,33.22222222222222,20.0,0,6,18,58,E1,6,15,0.0,0.0
no_coordination,1136,default,82,6,6,54.166666666666664,4,2,44.72727272727273,28.0,49,8,0,0,E1,6,15,0.0,0.0
claim,1136,default,79,6,6,51.666666666666664,1,2,43.36363636363637,28.0,29,18,7,7,E1,6,15,0.0,0.0
mas,1136,default,62,6,6,38.166666666666664,0,2,31.272727272727273,20.0,0,12,14,21,E1,6,15,0.0,0.0
mas_iterative,1136,default,61,6,6,37.666666666666664,0,2,30.90909090909091,20.0,0,10,14,21,E1,6,15,0.0,0.0
hungarian,1136,default,61,6,6,37.666666666666664,0,2,30.90909090909091,20.0,0,10,18,56,E1,6,15,0.0,0.0
no_coordination,1137,default,125,6,6,62.666666666666664,5,2,52.73684210526316,29.333333333333332,104,9,0,0,E1,6,15,0.0,0.0
claim,1137,default,85,6,6,46.666666666666664,0,2,41.1578947368421,28.666666666666668,0,28,6,6,E1,6,15,0.0,0.0
mas,1137,default,85,6,6,46.666666666666664,0,2,41.1578947368421,28.666666666666668,0,28,12,18,E1,6,15,0.0,0.0
mas_iterative,1137,default,85,6,6,46.666666666666664,0,2,41.1578947368421,28.666666666666668,0,28,12,18,E1,6,15,0.0,0.0
hungarian,1137,default,85,6,6,46.666666666666664,0,2,41.1578947368421,28.666666666666668,0,28,18,56,E1,6,15,0.0,0.0
no_coordination,1138,default,97,6,6,48.666666666666664,3,2,39.142857142857146,20.0,21,7,0,0,E1,6,15,0.0,0.0
claim,1138,default,93,6,6,48.0,1,2,38.857142857142854,20.0,16,35,7,7,E1,6,15,0.0,0.0
mas,1138,default,78,6,6,43.333333333333336,0,2,35.92857142857143,20.0,0,18,14,21,E1,6,15,0.0,0.0
mas_iterative,1138,default,77,6,6,43.0,0,2,35.714285714285715,20.0,0,16,14,21,E1,6,15,0.0,0.0
hungarian,1138,default,77,6,6,43.0,0,2,35.714285714285715,20.0,0,16,18,58,E1,6,15,0.0,0.0
no_coordination,1139,default,92,6,6,59.0,5,2,53.125,20.0,73,9,0,0,E1,6,15,0.0,0.0
claim,1139,default,83,6,6,57.5,3,2,52.0,20.0,63,14,9,9,E1,6,15,0.0,0.0
mas,1139,default,52,6,6,32.333333333333336,0,2,30.6875,20.0,0,14,14,21,E1,6,15,0.0,0.0
mas_iterative,1139,default,51,6,6,31.666666666666668,0,2,30.125,20.0,0,12,16,24,E1,6,15,0.0,0.0
hungarian,1139,default,51,6,6,31.666666666666668,0,2,30.125,20.0,0,12,18,58,E1,6,15,0.0,0.0
no_coordination,1140,default,83,6,6,45.0,4,2,38.470588235294116,25.0,62,8,0,0,E1,6,15,0.0,0.0
claim,1140,default,83,6,6,45.0,4,2,38.470588235294116,25.0,62,8,10,10,E1,6,15,0.0,0.0
mas,1140,default,65,6,6,34.333333333333336,0,2,32.76470588235294,25.0,0,30,14,21,E1,6,15,0.0,0.0
mas_iterative,1140,default,65,6,6,34.0,0,2,32.588235294117645,25.0,0,30,14,21,E1,6,15,0.0,0.0
hungarian,1140,default,65,6,6,34.0,0,2,32.588235294117645,25.0,0,30,18,58,E1,6,15,0.0,0.0
no_coordination,1141,default,129,6,6,59.0,5,2,52.266666666666666,28.0,108,9,0,0,E1,6,15,0.0,0.0
claim,1141,default,89,6,6,45.0,0,2,41.06666666666667,28.0,0,32,6,6,E1,6,15,0.0,0.0
mas,1141,default,89,6,6,45.0,0,2,41.06666666666667,28.0,0,32,12,18,E1,6,15,0.0,0.0
mas_iterative,1141,default,89,6,6,45.0,0,2,41.06666666666667,28.0,0,32,12,18,E1,6,15,0.0,0.0
hungarian,1141,default,89,6,6,45.0,0,2,41.06666666666667,28.0,0,32,18,56,E1,6,15,0.0,0.0
no_coordination,1142,default,131,6,6,60.666666666666664,4,2,51.5,nan,110,8,0,0,E1,6,15,0.0,0.0
claim,1142,default,131,6,6,60.666666666666664,4,2,51.5,nan,110,8,10,10,E1,6,15,0.0,0.0
mas,1142,default,86,6,6,46.0,0,2,40.583333333333336,nan,0,24,14,21,E1,6,15,0.0,0.0
mas_iterative,1142,default,85,6,6,45.666666666666664,0,2,40.333333333333336,nan,0,22,14,21,E1,6,15,0.0,0.0
hungarian,1142,default,85,6,6,45.666666666666664,0,2,40.333333333333336,nan,0,22,18,58,E1,6,15,0.0,0.0
no_coordination,1143,default,87,6,6,53.666666666666664,4,2,48.23529411764706,20.0,55,8,0,0,E1,6,15,0.0,0.0
claim,1143,default,87,6,6,48.0,1,2,43.88235294117647,20.0,21,31,7,7,E1,6,15,0.0,0.0
mas,1143,default,74,6,6,40.5,0,2,36.705882352941174,20.0,0,26,14,21,E1,6,15,0.0,0.0
mas_iterative,1143,default,73,6,6,40.0,0,2,36.23529411764706,20.0,0,24,18,27,E1,6,15,0.0,0.0
hungarian,1143,default,73,6,6,40.0,0,2,36.23529411764706,20.0,0,24,18,60,E1,6,15,0.0,0.0
no_coordination,1144,default,101,6,6,54.333333333333336,4,2,43.05882352941177,30.0,49,8,0,0,E1,6,15,0.0,0.0
claim,1144,default,71,6,6,44.666666666666664,0,2,38.0,30.0,0,14,6,6,E1,6,15,0.0,0.0
mas,1144,default,71,6,6,44.666666666666664,0,2,38.0,30.0,0,14,12,18,E1,6,15,0.0,0.0
mas_iterative,1144,default,71,6,6,44.666666666666664,0,2,38.0,30.0,0,14,12,18,E1,6,15,0.0,0.0
hungarian,1144,default,71,6,6,44.666666666666664,0,2,38.0,30.0,0,14,18,56,E1,6,15,0.0,0.0
no_coordination,1145,default,117,6,6,63.333333333333336,5,2,54.888888888888886,26.0,62,9,0,0,E1,6,15,0.0,0.0
claim,1145,default,93,6,6,58.666666666666664,2,2,51.77777777777778,26.0,33,14,8,8,E1,6,15,0.0,0.0
mas,1145,default,80,6,6,43.166666666666664,0,2,38.55555555555556,26.0,0,28,14,21,E1,6,15,0.0,0.0
mas_iterative,1145,default,79,6,6,42.666666666666664,0,2,38.111111111111114,26.0,0,26,16,24,E1,6,15,0.0,0.0
hungarian,1145,default,79,6,6,42.666666666666664,0,2,38.111111111111114,26.0,0,26,18,58,E1,6,15,0.0,0.0
no_coordination,1146,default,99,6,6,57.0,3,2,43.88235294117647,28.0,56,7,0,0,E1,6,15,0.0,0.0
claim,1146,default,99,6,6,57.0,2,2,43.88235294117647,28.0,56,20,8,8,E1,6,15,0.0,0.0
mas,1146,default,69,6,6,42.833333333333336,0,2,36.1764705882353,28.0,0,20,14,21,E1,6,15,0.0,0.0
mas_iterative,1146,default,69,6,6,42.666666666666664,0,2,36.0,28.0,0,20,16,24,E1,6,15,0.0,0.0
hungarian,1146,default,69,6,6,42.666666666666664,0,2,36.0,28.0,0,20,20,61,E1,6,15,0.0,0.0
no_coordination,1147,default,94,6,6,54.166666666666664,3,2,42.23076923076923,nan,36,7,0,0,E1,6,15,0.0,0.0
claim,1147,default,87,6,6,47.0,0,2,37.84615384615385,nan,0,22,6,6,E1,6,15,0.0,0.0
mas,1147,default,87,6,6,47.0,0,2,37.84615384615385,nan,0,22,12,18,E1,6,15,0.0,0.0
mas_iterative,1147,default,87,6,6,47.0,0,2,37.84615384615385,nan,0,22,12,18,E1,6,15,0.0,0.0
hungarian,1147,default,87,6,6,47.0,0,2,37.84615384615385,nan,0,22,18,56,E1,6,15,0.0,0.0
no_coordination,1148,default,101,6,6,49.333333333333336,4,2,43.294117647058826,20.0,80,8,0,0,E1,6,15,0.0,0.0
claim,1148,default,101,6,6,49.333333333333336,4,2,43.294117647058826,20.0,80,8,10,10,E1,6,15,0.0,0.0
mas,1148,default,74,6,6,39.333333333333336,0,2,35.705882352941174,20.0,0,30,14,21,E1,6,15,0.0,0.0
mas_iterative,1148,default,73,6,6,39.0,0,2,35.411764705882355,20.0,0,28,14,21,E1,6,15,0.0,0.0
hungarian,1148,default,73,6,6,39.0,0,2,35.411764705882355,20.0,0,28,18,58,E1,6,15,0.0,0.0
no_coordination,1149,default,82,6,6,49.0,2,2,38.23076923076923,20.0,43,7,0,0,E1,6,15,0.0,0.0
claim,1149,default,79,6,6,41.666666666666664,0,2,34.15384615384615,20.0,0,29,6,6,E1,6,15,0.0,0.0
mas,1149,default,79,6,6,41.666666666666664,0,2,34.15384615384615,20.0,0,29,12,18,E1,6,15,0.0,0.0
mas_iterative,1149,default,79,6,6,41.666666666666664,0,2,34.15384615384615,20.0,0,29,12,18,E1,6,15,0.0,0.0
hungarian,1149,default,79,6,6,41.666666666666664,0,2,34.15384615384615,20.0,0,29,18,56,E1,6,15,0.0,0.0
no_coordination,1150,default,101,6,6,65.66666666666667,4,2,53.0,22.0,85,8,0,0,E1,6,15,0.0,0.0
claim,1150,default,91,6,6,64.0,2,2,52.166666666666664,22.0,55,16,8,8,E1,6,15,0.0,0.0
mas,1150,default,62,6,6,37.833333333333336,0,2,30.833333333333332,22.0,0,12,14,21,E1,6,15,0.0,0.0
mas_iterative,1150,default,61,6,6,37.333333333333336,0,2,30.333333333333332,22.0,0,10,16,24,E1,6,15,0.0,0.0
hungarian,1150,default,61,6,6,37.333333333333336,0,2,30.333333333333332,22.0,0,10,18,58,E1,6,15,0.0,0.0
no_coordination,1151,default,93,6,6,53.333333333333336,4,2,43.46666666666667,20.0,72,8,0,0,E1,6,15,0.0,0.0
claim,1151,default,93,6,6,53.333333333333336,4,2,43.46666666666667,20.0,72,8,10,10,E1,6,15,0.0,0.0
mas,1151,default,62,6,6,39.0,0,2,34.666666666666664,20.0,0,14,14,21,E1,6,15,0.0,0.0
mas_iterative,1151,default,61,6,6,38.666666666666664,0,2,34.4,20.0,0,12,14,21,E1,6,15,0.0,0.0
hungarian,1151,default,61,6,6,38.666666666666664,0,2,34.4,20.0,0,12,18,58,E1,6,15,0.0,0.0
no_coordination,1152,default,115,6,6,56.0,4,2,44.75,20.0,94,8,0,0,E1,6,15,0.0,0.0
claim,1152,default,115,6,6,56.0,4,2,44.75,20.0,94,8,10,10,E1,6,15,0.0,0.0
mas,1152,default,74,6,6,42.666666666666664,0,2,36.25,20.0,0,16,14,21,E1,6,15,0.0,0.0
mas_iterative,1152,default,73,6,6,42.333333333333336,0,2,36.0,20.0,0,14,14,21,E1,6,15,0.0,0.0
hungarian,1152,default,73,6,6,42.333333333333336,0,2,36.0,20.0,0,14,18,58,E1,6,15,0.0,0.0
no_coordination,1153,default,127,6,6,76.0,6,2,67.52941176470588,42.0,127,10,0,0,E1,6,15,0.0,0.0
claim,1153,default,127,6,6,76.0,6,2,67.52941176470588,42.0,127,10,12,12,E1,6,15,0.0,0.0
mas,1153,default,72,6,6,44.833333333333336,0,2,40.35294117647059,27.5,0,16,14,21,E1,6,15,0.0,0.0
mas_iterative,1153,default,71,6,6,44.333333333333336,0,2,39.88235294117647,27.0,0,14,14,21,E1,6,15,0.0,0.0
hungarian,1153,default,71,6,6,44.333333333333336,0,2,39.88235294117647,27.0,0,14,18,56,E1,6,15,0.0,0.0
no_coordination,1154,default,114,6,6,67.16666666666667,5,2,57.642857142857146,34.0,83,9,0,0,E1,6,15,0.0,0.0
claim,1154,default,86,6,6,61.333333333333336,2,2,54.642857142857146,34.0,47,7,8,8,E1,6,15,0.0,0.0
mas,1154,default,69,6,6,42.5,0,2,36.642857142857146,24.0,0,12,14,21,E1,6,15,0.0,0.0
mas_iterative,1154,default,69,6,6,42.0,0,2,36.142857142857146,24.0,0,12,14,21,E1,6,15,0.0,0.0
hungarian,1154,default,69,6,6,42.0,0,2,36.142857142857146,24.0,0,12,18,56,E1,6,15,0.0,0.0
no_coordination,1155,default,90,6,6,52.166666666666664,3,2,39.76923076923077,24.0,46,8,0,0,E1,6,15,0.0,0.0
claim,1155,default,85,6,6,49.333333333333336,1,2,37.84615384615385,24.0,36,5,7,7,E1,6,15,0.0,0.0
mas,1155,default,84,6,6,43.333333333333336,0,2,35.07692307692308,24.0,0,28,14,21,E1,6,15,0.0,0.0
mas_iterative,1155,default,83,6,6,43.0,0,2,34.92307692307692,24.0,0,26,14,21,E1,6,15,0.0,0.0
hungarian,1155,default,83,6,6,43.0,0,2,34.92307692307692,24.0,0,26,18,58,E1,6,15,0.0,0.0
no_coordination,1156,default,129,6,6,60.666666666666664,5,2,47.46666666666667,20.0,76,9,0,0,E1,6,15,0.0,0.0
claim,1156,default,93,6,6,51.0,1,2,42.13333333333333,20.0,21,27,7,7,E1,6,15,0.0,0.0
mas,1156,default,93,6,6,45.666666666666664,0,2,38.86666666666667,20.0,0,44,14,21,E1,6,15,0.0,0.0
mas_iterative,1156,default,93,6,6,45.333333333333336,0,2,38.53333333333333,20.0,0,44,16,24,E1,6,15,0.0,0.0
hungarian,1156,default,93,6,6,45.333333333333336,0,2,38.53333333333333,20.0,0,44,20,59,E1,6,15,0.0,0.0
no_coordination,1157,default,99,6,6,65.0,3,2,54.25,38.0,65,7,0,0,E1,6,15,0.0,0.0
claim,1157,default,96,6,6,61.166666666666664,1,2,52.8125,38.0,31,24,7,7,E1,6,15,0.0,0.0
mas,1157,default,84,6,6,51.5,0,2,41.375,22.5,0,16,14,21,E1,6,15,0.0,0.0
mas_iterative,1157,default,83,6,6,51.0,0,2,40.875,22.0,0,14,14,21,E1,6,15,0.0,0.0
hungarian,1157,default,83,6,6,51.0,0,2,40.875,22.0,0,14,18,56,E1,6,15,0.0,0.0
no_coordination,1158,default,115,6,6,53.333333333333336,4,2,48.57142857142857,20.0,94,8,0,0,E1,6,15,0.0,0.0
claim,1158,default,115,6,6,53.333333333333336,4,2,48.57142857142857,20.0,94,8,10,10,E1,6,15,0.0,0.0
mas,1158,default,78,6,6,41.666666666666664,0,2,38.57142857142857,20.0,0,24,14,21,E1,6,15,0.0,0.0
mas_iterative,1158,default,77,6,6,41.333333333333336,0,2,38.285714285714285,20.0,0,22,14,21,E1,6,15,0.0,0.0
hungarian,1158,default,77,6,6,41.333333333333336,0,2,38.285714285714285,20.0,0,22,18,58,E1,6,15,0.0,0.0
no_coordination,1159,default,107,6,6,67.83333333333333,5,2,62.05263157894737,32.0,88,9,0,0,E1,6,15,0.0,0.0
claim,1159,default,100,6,6,66.66666666666667,3,2,61.31578947368421,32.0,65,16,9,9,E1,6,15,0.0,0.0
mas,1159,default,73,6,6,44.166666666666664,0,2,42.0,32.0,0,16,14,21,E1,6,15,0.0,0.0
mas_iterative,1159,default,73,6,6,43.666666666666664,0,2,41.578947368421055,32.0,0,16,16,24,E1,6,15,0.0,0.0
hungarian,1159,default,73,6,6,43.666666666666664,0,2,41.578947368421055,32.0,0,16,18,58,E1,6,15,0.0,0.0
no_coordination,1160,default,149,6,6,71.0,4,2,53.23076923076923,nan,126,9,0,0,E1,6,15,0.0,0.0
claim,1160,default,99,6,6,52.666666666666664,0,2,42.61538461538461,nan,0,30,6,6,E1,6,15,0.0,0.0
mas,1160,default,99,6,6,52.666666666666664,0,2,42.61538461538461,nan,0,30,12,18,E1,6,15,0.0,0.0
mas_iterative,1160,default,99,6,6,52.666666666666664,0,2,42.61538461538461,nan,0,30,12,18,E1,6,15,0.0,0.0
hungarian,1160,default,99,6,6,52.666666666666664,0,2,42.61538461538461,nan,0,30,18,56,E1,6,15,0.0,0.0
no_coordination,1161,default,105,6,6,73.33333333333333,5,2,66.44444444444444,41.0,87,9,0,0,E1,6,15,0.0,0.0
claim,1161,default,105,6,6,73.33333333333333,4,2,66.44444444444444,41.0,87,10,10,10,E1,6,15,0.0,0.0
mas,1161,default,77,6,6,45.0,0,2,40.833333333333336,26.5,0,28,14,21,E1,6,15,0.0,0.0
mas_iterative,1161,default,77,6,6,44.666666666666664,0,2,40.44444444444444,26.0,0,28,16,24,E1,6,15,0.0,0.0
hungarian,1161,default,77,6,6,44.666666666666664,0,2,40.44444444444444,26.0,0,28,20,59,E1,6,15,0.0,0.0
no_coordination,1162,default,123,6,6,56.666666666666664,4,2,45.333333333333336,20.0,102,8,0,0,E1,6,15,0.0,0.0
claim,1162,default,123,6,6,56.666666666666664,4,2,45.333333333333336,20.0,102,8,10,10,E1,6,15,0.0,0.0
mas,1162,default,78,6,6,43.333333333333336,0,2,37.0,20.0,0,16,14,21,E1,6,15,0.0,0.0
mas_iterative,1162,default,77,6,6,43.0,0,2,36.77777777777778,20.0,0,14,14,21,E1,6,15,0.0,0.0
hungarian,1162,default,77,6,6,43.0,0,2,36.77777777777778,20.0,0,14,18,58,E1,6,15,0.0,0.0
no_coordination,1163,default,123,6,6,55.666666666666664,5,2,52.2,21.0,102,9,0,0,E1,6,15,0.0,0.0
claim,1163,default,83,6,6,43.0,0,2,40.8,21.0,0,26,6,6,E1,6,15,0.0,0.0
mas,1163,default,83,6,6,43.0,0,2,40.8,21.0,0,26,12,18,E1,6,15,0.0,0.0
mas_iterative,1163,default,83,6,6,43.0,0,2,40.8,21.0,0,26,12,18,E1,6,15,0.0,0.0
hungarian,1163,default,83,6,6,43.0,0,2,40.8,21.0,0,26,18,56,E1,6,15,0.0,0.0
no_coordination,1164,default,111,6,6,54.333333333333336,4,2,38.714285714285715,20.0,90,8,0,0,E1,6,15,0.0,0.0
claim,1164,default,111,6,6,54.333333333333336,4,2,38.714285714285715,20.0,90,8,10,10,E1,6,15,0.0,0.0
mas,1164,default,76,6,6,42.0,0,2,32.357142857142854,20.0,0,24,14,21,E1,6,15,0.0,0.0
mas_iterative,1164,default,75,6,6,41.666666666666664,0,2,32.142857142857146,20.0,0,22,14,21,E1,6,15,0.0,0.0
hungarian,1164,default,75,6,6,41.666666666666664,0,2,32.142857142857146,20.0,0,22,18,58,E1,6,15,0.0,0.0
no_coordination,1165,default,81,6,6,57.333333333333336,4,2,49.142857142857146,34.0,58,8,0,0,E1,6,15,0.0,0.0
claim,1165,default,79,6,6,53.666666666666664,1,2,47.142857142857146,34.0,35,19,7,7,E1,6,15,0.0,0.0
mas,1165,default,61,6,6,36.166666666666664,0,2,30.5,24.0,0,20,14,21,E1,6,15,0.0,0.0
mas_iterative,1165,default,61,6,6,35.666666666666664,0,2,30.0,24.0,0,20,14,21,E1,6,15,0.0,0.0
hungarian,1165,default,61,6,6,35.666666666666664,0,2,30.0,24.0,0,20,18,56,E1,6,15,0.0,0.0
no_coordination,1166,default,107,6,6,55.333333333333336,2,2,42.0,26.0,46,6,0,0,E1,6,15,0.0,0.0
claim,1166,default,93,6,6,51.0,0,2,39.76470588235294,26.0,0,20,6,6,E1,6,15,0.0,0.0
mas,1166,default,93,6,6,51.0,0,2,39.76470588235294,26.0,0,20,12,18,E1,6,15,0.0,0.0
mas_iterative,1166,default,93,6,6,51.0,0,2,39.76470588235294,26.0,0,20,12,18,E1,6,15,0.0,0.0
hungarian,1166,default,93,6,6,51.0,0,2,39.76470588235294,26.0,0,20,18,56,E1,6,15,0.0,0.0
no_coordination,1167,default,66,6,6,41.0,3,2,35.0,nan,29,7,0,0,E1,6,15,0.0,0.0
claim,1167,default,66,6,6,41.0,2,2,35.0,nan,29,10,8,8,E1,6,15,0.0,0.0
mas,1167,default,60,6,6,35.333333333333336,0,2,31.727272727272727,nan,0,15,14,21,E1,6,15,0.0,0.0
mas_iterative,1167,default,60,6,6,35.166666666666664,0,2,31.545454545454547,nan,0,15,14,21,E1,6,15,0.0,0.0
hungarian,1167,default,60,6,6,35.166666666666664,0,2,31.545454545454547,nan,0,15,18,58,E1,6,15,0.0,0.0
no_coordination,1168,default,98,6,6,59.166666666666664,3,2,52.0,24.0,50,8,0,0,E1,6,15,0.0,0.0
claim,1168,default,85,6,6,48.666666666666664,0,2,43.6,24.0,0,18,6,6,E1,6,15,0.0,0.0
mas,1168,default,85,6,6,48.666666666666664,0,2,43.6,24.0,0,18,12,18,E1,6,15,0.0,0.0
mas_iterative,1168,default,85,6,6,48.666666666666664,0,2,43.6,24.0,0,18,12,18,E1,6,15,0.0,0.0
hungarian,1168,default,85,6,6,48.666666666666664,0,2,43.6,24.0,0,18,18,56,E1,6,15,0.0,0.0
no_coordination,1169,default,121,6,6,56.666666666666664,4,2,53.0,20.0,100,8,0,0,E1,6,15,0.0,0.0
claim,1169,default,121,6,6,56.666666666666664,4,2,53.0,20.0,100,8,10,10,E1,6,15,0.0,0.0
mas,1169,default,78,6,6,43.333333333333336,0,2,41.0,20.0,0,18,14,21,E1,6,15,0.0,0.0
mas_iterative,1169,default,77,6,6,43.0,0,2,40.7,20.0,0,16,14,21,E1,6,15,0.0,0.0
hungarian,1169,default,77,6,6,43.0,0,2,40.7,20.0,0,16,18,58,E1,6,15,0.0,0.0
no_coordination,1170,default,103,6,6,50.333333333333336,4,2,42.266666666666666,nan,47,8,0,0,E1,6,15,0.0,0.0
claim,1170,default,75,6,6,40.333333333333336,0,2,35.2,nan,0,28,6,6,E1,6,15,0.0,0.0
mas,1170,default,75,6,6,40.333333333333336,0,2,35.2,nan,0,28,12,18,E1,6,15,0.0,0.0
mas_iterative,1170,default,75,6,6,40.333333333333336,0,2,35.2,nan,0,28,12,18,E1,6,15,0.0,0.0
hungarian,1170,default,75,6,6,40.333333333333336,0,2,35.2,nan,0,28,18,56,E1,6,15,0.0,0.0
no_coordination,1171,default,109,6,6,51.333333333333336,4,2,43.44444444444444,23.0,59,8,0,0,E1,6,15,0.0,0.0
claim,1171,default,79,6,6,41.0,0,2,36.44444444444444,23.0,0,30,6,6,E1,6,15,0.0,0.0
mas,1171,default,79,6,6,41.0,0,2,36.44444444444444,23.0,0,30,12,18,E1,6,15,0.0,0.0
mas_iterative,1171,default,79,6,6,41.0,0,2,36.44444444444444,23.0,0,30,12,18,E1,6,15,0.0,0.0
hungarian,1171,default,79,6,6,41.0,0,2,36.44444444444444,23.0,0,30,18,56,E1,6,15,0.0,0.0
no_coordination,1172,default,83,6,6,40.666666666666664,4,2,38.36363636363637,28.0,58,8,0,0,E1,6,15,0.0,0.0
claim,1172,default,67,6,6,35.0,0,2,33.63636363636363,27.5,0,30,6,6,E1,6,15,0.0,0.0
mas,1172,default,67,6,6,35.0,0,2,33.63636363636363,27.5,0,30,12,18,E1,6,15,0.0,0.0
mas_iterative,1172,default,67,6,6,35.0,0,2,33.63636363636363,27.5,0,30,12,18,E1,6,15,0.0,0.0
hungarian,1172,default,67,6,6,35.0,0,2,33.63636363636363,27.5,0,30,18,56,E1,6,15,0.0,0.0
no_coordination,1173,default,87,6,6,47.666666666666664,4,2,37.733333333333334,20.0,66,8,0,0,E1,6,15,0.0,0.0
claim,1173,default,87,6,6,47.666666666666664,4,2,37.733333333333334,20.0,66,8,10,10,E1,6,15,0.0,0.0
mas,1173,default,57,6,6,36.666666666666664,0,2,31.266666666666666,20.0,0,10,14,21,E1,6,15,0.0,0.0
mas_iterative,1173,default,57,6,6,36.333333333333336,0,2,31.066666666666666,20.0,0,10,14,21,E1,6,15,0.0,0.0
hungarian,1173,default,57,6,6,36.333333333333336,0,2,31.066666666666666,20.0,0,10,18,58,E1,6,15,0.0,0.0
no_coordination,1174,default,101,6,6,44.333333333333336,4,2,34.13333333333333,20.0,80,8,0,0,E1,6,15,0.0,0.0
claim,1174,default,101,6,6,44.333333333333336,4,2,34.13333333333333,20.0,80,8,10,10,E1,6,15,0.0,0.0
mas,1174,default,64,6,6,36.0,0,2,29.933333333333334,20.0,0,10,14,21,E1,6,15,0.0,0.0
mas_iterative,1174,default,63,6,6,35.666666666666664,0,2,29.733333333333334,20.0,0,8,14,21,E1,6,15,0.0,0.0
hungarian,1174,default,63,6,6,35.666666666666664,0,2,29.733333333333334,20.0,0,8,18,58,E1,6,15,0.0,0.0
no_coordination,1175,default,92,6,6,44.5,4,2,39.7,28.0,51,8,0,0,E1,6,15,0.0,0.0
claim,1175,default,60,6,6,35.833333333333336,0,2,33.4,27.333333333333332,0,10,6,6,E1,6,15,0.0,0.0
mas,1175,default,60,6,6,35.833333333333336,0,2,33.4,27.333333333333332,0,10,12,18,E1,6,15,0.0,0.0
mas_iterative,1175,default,60,6,6,35.833333333333336,0,2,33.4,27.333333333333332,0,10,12,18,E1,6,15,0.0,0.0
hungarian,1175,default,60,6,6,35.833333333333336,0,2,33.4,27.333333333333332,0,10,18,56,E1,6,15,0.0,0.0
no_coordination,1176,default,71,6,6,40.833333333333336,4,2,36.94117647058823,23.0,55,8,0,0,E1,6,15,0.0,0.0
claim,1176,default,65,6,6,36.5,2,2,33.88235294117647,23.0,24,24,8,8,E1,6,15,0.0,0.0
mas,1176,default,62,6,6,33.666666666666664,0,2,31.176470588235293,23.0,0,29,16,24,E1,6,15,0.0,0.0
mas_iterative,1176,default,61,6,6,33.0,0,2,30.529411764705884,22.0,0,27,14,21,E1,6,15,0.0,0.0
hungarian,1176,default,61,6,6,33.0,0,2,30.529411764705884,22.0,0,27,18,56,E1,6,15,0.0,0.0
no_coordination,1177,default,75,6,6,44.5,3,2,35.0,nan,39,7,0,0,E1,6,15,0.0,0.0
claim,1177,default,75,6,6,44.5,2,2,35.0,nan,36,9,8,8,E1,6,15,0.0,0.0
mas,1177,default,65,6,6,37.5,0,2,31.384615384615383,nan,0,18,14,21,E1,6,15,0.0,0.0
mas_iterative,1177,default,65,6,6,37.333333333333336,0,2,31.23076923076923,nan,0,18,14,21,E1,6,15,0.0,0.0
hungarian,1177,default,65,6,6,37.333333333333336,0,2,31.23076923076923,nan,0,18,18,58,E1,6,15,0.0,0.0
no_coordination,1178,default,102,6,6,60.166666666666664,4,2,52.13333333333333,20.0,63,8,0,0,E1,6,15,0.0,0.0
claim,1178,default,90,6,6,57.333333333333336,2,2,49.733333333333334,20.0,43,13,8,8,E1,6,15,0.0,0.0
mas,1178,default,72,6,6,40.5,0,2,34.86666666666667,20.0,0,16,14,21,E1,6,15,0.0,0.0
mas_iterative,1178,default,71,6,6,40.0,0,2,34.4,20.0,0,14,16,24,E1,6,15,0.0,0.0
hungarian,1178,default,71,6,6,40.0,0,2,34.4,20.0,0,14,18,58,E1,6,15,0.0,0.0
no_coordination,1179,default,77,6,6,40.666666666666664,4,2,38.42857142857143,nan,56,8,0,0,E1,6,15,0.0,0.0
claim,1179,default,77,6,6,40.666666666666664,4,2,38.42857142857143,nan,56,8,10,10,E1,6,15,0.0,0.0
mas,1179,default,54,6,6,33.333333333333336,0,2,32.142857142857146,nan,0,14,14,21,E1,6,15,0.0,0.0
mas_iterative,1179,default,53,6,6,33.0,0,2,31.857142857142858,nan,0,12,14,21,E1,6,15,0.0,0.0
hungarian,1179,default,53,6,6,33.0,0,2,31.857142857142858,nan,0,12,18,58,E1,6,15,0.0,0.0
no_coordination,1180,default,86,6,6,47.5,3,2,40.888888888888886,20.0,38,7,0,0,E1,6,15,0.0,0.0
claim,1180,default,86,6,6,47.5,2,2,40.888888888888886,20.0,38,17,8,8,E1,6,15,0.0,0.0
mas,1180,default,79,6,6,40.166666666666664,0,2,35.611111111111114,20.0,0,32,14,21,E1,6,15,0.0,0.0
mas_iterative,1180,default,79,6,6,40.0,0,2,35.44444444444444,20.0,0,32,14,21,E1,6,15,0.0,0.0
hungarian,1180,default,79,6,6,40.0,0,2,35.44444444444444,20.0,0,32,18,58,E1,6,15,0.0,0.0
no_coordination,1181,default,113,6,6,55.0,4,2,48.31578947368421,20.0,92,8,0,0,E1,6,15,0.0,0.0
claim,1181,default,113,6,6,55.0,4,2,48.31578947368421,20.0,92,8,10,10,E1,6,15,0.0,0.0
mas,1181,default,72,6,6,42.0,0,2,38.1578947368421,20.0,0,14,14,21,E1,6,15,0.0,0.0
mas_iterative,1181,default,71,6,6,41.666666666666664,0,2,37.89473684210526,20.0,0,12,14,21,E1,6,15,0.0,0.0
hungarian,1181,default,71,6,6,41.666666666666664,0,2,37.89473684210526,20.0,0,12,18,58,E1,6,15,0.0,0.0
no_coordination,1182,default,107,6,6,52.666666666666664,3,2,42.0,24.0,87,7,0,0,E1,6,15,0.0,0.0
claim,1182,default,107,6,6,52.666666666666664,3,2,42.0,24.0,87,7,9,9,E1,6,15,0.0,0.0
mas,1182,default,75,6,6,38.5,0,2,31.75,22.0,0,28,14,21,E1,6,15,0.0,0.0
mas_iterative,1182,default,75,6,6,38.0,0,2,31.333333333333332,22.0,0,28,14,21,E1,6,15,0.0,0.0
hungarian,1182,default,75,6,6,38.0,0,2,31.333333333333332,22.0,0,28,18,56,E1,6,15,0.0,0.0
no_coordination,1183,default,109,6,6,67.33333333333333,4,2,51.07692307692308,20.0,89,8,0,0,E1,6,15,0.0,0.0
claim,1183,default,109,6,6,67.33333333333333,4,2,51.07692307692308,20.0,89,8,10,10,E1,6,15,0.0,0.0
mas,1183,default,71,6,6,39.0,0,2,32.15384615384615,20.0,0,23,14,21,E1,6,15,0.0,0.0
mas_iterative,1183,default,70,6,6,38.5,0,2,31.76923076923077,20.0,0,21,14,21,E1,6,15,0.0,0.0
hungarian,1183,default,70,6,6,38.5,0,2,31.76923076923077,20.0,0,21,18,56,E1,6,15,0.0,0.0
no_coordination,1184,default,113,6,6,66.0,6,2,52.36363636363637,28.0,113,10,0,0,E1,6,15,0.0,0.0
claim,1184,default,113,6,6,66.0,6,2,52.36363636363637,28.0,113,10,12,12,E1,6,15,0.0,0.0
mas,1184,default,65,6,6,38.0,0,2,31.454545454545453,20.0,0,20,14,21,E1,6,15,0.0,0.0
mas_iterative,1184,default,65,6,6,37.666666666666664,0,2,31.09090909090909,20.0,0,20,16,24,E1,6,15,0.0,0.0
hungarian,1184,default,65,6,6,37.666666666666664,0,2,31.818181818181817,28.0,0,20,18,58,E1,6,15,0.0,0.0
no_coordination,1185,default,71,6,6,41.5,4,2,37.6,nan,58,8,0,0,E1,6,15,0.0,0.0
claim,1185,default,60,6,6,37.833333333333336,1,2,35.4,nan,21,20,7,7,E1,6,15,0.0,0.0
mas,1185,default,56,6,6,33.833333333333336,0,2,31.3,nan,0,22,14,21,E1,6,15,0.0,0.0
mas_iterative,1185,default,55,6,6,33.333333333333336,0,2,30.8,nan,0,20,14,21,E1,6,15,0.0,0.0
hungarian,1185,default,55,6,6,33.333333333333336,0,2,30.8,nan,0,20,18,56,E1,6,15,0.0,0.0
no_coordination,1186,default,89,6,6,61.166666666666664,3,2,50.9,30.0,70,7,0,0,E1,6,15,0.0,0.0
claim,1186,default,89,6,6,61.166666666666664,2,2,50.9,30.0,53,23,8,8,E1,6,15,0.0,0.0
mas,1186,default,60,6,6,33.833333333333336,0,2,28.4,20.0,0,18,14,21,E1,6,15,0.0,0.0
mas_iterative,1186,default,59,6,6,33.333333333333336,0,2,28.0,20.0,0,16,16,24,E1,6,15,0.0,0.0
hungarian,1186,default,59,6,6,33.333333333333336,0,2,28.0,20.0,0,16,18,58,E1,6,15,0.0,0.0
no_coordination,1187,default,95,6,6,54.333333333333336,3,2,46.76923076923077,nan,56,7,0,0,E1,6,15,0.0,0.0
claim,1187,default,95,6,6,54.333333333333336,2,2,46.76923076923077,nan,46,16,8,8,E1,6,15,0.0,0.0
mas,1187,default,74,6,6,45.0,0,2,39.0,nan,0,8,14,21,E1,6,15,0.0,0.0
mas_iterative,1187,default,73,6,6,44.666666666666664,0,2,38.76923076923077,nan,0,6,14,21,E1,6,15,0.0,0.0
hungarian,1187,default,73,6,6,44.666666666666664,0,2,38.76923076923077,nan,0,6,18,58,E1,6,15,0.0,0.0
no_coordination,1188,default,93,6,6,49.666666666666664,5,2,40.0,nan,70,9,0,0,E1,6,15,0.0,0.0
claim,1188,default,67,6,6,39.333333333333336,0,2,34.0,nan,0,22,6,6,E1,6,15,0.0,0.0
mas,1188,default,67,6,6,39.333333333333336,0,2,34.0,nan,0,22,12,18,E1,6,15,0.0,0.0
mas_iterative,1188,default,67,6,6,39.333333333333336,0,2,34.0,nan,0,22,12,18,E1,6,15,0.0,0.0
hungarian,1188,default,67,6,6,39.333333333333336,0,2,34.0,nan,0,22,18,56,E1,6,15,0.0,0.0
no_coordination,1189,default,129,6,6,68.0,6,2,55.733333333333334,26.0,129,10,0,0,E1,6,15,0.0,0.0
claim,1189,default,129,6,6,68.0,6,2,55.733333333333334,26.0,129,10,12,12,E1,6,15,0.0,0.0
mas,1189,default,72,6,6,40.166666666666664,0,2,35.86666666666667,24.0,0,34,14,21,E1,6,15,0.0,0.0
mas_iterative,1189,default,71,6,6,39.666666666666664,0,2,35.46666666666667,24.0,0,32,16,24,E1,6,15,0.0,0.0
hungarian,1189,default,71,6,6,39.666666666666664,0,2,35.46666666666667,24.0,0,32,18,58,E1,6,15,0.0,0.0
no_coordination,1190,default,84,6,6,54.333333333333336,6,2,47.588235294117645,33.0,84,10,0,0,E1,6,15,0.0,0.0
claim,1190,default,84,6,6,54.333333333333336,6,2,47.588235294117645,33.0,84,10,12,12,E1,6,15,0.0,0.0
mas,1190,default,44,6,6,29.166666666666668,0,2,26.88235294117647,20.5,0,7,14,21,E1,6,15,0.0,0.0
mas_iterative,1190,default,43,6,6,28.833333333333332,0,2,26.470588235294116,20.0,0,5,16,24,E1,6,15,0.0,0.0
hungarian,1190,default,43,6,6,28.833333333333332,0,2,26.470588235294116,20.0,0,5,18,58,E1,6,15,0.0,0.0
no_coordination,1191,default,115,6,6,55.333333333333336,4,2,40.666666666666664,nan,61,8,0,0,E1,6,15,0.0,0.0
claim,1191,default,77,6,6,43.666666666666664,0,2,34.833333333333336,nan,0,18,6,6,E1,6,15,0.0,0.0
mas,1191,default,77,6,6,43.666666666666664,0,2,34.833333333333336,nan,0,18,12,18,E1,6,15,0.0,0.0
mas_iterative,1191,default,77,6,6,43.666666666666664,0,2,34.833333333333336,nan,0,18,12,18,E1,6,15,0.0,0.0
hungarian,1191,default,77,6,6,43.666666666666664,0,2,34.833333333333336,nan,0,18,18,56,E1,6,15,0.0,0.0
no_coordination,1192,default,129,6,6,71.66666666666667,6,2,58.266666666666666,20.0,129,10,0,0,E1,6,15,0.0,0.0
claim,1192,default,129,6,6,71.66666666666667,6,2,58.266666666666666,20.0,129,10,12,12,E1,6,15,0.0,0.0
mas,1192,default,66,6,6,40.166666666666664,0,2,34.733333333333334,20.0,0,8,14,21,E1,6,15,0.0,0.0
mas_iterative,1192,default,65,6,6,39.666666666666664,0,2,34.266666666666666,20.0,0,6,16,24,E1,6,15,0.0,0.0
hungarian,1192,default,65,6,6,39.666666666666664,0,2,34.266666666666666,20.0,0,6,18,58,E1,6,15,0.0,0.0
no_coordination,1193,default,123,6,6,68.0,5,2,53.64705882352941,21.0,91,9,0,0,E1,6,15,0.0,0.0
claim,1193,default,79,6,6,47.666666666666664,0,2,40.8235294117647,21.0,0,18,6,6,E1,6,15,0.0,0.0
mas,1193,default,79,6,6,47.666666666666664,0,2,40.8235294117647,21.0,0,18,12,18,E1,6,15,0.0,0.0
mas_iterative,1193,default,79,6,6,47.666666666666664,0,2,40.8235294117647,21.0,0,18,12,18,E1,6,15,0.0,0.0
hungarian,1193,default,79,6,6,47.666666666666664,0,2,40.8235294117647,21.0,0,18,18,56,E1,6,15,0.0,0.0
no_coordination,1194,default,83,6,6,44.166666666666664,4,2,40.6875,nan,42,8,0,0,E1,6,15,0.0,0.0
claim,1194,default,58,6,6,35.5,0,2,33.5,nan,0,15,6,6,E1,6,15,0.0,0.0
mas,1194,default,58,6,6,35.5,0,2,33.5,nan,0,15,12,18,E1,6,15,0.0,0.0
mas_iterative,1194,default,58,6,6,35.5,0,2,33.5,nan,0,15,12,18,E1,6,15,0.0,0.0
hungarian,1194,default,58,6,6,35.5,0,2,33.5,nan,0,15,18,56,E1,6,15,0.0,0.0
no_coordination,1195,default,104,6,6,65.33333333333333,4,2,53.06666666666667,28.0,73,8,0,0,E1,6,15,0.0,0.0
claim,1195,default,102,6,6,58.166666666666664,1,2,49.0,28.0,29,36,7,7,E1,6,15,0.0,0.0
mas,1195,default,84,6,6,42.5,0,2,34.333333333333336,20.0,0,36,14,21,E1,6,15,0.0,0.0
mas_iterative,1195,default,83,6,6,42.0,0,2,33.86666666666667,20.0,0,34,16,24,E1,6,15,0.0,0.0
hungarian,1195,default,83,6,6,42.0,0,2,33.86666666666667,20.0,0,34,18,58,E1,6,15,0.0,0.0
no_coordination,1196,default,121,6,6,66.33333333333333,4,2,46.46153846153846,24.0,48,8,0,0,E1,6,15,0.0,0.0
claim,1196,default,89,6,6,54.666666666666664,0,2,40.46153846153846,24.0,0,6,6,6,E1,6,15,0.0,0.0
mas,1196,default,89,6,6,54.666666666666664,0,2,40.46153846153846,24.0,0,6,12,18,E1,6,15,0.0,0.0
mas_iterative,1196,default,89,6,6,54.666666666666664,0,2,40.46153846153846,24.0,0,6,12,18,E1,6,15,0.0,0.0
hungarian,1196,default,89,6,6,54.666666666666664,0,2,40.46153846153846,24.0,0,6,18,56,E1,6,15,0.0,0.0
no_coordination,1197,default,115,6,6,72.66666666666667,5,2,62.4,36.0,92,9,0,0,E1,6,15,0.0,0.0
claim,1197,default,85,6,6,62.666666666666664,1,2,56.666666666666664,36.0,37,9,7,7,E1,6,15,0.0,0.0
mas,1197,default,64,6,6,43.666666666666664,0,2,38.06666666666667,21.0,0,7,14,21,E1,6,15,0.0,0.0
mas_iterative,1197,default,64,6,6,43.166666666666664,0,2,37.666666666666664,21.0,0,7,14,21,E1,6,15,0.0,0.0
hungarian,1197,default,64,6,6,43.166666666666664,0,2,37.666666666666664,21.0,0,7,18,56,E1,6,15,0.0,0.0
no_coordination,1198,default,93,6,6,48.0,3,2,45.411764705882355,nan,79,7,0,0,E1,6,15,0.0,0.0
claim,1198,default,93,6,6,48.0,3,2,45.411764705882355,nan,79,7,9,9,E1,6,15,0.0,0.0
mas,1198,default,66,6,6,34.833333333333336,0,2,33.05882352941177,nan,0,26,14,21,E1,6,15,0.0,0.0
mas_iterative,1198,default,65,6,6,34.333333333333336,0,2,32.588235294117645,nan,0,24,14,21,E1,6,15,0.0,0.0
hungarian,1198,default,65,6,6,34.333333333333336,0,2,32.588235294117645,nan,0,24,18,56,E1,6,15,0.0,0.0
no_coordination,1199,default,73,6,6,43.5,2,2,38.588235294117645,20.0,35,7,0,0,E1,6,15,0.0,0.0
claim,1199,default,73,6,6,43.5,2,2,38.588235294117645,20.0,34,7,8,8,E1,6,15,0.0,0.0
mas,1199,default,65,6,6,36.833333333333336,0,2,33.705882352941174,20.0,0,18,14,21,E1,6,15,0.0,0.0
mas_iterative,1199,default,65,6,6,36.666666666666664,0,2,33.529411764705884,20.0,0,18,14,21,E1,6,15,0.0,0.0
hungarian,1199,default,65,6,6,36.666666666666664,0,2,33.529411764705884,20.0,0,18,18,58,E1,6,15,0.0,0.0
no_coordination,1200,default,101,6,6,48.666666666666664,6,2,41.578947368421055,26.666666666666668,101,10,0,0,E1,6,15,0.0,0.0
claim,1200,default,101,6,6,48.666666666666664,6,2,41.578947368421055,26.666666666666668,101,10,12,12,E1,6,15,0.0,0.0
mas,1200,default,70,6,6,35.5,0,2,31.105263157894736,21.666666666666668,0,30,14,21,E1,6,15,0.0,0.0
mas_iterative,1200,default,69,6,6,35.0,0,2,30.63157894736842,21.333333333333332,0,28,16,24,E1,6,15,0.0,0.0
hungarian,1200,default,69,6,6,35.0,0,2,30.63157894736842,21.333333333333332,0,28,18,58,E1,6,15,0.0,0.0
no_coordination,1201,default,101,6,6,61.0,5,2,52.266666666666666,20.0,80,9,0,0,E1,6,15,0.0,0.0
claim,1201,default,77,6,6,53.0,2,2,47.46666666666667,20.0,41,10,8,8,E1,6,15,0.0,0.0
mas,1201,default,55,6,6,38.5,0,2,34.46666666666667,20.0,0,8,14,21,E1,6,15,0.0,0.0
mas_iterative,1201,default,55,6,6,38.0,0,2,34.0,20.0,0,8,14,21,E1,6,15,0.0,0.0
hungarian,1201,default,55,6,6,38.0,0,2,34.0,20.0,0,8,18,56,E1,6,15,0.0,0.0
no_coordination,1202,default,131,6,6,61.0,4,2,56.94117647058823,nan,110,8,0,0,E1,6,15,0.0,0.0
claim,1202,default,131,6,6,61.0,4,2,56.94117647058823,nan,110,8,10,10,E1,6,15,0.0,0.0
mas,1202,default,80,6,6,45.666666666666664,0,2,43.705882352941174,nan,0,12,14,21,E1,6,15,0.0,0.0
mas_iterative,1202,default,79,6,6,45.333333333333336,0,2,43.411764705882355,nan,0,10,14,21,E1,6,15,0.0,0.0
hungarian,1202,default,79,6,6,45.333333333333336,0,2,43.411764705882355,nan,0,10,18,58,E1,6,15,0.0,0.0
no_coordination,1203,default,103,6,6,57.666666666666664,4,2,49.2,37.5,80,8,0,0,E1,6,15,0.0,0.0
claim,1203,default,63,6,6,43.0,0,2,39.2,33.5,0,4,6,6,E1,6,15,0.0,0.0
mas,1203,default,63,6,6,43.0,0,2,39.2,33.5,0,4,12,18,E1,6,15,0.0,0.0
mas_iterative,1203,default,63,6,6,43.0,0,2,39.2,33.5,0,4,12,18,E1,6,15,0.0,0.0
hungarian,1203,default,63,6,6,43.0,0,2,39.2,33.5,0,4,18,56,E1,6,15,0.0,0.0
no_coordination,1204,default,95,6,6,57.166666666666664,4,2,49.0625,26.0,80,9,0,0,E1,6,15,0.0,0.0
claim,1204,default,70,6,6,50.166666666666664,1,2,45.3125,26.0,27,8,7,7,E1,6,15,0.0,0.0
mas,1204,default,61,6,6,37.166666666666664,0,2,33.1875,20.0,0,16,14,21,E1,6,15,0.0,0.0
mas_iterative,1204,default,61,6,6,36.666666666666664,0,2,32.75,20.0,0,16,18,27,E1,6,15,0.0,0.0
hungarian,1204,default,61,6,6,36.666666666666664,0,2,32.75,20.0,0,16,18,60,E1,6,15,0.0,0.0
no_coordination,1205,default,82,6,6,51.0,4,2,44.625,25.5,41,8,0,0,E1,6,15,0.0,0.0
claim,1205,default,84,6,6,50.5,2,2,44.25,25.5,28,17,8,8,E1,6,15,0.0,0.0
mas,1205,default,82,6,6,49.5,0,2,42.5,21.5,0,10,14,21,E1,6,15,0.0,0.0
mas_iterative,1205,default,81,6,6,49.0,0,2,42.0,21.0,0,8,14,21,E1,6,15,0.0,0.0
hungarian,1205,default,81,6,6,49.0,0,2,42.0,21.0,0,8,18,56,E1,6,15,0.0,0.0
no_coordination,1206,default,93,6,6,48.666666666666664,5,2,39.333333333333336,22.0,72,9,0,0,E1,6,15,0.0,0.0
claim,1206,default,57,6,6,37.333333333333336,0,2,32.53333333333333,22.0,0,4,6,6,E1,6,15,0.0,0.0
mas,1206,default,57,6,6,37.333333333333336,0,2,32.53333333333333,22.0,0,4,12,18,E1,6,15,0.0,0.0
mas_iterative,1206,default,57,6,6,37.333333333333336,0,2,32.53333333333333,22.0,0,4,12,18,E1,6,15,0.0,0.0
hungarian,1206,default,57,6,6,37.333333333333336,0,2,32.53333333333333,22.0,0,4,18,56,E1,6,15,0.0,0.0
no_coordination,1207,default,91,6,6,46.666666666666664,4,2,42.72727272727273,nan,70,8,0,0,E1,6,15,0.0,0.0
claim,1207,default,91,6,6,46.666666666666664,4,2,42.72727272727273,nan,70,8,10,10,E1,6,15,0.0,0.0
mas,1207,default,58,6,6,36.666666666666664,0,2,34.81818181818182,nan,0,8,14,21,E1,6,15,0.0,0.0
mas_iterative,1207,default,57,6,6,36.333333333333336,0,2,34.54545454545455,nan,0,6,14,21,E1,6,15,0.0,0.0
hungarian,1207,default,57,6,6,36.333333333333336,0,2,34.54545454545455,nan,0,6,18,58,E1,6,15,0.0,0.0
no_coordination,1208,default,95,6,6,52.0,5,2,44.05882352941177,31.5,52,9,0,0,E1,6,15,0.0,0.0
claim,1208,default,81,6,6,49.166666666666664,2,2,42.88235294117647,31.5,34,27,8,8,E1,6,15,0.0,0.0
mas,1208,default,74,6,6,39.166666666666664,0,2,32.705882352941174,21.5,0,32,14,21,E1,6,15,0.0,0.0
mas_iterative,1208,default,73,6,6,38.666666666666664,0,2,32.23529411764706,21.0,0,30,14,21,E1,6,15,0.0,0.0
hungarian,1208,default,73,6,6,38.666666666666664,0,2,32.23529411764706,21.0,0,30,18,56,E1,6,15,0.0,0.0
no_coordination,1209,default,79,6,6,42.0,3,2,36.705882352941174,20.0,27,7,0,0,E1,6,15,0.0,0.0
claim,1209,default,73,6,6,41.0,1,2,36.0,20.0,20,27,7,7,E1,6,15,0.0,0.0
mas,1209,default,66,6,6,34.5,0,2,31.41176470588235,20.0,0,30,14,21,E1,6,15,0.0,0.0
mas_iterative,1209,default,65,6,6,34.0,0,2,31.058823529411764,20.0,0,28,14,21,E1,6,15,0.0,0.0
hungarian,1209,default,65,6,6,34.0,0,2,31.058823529411764,20.0,0,28,18,58,E1,6,15,0.0,0.0
no_coordination,1210,default,81,6,6,49.333333333333336,3,2,37.06666666666667,20.0,44,7,0,0,E1,6,15,0.0,0.0
claim,1210,default,81,6,6,49.333333333333336,2,2,37.06666666666667,20.0,44,12,8,8,E1,6,15,0.0,0.0
mas,1210,default,76,6,6,41.333333333333336,0,2,32.733333333333334,20.0,0,32,14,21,E1,6,15,0.0,0.0
mas_iterative,1210,default,75,6,6,41.0,0,2,32.53333333333333,20.0,0,30,14,21,E1,6,15,0.0,0.0
hungarian,1210,default,75,6,6,41.0,0,2,32.53333333333333,20.0,0,30,18,58,E1,6,15,0.0,0.0
no_coordination,1211,default,98,6,6,53.666666666666664,5,2,43.642857142857146,26.0,57,9,0,0,E1,6,15,0.0,0.0
claim,1211,default,81,6,6,48.333333333333336,1,2,41.142857142857146,26.0,27,30,7,7,E1,6,15,0.0,0.0
mas,1211,default,67,6,6,37.166666666666664,0,2,30.714285714285715,20.0,0,24,14,21,E1,6,15,0.0,0.0
mas_iterative,1211,default,67,6,6,36.666666666666664,0,2,30.285714285714285,20.0,0,24,16,24,E1,6,15,0.0,0.0
hungarian,1211,default,67,6,6,36.666666666666664,0,2,30.285714285714285,20.0,0,24,18,58,E1,6,15,0.0,0.0
no_coordination,1212,default,95,6,6,50.333333333333336,4,2,37.714285714285715,20.0,74,8,0,0,E1,6,15,0.0,0.0
claim,1212,default,95,6,6,50.333333333333336,4,2,37.714285714285715,20.0,74,8,10,10,E1,6,15,0.0,0.0
mas,1212,default,64,6,6,39.0,0,2,31.928571428571427,20.0,0,16,14,21,E1,6,15,0.0,0.0
mas_iterative,1212,default,63,6,6,38.666666666666664,0,2,31.714285714285715,20.0,0,14,14,21,E1,6,15,0.0,0.0
hungarian,1212,default,63,6,6,38.666666666666664,0,2,31.714285714285715,20.0,0,14,18,58,E1,6,15,0.0,0.0
no_coordination,1213,default,107,6,6,61.333333333333336,4,2,55.23809523809524,40.5,86,8,0,0,E1,6,15,0.0,0.0
claim,1213,default,107,6,6,61.333333333333336,4,2,55.23809523809524,40.5,86,8,10,10,E1,6,15,0.0,0.0
mas,1213,default,71,6,6,44.0,0,2,41.523809523809526,34.25,0,18,14,21,E1,6,15,0.0,0.0
mas_iterative,1213,default,71,6,6,43.666666666666664,0,2,41.23809523809524,34.0,0,18,14,21,E1,6,15,0.0,0.0
hungarian,1213,default,71,6,6,43.666666666666664,0,2,41.23809523809524,34.0,0,18,18,58,E1,6,15,0.0,0.0
no_coordination,1214,default,99,6,6,45.666666666666664,4,2,43.391304347826086,35.2,78,8,0,0,E1,6,15,0.0,0.0
claim,1214,default,99,6,6,45.666666666666664,4,2,43.391304347826086,35.2,78,8,10,10,E1,6,15,0.0,0.0
mas,1214,default,68,6,6,37.0,0,2,35.69565217391305,31.0,0,20,14,21,E1,6,15,0.0,0.0
mas_iterative,1214,default,67,6,6,36.666666666666664,0,2,35.391304347826086,30.8,0,18,14,21,E1,6,15,0.0,0.0
hungarian,1214,default,67,6,6,36.666666666666664,0,2,35.391304347826086,30.8,0,18,18,58,E1,6,15,0.0,0.0
no_coordination,1215,default,102,6,6,53.666666666666664,3,2,44.92857142857143,nan,46,7,0,0,E1,6,15,0.0,0.0
claim,1215,default,83,6,6,50.5,1,2,43.57142857142857,nan,26,10,7,7,E1,6,15,0.0,0.0
mas,1215,default,71,6,6,43.0,0,2,38.0,nan,0,6,14,21,E1,6,15,0.0,0.0
mas_iterative,1215,default,71,6,6,42.666666666666664,0,2,37.714285714285715,nan,0,6,14,21,E1,6,15,0.0,0.0
hungarian,1215,default,71,6,6,42.666666666666664,0,2,37.714285714285715,nan,0,6,18,58,E1,6,15,0.0,0.0
no_coordination,1216,default,118,6,6,69.66666666666667,5,2,57.214285714285715,22.0,93,9,0,0,E1,6,15,0.0,0.0
claim,1216,default,98,6,6,65.5,3,2,55.42857142857143,22.0,67,12,9,9,E1,6,15,0.0,0.0
mas,1216,default,64,6,6,39.5,0,2,34.857142857142854,20.0,0,20,14,21,E1,6,15,0.0,0.0
mas_iterative,1216,default,63,6,6,39.0,0,2,34.42857142857143,20.0,0,18,18,27,E1,6,15,0.0,0.0
hungarian,1216,default,67,6,6,40.0,0,2,35.42857142857143,22.0,0,8,18,56,E1,6,15,0.0,0.0
no_coordination,1217,default,71,6,6,42.5,4,2,36.72727272727273,nan,56,8,0,0,E1,6,15,0.0,0.0
claim,1217,default,59,6,6,39.0,1,2,34.81818181818182,nan,21,16,7,7,E1,6,15,0.0,0.0
mas,1217,default,54,6,6,35.5,0,2,31.545454545454547,nan,0,12,14,21,E1,6,15,0.0,0.0
mas_iterative,1217,default,53,6,6,35.0,0,2,31.09090909090909,nan,0,10,16,24,E1,6,15,0.0,0.0
hungarian,1217,default,53,6,6,35.0,0,2,31.09090909090909,nan,0,10,18,58,E1,6,15,0.0,0.0
no_coordination,1218,default,97,6,6,52.0,3,2,45.375,24.0,79,7,0,0,E1,6,15,0.0,0.0
claim,1218,default,97,6,6,52.0,3,2,45.375,24.0,79,7,9,9,E1,6,15,0.0,0.0
mas,1218,default,62,6,6,37.166666666666664,0,2,34.4375,24.0,0,12,14,21,E1,6,15,0.0,0.0
mas_iterative,1218,default,61,6,6,36.666666666666664,0,2,33.875,24.0,0,10,14,21,E1,6,15,0.0,0.0
hungarian,1218,default,61,6,6,36.666666666666664,0,2,33.875,24.0,0,10,18,56,E1,6,15,0.0,0.0
no_coordination,1219,default,77,6,6,38.0,3,2,35.42857142857143,nan,7,7,0,0,E1,6,15,0.0,0.0
claim,1219,default,74,6,6,37.5,1,2,35.0,nan,3,32,7,7,E1,6,15,0.0,0.0
mas,1219,default,72,6,6,37.0,0,2,34.57142857142857,nan,0,29,14,21,E1,6,15,0.0,0.0
mas_iterative,1219,default,71,6,6,36.666666666666664,0,2,34.285714285714285,nan,0,27,14,21,E1,6,15,0.0,0.0
hungarian,1219,default,71,6,6,36.666666666666664,0,2,34.285714285714285,nan,0,27,18,58,E1,6,15,0.0,0.0
no_coordination,1220,default,89,6,6,52.5,3,2,45.333333333333336,20.0,53,7,0,0,E1,6,15,0.0,0.0
claim,1220,default,89,6,6,52.5,2,2,45.333333333333336,20.0,46,13,8,8,E1,6,15,0.0,0.0
mas,1220,default,72,6,6,43.333333333333336,0,2,38.166666666666664,20.0,0,14,14,21,E1,6,15,0.0,0.0
mas_iterative,1220,default,71,6,6,43.0,0,2,37.888888888888886,20.0,0,12,14,21,E1,6,15,0.0,0.0
hungarian,1220,default,71,6,6,43.0,0,2,37.888888888888886,20.0,0,12,18,58,E1,6,15,0.0,0.0
no_coordination,1221,default,117,6,6,70.0,5,2,60.0,32.0,86,9,0,0,E1,6,15,0.0,0.0
claim,1221,default,93,6,6,64.66666666666667,2,2,57.57142857142857,32.0,53,12,8,8,E1,6,15,0.0,0.0
mas,1221,default,63,6,6,36.5,0,2,32.57142857142857,20.0,0,22,14,21,E1,6,15,0.0,0.0
mas_iterative,1221,default,63,6,6,36.0,0,2,32.142857142857146,20.0,0,22,16,24,E1,6,15,0.0,0.0
hungarian,1221,default,63,6,6,36.0,0,2,32.142857142857146,20.0,0,22,18,58,E1,6,15,0.0,0.0
no_coordination,1222,default,125,6,6,59.0,5,2,45.333333333333336,24.0,70,9,0,0,E1,6,15,0.0,0.0
claim,1222,default,89,6,6,52.333333333333336,2,2,42.4,24.0,29,12,8,8,E1,6,15,0.0,0.0
mas,1222,default,86,6,6,47.5,0,2,37.8,20.5,0,16,14,21,E1,6,15,0.0,0.0
mas_iterative,1222,default,85,6,6,47.0,0,2,37.333333333333336,20.0,0,14,16,24,E1,6,15,0.0,0.0
hungarian,1222,default,85,6,6,47.0,0,2,37.333333333333336,20.0,0,14,18,58,E1,6,15,0.0,0.0
no_coordination,1223,default,92,6,6,57.0,4,2,47.93333333333333,24.0,49,9,0,0,E1,6,15,0.0,0.0
claim,1223,default,91,6,6,56.833333333333336,3,2,47.86666666666667,24.0,47,22,9,9,E1,6,15,0.0,0.0
mas,1223,default,66,6,6,40.5,0,2,34.0,20.0,0,10,14,21,E1,6,15,0.0,0.0
mas_iterative,1223,default,65,6,6,40.0,0,2,33.6,20.0,0,8,16,24,E1,6,15,0.0,0.0
hungarian,1223,default,65,6,6,40.0,0,2,33.6,20.0,0,8,18,58,E1,6,15,0.0,0.0
no_coordination,1224,default,92,6,6,55.333333333333336,4,2,49.529411764705884,20.0,69,8,0,0,E1,6,15,0.0,0.0
claim,1224,default,90,6,6,48.5,1,2,44.1764705882353,20.0,21,34,7,7,E1,6,15,0.0,0.0
mas,1224,default,81,6,6,40.0,0,2,36.23529411764706,20.0,0,40,14,21,E1,6,15,0.0,0.0
mas_iterative,1224,default,81,6,6,39.666666666666664,0,2,35.88235294117647,20.0,0,40,18,27,E1,6,15,0.0,0.0
hungarian,1224,default,81,6,6,39.666666666666664,0,2,35.88235294117647,20.0,0,40,20,61,E1,6,15,0.0,0.0
no_coordination,1225,default,82,6,6,40.666666666666664,3,2,35.083333333333336,nan,32,7,0,0,E1,6,15,0.0,0.0
claim,1225,default,61,6,6,37.166666666666664,1,2,33.333333333333336,nan,10,8,7,7,E1,6,15,0.0,0.0
mas,1225,default,58,6,6,34.666666666666664,0,2,32.083333333333336,nan,0,8,14,21,E1,6,15,0.0,0.0
mas_iterative,1225,default,57,6,6,34.333333333333336,0,2,31.833333333333332,nan,0,6,14,21,E1,6,15,0.0,0.0
hungarian,1225,default,57,6,6,34.333333333333336,0,2,31.833333333333332,nan,0,6,18,58,E1,6,15,0.0,0.0
no_coordination,1226,default,62,6,6,31.333333333333332,4,2,30.736842105263158,20.0,41,8,0,0,E1,6,15,0.0,0.0
claim,1226,default,62,6,6,31.333333333333332,4,2,30.736842105263158,20.0,41,8,10,10,E1,6,15,0.0,0.0
mas,1226,default,50,6,6,28.333333333333332,0,2,27.894736842105264,20.0,0,21,14,21,E1,6,15,0.0,0.0
mas_iterative,1226,default,49,6,6,28.0,0,2,27.57894736842105,20.0,0,19,14,21,E1,6,15,0.0,0.0
hungarian,1226,default,49,6,6,28.0,0,2,27.57894736842105,20.0,0,19,18,58,E1,6,15,0.0,0.0
no_coordination,1227,default,117,6,6,71.0,5,2,52.0,25.0,101,9,0,0,E1,6,15,0.0,0.0
claim,1227,default,117,6,6,71.0,4,2,52.0,25.0,93,16,10,10,E1,6,15,0.0,0.0
mas,1227,default,84,6,6,51.5,0,2,39.357142857142854,22.5,0,14,14,21,E1,6,15,0.0,0.0
mas_iterative,1227,default,83,6,6,51.0,0,2,38.857142857142854,22.0,0,12,14,21,E1,6,15,0.0,0.0
hungarian,1227,default,83,6,6,51.0,0,2,38.857142857142854,22.0,0,12,18,56,E1,6,15,0.0,0.0
no_coordination,1228,default,99,6,6,57.666666666666664,6,2,52.31578947368421,27.0,99,10,0,0,E1,6,15,0.0,0.0
claim,1228,default,99,6,6,57.666666666666664,6,2,52.31578947368421,27.0,99,10,12,12,E1,6,15,0.0,0.0
mas,1228,default,50,6,6,33.166666666666664,0,2,31.94736842105263,27.0,0,10,14,21,E1,6,15,0.0,0.0
mas_iterative,1228,default,49,6,6,32.666666666666664,0,2,31.473684210526315,27.0,0,8,16,24,E1,6,15,0.0,0.0
hungarian,1228,default,49,6,6,32.666666666666664,0,2,31.473684210526315,27.0,0,8,18,58,E1,6,15,0.0,0.0
no_coordination,1229,default,115,6,6,63.5,5,2,54.18181818181818,nan,98,9,0,0,E1,6,15,0.0,0.0
claim,1229,default,91,6,6,54.666666666666664,1,2,48.90909090909091,nan,27,28,7,7,E1,6,15,0.0,0.0
mas,1229,default,84,6,6,43.833333333333336,0,2,37.72727272727273,nan,0,40,14,21,E1,6,15,0.0,0.0
mas_iterative,1229,default,83,6,6,43.333333333333336,0,2,37.27272727272727,nan,0,38,14,21,E1,6,15,0.0,0.0
hungarian,1229,default,83,6,6,43.333333333333336,0,2,37.27272727272727,nan,0,38,18,56,E1,6,15,0.0,0.0
no_coordination,1230,default,105,6,6,50.333333333333336,4,2,37.81818181818182,nan,84,8,0,0,E1,6,15,0.0,0.0
claim,1230,default,105,6,6,50.333333333333336,4,2,37.81818181818182,nan,84,8,10,10,E1,6,15,0.0,0.0
mas,1230,default,68,6,6,39.333333333333336,0,2,31.818181818181817,nan,0,14,14,21,E1,6,15,0.0,0.0
mas_iterative,1230,default,67,6,6,39.0,0,2,31.636363636363637,nan,0,12,14,21,E1,6,15,0.0,0.0
hungarian,1230,default,67,6,6,39.0,0,2,31.636363636363637,nan,0,12,18,58,E1,6,15,0.0,0.0
no_coordination,1231,default,71,6,6,41.333333333333336,3,2,36.44444444444444,nan,23,7,0,0,E1,6,15,0.0,0.0
claim,1231,default,69,6,6,41.0,1,2,36.22222222222222,nan,20,23,7,7,E1,6,15,0.0,0.0
mas,1231,default,61,6,6,35.333333333333336,0,2,32.44444444444444,nan,0,22,14,21,E1,6,15,0.0,0.0
mas_iterative,1231,default,61,6,6,35.0,0,2,32.22222222222222,nan,0,22,14,21,E1,6,15,0.0,0.0
hungarian,1231,default,61,6,6,35.0,0,2,32.22222222222222,nan,0,22,18,58,E1,6,15,0.0,0.0
no_coordination,1232,default,84,6,6,43.5,4,2,35.5,20.0,49,8,0,0,E1,6,15,0.0,0.0
claim,1232,default,58,6,6,35.166666666666664,0,2,30.75,20.0,0,14,6,6,E1,6,15,0.0,0.0
mas,1232,default,58,6,6,35.166666666666664,0,2,30.75,20.0,0,14,12,18,E1,6,15,0.0,0.0
mas_iterative,1232,default,58,6,6,35.166666666666664,0,2,30.75,20.0,0,14,12,18,E1,6,15,0.0,0.0
hungarian,1232,default,58,6,6,35.166666666666664,0,2,30.75,20.0,0,14,18,56,E1,6,15,0.0,0.0
no_coordination,1233,default,107,6,6,49.0,4,2,38.61538461538461,nan,86,8,0,0,E1,6,15,0.0,0.0
claim,1233,default,107,6,6,49.0,4,2,38.61538461538461,nan,86,8,10,10,E1,6,15,0.0,0.0
mas,1233,default,68,6,6,38.666666666666664,0,2,32.46153846153846,nan,0,12,14,21,E1,6,15,0.0,0.0
mas_iterative,1233,default,67,6,6,38.333333333333336,0,2,32.15384615384615,nan,0,10,14,21,E1,6,15,0.0,0.0
hungarian,1233,default,67,6,6,38.333333333333336,0,2,32.15384615384615,nan,0,10,18,58,E1,6,15,0.0,0.0
no_coordination,1234,default,95,6,6,61.333333333333336,4,2,51.285714285714285,36.0,56,8,0,0,E1,6,15,0.0,0.0
claim,1234,default,93,6,6,61.0,2,2,51.142857142857146,36.0,53,28,8,8,E1,6,15,0.0,0.0
mas,1234,default,62,6,6,40.333333333333336,0,2,35.285714285714285,26.5,0,6,14,21,E1,6,15,0.0,0.0
mas_iterative,1234,default,61,6,6,40.0,0,2,34.857142857142854,26.0,0,4,16,24,E1,6,15,0.0,0.0
hungarian,1234,default,61,6,6,39.0,0,2,34.0,25.0,0,6,18,56,E1,6,15,0.0,0.0
no_coordination,1235,default,95,6,6,66.0,4,2,52.42857142857143,33.0,73,8,0,0,E1,6,15,0.0,0.0
claim,1235,default,95,6,6,66.0,3,2,52.42857142857143,33.0,71,9,9,9,E1,6,15,0.0,0.0
mas,1235,default,81,6,6,42.5,0,2,36.214285714285715,33.0,0,34,14,21,E1,6,15,0.0,0.0
mas_iterative,1235,default,81,6,6,42.0,0,2,35.857142857142854,33.0,0,34,14,21,E1,6,15,0.0,0.0
hungarian,1235,default,81,6,6,42.0,0,2,35.857142857142854,33.0,0,34,18,56,E1,6,15,0.0,0.0
no_coordination,1236,default,102,6,6,56.0,5,2,48.94117647058823,28.0,57,9,0,0,E1,6,15,0.0,0.0
claim,1236,default,95,6,6,54.833333333333336,3,2,48.11764705882353,28.0,49,32,9,9,E1,6,15,0.0,0.0
mas,1236,default,68,6,6,38.833333333333336,0,2,34.11764705882353,20.5,0,14,14,21,E1,6,15,0.0,0.0
mas_iterative,1236,default,67,6,6,38.333333333333336,0,2,33.64705882352941,20.0,0,12,16,24,E1,6,15,0.0,0.0
hungarian,1236,default,67,6,6,38.333333333333336,0,2,33.64705882352941,20.0,0,12,18,58,E1,6,15,0.0,0.0
no_coordination,1237,default,86,6,6,51.833333333333336,2,2,44.666666666666664,20.0,44,7,0,0,E1,6,15,0.0,0.0
claim,1237,default,86,6,6,51.833333333333336,2,2,44.666666666666664,20.0,44,7,8,8,E1,6,15,0.0,0.0
mas,1237,default,78,6,6,43.333333333333336,0,2,38.05555555555556,20.0,0,24,14,21,E1,6,15,0.0,0.0
mas_iterative,1237,default,77,6,6,43.0,0,2,37.77777777777778,20.0,0,22,14,21,E1,6,15,0.0,0.0
hungarian,1237,default,77,6,6,43.0,0,2,37.77777777777778,20.0,0,22,18,58,E1,6,15,0.0,0.0
no_coordination,1238,default,85,6,6,51.0,5,2,41.142857142857146,24.0,66,9,0,0,E1,6,15,0.0,0.0
claim,1238,default,63,6,6,42.666666666666664,1,2,36.857142857142854,24.0,25,15,7,7,E1,6,15,0.0,0.0
mas,1238,default,53,6,6,34.0,0,2,29.214285714285715,20.0,0,14,14,21,E1,6,15,0.0,0.0
mas_iterative,1238,default,53,6,6,33.666666666666664,0,2,28.857142857142858,20.0,0,14,14,21,E1,6,15,0.0,0.0
hungarian,1238,default,53,6,6,33.666666666666664,0,2,28.857142857142858,20.0,0,14,18,56,E1,6,15,0.0,0.0
no_coordination,1239,default,90,6,6,59.666666666666664,4,2,58.1,44.0,71,8,0,0,E1,6,15,0.0,0.0
claim,1239,default,85,6,6,56.0,3,2,54.8,44.0,65,7,9,9,E1,6,15,0.0,0.0
mas,1239,default,58,6,6,36.833333333333336,0,2,35.65,25.0,0,19,16,24,E1,6,15,0.0,0.0
mas_iterative,1239,default,57,6,6,36.166666666666664,0,2,35.0,24.5,0,17,14,21,E1,6,15,0.0,0.0
hungarian,1239,default,57,6,6,36.166666666666664,0,2,35.0,24.5,0,17,18,56,E1,6,15,0.0,0.0
no_coordination,1240,default,99,6,6,43.0,4,2,37.64705882352941,26.0,41,8,0,0,E1,6,15,0.0,0.0
claim,1240,default,95,6,6,41.0,2,2,36.0,26.0,68,6,8,8,E1,6,15,0.0,0.0
mas,1240,default,64,6,6,35.833333333333336,0,2,32.35294117647059,26.0,0,10,14,21,E1,6,15,0.0,0.0
mas_iterative,1240,default,63,6,6,35.666666666666664,0,2,32.23529411764706,26.0,0,8,14,21,E1,6,15,0.0,0.0
hungarian,1240,default,63,6,6,35.666666666666664,0,2,32.23529411764706,26.0,0,8,18,58,E1,6,15,0.0,0.0
no_coordination,1241,default,80,6,6,49.0,5,2,41.7,nan,57,9,0,0,E1,6,15,0.0,0.0
claim,1241,default,59,6,6,42.666666666666664,1,2,37.9,nan,25,8,7,7,E1,6,15,0.0,0.0
mas,1241,default,49,6,6,34.833333333333336,0,2,31.3,nan,0,6,14,21,E1,6,15,0.0,0.0
mas_iterative,1241,default,49,6,6,34.333333333333336,0,2,30.8,nan,0,6,14,21,E1,6,15,0.0,0.0
hungarian,1241,default,49,6,6,33.333333333333336,0,2,29.8,nan,0,8,18,56,E1,6,15,0.0,0.0
no_coordination,1242,default,139,6,6,66.5,4,2,51.0,20.0,124,9,0,0,E1,6,15,0.0,0.0
claim,1242,default,104,6,6,55.166666666666664,1,2,43.44444444444444,20.0,21,38,7,7,E1,6,15,0.0,0.0
mas,1242,default,84,6,6,46.166666666666664,0,2,37.44444444444444,20.0,0,18,14,21,E1,6,15,0.0,0.0
mas_iterative,1242,default,83,6,6,45.666666666666664,0,2,37.111111111111114,20.0,0,16,16,24,E1,6,15,0.0,0.0
hungarian,1242,default,83,6,6,45.666666666666664,0,2,37.111111111111114,20.0,0,16,18,58,E1,6,15,0.0,0.0
no_coordination,1243,default,109,6,6,58.666666666666664,4,2,49.25,32.0,77,8,0,0,E1,6,15,0.0,0.0
claim,1243,default,77,6,6,51.5,1,2,45.875,32.0,33,8,7,7,E1,6,15,0.0,0.0
mas,1243,default,57,6,6,35.0,0,2,30.1875,21.0,0,6,16,24,E1,6,15,0.0,0.0
mas_iterative,1243,default,56,6,6,34.166666666666664,0,2,29.4375,21.0,0,4,14,21,E1,6,15,0.0,0.0
hungarian,1243,default,56,6,6,34.166666666666664,0,2,29.4375,21.0,0,4,18,56,E1,6,15,0.0,0.0
no_coordination,1244,default,113,6,6,60.0,2,2,43.0,20.0,72,6,0,0,E1,6,15,0.0,0.0
claim,1244,default,113,6,6,60.0,2,2,43.0,20.0,72,6,8,8,E1,6,15,0.0,0.0
mas,1244,default,93,6,6,50.666666666666664,0,2,38.333333333333336,20.0,0,22,14,21,E1,6,15,0.0,0.0
mas_iterative,1244,default,93,6,6,50.333333333333336,0,2,38.166666666666664,20.0,0,22,14,21,E1,6,15,0.0,0.0
hungarian,1244,default,93,6,6,50.333333333333336,0,2,38.166666666666664,20.0,0,22,18,58,E1,6,15,0.0,0.0
no_coordination,1245,default,79,6,6,46.666666666666664,4,2,39.86666666666667,24.0,51,8,0,0,E1,6,15,0.0,0.0
claim,1245,default,63,6,6,37.333333333333336,0,2,33.333333333333336,24.0,0,22,6,6,E1,6,15,0.0,0.0
mas,1245,default,63,6,6,37.333333333333336,0,2,33.333333333333336,24.0,0,22,12,18,E1,6,15,0.0,0.0
mas_iterative,1245,default,63,6,6,37.333333333333336,0,2,33.333333333333336,24.0,0,22,12,18,E1,6,15,0.0,0.0
hungarian,1245,default,63,6,6,37.333333333333336,0,2,33.333333333333336,24.0,0,22,18,56,E1,6,15,0.0,0.0
no_coordination,1246,default,69,6,6,48.833333333333336,2,2,44.6875,26.0,42,7,0,0,E1,6,15,0.0,0.0
claim,1246,default,78,6,6,46.0,1,2,42.5625,26.0,27,28,7,7,E1,6,15,0.0,0.0
mas,1246,default,66,6,6,35.166666666666664,0,2,32.3125,22.0,0,30,14,21,E1,6,15,0.0,0.0
mas_iterative,1246,default,65,6,6,34.666666666666664,0,2,31.875,22.0,0,28,16,24,E1,6,15,0.0,0.0
hungarian,1246,default,65,6,6,34.666666666666664,0,2,31.875,22.0,0,28,18,58,E1,6,15,0.0,0.0
no_coordination,1247,default,76,6,6,44.166666666666664,3,2,42.13333333333333,nan,34,7,0,0,E1,6,15,0.0,0.0
claim,1247,default,76,6,6,44.166666666666664,2,2,42.13333333333333,nan,34,13,8,8,E1,6,15,0.0,0.0
mas,1247,default,63,6,6,36.5,0,2,35.53333333333333,nan,0,20,14,21,E1,6,15,0.0,0.0
mas_iterative,1247,default,63,6,6,36.333333333333336,0,2,35.333333333333336,nan,0,20,14,21,E1,6,15,0.0,0.0
hungarian,1247,default,63,6,6,36.333333333333336,0,2,35.333333333333336,nan,0,20,18,58,E1,6,15,0.0,0.0
no_coordination,1248,default,79,6,6,53.166666666666664,4,2,41.357142857142854,26.0,58,8,0,0,E1,6,15,0.0,0.0
claim,1248,default,79,6,6,53.166666666666664,3,2,41.357142857142854,26.0,53,12,9,9,E1,6,15,0.0,0.0
mas,1248,default,73,6,6,39.166666666666664,0,2,31.571428571428573,20.5,0,30,14,21,E1,6,15,0.0,0.0
mas_iterative,1248,default,73,6,6,38.666666666666664,0,2,31.142857142857142,20.0,0,30,16,24,E1,6,15,0.0,0.0
hungarian,1248,default,73,6,6,38.666666666666664,0,2,31.142857142857142,20.0,0,30,18,58,E1,6,15,0.0,0.0
no_coordination,1249,default,84,6,6,45.0,2,2,41.166666666666664,20.0,8,7,0,0,E1,6,15,0.0,0.0
claim,1249,default,83,6,6,44.833333333333336,1,2,41.05555555555556,20.0,6,26,7,7,E1,6,15,0.0,0.0
mas,1249,default,78,6,6,43.666666666666664,0,2,40.166666666666664,20.0,0,18,14,21,E1,6,15,0.0,0.0
mas_iterative,1249,default,77,6,6,43.333333333333336,0,2,39.888888888888886,20.0,0,16,14,21,E1,6,15,0.0,0.0
hungarian,1249,default,77,6,6,43.333333333333336,0,2,39.888888888888886,20.0,0,16,18,58,E1,6,15,0.0,0.0
no_coordination,1250,default,117,6,6,56.333333333333336,4,2,45.142857142857146,nan,96,8,0,0,E1,6,15,0.0,0.0
claim,1250,default,117,6,6,56.333333333333336,4,2,45.142857142857146,nan,96,8,10,10,E1,6,15,0.0,0.0
mas,1250,default,71,6,6,42.333333333333336,0,2,36.642857142857146,nan,0,8,14,21,E1,6,15,0.0,0.0
mas_iterative,1250,default,71,6,6,42.0,0,2,36.42857142857143,nan,0,8,14,21,E1,6,15,0.0,0.0
hungarian,1250,default,71,6,6,42.0,0,2,36.42857142857143,nan,0,8,18,58,E1,6,15,0.0,0.0
no_coordination,1251,default,65,6,6,39.5,3,2,34.54545454545455,nan,42,7,0,0,E1,6,15,0.0,0.0
claim,1251,default,62,6,6,39.0,1,2,34.27272727272727,nan,21,20,7,7,E1,6,15,0.0,0.0
mas,1251,default,74,6,6,35.5,0,2,33.45454545454545,nan,0,36,14,21,E1,6,15,0.0,0.0
mas_iterative,1251,default,73,6,6,35.0,0,2,32.90909090909091,nan,0,34,16,24,E1,6,15,0.0,0.0
hungarian,1251,default,73,6,6,35.0,0,2,32.90909090909091,nan,0,34,18,58,E1,6,15,0.0,0.0
no_coordination,1252,default,79,6,6,44.0,4,2,37.125,20.0,58,8,0,0,E1,6,15,0.0,0.0
claim,1252,default,79,6,6,44.0,4,2,37.125,20.0,58,8,10,10,E1,6,15,0.0,0.0
mas,1252,default,55,6,6,34.5,0,2,30.9375,20.0,0,14,14,21,E1,6,15,0.0,0.0
mas_iterative,1252,default,55,6,6,34.333333333333336,0,2,30.75,20.0,0,14,14,21,E1,6,15,0.0,0.0
hungarian,1252,default,55,6,6,34.333333333333336,0,2,30.75,20.0,0,14,18,58,E1,6,15,0.0,0.0
no_coordination,1253,default,99,6,6,46.666666666666664,4,2,44.57142857142857,32.0,78,8,0,0,E1,6,15,0.0,0.0
claim,1253,default,99,6,6,46.666666666666664,4,2,44.57142857142857,32.0,78,8,10,10,E1,6,15,0.0,0.0
mas,1253,default,66,6,6,37.333333333333336,0,2,36.04761904761905,28.333333333333332,0,16,14,21,E1,6,15,0.0,0.0
mas_iterative,1253,default,65,6,6,37.0,0,2,35.714285714285715,28.0,0,14,16,24,E1,6,15,0.0,0.0
hungarian,1253,default,65,6,6,37.0,0,2,35.714285714285715,28.0,0,14,18,60,E1,6,15,0.0,0.0
no_coordination,1254,default,101,6,6,52.666666666666664,3,2,45.09090909090909,nan,66,7,0,0,E1,6,15,0.0,0.0
claim,1254,default,79,6,6,46.333333333333336,0,2,39.63636363636363,nan,0,20,6,6,E1,6,15,0.0,0.0
mas,1254,default,79,6,6,46.333333333333336,0,2,39.63636363636363,nan,0,20,12,18,E1,6,15,0.0,0.0
mas_iterative,1254,default,79,6,6,46.333333333333336,0,2,39.63636363636363,nan,0,20,12,18,E1,6,15,0.0,0.0
hungarian,1254,default,79,6,6,46.333333333333336,0,2,39.63636363636363,nan,0,20,18,56,E1,6,15,0.0,0.0
no_coordination,1255,default,110,6,6,61.833333333333336,5,2,51.88235294117647,37.0,85,9,0,0,E1,6,15,0.0,0.0
claim,1255,default,80,6,6,54.666666666666664,2,2,48.588235294117645,37.0,41,11,8,8,E1,6,15,0.0,0.0
mas,1255,default,56,6,6,34.5,0,2,29.294117647058822,20.5,0,6,14,21,E1,6,15,0.0,0.0
mas_iterative,1255,default,55,6,6,34.0,0,2,28.823529411764707,20.0,0,4,16,24,E1,6,15,0.0,0.0
hungarian,1255,default,55,6,6,34.0,0,2,28.823529411764707,20.0,0,4,18,58,E1,6,15,0.0,0.0
no_coordination,1256,default,83,6,6,42.666666666666664,4,2,38.6,28.666666666666668,62,8,0,0,E1,6,15,0.0,0.0
claim,1256,default,83,6,6,42.666666666666664,4,2,38.6,28.666666666666668,62,8,10,10,E1,6,15,0.0,0.0
mas,1256,default,59,6,6,33.666666666666664,0,2,32.0,26.333333333333332,0,18,14,21,E1,6,15,0.0,0.0
mas_iterative,1256,default,59,6,6,33.333333333333336,0,2,31.7,26.0,0,18,14,21,E1,6,15,0.0,0.0
hungarian,1256,default,59,6,6,33.333333333333336,0,2,31.7,26.0,0,18,18,58,E1,6,15,0.0,0.0
no_coordination,1257,default,104,6,6,63.833333333333336,5,2,55.166666666666664,nan,71,9,0,0,E1,6,15,0.0,0.0
claim,1257,default,88,6,6,60.666666666666664,2,2,53.583333333333336,nan,51,17,8,8,E1,6,15,0.0,0.0
mas,1257,default,71,6,6,41.333333333333336,0,2,35.833333333333336,nan,0,26,14,21,E1,6,15,0.0,0.0
mas_iterative,1257,default,71,6,6,41.0,0,2,35.5,nan,0,26,14,21,E1,6,15,0.0,0.0
hungarian,1257,default,69,6,6,39.333333333333336,0,2,33.833333333333336,nan,0,26,18,56,E1,6,15,0.0,0.0
no_coordination,1258,default,113,6,6,53.333333333333336,4,2,45.666666666666664,nan,92,8,0,0,E1,6,15,0.0,0.0
claim,1258,default,113,6,6,53.333333333333336,4,2,45.666666666666664,nan,92,8,10,10,E1,6,15,0.0,0.0
mas,1258,default,78,6,6,41.666666666666664,0,2,36.916666666666664,nan,0,26,14,21,E1,6,15,0.0,0.0
mas_iterative,1258,default,77,6,6,41.333333333333336,0,2,36.666666666666664,nan,0,24,14,21,E1,6,15,0.0,0.0
hungarian,1258,default,77,6,6,41.333333333333336,0,2,36.666666666666664,nan,0,24,18,58,E1,6,15,0.0,0.0
no_coordination,1259,default,79,6,6,46.166666666666664,3,2,42.15,30.0,13,7,0,0,E1,6,15,0.0,0.0
claim,1259,default,71,6,6,44.666666666666664,0,2,41.2,30.0,0,14,6,6,E1,6,15,0.0,0.0
mas,1259,default,71,6,6,44.666666666666664,0,2,41.2,30.0,0,14,12,18,E1,6,15,0.0,0.0
mas_iterative,1259,default,71,6,6,44.666666666666664,0,2,41.2,30.0,0,14,12,18,E1,6,15,0.0,0.0
hungarian,1259,default,71,6,6,44.666666666666664,0,2,41.2,30.0,0,14,18,56,E1,6,15,0.0,0.0
no_coordination,1260,default,87,6,6,53.666666666666664,2,2,50.10526315789474,36.0,42,6,0,0,E1,6,15,0.0,0.0
claim,1260,default,87,6,6,53.666666666666664,1,2,50.10526315789474,36.0,32,15,7,7,E1,6,15,0.0,0.0
mas,1260,default,93,6,6,46.0,0,2,44.473684210526315,36.0,0,42,14,21,E1,6,15,0.0,0.0
mas_iterative,1260,default,93,6,6,45.666666666666664,0,2,44.21052631578947,36.0,0,42,14,21,E1,6,15,0.0,0.0
hungarian,1260,default,93,6,6,45.666666666666664,0,2,44.21052631578947,36.0,0,42,18,58,E1,6,15,0.0,0.0
no_coordination,1261,default,69,6,6,35.5,2,2,30.2,21.0,29,7,0,0,E1,6,15,0.0,0.0
claim,1261,default,71,6,6,34.333333333333336,0,2,29.866666666666667,21.0,0,33,6,6,E1,6,15,0.0,0.0
mas,1261,default,71,6,6,34.333333333333336,0,2,29.866666666666667,21.0,0,33,12,18,E1,6,15,0.0,0.0
mas_iterative,1261,default,71,6,6,34.333333333333336,0,2,29.866666666666667,21.0,0,33,12,18,E1,6,15,0.0,0.0
hungarian,1261,default,71,6,6,34.333333333333336,0,2,29.866666666666667,21.0,0,33,18,56,E1,6,15,0.0,0.0
no_coordination,1262,default,131,6,6,69.33333333333333,5,2,55.6,28.0,106,9,0,0,E1,6,15,0.0,0.0
claim,1262,default,85,6,6,55.333333333333336,1,2,47.46666666666667,28.0,29,9,7,7,E1,6,15,0.0,0.0
mas,1262,default,68,6,6,42.5,0,2,38.333333333333336,28.0,0,8,14,21,E1,6,15,0.0,0.0
mas_iterative,1262,default,67,6,6,42.0,0,2,37.86666666666667,28.0,0,6,16,24,E1,6,15,0.0,0.0
hungarian,1262,default,67,6,6,42.0,0,2,37.86666666666667,28.0,0,6,18,58,E1,6,15,0.0,0.0
no_coordination,1263,default,85,6,6,52.166666666666664,2,2,45.9,36.5,49,7,0,0,E1,6,15,0.0,0.0
claim,1263,default,85,6,6,52.166666666666664,2,2,45.9,36.5,48,7,8,8,E1,6,15,0.0,0.0
mas,1263,default,70,6,6,42.0,0,2,38.1,32.25,0,20,14,21,E1,6,15,0.0,0.0
mas_iterative,1263,default,69,6,6,41.666666666666664,0,2,37.8,32.0,0,18,14,21,E1,6,15,0.0,0.0
hungarian,1263,default,69,6,6,41.666666666666664,0,2,37.8,32.0,0,18,18,58,E1,6,15,0.0,0.0
no_coordination,1264,default,90,6,6,54.833333333333336,3,2,41.785714285714285,20.0,52,7,0,0,E1,6,15,0.0,0.0
claim,1264,default,90,6,6,54.833333333333336,2,2,41.785714285714285,20.0,52,9,8,8,E1,6,15,0.0,0.0
mas,1264,default,76,6,6,44.0,0,2,35.642857142857146,20.0,0,24,14,21,E1,6,15,0.0,0.0
mas_iterative,1264,default,75,6,6,43.666666666666664,0,2,35.42857142857143,20.0,0,22,14,21,E1,6,15,0.0,0.0
hungarian,1264,default,75,6,6,43.666666666666664,0,2,35.42857142857143,20.0,0,22,18,58,E1,6,15,0.0,0.0
no_coordination,1265,default,119,6,6,61.666666666666664,4,2,54.23529411764706,20.0,98,8,0,0,E1,6,15,0.0,0.0
claim,1265,default,119,6,6,61.666666666666664,4,2,54.23529411764706,20.0,98,8,10,10,E1,6,15,0.0,0.0
mas,1265,default,80,6,6,46.0,0,2,41.705882352941174,20.0,0,24,14,21,E1,6,15,0.0,0.0
mas_iterative,1265,default,79,6,6,45.666666666666664,0,2,41.411764705882355,20.0,0,22,14,21,E1,6,15,0.0,0.0
hungarian,1265,default,79,6,6,45.666666666666664,0,2,41.411764705882355,20.0,0,22,18,58,E1,6,15,0.0,0.0
no_coordination,1266,default,119,6,6,62.5,5,2,50.9375,20.0,102,9,0,0,E1,6,15,0.0,0.0
claim,1266,default,88,6,6,52.5,1,2,45.1875,20.0,21,24,7,7,E1,6,15,0.0,0.0
mas,1266,default,75,6,6,46.5,0,2,40.0625,20.0,0,8,14,21,E1,6,15,0.0,0.0
mas_iterative,1266,default,75,6,6,46.0,0,2,39.625,20.0,0,8,18,27,E1,6,15,0.0,0.0
hungarian,1266,default,75,6,6,46.0,0,2,39.625,20.0,0,8,18,60,E1,6,15,0.0,0.0
no_coordination,1267,default,112,6,6,63.666666666666664,4,2,52.666666666666664,22.0,71,9,0,0,E1,6,15,0.0,0.0
claim,1267,default,81,6,6,55.666666666666664,1,2,48.333333333333336,22.0,23,8,7,7,E1,6,15,0.0,0.0
mas,1267,default,68,6,6,41.833333333333336,0,2,36.333333333333336,20.0,0,10,14,21,E1,6,15,0.0,0.0
mas_iterative,1267,default,67,6,6,41.333333333333336,0,2,35.86666666666667,20.0,0,8,16,24,E1,6,15,0.0,0.0
hungarian,1267,default,67,6,6,41.333333333333336,0,2,35.86666666666667,20.0,0,8,18,58,E1,6,15,0.0,0.0
no_coordination,1268,default,80,6,6,39.0,4,2,30.307692307692307,20.0,59,8,0,0,E1,6,15,0.0,0.0
claim,1268,default,80,6,6,39.0,4,2,30.307692307692307,20.0,59,8,10,10,E1,6,15,0.0,0.0
mas,1268,default,60,6,6,33.0,0,2,27.384615384615383,20.0,0,23,14,21,E1,6,15,0.0,0.0
mas_iterative,1268,default,59,6,6,32.666666666666664,0,2,27.153846153846153,20.0,0,21,14,21,E1,6,15,0.0,0.0
hungarian,1268,default,59,6,6,32.666666666666664,0,2,27.153846153846153,20.0,0,21,18,58,E1,6,15,0.0,0.0
no_coordination,1269,default,55,6,6,34.0,4,2,32.10526315789474,21.0,26,8,0,0,E1,6,15,0.0,0.0
claim,1269,default,45,6,6,30.666666666666668,0,2,29.05263157894737,21.0,0,6,6,6,E1,6,15,0.0,0.0
mas,1269,default,45,6,6,30.666666666666668,0,2,29.05263157894737,21.0,0,6,12,18,E1,6,15,0.0,0.0
mas_iterative,1269,default,45,6,6,30.666666666666668,0,2,29.05263157894737,21.0,0,6,12,18,E1,6,15,0.0,0.0
hungarian,1269,default,45,6,6,30.666666666666668,0,2,29.05263157894737,21.0,0,6,18,56,E1,6,15,0.0,0.0
no_coordination,1270,default,88,6,6,44.0,3,2,41.5,nan,10,7,0,0,E1,6,15,0.0,0.0
claim,1270,default,85,6,6,43.5,1,2,41.2,nan,6,32,7,7,E1,6,15,0.0,0.0
mas,1270,default,80,6,6,41.666666666666664,0,2,39.5,nan,0,28,14,21,E1,6,15,0.0,0.0
mas_iterative,1270,default,79,6,6,41.333333333333336,0,2,39.2,nan,0,26,14,21,E1,6,15,0.0,0.0
hungarian,1270,default,79,6,6,41.333333333333336,0,2,39.2,nan,0,26,18,58,E1,6,15,0.0,0.0
no_coordination,1272,default,91,6,6,44.0,4,2,34.470588235294116,20.0,70,8,0,0,E1,6,15,0.0,0.0
claim,1272,default,91,6,6,44.0,4,2,34.470588235294116,20.0,70,8,10,10,E1,6,15,0.0,0.0
mas,1272,default,58,6,6,35.333333333333336,0,2,29.88235294117647,20.0,0,8,14,21,E1,6,15,0.0,0.0
mas_iterative,1272,default,57,6,6,35.0,0,2,29.647058823529413,20.0,0,6,14,21,E1,6,15,0.0,0.0
hungarian,1272,default,57,6,6,35.0,0,2,29.647058823529413,20.0,0,6,18,58,E1,6,15,0.0,0.0
no_coordination,1274,default,125,6,6,69.66666666666667,6,2,62.5,40.0,125,10,0,0,E1,6,15,0.0,0.0
claim,1274,default,125,6,6,69.66666666666667,6,2,62.5,40.0,125,10,12,12,E1,6,15,0.0,0.0
mas,1274,default,67,6,6,38.166666666666664,0,2,35.25,24.333333333333332,0,16,14,21,E1,6,15,0.0,0.0
mas_iterative,1274,default,67,6,6,37.666666666666664,0,2,34.8,24.0,0,16,16,24,E1,6,15,0.0,0.0
hungarian,1274,default,67,6,6,37.666666666666664,0,2,34.8,24.0,0,16,18,58,E1,6,15,0.0,0.0
no_coordination,1275,default,99,6,6,59.5,4,2,50.23529411764706,39.666666666666664,88,9,0,0,E1,6,15,0.0,0.0
claim,1275,default,77,6,6,52.166666666666664,1,2,47.0,39.666666666666664,33,16,7,7,E1,6,15,0.0,0.0
mas,1275,default,65,6,6,40.166666666666664,0,2,35.0,27.666666666666668,0,16,14,21,E1,6,15,0.0,0.0
mas_iterative,1275,default,65,6,6,39.666666666666664,0,2,34.588235294117645,27.333333333333332,0,16,14,21,E1,6,15,0.0,0.0
hungarian,1275,default,65,6,6,39.666666666666664,0,2,34.588235294117645,27.333333333333332,0,16,18,56,E1,6,15,0.0,0.0
no_coordination,1276,default,79,6,6,45.166666666666664,3,2,39.0,20.0,37,7,0,0,E1,6,15,0.0,0.0
claim,1276,default,79,6,6,45.166666666666664,2,2,39.0,20.0,37,11,8,8,E1,6,15,0.0,0.0
mas,1276,default,68,6,6,37.333333333333336,0,2,33.666666666666664,20.0,0,17,14,21,E1,6,15,0.0,0.0
mas_iterative,1276,default,68,6,6,37.166666666666664,0,2,33.5,20.0,0,17,14,21,E1,6,15,0.0,0.0
hungarian,1276,default,68,6,6,37.166666666666664,0,2,33.5,20.0,0,17,18,58,E1,6,15,0.0,0.0
no_coordination,1277,default,69,6,6,44.833333333333336,2,2,38.416666666666664,nan,37,7,0,0,E1,6,15,0.0,0.0
claim,1277,default,69,6,6,44.833333333333336,2,2,38.416666666666664,nan,36,7,8,8,E1,6,15,0.0,0.0
mas,1277,default,58,6,6,37.333333333333336,0,2,33.25,nan,0,12,14,21,E1,6,15,0.0,0.0
mas_iterative,1277,default,57,6,6,37.0,0,2,33.0,nan,0,10,16,24,E1,6,15,0.0,0.0
hungarian,1277,default,57,6,6,37.0,0,2,33.0,nan,0,10,18,60,E1,6,15,0.0,0.0
no_coordination,1278,default,107,6,6,50.0,4,2,38.266666666666666,20.0,86,8,0,0,E1,6,15,0.0,0.0
claim,1278,default,107,6,6,50.0,4,2,38.266666666666666,20.0,86,8,10,10,E1,6,15,0.0,0.0
mas,1278,default,70,6,6,39.333333333333336,0,2,32.2,20.0,0,16,14,21,E1,6,15,0.0,0.0
mas_iterative,1278,default,69,6,6,39.0,0,2,32.0,20.0,0,14,14,21,E1,6,15,0.0,0.0
hungarian,1278,default,69,6,6,39.0,0,2,32.0,20.0,0,14,18,58,E1,6,15,0.0,0.0
no_coordination,1279,default,79,6,6,44.666666666666664,4,2,38.36363636363637,nan,41,8,0,0,E1,6,15,0.0,0.0
claim,1279,default,65,6,6,41.833333333333336,1,2,36.81818181818182,nan,23,14,7,7,E1,6,15,0.0,0.0
mas,1279,default,59,6,6,33.5,0,2,29.818181818181817,nan,0,25,16,24,E1,6,15,0.0,0.0
mas_iterative,1279,default,58,6,6,32.833333333333336,0,2,29.272727272727273,nan,0,23,14,21,E1,6,15,0.0,0.0
hungarian,1279,default,58,6,6,32.833333333333336,0,2,29.272727272727273,nan,0,23,18,56,E1,6,15,0.0,0.0
no_coordination,1280,default,93,6,6,50.0,4,2,41.714285714285715,nan,72,8,0,0,E1,6,15,0.0,0.0
claim,1280,default,93,6,6,50.0,4,2,41.714285714285715,nan,72,8,10,10,E1,6,15,0.0,0.0
mas,1280,default,61,6,6,38.0,0,2,34.214285714285715,nan,0,12,14,21,E1,6,15,0.0,0.0
mas_iterative,1280,default,61,6,6,37.666666666666664,0,2,34.0,nan,0,12,14,21,E1,6,15,0.0,0.0
hungarian,1280,default,61,6,6,37.666666666666664,0,2,34.0,nan,0,12,18,58,E1,6,15,0.0,0.0
no_coordination,1281,default,85,6,6,46.5,4,2,42.916666666666664,nan,49,8,0,0,E1,6,15,0.0,0.0
claim,1281,default,67,6,6,40.666666666666664,0,2,37.166666666666664,nan,0,14,6,6,E1,6,15,0.0,0.0
mas,1281,default,67,6,6,40.666666666666664,0,2,37.166666666666664,nan,0,14,12,18,E1,6,15,0.0,0.0
mas_iterative,1281,default,67,6,6,40.666666666666664,0,2,37.166666666666664,nan,0,14,12,18,E1,6,15,0.0,0.0
hungarian,1281,default,67,6,6,40.666666666666664,0,2,37.166666666666664,nan,0,14,18,56,E1,6,15,0.0,0.0
no_coordination,1282,default,127,6,6,69.5,5,2,53.0,30.0,80,9,0,0,E1,6,15,0.0,0.0
claim,1282,default,85,6,6,50.5,0,2,41.53846153846154,30.0,0,25,6,6,E1,6,15,0.0,0.0
mas,1282,default,85,6,6,50.5,0,2,41.53846153846154,30.0,0,25,12,18,E1,6,15,0.0,0.0
mas_iterative,1282,default,85,6,6,50.5,0,2,41.53846153846154,30.0,0,25,12,18,E1,6,15,0.0,0.0
hungarian,1282,default,85,6,6,50.5,0,2,41.53846153846154,30.0,0,25,18,56,E1,6,15,0.0,0.0
no_coordination,1283,default,99,6,6,53.0,3,2,51.78947368421053,30.0,85,7,0,0,E1,6,15,0.0,0.0
claim,1283,default,99,6,6,53.0,3,2,51.78947368421053,30.0,85,7,9,9,E1,6,15,0.0,0.0
mas,1283,default,62,6,6,33.5,0,2,32.78947368421053,20.0,0,22,14,21,E1,6,15,0.0,0.0
mas_iterative,1283,default,61,6,6,33.0,0,2,32.31578947368421,20.0,0,20,16,24,E1,6,15,0.0,0.0
hungarian,1283,default,61,6,6,33.0,0,2,32.31578947368421,20.0,0,20,18,58,E1,6,15,0.0,0.0
no_coordination,1284,default,101,6,6,51.333333333333336,4,2,45.529411764705884,29.0,83,8,0,0,E1,6,15,0.0,0.0
claim,1284,default,85,6,6,48.0,1,2,43.1764705882353,29.0,25,31,7,7,E1,6,15,0.0,0.0
mas,1284,default,76,6,6,39.833333333333336,0,2,35.94117647058823,27.0,0,32,14,21,E1,6,15,0.0,0.0
mas_iterative,1284,default,75,6,6,39.333333333333336,0,2,35.529411764705884,27.0,0,30,14,21,E1,6,15,0.0,0.0
hungarian,1284,default,87,6,6,44.333333333333336,0,2,39.76470588235294,22.0,0,34,18,56,E1,6,15,0.0,0.0
no_coordination,1285,default,109,6,6,67.33333333333333,4,2,60.75,32.0,89,8,0,0,E1,6,15,0.0,0.0
claim,1285,default,109,6,6,67.33333333333333,4,2,60.75,32.0,89,8,10,10,E1,6,15,0.0,0.0
mas,1285,default,77,6,6,42.0,0,2,37.4375,20.0,0,26,14,21,E1,6,15,0.0,0.0
mas_iterative,1285,default,77,6,6,41.666666666666664,0,2,37.125,20.0,0,26,14,21,E1,6,15,0.0,0.0
hungarian,1285,default,77,6,6,41.666666666666664,0,2,37.125,20.0,0,26,18,56,E1,6,15,0.0,0.0
no_coordination,1286,default,82,6,6,51.333333333333336,3,2,43.2,20.0,49,7,0,0,E1,6,15,0.0,0.0
claim,1286,default,74,6,6,48.0,1,2,41.4,20.0,21,10,7,7,E1,6,15,0.0,0.0
mas,1286,default,69,6,6,44.0,0,2,37.4,20.0,0,12,14,21,E1,6,15,0.0,0.0
mas_iterative,1286,default,69,6,6,43.666666666666664,0,2,37.06666666666667,20.0,0,12,16,24,E1,6,15,0.0,0.0
hungarian,1286,default,69,6,6,43.666666666666664,0,2,37.06666666666667,20.0,0,12,18,58,E1,6,15,0.0,0.0
no_coordination,1287,default,121,6,6,80.66666666666667,5,2,67.07692307692308,30.0,96,9,0,0,E1,6,15,0.0,0.0
claim,1287,default,107,6,6,78.33333333333333,3,2,66.0,30.0,81,7,9,9,E1,6,15,0.0,0.0
mas,1287,default,71,6,6,46.0,0,2,37.92307692307692,20.0,0,16,14,21,E1,6,15,0.0,0.0
mas_iterative,1287,default,71,6,6,42.666666666666664,0,2,37.07692307692308,20.0,0,16,14,21,E1,6,15,0.0,0.0
hungarian,1287,default,71,6,6,42.666666666666664,0,2,37.07692307692308,20.0,0,16,18,56,E1,6,15,0.0,0.0
no_coordination,1288,default,92,6,6,51.666666666666664,4,2,44.92857142857143,nan,29,8,0,0,E1,6,15,0.0,0.0
claim,1288,default,87,6,6,50.666666666666664,1,2,44.42857142857143,nan,23,29,7,7,E1,6,15,0.0,0.0
mas,1288,default,76,6,6,44.166666666666664,0,2,38.785714285714285,nan,0,18,14,21,E1,6,15,0.0,0.0
mas_iterative,1288,default,75,6,6,43.666666666666664,0,2,38.285714285714285,nan,0,16,14,21,E1,6,15,0.0,0.0
hungarian,1288,default,73,6,6,42.666666666666664,0,2,37.285714285714285,nan,0,16,18,56,E1,6,15,0.0,0.0
no_coordination,1289,default,90,6,6,48.333333333333336,5,2,40.69230769230769,nan,43,9,0,0,E1,6,15,0.0,0.0
claim,1289,default,79,6,6,44.333333333333336,1,2,38.61538461538461,nan,21,36,7,7,E1,6,15,0.0,0.0
mas,1289,default,69,6,6,37.833333333333336,0,2,32.61538461538461,nan,0,30,14,21,E1,6,15,0.0,0.0
mas_iterative,1289,default,69,6,6,37.333333333333336,0,2,32.15384615384615,nan,0,30,14,21,E1,6,15,0.0,0.0
hungarian,1289,default,69,6,6,37.333333333333336,0,2,32.15384615384615,nan,0,30,18,56,E1,6,15,0.0,0.0
no_coordination,1290,default,79,6,6,43.833333333333336,3,2,33.4375,22.0,37,7,0,0,E1,6,15,0.0,0.0
claim,1290,default,79,6,6,43.833333333333336,2,2,33.4375,22.0,30,13,8,8,E1,6,15,0.0,0.0
mas,1290,default,82,6,6,40.666666666666664,0,2,31.875,22.0,0,34,14,21,E1,6,15,0.0,0.0
mas_iterative,1290,default,81,6,6,40.333333333333336,0,2,31.625,22.0,0,32,14,21,E1,6,15,0.0,0.0
hungarian,1290,default,81,6,6,40.333333333333336,0,2,31.625,22.0,0,32,18,58,E1,6,15,0.0,0.0
no_coordination,1291,default,95,6,6,51.5,3,2,46.64705882352941,22.0,68,8,0,0,E1,6,15,0.0,0.0
claim,1291,default,83,6,6,49.333333333333336,1,2,45.11764705882353,22.0,23,26,7,7,E1,6,15,0.0,0.0
mas,1291,default,80,6,6,44.166666666666664,0,2,40.64705882352941,22.0,0,34,14,21,E1,6,15,0.0,0.0
mas_iterative,1291,default,79,6,6,43.666666666666664,0,2,40.23529411764706,22.0,0,32,14,21,E1,6,15,0.0,0.0
hungarian,1291,default,73,6,6,38.166666666666664,0,2,34.94117647058823,22.0,0,33,18,56,E1,6,15,0.0,0.0
no_coordination,1292,default,117,6,6,58.0,4,2,49.75,20.0,89,8,0,0,E1,6,15,0.0,0.0
claim,1292,default,99,6,6,53.333333333333336,1,2,46.875,20.0,21,37,7,7,E1,6,15,0.0,0.0
mas,1292,default,89,6,6,42.666666666666664,0,2,37.75,20.0,0,44,14,21,E1,6,15,0.0,0.0
mas_iterative,1292,default,89,6,6,42.333333333333336,0,2,37.375,20.0,0,44,18,27,E1,6,15,0.0,0.0
hungarian,1292,default,89,6,6,42.333333333333336,0,2,37.375,20.0,0,44,20,61,E1,6,15,0.0,0.0
no_coordination,1293,default,113,6,6,62.666666666666664,5,2,56.8421052631579,32.0,86,9,0,0,E1,6,15,0.0,0.0
claim,1293,default,81,6,6,55.333333333333336,2,2,51.578947368421055,32.0,41,6,8,8,E1,6,15,0.0,0.0
mas,1293,default,61,6,6,39.833333333333336,0,2,37.68421052631579,28.0,0,8,14,21,E1,6,15,0.0,0.0
mas_iterative,1293,default,61,6,6,39.333333333333336,0,2,37.26315789473684,28.0,0,8,16,24,E1,6,15,0.0,0.0
hungarian,1293,default,69,6,6,41.333333333333336,0,2,37.89473684210526,22.0,0,12,18,56,E1,6,15,0.0,0.0
no_coordination,1294,default,73,6,6,42.333333333333336,4,2,39.714285714285715,nan,38,8,0,0,E1,6,15,0.0,0.0
claim,1294,default,61,6,6,38.0,0,2,36.0,nan,0,12,6,6,E1,6,15,0.0,0.0
mas,1294,default,61,6,6,38.0,0,2,36.0,nan,0,12,12,18,E1,6,15,0.0,0.0
mas_iterative,1294,default,61,6,6,38.0,0,2,36.0,nan,0,12,12,18,E1,6,15,0.0,0.0
hungarian,1294,default,61,6,6,38.0,0,2,36.0,nan,0,12,18,56,E1,6,15,0.0,0.0
no_coordination,1295,default,97,6,6,56.833333333333336,4,2,46.55555555555556,nan,74,8,0,0,E1,6,15,0.0,0.0
claim,1295,default,86,6,6,55.0,2,2,45.333333333333336,nan,39,19,8,8,E1,6,15,0.0,0.0
mas,1295,default,72,6,6,41.166666666666664,0,2,34.22222222222222,nan,0,16,14,21,E1,6,15,0.0,0.0
mas_iterative,1295,default,71,6,6,40.666666666666664,0,2,33.77777777777778,nan,0,14,16,24,E1,6,15,0.0,0.0
hungarian,1295,default,71,6,6,40.666666666666664,0,2,33.77777777777778,nan,0,14,18,58,E1,6,15,0.0,0.0
no_coordination,1296,default,95,6,6,64.5,4,2,53.285714285714285,30.0,64,8,0,0,E1,6,15,0.0,0.0
claim,1296,default,86,6,6,58.166666666666664,1,2,50.214285714285715,30.0,31,20,7,7,E1,6,15,0.0,0.0
mas,1296,default,68,6,6,41.5,0,2,34.285714285714285,20.0,0,20,14,21,E1,6,15,0.0,0.0
mas_iterative,1296,default,67,6,6,41.0,0,2,33.857142857142854,20.0,0,18,14,21,E1,6,15,0.0,0.0
hungarian,1296,default,67,6,6,41.0,0,2,33.857142857142854,20.0,0,18,18,56,E1,6,15,0.0,0.0
no_coordination,1297,default,97,6,6,45.333333333333336,4,2,36.0,20.0,76,8,0,0,E1,6,15,0.0,0.0
claim,1297,default,97,6,6,45.333333333333336,4,2,36.0,20.0,76,8,10,10,E1,6,15,0.0,0.0
mas,1297,default,67,6,6,36.666666666666664,0,2,31.066666666666666,20.0,0,20,14,21,E1,6,15,0.0,0.0
mas_iterative,1297,default,67,6,6,36.333333333333336,0,2,30.8,20.0,0,20,14,21,E1,6,15,0.0,0.0
hungarian,1297,default,67,6,6,36.333333333333336,0,2,30.8,20.0,0,20,18,58,E1,6,15,0.0,0.0
no_coordination,1298,default,87,6,6,49.333333333333336,4,2,46.42857142857143,nan,69,8,0,0,E1,6,15,0.0,0.0
claim,1298,default,87,6,6,49.333333333333336,4,2,46.42857142857143,nan,69,8,10,10,E1,6,15,0.0,0.0
mas,1298,default,72,6,6,40.833333333333336,0,2,38.357142857142854,nan,0,22,14,21,E1,6,15,0.0,0.0
mas_iterative,1298,default,71,6,6,40.333333333333336,0,2,37.857142857142854,nan,0,20,14,21,E1,6,15,0.0,0.0
hungarian,1298,default,71,6,6,40.333333333333336,0,2,37.857142857142854,nan,0,20,18,56,E1,6,15,0.0,0.0
no_coordination,1299,default,119,6,6,58.666666666666664,4,2,51.2,20.0,78,9,0,0,E1,6,15,0.0,0.0
claim,1299,default,95,6,6,50.666666666666664,0,2,44.8,20.0,0,26,6,6,E1,6,15,0.0,0.0
mas,1299,default,95,6,6,50.666666666666664,0,2,44.8,20.0,0,26,12,18,E1,6,15,0.0,0.0
mas_iterative,1299,default,95,6,6,50.666666666666664,0,2,44.8,20.0,0,26,12,18,E1,6,15,0.0,0.0
hungarian,1299,default,95,6,6,50.666666666666664,0,2,44.8,20.0,0,26,18,56,E1,6,15,0.0,0.0
no_coordination,1300,default,107,6,6,57.333333333333336,5,2,46.4,26.0,86,9,0,0,E1,6,15,0.0,0.0
claim,1300,default,67,6,6,42.0,0,2,36.8,26.0,0,10,6,6,E1,6,15,0.0,0.0
mas,1300,default,67,6,6,42.0,0,2,36.8,26.0,0,10,12,18,E1,6,15,0.0,0.0
mas_iterative,1300,default,67,6,6,42.0,0,2,36.8,26.0,0,10,12,18,E1,6,15,0.0,0.0
hungarian,1300,default,67,6,6,42.0,0,2,36.8,26.0,0,10,18,56,E1,6,15,0.0,0.0
no_coordination,1301,default,113,6,6,52.666666666666664,4,2,44.44444444444444,21.0,90,8,0,0,E1,6,15,0.0,0.0
claim,1301,default,77,6,6,41.666666666666664,0,2,36.55555555555556,21.0,0,22,6,6,E1,6,15,0.0,0.0
mas,1301,default,77,6,6,41.666666666666664,0,2,36.55555555555556,21.0,0,22,12,18,E1,6,15,0.0,0.0
mas_iterative,1301,default,77,6,6,41.666666666666664,0,2,36.55555555555556,21.0,0,22,12,18,E1,6,15,0.0,0.0
hungarian,1301,default,77,6,6,41.666666666666664,0,2,36.55555555555556,21.0,0,22,18,56,E1,6,15,0.0,0.0
no_coordination,1302,default,133,6,6,65.0,5,2,52.0,35.0,82,9,0,0,E1,6,15,0.0,0.0
claim,1302,default,93,6,6,55.0,1,2,46.94117647058823,35.0,27,19,7,7,E1,6,15,0.0,0.0
mas,1302,default,82,6,6,45.5,0,2,37.529411764705884,24.5,0,18,14,21,E1,6,15,0.0,0.0
mas_iterative,1302,default,81,6,6,45.0,0,2,37.05882352941177,24.0,0,16,14,21,E1,6,15,0.0,0.0
hungarian,1302,default,81,6,6,45.0,0,2,37.05882352941177,24.0,0,16,18,56,E1,6,15,0.0,0.0
no_coordination,1303,default,94,6,6,49.666666666666664,4,2,43.30769230769231,nan,73,8,0,0,E1,6,15,0.0,0.0
claim,1303,default,73,6,6,43.333333333333336,1,2,39.07692307692308,nan,21,15,7,7,E1,6,15,0.0,0.0
mas,1303,default,73,6,6,40.333333333333336,0,2,35.61538461538461,nan,0,24,14,21,E1,6,15,0.0,0.0
mas_iterative,1303,default,73,6,6,40.0,0,2,35.23076923076923,nan,0,24,14,21,E1,6,15,0.0,0.0
hungarian,1303,default,73,6,6,40.0,0,2,35.23076923076923,nan,0,24,18,56,E1,6,15,0.0,0.0
no_coordination,1304,default,101,6,6,50.333333333333336,4,2,43.0,nan,53,8,0,0,E1,6,15,0.0,0.0
claim,1304,default,75,6,6,40.333333333333336,1,2,36.2,nan,26,5,7,7,E1,6,15,0.0,0.0
mas,1304,default,75,6,6,40.333333333333336,0,2,36.2,nan,0,30,14,21,E1,6,15,0.0,0.0
mas_iterative,1304,default,75,6,6,40.333333333333336,0,2,36.2,nan,0,30,14,21,E1,6,15,0.0,0.0
hungarian,1304,default,75,6,6,40.333333333333336,0,2,36.2,nan,0,30,20,59,E1,6,15,0.0,0.0
no_coordination,1305,default,95,6,6,48.333333333333336,5,2,38.705882352941174,22.0,49,9,0,0,E1,6,15,0.0,0.0
claim,1305,default,71,6,6,38.333333333333336,1,2,32.35294117647059,22.0,26,5,7,7,E1,6,15,0.0,0.0
mas,1305,default,71,6,6,38.333333333333336,0,2,32.35294117647059,22.0,0,30,14,21,E1,6,15,0.0,0.0
mas_iterative,1305,default,71,6,6,38.333333333333336,0,2,32.35294117647059,22.0,0,30,14,21,E1,6,15,0.0,0.0
hungarian,1305,default,71,6,6,38.333333333333336,0,2,32.35294117647059,22.0,0,30,20,59,E1,6,15,0.0,0.0
no_coordination,1306,default,119,6,6,58.333333333333336,5,2,53.2,nan,66,9,0,0,E1,6,15,0.0,0.0
claim,1306,default,87,6,6,50.666666666666664,1,2,47.06666666666667,nan,21,21,7,7,E1,6,15,0.0,0.0
mas,1306,default,81,6,6,43.5,0,2,40.46666666666667,nan,0,22,14,21,E1,6,15,0.0,0.0
mas_iterative,1306,default,81,6,6,43.0,0,2,40.0,nan,0,22,16,24,E1,6,15,0.0,0.0
hungarian,1306,default,81,6,6,43.0,0,2,40.0,nan,0,22,18,58,E1,6,15,0.0,0.0
no_coordination,1307,default,70,6,6,41.666666666666664,3,2,38.333333333333336,24.0,50,7,0,0,E1,6,15,0.0,0.0
claim,1307,default,65,6,6,40.833333333333336,1,2,37.666666666666664,24.0,25,20,7,7,E1,6,15,0.0,0.0
mas,1307,default,67,6,6,33.5,0,2,31.333333333333332,22.0,0,35,14,21,E1,6,15,0.0,0.0
mas_iterative,1307,default,67,6,6,33.0,0,2,30.866666666666667,22.0,0,35,14,21,E1,6,15,0.0,0.0
hungarian,1307,default,54,6,6,31.5,0,2,29.933333333333334,24.0,0,21,18,56,E1,6,15,0.0,0.0
no_coordination,1308,default,73,6,6,52.5,3,2,46.61538461538461,nan,50,8,0,0,E1,6,15,0.0,0.0
claim,1308,default,68,6,6,48.833333333333336,1,2,44.84615384615385,nan,27,12,7,7,E1,6,15,0.0,0.0
mas,1308,default,56,6,6,36.5,0,2,32.30769230769231,nan,0,16,14,21,E1,6,15,0.0,0.0
mas_iterative,1308,default,55,6,6,36.0,0,2,31.846153846153847,nan,0,14,16,24,E1,6,15,0.0,0.0
hungarian,1308,default,55,6,6,36.0,0,2,31.846153846153847,nan,0,14,18,58,E1,6,15,0.0,0.0
no_coordination,1309,default,131,6,6,70.83333333333333,5,2,57.13333333333333,20.0,104,9,0,0,E1,6,15,0.0,0.0
claim,1309,default,94,6,6,60.5,1,2,51.333333333333336,20.0,21,14,7,7,E1,6,15,0.0,0.0
mas,1309,default,83,6,6,50.166666666666664,0,2,42.6,20.0,0,10,14,21,E1,6,15,0.0,0.0
mas_iterative,1309,default,83,6,6,49.666666666666664,0,2,42.13333333333333,20.0,0,10,16,24,E1,6,15,0.0,0.0
hungarian,1309,default,83,6,6,49.666666666666664,0,2,42.13333333333333,20.0,0,10,18,58,E1,6,15,0.0,0.0
no_coordination,1310,default,81,6,6,46.5,2,2,42.53333333333333,nan,31,6,0,0,E1,6,15,0.0,0.0
claim,1310,default,97,6,6,46.333333333333336,2,2,42.4,nan,58,6,8,8,E1,6,15,0.0,0.0
mas,1310,default,72,6,6,42.166666666666664,0,2,39.06666666666667,nan,0,12,14,21,E1,6,15,0.0,0.0
mas_iterative,1310,default,71,6,6,42.0,0,2,38.93333333333333,nan,0,10,14,21,E1,6,15,0.0,0.0
hungarian,1310,default,71,6,6,42.0,0,2,38.93333333333333,nan,0,10,18,58,E1,6,15,0.0,0.0
no_coordination,1311,default,105,6,6,53.0,4,2,44.0,nan,84,8,0,0,E1,6,15,0.0,0.0
claim,1311,default,105,6,6,53.0,4,2,44.0,nan,84,8,10,10,E1,6,15,0.0,0.0
mas,1311,default,64,6,6,40.333333333333336,0,2,35.46153846153846,nan,0,6,14,21,E1,6,15,0.0,0.0
mas_iterative,1311,default,63,6,6,40.0,0,2,35.23076923076923,nan,0,4,14,21,E1,6,15,0.0,0.0
hungarian,1311,default,63,6,6,40.0,0,2,35.23076923076923,nan,0,4,18,58,E1,6,15,0.0,0.0
no_coordination,1312,default,103,6,6,61.0,5,2,47.84615384615385,20.0,91,9,0,0,E1,6,15,0.0,0.0
claim,1312,default,101,6,6,60.666666666666664,3,2,47.69230769230769,20.0,61,33,9,9,E1,6,15,0.0,0.0
mas,1312,default,71,6,6,40.5,0,2,33.0,20.0,0,20,14,21,E1,6,15,0.0,0.0
mas_iterative,1312,default,71,6,6,40.0,0,2,32.61538461538461,20.0,0,20,16,24,E1,6,15,0.0,0.0
hungarian,1312,default,71,6,6,40.0,0,2,32.61538461538461,20.0,0,20,18,58,E1,6,15,0.0,0.0
no_coordination,1313,default,66,6,6,40.833333333333336,2,2,35.89473684210526,25.333333333333332,20,7,0,0,E1,6,15,0.0,0.0
claim,1313,default,66,6,6,40.833333333333336,2,2,35.89473684210526,25.333333333333332,20,7,8,8,E1,6,15,0.0,0.0
mas,1313,default,63,6,6,35.333333333333336,0,2,31.63157894736842,25.333333333333332,0,18,14,21,E1,6,15,0.0,0.0
mas_iterative,1313,default,63,6,6,35.0,0,2,31.36842105263158,25.333333333333332,0,18,14,21,E1,6,15,0.0,0.0
hungarian,1313,default,63,6,6,35.0,0,2,31.36842105263158,25.333333333333332,0,18,18,58,E1,6,15,0.0,0.0
no_coordination,1314,default,101,6,6,55.333333333333336,5,2,48.0,28.0,93,9,0,0,E1,6,15,0.0,0.0
claim,1314,default,91,6,6,53.666666666666664,3,2,46.75,28.0,51,29,9,9,E1,6,15,0.0,0.0
mas,1314,default,76,6,6,42.166666666666664,0,2,36.75,23.5,0,30,14,21,E1,6,15,0.0,0.0
mas_iterative,1314,default,75,6,6,41.666666666666664,0,2,36.25,23.0,0,28,14,21,E1,6,15,0.0,0.0
hungarian,1314,default,73,6,6,39.666666666666664,0,2,34.25,21.0,0,28,18,56,E1,6,15,0.0,0.0
no_coordination,1315,default,93,6,6,46.666666666666664,4,2,39.333333333333336,nan,72,8,0,0,E1,6,15,0.0,0.0
claim,1315,default,93,6,6,46.666666666666664,4,2,39.333333333333336,nan,72,8,10,10,E1,6,15,0.0,0.0
mas,1315,default,74,6,6,37.166666666666664,0,2,33.0,nan,0,38,14,21,E1,6,15,0.0,0.0
mas_iterative,1315,default,73,6,6,36.666666666666664,0,2,32.666666666666664,nan,0,36,14,21,E1,6,15,0.0,0.0
hungarian,1315,default,73,6,6,36.666666666666664,0,2,32.666666666666664,nan,0,36,18,58,E1,6,15,0.0,0.0
no_coordination,1316,default,83,6,6,41.833333333333336,4,2,35.125,21.0,23,8,0,0,E1,6,15,0.0,0.0
claim,1316,default,67,6,6,38.0,0,2,33.0,21.0,0,16,6,6,E1,6,15,0.0,0.0
mas,1316,default,67,6,6,38.0,0,2,33.0,21.0,0,16,12,18,E1,6,15,0.0,0.0
mas_iterative,1316,default,67,6,6,38.0,0,2,33.0,21.0,0,16,12,18,E1,6,15,0.0,0.0
hungarian,1316,default,67,6,6,38.0,0,2,33.0,21.0,0,16,18,56,E1,6,15,0.0,0.0
no_coordination,1317,default,69,6,6,38.333333333333336,3,2,34.857142857142854,nan,43,7,0,0,E1,6,15,0.0,0.0
claim,1317,default,63,6,6,34.0,2,2,31.857142857142858,nan,30,6,8,8,E1,6,15,0.0,0.0
mas,1317,default,60,6,6,33.5,0,2,31.428571428571427,nan,0,28,14,21,E1,6,15,0.0,0.0
mas_iterative,1317,default,59,6,6,33.333333333333336,0,2,31.285714285714285,nan,0,26,14,21,E1,6,15,0.0,0.0
hungarian,1317,default,59,6,6,33.333333333333336,0,2,31.285714285714285,nan,0,26,18,58,E1,6,15,0.0,0.0
no_coordination,1318,default,89,6,6,44.666666666666664,4,2,34.266666666666666,27.0,68,8,0,0,E1,6,15,0.0,0.0
claim,1318,default,89,6,6,44.666666666666664,4,2,34.266666666666666,27.0,68,8,10,10,E1,6,15,0.0,0.0
mas,1318,default,61,6,6,35.666666666666664,0,2,29.8,27.0,0,16,14,21,E1,6,15,0.0,0.0
mas_iterative,1318,default,61,6,6,35.333333333333336,0,2,29.6,27.0,0,16,14,21,E1,6,15,0.0,0.0
hungarian,1318,default,61,6,6,35.333333333333336,0,2,29.6,27.0,0,16,18,58,E1,6,15,0.0,0.0
no_coordination,1319,default,71,6,6,38.666666666666664,3,2,35.8,23.333333333333332,42,7,0,0,E1,6,15,0.0,0.0
claim,1319,default,71,6,6,38.666666666666664,2,2,35.8,23.333333333333332,22,26,8,8,E1,6,15,0.0,0.0
mas,1319,default,59,6,6,34.0,0,2,31.95,23.333333333333332,0,20,14,21,E1,6,15,0.0,0.0
mas_iterative,1319,default,59,6,6,33.666666666666664,0,2,31.7,23.333333333333332,0,20,14,21,E1,6,15,0.0,0.0
hungarian,1319,default,59,6,6,33.666666666666664,0,2,31.7,23.333333333333332,0,20,18,58,E1,6,15,0.0,0.0
no_coordination,1320,default,94,6,6,49.166666666666664,4,2,42.5,20.0,71,8,0,0,E1,6,15,0.0,0.0
claim,1320,default,90,6,6,46.666666666666664,2,2,41.142857142857146,20.0,31,41,8,8,E1,6,15,0.0,0.0
mas,1320,default,85,6,6,40.333333333333336,0,2,35.785714285714285,20.0,0,44,14,21,E1,6,15,0.0,0.0
mas_iterative,1320,default,85,6,6,40.0,0,2,35.42857142857143,20.0,0,44,18,27,E1,6,15,0.0,0.0
hungarian,1320,default,85,6,6,40.0,0,2,35.42857142857143,20.0,0,44,20,61,E1,6,15,0.0,0.0
no_coordination,1321,default,107,6,6,48.666666666666664,6,2,37.529411764705884,22.0,107,10,0,0,E1,6,15,0.0,0.0
claim,1321,default,107,6,6,48.666666666666664,6,2,37.529411764705884,22.0,107,10,12,12,E1,6,15,0.0,0.0
mas,1321,default,70,6,6,37.166666666666664,0,2,30.470588235294116,20.5,0,20,14,21,E1,6,15,0.0,0.0
mas_iterative,1321,default,69,6,6,36.666666666666664,0,2,30.0,20.0,0,18,16,24,E1,6,15,0.0,0.0
hungarian,1321,default,69,6,6,36.666666666666664,0,2,30.0,20.0,0,18,18,58,E1,6,15,0.0,0.0
no_coordination,1322,default,78,6,6,37.666666666666664,4,2,30.9,nan,57,8,0,0,E1,6,15,0.0,0.0
claim,1322,default,78,6,6,37.666666666666664,4,2,30.9,nan,57,8,10,10,E1,6,15,0.0,0.0
mas,1322,default,60,6,6,32.333333333333336,0,2,27.7,nan,0,25,14,21,E1,6,15,0.0,0.0
mas_iterative,1322,default,59,6,6,32.0,0,2,27.5,nan,0,23,14,21,E1,6,15,0.0,0.0
hungarian,1322,default,59,6,6,32.0,0,2,27.5,nan,0,23,18,58,E1,6,15,0.0,0.0
no_coordination,1323,default,95,6,6,47.666666666666664,5,2,38.35294117647059,23.0,58,9,0,0,E1,6,15,0.0,0.0
claim,1323,default,79,6,6,42.666666666666664,2,2,35.76470588235294,23.0,27,34,8,8,E1,6,15,0.0,0.0
mas,1323,default,75,6,6,39.666666666666664,0,2,33.11764705882353,20.5,0,28,14,21,E1,6,15,0.0,0.0
mas_iterative,1323,default,75,6,6,39.333333333333336,0,2,32.705882352941174,20.0,0,28,16,24,E1,6,15,0.0,0.0
hungarian,1323,default,75,6,6,39.333333333333336,0,2,32.705882352941174,20.0,0,28,18,58,E1,6,15,0.0,0.0
no_coordination,1324,default,102,6,6,50.5,4,2,40.92857142857143,24.0,66,8,0,0,E1,6,15,0.0,0.0
claim,1324,default,73,6,6,43.333333333333336,0,2,36.857142857142854,24.0,0,12,6,6,E1,6,15,0.0,0.0
mas,1324,default,73,6,6,43.333333333333336,0,2,36.857142857142854,24.0,0,12,12,18,E1,6,15,0.0,0.0
mas_iterative,1324,default,73,6,6,43.333333333333336,0,2,36.857142857142854,24.0,0,12,12,18,E1,6,15,0.0,0.0
hungarian,1324,default,73,6,6,43.333333333333336,0,2,36.857142857142854,24.0,0,12,18,56,E1,6,15,0.0,0.0
no_coordination,1325,default,92,6,6,56.833333333333336,5,2,49.05882352941177,33.0,69,9,0,0,E1,6,15,0.0,0.0
claim,1325,default,80,6,6,53.0,2,2,47.05882352941177,33.0,45,23,8,8,E1,6,15,0.0,0.0
mas,1325,default,58,6,6,34.333333333333336,0,2,29.88235294117647,21.5,0,22,14,21,E1,6,15,0.0,0.0
mas_iterative,1325,default,57,6,6,33.666666666666664,0,2,29.294117647058822,21.0,0,20,14,21,E1,6,15,0.0,0.0
hungarian,1325,default,57,6,6,33.666666666666664,0,2,29.294117647058822,21.0,0,20,18,56,E1,6,15,0.0,0.0
no_coordination,1326,default,105,6,6,51.666666666666664,4,2,43.411764705882355,20.0,84,8,0,0,E1,6,15,0.0,0.0
claim,1326,default,105,6,6,51.666666666666664,4,2,43.411764705882355,20.0,84,8,10,10,E1,6,15,0.0,0.0
mas,1326,default,67,6,6,39.666666666666664,0,2,34.94117647058823,20.0,0,12,14,21,E1,6,15,0.0,0.0
mas_iterative,1326,default,67,6,6,39.333333333333336,0,2,34.705882352941174,20.0,0,12,14,21,E1,6,15,0.0,0.0
hungarian,1326,default,67,6,6,39.333333333333336,0,2,34.705882352941174,20.0,0,12,18,58,E1,6,15,0.0,0.0
no_coordination,1327,default,81,6,6,47.5,3,2,36.1764705882353,23.333333333333332,45,7,0,0,E1,6,15,0.0,0.0
claim,1327,default,81,6,6,47.5,2,2,36.1764705882353,23.333333333333332,40,11,8,8,E1,6,15,0.0,0.0
mas,1327,default,77,6,6,41.166666666666664,0,2,32.88235294117647,23.333333333333332,0,30,14,21,E1,6,15,0.0,0.0
mas_iterative,1327,default,77,6,6,41.0,0,2,32.705882352941174,23.333333333333332,0,30,16,24,E1,6,15,0.0,0.0
hungarian,1327,default,77,6,6,41.0,0,2,32.705882352941174,23.333333333333332,0,30,20,61,E1,6,15,0.0,0.0
no_coordination,1328,default,59,6,6,32.5,2,2,29.928571428571427,nan,9,7,0,0,E1,6,15,0.0,0.0
claim,1328,default,61,6,6,31.333333333333332,0,2,29.5,nan,0,33,6,6,E1,6,15,0.0,0.0
mas,1328,default,61,6,6,31.333333333333332,0,2,29.5,nan,0,33,12,18,E1,6,15,0.0,0.0
mas_iterative,1328,default,61,6,6,31.333333333333332,0,2,29.5,nan,0,33,12,18,E1,6,15,0.0,0.0
hungarian,1328,default,61,6,6,31.333333333333332,0,2,29.5,nan,0,33,18,56,E1,6,15,0.0,0.0
no_coordination,1329,default,97,6,6,60.5,5,2,51.6875,20.0,78,9,0,0,E1,6,15,0.0,0.0
claim,1329,default,70,6,6,49.666666666666664,1,2,45.125,20.0,21,8,7,7,E1,6,15,0.0,0.0
mas,1329,default,61,6,6,41.166666666666664,0,2,37.1875,20.0,0,12,14,21,E1,6,15,0.0,0.0
mas_iterative,1329,default,61,6,6,40.666666666666664,0,2,36.75,20.0,0,12,14,21,E1,6,15,0.0,0.0
hungarian,1329,default,61,6,6,40.666666666666664,0,2,36.75,20.0,0,12,18,56,E1,6,15,0.0,0.0
no_coordination,1330,default,71,6,6,50.333333333333336,3,2,42.142857142857146,20.0,35,7,0,0,E1,6,15,0.0,0.0
claim,1330,default,73,6,6,48.333333333333336,1,2,41.142857142857146,20.0,21,19,7,7,E1,6,15,0.0,0.0
mas,1330,default,66,6,6,39.333333333333336,0,2,33.642857142857146,20.0,0,20,14,21,E1,6,15,0.0,0.0
mas_iterative,1330,default,65,6,6,38.666666666666664,0,2,33.142857142857146,20.0,0,18,16,24,E1,6,15,0.0,0.0
hungarian,1330,default,65,6,6,38.666666666666664,0,2,33.142857142857146,20.0,0,18,18,58,E1,6,15,0.0,0.0
no_coordination,1331,default,123,6,6,62.833333333333336,5,2,52.285714285714285,28.0,120,9,0,0,E1,6,15,0.0,0.0
claim,1331,default,99,6,6,57.333333333333336,2,2,49.285714285714285,28.0,45,33,8,8,E1,6,15,0.0,0.0
mas,1331,default,79,6,6,36.5,0,2,31.142857142857142,20.0,0,43,14,21,E1,6,15,0.0,0.0
mas_iterative,1331,default,79,6,6,36.0,0,2,30.714285714285715,20.0,0,43,16,24,E1,6,15,0.0,0.0
hungarian,1331,default,79,6,6,36.0,0,2,30.714285714285715,20.0,0,43,18,58,E1,6,15,0.0,0.0
no_coordination,1332,default,83,6,6,43.666666666666664,4,2,35.75,20.0,60,8,0,0,E1,6,15,0.0,0.0
claim,1332,default,59,6,6,34.666666666666664,0,2,30.875,20.0,0,16,6,6,E1,6,15,0.0,0.0
mas,1332,default,59,6,6,34.666666666666664,0,2,30.875,20.0,0,16,12,18,E1,6,15,0.0,0.0
mas_iterative,1332,default,59,6,6,34.666666666666664,0,2,30.875,20.0,0,16,12,18,E1,6,15,0.0,0.0
hungarian,1332,default,59,6,6,34.666666666666664,0,2,30.875,20.0,0,16,18,56,E1,6,15,0.0,0.0
no_coordination,1333,default,113,6,6,56.333333333333336,4,2,47.84615384615385,nan,92,8,0,0,E1,6,15,0.0,0.0
claim,1333,default,113,6,6,56.333333333333336,4,2,47.84615384615385,nan,92,8,10,10,E1,6,15,0.0,0.0
mas,1333,default,68,6,6,42.333333333333336,0,2,38.38461538461539,nan,0,6,14,21,E1,6,15,0.0,0.0
mas_iterative,1333,default,67,6,6,42.0,0,2,38.15384615384615,nan,0,4,14,21,E1,6,15,0.0,0.0
hungarian,1333,default,67,6,6,42.0,0,2,38.15384615384615,nan,0,4,18,58,E1,6,15,0.0,0.0
no_coordination,1334,default,115,6,6,65.0,4,2,55.2,nan,89,8,0,0,E1,6,15,0.0,0.0
claim,1334,default,89,6,6,60.0,1,2,52.2,nan,29,13,7,7,E1,6,15,0.0,0.0
mas,1334,default,83,6,6,43.0,0,2,37.6,nan,0,30,14,21,E1,6,15,0.0,0.0
mas_iterative,1334,default,83,6,6,42.666666666666664,0,2,37.2,nan,0,30,16,24,E1,6,15,0.0,0.0
hungarian,1334,default,83,6,6,42.666666666666664,0,2,37.2,nan,0,30,18,58,E1,6,15,0.0,0.0
no_coordination,1335,default,98,6,6,47.833333333333336,5,2,41.411764705882355,22.0,40,9,0,0,E1,6,15,0.0,0.0
claim,1335,default,77,6,6,37.666666666666664,0,2,34.0,22.0,0,39,6,6,E1,6,15,0.0,0.0
mas,1335,default,77,6,6,37.666666666666664,0,2,34.0,22.0,0,39,12,18,E1,6,15,0.0,0.0
mas_iterative,1335,default,77,6,6,37.666666666666664,0,2,34.0,22.0,0,39,12,18,E1,6,15,0.0,0.0
hungarian,1335,default,77,6,6,37.666666666666664,0,2,34.0,22.0,0,39,18,56,E1,6,15,0.0,0.0
no_coordination,1336,default,117,6,6,66.0,5,2,52.57142857142857,28.0,76,9,0,0,E1,6,15,0.0,0.0
claim,1336,default,93,6,6,57.0,1,2,48.142857142857146,28.0,29,31,7,7,E1,6,15,0.0,0.0
mas,1336,default,74,6,6,40.833333333333336,0,2,33.142857142857146,20.0,0,28,14,21,E1,6,15,0.0,0.0
mas_iterative,1336,default,73,6,6,40.333333333333336,0,2,32.714285714285715,20.0,0,26,14,21,E1,6,15,0.0,0.0
hungarian,1336,default,73,6,6,40.333333333333336,0,2,32.714285714285715,20.0,0,26,18,56,E1,6,15,0.0,0.0
no_coordination,1337,default,67,6,6,41.833333333333336,3,2,37.94117647058823,20.0,34,7,0,0,E1,6,15,0.0,0.0
claim,1337,default,62,6,6,36.166666666666664,0,2,33.294117647058826,20.0,0,21,6,6,E1,6,15,0.0,0.0
mas,1337,default,62,6,6,36.166666666666664,0,2,33.294117647058826,20.0,0,21,12,18,E1,6,15,0.0,0.0
mas_iterative,1337,default,62,6,6,36.166666666666664,0,2,33.294117647058826,20.0,0,21,12,18,E1,6,15,0.0,0.0
hungarian,1337,default,62,6,6,36.166666666666664,0,2,33.294117647058826,20.0,0,21,18,56,E1,6,15,0.0,0.0
no_coordination,1338,default,79,6,6,51.333333333333336,6,2,43.6,32.0,79,10,0,0,E1,6,15,0.0,0.0
claim,1338,default,79,6,6,51.333333333333336,6,2,43.6,32.0,79,10,12,12,E1,6,15,0.0,0.0
mas,1338,default,50,6,6,32.166666666666664,0,2,28.533333333333335,23.5,0,18,14,21,E1,6,15,0.0,0.0
mas_iterative,1338,default,49,6,6,31.666666666666668,0,2,28.0,23.0,0,16,14,21,E1,6,15,0.0,0.0
hungarian,1338,default,49,6,6,31.666666666666668,0,2,28.0,23.0,0,16,18,56,E1,6,15,0.0,0.0
no_coordination,1339,default,105,6,6,62.333333333333336,4,2,47.75,21.0,64,8,0,0,E1,6,15,0.0,0.0
claim,1339,default,79,6,6,47.0,1,2,38.5,21.0,20,5,7,7,E1,6,15,0.0,0.0
mas,1339,default,79,6,6,47.0,0,2,38.5,21.0,0,24,14,21,E1,6,15,0.0,0.0
mas_iterative,1339,default,79,6,6,47.0,0,2,38.5,21.0,0,24,14,21,E1,6,15,0.0,0.0
hungarian,1339,default,79,6,6,47.0,0,2,38.5,21.0,0,24,20,59,E1,6,15,0.0,0.0
no_coordination,1340,default,84,6,6,44.666666666666664,4,2,41.27777777777778,22.0,40,8,0,0,E1,6,15,0.0,0.0
claim,1340,default,71,6,6,41.0,0,2,38.333333333333336,22.0,0,14,6,6,E1,6,15,0.0,0.0
mas,1340,default,71,6,6,41.0,0,2,38.333333333333336,22.0,0,14,12,18,E1,6,15,0.0,0.0
mas_iterative,1340,default,71,6,6,41.0,0,2,38.333333333333336,22.0,0,14,12,18,E1,6,15,0.0,0.0
hungarian,1340,default,71,6,6,41.0,0,2,38.333333333333336,22.0,0,14,18,56,E1,6,15,0.0,0.0
no_coordination,1341,default,107,6,6,52.333333333333336,4,2,39.125,20.0,86,8,0,0,E1,6,15,0.0,0.0
claim,1341,default,107,6,6,52.333333333333336,4,2,39.125,20.0,86,8,10,10,E1,6,15,0.0,0.0
mas,1341,default,72,6,6,40.666666666666664,0,2,32.5625,20.0,0,20,14,21,E1,6,15,0.0,0.0
mas_iterative,1341,default,71,6,6,40.333333333333336,0,2,32.375,20.0,0,18,14,21,E1,6,15,0.0,0.0
hungarian,1341,default,71,6,6,40.333333333333336,0,2,32.375,20.0,0,18,18,58,E1,6,15,0.0,0.0
no_coordination,1342,default,88,6,6,47.166666666666664,3,2,35.4375,20.0,38,7,0,0,E1,6,15,0.0,0.0
claim,1342,default,88,6,6,47.166666666666664,2,2,35.4375,20.0,38,19,8,8,E1,6,15,0.0,0.0
mas,1342,default,77,6,6,39.166666666666664,0,2,32.0625,20.0,0,26,14,21,E1,6,15,0.0,0.0
mas_iterative,1342,default,77,6,6,39.0,0,2,31.875,20.0,0,26,14,21,E1,6,15,0.0,0.0
hungarian,1342,default,77,6,6,39.0,0,2,31.875,20.0,0,26,18,58,E1,6,15,0.0,0.0
no_coordination,1343,default,105,6,6,64.0,6,2,54.285714285714285,26.0,105,10,0,0,E1,6,15,0.0,0.0
claim,1343,default,105,6,6,64.0,6,2,54.285714285714285,26.0,105,10,12,12,E1,6,15,0.0,0.0
mas,1343,default,55,6,6,34.166666666666664,0,2,30.285714285714285,20.0,0,12,14,21,E1,6,15,0.0,0.0
mas_iterative,1343,default,55,6,6,33.666666666666664,0,2,29.857142857142858,20.0,0,12,16,24,E1,6,15,0.0,0.0
hungarian,1343,default,55,6,6,33.666666666666664,0,2,29.857142857142858,20.0,0,12,18,58,E1,6,15,0.0,0.0
no_coordination,1344,default,105,6,6,60.666666666666664,6,2,46.42857142857143,28.0,105,10,0,0,E1,6,15,0.0,0.0
claim,1344,default,105,6,6,60.666666666666664,6,2,46.42857142857143,28.0,105,10,12,12,E1,6,15,0.0,0.0
mas,1344,default,67,6,6,41.666666666666664,0,2,34.857142857142854,25.5,0,18,14,21,E1,6,15,0.0,0.0
mas_iterative,1344,default,67,6,6,41.333333333333336,0,2,34.42857142857143,25.0,0,18,14,21,E1,6,15,0.0,0.0
hungarian,1344,default,63,6,6,38.0,0,2,30.714285714285715,21.0,0,18,18,56,E1,6,15,0.0,0.0
no_coordination,1345,default,91,6,6,46.0,4,2,37.57142857142857,nan,70,8,0,0,E1,6,15,0.0,0.0
claim,1345,default,91,6,6,46.0,4,2,37.57142857142857,nan,70,8,10,10,E1,6,15,0.0,0.0
mas,1345,default,62,6,6,36.666666666666664,0,2,31.642857142857142,nan,0,16,14,21,E1,6,15,0.0,0.0
mas_iterative,1345,default,61,6,6,36.333333333333336,0,2,31.428571428571427,nan,0,14,14,21,E1,6,15,0.0,0.0
hungarian,1345,default,61,6,6,36.333333333333336,0,2,31.428571428571427,nan,0,14,18,58,E1,6,15,0.0,0.0
no_coordination,1346,default,77,6,6,42.666666666666664,3,2,37.23076923076923,nan,55,7,0,0,E1,6,15,0.0,0.0
claim,1346,default,71,6,6,41.666666666666664,1,2,36.76923076923077,nan,23,25,7,7,E1,6,15,0.0,0.0
mas,1346,default,66,6,6,39.166666666666664,0,2,34.84615384615385,nan,0,10,14,21,E1,6,15,0.0,0.0
mas_iterative,1346,default,65,6,6,38.666666666666664,0,2,34.30769230769231,nan,0,8,14,21,E1,6,15,0.0,0.0
hungarian,1346,default,65,6,6,38.666666666666664,0,2,34.30769230769231,nan,0,8,18,56,E1,6,15,0.0,0.0
no_coordination,1347,default,125,6,6,65.0,6,2,59.875,nan,125,10,0,0,E1,6,15,0.0,0.0
claim,1347,default,125,6,6,65.0,6,2,59.875,nan,125,10,12,12,E1,6,15,0.0,0.0
mas,1347,default,58,6,6,34.833333333333336,0,2,34.3125,nan,0,16,14,21,E1,6,15,0.0,0.0
mas_iterative,1347,default,57,6,6,34.333333333333336,0,2,33.875,nan,0,14,18,27,E1,6,15,0.0,0.0
hungarian,1347,default,57,6,6,34.333333333333336,0,2,33.875,nan,0,14,18,60,E1,6,15,0.0,0.0
no_coordination,1348,default,77,6,6,43.666666666666664,3,2,41.72222222222222,20.0,53,7,0,0,E1,6,15,0.0,0.0
claim,1348,default,66,6,6,42.666666666666664,1,2,40.44444444444444,20.0,21,10,7,7,E1,6,15,0.0,0.0
mas,1348,default,61,6,6,39.5,0,2,37.44444444444444,20.0,0,8,14,21,E1,6,15,0.0,0.0
mas_iterative,1348,default,61,6,6,39.0,0,2,37.0,20.0,0,8,14,21,E1,6,15,0.0,0.0
hungarian,1348,default,57,6,6,37.333333333333336,0,2,35.666666666666664,24.0,0,6,18,56,E1,6,15,0.0,0.0
no_coordination,1349,default,93,6,6,59.5,3,2,54.294117647058826,26.0,52,7,0,0,E1,6,15,0.0,0.0
claim,1349,default,90,6,6,54.833333333333336,1,2,51.0,26.0,27,24,7,7,E1,6,15,0.0,0.0
mas,1349,default,81,6,6,43.666666666666664,0,2,39.88235294117647,20.0,0,32,14,21,E1,6,15,0.0,0.0
mas_iterative,1349,default,81,6,6,43.333333333333336,0,2,39.529411764705884,20.0,0,32,14,21,E1,6,15,0.0,0.0
hungarian,1349,default,81,6,6,43.333333333333336,0,2,39.529411764705884,20.0,0,32,18,56,E1,6,15,0.0,0.0
no_coordination,1350,default,90,6,6,49.333333333333336,5,2,43.142857142857146,nan,69,9,0,0,E1,6,15,0.0,0.0
claim,1350,default,57,6,6,36.5,0,2,34.5,nan,0,7,6,6,E1,6,15,0.0,0.0
mas,1350,default,57,6,6,36.5,0,2,34.5,nan,0,7,12,18,E1,6,15,0.0,0.0
mas_iterative,1350,default,57,6,6,36.5,0,2,34.5,nan,0,7,12,18,E1,6,15,0.0,0.0
hungarian,1350,default,57,6,6,36.5,0,2,34.5,nan,0,7,18,56,E1,6,15,0.0,0.0
no_coordination,1351,default,139,6,6,64.33333333333333,4,2,54.625,20.0,118,8,0,0,E1,6,15,0.0,0.0
claim,1351,default,139,6,6,64.33333333333333,4,2,54.625,20.0,118,8,10,10,E1,6,15,0.0,0.0
mas,1351,default,84,6,6,47.666666666666664,0,2,42.125,20.0,0,12,14,21,E1,6,15,0.0,0.0
mas_iterative,1351,default,83,6,6,47.333333333333336,0,2,41.875,20.0,0,10,14,21,E1,6,15,0.0,0.0
hungarian,1351,default,83,6,6,47.333333333333336,0,2,41.875,20.0,0,10,18,58,E1,6,15,0.0,0.0
no_coordination,1352,default,91,6,6,46.0,4,2,33.857142857142854,20.0,70,8,0,0,E1,6,15,0.0,0.0
claim,1352,default,91,6,6,46.0,4,2,33.857142857142854,20.0,70,8,10,10,E1,6,15,0.0,0.0
mas,1352,default,58,6,6,36.333333333333336,0,2,28.928571428571427,20.0,0,8,14,21,E1,6,15,0.0,0.0
mas_iterative,1352,default,57,6,6,36.0,0,2,28.714285714285715,20.0,0,6,14,21,E1,6,15,0.0,0.0
hungarian,1352,default,57,6,6,36.0,0,2,28.714285714285715,20.0,0,6,18,58,E1,6,15,0.0,0.0
no_coordination,1353,default,87,6,6,53.5,3,2,50.92307692307692,nan,40,7,0,0,E1,6,15,0.0,0.0
claim,1353,default,89,6,6,53.333333333333336,1,2,50.76923076923077,nan,21,18,7,7,E1,6,15,0.0,0.0
mas,1353,default,86,6,6,44.166666666666664,0,2,42.30769230769231,nan,0,30,14,21,E1,6,15,0.0,0.0
mas_iterative,1353,default,85,6,6,43.666666666666664,0,2,41.84615384615385,nan,0,28,16,24,E1,6,15,0.0,0.0
hungarian,1353,default,79,6,6,43.333333333333336,0,2,41.69230769230769,nan,0,22,18,56,E1,6,15,0.0,0.0
no_coordination,1354,default,89,6,6,47.333333333333336,3,2,39.166666666666664,nan,37,7,0,0,E1,6,15,0.0,0.0
claim,1354,default,73,6,6,44.666666666666664,1,2,37.833333333333336,nan,20,11,7,7,E1,6,15,0.0,0.0
mas,1354,default,64,6,6,39.333333333333336,0,2,34.916666666666664,nan,0,6,14,21,E1,6,15,0.0,0.0
mas_iterative,1354,default,63,6,6,39.0,0,2,34.666666666666664,nan,0,4,14,21,E1,6,15,0.0,0.0
hungarian,1354,default,63,6,6,39.0,0,2,34.666666666666664,nan,0,4,18,58,E1,6,15,0.0,0.0
no_coordination,1355,default,81,6,6,43.0,4,2,33.64705882352941,22.666666666666668,60,8,0,0,E1,6,15,0.0,0.0
claim,1355,default,81,6,6,43.0,4,2,33.64705882352941,22.666666666666668,60,8,10,10,E1,6,15,0.0,0.0
mas,1355,default,55,6,6,34.0,0,2,29.235294117647058,22.666666666666668,0,12,14,21,E1,6,15,0.0,0.0
mas_iterative,1355,default,55,6,6,33.666666666666664,0,2,29.058823529411764,22.666666666666668,0,12,14,21,E1,6,15,0.0,0.0
hungarian,1355,default,55,6,6,33.666666666666664,0,2,29.058823529411764,22.666666666666668,0,12,18,58,E1,6,15,0.0,0.0
no_coordination,1356,default,99,6,6,45.333333333333336,4,2,34.90909090909091,nan,78,8,0,0,E1,6,15,0.0,0.0
claim,1356,default,99,6,6,45.333333333333336,4,2,34.90909090909091,nan,78,8,10,10,E1,6,15,0.0,0.0
mas,1356,default,71,6,6,37.0,0,2,30.363636363636363,nan,0,26,14,21,E1,6,15,0.0,0.0
mas_iterative,1356,default,71,6,6,36.666666666666664,0,2,30.181818181818183,nan,0,26,14,21,E1,6,15,0.0,0.0
hungarian,1356,default,71,6,6,36.666666666666664,0,2,30.181818181818183,nan,0,26,18,58,E1,6,15,0.0,0.0
no_coordination,1357,default,83,6,6,41.0,3,2,33.44444444444444,22.666666666666668,25,7,0,0,E1,6,15,0.0,0.0
claim,1357,default,67,6,6,38.333333333333336,1,2,32.55555555555556,22.666666666666668,8,15,7,7,E1,6,15,0.0,0.0
mas,1357,default,61,6,6,36.666666666666664,0,2,32.05555555555556,22.666666666666668,0,6,14,21,E1,6,15,0.0,0.0
mas_iterative,1357,default,61,6,6,36.333333333333336,0,2,31.88888888888889,22.666666666666668,0,6,14,21,E1,6,15,0.0,0.0
hungarian,1357,default,61,6,6,36.333333333333336,0,2,31.88888888888889,22.666666666666668,0,6,18,58,E1,6,15,0.0,0.0
no_coordination,1358,default,77,6,6,43.5,2,2,37.2,20.0,23,6,0,0,E1,6,15,0.0,0.0
claim,1358,default,77,6,6,43.5,1,2,37.2,20.0,14,14,7,7,E1,6,15,0.0,0.0
mas,1358,default,75,6,6,40.333333333333336,0,2,35.53333333333333,20.0,0,16,14,21,E1,6,15,0.0,0.0
mas_iterative,1358,default,75,6,6,40.0,0,2,35.333333333333336,20.0,0,16,14,21,E1,6,15,0.0,0.0
hungarian,1358,default,75,6,6,40.0,0,2,35.333333333333336,20.0,0,16,18,58,E1,6,15,0.0,0.0
no_coordination,1359,default,144,6,6,72.0,5,2,58.142857142857146,24.0,89,9,0,0,E1,6,15,0.0,0.0
claim,1359,default,109,6,6,61.0,1,2,51.214285714285715,24.0,25,36,7,7,E1,6,15,0.0,0.0
mas,1359,default,98,6,6,54.5,0,2,45.42857142857143,24.0,0,28,14,21,E1,6,15,0.0,0.0
mas_iterative,1359,default,97,6,6,54.0,0,2,45.0,24.0,0,26,14,21,E1,6,15,0.0,0.0
hungarian,1359,default,97,6,6,52.0,0,2,43.42857142857143,30.0,0,30,18,56,E1,6,15,0.0,0.0
no_coordination,1360,default,109,6,6,58.666666666666664,6,2,43.714285714285715,25.0,109,10,0,0,E1,6,15,0.0,0.0
claim,1360,default,109,6,6,58.666666666666664,6,2,43.714285714285715,25.0,109,10,12,12,E1,6,15,0.0,0.0
mas,1360,default,65,6,6,40.833333333333336,0,2,32.357142857142854,21.5,0,10,14,21,E1,6,15,0.0,0.0
mas_iterative,1360,default,65,6,6,40.333333333333336,0,2,31.857142857142858,21.0,0,10,14,21,E1,6,15,0.0,0.0
hungarian,1360,default,65,6,6,40.333333333333336,0,2,31.857142857142858,21.0,0,10,18,56,E1,6,15,0.0,0.0
no_coordination,1361,default,99,6,6,46.666666666666664,4,2,34.94117647058823,23.333333333333332,74,8,0,0,E1,6,15,0.0,0.0
claim,1361,default,73,6,6,37.666666666666664,0,2,31.529411764705884,23.333333333333332,0,26,6,6,E1,6,15,0.0,0.0
mas,1361,default,73,6,6,37.666666666666664,0,2,31.529411764705884,23.333333333333332,0,26,12,18,E1,6,15,0.0,0.0
mas_iterative,1361,default,73,6,6,37.666666666666664,0,2,31.529411764705884,23.333333333333332,0,26,12,18,E1,6,15,0.0,0.0
hungarian,1361,default,73,6,6,37.666666666666664,0,2,31.529411764705884,23.333333333333332,0,26,18,56,E1,6,15,0.0,0.0
no_coordination,1363,default,67,6,6,41.166666666666664,3,2,36.46153846153846,nan,31,7,0,0,E1,6,15,0.0,0.0
claim,1363,default,53,6,6,37.0,0,2,33.69230769230769,nan,0,6,6,6,E1,6,15,0.0,0.0
mas,1363,default,53,6,6,37.0,0,2,33.69230769230769,nan,0,6,12,18,E1,6,15,0.0,0.0
mas_iterative,1363,default,53,6,6,37.0,0,2,33.69230769230769,nan,0,6,12,18,E1,6,15,0.0,0.0
hungarian,1363,default,53,6,6,37.0,0,2,33.69230769230769,nan,0,6,18,56,E1,6,15,0.0,0.0
no_coordination,1364,default,115,6,6,58.333333333333336,4,2,52.266666666666666,32.0,74,9,0,0,E1,6,15,0.0,0.0
claim,1364,default,95,6,6,49.666666666666664,0,2,45.333333333333336,32.0,0,32,6,6,E1,6,15,0.0,0.0
mas,1364,default,95,6,6,49.666666666666664,0,2,45.333333333333336,32.0,0,32,12,18,E1,6,15,0.0,0.0
mas_iterative,1364,default,95,6,6,49.666666666666664,0,2,45.333333333333336,32.0,0,32,12,18,E1,6,15,0.0,0.0
hungarian,1364,default,95,6,6,49.666666666666664,0,2,45.333333333333336,32.0,0,32,18,56,E1,6,15,0.0,0.0
no_coordination,1365,default,123,6,6,67.83333333333333,4,2,56.8125,28.0,102,8,0,0,E1,6,15,0.0,0.0
claim,1365,default,95,6,6,60.0,1,2,52.6875,28.0,29,22,7,7,E1,6,15,0.0,0.0
mas,1365,default,72,6,6,42.833333333333336,0,2,36.5625,20.0,0,12,14,21,E1,6,15,0.0,0.0
mas_iterative,1365,default,71,6,6,42.333333333333336,0,2,36.125,20.0,0,10,16,24,E1,6,15,0.0,0.0
hungarian,1365,default,71,6,6,42.333333333333336,0,2,36.125,20.0,0,10,18,58,E1,6,15,0.0,0.0
no_coordination,1366,default,108,6,6,54.833333333333336,4,2,49.23529411764706,28.0,58,8,0,0,E1,6,15,0.0,0.0
claim,1366,default,86,6,6,50.166666666666664,1,2,45.94117647058823,28.0,29,25,7,7,E1,6,15,0.0,0.0
mas,1366,default,71,6,6,36.166666666666664,0,2,32.76470588235294,22.0,0,29,14,21,E1,6,15,0.0,0.0
mas_iterative,1366,default,71,6,6,35.666666666666664,0,2,32.294117647058826,22.0,0,29,14,21,E1,6,15,0.0,0.0
hungarian,1366,default,71,6,6,35.666666666666664,0,2,32.294117647058826,22.0,0,29,18,56,E1,6,15,0.0,0.0
no_coordination,1367,default,111,6,6,67.33333333333333,4,2,54.92307692307692,nan,82,8,0,0,E1,6,15,0.0,0.0
claim,1367,default,103,6,6,59.0,1,2,50.46153846153846,nan,27,33,7,7,E1,6,15,0.0,0.0
mas,1367,default,96,6,6,50.0,0,2,41.23076923076923,nan,0,40,14,21,E1,6,15,0.0,0.0
mas_iterative,1367,default,95,6,6,49.333333333333336,0,2,40.61538461538461,nan,0,38,14,21,E1,6,15,0.0,0.0
hungarian,1367,default,91,6,6,47.666666666666664,0,2,39.53846153846154,nan,0,34,18,56,E1,6,15,0.0,0.0
no_coordination,1368,default,123,6,6,59.333333333333336,4,2,45.88235294117647,20.0,102,8,0,0,E1,6,15,0.0,0.0
claim,1368,default,123,6,6,59.333333333333336,4,2,45.88235294117647,20.0,102,8,10,10,E1,6,15,0.0,0.0
mas,1368,default,86,6,6,45.333333333333336,0,2,36.94117647058823,20.0,0,32,14,21,E1,6,15,0.0,0.0
mas_iterative,1368,default,85,6,6,45.0,0,2,36.705882352941174,20.0,0,30,14,21,E1,6,15,0.0,0.0
hungarian,1368,default,85,6,6,45.0,0,2,36.705882352941174,20.0,0,30,18,58,E1,6,15,0.0,0.0
no_coordination,1369,default,69,6,6,40.666666666666664,2,2,35.77777777777778,24.0,20,6,0,0,E1,6,15,0.0,0.0
claim,1369,default,69,6,6,40.666666666666664,2,2,35.77777777777778,24.0,20,6,8,8,E1,6,15,0.0,0.0
mas,1369,default,68,6,6,37.333333333333336,0,2,33.166666666666664,24.0,0,16,14,21,E1,6,15,0.0,0.0
mas_iterative,1369,default,67,6,6,37.0,0,2,32.888888888888886,24.0,0,14,14,21,E1,6,15,0.0,0.0
hungarian,1369,default,67,6,6,37.0,0,2,32.888888888888886,24.0,0,14,18,58,E1,6,15,0.0,0.0
no_coordination,1370,default,119,6,6,57.666666666666664,4,2,50.25,24.0,59,8,0,0,E1,6,15,0.0,0.0
claim,1370,default,79,6,6,46.0,0,2,41.5,24.0,0,16,6,6,E1,6,15,0.0,0.0
mas,1370,default,79,6,6,46.0,0,2,41.5,24.0,0,16,12,18,E1,6,15,0.0,0.0
mas_iterative,1370,default,79,6,6,46.0,0,2,41.5,24.0,0,16,12,18,E1,6,15,0.0,0.0
hungarian,1370,default,79,6,6,46.0,0,2,41.5,24.0,0,16,18,56,E1,6,15,0.0,0.0
no_coordination,1371,default,112,6,6,60.333333333333336,5,2,47.84615384615385,26.0,63,9,0,0,E1,6,15,0.0,0.0
claim,1371,default,85,6,6,54.0,1,2,44.92307692307692,26.0,27,18,7,7,E1,6,15,0.0,0.0
mas,1371,default,71,6,6,38.5,0,2,31.46153846153846,20.0,0,22,14,21,E1,6,15,0.0,0.0
mas_iterative,1371,default,71,6,6,38.0,0,2,31.076923076923077,20.0,0,22,16,24,E1,6,15,0.0,0.0
hungarian,1371,default,71,6,6,38.0,0,2,31.076923076923077,20.0,0,22,18,58,E1,6,15,0.0,0.0
no_coordination,1372,default,91,6,6,48.333333333333336,4,2,45.88235294117647,nan,70,8,0,0,E1,6,15,0.0,0.0
claim,1372,default,91,6,6,48.333333333333336,4,2,45.88235294117647,nan,70,8,10,10,E1,6,15,0.0,0.0
mas,1372,default,57,6,6,37.333333333333336,0,2,36.294117647058826,nan,0,6,14,21,E1,6,15,0.0,0.0
mas_iterative,1372,default,57,6,6,37.0,0,2,36.0,nan,0,6,14,21,E1,6,15,0.0,0.0
hungarian,1372,default,57,6,6,37.0,0,2,36.0,nan,0,6,18,58,E1,6,15,0.0,0.0
no_coordination,1373,default,87,6,6,47.0,4,2,41.666666666666664,nan,79,8,0,0,E1,6,15,0.0,0.0
claim,1373,default,87,6,6,47.0,4,2,41.666666666666664,nan,79,8,10,10,E1,6,15,0.0,0.0
mas,1373,default,55,6,6,35.833333333333336,0,2,33.083333333333336,nan,0,6,14,21,E1,6,15,0.0,0.0
mas_iterative,1373,default,55,6,6,35.333333333333336,0,2,32.666666666666664,nan,0,6,14,21,E1,6,15,0.0,0.0
hungarian,1373,default,49,6,6,32.0,0,2,29.833333333333332,nan,0,10,18,56,E1,6,15,0.0,0.0
no_coordination,1374,default,67,6,6,39.333333333333336,4,2,33.25,28.0,46,8,0,0,E1,6,15,0.0,0.0
claim,1374,default,67,6,6,39.333333333333336,4,2,33.25,28.0,46,8,10,10,E1,6,15,0.0,0.0
mas,1374,default,52,6,6,31.833333333333332,0,2,28.5625,28.0,0,20,14,21,E1,6,15,0.0,0.0
mas_iterative,1374,default,51,6,6,31.333333333333332,0,2,28.25,28.0,0,18,14,21,E1,6,15,0.0,0.0
hungarian,1374,default,51,6,6,31.333333333333332,0,2,28.25,28.0,0,18,18,58,E1,6,15,0.0,0.0
no_coordination,1375,default,76,6,6,42.333333333333336,3,2,40.0,20.0,41,7,0,0,E1,6,15,0.0,0.0
claim,1375,default,78,6,6,38.166666666666664,0,2,36.94444444444444,20.0,0,39,6,6,E1,6,15,0.0,0.0
mas,1375,default,78,6,6,38.166666666666664,0,2,36.94444444444444,20.0,0,39,12,18,E1,6,15,0.0,0.0
mas_iterative,1375,default,78,6,6,38.166666666666664,0,2,36.94444444444444,20.0,0,39,12,18,E1,6,15,0.0,0.0
hungarian,1375,default,78,6,6,38.166666666666664,0,2,36.94444444444444,20.0,0,39,18,56,E1,6,15,0.0,0.0
no_coordination,1376,default,82,6,6,40.0,4,2,31.375,20.0,61,8,0,0,E1,6,15,0.0,0.0
claim,1376,default,82,6,6,40.0,4,2,31.375,20.0,61,8,10,10,E1,6,15,0.0,0.0
mas,1376,default,62,6,6,33.666666666666664,0,2,27.875,20.0,0,25,14,21,E1,6,15,0.0,0.0
mas_iterative,1376,default,61,6,6,33.333333333333336,0,2,27.6875,20.0,0,23,14,21,E1,6,15,0.0,0.0
hungarian,1376,default,61,6,6,33.333333333333336,0,2,27.6875,20.0,0,23,18,58,E1,6,15,0.0,0.0
no_coordination,1377,default,129,6,6,67.16666666666667,4,2,59.11764705882353,20.0,106,9,0,0,E1,6,15,0.0,0.0
claim,1377,default,101,6,6,57.666666666666664,1,2,52.35294117647059,20.0,21,34,7,7,E1,6,15,0.0,0.0
mas,1377,default,82,6,6,47.166666666666664,0,2,42.35294117647059,20.0,0,18,14,21,E1,6,15,0.0,0.0
mas_iterative,1377,default,81,6,6,46.666666666666664,0,2,41.88235294117647,20.0,0,16,16,24,E1,6,15,0.0,0.0
hungarian,1377,default,81,6,6,46.666666666666664,0,2,41.88235294117647,20.0,0,16,18,58,E1,6,15,0.0,0.0
no_coordination,1378,default,121,6,6,70.33333333333333,5,2,58.0,28.0,107,9,0,0,E1,6,15,0.0,0.0
claim,1378,default,103,6,6,67.33333333333333,3,2,56.61538461538461,28.0,61,17,9,9,E1,6,15,0.0,0.0
mas,1378,default,69,6,6,42.166666666666664,0,2,35.30769230769231,20.0,0,14,14,21,E1,6,15,0.0,0.0
mas_iterative,1378,default,69,6,6,41.666666666666664,0,2,34.92307692307692,20.0,0,14,14,21,E1,6,15,0.0,0.0
hungarian,1378,default,81,6,6,45.333333333333336,0,2,37.53846153846154,28.0,0,24,18,56,E1,6,15,0.0,0.0
no_coordination,1379,default,93,6,6,48.166666666666664,2,2,42.166666666666664,nan,41,7,0,0,E1,6,15,0.0,0.0
claim,1379,default,87,6,6,46.666666666666664,0,2,41.166666666666664,nan,0,30,6,6,E1,6,15,0.0,0.0
mas,1379,default,87,6,6,46.666666666666664,0,2,41.166666666666664,nan,0,30,12,18,E1,6,15,0.0,0.0
mas_iterative,1379,default,87,6,6,46.666666666666664,0,2,41.166666666666664,nan,0,30,12,18,E1,6,15,0.0,0.0
hungarian,1379,default,87,6,6,46.666666666666664,0,2,41.166666666666664,nan,0,30,18,56,E1,6,15,0.0,0.0
no_coordination,1380,default,103,6,6,49.666666666666664,4,2,40.7,31.0,82,8,0,0,E1,6,15,0.0,0.0
claim,1380,default,103,6,6,49.666666666666664,4,2,40.7,31.0,82,8,10,10,E1,6,15,0.0,0.0
mas,1380,default,72,6,6,39.333333333333336,0,2,33.95,28.25,0,24,14,21,E1,6,15,0.0,0.0
mas_iterative,1380,default,71,6,6,39.0,0,2,33.7,28.0,0,22,14,21,E1,6,15,0.0,0.0
hungarian,1380,default,71,6,6,39.0,0,2,33.7,28.0,0,22,18,58,E1,6,15,0.0,0.0
no_coordination,1381,default,96,6,6,47.833333333333336,4,2,44.92857142857143,nan,73,8,0,0,E1,6,15,0.0,0.0
claim,1381,default,63,6,6,38.166666666666664,0,2,36.642857142857146,nan,0,11,6,6,E1,6,15,0.0,0.0
mas,1381,default,63,6,6,38.166666666666664,0,2,36.642857142857146,nan,0,11,12,18,E1,6,15,0.0,0.0
mas_iterative,1381,default,63,6,6,38.166666666666664,0,2,36.642857142857146,nan,0,11,12,18,E1,6,15,0.0,0.0
hungarian,1381,default,63,6,6,38.166666666666664,0,2,36.642857142857146,nan,0,11,18,56,E1,6,15,0.0,0.0
no_coordination,1382,default,97,6,6,51.666666666666664,3,2,45.46666666666667,20.0,51,7,0,0,E1,6,15,0.0,0.0
claim,1382,default,83,6,6,46.333333333333336,0,2,41.2,20.0,0,18,6,6,E1,6,15,0.0,0.0
mas,1382,default,83,6,6,46.333333333333336,0,2,41.2,20.0,0,18,12,18,E1,6,15,0.0,0.0
mas_iterative,1382,default,83,6,6,46.333333333333336,0,2,41.2,20.0,0,18,12,18,E1,6,15,0.0,0.0
hungarian,1382,default,83,6,6,46.333333333333336,0,2,41.2,20.0,0,18,18,56,E1,6,15,0.0,0.0
no_coordination,1383,default,109,6,6,53.5,4,2,48.611111111111114,20.0,84,8,0,0,E1,6,15,0.0,0.0
claim,1383,default,89,6,6,49.666666666666664,1,2,45.888888888888886,20.0,21,28,7,7,E1,6,15,0.0,0.0
mas,1383,default,78,6,6,42.5,0,2,39.333333333333336,20.0,0,14,14,21,E1,6,15,0.0,0.0
mas_iterative,1383,default,77,6,6,42.0,0,2,38.888888888888886,20.0,0,12,16,24,E1,6,15,0.0,0.0
hungarian,1383,default,77,6,6,42.0,0,2,38.888888888888886,20.0,0,12,18,58,E1,6,15,0.0,0.0
no_coordination,1384,default,111,6,6,53.333333333333336,5,2,44.0,nan,63,9,0,0,E1,6,15,0.0,0.0
claim,1384,default,73,6,6,41.0,0,2,35.53846153846154,nan,0,18,6,6,E1,6,15,0.0,0.0
mas,1384,default,73,6,6,41.0,0,2,35.53846153846154,nan,0,18,12,18,E1,6,15,0.0,0.0
mas_iterative,1384,default,73,6,6,41.0,0,2,35.53846153846154,nan,0,18,12,18,E1,6,15,0.0,0.0
hungarian,1384,default,73,6,6,41.0,0,2,35.53846153846154,nan,0,18,18,56,E1,6,15,0.0,0.0
no_coordination,1385,default,83,6,6,50.0,2,2,45.36842105263158,22.0,36,6,0,0,E1,6,15,0.0,0.0
claim,1385,default,83,6,6,50.0,2,2,45.36842105263158,22.0,36,6,8,8,E1,6,15,0.0,0.0
mas,1385,default,77,6,6,45.333333333333336,0,2,41.94736842105263,22.0,0,18,14,21,E1,6,15,0.0,0.0
mas_iterative,1385,default,77,6,6,45.0,0,2,41.68421052631579,22.0,0,18,14,21,E1,6,15,0.0,0.0
hungarian,1385,default,77,6,6,45.0,0,2,41.68421052631579,22.0,0,18,18,58,E1,6,15,0.0,0.0
no_coordination,1386,default,89,6,6,57.333333333333336,4,2,48.857142857142854,24.0,80,8,0,0,E1,6,15,0.0,0.0
claim,1386,default,83,6,6,52.5,2,2,46.785714285714285,24.0,43,19,8,8,E1,6,15,0.0,0.0
mas,1386,default,62,6,6,35.666666666666664,0,2,32.5,22.0,0,12,14,21,E1,6,15,0.0,0.0
mas_iterative,1386,default,61,6,6,35.0,0,2,32.0,22.0,0,10,14,21,E1,6,15,0.0,0.0
hungarian,1386,default,65,6,6,34.666666666666664,0,2,30.285714285714285,24.0,0,30,18,56,E1,6,15,0.0,0.0
no_coordination,1388,default,105,6,6,57.0,4,2,45.333333333333336,28.0,84,8,0,0,E1,6,15,0.0,0.0
claim,1388,default,105,6,6,57.0,4,2,45.333333333333336,28.0,84,8,10,10,E1,6,15,0.0,0.0
mas,1388,default,64,6,6,42.333333333333336,0,2,36.55555555555556,28.0,0,6,14,21,E1,6,15,0.0,0.0
mas_iterative,1388,default,63,6,6,42.0,0,2,36.333333333333336,28.0,0,4,16,24,E1,6,15,0.0,0.0
hungarian,1388,default,63,6,6,42.0,0,2,36.333333333333336,28.0,0,4,18,60,E1,6,15,0.0,0.0
no_coordination,1389,default,78,6,6,44.833333333333336,3,2,38.714285714285715,nan,36,7,0,0,E1,6,15,0.0,0.0
claim,1389,default,78,6,6,44.833333333333336,2,2,38.714285714285715,nan,36,17,8,8,E1,6,15,0.0,0.0
mas,1389,default,75,6,6,38.5,0,2,35.142857142857146,nan,0,32,14,21,E1,6,15,0.0,0.0
mas_iterative,1389,default,75,6,6,38.333333333333336,0,2,35.0,nan,0,32,14,21,E1,6,15,0.0,0.0
hungarian,1389,default,75,6,6,38.333333333333336,0,2,35.0,nan,0,32,18,58,E1,6,15,0.0,0.0
no_coordination,1390,default,113,6,6,62.333333333333336,4,2,56.23529411764706,20.0,89,8,0,0,E1,6,15,0.0,0.0
claim,1390,default,113,6,6,62.333333333333336,4,2,56.23529411764706,20.0,89,8,10,10,E1,6,15,0.0,0.0
mas,1390,default,79,6,6,42.5,0,2,39.76470588235294,20.0,0,18,14,21,E1,6,15,0.0,0.0
mas_iterative,1390,default,79,6,6,42.0,0,2,39.294117647058826,20.0,0,18,16,24,E1,6,15,0.0,0.0
hungarian,1390,default,79,6,6,42.0,0,2,39.294117647058826,20.0,0,18,18,58,E1,6,15,0.0,0.0
no_coordination,1391,default,93,6,6,44.666666666666664,4,2,36.0,20.0,72,8,0,0,E1,6,15,0.0,0.0
claim,1391,default,93,6,6,44.666666666666664,4,2,36.0,20.0,72,8,10,10,E1,6,15,0.0,0.0
mas,1391,default,62,6,6,36.0,0,2,30.785714285714285,20.0,0,14,14,21,E1,6,15,0.0,0.0
mas_iterative,1391,default,61,6,6,35.666666666666664,0,2,30.571428571428573,20.0,0,12,14,21,E1,6,15,0.0,0.0
hungarian,1391,default,61,6,6,35.666666666666664,0,2,30.571428571428573,20.0,0,12,18,58,E1,6,15,0.0,0.0
no_coordination,1392,default,143,6,6,67.0,4,2,50.8,20.0,122,8,0,0,E1,6,15,0.0,0.0
claim,1392,default,143,6,6,67.0,4,2,50.8,20.0,122,8,10,10,E1,6,15,0.0,0.0
mas,1392,default,88,6,6,49.333333333333336,0,2,40.333333333333336,20.0,0,16,14,21,E1,6,15,0.0,0.0
mas_iterative,1392,default,87,6,6,49.0,0,2,40.13333333333333,20.0,0,14,14,21,E1,6,15,0.0,0.0
hungarian,1392,default,87,6,6,49.0,0,2,40.13333333333333,20.0,0,14,18,58,E1,6,15,0.0,0.0
no_coordination,1393,default,87,6,6,43.0,4,2,38.63157894736842,23.0,66,8,0,0,E1,6,15,0.0,0.0
claim,1393,default,87,6,6,43.0,4,2,38.63157894736842,23.0,66,8,10,10,E1,6,15,0.0,0.0
mas,1393,default,61,6,6,34.0,0,2,32.1578947368421,23.0,0,18,14,21,E1,6,15,0.0,0.0
mas_iterative,1393,default,61,6,6,33.666666666666664,0,2,31.894736842105264,23.0,0,18,14,21,E1,6,15,0.0,0.0
hungarian,1393,default,61,6,6,33.666666666666664,0,2,31.894736842105264,23.0,0,18,18,58,E1,6,15,0.0,0.0
no_coordination,1394,default,86,6,6,45.333333333333336,3,2,35.8125,26.0,44,7,0,0,E1,6,15,0.0,0.0
claim,1394,default,68,6,6,41.166666666666664,1,2,34.25,26.0,18,12,7,7,E1,6,15,0.0,0.0
mas,1394,default,57,6,6,35.666666666666664,0,2,31.4375,26.0,0,6,14,21,E1,6,15,0.0,0.0
mas_iterative,1394,default,57,6,6,35.333333333333336,0,2,31.25,26.0,0,6,14,21,E1,6,15,0.0,0.0
hungarian,1394,default,57,6,6,35.333333333333336,0,2,31.25,26.0,0,6,18,58,E1,6,15,0.0,0.0
no_coordination,1395,default,79,6,6,52.666666666666664,4,2,47.06666666666667,32.0,67,8,0,0,E1,6,15,0.0,0.0
claim,1395,default,79,6,6,52.666666666666664,4,2,47.06666666666667,32.0,67,8,10,10,E1,6,15,0.0,0.0
mas,1395,default,49,6,6,33.166666666666664,0,2,30.333333333333332,22.0,0,8,14,21,E1,6,15,0.0,0.0
mas_iterative,1395,default,49,6,6,32.666666666666664,0,2,29.866666666666667,22.0,0,8,14,21,E1,6,15,0.0,0.0
hungarian,1395,default,49,6,6,32.666666666666664,0,2,29.866666666666667,22.0,0,8,18,56,E1,6,15,0.0,0.0
no_coordination,1396,default,93,6,6,59.0,3,2,48.583333333333336,26.0,51,7,0,0,E1,6,15,0.0,0.0
claim,1396,default,95,6,6,57.666666666666664,1,2,47.916666666666664,26.0,27,24,7,7,E1,6,15,0.0,0.0
mas,1396,default,86,6,6,47.5,0,2,38.083333333333336,20.0,0,22,14,21,E1,6,15,0.0,0.0
mas_iterative,1396,default,85,6,6,47.0,0,2,37.666666666666664,20.0,0,20,16,24,E1,6,15,0.0,0.0
hungarian,1396,default,77,6,6,45.333333333333336,0,2,37.666666666666664,26.0,0,12,18,56,E1,6,15,0.0,0.0
no_coordination,1397,default,99,6,6,66.33333333333333,4,2,59.68421052631579,43.333333333333336,68,8,0,0,E1,6,15,0.0,0.0
claim,1397,default,81,6,6,58.333333333333336,1,2,54.421052631578945,43.333333333333336,31,11,7,7,E1,6,15,0.0,0.0
mas,1397,default,67,6,6,44.666666666666664,0,2,40.89473684210526,30.333333333333332,0,12,14,21,E1,6,15,0.0,0.0
mas_iterative,1397,default,67,6,6,44.333333333333336,0,2,40.526315789473685,30.0,0,12,14,21,E1,6,15,0.0,0.0
hungarian,1397,default,67,6,6,43.666666666666664,0,2,39.78947368421053,29.333333333333332,0,14,18,56,E1,6,15,0.0,0.0
no_coordination,1398,default,56,6,6,35.833333333333336,3,2,32.93333333333333,22.0,20,8,0,0,E1,6,15,0.0,0.0
claim,1398,default,55,6,6,32.333333333333336,0,2,30.133333333333333,22.0,0,18,6,6,E1,6,15,0.0,0.0
mas,1398,default,55,6,6,32.333333333333336,0,2,30.133333333333333,22.0,0,18,12,18,E1,6,15,0.0,0.0
mas_iterative,1398,default,55,6,6,32.333333333333336,0,2,30.133333333333333,22.0,0,18,12,18,E1,6,15,0.0,0.0
hungarian,1398,default,55,6,6,32.333333333333336,0,2,30.133333333333333,22.0,0,18,18,56,E1,6,15,0.0,0.0
no_coordination,1399,default,89,6,6,54.333333333333336,6,2,46.4,22.0,89,10,0,0,E1,6,15,0.0,0.0
claim,1399,default,89,6,6,54.333333333333336,6,2,46.4,22.0,89,10,12,12,E1,6,15,0.0,0.0
mas,1399,default,57,6,6,38.833333333333336,0,2,34.86666666666667,22.0,0,12,14,21,E1,6,15,0.0,0.0
mas_iterative,1399,default,57,6,6,38.333333333333336,0,2,34.4,22.0,0,12,14,21,E1,6,15,0.0,0.0
hungarian,1399,default,57,6,6,35.333333333333336,0,2,31.6,22.0,0,18,18,56,E1,6,15,0.0,0.0
no_coordination,1400,default,77,6,6,40.0,2,2,37.06666666666667,nan,45,6,0,0,E1,6,15,0.0,0.0
claim,1400,default,67,6,6,36.0,0,2,33.86666666666667,nan,0,28,6,6,E1,6,15,0.0,0.0
mas,1400,default,67,6,6,36.0,0,2,33.86666666666667,nan,0,28,12,18,E1,6,15,0.0,0.0
mas_iterative,1400,default,67,6,6,36.0,0,2,33.86666666666667,nan,0,28,12,18,E1,6,15,0.0,0.0
hungarian,1400,default,67,6,6,36.0,0,2,33.86666666666667,nan,0,28,18,56,E1,6,15,0.0,0.0
no_coordination,1401,default,93,6,6,46.0,3,2,41.46666666666667,nan,42,7,0,0,E1,6,15,0.0,0.0
claim,1401,default,87,6,6,44.333333333333336,0,2,40.13333333333333,nan,0,32,6,6,E1,6,15,0.0,0.0
mas,1401,default,87,6,6,44.333333333333336,0,2,40.13333333333333,nan,0,32,12,18,E1,6,15,0.0,0.0
mas_iterative,1401,default,87,6,6,44.333333333333336,0,2,40.13333333333333,nan,0,32,12,18,E1,6,15,0.0,0.0
hungarian,1401,default,87,6,6,44.333333333333336,0,2,40.13333333333333,nan,0,32,18,56,E1,6,15,0.0,0.0
no_coordination,1402,default,69,6,6,36.5,2,2,35.0,nan,41,7,0,0,E1,6,15,0.0,0.0
claim,1402,default,68,6,6,36.333333333333336,1,2,34.857142857142854,nan,12,32,7,7,E1,6,15,0.0,0.0
mas,1402,default,61,6,6,33.333333333333336,0,2,32.285714285714285,nan,0,26,14,21,E1,6,15,0.0,0.0
mas_iterative,1402,default,61,6,6,33.0,0,2,32.0,nan,0,26,14,21,E1,6,15,0.0,0.0
hungarian,1402,default,61,6,6,33.0,0,2,32.0,nan,0,26,18,58,E1,6,15,0.0,0.0
no_coordination,1403,default,115,6,6,52.0,4,2,41.09090909090909,nan,94,8,0,0,E1,6,15,0.0,0.0
claim,1403,default,115,6,6,52.0,4,2,41.09090909090909,nan,94,8,10,10,E1,6,15,0.0,0.0
mas,1403,default,78,6,6,41.0,0,2,34.27272727272727,nan,0,24,14,21,E1,6,15,0.0,0.0
mas_iterative,1403,default,77,6,6,40.666666666666664,0,2,34.0,nan,0,22,14,21,E1,6,15,0.0,0.0
hungarian,1403,default,77,6,6,40.666666666666664,0,2,34.0,nan,0,22,18,58,E1,6,15,0.0,0.0
no_coordination,1404,default,95,6,6,51.333333333333336,4,2,42.111111111111114,25.333333333333332,65,8,0,0,E1,6,15,0.0,0.0
claim,1404,default,81,6,6,41.333333333333336,0,2,36.333333333333336,24.666666666666668,0,32,6,6,E1,6,15,0.0,0.0
mas,1404,default,81,6,6,41.333333333333336,0,2,36.333333333333336,24.666666666666668,0,32,12,18,E1,6,15,0.0,0.0
mas_iterative,1404,default,81,6,6,41.333333333333336,0,2,36.333333333333336,24.666666666666668,0,32,12,18,E1,6,15,0.0,0.0
hungarian,1404,default,81,6,6,41.333333333333336,0,2,36.333333333333336,24.666666666666668,0,32,18,56,E1,6,15,0.0,0.0
no_coordination,1405,default,99,6,6,53.0,4,2,43.166666666666664,20.0,50,8,0,0,E1,6,15,0.0,0.0
claim,1405,default,87,6,6,51.0,2,2,42.166666666666664,20.0,37,24,8,8,E1,6,15,0.0,0.0
mas,1405,default,67,6,6,35.333333333333336,0,2,30.5,20.0,0,29,14,21,E1,6,15,0.0,0.0
mas_iterative,1405,default,67,6,6,34.833333333333336,0,2,30.166666666666668,20.0,0,29,14,21,E1,6,15,0.0,0.0
hungarian,1405,default,67,6,6,34.833333333333336,0,2,30.166666666666668,20.0,0,29,18,56,E1,6,15,0.0,0.0
no_coordination,1406,default,109,6,6,52.0,4,2,43.529411764705884,20.0,88,8,0,0,E1,6,15,0.0,0.0
claim,1406,default,109,6,6,52.0,4,2,43.529411764705884,20.0,88,8,10,10,E1,6,15,0.0,0.0
mas,1406,default,70,6,6,40.333333333333336,0,2,35.294117647058826,20.0,0,14,14,21,E1,6,15,0.0,0.0
mas_iterative,1406,default,69,6,6,40.0,0,2,35.05882352941177,20.0,0,12,16,24,E1,6,15,0.0,0.0
hungarian,1406,default,69,6,6,40.0,0,2,35.05882352941177,20.0,0,12,18,60,E1,6,15,0.0,0.0
no_coordination,1407,default,104,6,6,50.166666666666664,5,2,39.0,21.5,69,9,0,0,E1,6,15,0.0,0.0
claim,1407,default,74,6,6,42.833333333333336,2,2,35.666666666666664,21.5,24,14,8,8,E1,6,15,0.0,0.0
mas,1407,default,71,6,6,40.166666666666664,0,2,33.53333333333333,20.5,0,14,14,21,E1,6,15,0.0,0.0
mas_iterative,1407,default,71,6,6,39.666666666666664,0,2,33.06666666666667,20.0,0,14,16,24,E1,6,15,0.0,0.0
hungarian,1407,default,71,6,6,39.666666666666664,0,2,33.06666666666667,20.0,0,14,18,58,E1,6,15,0.0,0.0
no_coordination,1408,default,101,6,6,49.0,4,2,39.625,20.0,80,8,0,0,E1,6,15,0.0,0.0
claim,1408,default,101,6,6,49.0,4,2,39.625,20.0,80,8,10,10,E1,6,15,0.0,0.0
mas,1408,default,76,6,6,39.333333333333336,0,2,33.25,20.0,0,34,14,21,E1,6,15,0.0,0.0
mas_iterative,1408,default,75,6,6,39.0,0,2,33.0,20.0,0,32,14,21,E1,6,15,0.0,0.0
hungarian,1408,default,75,6,6,39.0,0,2,33.0,20.0,0,32,18,58,E1,6,15,0.0,0.0
no_coordination,1409,default,126,6,6,66.33333333333333,5,2,53.4,20.0,69,9,0,0,E1,6,15,0.0,0.0
claim,1409,default,119,6,6,65.16666666666667,3,2,52.93333333333333,20.0,61,40,9,9,E1,6,15,0.0,0.0
mas,1409,default,84,6,6,44.833333333333336,0,2,36.666666666666664,20.0,0,20,14,21,E1,6,15,0.0,0.0
mas_iterative,1409,default,83,6,6,44.333333333333336,0,2,36.266666666666666,20.0,0,18,14,21,E1,6,15,0.0,0.0
hungarian,1409,default,83,6,6,44.333333333333336,0,2,36.266666666666666,20.0,0,18,18,56,E1,6,15,0.0,0.0
no_coordination,1410,default,100,6,6,47.666666666666664,5,2,42.4,20.0,31,9,0,0,E1,6,15,0.0,0.0
claim,1410,default,98,6,6,47.333333333333336,3,2,42.13333333333333,20.0,28,45,9,9,E1,6,15,0.0,0.0
mas,1410,default,66,6,6,34.666666666666664,0,2,32.0,20.0,0,17,16,24,E1,6,15,0.0,0.0
mas_iterative,1410,default,65,6,6,34.0,0,2,31.466666666666665,20.0,0,15,16,24,E1,6,15,0.0,0.0
hungarian,1410,default,65,6,6,34.0,0,2,31.466666666666665,20.0,0,15,18,58,E1,6,15,0.0,0.0
no_coordination,1411,default,130,6,6,58.333333333333336,6,2,48.64705882352941,24.0,130,10,0,0,E1,6,15,0.0,0.0
claim,1411,default,130,6,6,58.333333333333336,6,2,48.64705882352941,24.0,130,10,12,12,E1,6,15,0.0,0.0
mas,1411,default,69,6,6,34.5,0,2,31.41176470588235,24.0,0,27,14,21,E1,6,15,0.0,0.0
mas_iterative,1411,default,69,6,6,34.0,0,2,31.0,24.0,0,27,16,24,E1,6,15,0.0,0.0
hungarian,1411,default,69,6,6,34.0,0,2,31.0,24.0,0,27,18,58,E1,6,15,0.0,0.0
no_coordination,1412,default,86,6,6,51.166666666666664,3,2,45.64705882352941,22.0,40,7,0,0,E1,6,15,0.0,0.0
claim,1412,default,79,6,6,44.0,0,2,40.35294117647059,22.0,0,24,6,6,E1,6,15,0.0,0.0
mas,1412,default,79,6,6,44.0,0,2,40.35294117647059,22.0,0,24,12,18,E1,6,15,0.0,0.0
mas_iterative,1412,default,79,6,6,44.0,0,2,40.35294117647059,22.0,0,24,12,18,E1,6,15,0.0,0.0
hungarian,1412,default,79,6,6,44.0,0,2,40.35294117647059,22.0,0,24,18,56,E1,6,15,0.0,0.0
no_coordination,1413,default,124,6,6,80.33333333333333,5,2,67.3125,39.0,99,9,0,0,E1,6,15,0.0,0.0
claim,1413,default,110,6,6,77.5,3,2,66.25,39.0,81,10,9,9,E1,6,15,0.0,0.0
mas,1413,default,74,6,6,48.833333333333336,0,2,42.625,27.5,0,10,14,21,E1,6,15,0.0,0.0
mas_iterative,1413,default,73,6,6,48.333333333333336,0,2,42.125,27.0,0,8,14,21,E1,6,15,0.0,0.0
hungarian,1413,default,71,6,6,45.333333333333336,0,2,39.125,24.0,0,10,18,56,E1,6,15,0.0,0.0
no_coordination,1414,default,137,6,6,69.33333333333333,6,2,49.0,20.0,137,10,0,0,E1,6,15,0.0,0.0
claim,1414,default,137,6,6,69.33333333333333,6,2,49.0,20.0,137,10,12,12,E1,6,15,0.0,0.0
mas,1414,default,85,6,6,46.5,0,2,35.75,20.0,0,24,14,21,E1,6,15,0.0,0.0
mas_iterative,1414,default,85,6,6,46.0,0,2,35.333333333333336,20.0,0,24,16,24,E1,6,15,0.0,0.0
hungarian,1414,default,85,6,6,46.0,0,2,35.333333333333336,20.0,0,24,18,58,E1,6,15,0.0,0.0
no_coordination,1415,default,68,6,6,33.0,4,2,28.928571428571427,nan,47,8,0,0,E1,6,15,0.0,0.0
claim,1415,default,68,6,6,33.0,4,2,28.928571428571427,nan,47,8,10,10,E1,6,15,0.0,0.0
mas,1415,default,60,6,6,29.833333333333332,0,2,26.571428571428573,nan,0,35,14,21,E1,6,15,0.0,0.0
mas_iterative,1415,default,60,6,6,29.666666666666668,0,2,26.357142857142858,nan,0,35,14,21,E1,6,15,0.0,0.0
hungarian,1415,default,60,6,6,29.666666666666668,0,2,26.357142857142858,nan,0,35,18,58,E1,6,15,0.0,0.0
no_coordination,1416,default,92,6,6,54.5,5,2,48.61538461538461,nan,67,9,0,0,E1,6,15,0.0,0.0
claim,1416,default,92,6,6,54.5,4,2,48.61538461538461,nan,67,25,10,10,E1,6,15,0.0,0.0
mas,1416,default,53,6,6,34.833333333333336,0,2,32.69230769230769,nan,0,12,14,21,E1,6,15,0.0,0.0
mas_iterative,1416,default,53,6,6,34.333333333333336,0,2,32.30769230769231,nan,0,12,16,24,E1,6,15,0.0,0.0
hungarian,1416,default,53,6,6,34.333333333333336,0,2,32.30769230769231,nan,0,12,18,58,E1,6,15,0.0,0.0
no_coordination,1417,default,120,6,6,59.666666666666664,5,2,48.42857142857143,nan,91,9,0,0,E1,6,15,0.0,0.0
claim,1417,default,79,6,6,46.666666666666664,1,2,40.214285714285715,nan,21,16,7,7,E1,6,15,0.0,0.0
mas,1417,default,55,6,6,33.833333333333336,0,2,30.571428571428573,nan,0,6,14,21,E1,6,15,0.0,0.0
mas_iterative,1417,default,55,6,6,33.333333333333336,0,2,30.142857142857142,nan,0,6,16,24,E1,6,15,0.0,0.0
hungarian,1417,default,55,6,6,33.333333333333336,0,2,30.142857142857142,nan,0,6,18,58,E1,6,15,0.0,0.0
no_coordination,1418,default,121,6,6,59.666666666666664,5,2,49.38461538461539,nan,73,9,0,0,E1,6,15,0.0,0.0
claim,1418,default,75,6,6,44.666666666666664,0,2,39.53846153846154,nan,0,10,6,6,E1,6,15,0.0,0.0
mas,1418,default,75,6,6,44.666666666666664,0,2,39.53846153846154,nan,0,10,12,18,E1,6,15,0.0,0.0
mas_iterative,1418,default,75,6,6,44.666666666666664,0,2,39.53846153846154,nan,0,10,12,18,E1,6,15,0.0,0.0
hungarian,1418,default,75,6,6,44.666666666666664,0,2,39.53846153846154,nan,0,10,18,56,E1,6,15,0.0,0.0
no_coordination,1419,default,113,6,6,75.83333333333333,5,2,59.642857142857146,36.0,100,9,0,0,E1,6,15,0.0,0.0
claim,1419,default,113,6,6,75.83333333333333,4,2,59.642857142857146,36.0,95,13,10,10,E1,6,15,0.0,0.0
mas,1419,default,79,6,6,47.0,0,2,38.285714285714285,26.5,0,26,14,21,E1,6,15,0.0,0.0
mas_iterative,1419,default,79,6,6,46.666666666666664,0,2,37.857142857142854,26.0,0,26,16,24,E1,6,15,0.0,0.0
hungarian,1419,default,75,6,6,45.666666666666664,0,2,36.857142857142854,25.0,0,20,18,56,E1,6,15,0.0,0.0
no_coordination,1420,default,76,6,6,46.0,3,2,42.53333333333333,nan,30,7,0,0,E1,6,15,0.0,0.0
claim,1420,default,73,6,6,45.5,1,2,42.13333333333333,nan,26,18,7,7,E1,6,15,0.0,0.0
mas,1420,default,58,6,6,35.833333333333336,0,2,34.4,nan,0,16,14,21,E1,6,15,0.0,0.0
mas_iterative,1420,default,57,6,6,35.333333333333336,0,2,34.0,nan,0,14,14,21,E1,6,15,0.0,0.0
hungarian,1420,default,57,6,6,35.333333333333336,0,2,34.0,nan,0,14,18,58,E1,6,15,0.0,0.0
no_coordination,1421,default,113,6,6,55.333333333333336,5,2,45.22222222222222,21.0,73,9,0,0,E1,6,15,0.0,0.0
claim,1421,default,69,6,6,41.333333333333336,0,2,36.55555555555556,21.0,0,8,6,6,E1,6,15,0.0,0.0
mas,1421,default,69,6,6,41.333333333333336,0,2,36.55555555555556,21.0,0,8,12,18,E1,6,15,0.0,0.0
mas_iterative,1421,default,69,6,6,41.333333333333336,0,2,36.55555555555556,21.0,0,8,12,18,E1,6,15,0.0,0.0
hungarian,1421,default,69,6,6,41.333333333333336,0,2,36.55555555555556,21.0,0,8,18,56,E1,6,15,0.0,0.0
no_coordination,1422,default,83,6,6,43.0,3,2,39.294117647058826,20.0,29,7,0,0,E1,6,15,0.0,0.0
claim,1422,default,71,6,6,41.0,1,2,37.88235294117647,20.0,16,19,7,7,E1,6,15,0.0,0.0
mas,1422,default,63,6,6,37.333333333333336,0,2,35.35294117647059,20.0,0,10,14,21,E1,6,15,0.0,0.0
mas_iterative,1422,default,63,6,6,37.0,0,2,35.05882352941177,20.0,0,10,14,21,E1,6,15,0.0,0.0
hungarian,1422,default,63,6,6,37.0,0,2,35.05882352941177,20.0,0,10,18,58,E1,6,15,0.0,0.0
no_coordination,1423,default,107,6,6,64.66666666666667,6,2,53.625,33.0,107,10,0,0,E1,6,15,0.0,0.0
claim,1423,default,107,6,6,64.66666666666667,6,2,53.625,33.0,107,10,12,12,E1,6,15,0.0,0.0
mas,1423,default,58,6,6,35.833333333333336,0,2,31.3125,21.5,0,14,14,21,E1,6,15,0.0,0.0
mas_iterative,1423,default,57,6,6,35.333333333333336,0,2,30.75,21.0,0,12,14,21,E1,6,15,0.0,0.0
hungarian,1423,default,57,6,6,35.333333333333336,0,2,30.75,21.0,0,12,18,56,E1,6,15,0.0,0.0
no_coordination,1424,default,108,6,6,59.0,5,2,45.833333333333336,20.0,53,9,0,0,E1,6,15,0.0,0.0
claim,1424,default,105,6,6,58.5,3,2,45.583333333333336,20.0,49,42,9,9,E1,6,15,0.0,0.0
mas,1424,default,80,6,6,40.166666666666664,0,2,30.916666666666668,20.0,0,30,14,21,E1,6,15,0.0,0.0
mas_iterative,1424,default,79,6,6,39.666666666666664,0,2,30.5,20.0,0,28,14,21,E1,6,15,0.0,0.0
hungarian,1424,default,79,6,6,39.666666666666664,0,2,30.5,20.0,0,28,18,56,E1,6,15,0.0,0.0
no_coordination,1425,default,125,6,6,61.5,4,2,52.714285714285715,nan,101,8,0,0,E1,6,15,0.0,0.0
claim,1425,default,82,6,6,46.833333333333336,0,2,42.285714285714285,nan,0,19,6,6,E1,6,15,0.0,0.0
mas,1425,default,82,6,6,46.833333333333336,0,2,42.285714285714285,nan,0,19,12,18,E1,6,15,0.0,0.0
mas_iterative,1425,default,82,6,6,46.833333333333336,0,2,42.285714285714285,nan,0,19,12,18,E1,6,15,0.0,0.0
hungarian,1425,default,82,6,6,46.833333333333336,0,2,42.285714285714285,nan,0,19,18,56,E1,6,15,0.0,0.0
no_coordination,1427,default,137,6,6,67.66666666666667,5,2,49.69230769230769,28.0,116,9,0,0,E1,6,15,0.0,0.0
claim,1427,default,93,6,6,49.666666666666664,0,2,39.84615384615385,28.0,0,32,6,6,E1,6,15,0.0,0.0
mas,1427,default,93,6,6,49.666666666666664,0,2,39.84615384615385,28.0,0,32,12,18,E1,6,15,0.0,0.0
mas_iterative,1427,default,93,6,6,49.666666666666664,0,2,39.84615384615385,28.0,0,32,12,18,E1,6,15,0.0,0.0
hungarian,1427,default,93,6,6,49.666666666666664,0,2,39.84615384615385,28.0,0,32,18,56,E1,6,15,0.0,0.0
no_coordination,1428,default,109,6,6,53.0,4,2,40.625,20.0,88,8,0,0,E1,6,15,0.0,0.0
claim,1428,default,109,6,6,53.0,4,2,40.625,20.0,88,8,10,10,E1,6,15,0.0,0.0
mas,1428,default,75,6,6,40.333333333333336,0,2,33.25,20.0,0,24,14,21,E1,6,15,0.0,0.0
mas_iterative,1428,default,75,6,6,40.0,0,2,33.0,20.0,0,24,14,21,E1,6,15,0.0,0.0
hungarian,1428,default,75,6,6,40.0,0,2,33.0,20.0,0,24,18,58,E1,6,15,0.0,0.0
no_coordination,1429,default,127,6,6,67.66666666666667,5,2,56.421052631578945,35.333333333333336,94,9,0,0,E1,6,15,0.0,0.0
claim,1429,default,89,6,6,56.0,1,2,49.36842105263158,35.333333333333336,27,17,7,7,E1,6,15,0.0,0.0
mas,1429,default,78,6,6,46.166666666666664,0,2,39.78947368421053,26.333333333333332,0,16,14,21,E1,6,15,0.0,0.0
mas_iterative,1429,default,77,6,6,45.666666666666664,0,2,39.36842105263158,26.0,0,14,14,21,E1,6,15,0.0,0.0
hungarian,1429,default,77,6,6,45.666666666666664,0,2,39.36842105263158,26.0,0,14,18,56,E1,6,15,0.0,0.0
no_coordination,1430,default,85,6,6,47.333333333333336,4,2,41.68421052631579,36.0,64,8,0,0,E1,6,15,0.0,0.0
claim,1430,default,85,6,6,47.333333333333336,4,2,41.68421052631579,36.0,64,8,10,10,E1,6,15,0.0,0.0
mas,1430,default,54,6,6,36.666666666666664,0,2,34.1578947368421,31.666666666666668,0,6,14,21,E1,6,15,0.0,0.0
mas_iterative,1430,default,53,6,6,36.333333333333336,0,2,33.89473684210526,31.333333333333332,0,4,14,21,E1,6,15,0.0,0.0
hungarian,1430,default,53,6,6,36.333333333333336,0,2,33.89473684210526,31.333333333333332,0,4,18,58,E1,6,15,0.0,0.0
no_coordination,1431,default,86,6,6,53.5,3,2,43.92307692307692,nan,46,7,0,0,E1,6,15,0.0,0.0
claim,1431,default,86,6,6,53.5,2,2,43.92307692307692,nan,46,13,8,8,E1,6,15,0.0,0.0
mas,1431,default,72,6,6,40.833333333333336,0,2,35.69230769230769,nan,0,24,14,21,E1,6,15,0.0,0.0
mas_iterative,1431,default,71,6,6,40.333333333333336,0,2,35.38461538461539,nan,0,22,14,21,E1,6,15,0.0,0.0
hungarian,1431,default,71,6,6,40.333333333333336,0,2,35.38461538461539,nan,0,22,18,58,E1,6,15,0.0,0.0
no_coordination,1432,default,83,6,6,45.333333333333336,4,2,38.285714285714285,nan,49,8,0,0,E1,6,15,0.0,0.0
claim,1432,default,57,6,6,35.666666666666664,0,2,32.42857142857143,nan,0,12,6,6,E1,6,15,0.0,0.0
mas,1432,default,57,6,6,35.666666666666664,0,2,32.42857142857143,nan,0,12,12,18,E1,6,15,0.0,0.0
mas_iterative,1432,default,57,6,6,35.666666666666664,0,2,32.42857142857143,nan,0,12,12,18,E1,6,15,0.0,0.0
hungarian,1432,default,57,6,6,35.666666666666664,0,2,32.42857142857143,nan,0,12,18,56,E1,6,15,0.0,0.0
no_coordination,1433,default,84,6,6,48.0,4,2,44.2,nan,75,8,0,0,E1,6,15,0.0,0.0
claim,1433,default,74,6,6,42.166666666666664,1,2,40.266666666666666,nan,25,30,7,7,E1,6,15,0.0,0.0
mas,1433,default,63,6,6,33.666666666666664,0,2,32.266666666666666,nan,0,26,14,21,E1,6,15,0.0,0.0
mas_iterative,1433,default,63,6,6,33.333333333333336,0,2,31.866666666666667,nan,0,26,14,21,E1,6,15,0.0,0.0
hungarian,1433,default,63,6,6,33.333333333333336,0,2,31.866666666666667,nan,0,26,18,56,E1,6,15,0.0,0.0
no_coordination,1434,default,113,6,6,64.16666666666667,4,2,61.470588235294116,24.0,90,8,0,0,E1,6,15,0.0,0.0
claim,1434,default,108,6,6,63.333333333333336,2,2,60.588235294117645,24.0,47,39,8,8,E1,6,15,0.0,0.0
mas,1434,default,83,6,6,43.166666666666664,0,2,41.8235294117647,22.0,0,36,14,21,E1,6,15,0.0,0.0
mas_iterative,1434,default,83,6,6,42.666666666666664,0,2,41.411764705882355,22.0,0,36,16,24,E1,6,15,0.0,0.0
hungarian,1434,default,83,6,6,42.666666666666664,0,2,41.411764705882355,22.0,0,36,18,58,E1,6,15,0.0,0.0
no_coordination,1435,default,90,6,6,52.5,4,2,47.76923076923077,nan,45,8,0,0,E1,6,15,0.0,0.0
claim,1435,default,85,6,6,52.333333333333336,2,2,47.30769230769231,nan,39,19,8,8,E1,6,15,0.0,0.0
mas,1435,default,57,6,6,36.833333333333336,0,2,34.15384615384615,nan,0,6,14,21,E1,6,15,0.0,0.0
mas_iterative,1435,default,57,6,6,36.333333333333336,0,2,33.69230769230769,nan,0,6,16,24,E1,6,15,0.0,0.0
hungarian,1435,default,57,6,6,36.333333333333336,0,2,33.69230769230769,nan,0,6,18,58,E1,6,15,0.0,0.0
no_coordination,1436,default,82,6,6,49.5,3,2,39.8125,34.0,28,8,0,0,E1,6,15,0.0,0.0
claim,1436,default,73,6,6,41.666666666666664,0,2,33.75,31.0,0,12,6,6,E1,6,15,0.0,0.0
mas,1436,default,73,6,6,41.666666666666664,0,2,33.75,31.0,0,12,12,18,E1,6,15,0.0,0.0
mas_iterative,1436,default,73,6,6,41.666666666666664,0,2,33.75,31.0,0,12,12,18,E1,6,15,0.0,0.0
hungarian,1436,default,73,6,6,41.666666666666664,0,2,33.75,31.0,0,12,18,56,E1,6,15,0.0,0.0
no_coordination,1437,default,105,6,6,49.333333333333336,4,2,46.0,26.0,45,8,0,0,E1,6,15,0.0,0.0
claim,1437,default,73,6,6,40.333333333333336,0,2,38.285714285714285,26.0,0,20,6,6,E1,6,15,0.0,0.0
mas,1437,default,73,6,6,40.333333333333336,0,2,38.285714285714285,26.0,0,20,12,18,E1,6,15,0.0,0.0
mas_iterative,1437,default,73,6,6,40.333333333333336,0,2,38.285714285714285,26.0,0,20,12,18,E1,6,15,0.0,0.0
hungarian,1437,default,73,6,6,40.333333333333336,0,2,38.285714285714285,26.0,0,20,18,56,E1,6,15,0.0,0.0
no_coordination,1438,default,145,6,6,74.66666666666667,6,2,58.93333333333333,33.0,145,10,0,0,E1,6,15,0.0,0.0
claim,1438,default,145,6,6,74.66666666666667,6,2,58.93333333333333,33.0,145,10,12,12,E1,6,15,0.0,0.0
mas,1438,default,82,6,6,46.5,0,2,38.06666666666667,23.5,0,16,14,21,E1,6,15,0.0,0.0
mas_iterative,1438,default,81,6,6,46.0,0,2,37.6,23.0,0,14,14,21,E1,6,15,0.0,0.0
hungarian,1438,default,81,6,6,46.0,0,2,37.6,23.0,0,14,18,56,E1,6,15,0.0,0.0
no_coordination,1439,default,137,6,6,84.83333333333333,5,2,66.38461538461539,26.0,118,9,0,0,E1,6,15,0.0,0.0
claim,1439,default,134,6,6,84.33333333333333,3,2,66.15384615384616,26.0,85,34,9,9,E1,6,15,0.0,0.0
mas,1439,default,79,6,6,47.166666666666664,0,2,37.0,20.0,0,10,14,21,E1,6,15,0.0,0.0
mas_iterative,1439,default,79,6,6,46.666666666666664,0,2,36.61538461538461,20.0,0,10,16,24,E1,6,15,0.0,0.0
hungarian,1439,default,79,6,6,46.666666666666664,0,2,36.61538461538461,20.0,0,10,18,58,E1,6,15,0.0,0.0
no_coordination,1440,default,79,6,6,42.666666666666664,4,2,41.3,29.0,58,8,0,0,E1,6,15,0.0,0.0
claim,1440,default,79,6,6,42.666666666666664,4,2,41.3,29.0,58,8,10,10,E1,6,15,0.0,0.0
mas,1440,default,59,6,6,33.666666666666664,0,2,33.2,29.0,0,22,14,21,E1,6,15,0.0,0.0
mas_iterative,1440,default,59,6,6,33.333333333333336,0,2,32.9,29.0,0,22,14,21,E1,6,15,0.0,0.0
hungarian,1440,default,59,6,6,33.333333333333336,0,2,32.9,29.0,0,22,18,58,E1,6,15,0.0,0.0
no_coordination,1441,default,85,6,6,55.333333333333336,2,2,49.0,22.0,34,6,0,0,E1,6,15,0.0,0.0
claim,1441,default,85,6,6,55.333333333333336,1,2,49.0,22.0,32,7,7,7,E1,6,15,0.0,0.0
mas,1441,default,88,6,6,45.833333333333336,0,2,41.875,22.0,0,38,14,21,E1,6,15,0.0,0.0
mas_iterative,1441,default,87,6,6,45.333333333333336,0,2,41.5,22.0,0,36,14,21,E1,6,15,0.0,0.0
hungarian,1441,default,87,6,6,45.333333333333336,0,2,41.5,22.0,0,36,18,58,E1,6,15,0.0,0.0
no_coordination,1442,default,105,6,6,59.833333333333336,4,2,46.84615384615385,20.0,62,8,0,0,E1,6,15,0.0,0.0
claim,1442,default,100,6,6,58.833333333333336,1,2,46.38461538461539,20.0,21,32,7,7,E1,6,15,0.0,0.0
mas,1442,default,83,6,6,48.833333333333336,0,2,38.69230769230769,20.0,0,18,14,21,E1,6,15,0.0,0.0
mas_iterative,1442,default,83,6,6,48.333333333333336,0,2,38.30769230769231,20.0,0,18,14,21,E1,6,15,0.0,0.0
hungarian,1442,default,87,6,6,48.666666666666664,0,2,38.76923076923077,20.0,0,24,18,56,E1,6,15,0.0,0.0
no_coordination,1444,default,129,6,6,64.66666666666667,5,2,51.6,22.0,76,9,0,0,E1,6,15,0.0,0.0
claim,1444,default,99,6,6,55.666666666666664,1,2,46.4,22.0,23,33,7,7,E1,6,15,0.0,0.0
mas,1444,default,90,6,6,49.5,0,2,40.93333333333333,20.0,0,28,14,21,E1,6,15,0.0,0.0
mas_iterative,1444,default,89,6,6,49.0,0,2,40.53333333333333,20.0,0,26,14,21,E1,6,15,0.0,0.0
hungarian,1444,default,81,6,6,45.0,0,2,37.46666666666667,22.0,0,18,18,56,E1,6,15,0.0,0.0
no_coordination,1445,default,121,6,6,68.5,4,2,60.69230769230769,nan,98,8,0,0,E1,6,15,0.0,0.0
claim,1445,default,91,6,6,62.0,1,2,57.0,nan,33,10,7,7,E1,6,15,0.0,0.0
mas,1445,default,79,6,6,47.333333333333336,0,2,41.92307692307692,nan,0,18,14,21,E1,6,15,0.0,0.0
mas_iterative,1445,default,79,6,6,47.0,0,2,41.53846153846154,nan,0,18,16,24,E1,6,15,0.0,0.0
hungarian,1445,default,77,6,6,46.0,0,2,40.61538461538461,nan,0,16,18,56,E1,6,15,0.0,0.0
no_coordination,1446,default,103,6,6,58.666666666666664,4,2,50.35294117647059,43.0,73,8,0,0,E1,6,15,0.0,0.0
claim,1446,default,76,6,6,52.5,1,2,47.76470588235294,43.0,35,8,7,7,E1,6,15,0.0,0.0
mas,1446,default,62,6,6,37.5,0,2,32.88235294117647,27.5,0,11,14,21,E1,6,15,0.0,0.0
mas_iterative,1446,default,62,6,6,37.166666666666664,0,2,32.588235294117645,27.0,0,11,14,21,E1,6,15,0.0,0.0
hungarian,1446,default,62,6,6,37.166666666666664,0,2,32.588235294117645,27.0,0,11,18,56,E1,6,15,0.0,0.0
no_coordination,1447,default,125,6,6,65.66666666666667,4,2,55.27272727272727,nan,103,8,0,0,E1,6,15,0.0,0.0
claim,1447,default,107,6,6,60.0,1,2,52.18181818181818,nan,29,43,7,7,E1,6,15,0.0,0.0
mas,1447,default,90,6,6,44.833333333333336,0,2,37.90909090909091,nan,0,42,14,21,E1,6,15,0.0,0.0
mas_iterative,1447,default,89,6,6,44.333333333333336,0,2,37.45454545454545,nan,0,40,14,21,E1,6,15,0.0,0.0
hungarian,1447,default,89,6,6,44.333333333333336,0,2,37.45454545454545,nan,0,40,18,56,E1,6,15,0.0,0.0
no_coordination,1448,default,113,6,6,51.0,4,2,48.76923076923077,nan,90,8,0,0,E1,6,15,0.0,0.0
claim,1448,default,83,6,6,41.333333333333336,0,2,39.84615384615385,nan,0,34,6,6,E1,6,15,0.0,0.0
mas,1448,default,83,6,6,41.333333333333336,0,2,39.84615384615385,nan,0,34,12,18,E1,6,15,0.0,0.0
mas_iterative,1448,default,83,6,6,41.333333333333336,0,2,39.84615384615385,nan,0,34,12,18,E1,6,15,0.0,0.0
hungarian,1448,default,83,6,6,41.333333333333336,0,2,39.84615384615385,nan,0,34,18,56,E1,6,15,0.0,0.0
no_coordination,1449,default,103,6,6,53.666666666666664,4,2,43.8,nan,87,8,0,0,E1,6,15,0.0,0.0
claim,1449,default,103,6,6,53.666666666666664,4,2,43.8,nan,87,8,10,10,E1,6,15,0.0,0.0
mas,1449,default,78,6,6,42.5,0,2,34.1,nan,0,24,14,21,E1,6,15,0.0,0.0
mas_iterative,1449,default,77,6,6,42.0,0,2,33.6,nan,0,22,14,21,E1,6,15,0.0,0.0
hungarian,1449,default,77,6,6,42.0,0,2,33.6,nan,0,22,18,56,E1,6,15,0.0,0.0
no_coordination,1450,default,67,6,6,38.333333333333336,4,2,33.38461538461539,nan,46,8,0,0,E1,6,15,0.0,0.0
claim,1450,default,67,6,6,38.333333333333336,4,2,33.38461538461539,nan,46,8,10,10,E1,6,15,0.0,0.0
mas,1450,default,45,6,6,31.333333333333332,0,2,28.692307692307693,nan,0,6,14,21,E1,6,15,0.0,0.0
mas_iterative,1450,default,45,6,6,31.0,0,2,28.46153846153846,nan,0,6,14,21,E1,6,15,0.0,0.0
hungarian,1450,default,45,6,6,31.0,0,2,28.46153846153846,nan,0,6,18,58,E1,6,15,0.0,0.0
no_coordination,1451,default,167,6,6,78.0,5,2,69.85714285714286,nan,146,9,0,0,E1,6,15,0.0,0.0
claim,1451,default,101,6,6,55.666666666666664,0,2,50.714285714285715,nan,0,18,6,6,E1,6,15,0.0,0.0
mas,1451,default,101,6,6,55.666666666666664,0,2,50.714285714285715,nan,0,18,12,18,E1,6,15,0.0,0.0
mas_iterative,1451,default,101,6,6,55.666666666666664,0,2,50.714285714285715,nan,0,18,12,18,E1,6,15,0.0,0.0
hungarian,1451,default,101,6,6,55.666666666666664,0,2,50.714285714285715,nan,0,18,18,56,E1,6,15,0.0,0.0
no_coordination,1452,default,109,6,6,54.333333333333336,4,2,41.55555555555556,24.666666666666668,67,8,0,0,E1,6,15,0.0,0.0
claim,1452,default,67,6,6,41.666666666666664,0,2,34.888888888888886,24.666666666666668,0,6,6,6,E1,6,15,0.0,0.0
mas,1452,default,67,6,6,41.666666666666664,0,2,34.888888888888886,24.666666666666668,0,6,12,18,E1,6,15,0.0,0.0
mas_iterative,1452,default,67,6,6,41.666666666666664,0,2,34.888888888888886,24.666666666666668,0,6,12,18,E1,6,15,0.0,0.0
hungarian,1452,default,67,6,6,41.666666666666664,0,2,34.888888888888886,24.666666666666668,0,6,18,56,E1,6,15,0.0,0.0
no_coordination,1453,default,145,6,6,92.0,4,2,76.15384615384616,34.0,125,8,0,0,E1,6,15,0.0,0.0
claim,1453,default,145,6,6,92.0,4,2,76.15384615384616,34.0,125,8,10,10,E1,6,15,0.0,0.0
mas,1453,default,91,6,6,51.333333333333336,0,2,41.76923076923077,20.0,0,30,14,21,E1,6,15,0.0,0.0
mas_iterative,1453,default,91,6,6,51.0,0,2,41.38461538461539,20.0,0,30,14,21,E1,6,15,0.0,0.0
hungarian,1453,default,91,6,6,51.0,0,2,41.38461538461539,20.0,0,30,18,56,E1,6,15,0.0,0.0
no_coordination,1454,default,79,6,6,44.0,4,2,32.61538461538461,20.0,58,8,0,0,E1,6,15,0.0,0.0
claim,1454,default,79,6,6,44.0,4,2,32.61538461538461,20.0,58,8,10,10,E1,6,15,0.0,0.0
mas,1454,default,59,6,6,34.333333333333336,0,2,28.153846153846153,20.0,0,22,14,21,E1,6,15,0.0,0.0
mas_iterative,1454,default,59,6,6,34.0,0,2,28.0,20.0,0,22,16,24,E1,6,15,0.0,0.0
hungarian,1454,default,59,6,6,34.0,0,2,28.0,20.0,0,22,20,61,E1,6,15,0.0,0.0
no_coordination,1455,default,109,6,6,55.666666666666664,4,2,45.42857142857143,20.0,87,8,0,0,E1,6,15,0.0,0.0
claim,1455,default,109,6,6,55.666666666666664,4,2,45.42857142857143,20.0,87,8,10,10,E1,6,15,0.0,0.0
mas,1455,default,77,6,6,40.833333333333336,0,2,35.0,20.0,0,26,14,21,E1,6,15,0.0,0.0
mas_iterative,1455,default,83,6,6,43.666666666666664,0,2,35.57142857142857,20.0,0,38,16,24,E1,6,15,0.0,0.0
hungarian,1455,default,83,6,6,43.666666666666664,0,2,35.57142857142857,20.0,0,38,20,59,E1,6,15,0.0,0.0
no_coordination,1456,default,103,6,6,47.5,4,2,34.6,23.0,79,8,0,0,E1,6,15,0.0,0.0
claim,1456,default,79,6,6,39.0,0,2,31.0,23.0,0,35,6,6,E1,6,15,0.0,0.0
mas,1456,default,79,6,6,39.0,0,2,31.0,23.0,0,35,12,18,E1,6,15,0.0,0.0
mas_iterative,1456,default,79,6,6,39.0,0,2,31.0,23.0,0,35,12,18,E1,6,15,0.0,0.0
hungarian,1456,default,79,6,6,39.0,0,2,31.0,23.0,0,35,18,56,E1,6,15,0.0,0.0
no_coordination,1457,default,89,6,6,54.333333333333336,4,2,47.06666666666667,24.0,70,8,0,0,E1,6,15,0.0,0.0
claim,1457,default,81,6,6,48.333333333333336,1,2,43.733333333333334,24.0,25,27,7,7,E1,6,15,0.0,0.0
mas,1457,default,75,6,6,42.166666666666664,0,2,37.333333333333336,20.0,0,28,14,21,E1,6,15,0.0,0.0
mas_iterative,1457,default,75,6,6,41.666666666666664,0,2,36.93333333333333,20.0,0,28,16,24,E1,6,15,0.0,0.0
hungarian,1457,default,71,6,6,38.666666666666664,0,2,34.93333333333333,24.0,0,28,18,56,E1,6,15,0.0,0.0
no_coordination,1458,default,78,6,6,45.833333333333336,4,2,39.64705882352941,22.0,30,8,0,0,E1,6,15,0.0,0.0
claim,1458,default,71,6,6,39.0,0,2,34.588235294117645,22.0,0,24,6,6,E1,6,15,0.0,0.0
mas,1458,default,71,6,6,39.0,0,2,34.588235294117645,22.0,0,24,12,18,E1,6,15,0.0,0.0
mas_iterative,1458,default,71,6,6,39.0,0,2,34.588235294117645,22.0,0,24,12,18,E1,6,15,0.0,0.0
hungarian,1458,default,71,6,6,39.0,0,2,34.588235294117645,22.0,0,24,18,56,E1,6,15,0.0,0.0
no_coordination,1459,default,127,6,6,77.16666666666667,4,2,64.28571428571429,22.0,102,8,0,0,E1,6,15,0.0,0.0
claim,1459,default,108,6,6,74.0,2,2,62.92857142857143,22.0,57,13,8,8,E1,6,15,0.0,0.0
mas,1459,default,81,6,6,48.5,0,2,41.285714285714285,22.0,0,12,14,21,E1,6,15,0.0,0.0
mas_iterative,1459,default,81,6,6,48.0,0,2,40.857142857142854,22.0,0,12,14,21,E1,6,15,0.0,0.0
hungarian,1459,default,81,6,6,48.0,0,2,40.857142857142854,22.0,0,12,18,56,E1,6,15,0.0,0.0
no_coordination,1460,default,93,6,6,52.666666666666664,3,2,39.69230769230769,24.0,48,7,0,0,E1,6,15,0.0,0.0
claim,1460,default,79,6,6,45.666666666666664,0,2,35.84615384615385,24.0,0,18,6,6,E1,6,15,0.0,0.0
mas,1460,default,79,6,6,45.666666666666664,0,2,35.84615384615385,24.0,0,18,12,18,E1,6,15,0.0,0.0
mas_iterative,1460,default,79,6,6,45.666666666666664,0,2,35.84615384615385,24.0,0,18,12,18,E1,6,15,0.0,0.0
hungarian,1460,default,79,6,6,45.666666666666664,0,2,35.84615384615385,24.0,0,18,18,56,E1,6,15,0.0,0.0
no_coordination,1462,default,108,6,6,67.5,5,2,54.916666666666664,nan,83,9,0,0,E1,6,15,0.0,0.0
claim,1462,default,108,6,6,67.5,4,2,54.916666666666664,nan,83,13,10,10,E1,6,15,0.0,0.0
mas,1462,default,74,6,6,41.5,0,2,35.416666666666664,nan,0,20,14,21,E1,6,15,0.0,0.0
mas_iterative,1462,default,73,6,6,41.0,0,2,35.0,nan,0,18,18,27,E1,6,15,0.0,0.0
hungarian,1462,default,83,6,6,44.666666666666664,0,2,36.5,nan,0,28,18,56,E1,6,15,0.0,0.0
no_coordination,1463,default,70,6,6,41.333333333333336,4,2,35.27272727272727,nan,40,8,0,0,E1,6,15,0.0,0.0
claim,1463,default,49,6,6,31.5,0,2,29.454545454545453,nan,0,9,6,6,E1,6,15,0.0,0.0
mas,1463,default,49,6,6,31.5,0,2,29.454545454545453,nan,0,9,12,18,E1,6,15,0.0,0.0
mas_iterative,1463,default,49,6,6,31.5,0,2,29.454545454545453,nan,0,9,12,18,E1,6,15,0.0,0.0
hungarian,1463,default,49,6,6,31.5,0,2,29.454545454545453,nan,0,9,18,56,E1,6,15,0.0,0.0
no_coordination,1464,default,79,6,6,46.0,2,2,36.0,nan,36,6,0,0,E1,6,15,0.0,0.0
claim,1464,default,79,6,6,46.0,1,2,36.0,nan,20,21,7,7,E1,6,15,0.0,0.0
mas,1464,default,67,6,6,40.333333333333336,0,2,32.90909090909091,nan,0,12,14,21,E1,6,15,0.0,0.0
mas_iterative,1464,default,67,6,6,40.0,0,2,32.72727272727273,nan,0,12,14,21,E1,6,15,0.0,0.0
hungarian,1464,default,67,6,6,40.0,0,2,32.72727272727273,nan,0,12,18,58,E1,6,15,0.0,0.0
no_coordination,1465,default,125,6,6,63.166666666666664,5,2,50.2,nan,106,9,0,0,E1,6,15,0.0,0.0
claim,1465,default,92,6,6,53.833333333333336,1,2,44.6,nan,21,24,7,7,E1,6,15,0.0,0.0
mas,1465,default,83,6,6,46.166666666666664,0,2,38.6,nan,0,20,14,21,E1,6,15,0.0,0.0
mas_iterative,1465,default,83,6,6,45.666666666666664,0,2,38.2,nan,0,20,16,24,E1,6,15,0.0,0.0
hungarian,1465,default,83,6,6,45.666666666666664,0,2,38.2,nan,0,20,18,58,E1,6,15,0.0,0.0
no_coordination,1466,default,95,6,6,53.5,3,2,43.90909090909091,nan,55,7,0,0,E1,6,15,0.0,0.0
claim,1466,default,95,6,6,53.5,2,2,43.90909090909091,nan,46,15,8,8,E1,6,15,0.0,0.0
mas,1466,default,86,6,6,46.0,0,2,38.45454545454545,nan,0,26,14,21,E1,6,15,0.0,0.0
mas_iterative,1466,default,85,6,6,45.666666666666664,0,2,38.18181818181818,nan,0,24,14,21,E1,6,15,0.0,0.0
hungarian,1466,default,85,6,6,45.666666666666664,0,2,38.18181818181818,nan,0,24,18,58,E1,6,15,0.0,0.0
no_coordination,1468,default,89,6,6,50.0,3,2,38.92307692307692,nan,45,7,0,0,E1,6,15,0.0,0.0
claim,1468,default,85,6,6,43.333333333333336,0,2,35.07692307692308,nan,0,34,6,6,E1,6,15,0.0,0.0
mas,1468,default,85,6,6,43.333333333333336,0,2,35.07692307692308,nan,0,34,12,18,E1,6,15,0.0,0.0
mas_iterative,1468,default,85,6,6,43.333333333333336,0,2,35.07692307692308,nan,0,34,12,18,E1,6,15,0.0,0.0
hungarian,1468,default,85,6,6,43.333333333333336,0,2,35.07692307692308,nan,0,34,18,56,E1,6,15,0.0,0.0
no_coordination,1469,default,131,6,6,66.66666666666667,6,2,52.714285714285715,20.0,131,10,0,0,E1,6,15,0.0,0.0
claim,1469,default,131,6,6,66.66666666666667,6,2,52.714285714285715,20.0,131,10,12,12,E1,6,15,0.0,0.0
mas,1469,default,70,6,6,38.833333333333336,0,2,33.214285714285715,20.0,0,24,14,21,E1,6,15,0.0,0.0
mas_iterative,1469,default,69,6,6,38.333333333333336,0,2,32.857142857142854,20.0,0,22,14,21,E1,6,15,0.0,0.0
hungarian,1469,default,69,6,6,38.333333333333336,0,2,32.857142857142854,20.0,0,22,18,56,E1,6,15,0.0,0.0
no_coordination,1470,default,101,6,6,58.333333333333336,4,2,46.5,22.0,47,8,0,0,E1,6,15,0.0,0.0
claim,1470,default,73,6,6,44.666666666666664,0,2,37.75,22.0,0,14,6,6,E1,6,15,0.0,0.0
mas,1470,default,73,6,6,44.666666666666664,0,2,37.75,22.0,0,14,12,18,E1,6,15,0.0,0.0
mas_iterative,1470,default,73,6,6,44.666666666666664,0,2,37.75,22.0,0,14,12,18,E1,6,15,0.0,0.0
hungarian,1470,default,73,6,6,44.666666666666664,0,2,37.75,22.0,0,14,18,56,E1,6,15,0.0,0.0
no_coordination,1471,default,83,6,6,44.5,2,2,37.84615384615385,nan,41,7,0,0,E1,6,15,0.0,0.0
claim,1471,default,82,6,6,44.333333333333336,1,2,37.76923076923077,nan,14,30,7,7,E1,6,15,0.0,0.0
mas,1471,default,70,6,6,40.666666666666664,0,2,35.30769230769231,nan,0,16,14,21,E1,6,15,0.0,0.0
mas_iterative,1471,default,69,6,6,40.333333333333336,0,2,35.07692307692308,nan,0,14,14,21,E1,6,15,0.0,0.0
hungarian,1471,default,69,6,6,40.333333333333336,0,2,35.07692307692308,nan,0,14,18,58,E1,6,15,0.0,0.0
no_coordination,1472,default,129,6,6,62.0,5,2,52.44444444444444,24.0,109,9,0,0,E1,6,15,0.0,0.0
claim,1472,default,93,6,6,54.666666666666664,2,2,47.55555555555556,24.0,29,14,8,8,E1,6,15,0.0,0.0
mas,1472,default,88,6,6,45.166666666666664,0,2,39.44444444444444,24.0,0,28,14,21,E1,6,15,0.0,0.0
mas_iterative,1472,default,87,6,6,44.666666666666664,0,2,39.0,24.0,0,26,16,24,E1,6,15,0.0,0.0
hungarian,1472,default,87,6,6,44.666666666666664,0,2,39.0,24.0,0,26,18,58,E1,6,15,0.0,0.0
no_coordination,1473,default,81,6,6,51.5,3,2,47.94117647058823,30.0,62,8,0,0,E1,6,15,0.0,0.0
claim,1473,default,69,6,6,49.333333333333336,1,2,46.411764705882355,30.0,31,12,7,7,E1,6,15,0.0,0.0
mas,1473,default,59,6,6,36.333333333333336,0,2,33.88235294117647,20.0,0,12,14,21,E1,6,15,0.0,0.0
mas_iterative,1473,default,59,6,6,36.0,0,2,33.529411764705884,20.0,0,12,16,24,E1,6,15,0.0,0.0
hungarian,1473,default,59,6,6,36.0,0,2,33.529411764705884,20.0,0,12,18,58,E1,6,15,0.0,0.0
no_coordination,1474,default,129,6,6,71.0,5,2,58.93333333333333,30.0,88,9,0,0,E1,6,15,0.0,0.0
claim,1474,default,117,6,6,65.0,3,2,54.93333333333333,30.0,91,7,9,9,E1,6,15,0.0,0.0
mas,1474,default,66,6,6,39.166666666666664,0,2,33.53333333333333,20.0,0,8,14,21,E1,6,15,0.0,0.0
mas_iterative,1474,default,65,6,6,38.666666666666664,0,2,33.06666666666667,20.0,0,6,16,24,E1,6,15,0.0,0.0
hungarian,1474,default,65,6,6,38.666666666666664,0,2,33.06666666666667,20.0,0,6,18,58,E1,6,15,0.0,0.0
no_coordination,1475,default,117,6,6,53.333333333333336,4,2,42.57142857142857,nan,96,8,0,0,E1,6,15,0.0,0.0
claim,1475,default,117,6,6,53.333333333333336,4,2,42.57142857142857,nan,96,8,10,10,E1,6,15,0.0,0.0
mas,1475,default,74,6,6,41.333333333333336,0,2,35.357142857142854,nan,0,14,14,21,E1,6,15,0.0,0.0
mas_iterative,1475,default,73,6,6,41.0,0,2,35.142857142857146,nan,0,12,14,21,E1,6,15,0.0,0.0
hungarian,1475,default,73,6,6,41.0,0,2,35.142857142857146,nan,0,12,18,58,E1,6,15,0.0,0.0
no_coordination,1476,default,82,6,6,45.666666666666664,3,2,39.26315789473684,28.666666666666668,22,7,0,0,E1,6,15,0.0,0.0
claim,1476,default,69,6,6,40.0,0,2,35.26315789473684,28.666666666666668,0,20,6,6,E1,6,15,0.0,0.0
mas,1476,default,69,6,6,40.0,0,2,35.26315789473684,28.666666666666668,0,20,12,18,E1,6,15,0.0,0.0
mas_iterative,1476,default,69,6,6,40.0,0,2,35.26315789473684,28.666666666666668,0,20,12,18,E1,6,15,0.0,0.0
hungarian,1476,default,69,6,6,40.0,0,2,35.26315789473684,28.666666666666668,0,20,18,56,E1,6,15,0.0,0.0
no_coordination,1477,default,79,6,6,43.5,3,2,38.666666666666664,nan,41,7,0,0,E1,6,15,0.0,0.0
claim,1477,default,72,6,6,42.333333333333336,1,2,38.083333333333336,nan,14,18,7,7,E1,6,15,0.0,0.0
mas,1477,default,66,6,6,40.333333333333336,0,2,36.583333333333336,nan,0,12,14,21,E1,6,15,0.0,0.0
mas_iterative,1477,default,65,6,6,40.0,0,2,36.333333333333336,nan,0,10,14,21,E1,6,15,0.0,0.0
hungarian,1477,default,65,6,6,40.0,0,2,36.333333333333336,nan,0,10,18,58,E1,6,15,0.0,0.0
no_coordination,1478,default,68,6,6,38.833333333333336,5,2,35.375,22.0,47,9,0,0,E1,6,15,0.0,0.0
claim,1478,default,53,6,6,31.333333333333332,0,2,29.625,22.0,0,21,6,6,E1,6,15,0.0,0.0
mas,1478,default,53,6,6,31.333333333333332,0,2,29.625,22.0,0,21,12,18,E1,6,15,0.0,0.0
mas_iterative,1478,default,53,6,6,31.333333333333332,0,2,29.625,22.0,0,21,12,18,E1,6,15,0.0,0.0
hungarian,1478,default,53,6,6,31.333333333333332,0,2,29.625,22.0,0,21,18,56,E1,6,15,0.0,0.0
no_coordination,1479,default,99,6,6,47.333333333333336,4,2,38.0,24.0,74,8,0,0,E1,6,15,0.0,0.0
claim,1479,default,65,6,6,38.333333333333336,0,2,33.375,24.0,0,10,6,6,E1,6,15,0.0,0.0
mas,1479,default,65,6,6,38.333333333333336,0,2,33.375,24.0,0,10,12,18,E1,6,15,0.0,0.0
mas_iterative,1479,default,65,6,6,38.333333333333336,0,2,33.375,24.0,0,10,12,18,E1,6,15,0.0,0.0
hungarian,1479,default,65,6,6,38.333333333333336,0,2,33.375,24.0,0,10,18,56,E1,6,15,0.0,0.0
no_coordination,1480,default,121,6,6,62.833333333333336,5,2,56.53333333333333,22.0,89,9,0,0,E1,6,15,0.0,0.0
claim,1480,default,81,6,6,47.833333333333336,1,2,44.53333333333333,22.0,23,20,7,7,E1,6,15,0.0,0.0
mas,1480,default,73,6,6,37.5,0,2,34.333333333333336,22.0,0,33,14,21,E1,6,15,0.0,0.0
mas_iterative,1480,default,73,6,6,37.0,0,2,33.86666666666667,22.0,0,33,14,21,E1,6,15,0.0,0.0
hungarian,1480,default,73,6,6,37.0,0,2,33.86666666666667,22.0,0,33,18,56,E1,6,15,0.0,0.0
no_coordination,1481,default,73,6,6,41.666666666666664,3,2,37.64705882352941,20.0,32,7,0,0,E1,6,15,0.0,0.0
claim,1481,default,73,6,6,41.666666666666664,2,2,37.64705882352941,20.0,32,20,8,8,E1,6,15,0.0,0.0
mas,1481,default,67,6,6,35.5,0,2,32.88235294117647,20.0,0,26,14,21,E1,6,15,0.0,0.0
mas_iterative,1481,default,67,6,6,35.333333333333336,0,2,32.705882352941174,20.0,0,26,14,21,E1,6,15,0.0,0.0
hungarian,1481,default,67,6,6,35.333333333333336,0,2,32.705882352941174,20.0,0,26,18,58,E1,6,15,0.0,0.0
no_coordination,1482,default,104,6,6,49.0,3,2,44.529411764705884,20.0,48,7,0,0,E1,6,15,0.0,0.0
claim,1482,default,75,6,6,44.166666666666664,1,2,41.11764705882353,20.0,18,8,7,7,E1,6,15,0.0,0.0
mas,1482,default,71,6,6,37.666666666666664,0,2,35.470588235294116,20.0,0,22,14,21,E1,6,15,0.0,0.0
mas_iterative,1482,default,71,6,6,37.333333333333336,0,2,35.1764705882353,20.0,0,22,14,21,E1,6,15,0.0,0.0
hungarian,1482,default,71,6,6,37.333333333333336,0,2,35.1764705882353,20.0,0,22,18,58,E1,6,15,0.0,0.0
no_coordination,1483,default,83,6,6,48.333333333333336,4,2,44.125,nan,65,8,0,0,E1,6,15,0.0,0.0
claim,1483,default,63,6,6,42.666666666666664,1,2,40.75,nan,21,9,7,7,E1,6,15,0.0,0.0
mas,1483,default,58,6,6,39.5,0,2,37.3125,nan,0,8,14,21,E1,6,15,0.0,0.0
mas_iterative,1483,default,57,6,6,39.0,0,2,36.875,nan,0,6,14,21,E1,6,15,0.0,0.0
hungarian,1483,default,57,6,6,39.0,0,2,36.875,nan,0,6,18,56,E1,6,15,0.0,0.0
no_coordination,1484,default,83,6,6,43.0,4,2,37.333333333333336,20.0,62,8,0,0,E1,6,15,0.0,0.0
claim,1484,default,83,6,6,43.0,4,2,37.333333333333336,20.0,62,8,10,10,E1,6,15,0.0,0.0
mas,1484,default,59,6,6,34.166666666666664,0,2,31.166666666666668,20.0,0,18,14,21,E1,6,15,0.0,0.0
mas_iterative,1484,default,59,6,6,34.0,0,2,31.0,20.0,0,18,14,21,E1,6,15,0.0,0.0
hungarian,1484,default,59,6,6,34.0,0,2,31.0,20.0,0,18,18,58,E1,6,15,0.0,0.0
no_coordination,1485,default,63,6,6,37.833333333333336,3,2,35.294117647058826,20.0,28,7,0,0,E1,6,15,0.0,0.0
claim,1485,default,52,6,6,36.0,1,2,34.0,20.0,16,6,7,7,E1,6,15,0.0,0.0
mas,1485,default,49,6,6,32.333333333333336,0,2,31.176470588235293,20.0,0,7,14,21,E1,6,15,0.0,0.0
mas_iterative,1485,default,52,6,6,34.666666666666664,0,2,32.588235294117645,20.0,0,13,14,21,E1,6,15,0.0,0.0
hungarian,1485,default,52,6,6,34.666666666666664,0,2,32.588235294117645,20.0,0,13,18,58,E1,6,15,0.0,0.0
no_coordination,1486,default,97,6,6,55.333333333333336,4,2,47.42857142857143,22.0,63,8,0,0,E1,6,15,0.0,0.0
claim,1486,default,91,6,6,45.666666666666664,1,2,41.285714285714285,22.0,38,5,7,7,E1,6,15,0.0,0.0
mas,1486,default,91,6,6,45.666666666666664,0,2,41.285714285714285,22.0,0,42,14,21,E1,6,15,0.0,0.0
mas_iterative,1486,default,91,6,6,45.666666666666664,0,2,41.285714285714285,22.0,0,42,14,21,E1,6,15,0.0,0.0
hungarian,1486,default,91,6,6,45.666666666666664,0,2,41.285714285714285,22.0,0,42,20,59,E1,6,15,0.0,0.0
no_coordination,1487,default,63,6,6,36.166666666666664,3,2,32.9375,nan,31,7,0,0,E1,6,15,0.0,0.0
claim,1487,default,60,6,6,35.666666666666664,1,2,32.75,nan,10,20,7,7,E1,6,15,0.0,0.0
mas,1487,default,54,6,6,34.0,0,2,31.625,nan,0,12,14,21,E1,6,15,0.0,0.0
mas_iterative,1487,default,53,6,6,33.666666666666664,0,2,31.375,nan,0,10,14,21,E1,6,15,0.0,0.0
hungarian,1487,default,53,6,6,33.666666666666664,0,2,31.375,nan,0,10,18,58,E1,6,15,0.0,0.0
no_coordination,1488,default,93,6,6,55.5,5,2,48.375,27.0,62,9,0,0,E1,6,15,0.0,0.0
claim,1488,default,93,6,6,55.5,4,2,48.375,27.0,59,11,10,10,E1,6,15,0.0,0.0
mas,1488,default,71,6,6,36.166666666666664,0,2,33.375,25.0,0,28,14,21,E1,6,15,0.0,0.0
mas_iterative,1488,default,71,6,6,35.666666666666664,0,2,33.0,25.0,0,28,16,24,E1,6,15,0.0,0.0
hungarian,1488,default,81,6,6,42.0,0,2,36.75,21.0,0,22,18,56,E1,6,15,0.0,0.0
no_coordination,1489,default,114,6,6,56.666666666666664,5,2,44.333333333333336,22.0,77,9,0,0,E1,6,15,0.0,0.0
claim,1489,default,87,6,6,46.0,1,2,38.083333333333336,22.0,23,38,7,7,E1,6,15,0.0,0.0
mas,1489,default,77,6,6,39.0,0,2,32.833333333333336,22.0,0,36,14,21,E1,6,15,0.0,0.0
mas_iterative,1489,default,77,6,6,38.666666666666664,0,2,32.5,22.0,0,36,16,24,E1,6,15,0.0,0.0
hungarian,1489,default,77,6,6,38.666666666666664,0,2,32.5,22.0,0,36,18,58,E1,6,15,0.0,0.0
no_coordination,1490,default,127,6,6,80.33333333333333,6,2,68.26666666666667,34.0,127,10,0,0,E1,6,15,0.0,0.0
claim,1490,default,127,6,6,80.33333333333333,6,2,68.26666666666667,34.0,127,10,12,12,E1,6,15,0.0,0.0
mas,1490,default,61,6,6,39.166666666666664,0,2,34.13333333333333,20.0,0,10,14,21,E1,6,15,0.0,0.0
mas_iterative,1490,default,61,6,6,38.666666666666664,0,2,33.733333333333334,20.0,0,10,16,24,E1,6,15,0.0,0.0
hungarian,1490,default,61,6,6,38.666666666666664,0,2,33.733333333333334,20.0,0,10,18,58,E1,6,15,0.0,0.0
no_coordination,1491,default,91,6,6,47.833333333333336,4,2,43.0,22.0,72,8,0,0,E1,6,15,0.0,0.0
claim,1491,default,85,6,6,46.0,1,2,41.785714285714285,22.0,23,42,7,7,E1,6,15,0.0,0.0
mas,1491,default,51,6,6,33.5,0,2,31.428571428571427,22.0,0,14,14,21,E1,6,15,0.0,0.0
mas_iterative,1491,default,51,6,6,33.0,0,2,31.0,22.0,0,14,14,21,E1,6,15,0.0,0.0
hungarian,1491,default,51,6,6,33.0,0,2,31.0,22.0,0,14,18,56,E1,6,15,0.0,0.0
no_coordination,1492,default,71,6,6,41.333333333333336,3,2,39.9,27.0,26,7,0,0,E1,6,15,0.0,0.0
claim,1492,default,71,6,6,41.333333333333336,2,2,39.9,27.0,26,18,8,8,E1,6,15,0.0,0.0
mas,1492,default,63,6,6,35.666666666666664,0,2,34.8,27.0,0,22,14,21,E1,6,15,0.0,0.0
mas_iterative,1492,default,63,6,6,35.333333333333336,0,2,34.5,27.0,0,22,14,21,E1,6,15,0.0,0.0
hungarian,1492,default,63,6,6,35.333333333333336,0,2,34.5,27.0,0,22,18,58,E1,6,15,0.0,0.0
no_coordination,1493,default,91,6,6,45.0,4,2,35.0,20.0,70,8,0,0,E1,6,15,0.0,0.0
claim,1493,default,91,6,6,45.0,4,2,35.0,20.0,70,8,10,10,E1,6,15,0.0,0.0
mas,1493,default,61,6,6,35.333333333333336,0,2,30.1875,20.0,0,14,14,21,E1,6,15,0.0,0.0
mas_iterative,1493,default,61,6,6,35.0,0,2,30.0,20.0,0,14,16,24,E1,6,15,0.0,0.0
hungarian,1493,default,61,6,6,35.0,0,2,30.0,20.0,0,14,18,60,E1,6,15,0.0,0.0
no_coordination,1494,default,71,6,6,44.0,3,2,39.529411764705884,20.0,51,7,0,0,E1,6,15,0.0,0.0
claim,1494,default,71,6,6,44.0,3,2,39.529411764705884,20.0,51,7,9,9,E1,6,15,0.0,0.0
mas,1494,default,63,6,6,33.5,0,2,32.294117647058826,20.0,0,30,14,21,E1,6,15,0.0,0.0
mas_iterative,1494,default,63,6,6,33.0,0,2,31.88235294117647,20.0,0,30,18,27,E1,6,15,0.0,0.0
hungarian,1494,default,63,6,6,33.0,0,2,31.88235294117647,20.0,0,30,18,60,E1,6,15,0.0,0.0
no_coordination,1495,default,105,6,6,51.666666666666664,4,2,41.88235294117647,32.666666666666664,89,8,0,0,E1,6,15,0.0,0.0
claim,1495,default,105,6,6,51.666666666666664,4,2,41.88235294117647,32.666666666666664,89,8,10,10,E1,6,15,0.0,0.0
mas,1495,default,78,6,6,38.833333333333336,0,2,32.294117647058826,26.666666666666668,0,34,14,21,E1,6,15,0.0,0.0
mas_iterative,1495,default,77,6,6,38.333333333333336,0,2,31.764705882352942,26.0,0,32,14,21,E1,6,15,0.0,0.0
hungarian,1495,default,77,6,6,38.333333333333336,0,2,31.764705882352942,26.0,0,32,18,56,E1,6,15,0.0,0.0
no_coordination,1496,default,68,6,6,43.5,2,2,34.3125,26.666666666666668,24,7,0,0,E1,6,15,0.0,0.0
claim,1496,default,79,6,6,41.333333333333336,2,2,32.75,26.666666666666668,42,6,8,8,E1,6,15,0.0,0.0
mas,1496,default,62,6,6,38.5,0,2,31.6875,26.666666666666668,0,12,14,21,E1,6,15,0.0,0.0
mas_iterative,1496,default,61,6,6,38.333333333333336,0,2,31.625,26.666666666666668,0,10,14,21,E1,6,15,0.0,0.0
hungarian,1496,default,61,6,6,38.333333333333336,0,2,31.625,26.666666666666668,0,10,18,58,E1,6,15,0.0,0.0
no_coordination,1497,default,80,6,6,51.5,3,2,40.785714285714285,20.0,46,7,0,0,E1,6,15,0.0,0.0
claim,1497,default,80,6,6,51.5,2,2,40.785714285714285,20.0,46,9,8,8,E1,6,15,0.0,0.0
mas,1497,default,67,6,6,40.333333333333336,0,2,34.07142857142857,20.0,0,22,14,21,E1,6,15,0.0,0.0
mas_iterative,1497,default,67,6,6,40.0,0,2,33.857142857142854,20.0,0,22,16,24,E1,6,15,0.0,0.0
hungarian,1497,default,67,6,6,40.0,0,2,33.857142857142854,20.0,0,22,20,61,E1,6,15,0.0,0.0
no_coordination,1498,default,91,6,6,65.0,4,2,58.11764705882353,35.0,75,8,0,0,E1,6,15,0.0,0.0
claim,1498,default,91,6,6,65.0,3,2,58.11764705882353,35.0,69,13,9,9,E1,6,15,0.0,0.0
mas,1498,default,52,6,6,32.5,0,2,30.058823529411764,25.0,0,14,14,21,E1,6,15,0.0,0.0
mas_iterative,1498,default,51,6,6,32.0,0,2,29.647058823529413,25.0,0,12,18,27,E1,6,15,0.0,0.0
hungarian,1498,default,51,6,6,32.0,0,2,29.647058823529413,25.0,0,12,18,60,E1,6,15,0.0,0.0
no_coordination,1499,default,97,6,6,60.333333333333336,3,2,46.5,21.0,60,7,0,0,E1,6,15,0.0,0.0
claim,1499,default,79,6,6,47.0,0,2,38.0,21.0,0,20,6,6,E1,6,15,0.0,0.0
mas,1499,default,79,6,6,47.0,0,2,38.0,21.0,0,20,12,18,E1,6,15,0.0,0.0
mas_iterative,1499,default,79,6,6,47.0,0,2,38.0,21.0,0,20,12,18,E1,6,15,0.0,0.0
hungarian,1499,default,79,6,6,47.0,0,2,38.0,21.0,0,20,18,56,E1,6,15,0.0,0.0
no_coordination,1500,default,114,6,6,59.666666666666664,5,2,48.111111111111114,32.333333333333336,69,9,0,0,E1,6,15,0.0,0.0
claim,1500,default,86,6,6,49.166666666666664,1,2,42.27777777777778,32.333333333333336,23,28,7,7,E1,6,15,0.0,0.0
mas,1500,default,78,6,6,40.0,0,2,34.55555555555556,33.0,0,38,14,21,E1,6,15,0.0,0.0
mas_iterative,1500,default,85,6,6,46.0,0,2,38.55555555555556,29.333333333333332,0,34,16,24,E1,6,15,0.0,0.0
hungarian,1500,default,85,6,6,46.0,0,2,38.55555555555556,29.333333333333332,0,34,18,58,E1,6,15,0.0,0.0
no_coordination,1501,default,115,6,6,52.666666666666664,4,2,47.2,nan,55,8,0,0,E1,6,15,0.0,0.0
claim,1501,default,77,6,6,43.0,0,2,39.46666666666667,nan,0,16,6,6,E1,6,15,0.0,0.0
mas,1501,default,77,6,6,43.0,0,2,39.46666666666667,nan,0,16,12,18,E1,6,15,0.0,0.0
mas_iterative,1501,default,77,6,6,43.0,0,2,39.46666666666667,nan,0,16,12,18,E1,6,15,0.0,0.0
hungarian,1501,default,77,6,6,43.0,0,2,39.46666666666667,nan,0,16,18,56,E1,6,15,0.0,0.0
no_coordination,1502,default,99,6,6,57.5,4,2,51.214285714285715,nan,64,8,0,0,E1,6,15,0.0,0.0
claim,1502,default,83,6,6,53.166666666666664,1,2,47.857142857142854,nan,25,12,7,7,E1,6,15,0.0,0.0
mas,1502,default,79,6,6,44.166666666666664,0,2,39.57142857142857,nan,0,22,14,21,E1,6,15,0.0,0.0
mas_iterative,1502,default,79,6,6,43.666666666666664,0,2,39.142857142857146,nan,0,22,16,24,E1,6,15,0.0,0.0
hungarian,1502,default,79,6,6,43.666666666666664,0,2,39.142857142857146,nan,0,22,18,58,E1,6,15,0.0,0.0
no_coordination,1503,default,91,6,6,52.833333333333336,4,2,48.93333333333333,nan,40,8,0,0,E1,6,15,0.0,0.0
claim,1503,default,85,6,6,51.333333333333336,1,2,47.733333333333334,nan,25,23,7,7,E1,6,15,0.0,0.0
mas,1503,default,72,6,6,40.166666666666664,0,2,36.86666666666667,nan,0,22,14,21,E1,6,15,0.0,0.0
mas_iterative,1503,default,71,6,6,39.666666666666664,0,2,36.4,nan,0,20,16,24,E1,6,15,0.0,0.0
hungarian,1503,default,71,6,6,39.666666666666664,0,2,36.4,nan,0,20,18,58,E1,6,15,0.0,0.0
no_coordination,1504,default,87,6,6,39.666666666666664,3,2,33.529411764705884,21.333333333333332,25,7,0,0,E1,6,15,0.0,0.0
claim,1504,default,67,6,6,36.333333333333336,1,2,31.176470588235293,21.333333333333332,4,17,7,7,E1,6,15,0.0,0.0
mas,1504,default,64,6,6,35.333333333333336,0,2,30.647058823529413,21.333333333333332,0,14,14,21,E1,6,15,0.0,0.0
mas_iterative,1504,default,63,6,6,35.0,0,2,30.470588235294116,21.333333333333332,0,12,14,21,E1,6,15,0.0,0.0
hungarian,1504,default,63,6,6,35.0,0,2,30.470588235294116,21.333333333333332,0,12,18,58,E1,6,15,0.0,0.0
no_coordination,1505,default,115,6,6,58.166666666666664,4,2,51.11764705882353,20.0,94,8,0,0,E1,6,15,0.0,0.0
claim,1505,default,87,6,6,51.0,1,2,46.05882352941177,20.0,21,22,7,7,E1,6,15,0.0,0.0
mas,1505,default,92,6,6,49.166666666666664,0,2,44.23529411764706,20.0,0,34,14,21,E1,6,15,0.0,0.0
mas_iterative,1505,default,91,6,6,48.666666666666664,0,2,43.76470588235294,20.0,0,32,14,21,E1,6,15,0.0,0.0
hungarian,1505,default,81,6,6,45.666666666666664,0,2,41.64705882352941,28.0,0,22,18,56,E1,6,15,0.0,0.0
no_coordination,1506,default,97,6,6,49.666666666666664,4,2,41.333333333333336,nan,74,8,0,0,E1,6,15,0.0,0.0
claim,1506,default,61,6,6,38.666666666666664,0,2,34.666666666666664,nan,0,6,6,6,E1,6,15,0.0,0.0
mas,1506,default,61,6,6,38.666666666666664,0,2,34.666666666666664,nan,0,6,12,18,E1,6,15,0.0,0.0
mas_iterative,1506,default,61,6,6,38.666666666666664,0,2,34.666666666666664,nan,0,6,12,18,E1,6,15,0.0,0.0
hungarian,1506,default,61,6,6,38.666666666666664,0,2,34.666666666666664,nan,0,6,18,56,E1,6,15,0.0,0.0
no_coordination,1507,default,75,6,6,43.5,3,2,41.705882352941174,nan,31,7,0,0,E1,6,15,0.0,0.0
claim,1507,default,65,6,6,41.333333333333336,0,2,40.0,nan,0,8,6,6,E1,6,15,0.0,0.0
mas,1507,default,65,6,6,41.333333333333336,0,2,40.0,nan,0,8,12,18,E1,6,15,0.0,0.0
mas_iterative,1507,default,65,6,6,41.333333333333336,0,2,40.0,nan,0,8,12,18,E1,6,15,0.0,0.0
hungarian,1507,default,65,6,6,41.333333333333336,0,2,40.0,nan,0,8,18,56,E1,6,15,0.0,0.0
no_coordination,1508,default,90,6,6,58.166666666666664,3,2,53.857142857142854,28.0,41,7,0,0,E1,6,15,0.0,0.0
claim,1508,default,99,6,6,57.666666666666664,1,2,53.42857142857143,28.0,29,29,7,7,E1,6,15,0.0,0.0
mas,1508,default,71,6,6,40.833333333333336,0,2,38.142857142857146,22.0,0,18,14,21,E1,6,15,0.0,0.0
mas_iterative,1508,default,71,6,6,40.333333333333336,0,2,37.714285714285715,22.0,0,18,14,21,E1,6,15,0.0,0.0
hungarian,1508,default,71,6,6,40.333333333333336,0,2,37.714285714285715,22.0,0,18,18,56,E1,6,15,0.0,0.0
no_coordination,1509,default,99,6,6,68.83333333333333,4,2,59.142857142857146,22.0,78,8,0,0,E1,6,15,0.0,0.0
claim,1509,default,89,6,6,67.0,2,2,58.357142857142854,22.0,57,7,8,8,E1,6,15,0.0,0.0
mas,1509,default,71,6,6,39.166666666666664,0,2,34.857142857142854,22.0,0,28,14,21,E1,6,15,0.0,0.0
mas_iterative,1509,default,71,6,6,38.666666666666664,0,2,34.42857142857143,22.0,0,28,14,21,E1,6,15,0.0,0.0
hungarian,1509,default,71,6,6,38.666666666666664,0,2,34.42857142857143,22.0,0,28,18,56,E1,6,15,0.0,0.0
no_coordination,1510,default,149,6,6,72.33333333333333,6,2,54.2,nan,149,10,0,0,E1,6,15,0.0,0.0
claim,1510,default,149,6,6,72.33333333333333,6,2,54.2,nan,149,10,12,12,E1,6,15,0.0,0.0
mas,1510,default,74,6,6,40.5,0,2,35.1,nan,0,18,14,21,E1,6,15,0.0,0.0
mas_iterative,1510,default,73,6,6,40.0,0,2,34.8,nan,0,16,18,27,E1,6,15,0.0,0.0
hungarian,1510,default,73,6,6,40.0,0,2,34.8,nan,0,16,18,60,E1,6,15,0.0,0.0
no_coordination,1511,default,167,6,6,91.0,6,2,69.5,20.0,167,10,0,0,E1,6,15,0.0,0.0
claim,1511,default,167,6,6,91.0,6,2,69.5,20.0,167,10,12,12,E1,6,15,0.0,0.0
mas,1511,default,86,6,6,49.166666666666664,0,2,39.416666666666664,20.0,0,18,14,21,E1,6,15,0.0,0.0
mas_iterative,1511,default,85,6,6,48.666666666666664,0,2,39.0,20.0,0,16,16,24,E1,6,15,0.0,0.0
hungarian,1511,default,85,6,6,48.666666666666664,0,2,39.0,20.0,0,16,18,58,E1,6,15,0.0,0.0
no_coordination,1512,default,79,6,6,38.0,4,2,30.0,nan,58,8,0,0,E1,6,15,0.0,0.0
claim,1512,default,79,6,6,38.0,4,2,30.0,nan,58,8,10,10,E1,6,15,0.0,0.0
mas,1512,default,58,6,6,32.333333333333336,0,2,27.153846153846153,nan,0,20,14,21,E1,6,15,0.0,0.0
mas_iterative,1512,default,57,6,6,32.0,0,2,26.923076923076923,nan,0,18,14,21,E1,6,15,0.0,0.0
hungarian,1512,default,57,6,6,32.0,0,2,26.923076923076923,nan,0,18,18,58,E1,6,15,0.0,0.0
no_coordination,1513,default,107,6,6,50.666666666666664,4,2,46.0,nan,86,8,0,0,E1,6,15,0.0,0.0
claim,1513,default,107,6,6,50.666666666666664,4,2,46.0,nan,86,8,10,10,E1,6,15,0.0,0.0
mas,1513,default,82,6,6,40.666666666666664,0,2,37.8125,nan,0,40,14,21,E1,6,15,0.0,0.0
mas_iterative,1513,default,81,6,6,40.333333333333336,0,2,37.5,nan,0,38,14,21,E1,6,15,0.0,0.0
hungarian,1513,default,81,6,6,40.333333333333336,0,2,37.5,nan,0,38,18,58,E1,6,15,0.0,0.0
no_coordination,1514,default,77,6,6,42.833333333333336,3,2,36.76470588235294,24.0,48,7,0,0,E1,6,15,0.0,0.0
claim,1514,default,82,6,6,42.333333333333336,1,2,36.88235294117647,24.0,22,35,7,7,E1,6,15,0.0,0.0
mas,1514,default,87,6,6,43.666666666666664,0,2,38.588235294117645,24.0,0,37,16,24,E1,6,15,0.0,0.0
mas_iterative,1514,default,86,6,6,43.0,0,2,38.0,23.5,0,35,14,21,E1,6,15,0.0,0.0
hungarian,1514,default,86,6,6,43.0,0,2,38.0,23.5,0,35,18,56,E1,6,15,0.0,0.0
no_coordination,1515,default,97,6,6,49.833333333333336,3,2,42.76470588235294,22.0,76,8,0,0,E1,6,15,0.0,0.0
claim,1515,default,77,6,6,46.333333333333336,1,2,41.411764705882355,22.0,23,18,7,7,E1,6,15,0.0,0.0
mas,1515,default,76,6,6,41.5,0,2,36.411764705882355,22.0,0,30,14,21,E1,6,15,0.0,0.0
mas_iterative,1515,default,75,6,6,41.0,0,2,36.0,22.0,0,28,14,21,E1,6,15,0.0,0.0
hungarian,1515,default,73,6,6,39.0,0,2,34.35294117647059,26.0,0,28,18,56,E1,6,15,0.0,0.0
no_coordination,1516,default,85,6,6,45.666666666666664,3,2,41.76470588235294,20.0,35,7,0,0,E1,6,15,0.0,0.0
claim,1516,default,71,6,6,43.333333333333336,1,2,40.11764705882353,20.0,20,13,7,7,E1,6,15,0.0,0.0
mas,1516,default,63,6,6,38.333333333333336,0,2,36.411764705882355,20.0,0,8,14,21,E1,6,15,0.0,0.0
mas_iterative,1516,default,63,6,6,38.0,0,2,36.11764705882353,20.0,0,8,14,21,E1,6,15,0.0,0.0
hungarian,1516,default,63,6,6,38.0,0,2,36.11764705882353,20.0,0,8,18,58,E1,6,15,0.0,0.0
no_coordination,1517,default,104,6,6,57.666666666666664,2,2,48.888888888888886,31.333333333333332,36,7,0,0,E1,6,15,0.0,0.0
claim,1517,default,103,6,6,57.5,1,2,48.77777777777778,31.333333333333332,34,32,7,7,E1,6,15,0.0,0.0
mas,1517,default,83,6,6,47.333333333333336,0,2,42.0,31.333333333333332,0,20,14,21,E1,6,15,0.0,0.0
mas_iterative,1517,default,83,6,6,47.0,0,2,41.77777777777778,31.333333333333332,0,20,14,21,E1,6,15,0.0,0.0
hungarian,1517,default,83,6,6,47.0,0,2,41.77777777777778,31.333333333333332,0,20,18,58,E1,6,15,0.0,0.0
no_coordination,1518,default,99,6,6,63.166666666666664,4,2,56.5,24.0,70,8,0,0,E1,6,15,0.0,0.0
claim,1518,default,99,6,6,63.166666666666664,3,2,56.5,24.0,59,18,9,9,E1,6,15,0.0,0.0
mas,1518,default,65,6,6,39.5,0,2,35.6875,20.0,0,8,14,21,E1,6,15,0.0,0.0
mas_iterative,1518,default,65,6,6,39.0,0,2,35.25,20.0,0,8,16,24,E1,6,15,0.0,0.0
hungarian,1518,default,65,6,6,39.0,0,2,35.25,20.0,0,8,18,58,E1,6,15,0.0,0.0
no_coordination,1519,default,91,6,6,51.666666666666664,5,2,44.714285714285715,nan,52,9,0,0,E1,6,15,0.0,0.0
claim,1519,default,87,6,6,51.0,3,2,44.42857142857143,nan,47,29,9,9,E1,6,15,0.0,0.0
mas,1519,default,62,6,6,36.833333333333336,0,2,32.285714285714285,nan,0,12,14,21,E1,6,15,0.0,0.0
mas_iterative,1519,default,61,6,6,36.333333333333336,0,2,31.857142857142858,nan,0,10,16,24,E1,6,15,0.0,0.0
hungarian,1519,default,61,6,6,36.333333333333336,0,2,31.857142857142858,nan,0,10,18,58,E1,6,15,0.0,0.0
no_coordination,1520,default,69,6,6,39.666666666666664,4,2,34.42857142857143,nan,48,8,0,0,E1,6,15,0.0,0.0
claim,1520,default,69,6,6,39.666666666666664,4,2,34.42857142857143,nan,48,8,10,10,E1,6,15,0.0,0.0
mas,1520,default,49,6,6,32.0,0,2,29.285714285714285,nan,0,12,14,21,E1,6,15,0.0,0.0
mas_iterative,1520,default,49,6,6,31.666666666666668,0,2,29.0,nan,0,12,14,21,E1,6,15,0.0,0.0
hungarian,1520,default,49,6,6,31.666666666666668,0,2,29.0,nan,0,12,18,58,E1,6,15,0.0,0.0
no_coordination,1521,default,84,6,6,49.833333333333336,3,2,43.55555555555556,20.0,44,7,0,0,E1,6,15,0.0,0.0
claim,1521,default,84,6,6,49.833333333333336,2,2,43.55555555555556,20.0,44,19,8,8,E1,6,15,0.0,0.0
mas,1521,default,66,6,6,39.666666666666664,0,2,35.611111111111114,20.0,0,22,14,21,E1,6,15,0.0,0.0
mas_iterative,1521,default,65,6,6,39.333333333333336,0,2,35.333333333333336,20.0,0,20,16,24,E1,6,15,0.0,0.0
hungarian,1521,default,65,6,6,39.333333333333336,0,2,35.333333333333336,20.0,0,20,18,60,E1,6,15,0.0,0.0
no_coordination,1522,default,93,6,6,52.0,5,2,43.5,31.666666666666668,54,9,0,0,E1,6,15,0.0,0.0
claim,1522,default,73,6,6,44.0,1,2,38.833333333333336,31.666666666666668,22,24,7,7,E1,6,15,0.0,0.0
mas,1522,default,67,6,6,41.0,0,2,36.5,29.666666666666668,0,18,14,21,E1,6,15,0.0,0.0
mas_iterative,1522,default,66,6,6,40.5,0,2,36.111111111111114,29.333333333333332,0,16,14,21,E1,6,15,0.0,0.0
hungarian,1522,default,66,6,6,40.0,0,2,35.5,28.666666666666668,0,17,18,56,E1,6,15,0.0,0.0
no_coordination,1523,default,106,6,6,57.666666666666664,5,2,49.0,nan,73,9,0,0,E1,6,15,0.0,0.0
claim,1523,default,76,6,6,48.0,1,2,43.5,nan,21,14,7,7,E1,6,15,0.0,0.0
mas,1523,default,67,6,6,42.166666666666664,0,2,37.785714285714285,nan,0,6,14,21,E1,6,15,0.0,0.0
mas_iterative,1523,default,67,6,6,41.666666666666664,0,2,37.285714285714285,nan,0,6,16,24,E1,6,15,0.0,0.0
hungarian,1523,default,67,6,6,41.666666666666664,0,2,37.285714285714285,nan,0,6,18,58,E1,6,15,0.0,0.0
no_coordination,1524,default,104,6,6,65.66666666666667,5,2,56.083333333333336,nan,77,9,0,0,E1,6,15,0.0,0.0
claim,1524,default,95,6,6,64.16666666666667,3,2,55.333333333333336,nan,67,16,9,9,E1,6,15,0.0,0.0
mas,1524,default,66,6,6,42.5,0,2,37.916666666666664,nan,0,16,14,21,E1,6,15,0.0,0.0
mas_iterative,1524,default,65,6,6,42.0,0,2,37.5,nan,0,14,14,21,E1,6,15,0.0,0.0
hungarian,1524,default,67,6,6,42.666666666666664,0,2,38.5,nan,0,8,18,56,E1,6,15,0.0,0.0
no_coordination,1525,default,125,6,6,59.666666666666664,4,2,48.92307692307692,22.0,109,8,0,0,E1,6,15,0.0,0.0
claim,1525,default,89,6,6,51.0,1,2,43.69230769230769,22.0,23,19,7,7,E1,6,15,0.0,0.0
mas,1525,default,81,6,6,43.833333333333336,0,2,37.69230769230769,22.0,0,20,14,21,E1,6,15,0.0,0.0
mas_iterative,1525,default,81,6,6,43.333333333333336,0,2,37.23076923076923,22.0,0,20,14,21,E1,6,15,0.0,0.0
hungarian,1525,default,83,6,6,42.333333333333336,0,2,36.46153846153846,24.0,0,34,18,56,E1,6,15,0.0,0.0
no_coordination,1526,default,114,6,6,54.166666666666664,4,2,39.84615384615385,24.0,56,8,0,0,E1,6,15,0.0,0.0
claim,1526,default,87,6,6,45.666666666666664,0,2,36.30769230769231,24.0,0,30,6,6,E1,6,15,0.0,0.0
mas,1526,default,87,6,6,45.666666666666664,0,2,36.30769230769231,24.0,0,30,12,18,E1,6,15,0.0,0.0
mas_iterative,1526,default,87,6,6,45.666666666666664,0,2,36.30769230769231,24.0,0,30,12,18,E1,6,15,0.0,0.0
hungarian,1526,default,87,6,6,45.666666666666664,0,2,36.30769230769231,24.0,0,30,18,56,E1,6,15,0.0,0.0
no_coordination,1527,default,100,6,6,52.666666666666664,4,2,49.09090909090909,nan,53,9,0,0,E1,6,15,0.0,0.0
claim,1527,default,85,6,6,48.0,1,2,45.18181818181818,nan,25,36,7,7,E1,6,15,0.0,0.0
mas,1527,default,61,6,6,38.0,0,2,33.63636363636363,nan,0,18,14,21,E1,6,15,0.0,0.0
mas_iterative,1527,default,61,6,6,37.666666666666664,0,2,33.27272727272727,nan,0,18,18,27,E1,6,15,0.0,0.0
hungarian,1527,default,61,6,6,37.666666666666664,0,2,33.27272727272727,nan,0,18,20,61,E1,6,15,0.0,0.0
no_coordination,1528,default,83,6,6,45.333333333333336,4,2,41.68421052631579,29.0,62,8,0,0,E1,6,15,0.0,0.0
claim,1528,default,83,6,6,45.333333333333336,4,2,41.68421052631579,29.0,62,8,10,10,E1,6,15,0.0,0.0
mas,1528,default,55,6,6,35.0,0,2,33.36842105263158,29.0,0,10,14,21,E1,6,15,0.0,0.0
mas_iterative,1528,default,55,6,6,34.666666666666664,0,2,33.05263157894737,29.0,0,10,14,21,E1,6,15,0.0,0.0
hungarian,1528,default,55,6,6,34.666666666666664,0,2,33.05263157894737,29.0,0,10,18,58,E1,6,15,0.0,0.0
no_coordination,1529,default,153,6,6,80.0,6,2,58.75,24.0,153,10,0,0,E1,6,15,0.0,0.0
claim,1529,default,153,6,6,80.0,6,2,58.75,24.0,153,10,12,12,E1,6,15,0.0,0.0
mas,1529,default,83,6,6,42.666666666666664,0,2,34.25,24.0,0,34,14,21,E1,6,15,0.0,0.0
mas_iterative,1529,default,83,6,6,42.333333333333336,0,2,33.875,24.0,0,34,18,27,E1,6,15,0.0,0.0
hungarian,1529,default,83,6,6,42.333333333333336,0,2,33.875,24.0,0,34,20,61,E1,6,15,0.0,0.0
no_coordination,1530,default,131,6,6,63.333333333333336,6,2,48.666666666666664,nan,131,10,0,0,E1,6,15,0.0,0.0
claim,1530,default,131,6,6,63.333333333333336,6,2,48.666666666666664,nan,131,10,12,12,E1,6,15,0.0,0.0
mas,1530,default,82,6,6,45.5,0,2,37.0,nan,0,20,14,21,E1,6,15,0.0,0.0
mas_iterative,1530,default,81,6,6,45.0,0,2,36.5,nan,0,18,16,24,E1,6,15,0.0,0.0
hungarian,1530,default,81,6,6,45.0,0,2,36.5,nan,0,18,18,58,E1,6,15,0.0,0.0
no_coordination,1531,default,77,6,6,45.833333333333336,5,2,40.166666666666664,nan,46,9,0,0,E1,6,15,0.0,0.0
claim,1531,default,74,6,6,44.833333333333336,3,2,39.666666666666664,nan,65,7,9,9,E1,6,15,0.0,0.0
mas,1531,default,63,6,6,35.833333333333336,0,2,32.083333333333336,nan,0,29,14,21,E1,6,15,0.0,0.0
mas_iterative,1531,default,62,6,6,35.333333333333336,0,2,31.666666666666668,nan,0,27,14,21,E1,6,15,0.0,0.0
hungarian,1531,default,58,6,6,33.333333333333336,0,2,30.0,nan,0,23,18,56,E1,6,15,0.0,0.0
no_coordination,1532,default,110,6,6,64.66666666666667,4,2,56.142857142857146,nan,67,8,0,0,E1,6,15,0.0,0.0
claim,1532,default,103,6,6,59.0,1,2,50.92857142857143,nan,27,28,7,7,E1,6,15,0.0,0.0
mas,1532,default,88,6,6,45.5,0,2,37.857142857142854,nan,0,28,14,21,E1,6,15,0.0,0.0
mas_iterative,1532,default,87,6,6,45.0,0,2,37.42857142857143,nan,0,26,16,24,E1,6,15,0.0,0.0
hungarian,1532,default,87,6,6,45.0,0,2,37.42857142857143,nan,0,26,18,58,E1,6,15,0.0,0.0
no_coordination,1533,default,109,6,6,55.333333333333336,4,2,42.0,22.666666666666668,71,8,0,0,E1,6,15,0.0,0.0
claim,1533,default,71,6,6,42.0,0,2,35.0,22.666666666666668,0,14,6,6,E1,6,15,0.0,0.0
mas,1533,default,71,6,6,42.0,0,2,35.0,22.666666666666668,0,14,12,18,E1,6,15,0.0,0.0
mas_iterative,1533,default,71,6,6,42.0,0,2,35.0,22.666666666666668,0,14,12,18,E1,6,15,0.0,0.0
hungarian,1533,default,71,6,6,42.0,0,2,35.0,22.666666666666668,0,14,18,56,E1,6,15,0.0,0.0
no_coordination,1534,default,109,6,6,52.333333333333336,5,2,43.38461538461539,nan,88,9,0,0,E1,6,15,0.0,0.0
claim,1534,default,71,6,6,40.333333333333336,0,2,35.23076923076923,nan,0,16,6,6,E1,6,15,0.0,0.0
mas,1534,default,71,6,6,40.333333333333336,0,2,35.23076923076923,nan,0,16,12,18,E1,6,15,0.0,0.0
mas_iterative,1534,default,71,6,6,40.333333333333336,0,2,35.23076923076923,nan,0,16,12,18,E1,6,15,0.0,0.0
hungarian,1534,default,71,6,6,40.333333333333336,0,2,35.23076923076923,nan,0,16,18,56,E1,6,15,0.0,0.0
no_coordination,1535,default,133,6,6,79.0,6,2,64.25,35.0,133,10,0,0,E1,6,15,0.0,0.0
claim,1535,default,133,6,6,79.0,6,2,64.25,35.0,133,10,12,12,E1,6,15,0.0,0.0
mas,1535,default,70,6,6,46.5,0,2,39.8125,26.5,0,8,14,21,E1,6,15,0.0,0.0
mas_iterative,1535,default,69,6,6,46.0,0,2,39.375,26.0,0,6,14,21,E1,6,15,0.0,0.0
hungarian,1535,default,67,6,6,43.0,0,2,36.75,23.0,0,8,18,58,E1,6,15,0.0,0.0
no_coordination,1536,default,72,6,6,47.333333333333336,4,2,40.294117647058826,21.5,48,9,0,0,E1,6,15,0.0,0.0
claim,1536,default,48,6,6,36.333333333333336,0,2,32.8235294117647,21.5,0,6,6,6,E1,6,15,0.0,0.0
mas,1536,default,48,6,6,36.333333333333336,0,2,32.8235294117647,21.5,0,6,12,18,E1,6,15,0.0,0.0
mas_iterative,1536,default,48,6,6,36.333333333333336,0,2,32.8235294117647,21.5,0,6,12,18,E1,6,15,0.0,0.0
hungarian,1536,default,48,6,6,36.333333333333336,0,2,32.8235294117647,21.5,0,6,18,56,E1,6,15,0.0,0.0
no_coordination,1537,default,115,6,6,62.333333333333336,5,2,52.857142857142854,nan,80,9,0,0,E1,6,15,0.0,0.0
claim,1537,default,85,6,6,52.333333333333336,1,2,46.42857142857143,nan,27,23,7,7,E1,6,15,0.0,0.0
mas,1537,default,76,6,6,42.166666666666664,0,2,36.285714285714285,nan,0,28,14,21,E1,6,15,0.0,0.0
mas_iterative,1537,default,75,6,6,41.666666666666664,0,2,35.857142857142854,nan,0,26,14,21,E1,6,15,0.0,0.0
hungarian,1537,default,75,6,6,41.666666666666664,0,2,35.857142857142854,nan,0,26,18,56,E1,6,15,0.0,0.0
no_coordination,1538,default,97,6,6,64.0,6,2,55.27272727272727,nan,97,10,0,0,E1,6,15,0.0,0.0
claim,1538,default,97,6,6,64.0,6,2,55.27272727272727,nan,97,10,12,12,E1,6,15,0.0,0.0
mas,1538,default,56,6,6,36.166666666666664,0,2,31.90909090909091,nan,0,18,14,21,E1,6,15,0.0,0.0
mas_iterative,1538,default,55,6,6,35.666666666666664,0,2,31.454545454545453,nan,0,16,14,21,E1,6,15,0.0,0.0
hungarian,1538,default,55,6,6,35.666666666666664,0,2,31.454545454545453,nan,0,16,18,56,E1,6,15,0.0,0.0
no_coordination,1539,default,85,6,6,41.833333333333336,3,2,35.53846153846154,nan,51,7,0,0,E1,6,15,0.0,0.0
claim,1539,default,73,6,6,38.666666666666664,0,2,33.53846153846154,nan,0,30,6,6,E1,6,15,0.0,0.0
mas,1539,default,73,6,6,38.666666666666664,0,2,33.53846153846154,nan,0,30,12,18,E1,6,15,0.0,0.0
mas_iterative,1539,default,73,6,6,38.666666666666664,0,2,33.53846153846154,nan,0,30,12,18,E1,6,15,0.0,0.0
hungarian,1539,default,73,6,6,38.666666666666664,0,2,33.53846153846154,nan,0,30,18,56,E1,6,15,0.0,0.0
no_coordination,1540,default,137,6,6,78.66666666666667,6,2,58.333333333333336,20.0,137,10,0,0,E1,6,15,0.0,0.0
claim,1540,default,137,6,6,78.66666666666667,6,2,58.333333333333336,20.0,137,10,12,12,E1,6,15,0.0,0.0
mas,1540,default,73,6,6,41.833333333333336,0,2,33.083333333333336,20.0,0,20,14,21,E1,6,15,0.0,0.0
mas_iterative,1540,default,73,6,6,41.333333333333336,0,2,32.666666666666664,20.0,0,20,16,24,E1,6,15,0.0,0.0
hungarian,1540,default,73,6,6,41.333333333333336,0,2,32.666666666666664,20.0,0,20,18,58,E1,6,15,0.0,0.0
no_coordination,1541,default,127,6,6,74.33333333333333,6,2,59.5,26.0,127,10,0,0,E1,6,15,0.0,0.0
claim,1541,default,127,6,6,74.33333333333333,6,2,59.5,26.0,127,10,12,12,E1,6,15,0.0,0.0
mas,1541,default,68,6,6,40.5,0,2,33.75,20.0,0,18,14,21,E1,6,15,0.0,0.0
mas_iterative,1541,default,67,6,6,40.0,0,2,33.333333333333336,20.0,0,16,16,24,E1,6,15,0.0,0.0
hungarian,1541,default,67,6,6,40.0,0,2,33.333333333333336,20.0,0,16,18,58,E1,6,15,0.0,0.0
no_coordination,1542,default,109,6,6,61.5,4,2,50.53846153846154,26.0,80,8,0,0,E1,6,15,0.0,0.0
claim,1542,default,87,6,6,57.333333333333336,1,2,48.61538461538461,26.0,27,14,7,7,E1,6,15,0.0,0.0
mas,1542,default,76,6,6,44.5,0,2,36.30769230769231,20.0,0,22,14,21,E1,6,15,0.0,0.0
mas_iterative,1542,default,75,6,6,44.0,0,2,35.84615384615385,20.0,0,20,14,21,E1,6,15,0.0,0.0
hungarian,1542,default,71,6,6,42.0,0,2,34.46153846153846,26.0,0,16,18,56,E1,6,15,0.0,0.0
no_coordination,1543,default,87,6,6,41.666666666666664,4,2,34.2,nan,53,8,0,0,E1,6,15,0.0,0.0
claim,1543,default,71,6,6,37.666666666666664,0,2,31.6,nan,0,22,6,6,E1,6,15,0.0,0.0
mas,1543,default,71,6,6,37.666666666666664,0,2,31.6,nan,0,22,12,18,E1,6,15,0.0,0.0
mas_iterative,1543,default,71,6,6,37.666666666666664,0,2,31.6,nan,0,22,12,18,E1,6,15,0.0,0.0
hungarian,1543,default,71,6,6,37.666666666666664,0,2,31.6,nan,0,22,18,56,E1,6,15,0.0,0.0
no_coordination,1544,default,93,6,6,57.333333333333336,6,2,48.333333333333336,nan,93,10,0,0,E1,6,15,0.0,0.0
claim,1544,default,93,6,6,57.333333333333336,6,2,48.333333333333336,nan,93,10,12,12,E1,6,15,0.0,0.0
mas,1544,default,54,6,6,35.166666666666664,0,2,30.833333333333332,nan,0,14,14,21,E1,6,15,0.0,0.0
mas_iterative,1544,default,53,6,6,34.666666666666664,0,2,30.333333333333332,nan,0,12,14,21,E1,6,15,0.0,0.0
hungarian,1544,default,53,6,6,34.666666666666664,0,2,30.333333333333332,nan,0,12,18,56,E1,6,15,0.0,0.0
no_coordination,1545,default,85,6,6,40.666666666666664,4,2,36.23529411764706,20.0,64,8,0,0,E1,6,15,0.0,0.0
claim,1545,default,85,6,6,40.666666666666664,4,2,36.23529411764706,20.0,64,8,10,10,E1,6,15,0.0,0.0
mas,1545,default,69,6,6,34.5,0,2,31.58823529411765,20.0,0,36,14,21,E1,6,15,0.0,0.0
mas_iterative,1545,default,69,6,6,34.333333333333336,0,2,31.41176470588235,20.0,0,36,16,24,E1,6,15,0.0,0.0
hungarian,1545,default,69,6,6,34.333333333333336,0,2,31.41176470588235,20.0,0,36,20,61,E1,6,15,0.0,0.0
no_coordination,1546,default,62,6,6,34.333333333333336,3,2,28.444444444444443,21.666666666666668,39,8,0,0,E1,6,15,0.0,0.0
claim,1546,default,43,6,6,29.666666666666668,0,2,26.333333333333332,21.666666666666668,0,5,6,6,E1,6,15,0.0,0.0
mas,1546,default,43,6,6,29.666666666666668,0,2,26.333333333333332,21.666666666666668,0,5,12,18,E1,6,15,0.0,0.0
mas_iterative,1546,default,43,6,6,29.666666666666668,0,2,26.333333333333332,21.666666666666668,0,5,12,18,E1,6,15,0.0,0.0
hungarian,1546,default,43,6,6,29.666666666666668,0,2,26.333333333333332,21.666666666666668,0,5,18,56,E1,6,15,0.0,0.0
no_coordination,1547,default,133,6,6,71.66666666666667,6,2,62.25,34.0,133,10,0,0,E1,6,15,0.0,0.0
claim,1547,default,133,6,6,71.66666666666667,6,2,62.25,34.0,133,10,12,12,E1,6,15,0.0,0.0
mas,1547,default,82,6,6,46.833333333333336,0,2,41.5,25.5,0,24,14,21,E1,6,15,0.0,0.0
mas_iterative,1547,default,81,6,6,46.333333333333336,0,2,41.0,25.0,0,22,14,21,E1,6,15,0.0,0.0
hungarian,1547,default,83,6,6,45.333333333333336,0,2,40.0,24.0,0,28,18,56,E1,6,15,0.0,0.0
no_coordination,1548,default,82,6,6,46.5,5,2,40.8,nan,57,9,0,0,E1,6,15,0.0,0.0
claim,1548,default,62,6,6,42.333333333333336,2,2,38.8,nan,31,9,8,8,E1,6,15,0.0,0.0
mas,1548,default,56,6,6,34.166666666666664,0,2,30.6,nan,0,14,14,21,E1,6,15,0.0,0.0
mas_iterative,1548,default,55,6,6,33.666666666666664,0,2,30.133333333333333,nan,0,12,16,24,E1,6,15,0.0,0.0
hungarian,1548,default,51,6,6,33.0,0,2,29.866666666666667,nan,0,8,18,56,E1,6,15,0.0,0.0
no_coordination,1549,default,134,6,6,74.66666666666667,5,2,56.15384615384615,36.0,77,9,0,0,E1,6,15,0.0,0.0
claim,1549,default,125,6,6,73.16666666666667,3,2,55.46153846153846,36.0,67,38,9,9,E1,6,15,0.0,0.0
mas,1549,default,83,6,6,45.833333333333336,0,2,33.84615384615385,20.5,0,16,14,21,E1,6,15,0.0,0.0
mas_iterative,1549,default,83,6,6,45.333333333333336,0,2,33.38461538461539,20.0,0,16,16,24,E1,6,15,0.0,0.0
hungarian,1549,default,83,6,6,45.333333333333336,0,2,33.38461538461539,20.0,0,16,18,58,E1,6,15,0.0,0.0
no_coordination,1550,default,80,6,6,44.0,3,2,36.45454545454545,nan,31,7,0,0,E1,6,15,0.0,0.0
claim,1550,default,80,6,6,44.0,2,2,36.45454545454545,nan,31,14,8,8,E1,6,15,0.0,0.0
mas,1550,default,84,6,6,39.666666666666664,0,2,33.90909090909091,nan,0,39,14,21,E1,6,15,0.0,0.0
mas_iterative,1550,default,84,6,6,39.5,0,2,33.72727272727273,nan,0,39,14,21,E1,6,15,0.0,0.0
hungarian,1550,default,84,6,6,39.5,0,2,33.72727272727273,nan,0,39,18,58,E1,6,15,0.0,0.0
no_coordination,1551,default,93,6,6,59.5,4,2,53.111111111111114,32.0,52,8,0,0,E1,6,15,0.0,0.0
claim,1551,default,97,6,6,59.333333333333336,2,2,53.0,32.0,37,20,8,8,E1,6,15,0.0,0.0
mas,1551,default,84,6,6,49.5,0,2,43.05555555555556,21.5,0,12,14,21,E1,6,15,0.0,0.0
mas_iterative,1551,default,83,6,6,49.0,0,2,42.55555555555556,21.0,0,10,14,21,E1,6,15,0.0,0.0
hungarian,1551,default,83,6,6,49.0,0,2,42.55555555555556,21.0,0,10,18,56,E1,6,15,0.0,0.0
no_coordination,1552,default,82,6,6,48.0,5,2,40.0,20.0,65,9,0,0,E1,6,15,0.0,0.0
claim,1552,default,58,6,6,39.333333333333336,1,2,35.0,20.0,21,10,7,7,E1,6,15,0.0,0.0
mas,1552,default,52,6,6,35.833333333333336,0,2,31.6,20.0,0,8,14,21,E1,6,15,0.0,0.0
mas_iterative,1552,default,51,6,6,35.333333333333336,0,2,31.2,20.0,0,6,14,21,E1,6,15,0.0,0.0
hungarian,1552,default,51,6,6,35.333333333333336,0,2,31.2,20.0,0,6,18,56,E1,6,15,0.0,0.0
no_coordination,1553,default,89,6,6,47.666666666666664,4,2,38.57142857142857,22.0,61,8,0,0,E1,6,15,0.0,0.0
claim,1553,default,63,6,6,38.333333333333336,0,2,33.857142857142854,22.0,0,8,6,6,E1,6,15,0.0,0.0
mas,1553,default,63,6,6,38.333333333333336,0,2,33.857142857142854,22.0,0,8,12,18,E1,6,15,0.0,0.0
mas_iterative,1553,default,63,6,6,38.333333333333336,0,2,33.857142857142854,22.0,0,8,12,18,E1,6,15,0.0,0.0
hungarian,1553,default,63,6,6,38.333333333333336,0,2,33.857142857142854,22.0,0,8,18,56,E1,6,15,0.0,0.0
no_coordination,1554,default,85,6,6,54.0,3,2,49.76470588235294,26.0,47,7,0,0,E1,6,15,0.0,0.0
claim,1554,default,85,6,6,54.0,2,2,49.76470588235294,26.0,47,22,8,8,E1,6,15,0.0,0.0
mas,1554,default,64,6,6,37.166666666666664,0,2,34.35294117647059,20.0,0,26,14,21,E1,6,15,0.0,0.0
mas_iterative,1554,default,63,6,6,36.666666666666664,0,2,33.88235294117647,20.0,0,24,16,24,E1,6,15,0.0,0.0
hungarian,1554,default,63,6,6,36.666666666666664,0,2,33.88235294117647,20.0,0,24,18,58,E1,6,15,0.0,0.0
no_coordination,1555,default,99,6,6,66.66666666666667,4,2,54.4,nan,81,8,0,0,E1,6,15,0.0,0.0
claim,1555,default,99,6,6,66.66666666666667,4,2,54.4,nan,81,8,10,10,E1,6,15,0.0,0.0
mas,1555,default,61,6,6,38.833333333333336,0,2,33.4,nan,0,10,14,21,E1,6,15,0.0,0.0
mas_iterative,1555,default,61,6,6,38.333333333333336,0,2,33.0,nan,0,10,16,24,E1,6,15,0.0,0.0
hungarian,1555,default,61,6,6,38.333333333333336,0,2,33.0,nan,0,10,18,58,E1,6,15,0.0,0.0
no_coordination,1556,default,90,6,6,54.833333333333336,3,2,42.5,20.0,46,7,0,0,E1,6,15,0.0,0.0
claim,1556,default,83,6,6,46.0,0,2,37.285714285714285,20.0,0,30,6,6,E1,6,15,0.0,0.0
mas,1556,default,83,6,6,46.0,0,2,37.285714285714285,20.0,0,30,12,18,E1,6,15,0.0,0.0
mas_iterative,1556,default,83,6,6,46.0,0,2,37.285714285714285,20.0,0,30,12,18,E1,6,15,0.0,0.0
hungarian,1556,default,83,6,6,46.0,0,2,37.285714285714285,20.0,0,30,18,56,E1,6,15,0.0,0.0
no_coordination,1557,default,66,6,6,40.333333333333336,4,2,32.61538461538461,20.0,53,8,0,0,E1,6,15,0.0,0.0
claim,1557,default,64,6,6,35.666666666666664,1,2,30.46153846153846,20.0,21,28,7,7,E1,6,15,0.0,0.0
mas,1557,default,64,6,6,34.666666666666664,0,2,30.0,20.0,0,28,14,21,E1,6,15,0.0,0.0
mas_iterative,1557,default,63,6,6,34.0,0,2,29.53846153846154,20.0,0,26,16,24,E1,6,15,0.0,0.0
hungarian,1557,default,57,6,6,32.666666666666664,0,2,28.307692307692307,28.0,0,22,18,56,E1,6,15,0.0,0.0
no_coordination,1558,default,127,6,6,66.66666666666667,5,2,58.73684210526316,21.0,91,9,0,0,E1,6,15,0.0,0.0
claim,1558,default,79,6,6,47.333333333333336,0,2,43.473684210526315,21.0,0,14,6,6,E1,6,15,0.0,0.0
mas,1558,default,79,6,6,47.333333333333336,0,2,43.473684210526315,21.0,0,14,12,18,E1,6,15,0.0,0.0
mas_iterative,1558,default,79,6,6,47.333333333333336,0,2,43.473684210526315,21.0,0,14,12,18,E1,6,15,0.0,0.0
hungarian,1558,default,79,6,6,47.333333333333336,0,2,43.473684210526315,21.0,0,14,18,56,E1,6,15,0.0,0.0
no_coordination,1559,default,83,6,6,48.833333333333336,3,2,43.06666666666667,20.0,28,7,0,0,E1,6,15,0.0,0.0
claim,1559,default,79,6,6,47.0,1,2,42.0,20.0,21,13,7,7,E1,6,15,0.0,0.0
mas,1559,default,79,6,6,40.0,0,2,36.86666666666667,20.0,0,38,14,21,E1,6,15,0.0,0.0
mas_iterative,1559,default,79,6,6,39.666666666666664,0,2,36.53333333333333,20.0,0,38,18,27,E1,6,15,0.0,0.0
hungarian,1559,default,79,6,6,39.666666666666664,0,2,36.53333333333333,20.0,0,38,20,61,E1,6,15,0.0,0.0
no_coordination,1560,default,97,6,6,50.166666666666664,3,2,43.833333333333336,nan,61,7,0,0,E1,6,15,0.0,0.0
claim,1560,default,88,6,6,48.666666666666664,1,2,43.083333333333336,nan,22,26,7,7,E1,6,15,0.0,0.0
mas,1560,default,76,6,6,45.0,0,2,40.416666666666664,nan,0,12,14,21,E1,6,15,0.0,0.0
mas_iterative,1560,default,75,6,6,44.666666666666664,0,2,40.166666666666664,nan,0,10,14,21,E1,6,15,0.0,0.0
hungarian,1560,default,75,6,6,44.666666666666664,0,2,40.166666666666664,nan,0,10,18,58,E1,6,15,0.0,0.0
no_coordination,1561,default,79,6,6,46.166666666666664,3,2,41.22222222222222,33.5,29,7,0,0,E1,6,15,0.0,0.0
claim,1561,default,66,6,6,39.166666666666664,0,2,35.666666666666664,33.5,0,17,6,6,E1,6,15,0.0,0.0
mas,1561,default,66,6,6,39.166666666666664,0,2,35.666666666666664,33.5,0,17,12,18,E1,6,15,0.0,0.0
mas_iterative,1561,default,66,6,6,39.166666666666664,0,2,35.666666666666664,33.5,0,17,12,18,E1,6,15,0.0,0.0
hungarian,1561,default,66,6,6,39.166666666666664,0,2,35.666666666666664,33.5,0,17,18,56,E1,6,15,0.0,0.0
no_coordination,1562,default,119,6,6,59.0,4,2,51.529411764705884,22.0,96,8,0,0,E1,6,15,0.0,0.0
claim,1562,default,119,6,6,59.0,4,2,51.529411764705884,22.0,96,8,10,10,E1,6,15,0.0,0.0
mas,1562,default,74,6,6,45.0,0,2,40.64705882352941,22.0,0,10,14,21,E1,6,15,0.0,0.0
mas_iterative,1562,default,73,6,6,44.666666666666664,0,2,40.35294117647059,22.0,0,8,14,21,E1,6,15,0.0,0.0
hungarian,1562,default,73,6,6,44.666666666666664,0,2,40.35294117647059,22.0,0,8,18,58,E1,6,15,0.0,0.0
no_coordination,1563,default,81,6,6,43.666666666666664,3,2,35.166666666666664,nan,50,7,0,0,E1,6,15,0.0,0.0
claim,1563,default,79,6,6,43.333333333333336,1,2,35.0,nan,20,31,7,7,E1,6,15,0.0,0.0
mas,1563,default,69,6,6,38.0,0,2,32.333333333333336,nan,0,26,14,21,E1,6,15,0.0,0.0
mas_iterative,1563,default,69,6,6,37.666666666666664,0,2,32.166666666666664,nan,0,26,14,21,E1,6,15,0.0,0.0
hungarian,1563,default,69,6,6,37.666666666666664,0,2,32.166666666666664,nan,0,26,18,58,E1,6,15,0.0,0.0
no_coordination,1564,default,121,6,6,78.33333333333333,5,2,68.4,32.0,93,9,0,0,E1,6,15,0.0,0.0
claim,1564,default,121,6,6,78.33333333333333,4,2,68.4,32.0,93,26,10,10,E1,6,15,0.0,0.0
mas,1564,default,61,6,6,38.833333333333336,0,2,35.733333333333334,20.0,0,14,14,21,E1,6,15,0.0,0.0
mas_iterative,1564,default,61,6,6,38.333333333333336,0,2,35.333333333333336,20.0,0,14,18,27,E1,6,15,0.0,0.0
hungarian,1564,default,61,6,6,38.333333333333336,0,2,35.333333333333336,20.0,0,14,18,60,E1,6,15,0.0,0.0
no_coordination,1565,default,131,6,6,70.66666666666667,6,2,61.111111111111114,28.0,131,10,0,0,E1,6,15,0.0,0.0
claim,1565,default,131,6,6,70.66666666666667,6,2,61.111111111111114,28.0,131,10,12,12,E1,6,15,0.0,0.0
mas,1565,default,75,6,6,38.333333333333336,0,2,34.55555555555556,24.0,0,34,14,21,E1,6,15,0.0,0.0
mas_iterative,1565,default,75,6,6,38.0,0,2,34.22222222222222,24.0,0,34,16,24,E1,6,15,0.0,0.0
hungarian,1565,default,75,6,6,38.0,0,2,34.22222222222222,24.0,0,34,18,58,E1,6,15,0.0,0.0
no_coordination,1566,default,129,6,6,80.66666666666667,5,2,66.75,52.666666666666664,100,9,0,0,E1,6,15,0.0,0.0
claim,1566,default,111,6,6,77.0,3,2,65.375,52.666666666666664,77,11,9,9,E1,6,15,0.0,0.0
mas,1566,default,76,6,6,46.166666666666664,0,2,40.1875,32.333333333333336,0,16,14,21,E1,6,15,0.0,0.0
mas_iterative,1566,default,75,6,6,45.666666666666664,0,2,39.75,32.0,0,14,14,21,E1,6,15,0.0,0.0
hungarian,1566,default,77,6,6,45.0,0,2,38.875,30.666666666666668,0,20,18,58,E1,6,15,0.0,0.0
no_coordination,1567,default,95,6,6,42.666666666666664,4,2,33.375,33.0,74,8,0,0,E1,6,15,0.0,0.0
claim,1567,default,95,6,6,42.666666666666664,4,2,33.375,33.0,74,8,10,10,E1,6,15,0.0,0.0
mas,1567,default,70,6,6,35.666666666666664,0,2,29.4375,29.5,0,28,14,21,E1,6,15,0.0,0.0
mas_iterative,1567,default,69,6,6,35.333333333333336,0,2,29.125,29.0,0,26,14,21,E1,6,15,0.0,0.0
hungarian,1567,default,69,6,6,35.333333333333336,0,2,29.125,29.0,0,26,18,58,E1,6,15,0.0,0.0
no_coordination,1568,default,71,6,6,37.833333333333336,2,2,33.833333333333336,nan,40,7,0,0,E1,6,15,0.0,0.0
claim,1568,default,53,6,6,34.5,0,2,32.0,nan,0,7,6,6,E1,6,15,0.0,0.0
mas,1568,default,53,6,6,34.5,0,2,32.0,nan,0,7,12,18,E1,6,15,0.0,0.0
mas_iterative,1568,default,53,6,6,34.5,0,2,32.0,nan,0,7,12,18,E1,6,15,0.0,0.0
hungarian,1568,default,53,6,6,34.5,0,2,32.0,nan,0,7,18,56,E1,6,15,0.0,0.0
no_coordination,1569,default,91,6,6,47.5,4,2,40.8,22.0,69,9,0,0,E1,6,15,0.0,0.0
claim,1569,default,69,6,6,38.166666666666664,0,2,33.93333333333333,22.0,0,29,6,6,E1,6,15,0.0,0.0
mas,1569,default,69,6,6,38.166666666666664,0,2,33.93333333333333,22.0,0,29,12,18,E1,6,15,0.0,0.0
mas_iterative,1569,default,69,6,6,38.166666666666664,0,2,33.93333333333333,22.0,0,29,12,18,E1,6,15,0.0,0.0
hungarian,1569,default,69,6,6,38.166666666666664,0,2,33.93333333333333,22.0,0,29,18,56,E1,6,15,0.0,0.0
no_coordination,1570,default,99,6,6,53.666666666666664,4,2,48.166666666666664,20.0,40,8,0,0,E1,6,15,0.0,0.0
claim,1570,default,97,6,6,53.333333333333336,2,2,47.833333333333336,20.0,37,40,8,8,E1,6,15,0.0,0.0
mas,1570,default,76,6,6,42.166666666666664,0,2,37.916666666666664,20.0,0,30,14,21,E1,6,15,0.0,0.0
mas_iterative,1570,default,75,6,6,41.666666666666664,0,2,37.5,20.0,0,28,14,21,E1,6,15,0.0,0.0
hungarian,1570,default,73,6,6,40.666666666666664,0,2,38.0,28.0,0,26,18,56,E1,6,15,0.0,0.0
no_coordination,1571,default,92,6,6,57.333333333333336,5,2,49.375,33.0,82,9,0,0,E1,6,15,0.0,0.0
claim,1571,default,70,6,6,50.666666666666664,2,2,45.75,33.0,41,10,8,8,E1,6,15,0.0,0.0
mas,1571,default,58,6,6,37.833333333333336,0,2,33.875,23.5,0,11,14,21,E1,6,15,0.0,0.0
mas_iterative,1571,default,57,6,6,37.333333333333336,0,2,33.4375,23.0,0,9,14,21,E1,6,15,0.0,0.0
hungarian,1571,default,57,6,6,37.333333333333336,0,2,33.4375,23.0,0,9,18,56,E1,6,15,0.0,0.0
no_coordination,1572,default,105,6,6,56.0,4,2,46.285714285714285,20.0,95,8,0,0,E1,6,15,0.0,0.0
claim,1572,default,105,6,6,56.0,4,2,46.285714285714285,20.0,95,8,10,10,E1,6,15,0.0,0.0
mas,1572,default,74,6,6,40.833333333333336,0,2,34.714285714285715,20.0,0,26,14,21,E1,6,15,0.0,0.0
mas_iterative,1572,default,73,6,6,40.333333333333336,0,2,34.285714285714285,20.0,0,24,14,21,E1,6,15,0.0,0.0
hungarian,1572,default,73,6,6,40.333333333333336,0,2,34.285714285714285,20.0,0,24,18,56,E1,6,15,0.0,0.0
no_coordination,1573,default,65,6,6,48.833333333333336,3,2,47.0,nan,32,7,0,0,E1,6,15,0.0,0.0
claim,1573,default,67,6,6,48.666666666666664,1,2,46.857142857142854,nan,29,14,7,7,E1,6,15,0.0,0.0
mas,1573,default,61,6,6,34.166666666666664,0,2,32.357142857142854,nan,0,22,14,21,E1,6,15,0.0,0.0
mas_iterative,1573,default,61,6,6,33.666666666666664,0,2,31.857142857142858,nan,0,22,14,21,E1,6,15,0.0,0.0
hungarian,1573,default,61,6,6,33.666666666666664,0,2,31.857142857142858,nan,0,22,18,56,E1,6,15,0.0,0.0
no_coordination,1574,default,61,6,6,35.666666666666664,4,2,33.888888888888886,28.0,40,8,0,0,E1,6,15,0.0,0.0
claim,1574,default,61,6,6,35.666666666666664,4,2,33.888888888888886,28.0,40,8,10,10,E1,6,15,0.0,0.0
mas,1574,default,46,6,6,29.333333333333332,0,2,28.88888888888889,28.0,0,14,14,21,E1,6,15,0.0,0.0
mas_iterative,1574,default,45,6,6,29.0,0,2,28.555555555555557,28.0,0,12,14,21,E1,6,15,0.0,0.0
hungarian,1574,default,45,6,6,29.0,0,2,28.555555555555557,28.0,0,12,18,58,E1,6,15,0.0,0.0
no_coordination,1575,default,96,6,6,57.5,3,2,49.642857142857146,32.0,41,8,0,0,E1,6,15,0.0,0.0
claim,1575,default,90,6,6,56.333333333333336,1,2,49.142857142857146,32.0,33,32,7,7,E1,6,15,0.0,0.0
mas,1575,default,76,6,6,41.5,0,2,34.785714285714285,20.0,0,36,14,21,E1,6,15,0.0,0.0
mas_iterative,1575,default,75,6,6,41.0,0,2,34.42857142857143,20.0,0,34,14,21,E1,6,15,0.0,0.0
hungarian,1575,default,71,6,6,39.0,0,2,33.857142857142854,32.0,0,30,18,56,E1,6,15,0.0,0.0
no_coordination,1576,default,78,6,6,41.166666666666664,3,2,33.857142857142854,20.0,37,7,0,0,E1,6,15,0.0,0.0
claim,1576,default,60,6,6,37.5,1,2,32.285714285714285,20.0,14,9,7,7,E1,6,15,0.0,0.0
mas,1576,default,55,6,6,34.0,0,2,30.428571428571427,20.0,0,7,14,21,E1,6,15,0.0,0.0
mas_iterative,1576,default,54,6,6,33.666666666666664,0,2,30.214285714285715,20.0,0,5,14,21,E1,6,15,0.0,0.0
hungarian,1576,default,54,6,6,33.666666666666664,0,2,30.214285714285715,20.0,0,5,18,58,E1,6,15,0.0,0.0
no_coordination,1577,default,87,6,6,45.333333333333336,5,2,41.857142857142854,nan,47,9,0,0,E1,6,15,0.0,0.0
claim,1577,default,57,6,6,35.666666666666664,0,2,33.57142857142857,nan,0,10,6,6,E1,6,15,0.0,0.0
mas,1577,default,57,6,6,35.666666666666664,0,2,33.57142857142857,nan,0,10,12,18,E1,6,15,0.0,0.0
mas_iterative,1577,default,57,6,6,35.666666666666664,0,2,33.57142857142857,nan,0,10,12,18,E1,6,15,0.0,0.0
hungarian,1577,default,57,6,6,35.666666666666664,0,2,33.57142857142857,nan,0,10,18,56,E1,6,15,0.0,0.0
no_coordination,1578,default,67,6,6,42.833333333333336,4,2,37.09090909090909,nan,45,8,0,0,E1,6,15,0.0,0.0
claim,1578,default,46,6,6,33.833333333333336,0,2,30.818181818181817,nan,0,7,6,6,E1,6,15,0.0,0.0
mas,1578,default,46,6,6,33.833333333333336,0,2,30.818181818181817,nan,0,7,12,18,E1,6,15,0.0,0.0
mas_iterative,1578,default,46,6,6,33.833333333333336,0,2,30.818181818181817,nan,0,7,12,18,E1,6,15,0.0,0.0
hungarian,1578,default,46,6,6,33.833333333333336,0,2,30.818181818181817,nan,0,7,18,56,E1,6,15,0.0,0.0
no_coordination,1579,default,89,6,6,45.333333333333336,4,2,38.8235294117647,20.0,68,8,0,0,E1,6,15,0.0,0.0
claim,1579,default,89,6,6,45.333333333333336,4,2,38.8235294117647,20.0,68,8,10,10,E1,6,15,0.0,0.0
mas,1579,default,63,6,6,36.0,0,2,32.23529411764706,20.0,0,20,14,21,E1,6,15,0.0,0.0
mas_iterative,1579,default,63,6,6,35.666666666666664,0,2,32.0,20.0,0,20,14,21,E1,6,15,0.0,0.0
hungarian,1579,default,63,6,6,35.666666666666664,0,2,32.0,20.0,0,20,18,58,E1,6,15,0.0,0.0
no_coordination,1580,default,86,6,6,50.0,3,2,45.77777777777778,43.5,45,7,0,0,E1,6,15,0.0,0.0
claim,1580,default,77,6,6,41.0,0,2,38.77777777777778,39.0,0,23,6,6,E1,6,15,0.0,0.0
mas,1580,default,77,6,6,41.0,0,2,38.77777777777778,39.0,0,23,12,18,E1,6,15,0.0,0.0
mas_iterative,1580,default,77,6,6,41.0,0,2,38.77777777777778,39.0,0,23,12,18,E1,6,15,0.0,0.0
hungarian,1580,default,77,6,6,41.0,0,2,38.77777777777778,39.0,0,23,18,56,E1,6,15,0.0,0.0
no_coordination,1581,default,75,6,6,40.0,3,2,36.0,20.0,42,7,0,0,E1,6,15,0.0,0.0
claim,1581,default,69,6,6,39.0,1,2,35.2,20.0,12,23,7,7,E1,6,15,0.0,0.0
mas,1581,default,64,6,6,37.333333333333336,0,2,33.86666666666667,20.0,0,18,14,21,E1,6,15,0.0,0.0
mas_iterative,1581,default,63,6,6,37.0,0,2,33.6,20.0,0,16,14,21,E1,6,15,0.0,0.0
hungarian,1581,default,63,6,6,37.0,0,2,33.6,20.0,0,16,18,58,E1,6,15,0.0,0.0
no_coordination,1582,default,102,6,6,64.5,5,2,54.416666666666664,nan,81,9,0,0,E1,6,15,0.0,0.0
claim,1582,default,102,6,6,64.5,4,2,54.416666666666664,nan,81,25,10,10,E1,6,15,0.0,0.0
mas,1582,default,74,6,6,40.166666666666664,0,2,33.833333333333336,nan,0,34,14,21,E1,6,15,0.0,0.0
mas_iterative,1582,default,73,6,6,39.666666666666664,0,2,33.333333333333336,nan,0,32,16,24,E1,6,15,0.0,0.0
hungarian,1582,default,73,6,6,39.666666666666664,0,2,33.333333333333336,nan,0,32,18,58,E1,6,15,0.0,0.0
no_coordination,1583,default,77,6,6,40.666666666666664,5,2,35.88235294117647,22.0,33,9,0,0,E1,6,15,0.0,0.0
claim,1583,default,55,6,6,33.0,0,2,30.235294117647058,22.0,0,16,6,6,E1,6,15,0.0,0.0
mas,1583,default,55,6,6,33.0,0,2,30.235294117647058,22.0,0,16,12,18,E1,6,15,0.0,0.0
mas_iterative,1583,default,55,6,6,33.0,0,2,30.235294117647058,22.0,0,16,12,18,E1,6,15,0.0,0.0
hungarian,1583,default,55,6,6,33.0,0,2,30.235294117647058,22.0,0,16,18,56,E1,6,15,0.0,0.0
no_coordination,1584,default,113,6,6,60.833333333333336,4,2,51.0625,28.0,96,8,0,0,E1,6,15,0.0,0.0
claim,1584,default,93,6,6,54.666666666666664,1,2,47.6875,28.0,29,32,7,7,E1,6,15,0.0,0.0
mas,1584,default,79,6,6,41.0,0,2,34.625,20.0,0,32,14,21,E1,6,15,0.0,0.0
mas_iterative,1584,default,79,6,6,40.666666666666664,0,2,34.25,20.0,0,32,16,24,E1,6,15,0.0,0.0
hungarian,1584,default,79,6,6,40.666666666666664,0,2,34.25,20.0,0,32,18,58,E1,6,15,0.0,0.0
no_coordination,1585,default,97,6,6,56.333333333333336,5,2,48.6,nan,85,9,0,0,E1,6,15,0.0,0.0
claim,1585,default,81,6,6,51.333333333333336,1,2,45.6,nan,31,27,7,7,E1,6,15,0.0,0.0
mas,1585,default,67,6,6,37.5,0,2,32.6,nan,0,26,14,21,E1,6,15,0.0,0.0
mas_iterative,1585,default,67,6,6,37.0,0,2,32.2,nan,0,26,14,21,E1,6,15,0.0,0.0
hungarian,1585,default,67,6,6,37.0,0,2,32.2,nan,0,26,18,56,E1,6,15,0.0,0.0
no_coordination,1586,default,89,6,6,41.333333333333336,4,2,32.13333333333333,26.0,68,8,0,0,E1,6,15,0.0,0.0
claim,1586,default,89,6,6,41.333333333333336,4,2,32.13333333333333,26.0,68,8,10,10,E1,6,15,0.0,0.0
mas,1586,default,66,6,6,34.666666666666664,0,2,28.8,26.0,0,26,14,21,E1,6,15,0.0,0.0
mas_iterative,1586,default,65,6,6,34.333333333333336,0,2,28.533333333333335,26.0,0,24,14,21,E1,6,15,0.0,0.0
hungarian,1586,default,65,6,6,34.333333333333336,0,2,28.533333333333335,26.0,0,24,18,58,E1,6,15,0.0,0.0
no_coordination,1587,default,99,6,6,61.333333333333336,6,2,53.666666666666664,29.0,99,10,0,0,E1,6,15,0.0,0.0
claim,1587,default,99,6,6,61.333333333333336,6,2,53.666666666666664,29.0,99,10,12,12,E1,6,15,0.0,0.0
mas,1587,default,54,6,6,35.833333333333336,0,2,34.166666666666664,29.0,0,14,14,21,E1,6,15,0.0,0.0
mas_iterative,1587,default,53,6,6,35.333333333333336,0,2,33.666666666666664,29.0,0,12,14,21,E1,6,15,0.0,0.0
hungarian,1587,default,59,6,6,37.0,0,2,34.333333333333336,22.0,0,16,18,56,E1,6,15,0.0,0.0
no_coordination,1588,default,119,6,6,61.0,5,2,43.6,21.0,98,9,0,0,E1,6,15,0.0,0.0
claim,1588,default,75,6,6,45.0,0,2,35.333333333333336,21.0,0,14,6,6,E1,6,15,0.0,0.0
mas,1588,default,75,6,6,45.0,0,2,35.333333333333336,21.0,0,14,12,18,E1,6,15,0.0,0.0
mas_iterative,1588,default,75,6,6,45.0,0,2,35.333333333333336,21.0,0,14,12,18,E1,6,15,0.0,0.0
hungarian,1588,default,75,6,6,45.0,0,2,35.333333333333336,21.0,0,14,18,56,E1,6,15,0.0,0.0
no_coordination,1589,default,110,6,6,71.83333333333333,5,2,60.64705882352941,31.0,91,9,0,0,E1,6,15,0.0,0.0
claim,1589,default,110,6,6,71.83333333333333,4,2,60.64705882352941,31.0,91,11,10,10,E1,6,15,0.0,0.0
mas,1589,default,84,6,6,47.833333333333336,0,2,40.35294117647059,24.5,0,30,14,21,E1,6,15,0.0,0.0
mas_iterative,1589,default,83,6,6,47.333333333333336,0,2,39.88235294117647,24.0,0,28,14,21,E1,6,15,0.0,0.0
hungarian,1589,default,81,6,6,46.333333333333336,0,2,38.94117647058823,23.0,0,26,18,56,E1,6,15,0.0,0.0
no_coordination,1590,default,46,6,6,33.833333333333336,2,2,30.785714285714285,nan,28,7,0,0,E1,6,15,0.0,0.0
claim,1590,default,47,6,6,33.166666666666664,1,2,30.5,nan,21,12,7,7,E1,6,15,0.0,0.0
mas,1590,default,45,6,6,31.666666666666668,0,2,29.285714285714285,nan,0,10,14,21,E1,6,15,0.0,0.0
mas_iterative,1590,default,45,6,6,31.333333333333332,0,2,28.857142857142858,nan,0,10,16,24,E1,6,15,0.0,0.0
hungarian,1590,default,45,6,6,31.333333333333332,0,2,28.857142857142858,nan,0,10,18,58,E1,6,15,0.0,0.0
no_coordination,1591,default,96,6,6,53.833333333333336,3,2,50.388888888888886,20.0,48,7,0,0,E1,6,15,0.0,0.0
claim,1591,default,96,6,6,53.833333333333336,2,2,50.388888888888886,20.0,48,19,8,8,E1,6,15,0.0,0.0
mas,1591,default,73,6,6,44.333333333333336,0,2,41.833333333333336,20.0,0,12,14,21,E1,6,15,0.0,0.0
mas_iterative,1591,default,73,6,6,44.0,0,2,41.55555555555556,20.0,0,12,14,21,E1,6,15,0.0,0.0
hungarian,1591,default,73,6,6,44.0,0,2,41.55555555555556,20.0,0,12,18,58,E1,6,15,0.0,0.0
no_coordination,1592,default,77,6,6,50.0,4,2,41.785714285714285,28.0,65,8,0,0,E1,6,15,0.0,0.0
claim,1592,default,72,6,6,44.833333333333336,1,2,38.857142857142854,28.0,29,25,7,7,E1,6,15,0.0,0.0
mas,1592,default,60,6,6,33.5,0,2,28.285714285714285,20.0,0,25,14,21,E1,6,15,0.0,0.0
mas_iterative,1592,default,59,6,6,33.0,0,2,27.928571428571427,20.0,0,23,14,21,E1,6,15,0.0,0.0
hungarian,1592,default,59,6,6,33.0,0,2,27.928571428571427,20.0,0,23,18,56,E1,6,15,0.0,0.0
no_coordination,1593,default,89,6,6,46.0,4,2,36.666666666666664,24.666666666666668,45,8,0,0,E1,6,15,0.0,0.0
claim,1593,default,61,6,6,37.0,0,2,31.666666666666668,24.666666666666668,0,14,6,6,E1,6,15,0.0,0.0
mas,1593,default,61,6,6,37.0,0,2,31.666666666666668,24.666666666666668,0,14,12,18,E1,6,15,0.0,0.0
mas_iterative,1593,default,61,6,6,37.0,0,2,31.666666666666668,24.666666666666668,0,14,12,18,E1,6,15,0.0,0.0
hungarian,1593,default,61,6,6,37.0,0,2,31.666666666666668,24.666666666666668,0,14,18,56,E1,6,15,0.0,0.0
no_coordination,1594,default,70,6,6,34.333333333333336,3,2,28.5,nan,22,8,0,0,E1,6,15,0.0,0.0
claim,1594,default,55,6,6,30.666666666666668,0,2,26.583333333333332,nan,0,21,6,6,E1,6,15,0.0,0.0
mas,1594,default,55,6,6,30.666666666666668,0,2,26.583333333333332,nan,0,21,12,18,E1,6,15,0.0,0.0
mas_iterative,1594,default,55,6,6,30.666666666666668,0,2,26.583333333333332,nan,0,21,12,18,E1,6,15,0.0,0.0
hungarian,1594,default,55,6,6,30.666666666666668,0,2,26.583333333333332,nan,0,21,18,56,E1,6,15,0.0,0.0
no_coordination,1595,default,65,6,6,41.0,2,2,32.0,24.0,30,6,0,0,E1,6,15,0.0,0.0
claim,1595,default,65,6,6,41.0,2,2,32.0,24.0,30,6,8,8,E1,6,15,0.0,0.0
mas,1595,default,67,6,6,36.5,0,2,29.733333333333334,24.0,0,28,14,21,E1,6,15,0.0,0.0
mas_iterative,1595,default,67,6,6,36.333333333333336,0,2,29.6,24.0,0,28,16,24,E1,6,15,0.0,0.0
hungarian,1595,default,67,6,6,36.333333333333336,0,2,29.6,24.0,0,28,20,61,E1,6,15,0.0,0.0
no_coordination,1596,default,98,6,6,53.333333333333336,5,2,43.63636363636363,nan,65,9,0,0,E1,6,15,0.0,0.0
claim,1596,default,83,6,6,50.833333333333336,3,2,42.27272727272727,nan,49,22,9,9,E1,6,15,0.0,0.0
mas,1596,default,69,6,6,36.5,0,2,30.818181818181817,nan,0,26,14,21,E1,6,15,0.0,0.0
mas_iterative,1596,default,69,6,6,36.0,0,2,30.363636363636363,nan,0,26,16,24,E1,6,15,0.0,0.0
hungarian,1596,default,69,6,6,36.0,0,2,30.363636363636363,nan,0,26,18,58,E1,6,15,0.0,0.0
no_coordination,1597,default,107,6,6,54.666666666666664,5,2,42.75,24.0,49,9,0,0,E1,6,15,0.0,0.0
claim,1597,default,81,6,6,42.0,0,2,35.0,24.0,0,38,6,6,E1,6,15,0.0,0.0
mas,1597,default,81,6,6,42.0,0,2,35.0,24.0,0,38,12,18,E1,6,15,0.0,0.0
mas_iterative,1597,default,81,6,6,42.0,0,2,35.0,24.0,0,38,12,18,E1,6,15,0.0,0.0
hungarian,1597,default,81,6,6,42.0,0,2,35.0,24.0,0,38,18,56,E1,6,15,0.0,0.0
no_coordination,1598,default,69,6,6,36.666666666666664,4,2,32.10526315789474,28.666666666666668,48,8,0,0,E1,6,15,0.0,0.0
claim,1598,default,69,6,6,36.666666666666664,4,2,32.10526315789474,28.666666666666668,48,8,10,10,E1,6,15,0.0,0.0
mas,1598,default,55,6,6,31.166666666666668,0,2,28.105263157894736,27.0,0,24,14,21,E1,6,15,0.0,0.0
mas_iterative,1598,default,55,6,6,31.0,0,2,27.894736842105264,26.666666666666668,0,24,14,21,E1,6,15,0.0,0.0
hungarian,1598,default,55,6,6,31.0,0,2,27.894736842105264,26.666666666666668,0,24,18,58,E1,6,15,0.0,0.0
no_coordination,1599,default,97,6,6,52.166666666666664,4,2,41.2,22.0,29,8,0,0,E1,6,15,0.0,0.0
claim,1599,default,81,6,6,46.666666666666664,0,2,37.86666666666667,22.0,0,18,6,6,E1,6,15,0.0,0.0
mas,1599,default,81,6,6,46.666666666666664,0,2,37.86666666666667,22.0,0,18,12,18,E1,6,15,0.0,0.0
mas_iterative,1599,default,81,6,6,46.666666666666664,0,2,37.86666666666667,22.0,0,18,12,18,E1,6,15,0.0,0.0
hungarian,1599,default,81,6,6,46.666666666666664,0,2,37.86666666666667,22.0,0,18,18,56,E1,6,15,0.0,0.0
no_coordination,1600,default,77,6,6,44.333333333333336,4,2,41.714285714285715,nan,69,8,0,0,E1,6,15,0.0,0.0
claim,1600,default,77,6,6,44.333333333333336,4,2,41.714285714285715,nan,69,8,10,10,E1,6,15,0.0,0.0
mas,1600,default,52,6,6,33.166666666666664,0,2,31.357142857142858,nan,0,10,14,21,E1,6,15,0.0,0.0
mas_iterative,1600,default,51,6,6,32.666666666666664,0,2,30.857142857142858,nan,0,8,16,24,E1,6,15,0.0,0.0
hungarian,1600,default,51,6,6,32.666666666666664,0,2,30.857142857142858,nan,0,8,18,58,E1,6,15,0.0,0.0
no_coordination,1601,default,99,6,6,53.5,4,2,46.30769230769231,nan,82,8,0,0,E1,6,15,0.0,0.0
claim,1601,default,81,6,6,48.0,1,2,42.61538461538461,nan,23,28,7,7,E1,6,15,0.0,0.0
mas,1601,default,67,6,6,41.166666666666664,0,2,36.23076923076923,nan,0,12,14,21,E1,6,15,0.0,0.0
mas_iterative,1601,default,67,6,6,40.666666666666664,0,2,35.69230769230769,nan,0,12,14,21,E1,6,15,0.0,0.0
hungarian,1601,default,67,6,6,40.666666666666664,0,2,35.69230769230769,nan,0,12,18,56,E1,6,15,0.0,0.0
no_coordination,1602,default,75,6,6,46.666666666666664,2,2,42.93333333333333,nan,21,6,0,0,E1,6,15,0.0,0.0
claim,1602,default,65,6,6,39.666666666666664,0,2,37.333333333333336,nan,0,14,6,6,E1,6,15,0.0,0.0
mas,1602,default,65,6,6,39.666666666666664,0,2,37.333333333333336,nan,0,14,12,18,E1,6,15,0.0,0.0
mas_iterative,1602,default,65,6,6,39.666666666666664,0,2,37.333333333333336,nan,0,14,12,18,E1,6,15,0.0,0.0
hungarian,1602,default,65,6,6,39.666666666666664,0,2,37.333333333333336,nan,0,14,18,56,E1,6,15,0.0,0.0
no_coordination,1603,default,149,6,6,94.5,4,2,73.72727272727273,30.0,126,9,0,0,E1,6,15,0.0,0.0
claim,1603,default,148,6,6,94.33333333333333,3,2,73.63636363636364,30.0,95,36,9,9,E1,6,15,0.0,0.0
mas,1603,default,86,6,6,53.5,0,2,42.0,20.0,0,10,14,21,E1,6,15,0.0,0.0
mas_iterative,1603,default,85,6,6,53.0,0,2,41.63636363636363,20.0,0,8,14,21,E1,6,15,0.0,0.0
hungarian,1603,default,85,6,6,53.0,0,2,41.63636363636363,20.0,0,8,18,56,E1,6,15,0.0,0.0
no_coordination,1604,default,121,6,6,58.0,4,2,50.95238095238095,36.5,100,8,0,0,E1,6,15,0.0,0.0
claim,1604,default,121,6,6,58.0,4,2,50.95238095238095,36.5,100,8,10,10,E1,6,15,0.0,0.0
mas,1604,default,86,6,6,44.666666666666664,0,2,40.285714285714285,31.75,0,34,14,21,E1,6,15,0.0,0.0
mas_iterative,1604,default,85,6,6,44.333333333333336,0,2,40.0,31.5,0,32,14,21,E1,6,15,0.0,0.0
hungarian,1604,default,85,6,6,44.333333333333336,0,2,40.0,31.5,0,32,18,58,E1,6,15,0.0,0.0
no_coordination,1605,default,79,6,6,48.166666666666664,4,2,46.15384615384615,nan,52,8,0,0,E1,6,15,0.0,0.0
claim,1605,default,75,6,6,43.333333333333336,1,2,41.69230769230769,nan,23,21,7,7,E1,6,15,0.0,0.0
mas,1605,default,71,6,6,38.166666666666664,0,2,36.92307692307692,nan,0,26,14,21,E1,6,15,0.0,0.0
mas_iterative,1605,default,71,6,6,37.666666666666664,0,2,36.46153846153846,nan,0,26,14,21,E1,6,15,0.0,0.0
hungarian,1605,default,65,6,6,35.666666666666664,0,2,34.61538461538461,nan,0,24,18,56,E1,6,15,0.0,0.0
no_coordination,1606,default,135,6,6,88.33333333333333,5,2,80.11764705882354,30.0,119,9,0,0,E1,6,15,0.0,0.0
claim,1606,default,135,6,6,88.33333333333333,4,2,80.11764705882354,30.0,109,18,10,10,E1,6,15,0.0,0.0
mas,1606,default,76,6,6,46.166666666666664,0,2,41.529411764705884,20.0,0,10,14,21,E1,6,15,0.0,0.0
mas_iterative,1606,default,75,6,6,45.666666666666664,0,2,41.05882352941177,20.0,0,8,16,24,E1,6,15,0.0,0.0
hungarian,1606,default,75,6,6,45.666666666666664,0,2,41.05882352941177,20.0,0,8,18,58,E1,6,15,0.0,0.0
no_coordination,1607,default,82,6,6,64.16666666666667,4,2,57.36363636363637,nan,67,8,0,0,E1,6,15,0.0,0.0
claim,1607,default,82,6,6,64.16666666666667,3,2,57.36363636363637,nan,67,9,9,9,E1,6,15,0.0,0.0
mas,1607,default,60,6,6,40.0,0,2,36.36363636363637,nan,0,17,14,21,E1,6,15,0.0,0.0
mas_iterative,1607,default,59,6,6,39.666666666666664,0,2,36.0,nan,0,15,14,21,E1,6,15,0.0,0.0
hungarian,1607,default,59,6,6,40.333333333333336,0,2,36.72727272727273,nan,0,15,18,56,E1,6,15,0.0,0.0
no_coordination,1608,default,101,6,6,48.333333333333336,4,2,40.92307692307692,nan,80,8,0,0,E1,6,15,0.0,0.0
claim,1608,default,101,6,6,48.333333333333336,4,2,40.92307692307692,nan,80,8,10,10,E1,6,15,0.0,0.0
mas,1608,default,66,6,6,37.333333333333336,0,2,34.15384615384615,nan,0,14,14,21,E1,6,15,0.0,0.0
mas_iterative,1608,default,65,6,6,37.0,0,2,33.84615384615385,nan,0,12,14,21,E1,6,15,0.0,0.0
hungarian,1608,default,65,6,6,37.0,0,2,33.84615384615385,nan,0,12,18,58,E1,6,15,0.0,0.0
no_coordination,1609,default,95,6,6,49.0,5,2,40.15384615384615,nan,54,9,0,0,E1,6,15,0.0,0.0
claim,1609,default,73,6,6,42.0,1,2,36.15384615384615,nan,21,25,7,7,E1,6,15,0.0,0.0
mas,1609,default,71,6,6,36.833333333333336,0,2,31.384615384615383,nan,0,32,14,21,E1,6,15,0.0,0.0
mas_iterative,1609,default,71,6,6,36.333333333333336,0,2,30.923076923076923,nan,0,32,16,24,E1,6,15,0.0,0.0
hungarian,1609,default,71,6,6,36.333333333333336,0,2,30.923076923076923,nan,0,32,18,58,E1,6,15,0.0,0.0
no_coordination,1610,default,103,6,6,70.0,4,2,61.142857142857146,nan,69,8,0,0,E1,6,15,0.0,0.0
claim,1610,default,91,6,6,62.666666666666664,1,2,57.714285714285715,nan,33,13,7,7,E1,6,15,0.0,0.0
mas,1610,default,79,6,6,49.0,0,2,43.57142857142857,nan,0,18,14,21,E1,6,15,0.0,0.0
mas_iterative,1610,default,79,6,6,48.666666666666664,0,2,43.142857142857146,nan,0,18,14,21,E1,6,15,0.0,0.0
hungarian,1610,default,79,6,6,48.666666666666664,0,2,43.142857142857146,nan,0,18,18,56,E1,6,15,0.0,0.0
no_coordination,1611,default,119,6,6,55.166666666666664,4,2,50.76470588235294,24.0,85,8,0,0,E1,6,15,0.0,0.0
claim,1611,default,93,6,6,50.166666666666664,0,2,45.529411764705884,24.0,0,35,6,6,E1,6,15,0.0,0.0
mas,1611,default,93,6,6,50.166666666666664,0,2,45.529411764705884,24.0,0,35,12,18,E1,6,15,0.0,0.0
mas_iterative,1611,default,93,6,6,50.166666666666664,0,2,45.529411764705884,24.0,0,35,12,18,E1,6,15,0.0,0.0
hungarian,1611,default,93,6,6,50.166666666666664,0,2,45.529411764705884,24.0,0,35,18,56,E1,6,15,0.0,0.0
no_coordination,1612,default,99,6,6,61.0,4,2,45.06666666666667,21.0,59,8,0,0,E1,6,15,0.0,0.0
claim,1612,default,81,6,6,47.0,0,2,37.06666666666667,21.0,0,20,6,6,E1,6,15,0.0,0.0
mas,1612,default,81,6,6,47.0,0,2,37.06666666666667,21.0,0,20,12,18,E1,6,15,0.0,0.0
mas_iterative,1612,default,81,6,6,47.0,0,2,37.06666666666667,21.0,0,20,12,18,E1,6,15,0.0,0.0
hungarian,1612,default,81,6,6,47.0,0,2,37.06666666666667,21.0,0,20,18,56,E1,6,15,0.0,0.0
no_coordination,1613,default,121,6,6,65.83333333333333,5,2,50.75,20.0,106,9,0,0,E1,6,15,0.0,0.0
claim,1613,default,105,6,6,61.0,2,2,48.333333333333336,20.0,43,37,8,8,E1,6,15,0.0,0.0
mas,1613,default,77,6,6,43.166666666666664,0,2,35.333333333333336,20.0,0,18,14,21,E1,6,15,0.0,0.0
mas_iterative,1613,default,77,6,6,42.666666666666664,0,2,35.0,20.0,0,18,16,24,E1,6,15,0.0,0.0
hungarian,1613,default,77,6,6,42.666666666666664,0,2,35.0,20.0,0,18,18,58,E1,6,15,0.0,0.0
no_coordination,1614,default,87,6,6,59.833333333333336,4,2,53.875,nan,52,8,0,0,E1,6,15,0.0,0.0
claim,1614,default,91,6,6,59.666666666666664,2,2,53.75,nan,43,17,8,8,E1,6,15,0.0,0.0
mas,1614,default,76,6,6,42.5,0,2,38.375,nan,0,26,14,21,E1,6,15,0.0,0.0
mas_iterative,1614,default,75,6,6,42.0,0,2,38.0,nan,0,24,14,21,E1,6,15,0.0,0.0
hungarian,1614,default,75,6,6,42.0,0,2,38.0,nan,0,24,18,56,E1,6,15,0.0,0.0
no_coordination,1615,default,121,6,6,69.83333333333333,4,2,63.333333333333336,32.0,98,8,0,0,E1,6,15,0.0,0.0
claim,1615,default,97,6,6,63.333333333333336,1,2,58.13333333333333,32.0,33,22,7,7,E1,6,15,0.0,0.0
mas,1615,default,88,6,6,47.833333333333336,0,2,42.46666666666667,20.0,0,24,14,21,E1,6,15,0.0,0.0
mas_iterative,1615,default,87,6,6,47.333333333333336,0,2,42.0,20.0,0,22,14,21,E1,6,15,0.0,0.0
hungarian,1615,default,87,6,6,47.333333333333336,0,2,42.0,20.0,0,22,18,56,E1,6,15,0.0,0.0
no_coordination,1616,default,115,6,6,51.666666666666664,4,2,43.77777777777778,25.0,94,8,0,0,E1,6,15,0.0,0.0
claim,1616,default,115,6,6,51.666666666666664,4,2,43.77777777777778,25.0,94,8,10,10,E1,6,15,0.0,0.0
mas,1616,default,76,6,6,40.666666666666664,0,2,35.94444444444444,25.0,0,20,14,21,E1,6,15,0.0,0.0
mas_iterative,1616,default,75,6,6,40.333333333333336,0,2,35.666666666666664,25.0,0,18,14,21,E1,6,15,0.0,0.0
hungarian,1616,default,75,6,6,40.333333333333336,0,2,35.666666666666664,25.0,0,18,18,58,E1,6,15,0.0,0.0
no_coordination,1617,default,113,6,6,54.0,4,2,46.3,22.0,92,8,0,0,E1,6,15,0.0,0.0
claim,1617,default,113,6,6,54.0,4,2,46.3,22.0,92,8,10,10,E1,6,15,0.0,0.0
mas,1617,default,74,6,6,41.666666666666664,0,2,37.15,22.0,0,18,14,21,E1,6,15,0.0,0.0
mas_iterative,1617,default,73,6,6,41.333333333333336,0,2,36.9,22.0,0,16,14,21,E1,6,15,0.0,0.0
hungarian,1617,default,73,6,6,41.333333333333336,0,2,36.9,22.0,0,16,18,58,E1,6,15,0.0,0.0
no_coordination,1618,default,105,6,6,54.0,4,2,43.625,20.0,65,8,0,0,E1,6,15,0.0,0.0
claim,1618,default,73,6,6,42.0,1,2,36.125,20.0,18,5,7,7,E1,6,15,0.0,0.0
mas,1618,default,73,6,6,42.0,0,2,36.125,20.0,0,22,14,21,E1,6,15,0.0,0.0
mas_iterative,1618,default,73,6,6,42.0,0,2,36.125,20.0,0,22,14,21,E1,6,15,0.0,0.0
hungarian,1618,default,73,6,6,42.0,0,2,36.125,20.0,0,22,20,59,E1,6,15,0.0,0.0
no_coordination,1619,default,79,6,6,44.666666666666664,3,2,32.833333333333336,20.0,30,7,0,0,E1,6,15,0.0,0.0
claim,1619,default,79,6,6,44.666666666666664,2,2,32.833333333333336,20.0,30,10,8,8,E1,6,15,0.0,0.0
mas,1619,default,80,6,6,40.0,0,2,30.5,20.0,0,34,14,21,E1,6,15,0.0,0.0
mas_iterative,1619,default,79,6,6,39.666666666666664,0,2,30.333333333333332,20.0,0,32,14,21,E1,6,15,0.0,0.0
hungarian,1619,default,79,6,6,39.666666666666664,0,2,30.333333333333332,20.0,0,32,18,58,E1,6,15,0.0,0.0
no_coordination,1621,default,61,6,6,39.0,3,2,35.23076923076923,nan,41,7,0,0,E1,6,15,0.0,0.0
claim,1621,default,53,6,6,37.666666666666664,1,2,34.61538461538461,nan,21,9,7,7,E1,6,15,0.0,0.0
mas,1621,default,43,6,6,29.833333333333332,0,2,28.153846153846153,nan,0,8,14,21,E1,6,15,0.0,0.0
mas_iterative,1621,default,43,6,6,29.333333333333332,0,2,27.692307692307693,nan,0,8,16,24,E1,6,15,0.0,0.0
hungarian,1621,default,43,6,6,29.333333333333332,0,2,27.692307692307693,nan,0,8,18,58,E1,6,15,0.0,0.0
no_coordination,1622,default,99,6,6,52.166666666666664,4,2,45.36842105263158,29.0,46,8,0,0,E1,6,15,0.0,0.0
claim,1622,default,74,6,6,39.666666666666664,0,2,36.1578947368421,29.0,0,31,6,6,E1,6,15,0.0,0.0
mas,1622,default,74,6,6,39.666666666666664,0,2,36.1578947368421,29.0,0,31,12,18,E1,6,15,0.0,0.0
mas_iterative,1622,default,74,6,6,39.666666666666664,0,2,36.1578947368421,29.0,0,31,12,18,E1,6,15,0.0,0.0
hungarian,1622,default,74,6,6,39.666666666666664,0,2,36.1578947368421,29.0,0,31,18,56,E1,6,15,0.0,0.0
no_coordination,1623,default,73,6,6,48.833333333333336,2,2,41.93333333333333,20.0,26,6,0,0,E1,6,15,0.0,0.0
claim,1623,default,76,6,6,40.666666666666664,0,2,37.13333333333333,20.0,0,31,6,6,E1,6,15,0.0,0.0
mas,1623,default,76,6,6,40.666666666666664,0,2,37.13333333333333,20.0,0,31,12,18,E1,6,15,0.0,0.0
mas_iterative,1623,default,76,6,6,40.666666666666664,0,2,37.13333333333333,20.0,0,31,12,18,E1,6,15,0.0,0.0
hungarian,1623,default,76,6,6,40.666666666666664,0,2,37.13333333333333,20.0,0,31,18,56,E1,6,15,0.0,0.0
no_coordination,1624,default,150,6,6,76.33333333333333,5,2,57.92857142857143,26.0,89,9,0,0,E1,6,15,0.0,0.0
claim,1624,default,109,6,6,65.33333333333333,1,2,52.857142857142854,26.0,27,24,7,7,E1,6,15,0.0,0.0
mas,1624,default,83,6,6,47.166666666666664,0,2,36.42857142857143,20.0,0,10,14,21,E1,6,15,0.0,0.0
mas_iterative,1624,default,83,6,6,46.666666666666664,0,2,36.0,20.0,0,10,16,24,E1,6,15,0.0,0.0
hungarian,1624,default,83,6,6,46.666666666666664,0,2,36.0,20.0,0,10,18,58,E1,6,15,0.0,0.0
no_coordination,1625,default,163,6,6,93.33333333333333,6,2,81.77777777777777,43.0,163,10,0,0,E1,6,15,0.0,0.0
claim,1625,default,163,6,6,93.33333333333333,6,2,81.77777777777777,43.0,163,10,12,12,E1,6,15,0.0,0.0
mas,1625,default,78,6,6,46.833333333333336,0,2,42.111111111111114,31.0,0,12,14,21,E1,6,15,0.0,0.0
mas_iterative,1625,default,77,6,6,46.333333333333336,0,2,41.666666666666664,31.0,0,10,14,21,E1,6,15,0.0,0.0
hungarian,1625,default,77,6,6,46.333333333333336,0,2,41.666666666666664,31.0,0,10,18,56,E1,6,15,0.0,0.0
no_coordination,1626,default,86,6,6,44.333333333333336,3,2,35.5,20.0,34,7,0,0,E1,6,15,0.0,0.0
claim,1626,default,67,6,6,41.166666666666664,1,2,34.142857142857146,20.0,14,8,7,7,E1,6,15,0.0,0.0
mas,1626,default,68,6,6,38.0,0,2,33.07142857142857,20.0,0,16,14,21,E1,6,15,0.0,0.0
mas_iterative,1626,default,67,6,6,37.666666666666664,0,2,32.857142857142854,20.0,0,14,14,21,E1,6,15,0.0,0.0
hungarian,1626,default,67,6,6,37.666666666666664,0,2,32.857142857142854,20.0,0,14,18,58,E1,6,15,0.0,0.0
no_coordination,1627,default,125,6,6,57.666666666666664,4,2,42.875,20.0,104,8,0,0,E1,6,15,0.0,0.0
claim,1627,default,125,6,6,57.666666666666664,4,2,42.875,20.0,104,8,10,10,E1,6,15,0.0,0.0
mas,1627,default,84,6,6,44.333333333333336,0,2,35.4375,20.0,0,26,14,21,E1,6,15,0.0,0.0
mas_iterative,1627,default,83,6,6,44.0,0,2,35.25,20.0,0,24,14,21,E1,6,15,0.0,0.0
hungarian,1627,default,83,6,6,44.0,0,2,35.25,20.0,0,24,18,58,E1,6,15,0.0,0.0
no_coordination,1628,default,91,6,6,52.5,3,2,39.07142857142857,20.0,47,7,0,0,E1,6,15,0.0,0.0
claim,1628,default,91,6,6,52.5,2,2,39.07142857142857,20.0,44,9,8,8,E1,6,15,0.0,0.0
mas,1628,default,88,6,6,45.333333333333336,0,2,35.07142857142857,20.0,0,32,14,21,E1,6,15,0.0,0.0
mas_iterative,1628,default,87,6,6,45.0,0,2,34.857142857142854,20.0,0,30,14,21,E1,6,15,0.0,0.0
hungarian,1628,default,87,6,6,45.0,0,2,34.857142857142854,20.0,0,30,18,58,E1,6,15,0.0,0.0
no_coordination,1629,default,109,6,6,52.666666666666664,4,2,41.06666666666667,20.0,84,8,0,0,E1,6,15,0.0,0.0
claim,1629,default,73,6,6,42.0,0,2,34.93333333333333,20.0,0,16,6,6,E1,6,15,0.0,0.0
mas,1629,default,73,6,6,42.0,0,2,34.93333333333333,20.0,0,16,12,18,E1,6,15,0.0,0.0
mas_iterative,1629,default,73,6,6,42.0,0,2,34.93333333333333,20.0,0,16,12,18,E1,6,15,0.0,0.0
hungarian,1629,default,73,6,6,42.0,0,2,34.93333333333333,20.0,0,16,18,56,E1,6,15,0.0,0.0
no_coordination,1630,default,90,6,6,48.333333333333336,3,2,41.529411764705884,20.0,34,7,0,0,E1,6,15,0.0,0.0
claim,1630,default,83,6,6,47.166666666666664,1,2,40.705882352941174,20.0,26,26,7,7,E1,6,15,0.0,0.0
mas,1630,default,75,6,6,39.666666666666664,0,2,35.411764705882355,20.0,0,30,14,21,E1,6,15,0.0,0.0
mas_iterative,1630,default,75,6,6,39.333333333333336,0,2,35.1764705882353,20.0,0,30,14,21,E1,6,15,0.0,0.0
hungarian,1630,default,75,6,6,39.333333333333336,0,2,35.1764705882353,20.0,0,30,18,58,E1,6,15,0.0,0.0
no_coordination,1631,default,65,6,6,42.5,3,2,38.833333333333336,nan,40,7,0,0,E1,6,15,0.0,0.0
claim,1631,default,59,6,6,40.333333333333336,1,2,37.75,nan,21,12,7,7,E1,6,15,0.0,0.0
mas,1631,default,72,6,6,34.5,0,2,33.333333333333336,nan,0,42,14,21,E1,6,15,0.0,0.0
mas_iterative,1631,default,71,6,6,34.0,0,2,32.833333333333336,nan,0,40,16,24,E1,6,15,0.0,0.0
hungarian,1631,default,47,6,6,34.666666666666664,0,2,33.166666666666664,nan,0,4,18,58,E1,6,15,0.0,0.0
no_coordination,1632,default,107,6,6,59.0,5,2,50.0,28.0,68,9,0,0,E1,6,15,0.0,0.0
claim,1632,default,87,6,6,54.0,2,2,47.5,28.0,37,24,8,8,E1,6,15,0.0,0.0
mas,1632,default,77,6,6,41.333333333333336,0,2,35.25,20.0,0,30,14,21,E1,6,15,0.0,0.0
mas_iterative,1632,default,77,6,6,41.0,0,2,34.875,20.0,0,30,14,21,E1,6,15,0.0,0.0
hungarian,1632,default,69,6,6,38.666666666666664,0,2,33.75,28.0,0,24,18,58,E1,6,15,0.0,0.0
no_coordination,1633,default,121,6,6,71.66666666666667,5,2,58.92307692307692,28.0,86,9,0,0,E1,6,15,0.0,0.0
claim,1633,default,103,6,6,68.66666666666667,3,2,57.53846153846154,28.0,67,15,9,9,E1,6,15,0.0,0.0
mas,1633,default,70,6,6,42.833333333333336,0,2,36.92307692307692,22.0,0,6,14,21,E1,6,15,0.0,0.0
mas_iterative,1633,default,69,6,6,42.333333333333336,0,2,36.46153846153846,22.0,0,4,16,24,E1,6,15,0.0,0.0
hungarian,1633,default,69,6,6,42.333333333333336,0,2,36.46153846153846,22.0,0,4,18,58,E1,6,15,0.0,0.0
no_coordination,1634,default,93,6,6,60.333333333333336,4,2,53.2,32.0,73,8,0,0,E1,6,15,0.0,0.0
claim,1634,default,77,6,6,55.666666666666664,1,2,51.06666666666667,32.0,33,13,7,7,E1,6,15,0.0,0.0
mas,1634,default,54,6,6,35.5,0,2,31.8,20.0,0,8,14,21,E1,6,15,0.0,0.0
mas_iterative,1634,default,53,6,6,35.0,0,2,31.333333333333332,20.0,0,6,14,21,E1,6,15,0.0,0.0
hungarian,1634,default,53,6,6,35.0,0,2,31.333333333333332,20.0,0,6,18,56,E1,6,15,0.0,0.0
no_coordination,1635,default,89,6,6,43.333333333333336,3,2,39.411764705882355,20.0,58,7,0,0,E1,6,15,0.0,0.0
claim,1635,default,73,6,6,40.666666666666664,1,2,37.529411764705884,20.0,12,19,7,7,E1,6,15,0.0,0.0
mas,1635,default,71,6,6,38.166666666666664,0,2,35.11764705882353,20.0,0,28,14,21,E1,6,15,0.0,0.0
mas_iterative,1635,default,71,6,6,38.0,0,2,34.94117647058823,20.0,0,28,14,21,E1,6,15,0.0,0.0
hungarian,1635,default,71,6,6,38.0,0,2,34.94117647058823,20.0,0,28,18,58,E1,6,15,0.0,0.0
no_coordination,1636,default,99,6,6,59.666666666666664,4,2,49.0,nan,63,8,0,0,E1,6,15,0.0,0.0
claim,1636,default,99,6,6,55.333333333333336,1,2,46.666666666666664,nan,21,33,7,7,E1,6,15,0.0,0.0
mas,1636,default,90,6,6,51.5,0,2,41.833333333333336,nan,0,22,14,21,E1,6,15,0.0,0.0
mas_iterative,1636,default,89,6,6,51.0,0,2,41.333333333333336,nan,0,20,14,21,E1,6,15,0.0,0.0
hungarian,1636,default,89,6,6,51.0,0,2,41.333333333333336,nan,0,20,18,56,E1,6,15,0.0,0.0
no_coordination,1637,default,111,6,6,57.833333333333336,4,2,47.5625,20.0,88,8,0,0,E1,6,15,0.0,0.0
claim,1637,default,89,6,6,51.666666666666664,1,2,44.3125,20.0,21,28,7,7,E1,6,15,0.0,0.0
mas,1637,default,88,6,6,46.5,0,2,39.0625,20.0,0,34,14,21,E1,6,15,0.0,0.0
mas_iterative,1637,default,87,6,6,46.0,0,2,38.625,20.0,0,32,16,24,E1,6,15,0.0,0.0
hungarian,1637,default,87,6,6,46.0,0,2,38.625,20.0,0,32,18,58,E1,6,15,0.0,0.0
no_coordination,1638,default,65,6,6,33.666666666666664,4,2,30.63157894736842,20.0,44,8,0,0,E1,6,15,0.0,0.0
claim,1638,default,65,6,6,33.666666666666664,4,2,30.63157894736842,20.0,44,8,10,10,E1,6,15,0.0,0.0
mas,1638,default,48,6,6,29.333333333333332,0,2,27.42105263157895,20.0,0,14,14,21,E1,6,15,0.0,0.0
mas_iterative,1638,default,47,6,6,29.0,0,2,27.157894736842106,20.0,0,12,14,21,E1,6,15,0.0,0.0
hungarian,1638,default,47,6,6,29.0,0,2,27.157894736842106,20.0,0,12,18,58,E1,6,15,0.0,0.0
no_coordination,1639,default,95,6,6,50.166666666666664,3,2,42.357142857142854,nan,34,7,0,0,E1,6,15,0.0,0.0
claim,1639,default,73,6,6,42.5,0,2,37.357142857142854,nan,0,11,6,6,E1,6,15,0.0,0.0
mas,1639,default,73,6,6,42.5,0,2,37.357142857142854,nan,0,11,12,18,E1,6,15,0.0,0.0
mas_iterative,1639,default,73,6,6,42.5,0,2,37.357142857142854,nan,0,11,12,18,E1,6,15,0.0,0.0
hungarian,1639,default,73,6,6,42.5,0,2,37.357142857142854,nan,0,11,18,56,E1,6,15,0.0,0.0
no_coordination,1640,default,69,6,6,40.666666666666664,4,2,34.55555555555556,26.666666666666668,45,8,0,0,E1,6,15,0.0,0.0
claim,1640,default,57,6,6,37.166666666666664,1,2,32.888888888888886,26.666666666666668,23,16,7,7,E1,6,15,0.0,0.0
mas,1640,default,54,6,6,35.166666666666664,0,2,31.333333333333332,23.333333333333332,0,7,14,21,E1,6,15,0.0,0.0
mas_iterative,1640,default,53,6,6,34.833333333333336,0,2,30.944444444444443,23.0,0,5,16,24,E1,6,15,0.0,0.0
hungarian,1640,default,53,6,6,34.833333333333336,0,2,30.944444444444443,23.0,0,5,18,58,E1,6,15,0.0,0.0
no_coordination,1641,default,111,6,6,68.16666666666667,4,2,57.6,39.0,92,8,0,0,E1,6,15,0.0,0.0
claim,1641,default,94,6,6,65.33333333333333,2,2,56.46666666666667,39.0,51,13,8,8,E1,6,15,0.0,0.0
mas,1641,default,76,6,6,46.5,0,2,39.0,25.5,0,14,14,21,E1,6,15,0.0,0.0
mas_iterative,1641,default,75,6,6,46.0,0,2,38.53333333333333,25.0,0,12,14,21,E1,6,15,0.0,0.0
hungarian,1641,default,73,6,6,45.0,0,2,37.6,24.0,0,10,18,56,E1,6,15,0.0,0.0
no_coordination,1642,default,91,6,6,54.0,5,2,49.714285714285715,nan,73,9,0,0,E1,6,15,0.0,0.0
claim,1642,default,91,6,6,54.0,4,2,49.714285714285715,nan,65,16,10,10,E1,6,15,0.0,0.0
mas,1642,default,62,6,6,35.833333333333336,0,2,34.142857142857146,nan,0,14,14,21,E1,6,15,0.0,0.0
mas_iterative,1642,default,61,6,6,35.333333333333336,0,2,33.714285714285715,nan,0,12,16,24,E1,6,15,0.0,0.0
hungarian,1642,default,61,6,6,35.333333333333336,0,2,33.714285714285715,nan,0,12,18,58,E1,6,15,0.0,0.0
no_coordination,1643,default,139,6,6,89.0,5,2,71.5,34.0,98,9,0,0,E1,6,15,0.0,0.0
claim,1643,default,133,6,6,88.0,3,2,71.0,34.0,91,33,9,9,E1,6,15,0.0,0.0
mas,1643,default,79,6,6,47.166666666666664,0,2,38.416666666666664,22.0,0,22,14,21,E1,6,15,0.0,0.0
mas_iterative,1643,default,79,6,6,46.666666666666664,0,2,38.0,22.0,0,22,14,21,E1,6,15,0.0,0.0
hungarian,1643,default,77,6,6,46.666666666666664,0,2,38.833333333333336,34.0,0,18,18,58,E1,6,15,0.0,0.0
no_coordination,1644,default,103,6,6,53.0,3,2,41.25,20.0,66,7,0,0,E1,6,15,0.0,0.0
claim,1644,default,97,6,6,52.0,1,2,40.875,20.0,26,33,7,7,E1,6,15,0.0,0.0
mas,1644,default,81,6,6,46.666666666666664,0,2,37.875,20.0,0,14,14,21,E1,6,15,0.0,0.0
mas_iterative,1644,default,81,6,6,46.333333333333336,0,2,37.625,20.0,0,14,14,21,E1,6,15,0.0,0.0
hungarian,1644,default,81,6,6,46.333333333333336,0,2,37.625,20.0,0,14,18,58,E1,6,15,0.0,0.0
no_coordination,1645,default,96,6,6,47.5,4,2,37.35294117647059,26.666666666666668,73,8,0,0,E1,6,15,0.0,0.0
claim,1645,default,65,6,6,37.0,0,2,31.764705882352942,26.666666666666668,0,15,6,6,E1,6,15,0.0,0.0
mas,1645,default,65,6,6,37.0,0,2,31.764705882352942,26.666666666666668,0,15,12,18,E1,6,15,0.0,0.0
mas_iterative,1645,default,65,6,6,37.0,0,2,31.764705882352942,26.666666666666668,0,15,12,18,E1,6,15,0.0,0.0
hungarian,1645,default,65,6,6,37.0,0,2,31.764705882352942,26.666666666666668,0,15,18,56,E1,6,15,0.0,0.0
no_coordination,1646,default,103,6,6,67.66666666666667,4,2,61.529411764705884,28.0,69,8,0,0,E1,6,15,0.0,0.0
claim,1646,default,91,6,6,60.333333333333336,1,2,56.11764705882353,28.0,29,17,7,7,E1,6,15,0.0,0.0
mas,1646,default,76,6,6,46.166666666666664,0,2,42.0,20.0,0,18,14,21,E1,6,15,0.0,0.0
mas_iterative,1646,default,75,6,6,45.666666666666664,0,2,41.529411764705884,20.0,0,16,14,21,E1,6,15,0.0,0.0
hungarian,1646,default,75,6,6,45.666666666666664,0,2,41.529411764705884,20.0,0,16,18,56,E1,6,15,0.0,0.0
no_coordination,1647,default,105,6,6,52.333333333333336,4,2,40.4,20.0,87,8,0,0,E1,6,15,0.0,0.0
claim,1647,default,85,6,6,46.333333333333336,1,2,38.0,20.0,21,31,7,7,E1,6,15,0.0,0.0
mas,1647,default,75,6,6,39.0,0,2,32.4,20.0,0,28,14,21,E1,6,15,0.0,0.0
mas_iterative,1647,default,75,6,6,38.666666666666664,0,2,32.0,20.0,0,28,16,24,E1,6,15,0.0,0.0
hungarian,1647,default,75,6,6,38.666666666666664,0,2,32.0,20.0,0,28,18,58,E1,6,15,0.0,0.0
no_coordination,1648,default,85,6,6,48.333333333333336,4,2,41.4,31.5,64,8,0,0,E1,6,15,0.0,0.0
claim,1648,default,85,6,6,48.333333333333336,4,2,41.4,31.5,64,8,10,10,E1,6,15,0.0,0.0
mas,1648,default,63,6,6,36.333333333333336,0,2,34.05,28.25,0,24,14,21,E1,6,15,0.0,0.0
mas_iterative,1648,default,63,6,6,36.0,0,2,33.8,28.0,0,24,14,21,E1,6,15,0.0,0.0
hungarian,1648,default,63,6,6,36.0,0,2,33.8,28.0,0,24,18,58,E1,6,15,0.0,0.0
no_coordination,1649,default,73,6,6,39.833333333333336,3,2,31.833333333333332,nan,17,7,0,0,E1,6,15,0.0,0.0
claim,1649,default,73,6,6,39.833333333333336,2,2,31.833333333333332,nan,17,11,8,8,E1,6,15,0.0,0.0
mas,1649,default,72,6,6,37.0,0,2,30.25,nan,0,23,14,21,E1,6,15,0.0,0.0
mas_iterative,1649,default,71,6,6,36.666666666666664,0,2,30.0,nan,0,21,14,21,E1,6,15,0.0,0.0
hungarian,1649,default,71,6,6,36.666666666666664,0,2,30.0,nan,0,21,18,58,E1,6,15,0.0,0.0
no_coordination,1650,default,109,6,6,54.0,5,2,44.888888888888886,26.0,66,9,0,0,E1,6,15,0.0,0.0
claim,1650,default,77,6,6,48.0,2,2,42.666666666666664,26.0,29,8,8,8,E1,6,15,0.0,0.0
mas,1650,default,81,6,6,46.5,0,2,40.111111111111114,22.5,0,16,14,21,E1,6,15,0.0,0.0
mas_iterative,1650,default,81,6,6,46.0,0,2,39.55555555555556,22.0,0,16,14,21,E1,6,15,0.0,0.0
hungarian,1650,default,71,6,6,39.333333333333336,0,2,34.44444444444444,26.0,0,22,18,58,E1,6,15,0.0,0.0
no_coordination,1651,default,76,6,6,35.833333333333336,4,2,30.055555555555557,23.0,55,8,0,0,E1,6,15,0.0,0.0
claim,1651,default,76,6,6,35.833333333333336,4,2,30.055555555555557,23.0,55,8,10,10,E1,6,15,0.0,0.0
mas,1651,default,57,6,6,31.0,0,2,27.333333333333332,23.0,0,21,14,21,E1,6,15,0.0,0.0
mas_iterative,1651,default,57,6,6,30.666666666666668,0,2,27.0,23.0,0,21,14,21,E1,6,15,0.0,0.0
hungarian,1651,default,57,6,6,30.666666666666668,0,2,27.0,23.0,0,21,18,58,E1,6,15,0.0,0.0
no_coordination,1652,default,113,6,6,73.0,5,2,59.0,31.0,97,9,0,0,E1,6,15,0.0,0.0
claim,1652,default,113,6,6,73.0,4,2,59.0,31.0,97,16,10,10,E1,6,15,0.0,0.0
mas,1652,default,67,6,6,38.333333333333336,0,2,33.0,27.0,0,24,14,21,E1,6,15,0.0,0.0
mas_iterative,1652,default,67,6,6,38.0,0,2,32.625,27.0,0,24,16,24,E1,6,15,0.0,0.0
hungarian,1652,default,67,6,6,38.0,0,2,32.625,27.0,0,24,18,58,E1,6,15,0.0,0.0
no_coordination,1653,default,67,6,6,46.333333333333336,4,2,39.142857142857146,24.0,39,8,0,0,E1,6,15,0.0,0.0
claim,1653,default,71,6,6,44.666666666666664,1,2,38.285714285714285,24.0,25,23,7,7,E1,6,15,0.0,0.0
mas,1653,default,60,6,6,37.166666666666664,0,2,31.285714285714285,20.0,0,16,14,21,E1,6,15,0.0,0.0
mas_iterative,1653,default,59,6,6,36.666666666666664,0,2,30.857142857142858,20.0,0,14,14,21,E1,6,15,0.0,0.0
hungarian,1653,default,59,6,6,36.666666666666664,0,2,31.142857142857142,24.0,0,14,18,56,E1,6,15,0.0,0.0
no_coordination,1654,default,135,6,6,61.666666666666664,5,2,55.142857142857146,22.0,79,9,0,0,E1,6,15,0.0,0.0
claim,1654,default,91,6,6,46.666666666666664,0,2,42.42857142857143,22.0,0,30,6,6,E1,6,15,0.0,0.0
mas,1654,default,91,6,6,46.666666666666664,0,2,42.42857142857143,22.0,0,30,12,18,E1,6,15,0.0,0.0
mas_iterative,1654,default,91,6,6,46.666666666666664,0,2,42.42857142857143,22.0,0,30,12,18,E1,6,15,0.0,0.0
hungarian,1654,default,91,6,6,46.666666666666664,0,2,42.42857142857143,22.0,0,30,18,56,E1,6,15,0.0,0.0
no_coordination,1655,default,127,6,6,64.66666666666667,4,2,53.09090909090909,nan,109,8,0,0,E1,6,15,0.0,0.0
claim,1655,default,127,6,6,64.66666666666667,4,2,53.09090909090909,nan,109,8,10,10,E1,6,15,0.0,0.0
mas,1655,default,82,6,6,45.166666666666664,0,2,37.90909090909091,nan,0,22,14,21,E1,6,15,0.0,0.0
mas_iterative,1655,default,81,6,6,44.666666666666664,0,2,37.45454545454545,nan,0,20,14,21,E1,6,15,0.0,0.0
hungarian,1655,default,81,6,6,44.666666666666664,0,2,37.45454545454545,nan,0,20,18,56,E1,6,15,0.0,0.0
no_coordination,1656,default,81,6,6,46.5,4,2,41.5,nan,62,8,0,0,E1,6,15,0.0,0.0
claim,1656,default,63,6,6,42.333333333333336,1,2,38.833333333333336,nan,21,10,7,7,E1,6,15,0.0,0.0
mas,1656,default,56,6,6,35.833333333333336,0,2,32.916666666666664,nan,0,12,14,21,E1,6,15,0.0,0.0
mas_iterative,1656,default,55,6,6,35.333333333333336,0,2,32.5,nan,0,10,14,21,E1,6,15,0.0,0.0
hungarian,1656,default,55,6,6,35.333333333333336,0,2,32.5,nan,0,10,18,56,E1,6,15,0.0,0.0
no_coordination,1657,default,95,6,6,50.833333333333336,4,2,41.6875,20.0,76,8,0,0,E1,6,15,0.0,0.0
claim,1657,default,72,6,6,44.0,1,2,38.5625,20.0,21,14,7,7,E1,6,15,0.0,0.0
mas,1657,default,66,6,6,39.5,0,2,34.0625,20.0,0,14,14,21,E1,6,15,0.0,0.0
mas_iterative,1657,default,65,6,6,39.0,0,2,33.625,20.0,0,12,16,24,E1,6,15,0.0,0.0
hungarian,1657,default,65,6,6,39.0,0,2,33.625,20.0,0,12,18,58,E1,6,15,0.0,0.0
no_coordination,1658,default,139,6,6,65.33333333333333,5,2,46.857142857142854,22.0,118,9,0,0,E1,6,15,0.0,0.0
claim,1658,default,83,6,6,47.666666666666664,0,2,37.285714285714285,22.0,0,10,6,6,E1,6,15,0.0,0.0
mas,1658,default,83,6,6,47.666666666666664,0,2,37.285714285714285,22.0,0,10,12,18,E1,6,15,0.0,0.0
mas_iterative,1658,default,83,6,6,47.666666666666664,0,2,37.285714285714285,22.0,0,10,12,18,E1,6,15,0.0,0.0
hungarian,1658,default,83,6,6,47.666666666666664,0,2,37.285714285714285,22.0,0,10,18,56,E1,6,15,0.0,0.0
no_coordination,1659,default,105,6,6,72.16666666666667,4,2,64.3529411764706,38.0,90,8,0,0,E1,6,15,0.0,0.0
claim,1659,default,105,6,6,72.16666666666667,3,2,64.3529411764706,38.0,77,20,9,9,E1,6,15,0.0,0.0
mas,1659,default,71,6,6,44.166666666666664,0,2,39.88235294117647,24.5,0,18,14,21,E1,6,15,0.0,0.0
mas_iterative,1659,default,71,6,6,43.666666666666664,0,2,39.411764705882355,24.0,0,18,14,21,E1,6,15,0.0,0.0
hungarian,1659,default,71,6,6,43.666666666666664,0,2,39.411764705882355,24.0,0,18,18,56,E1,6,15,0.0,0.0
no_coordination,1660,default,113,6,6,53.666666666666664,4,2,43.86666666666667,nan,92,8,0,0,E1,6,15,0.0,0.0
claim,1660,default,113,6,6,53.666666666666664,4,2,43.86666666666667,nan,92,8,10,10,E1,6,15,0.0,0.0
mas,1660,default,72,6,6,41.333333333333336,0,2,36.0,nan,0,14,14,21,E1,6,15,0.0,0.0
mas_iterative,1660,default,71,6,6,41.0,0,2,35.733333333333334,nan,0,12,14,21,E1,6,15,0.0,0.0
hungarian,1660,default,71,6,6,41.0,0,2,35.733333333333334,nan,0,12,18,58,E1,6,15,0.0,0.0
no_coordination,1661,default,86,6,6,51.166666666666664,4,2,48.15,21.0,40,8,0,0,E1,6,15,0.0,0.0
claim,1661,default,81,6,6,43.333333333333336,0,2,41.1,21.0,0,26,6,6,E1,6,15,0.0,0.0
mas,1661,default,81,6,6,43.333333333333336,0,2,41.1,21.0,0,26,12,18,E1,6,15,0.0,0.0
mas_iterative,1661,default,81,6,6,43.333333333333336,0,2,41.1,21.0,0,26,12,18,E1,6,15,0.0,0.0
hungarian,1661,default,81,6,6,43.333333333333336,0,2,41.1,21.0,0,26,18,56,E1,6,15,0.0,0.0
no_coordination,1662,default,95,6,6,47.0,4,2,41.22222222222222,26.0,85,8,0,0,E1,6,15,0.0,0.0
claim,1662,default,75,6,6,42.0,1,2,37.888888888888886,26.0,23,27,7,7,E1,6,15,0.0,0.0
mas,1662,default,68,6,6,36.833333333333336,0,2,33.111111111111114,24.0,0,24,14,21,E1,6,15,0.0,0.0
mas_iterative,1662,default,67,6,6,36.333333333333336,0,2,32.666666666666664,24.0,0,22,14,21,E1,6,15,0.0,0.0
hungarian,1662,default,71,6,6,40.0,0,2,35.55555555555556,22.0,0,20,18,58,E1,6,15,0.0,0.0
no_coordination,1663,default,108,6,6,52.333333333333336,4,2,41.785714285714285,20.0,93,8,0,0,E1,6,15,0.0,0.0
claim,1663,default,77,6,6,45.0,1,2,38.42857142857143,20.0,21,13,7,7,E1,6,15,0.0,0.0
mas,1663,default,67,6,6,37.166666666666664,0,2,31.714285714285715,20.0,0,12,14,21,E1,6,15,0.0,0.0
mas_iterative,1663,default,67,6,6,36.666666666666664,0,2,31.285714285714285,20.0,0,12,16,24,E1,6,15,0.0,0.0
hungarian,1663,default,67,6,6,36.666666666666664,0,2,31.285714285714285,20.0,0,12,18,58,E1,6,15,0.0,0.0
no_coordination,1664,default,83,6,6,41.0,3,2,36.44444444444444,20.0,25,7,0,0,E1,6,15,0.0,0.0
claim,1664,default,63,6,6,37.666666666666664,1,2,34.22222222222222,20.0,4,7,7,7,E1,6,15,0.0,0.0
mas,1664,default,63,6,6,37.0,0,2,33.888888888888886,20.0,0,8,14,21,E1,6,15,0.0,0.0
mas_iterative,1664,default,63,6,6,36.666666666666664,0,2,33.666666666666664,20.0,0,8,14,21,E1,6,15,0.0,0.0
hungarian,1664,default,63,6,6,36.666666666666664,0,2,33.666666666666664,20.0,0,8,18,58,E1,6,15,0.0,0.0
no_coordination,1665,default,91,6,6,51.833333333333336,5,2,43.833333333333336,20.0,74,9,0,0,E1,6,15,0.0,0.0
claim,1665,default,72,6,6,44.5,1,2,39.75,20.0,21,20,7,7,E1,6,15,0.0,0.0
mas,1665,default,58,6,6,37.5,0,2,33.916666666666664,20.0,0,6,14,21,E1,6,15,0.0,0.0
mas_iterative,1665,default,57,6,6,37.0,0,2,33.5,20.0,0,4,14,21,E1,6,15,0.0,0.0
hungarian,1665,default,57,6,6,37.0,0,2,33.5,20.0,0,4,18,56,E1,6,15,0.0,0.0
no_coordination,1666,default,64,6,6,42.0,3,2,39.0,28.0,26,7,0,0,E1,6,15,0.0,0.0
claim,1666,default,65,6,6,36.0,0,2,33.4,28.0,0,25,6,6,E1,6,15,0.0,0.0
mas,1666,default,65,6,6,36.0,0,2,33.4,28.0,0,25,12,18,E1,6,15,0.0,0.0
mas_iterative,1666,default,65,6,6,36.0,0,2,33.4,28.0,0,25,12,18,E1,6,15,0.0,0.0
hungarian,1666,default,65,6,6,36.0,0,2,33.4,28.0,0,25,18,56,E1,6,15,0.0,0.0
no_coordination,1667,default,91,6,6,49.166666666666664,2,2,38.875,20.0,51,7,0,0,E1,6,15,0.0,0.0
claim,1667,default,90,6,6,49.0,1,2,38.8125,20.0,22,32,7,7,E1,6,15,0.0,0.0
mas,1667,default,71,6,6,42.666666666666664,0,2,35.25,20.0,0,12,14,21,E1,6,15,0.0,0.0
mas_iterative,1667,default,71,6,6,42.333333333333336,0,2,35.0,20.0,0,12,14,21,E1,6,15,0.0,0.0
hungarian,1667,default,71,6,6,42.333333333333336,0,2,35.0,20.0,0,12,18,58,E1,6,15,0.0,0.0
no_coordination,1668,default,111,6,6,67.66666666666667,5,2,58.54545454545455,nan,74,9,0,0,E1,6,15,0.0,0.0
claim,1668,default,93,6,6,63.333333333333336,2,2,56.18181818181818,nan,47,18,8,8,E1,6,15,0.0,0.0
mas,1668,default,66,6,6,40.833333333333336,0,2,35.54545454545455,nan,0,16,14,21,E1,6,15,0.0,0.0
mas_iterative,1668,default,65,6,6,40.333333333333336,0,2,35.09090909090909,nan,0,14,14,21,E1,6,15,0.0,0.0
hungarian,1668,default,65,6,6,40.333333333333336,0,2,35.09090909090909,nan,0,14,18,56,E1,6,15,0.0,0.0
no_coordination,1670,default,129,6,6,57.0,4,2,44.18181818181818,nan,108,8,0,0,E1,6,15,0.0,0.0
claim,1670,default,129,6,6,57.0,4,2,44.18181818181818,nan,108,8,10,10,E1,6,15,0.0,0.0
mas,1670,default,84,6,6,44.0,0,2,36.27272727272727,nan,0,22,14,21,E1,6,15,0.0,0.0
mas_iterative,1670,default,83,6,6,43.666666666666664,0,2,36.0,nan,0,20,14,21,E1,6,15,0.0,0.0
hungarian,1670,default,83,6,6,43.666666666666664,0,2,36.0,nan,0,20,18,58,E1,6,15,0.0,0.0
no_coordination,1671,default,126,6,6,69.66666666666667,5,2,57.857142857142854,24.0,109,9,0,0,E1,6,15,0.0,0.0
claim,1671,default,84,6,6,52.0,1,2,46.642857142857146,24.0,25,18,7,7,E1,6,15,0.0,0.0
mas,1671,default,66,6,6,39.833333333333336,0,2,34.0,20.0,0,14,14,21,E1,6,15,0.0,0.0
mas_iterative,1671,default,65,6,6,39.333333333333336,0,2,33.57142857142857,20.0,0,12,14,21,E1,6,15,0.0,0.0
hungarian,1671,default,65,6,6,39.333333333333336,0,2,33.57142857142857,20.0,0,12,18,56,E1,6,15,0.0,0.0
no_coordination,1672,default,101,6,6,52.666666666666664,4,2,43.125,22.0,76,8,0,0,E1,6,15,0.0,0.0
claim,1672,default,63,6,6,41.333333333333336,0,2,36.25,22.0,0,4,6,6,E1,6,15,0.0,0.0
mas,1672,default,63,6,6,41.333333333333336,0,2,36.25,22.0,0,4,12,18,E1,6,15,0.0,0.0
mas_iterative,1672,default,63,6,6,41.333333333333336,0,2,36.25,22.0,0,4,12,18,E1,6,15,0.0,0.0
hungarian,1672,default,63,6,6,41.333333333333336,0,2,36.25,22.0,0,4,18,56,E1,6,15,0.0,0.0
no_coordination,1673,default,113,6,6,54.833333333333336,4,2,46.8,nan,96,8,0,0,E1,6,15,0.0,0.0
claim,1673,default,81,6,6,48.333333333333336,1,2,42.9,nan,23,14,7,7,E1,6,15,0.0,0.0
mas,1673,default,69,6,6,38.5,0,2,37.3,nan,0,20,14,21,E1,6,15,0.0,0.0
mas_iterative,1673,default,69,6,6,38.0,0,2,36.8,nan,0,20,14,21,E1,6,15,0.0,0.0
hungarian,1673,default,69,6,6,38.0,0,2,36.8,nan,0,20,18,56,E1,6,15,0.0,0.0
no_coordination,1674,default,135,6,6,62.333333333333336,5,2,44.76923076923077,20.0,114,9,0,0,E1,6,15,0.0,0.0
claim,1674,default,97,6,6,47.333333333333336,0,2,36.76923076923077,20.0,0,42,6,6,E1,6,15,0.0,0.0
mas,1674,default,97,6,6,47.333333333333336,0,2,36.76923076923077,20.0,0,42,12,18,E1,6,15,0.0,0.0
mas_iterative,1674,default,97,6,6,47.333333333333336,0,2,36.76923076923077,20.0,0,42,12,18,E1,6,15,0.0,0.0
hungarian,1674,default,97,6,6,47.333333333333336,0,2,36.76923076923077,20.0,0,42,18,56,E1,6,15,0.0,0.0
no_coordination,1675,default,113,6,6,50.666666666666664,4,2,46.476190476190474,21.333333333333332,92,8,0,0,E1,6,15,0.0,0.0
claim,1675,default,113,6,6,50.666666666666664,4,2,46.476190476190474,21.333333333333332,92,8,10,10,E1,6,15,0.0,0.0
mas,1675,default,82,6,6,40.666666666666664,0,2,37.904761904761905,21.333333333333332,0,34,14,21,E1,6,15,0.0,0.0
mas_iterative,1675,default,81,6,6,40.333333333333336,0,2,37.61904761904762,21.333333333333332,0,32,14,21,E1,6,15,0.0,0.0
hungarian,1675,default,81,6,6,40.333333333333336,0,2,37.61904761904762,21.333333333333332,0,32,18,58,E1,6,15,0.0,0.0
no_coordination,1676,default,87,6,6,54.5,3,2,49.5625,26.0,32,7,0,0,E1,6,15,0.0,0.0
claim,1676,default,91,6,6,54.333333333333336,1,2,49.75,26.0,27,36,7,7,E1,6,15,0.0,0.0
mas,1676,default,72,6,6,37.5,0,2,34.0,20.0,0,36,14,21,E1,6,15,0.0,0.0
mas_iterative,1676,default,71,6,6,37.0,0,2,33.5,20.0,0,34,16,24,E1,6,15,0.0,0.0
hungarian,1676,default,71,6,6,37.0,0,2,33.5,20.0,0,34,18,58,E1,6,15,0.0,0.0
no_coordination,1677,default,110,6,6,53.166666666666664,4,2,46.9375,20.0,55,8,0,0,E1,6,15,0.0,0.0
claim,1677,default,82,6,6,47.666666666666664,1,2,42.8125,20.0,21,16,7,7,E1,6,15,0.0,0.0
mas,1677,default,77,6,6,42.333333333333336,0,2,37.8125,20.0,0,22,14,21,E1,6,15,0.0,0.0
mas_iterative,1677,default,77,6,6,42.0,0,2,37.5,20.0,0,22,14,21,E1,6,15,0.0,0.0
hungarian,1677,default,71,6,6,37.666666666666664,0,2,33.625,20.0,0,20,18,58,E1,6,15,0.0,0.0
no_coordination,1678,default,90,6,6,44.166666666666664,4,2,40.714285714285715,20.0,70,8,0,0,E1,6,15,0.0,0.0
claim,1678,default,90,6,6,44.166666666666664,4,2,40.714285714285715,20.0,70,8,10,10,E1,6,15,0.0,0.0
mas,1678,default,70,6,6,35.0,0,2,32.857142857142854,20.0,0,31,16,24,E1,6,15,0.0,0.0
mas_iterative,1678,default,69,6,6,34.333333333333336,0,2,32.285714285714285,20.0,0,29,14,21,E1,6,15,0.0,0.0
hungarian,1678,default,52,6,6,32.166666666666664,0,2,31.0,24.0,0,11,18,56,E1,6,15,0.0,0.0
no_coordination,1679,default,103,6,6,66.66666666666667,5,2,62.285714285714285,nan,75,9,0,0,E1,6,15,0.0,0.0
claim,1679,default,103,6,6,66.66666666666667,4,2,62.285714285714285,nan,75,16,10,10,E1,6,15,0.0,0.0
mas,1679,default,61,6,6,38.166666666666664,0,2,37.0,nan,0,14,14,21,E1,6,15,0.0,0.0
mas_iterative,1679,default,61,6,6,37.666666666666664,0,2,36.57142857142857,nan,0,14,14,21,E1,6,15,0.0,0.0
hungarian,1679,default,61,6,6,37.666666666666664,0,2,36.57142857142857,nan,0,14,18,56,E1,6,15,0.0,0.0
no_coordination,1680,default,117,6,6,70.0,6,2,56.42857142857143,22.0,117,10,0,0,E1,6,15,0.0,0.0
claim,1680,default,117,6,6,70.0,6,2,56.42857142857143,22.0,117,10,12,12,E1,6,15,0.0,0.0
mas,1680,default,70,6,6,38.833333333333336,0,2,32.92857142857143,22.0,0,30,14,21,E1,6,15,0.0,0.0
mas_iterative,1680,default,69,6,6,38.333333333333336,0,2,32.42857142857143,22.0,0,28,14,21,E1,6,15,0.0,0.0
hungarian,1680,default,69,6,6,38.333333333333336,0,2,32.42857142857143,22.0,0,28,18,56,E1,6,15,0.0,0.0
no_coordination,1681,default,80,6,6,48.333333333333336,4,2,42.0,22.0,44,8,0,0,E1,6,15,0.0,0.0
claim,1681,default,64,6,6,43.333333333333336,1,2,38.92857142857143,22.0,23,6,7,7,E1,6,15,0.0,0.0
mas,1681,default,58,6,6,34.166666666666664,0,2,29.571428571428573,20.0,0,18,14,21,E1,6,15,0.0,0.0
mas_iterative,1681,default,57,6,6,33.666666666666664,0,2,29.142857142857142,20.0,0,16,16,24,E1,6,15,0.0,0.0
hungarian,1681,default,57,6,6,33.666666666666664,0,2,29.142857142857142,20.0,0,16,18,58,E1,6,15,0.0,0.0
no_coordination,1682,default,119,6,6,53.333333333333336,4,2,41.68421052631579,22.666666666666668,98,8,0,0,E1,6,15,0.0,0.0
claim,1682,default,119,6,6,53.333333333333336,4,2,41.68421052631579,22.666666666666668,98,8,10,10,E1,6,15,0.0,0.0
mas,1682,default,78,6,6,41.666666666666664,0,2,34.94736842105263,22.666666666666668,0,20,14,21,E1,6,15,0.0,0.0
mas_iterative,1682,default,77,6,6,41.333333333333336,0,2,34.73684210526316,22.666666666666668,0,18,14,21,E1,6,15,0.0,0.0
hungarian,1682,default,77,6,6,41.333333333333336,0,2,34.73684210526316,22.666666666666668,0,18,18,58,E1,6,15,0.0,0.0
no_coordination,1683,default,129,6,6,61.333333333333336,4,2,45.88235294117647,28.666666666666668,71,8,0,0,E1,6,15,0.0,0.0
claim,1683,default,81,6,6,46.0,0,2,37.88235294117647,28.666666666666668,0,14,6,6,E1,6,15,0.0,0.0
mas,1683,default,81,6,6,46.0,0,2,37.88235294117647,28.666666666666668,0,14,12,18,E1,6,15,0.0,0.0
mas_iterative,1683,default,81,6,6,46.0,0,2,37.88235294117647,28.666666666666668,0,14,12,18,E1,6,15,0.0,0.0
hungarian,1683,default,81,6,6,46.0,0,2,37.88235294117647,28.666666666666668,0,14,18,56,E1,6,15,0.0,0.0
no_coordination,1684,default,98,6,6,55.333333333333336,5,2,44.23076923076923,20.0,75,9,0,0,E1,6,15,0.0,0.0
claim,1684,default,80,6,6,51.833333333333336,3,2,42.61538461538461,20.0,53,10,9,9,E1,6,15,0.0,0.0
mas,1684,default,57,6,6,32.5,0,2,29.53846153846154,20.0,0,16,14,21,E1,6,15,0.0,0.0
mas_iterative,1684,default,57,6,6,32.0,0,2,29.23076923076923,20.0,0,16,18,27,E1,6,15,0.0,0.0
hungarian,1684,default,57,6,6,32.0,0,2,29.23076923076923,20.0,0,16,18,60,E1,6,15,0.0,0.0
no_coordination,1685,default,111,6,6,50.0,4,2,39.285714285714285,20.0,90,8,0,0,E1,6,15,0.0,0.0
claim,1685,default,111,6,6,50.0,4,2,39.285714285714285,20.0,90,8,10,10,E1,6,15,0.0,0.0
mas,1685,default,67,6,6,39.0,0,2,33.07142857142857,20.0,0,6,14,21,E1,6,15,0.0,0.0
mas_iterative,1685,default,67,6,6,38.666666666666664,0,2,32.857142857142854,20.0,0,6,14,21,E1,6,15,0.0,0.0
hungarian,1685,default,67,6,6,38.666666666666664,0,2,32.857142857142854,20.0,0,6,18,58,E1,6,15,0.0,0.0
no_coordination,1686,default,103,6,6,46.666666666666664,4,2,39.0,nan,78,8,0,0,E1,6,15,0.0,0.0
claim,1686,default,69,6,6,38.666666666666664,0,2,34.166666666666664,nan,0,14,6,6,E1,6,15,0.0,0.0
mas,1686,default,69,6,6,38.666666666666664,0,2,34.166666666666664,nan,0,14,12,18,E1,6,15,0.0,0.0
mas_iterative,1686,default,69,6,6,38.666666666666664,0,2,34.166666666666664,nan,0,14,12,18,E1,6,15,0.0,0.0
hungarian,1686,default,69,6,6,38.666666666666664,0,2,34.166666666666664,nan,0,14,18,56,E1,6,15,0.0,0.0
no_coordination,1687,default,65,6,6,45.0,4,2,39.76470588235294,33.333333333333336,48,8,0,0,E1,6,15,0.0,0.0
claim,1687,default,57,6,6,41.333333333333336,1,2,37.88235294117647,33.333333333333336,23,9,7,7,E1,6,15,0.0,0.0
mas,1687,default,49,6,6,35.5,0,2,32.1764705882353,27.666666666666668,0,8,14,21,E1,6,15,0.0,0.0
mas_iterative,1687,default,49,6,6,35.0,0,2,31.764705882352942,27.333333333333332,0,8,14,21,E1,6,15,0.0,0.0
hungarian,1687,default,45,6,6,31.0,0,2,28.235294117647058,24.666666666666668,0,8,18,56,E1,6,15,0.0,0.0
no_coordination,1688,default,89,6,6,46.333333333333336,4,2,42.54545454545455,nan,71,8,0,0,E1,6,15,0.0,0.0
claim,1688,default,65,6,6,41.666666666666664,1,2,39.81818181818182,nan,21,7,7,7,E1,6,15,0.0,0.0
mas,1688,default,60,6,6,35.833333333333336,0,2,33.72727272727273,nan,0,14,14,21,E1,6,15,0.0,0.0
mas_iterative,1688,default,59,6,6,35.333333333333336,0,2,33.27272727272727,nan,0,12,14,21,E1,6,15,0.0,0.0
hungarian,1688,default,59,6,6,35.333333333333336,0,2,33.27272727272727,nan,0,12,18,56,E1,6,15,0.0,0.0
no_coordination,1689,default,83,6,6,44.166666666666664,4,2,37.0625,20.0,68,8,0,0,E1,6,15,0.0,0.0
claim,1689,default,67,6,6,40.333333333333336,1,2,35.1875,20.0,21,20,7,7,E1,6,15,0.0,0.0
mas,1689,default,69,6,6,38.0,0,2,32.75,20.0,0,28,14,21,E1,6,15,0.0,0.0
mas_iterative,1689,default,69,6,6,37.666666666666664,0,2,32.375,20.0,0,28,16,24,E1,6,15,0.0,0.0
hungarian,1689,default,69,6,6,37.666666666666664,0,2,32.375,20.0,0,28,20,59,E1,6,15,0.0,0.0
no_coordination,1690,default,77,6,6,43.5,2,2,40.0,nan,41,7,0,0,E1,6,15,0.0,0.0
claim,1690,default,76,6,6,43.333333333333336,1,2,39.86666666666667,nan,18,26,7,7,E1,6,15,0.0,0.0
mas,1690,default,61,6,6,38.333333333333336,0,2,35.86666666666667,nan,0,10,14,21,E1,6,15,0.0,0.0
mas_iterative,1690,default,61,6,6,38.0,0,2,35.6,nan,0,10,14,21,E1,6,15,0.0,0.0
hungarian,1690,default,61,6,6,38.0,0,2,35.6,nan,0,10,18,58,E1,6,15,0.0,0.0
no_coordination,1691,default,87,6,6,50.833333333333336,4,2,47.27777777777778,22.0,68,8,0,0,E1,6,15,0.0,0.0
claim,1691,default,69,6,6,46.0,1,2,43.44444444444444,22.0,23,14,7,7,E1,6,15,0.0,0.0
mas,1691,default,56,6,6,36.166666666666664,0,2,34.22222222222222,20.0,0,10,14,21,E1,6,15,0.0,0.0
mas_iterative,1691,default,55,6,6,35.666666666666664,0,2,33.77777777777778,20.0,0,8,16,24,E1,6,15,0.0,0.0
hungarian,1691,default,55,6,6,35.666666666666664,0,2,33.77777777777778,20.0,0,8,18,58,E1,6,15,0.0,0.0
no_coordination,1692,default,117,6,6,68.83333333333333,5,2,59.875,33.0,98,9,0,0,E1,6,15,0.0,0.0
claim,1692,default,110,6,6,67.66666666666667,3,2,59.0,33.0,63,28,9,9,E1,6,15,0.0,0.0
mas,1692,default,84,6,6,50.5,0,2,43.75,23.5,0,14,14,21,E1,6,15,0.0,0.0
mas_iterative,1692,default,83,6,6,50.0,0,2,43.25,23.0,0,12,14,21,E1,6,15,0.0,0.0
hungarian,1692,default,83,6,6,50.0,0,2,43.25,23.0,0,12,18,56,E1,6,15,0.0,0.0
no_coordination,1693,default,109,6,6,58.666666666666664,5,2,44.13333333333333,24.0,88,9,0,0,E1,6,15,0.0,0.0
claim,1693,default,79,6,6,44.0,0,2,35.86666666666667,24.0,0,32,6,6,E1,6,15,0.0,0.0
mas,1693,default,79,6,6,44.0,0,2,35.86666666666667,24.0,0,32,12,18,E1,6,15,0.0,0.0
mas_iterative,1693,default,79,6,6,44.0,0,2,35.86666666666667,24.0,0,32,12,18,E1,6,15,0.0,0.0
hungarian,1693,default,79,6,6,44.0,0,2,35.86666666666667,24.0,0,32,18,56,E1,6,15,0.0,0.0
no_coordination,1694,default,141,6,6,72.0,6,2,64.3157894736842,33.0,141,10,0,0,E1,6,15,0.0,0.0
claim,1694,default,141,6,6,72.0,6,2,64.3157894736842,33.0,141,10,12,12,E1,6,15,0.0,0.0
mas,1694,default,80,6,6,45.166666666666664,0,2,41.21052631578947,24.5,0,16,14,21,E1,6,15,0.0,0.0
mas_iterative,1694,default,79,6,6,44.666666666666664,0,2,40.73684210526316,24.0,0,14,14,21,E1,6,15,0.0,0.0
hungarian,1694,default,75,6,6,42.666666666666664,0,2,38.8421052631579,22.0,0,10,18,56,E1,6,15,0.0,0.0
no_coordination,1695,default,90,6,6,49.833333333333336,3,2,44.266666666666666,nan,42,7,0,0,E1,6,15,0.0,0.0
claim,1695,default,90,6,6,49.833333333333336,2,2,44.266666666666666,nan,42,23,8,8,E1,6,15,0.0,0.0
mas,1695,default,87,6,6,42.5,0,2,39.13333333333333,nan,0,44,14,21,E1,6,15,0.0,0.0
mas_iterative,1695,default,87,6,6,42.333333333333336,0,2,38.93333333333333,nan,0,44,16,24,E1,6,15,0.0,0.0
hungarian,1695,default,87,6,6,42.333333333333336,0,2,38.93333333333333,nan,0,44,20,61,E1,6,15,0.0,0.0
no_coordination,1696,default,101,6,6,53.5,5,2,47.166666666666664,28.0,92,9,0,0,E1,6,15,0.0,0.0
claim,1696,default,81,6,6,49.333333333333336,2,2,44.388888888888886,28.0,37,21,8,8,E1,6,15,0.0,0.0
mas,1696,default,72,6,6,41.166666666666664,0,2,36.833333333333336,23.5,0,22,14,21,E1,6,15,0.0,0.0
mas_iterative,1696,default,71,6,6,40.666666666666664,0,2,36.333333333333336,23.0,0,20,14,21,E1,6,15,0.0,0.0
hungarian,1696,default,71,6,6,40.666666666666664,0,2,36.333333333333336,23.0,0,20,18,56,E1,6,15,0.0,0.0
no_coordination,1698,default,127,6,6,57.0,4,2,44.142857142857146,20.0,106,8,0,0,E1,6,15,0.0,0.0
claim,1698,default,127,6,6,57.0,4,2,44.142857142857146,20.0,106,8,10,10,E1,6,15,0.0,0.0
mas,1698,default,80,6,6,43.666666666666664,0,2,36.07142857142857,20.0,0,16,14,21,E1,6,15,0.0,0.0
mas_iterative,1698,default,79,6,6,43.333333333333336,0,2,35.857142857142854,20.0,0,14,14,21,E1,6,15,0.0,0.0
hungarian,1698,default,79,6,6,43.333333333333336,0,2,35.857142857142854,20.0,0,14,18,58,E1,6,15,0.0,0.0
no_coordination,1699,default,71,6,6,34.666666666666664,4,2,30.77777777777778,20.0,50,8,0,0,E1,6,15,0.0,0.0
claim,1699,default,71,6,6,34.666666666666664,4,2,30.77777777777778,20.0,50,8,10,10,E1,6,15,0.0,0.0
mas,1699,default,61,6,6,30.833333333333332,0,2,28.055555555555557,20.0,0,34,14,21,E1,6,15,0.0,0.0
mas_iterative,1699,default,61,6,6,30.666666666666668,0,2,27.88888888888889,20.0,0,34,16,24,E1,6,15,0.0,0.0
hungarian,1699,default,61,6,6,30.666666666666668,0,2,27.88888888888889,20.0,0,34,20,61,E1,6,15,0.0,0.0
no_coordination,1700,default,111,6,6,61.333333333333336,5,2,52.93333333333333,nan,80,9,0,0,E1,6,15,0.0,0.0
claim,1700,default,77,6,6,52.666666666666664,1,2,48.13333333333333,nan,29,7,7,7,E1,6,15,0.0,0.0
mas,1700,default,58,6,6,35.833333333333336,0,2,34.0,nan,0,14,14,21,E1,6,15,0.0,0.0
mas_iterative,1700,default,57,6,6,35.333333333333336,0,2,33.6,nan,0,12,16,24,E1,6,15,0.0,0.0
hungarian,1700,default,57,6,6,35.333333333333336,0,2,33.6,nan,0,12,18,58,E1,6,15,0.0,0.0
no_coordination,1701,default,73,6,6,37.666666666666664,3,2,33.80952380952381,26.0,48,7,0,0,E1,6,15,0.0,0.0
claim,1701,default,73,6,6,37.666666666666664,3,2,33.80952380952381,26.0,48,7,9,9,E1,6,15,0.0,0.0
mas,1701,default,59,6,6,33.5,0,2,30.904761904761905,26.0,0,24,14,21,E1,6,15,0.0,0.0
mas_iterative,1701,default,59,6,6,33.333333333333336,0,2,30.761904761904763,26.0,0,24,14,21,E1,6,15,0.0,0.0
hungarian,1701,default,59,6,6,33.333333333333336,0,2,30.761904761904763,26.0,0,24,18,58,E1,6,15,0.0,0.0
no_coordination,1702,default,106,6,6,60.5,4,2,55.333333333333336,nan,55,8,0,0,E1,6,15,0.0,0.0
claim,1702,default,90,6,6,57.333333333333336,1,2,53.22222222222222,nan,35,26,7,7,E1,6,15,0.0,0.0
mas,1702,default,77,6,6,39.666666666666664,0,2,36.888888888888886,nan,0,30,14,21,E1,6,15,0.0,0.0
mas_iterative,1702,default,77,6,6,39.333333333333336,0,2,36.44444444444444,nan,0,30,14,21,E1,6,15,0.0,0.0
hungarian,1702,default,77,6,6,39.333333333333336,0,2,36.44444444444444,nan,0,30,18,56,E1,6,15,0.0,0.0
no_coordination,1703,default,98,6,6,51.0,3,2,43.111111111111114,nan,26,7,0,0,E1,6,15,0.0,0.0
claim,1703,default,95,6,6,50.5,1,2,42.77777777777778,nan,22,34,7,7,E1,6,15,0.0,0.0
mas,1703,default,75,6,6,44.666666666666664,0,2,38.888888888888886,nan,0,8,14,21,E1,6,15,0.0,0.0
mas_iterative,1703,default,75,6,6,44.333333333333336,0,2,38.666666666666664,nan,0,8,14,21,E1,6,15,0.0,0.0
hungarian,1703,default,75,6,6,44.333333333333336,0,2,38.666666666666664,nan,0,8,18,58,E1,6,15,0.0,0.0
no_coordination,1704,default,87,6,6,42.666666666666664,4,2,41.1,27.0,66,8,0,0,E1,6,15,0.0,0.0
claim,1704,default,87,6,6,42.666666666666664,4,2,41.1,27.0,66,8,10,10,E1,6,15,0.0,0.0
mas,1704,default,65,6,6,34.666666666666664,0,2,33.9,27.0,0,26,14,21,E1,6,15,0.0,0.0
mas_iterative,1704,default,65,6,6,34.333333333333336,0,2,33.6,27.0,0,26,14,21,E1,6,15,0.0,0.0
hungarian,1704,default,65,6,6,34.333333333333336,0,2,33.6,27.0,0,26,18,58,E1,6,15,0.0,0.0
no_coordination,1706,default,84,6,6,46.166666666666664,4,2,37.86666666666667,21.0,36,8,0,0,E1,6,15,0.0,0.0
claim,1706,default,73,6,6,38.0,0,2,33.46666666666667,21.0,0,24,6,6,E1,6,15,0.0,0.0
mas,1706,default,73,6,6,38.0,0,2,33.46666666666667,21.0,0,24,12,18,E1,6,15,0.0,0.0
mas_iterative,1706,default,73,6,6,38.0,0,2,33.46666666666667,21.0,0,24,12,18,E1,6,15,0.0,0.0
hungarian,1706,default,73,6,6,38.0,0,2,33.46666666666667,21.0,0,24,18,56,E1,6,15,0.0,0.0
no_coordination,1707,default,131,6,6,80.0,5,2,66.8,nan,88,9,0,0,E1,6,15,0.0,0.0
claim,1707,default,125,6,6,79.0,3,2,66.2,nan,81,33,9,9,E1,6,15,0.0,0.0
mas,1707,default,81,6,6,44.5,0,2,37.8,nan,0,24,14,21,E1,6,15,0.0,0.0
mas_iterative,1707,default,81,6,6,44.0,0,2,37.4,nan,0,24,14,21,E1,6,15,0.0,0.0
hungarian,1707,default,81,6,6,44.0,0,2,37.4,nan,0,24,18,56,E1,6,15,0.0,0.0
no_coordination,1708,default,103,6,6,59.0,4,2,51.46666666666667,nan,80,8,0,0,E1,6,15,0.0,0.0
claim,1708,default,67,6,6,44.0,0,2,40.13333333333333,nan,0,12,6,6,E1,6,15,0.0,0.0
mas,1708,default,67,6,6,44.0,0,2,40.13333333333333,nan,0,12,12,18,E1,6,15,0.0,0.0
mas_iterative,1708,default,67,6,6,44.0,0,2,40.13333333333333,nan,0,12,12,18,E1,6,15,0.0,0.0
hungarian,1708,default,67,6,6,44.0,0,2,40.13333333333333,nan,0,12,18,56,E1,6,15,0.0,0.0
no_coordination,1709,default,95,6,6,44.5,4,2,36.06666666666667,nan,52,8,0,0,E1,6,15,0.0,0.0
claim,1709,default,61,6,6,35.5,0,2,31.266666666666666,nan,0,9,6,6,E1,6,15,0.0,0.0
mas,1709,default,61,6,6,35.5,0,2,31.266666666666666,nan,0,9,12,18,E1,6,15,0.0,0.0
mas_iterative,1709,default,61,6,6,35.5,0,2,31.266666666666666,nan,0,9,12,18,E1,6,15,0.0,0.0
hungarian,1709,default,61,6,6,35.5,0,2,31.266666666666666,nan,0,9,18,56,E1,6,15,0.0,0.0
no_coordination,1710,default,105,6,6,56.0,5,2,48.875,20.0,72,9,0,0,E1,6,15,0.0,0.0
claim,1710,default,77,6,6,46.666666666666664,1,2,41.875,20.0,21,21,7,7,E1,6,15,0.0,0.0
mas,1710,default,72,6,6,41.166666666666664,0,2,38.4375,20.0,0,22,14,21,E1,6,15,0.0,0.0
mas_iterative,1710,default,71,6,6,40.666666666666664,0,2,38.0,20.0,0,20,16,24,E1,6,15,0.0,0.0
hungarian,1710,default,71,6,6,40.666666666666664,0,2,38.0,20.0,0,20,18,58,E1,6,15,0.0,0.0
no_coordination,1711,default,65,6,6,34.333333333333336,3,2,31.142857142857142,nan,14,7,0,0,E1,6,15,0.0,0.0
claim,1711,default,65,6,6,34.333333333333336,2,2,31.142857142857142,nan,14,28,8,8,E1,6,15,0.0,0.0
mas,1711,default,64,6,6,32.0,0,2,29.714285714285715,nan,0,34,14,21,E1,6,15,0.0,0.0
mas_iterative,1711,default,63,6,6,31.666666666666668,0,2,29.428571428571427,nan,0,32,14,21,E1,6,15,0.0,0.0
hungarian,1711,default,63,6,6,31.666666666666668,0,2,29.428571428571427,nan,0,32,18,58,E1,6,15,0.0,0.0
no_coordination,1712,default,74,6,6,37.666666666666664,4,2,36.0,nan,53,8,0,0,E1,6,15,0.0,0.0
claim,1712,default,74,6,6,37.666666666666664,4,2,36.0,nan,53,8,10,10,E1,6,15,0.0,0.0
mas,1712,default,58,6,6,31.5,0,2,30.733333333333334,nan,0,25,14,21,E1,6,15,0.0,0.0
mas_iterative,1712,default,58,6,6,31.333333333333332,0,2,30.533333333333335,nan,0,25,14,21,E1,6,15,0.0,0.0
hungarian,1712,default,58,6,6,31.333333333333332,0,2,30.533333333333335,nan,0,25,18,58,E1,6,15,0.0,0.0
no_coordination,1713,default,93,6,6,45.333333333333336,4,2,41.666666666666664,26.0,72,8,0,0,E1,6,15,0.0,0.0
claim,1713,default,93,6,6,45.333333333333336,4,2,41.666666666666664,26.0,72,8,10,10,E1,6,15,0.0,0.0
mas,1713,default,62,6,6,36.333333333333336,0,2,34.388888888888886,26.0,0,14,14,21,E1,6,15,0.0,0.0
mas_iterative,1713,default,61,6,6,36.0,0,2,34.111111111111114,26.0,0,12,14,21,E1,6,15,0.0,0.0
hungarian,1713,default,61,6,6,36.0,0,2,34.111111111111114,26.0,0,12,18,58,E1,6,15,0.0,0.0
no_coordination,1714,default,131,6,6,63.666666666666664,5,2,54.0,26.0,86,9,0,0,E1,6,15,0.0,0.0
claim,1714,default,95,6,6,52.0,1,2,45.888888888888886,26.0,21,31,7,7,E1,6,15,0.0,0.0
mas,1714,default,86,6,6,50.166666666666664,0,2,43.611111111111114,21.5,0,14,14,21,E1,6,15,0.0,0.0
mas_iterative,1714,default,85,6,6,49.666666666666664,0,2,43.111111111111114,21.0,0,12,14,21,E1,6,15,0.0,0.0
hungarian,1714,default,85,6,6,49.666666666666664,0,2,43.111111111111114,21.0,0,12,18,56,E1,6,15,0.0,0.0
no_coordination,1715,default,81,6,6,51.166666666666664,5,2,44.92307692307692,nan,68,9,0,0,E1,6,15,0.0,0.0
claim,1715,default,74,6,6,50.0,3,2,44.38461538461539,nan,49,12,9,9,E1,6,15,0.0,0.0
mas,1715,default,53,6,6,35.5,0,2,32.69230769230769,nan,0,6,14,21,E1,6,15,0.0,0.0
mas_iterative,1715,default,53,6,6,35.0,0,2,32.30769230769231,nan,0,6,16,24,E1,6,15,0.0,0.0
hungarian,1715,default,53,6,6,35.0,0,2,32.30769230769231,nan,0,6,18,58,E1,6,15,0.0,0.0
no_coordination,1716,default,131,6,6,66.33333333333333,5,2,50.76923076923077,20.0,82,9,0,0,E1,6,15,0.0,0.0
claim,1716,default,101,6,6,60.333333333333336,2,2,48.0,20.0,45,22,8,8,E1,6,15,0.0,0.0
mas,1716,default,92,6,6,46.833333333333336,0,2,36.92307692307692,20.0,0,36,14,21,E1,6,15,0.0,0.0
mas_iterative,1716,default,91,6,6,46.333333333333336,0,2,36.46153846153846,20.0,0,34,14,21,E1,6,15,0.0,0.0
hungarian,1716,default,91,6,6,46.333333333333336,0,2,36.46153846153846,20.0,0,34,18,56,E1,6,15,0.0,0.0
no_coordination,1717,default,81,6,6,47.666666666666664,3,2,42.588235294117645,20.0,42,7,0,0,E1,6,15,0.0,0.0
claim,1717,default,81,6,6,47.666666666666664,2,2,42.588235294117645,20.0,36,12,8,8,E1,6,15,0.0,0.0
mas,1717,default,70,6,6,41.0,0,2,37.0,20.0,0,14,14,21,E1,6,15,0.0,0.0
mas_iterative,1717,default,69,6,6,40.666666666666664,0,2,36.705882352941174,20.0,0,12,14,21,E1,6,15,0.0,0.0
hungarian,1717,default,69,6,6,40.666666666666664,0,2,36.705882352941174,20.0,0,12,18,58,E1,6,15,0.0,0.0
no_coordination,1718,default,138,6,6,69.66666666666667,5,2,58.38461538461539,nan,101,9,0,0,E1,6,15,0.0,0.0
claim,1718,default,95,6,6,56.666666666666664,1,2,49.69230769230769,nan,25,20,7,7,E1,6,15,0.0,0.0
mas,1718,default,73,6,6,43.5,0,2,38.69230769230769,nan,0,6,14,21,E1,6,15,0.0,0.0
mas_iterative,1718,default,73,6,6,43.0,0,2,38.30769230769231,nan,0,6,16,24,E1,6,15,0.0,0.0
hungarian,1718,default,73,6,6,43.0,0,2,38.30769230769231,nan,0,6,18,58,E1,6,15,0.0,0.0
no_coordination,1719,default,93,6,6,43.666666666666664,4,2,40.8235294117647,nan,43,8,0,0,E1,6,15,0.0,0.0
claim,1719,default,63,6,6,36.0,0,2,34.470588235294116,nan,0,14,6,6,E1,6,15,0.0,0.0
mas,1719,default,63,6,6,36.0,0,2,34.470588235294116,nan,0,14,12,18,E1,6,15,0.0,0.0
mas_iterative,1719,default,63,6,6,36.0,0,2,34.470588235294116,nan,0,14,12,18,E1,6,15,0.0,0.0
hungarian,1719,default,63,6,6,36.0,0,2,34.470588235294116,nan,0,14,18,56,E1,6,15,0.0,0.0
no_coordination,1720,default,78,6,6,51.666666666666664,5,2,49.125,nan,59,9,0,0,E1,6,15,0.0,0.0
claim,1720,default,63,6,6,46.0,1,2,44.5625,nan,29,14,7,7,E1,6,15,0.0,0.0
mas,1720,default,48,6,6,32.833333333333336,0,2,31.5,nan,0,12,14,21,E1,6,15,0.0,0.0
mas_iterative,1720,default,47,6,6,32.333333333333336,0,2,31.0,nan,0,10,14,21,E1,6,15,0.0,0.0
hungarian,1720,default,47,6,6,32.333333333333336,0,2,31.0,nan,0,10,18,56,E1,6,15,0.0,0.0
no_coordination,1721,default,86,6,6,47.833333333333336,4,2,39.266666666666666,24.0,61,8,0,0,E1,6,15,0.0,0.0
claim,1721,default,56,6,6,38.166666666666664,0,2,33.6,24.0,0,5,6,6,E1,6,15,0.0,0.0
mas,1721,default,56,6,6,38.166666666666664,0,2,33.6,24.0,0,5,12,18,E1,6,15,0.0,0.0
mas_iterative,1721,default,56,6,6,38.166666666666664,0,2,33.6,24.0,0,5,12,18,E1,6,15,0.0,0.0
hungarian,1721,default,56,6,6,38.166666666666664,0,2,33.6,24.0,0,5,18,56,E1,6,15,0.0,0.0
no_coordination,1722,default,153,6,6,81.66666666666667,6,2,65.41176470588235,33.0,153,10,0,0,E1,6,15,0.0,0.0
claim,1722,default,153,6,6,81.66666666666667,6,2,65.41176470588235,33.0,153,10,12,12,E1,6,15,0.0,0.0
mas,1722,default,80,6,6,43.166666666666664,0,2,35.8235294117647,25.0,0,24,14,21,E1,6,15,0.0,0.0
mas_iterative,1722,default,79,6,6,42.666666666666664,0,2,35.411764705882355,25.0,0,22,14,21,E1,6,15,0.0,0.0
hungarian,1722,default,79,6,6,42.666666666666664,0,2,35.411764705882355,25.0,0,22,18,56,E1,6,15,0.0,0.0
no_coordination,1723,default,87,6,6,50.5,3,2,39.666666666666664,20.0,37,7,0,0,E1,6,15,0.0,0.0
claim,1723,default,82,6,6,43.5,0,2,35.083333333333336,20.0,0,25,6,6,E1,6,15,0.0,0.0
mas,1723,default,82,6,6,43.5,0,2,35.083333333333336,20.0,0,25,12,18,E1,6,15,0.0,0.0
mas_iterative,1723,default,82,6,6,43.5,0,2,35.083333333333336,20.0,0,25,12,18,E1,6,15,0.0,0.0
hungarian,1723,default,82,6,6,43.5,0,2,35.083333333333336,20.0,0,25,18,56,E1,6,15,0.0,0.0
no_coordination,1724,default,127,6,6,60.0,4,2,52.0,20.0,67,8,0,0,E1,6,15,0.0,0.0
claim,1724,default,81,6,6,46.333333333333336,0,2,41.411764705882355,20.0,0,14,6,6,E1,6,15,0.0,0.0
mas,1724,default,81,6,6,46.333333333333336,0,2,41.411764705882355,20.0,0,14,12,18,E1,6,15,0.0,0.0
mas_iterative,1724,default,81,6,6,46.333333333333336,0,2,41.411764705882355,20.0,0,14,12,18,E1,6,15,0.0,0.0
hungarian,1724,default,81,6,6,46.333333333333336,0,2,41.411764705882355,20.0,0,14,18,56,E1,6,15,0.0,0.0
no_coordination,1725,default,113,6,6,72.33333333333333,5,2,62.714285714285715,34.0,80,9,0,0,E1,6,15,0.0,0.0
claim,1725,default,101,6,6,70.33333333333333,3,2,61.857142857142854,34.0,67,17,9,9,E1,6,15,0.0,0.0
mas,1725,default,63,6,6,37.166666666666664,0,2,32.285714285714285,20.0,0,12,14,21,E1,6,15,0.0,0.0
mas_iterative,1725,default,63,6,6,36.666666666666664,0,2,31.857142857142858,20.0,0,12,18,27,E1,6,15,0.0,0.0
hungarian,1725,default,63,6,6,36.666666666666664,0,2,31.857142857142858,20.0,0,12,18,60,E1,6,15,0.0,0.0
no_coordination,1726,default,110,6,6,47.333333333333336,4,2,38.61538461538461,nan,89,8,0,0,E1,6,15,0.0,0.0
claim,1726,default,110,6,6,47.333333333333336,4,2,38.61538461538461,nan,89,8,10,10,E1,6,15,0.0,0.0
mas,1726,default,78,6,6,38.666666666666664,0,2,33.07692307692308,nan,0,29,14,21,E1,6,15,0.0,0.0
mas_iterative,1726,default,77,6,6,38.333333333333336,0,2,32.84615384615385,nan,0,27,14,21,E1,6,15,0.0,0.0
hungarian,1726,default,77,6,6,38.333333333333336,0,2,32.84615384615385,nan,0,27,18,58,E1,6,15,0.0,0.0
no_coordination,1727,default,109,6,6,50.666666666666664,4,2,43.9,24.666666666666668,88,8,0,0,E1,6,15,0.0,0.0
claim,1727,default,109,6,6,50.666666666666664,4,2,43.9,24.666666666666668,88,8,10,10,E1,6,15,0.0,0.0
mas,1727,default,66,6,6,39.0,0,2,35.6,24.666666666666668,0,6,14,21,E1,6,15,0.0,0.0
mas_iterative,1727,default,65,6,6,38.666666666666664,0,2,35.3,24.666666666666668,0,4,14,21,E1,6,15,0.0,0.0
hungarian,1727,default,65,6,6,38.666666666666664,0,2,35.3,24.666666666666668,0,4,18,58,E1,6,15,0.0,0.0
no_coordination,1728,default,113,6,6,74.66666666666667,5,2,61.333333333333336,36.0,86,9,0,0,E1,6,15,0.0,0.0
claim,1728,default,105,6,6,73.33333333333333,3,2,60.666666666666664,36.0,77,21,9,9,E1,6,15,0.0,0.0
mas,1728,default,68,6,6,43.0,0,2,35.666666666666664,21.0,0,15,14,21,E1,6,15,0.0,0.0
mas_iterative,1728,default,68,6,6,42.5,0,2,35.25,21.0,0,15,14,21,E1,6,15,0.0,0.0
hungarian,1728,default,68,6,6,42.5,0,2,35.25,21.0,0,15,18,56,E1,6,15,0.0,0.0
no_coordination,1729,default,123,6,6,60.333333333333336,4,2,46.0,26.0,71,8,0,0,E1,6,15,0.0,0.0
claim,1729,default,87,6,6,46.333333333333336,0,2,37.888888888888886,26.0,0,32,6,6,E1,6,15,0.0,0.0
mas,1729,default,87,6,6,46.333333333333336,0,2,37.888888888888886,26.0,0,32,12,18,E1,6,15,0.0,0.0
mas_iterative,1729,default,87,6,6,46.333333333333336,0,2,37.888888888888886,26.0,0,32,12,18,E1,6,15,0.0,0.0
hungarian,1729,default,87,6,6,46.333333333333336,0,2,37.888888888888886,26.0,0,32,18,56,E1,6,15,0.0,0.0
no_coordination,1730,default,101,6,6,48.333333333333336,3,2,39.125,20.0,60,7,0,0,E1,6,15,0.0,0.0
claim,1730,default,87,6,6,46.0,1,2,38.25,20.0,12,25,7,7,E1,6,15,0.0,0.0
mas,1730,default,90,6,6,45.666666666666664,0,2,37.125,20.0,0,36,14,21,E1,6,15,0.0,0.0
mas_iterative,1730,default,89,6,6,45.333333333333336,0,2,36.875,20.0,0,34,14,21,E1,6,15,0.0,0.0
hungarian,1730,default,89,6,6,45.333333333333336,0,2,36.875,20.0,0,34,18,58,E1,6,15,0.0,0.0
no_coordination,1731,default,93,6,6,49.666666666666664,3,2,40.285714285714285,20.0,19,7,0,0,E1,6,15,0.0,0.0
claim,1731,default,91,6,6,49.333333333333336,1,2,40.142857142857146,20.0,16,29,7,7,E1,6,15,0.0,0.0
mas,1731,default,76,6,6,45.333333333333336,0,2,37.785714285714285,20.0,0,8,14,21,E1,6,15,0.0,0.0
mas_iterative,1731,default,75,6,6,45.0,0,2,37.57142857142857,20.0,0,6,14,21,E1,6,15,0.0,0.0
hungarian,1731,default,75,6,6,45.0,0,2,37.57142857142857,20.0,0,6,18,58,E1,6,15,0.0,0.0
no_coordination,1732,default,121,6,6,61.333333333333336,5,2,48.25,21.0,100,9,0,0,E1,6,15,0.0,0.0
claim,1732,default,81,6,6,45.666666666666664,1,2,38.25,21.0,20,5,7,7,E1,6,15,0.0,0.0
mas,1732,default,81,6,6,45.666666666666664,0,2,38.25,21.0,0,24,14,21,E1,6,15,0.0,0.0
mas_iterative,1732,default,81,6,6,45.666666666666664,0,2,38.25,21.0,0,24,14,21,E1,6,15,0.0,0.0
hungarian,1732,default,81,6,6,45.666666666666664,0,2,38.25,21.0,0,24,20,59,E1,6,15,0.0,0.0
no_coordination,1733,default,106,6,6,45.0,4,2,36.470588235294116,20.0,85,8,0,0,E1,6,15,0.0,0.0
claim,1733,default,106,6,6,45.0,4,2,36.470588235294116,20.0,85,8,10,10,E1,6,15,0.0,0.0
mas,1733,default,68,6,6,36.666666666666664,0,2,32.11764705882353,20.0,0,13,14,21,E1,6,15,0.0,0.0
mas_iterative,1733,default,67,6,6,36.333333333333336,0,2,31.88235294117647,20.0,0,11,14,21,E1,6,15,0.0,0.0
hungarian,1733,default,67,6,6,36.333333333333336,0,2,31.88235294117647,20.0,0,11,18,58,E1,6,15,0.0,0.0
no_coordination,1734,default,77,6,6,50.0,3,2,43.42857142857143,28.0,57,7,0,0,E1,6,15,0.0,0.0
claim,1734,default,77,6,6,50.0,3,2,43.42857142857143,28.0,57,7,9,9,E1,6,15,0.0,0.0
mas,1734,default,50,6,6,33.833333333333336,0,2,29.285714285714285,20.0,0,10,14,21,E1,6,15,0.0,0.0
mas_iterative,1734,default,49,6,6,33.333333333333336,0,2,28.857142857142858,20.0,0,8,16,24,E1,6,15,0.0,0.0
hungarian,1734,default,49,6,6,33.333333333333336,0,2,28.857142857142858,20.0,0,8,18,58,E1,6,15,0.0,0.0
no_coordination,1735,default,117,6,6,74.5,5,2,62.714285714285715,26.0,96,9,0,0,E1,6,15,0.0,0.0
claim,1735,default,112,6,6,73.66666666666667,3,2,62.357142857142854,26.0,71,22,9,9,E1,6,15,0.0,0.0
mas,1735,default,75,6,6,46.166666666666664,0,2,39.142857142857146,20.0,0,10,14,21,E1,6,15,0.0,0.0
mas_iterative,1735,default,75,6,6,45.666666666666664,0,2,38.714285714285715,20.0,0,10,14,21,E1,6,15,0.0,0.0
hungarian,1735,default,75,6,6,45.666666666666664,0,2,38.714285714285715,20.0,0,10,18,56,E1,6,15,0.0,0.0
no_coordination,1736,default,133,6,6,63.333333333333336,4,2,46.625,20.0,112,8,0,0,E1,6,15,0.0,0.0
claim,1736,default,133,6,6,63.333333333333336,4,2,46.625,20.0,112,8,10,10,E1,6,15,0.0,0.0
mas,1736,default,78,6,6,46.666666666666664,0,2,37.5625,20.0,0,6,14,21,E1,6,15,0.0,0.0
mas_iterative,1736,default,77,6,6,46.333333333333336,0,2,37.375,20.0,0,4,14,21,E1,6,15,0.0,0.0
hungarian,1736,default,77,6,6,46.333333333333336,0,2,37.375,20.0,0,4,18,58,E1,6,15,0.0,0.0
no_coordination,1737,default,134,6,6,66.0,4,2,50.833333333333336,nan,77,9,0,0,E1,6,15,0.0,0.0
claim,1737,default,99,6,6,57.0,1,2,46.333333333333336,nan,23,26,7,7,E1,6,15,0.0,0.0
mas,1737,default,85,6,6,49.5,0,2,40.25,nan,0,12,14,21,E1,6,15,0.0,0.0
mas_iterative,1737,default,85,6,6,49.0,0,2,39.833333333333336,nan,0,12,14,21,E1,6,15,0.0,0.0
hungarian,1737,default,85,6,6,49.0,0,2,39.833333333333336,nan,0,12,18,56,E1,6,15,0.0,0.0
no_coordination,1738,default,103,6,6,55.5,4,2,46.642857142857146,nan,62,8,0,0,E1,6,15,0.0,0.0
claim,1738,default,69,6,6,40.833333333333336,0,2,36.5,nan,0,17,6,6,E1,6,15,0.0,0.0
mas,1738,default,69,6,6,40.833333333333336,0,2,36.5,nan,0,17,12,18,E1,6,15,0.0,0.0
mas_iterative,1738,default,69,6,6,40.833333333333336,0,2,36.5,nan,0,17,12,18,E1,6,15,0.0,0.0
hungarian,1738,default,69,6,6,40.833333333333336,0,2,36.5,nan,0,17,18,56,E1,6,15,0.0,0.0
no_coordination,1739,default,71,6,6,45.0,3,2,37.125,20.0,33,7,0,0,E1,6,15,0.0,0.0
claim,1739,default,63,6,6,43.666666666666664,1,2,36.625,20.0,24,5,7,7,E1,6,15,0.0,0.0
mas,1739,default,58,6,6,37.333333333333336,0,2,32.5,20.0,0,10,14,21,E1,6,15,0.0,0.0
mas_iterative,1739,default,57,6,6,37.0,0,2,32.25,20.0,0,8,14,21,E1,6,15,0.0,0.0
hungarian,1739,default,57,6,6,37.0,0,2,32.25,20.0,0,8,18,58,E1,6,15,0.0,0.0
no_coordination,1740,default,109,6,6,60.333333333333336,6,2,48.0,28.0,109,10,0,0,E1,6,15,0.0,0.0
claim,1740,default,109,6,6,60.333333333333336,6,2,48.0,28.0,109,10,12,12,E1,6,15,0.0,0.0
mas,1740,default,64,6,6,37.5,0,2,30.8125,20.5,0,18,14,21,E1,6,15,0.0,0.0
mas_iterative,1740,default,63,6,6,37.0,0,2,30.375,20.0,0,16,16,24,E1,6,15,0.0,0.0
hungarian,1740,default,63,6,6,37.0,0,2,30.375,20.0,0,16,18,58,E1,6,15,0.0,0.0
no_coordination,1741,default,82,6,6,51.833333333333336,5,2,42.77777777777778,nan,59,9,0,0,E1,6,15,0.0,0.0
claim,1741,default,82,6,6,51.833333333333336,4,2,42.77777777777778,nan,59,15,10,10,E1,6,15,0.0,0.0
mas,1741,default,70,6,6,38.833333333333336,0,2,33.333333333333336,nan,0,28,14,21,E1,6,15,0.0,0.0
mas_iterative,1741,default,69,6,6,38.333333333333336,0,2,32.888888888888886,nan,0,26,14,21,E1,6,15,0.0,0.0
hungarian,1741,default,69,6,6,38.333333333333336,0,2,32.888888888888886,nan,0,26,18,56,E1,6,15,0.0,0.0
no_coordination,1742,default,120,6,6,66.33333333333333,5,2,55.4375,26.0,87,9,0,0,E1,6,15,0.0,0.0
claim,1742,default,89,6,6,54.666666666666664,1,2,47.9375,26.0,27,26,7,7,E1,6,15,0.0,0.0
mas,1742,default,74,6,6,40.5,0,2,34.5625,20.0,0,28,14,21,E1,6,15,0.0,0.0
mas_iterative,1742,default,73,6,6,40.0,0,2,34.125,20.0,0,26,16,24,E1,6,15,0.0,0.0
hungarian,1742,default,73,6,6,40.0,0,2,34.125,20.0,0,26,18,58,E1,6,15,0.0,0.0
no_coordination,1743,default,132,6,6,73.33333333333333,5,2,59.3,28.0,113,9,0,0,E1,6,15,0.0,0.0
claim,1743,default,127,6,6,72.5,3,2,58.8,28.0,70,40,9,9,E1,6,15,0.0,0.0
mas,1743,default,80,6,6,41.5,0,2,36.8,20.0,0,25,14,21,E1,6,15,0.0,0.0
mas_iterative,1743,default,80,6,6,41.166666666666664,0,2,36.5,20.0,0,25,16,24,E1,6,15,0.0,0.0
hungarian,1743,default,86,6,6,43.833333333333336,0,2,36.7,28.0,0,29,18,56,E1,6,15,0.0,0.0
no_coordination,1744,default,95,6,6,62.166666666666664,5,2,54.733333333333334,34.0,80,9,0,0,E1,6,15,0.0,0.0
claim,1744,default,73,6,6,56.166666666666664,1,2,51.46666666666667,34.0,35,6,7,7,E1,6,15,0.0,0.0
mas,1744,default,55,6,6,36.5,0,2,32.46666666666667,20.0,0,8,14,21,E1,6,15,0.0,0.0
mas_iterative,1744,default,55,6,6,36.0,0,2,32.0,20.0,0,8,16,24,E1,6,15,0.0,0.0
hungarian,1744,default,55,6,6,36.0,0,2,32.0,20.0,0,8,18,58,E1,6,15,0.0,0.0
no_coordination,1745,default,69,6,6,36.0,3,2,32.0,nan,13,7,0,0,E1,6,15,0.0,0.0
claim,1745,default,65,6,6,35.333333333333336,1,2,31.666666666666668,nan,8,27,7,7,E1,6,15,0.0,0.0
mas,1745,default,58,6,6,33.333333333333336,0,2,30.25,nan,0,18,14,21,E1,6,15,0.0,0.0
mas_iterative,1745,default,57,6,6,33.0,0,2,30.0,nan,0,16,14,21,E1,6,15,0.0,0.0
hungarian,1745,default,57,6,6,33.0,0,2,30.0,nan,0,16,18,58,E1,6,15,0.0,0.0
no_coordination,1746,default,77,6,6,51.0,3,2,44.857142857142854,nan,39,7,0,0,E1,6,15,0.0,0.0
claim,1746,default,73,6,6,50.0,1,2,44.42857142857143,nan,32,7,7,7,E1,6,15,0.0,0.0
mas,1746,default,57,6,6,39.666666666666664,0,2,36.57142857142857,nan,0,6,14,21,E1,6,15,0.0,0.0
mas_iterative,1746,default,57,6,6,39.333333333333336,0,2,36.285714285714285,nan,0,6,14,21,E1,6,15,0.0,0.0
hungarian,1746,default,57,6,6,39.333333333333336,0,2,36.285714285714285,nan,0,6,18,58,E1,6,15,0.0,0.0
no_coordination,1747,default,123,6,6,66.33333333333333,5,2,56.75,32.0,72,9,0,0,E1,6,15,0.0,0.0
claim,1747,default,107,6,6,61.333333333333336,2,2,53.875,32.0,41,40,8,8,E1,6,15,0.0,0.0
mas,1747,default,90,6,6,47.333333333333336,0,2,41.5625,22.5,0,34,14,21,E1,6,15,0.0,0.0
mas_iterative,1747,default,89,6,6,46.666666666666664,0,2,41.0,22.0,0,32,14,21,E1,6,15,0.0,0.0
hungarian,1747,default,89,6,6,46.666666666666664,0,2,41.0,22.0,0,32,18,56,E1,6,15,0.0,0.0
no_coordination,1748,default,105,6,6,53.0,4,2,42.0,22.0,61,8,0,0,E1,6,15,0.0,0.0
claim,1748,default,69,6,6,42.666666666666664,0,2,36.13333333333333,22.0,0,10,6,6,E1,6,15,0.0,0.0
mas,1748,default,69,6,6,42.666666666666664,0,2,36.13333333333333,22.0,0,10,12,18,E1,6,15,0.0,0.0
mas_iterative,1748,default,69,6,6,42.666666666666664,0,2,36.13333333333333,22.0,0,10,12,18,E1,6,15,0.0,0.0
hungarian,1748,default,69,6,6,42.666666666666664,0,2,36.13333333333333,22.0,0,10,18,56,E1,6,15,0.0,0.0
no_coordination,1749,default,127,6,6,69.33333333333333,6,2,56.54545454545455,nan,127,10,0,0,E1,6,15,0.0,0.0
claim,1749,default,127,6,6,69.33333333333333,6,2,56.54545454545455,nan,127,10,12,12,E1,6,15,0.0,0.0
mas,1749,default,68,6,6,41.5,0,2,34.63636363636363,nan,0,8,14,21,E1,6,15,0.0,0.0
mas_iterative,1749,default,67,6,6,41.0,0,2,34.18181818181818,nan,0,6,16,24,E1,6,15,0.0,0.0
hungarian,1749,default,67,6,6,41.0,0,2,34.18181818181818,nan,0,6,18,58,E1,6,15,0.0,0.0
no_coordination,1750,default,117,6,6,54.0,4,2,44.0,nan,96,8,0,0,E1,6,15,0.0,0.0
claim,1750,default,117,6,6,54.0,4,2,44.0,nan,96,8,10,10,E1,6,15,0.0,0.0
mas,1750,default,78,6,6,42.0,0,2,35.92307692307692,nan,0,22,14,21,E1,6,15,0.0,0.0
mas_iterative,1750,default,77,6,6,41.666666666666664,0,2,35.69230769230769,nan,0,20,14,21,E1,6,15,0.0,0.0
hungarian,1750,default,77,6,6,41.666666666666664,0,2,35.69230769230769,nan,0,20,18,58,E1,6,15,0.0,0.0
no_coordination,1751,default,111,6,6,52.0,4,2,41.5,22.0,59,8,0,0,E1,6,15,0.0,0.0
claim,1751,default,79,6,6,46.166666666666664,1,2,39.125,22.0,23,12,7,7,E1,6,15,0.0,0.0
mas,1751,default,87,6,6,43.166666666666664,0,2,35.6875,22.0,0,35,14,21,E1,6,15,0.0,0.0
mas_iterative,1751,default,87,6,6,42.666666666666664,0,2,35.1875,22.0,0,35,14,21,E1,6,15,0.0,0.0
hungarian,1751,default,73,6,6,38.0,0,2,31.6875,22.0,0,21,18,56,E1,6,15,0.0,0.0
no_coordination,1752,default,113,6,6,55.833333333333336,4,2,42.93333333333333,21.5,68,9,0,0,E1,6,15,0.0,0.0
claim,1752,default,68,6,6,42.166666666666664,0,2,35.06666666666667,21.5,0,5,6,6,E1,6,15,0.0,0.0
mas,1752,default,68,6,6,42.166666666666664,0,2,35.06666666666667,21.5,0,5,12,18,E1,6,15,0.0,0.0
mas_iterative,1752,default,68,6,6,42.166666666666664,0,2,35.06666666666667,21.5,0,5,12,18,E1,6,15,0.0,0.0
hungarian,1752,default,68,6,6,42.166666666666664,0,2,35.06666666666667,21.5,0,5,18,56,E1,6,15,0.0,0.0
no_coordination,1753,default,116,6,6,55.5,4,2,52.1,40.0,56,8,0,0,E1,6,15,0.0,0.0
claim,1753,default,81,6,6,43.5,0,2,41.45,34.333333333333336,0,27,6,6,E1,6,15,0.0,0.0
mas,1753,default,81,6,6,43.5,0,2,41.45,34.333333333333336,0,27,12,18,E1,6,15,0.0,0.0
mas_iterative,1753,default,81,6,6,43.5,0,2,41.45,34.333333333333336,0,27,12,18,E1,6,15,0.0,0.0
hungarian,1753,default,81,6,6,43.5,0,2,41.45,34.333333333333336,0,27,18,56,E1,6,15,0.0,0.0
no_coordination,1754,default,95,6,6,48.166666666666664,4,2,46.30769230769231,nan,80,8,0,0,E1,6,15,0.0,0.0
claim,1754,default,85,6,6,45.666666666666664,1,2,44.0,nan,25,40,7,7,E1,6,15,0.0,0.0
mas,1754,default,78,6,6,39.5,0,2,38.15384615384615,nan,0,40,14,21,E1,6,15,0.0,0.0
mas_iterative,1754,default,77,6,6,39.0,0,2,37.69230769230769,nan,0,38,14,21,E1,6,15,0.0,0.0
hungarian,1754,default,61,6,6,35.166666666666664,0,2,34.30769230769231,nan,0,23,18,56,E1,6,15,0.0,0.0
no_coordination,1755,default,94,6,6,50.833333333333336,4,2,41.833333333333336,nan,55,9,0,0,E1,6,15,0.0,0.0
claim,1755,default,74,6,6,47.333333333333336,2,2,40.083333333333336,nan,33,13,8,8,E1,6,15,0.0,0.0
mas,1755,default,66,6,6,38.833333333333336,0,2,32.333333333333336,nan,0,16,14,21,E1,6,15,0.0,0.0
mas_iterative,1755,default,65,6,6,38.333333333333336,0,2,31.833333333333332,nan,0,14,16,24,E1,6,15,0.0,0.0
hungarian,1755,default,65,6,6,38.333333333333336,0,2,31.833333333333332,nan,0,14,18,58,E1,6,15,0.0,0.0
no_coordination,1756,default,113,6,6,53.0,4,2,43.733333333333334,nan,92,8,0,0,E1,6,15,0.0,0.0
claim,1756,default,113,6,6,53.0,4,2,43.733333333333334,nan,92,8,10,10,E1,6,15,0.0,0.0
mas,1756,default,84,6,6,42.0,0,2,36.0,nan,0,38,14,21,E1,6,15,0.0,0.0
mas_iterative,1756,default,83,6,6,41.666666666666664,0,2,35.733333333333334,nan,0,36,14,21,E1,6,15,0.0,0.0
hungarian,1756,default,83,6,6,41.666666666666664,0,2,35.733333333333334,nan,0,36,18,58,E1,6,15,0.0,0.0
no_coordination,1757,default,95,6,6,63.333333333333336,4,2,49.166666666666664,22.0,71,8,0,0,E1,6,15,0.0,0.0
claim,1757,default,95,6,6,63.333333333333336,3,2,49.166666666666664,22.0,65,13,9,9,E1,6,15,0.0,0.0
mas,1757,default,81,6,6,40.833333333333336,0,2,32.583333333333336,20.0,0,34,14,21,E1,6,15,0.0,0.0
mas_iterative,1757,default,81,6,6,40.333333333333336,0,2,32.166666666666664,20.0,0,34,16,24,E1,6,15,0.0,0.0
hungarian,1757,default,81,6,6,40.333333333333336,0,2,32.166666666666664,20.0,0,34,18,58,E1,6,15,0.0,0.0
no_coordination,1758,default,117,6,6,53.0,4,2,41.375,20.0,96,8,0,0,E1,6,15,0.0,0.0
claim,1758,default,117,6,6,53.0,4,2,41.375,20.0,96,8,10,10,E1,6,15,0.0,0.0
mas,1758,default,72,6,6,41.0,0,2,34.375,20.0,0,10,14,21,E1,6,15,0.0,0.0
mas_iterative,1758,default,71,6,6,40.666666666666664,0,2,34.125,20.0,0,8,16,24,E1,6,15,0.0,0.0
hungarian,1758,default,71,6,6,40.666666666666664,0,2,34.125,20.0,0,8,18,60,E1,6,15,0.0,0.0
no_coordination,1759,default,95,6,6,54.0,3,2,40.61538461538461,20.0,48,7,0,0,E1,6,15,0.0,0.0
claim,1759,default,95,6,6,54.0,2,2,40.61538461538461,20.0,48,14,8,8,E1,6,15,0.0,0.0
mas,1759,default,88,6,6,45.0,0,2,35.30769230769231,20.0,0,38,14,21,E1,6,15,0.0,0.0
mas_iterative,1759,default,87,6,6,44.666666666666664,0,2,35.07692307692308,20.0,0,36,14,21,E1,6,15,0.0,0.0
hungarian,1759,default,87,6,6,44.666666666666664,0,2,35.07692307692308,20.0,0,36,18,58,E1,6,15,0.0,0.0
no_coordination,1760,default,127,6,6,58.666666666666664,4,2,46.72727272727273,nan,102,8,0,0,E1,6,15,0.0,0.0
claim,1760,default,89,6,6,46.333333333333336,0,2,38.72727272727273,nan,0,30,6,6,E1,6,15,0.0,0.0
mas,1760,default,89,6,6,46.333333333333336,0,2,38.72727272727273,nan,0,30,12,18,E1,6,15,0.0,0.0
mas_iterative,1760,default,89,6,6,46.333333333333336,0,2,38.72727272727273,nan,0,30,12,18,E1,6,15,0.0,0.0
hungarian,1760,default,89,6,6,46.333333333333336,0,2,38.72727272727273,nan,0,30,18,56,E1,6,15,0.0,0.0
no_coordination,1761,default,70,6,6,46.5,3,2,40.0,20.0,29,7,0,0,E1,6,15,0.0,0.0
claim,1761,default,83,6,6,45.666666666666664,1,2,40.666666666666664,20.0,21,35,7,7,E1,6,15,0.0,0.0
mas,1761,default,63,6,6,39.0,0,2,33.166666666666664,20.0,0,18,14,21,E1,6,15,0.0,0.0
mas_iterative,1761,default,63,6,6,38.666666666666664,0,2,32.833333333333336,20.0,0,18,18,27,E1,6,15,0.0,0.0
hungarian,1761,default,63,6,6,38.666666666666664,0,2,32.833333333333336,20.0,0,18,20,61,E1,6,15,0.0,0.0
no_coordination,1762,default,80,6,6,47.166666666666664,3,2,43.833333333333336,nan,39,7,0,0,E1,6,15,0.0,0.0
claim,1762,default,79,6,6,44.333333333333336,1,2,42.333333333333336,nan,23,29,7,7,E1,6,15,0.0,0.0
mas,1762,default,68,6,6,37.0,0,2,35.916666666666664,nan,0,22,14,21,E1,6,15,0.0,0.0
mas_iterative,1762,default,67,6,6,36.333333333333336,0,2,35.333333333333336,nan,0,20,14,21,E1,6,15,0.0,0.0
hungarian,1762,default,67,6,6,36.333333333333336,0,2,35.333333333333336,nan,0,20,18,56,E1,6,15,0.0,0.0
no_coordination,1763,default,71,6,6,43.0,4,2,38.22222222222222,22.0,46,8,0,0,E1,6,15,0.0,0.0
claim,1763,default,49,6,6,34.0,0,2,31.88888888888889,22.0,0,6,6,6,E1,6,15,0.0,0.0
mas,1763,default,49,6,6,34.0,0,2,31.88888888888889,22.0,0,6,12,18,E1,6,15,0.0,0.0
mas_iterative,1763,default,49,6,6,34.0,0,2,31.88888888888889,22.0,0,6,12,18,E1,6,15,0.0,0.0
hungarian,1763,default,49,6,6,34.0,0,2,31.88888888888889,22.0,0,6,18,56,E1,6,15,0.0,0.0
no_coordination,1764,default,120,6,6,82.83333333333333,5,2,70.58333333333333,nan,101,9,0,0,E1,6,15,0.0,0.0
claim,1764,default,120,6,6,82.83333333333333,4,2,70.58333333333333,nan,101,11,10,10,E1,6,15,0.0,0.0
mas,1764,default,81,6,6,46.333333333333336,0,2,39.416666666666664,nan,0,30,14,21,E1,6,15,0.0,0.0
mas_iterative,1764,default,81,6,6,46.0,0,2,39.0,nan,0,30,16,24,E1,6,15,0.0,0.0
hungarian,1764,default,79,6,6,45.333333333333336,0,2,38.666666666666664,nan,0,26,18,56,E1,6,15,0.0,0.0
no_coordination,1765,default,135,6,6,60.5,4,2,49.470588235294116,20.0,76,8,0,0,E1,6,15,0.0,0.0
claim,1765,default,84,6,6,45.833333333333336,0,2,39.94117647058823,20.0,0,15,6,6,E1,6,15,0.0,0.0
mas,1765,default,84,6,6,45.833333333333336,0,2,39.94117647058823,20.0,0,15,12,18,E1,6,15,0.0,0.0
mas_iterative,1765,default,84,6,6,45.833333333333336,0,2,39.94117647058823,20.0,0,15,12,18,E1,6,15,0.0,0.0
hungarian,1765,default,84,6,6,45.833333333333336,0,2,39.94117647058823,20.0,0,15,18,56,E1,6,15,0.0,0.0
no_coordination,1766,default,127,6,6,64.33333333333333,4,2,52.0,nan,104,8,0,0,E1,6,15,0.0,0.0
claim,1766,default,75,6,6,47.333333333333336,0,2,41.142857142857146,nan,0,4,6,6,E1,6,15,0.0,0.0
mas,1766,default,75,6,6,47.333333333333336,0,2,41.142857142857146,nan,0,4,12,18,E1,6,15,0.0,0.0
mas_iterative,1766,default,75,6,6,47.333333333333336,0,2,41.142857142857146,nan,0,4,12,18,E1,6,15,0.0,0.0
hungarian,1766,default,75,6,6,47.333333333333336,0,2,41.142857142857146,nan,0,4,18,56,E1,6,15,0.0,0.0
no_coordination,1767,default,87,6,6,41.833333333333336,5,2,37.2,25.666666666666668,50,9,0,0,E1,6,15,0.0,0.0
claim,1767,default,64,6,6,36.333333333333336,1,2,33.4,25.666666666666668,21,19,7,7,E1,6,15,0.0,0.0
mas,1767,default,71,6,6,36.166666666666664,0,2,33.0,26.333333333333332,0,31,14,21,E1,6,15,0.0,0.0
mas_iterative,1767,default,71,6,6,35.666666666666664,0,2,32.5,26.0,0,31,16,24,E1,6,15,0.0,0.0
hungarian,1767,default,71,6,6,35.666666666666664,0,2,32.5,26.0,0,31,18,58,E1,6,15,0.0,0.0
no_coordination,1768,default,133,6,6,67.0,5,2,52.588235294117645,24.0,77,9,0,0,E1,6,15,0.0,0.0
claim,1768,default,91,6,6,49.333333333333336,0,2,40.8235294117647,24.0,0,32,6,6,E1,6,15,0.0,0.0
mas,1768,default,91,6,6,49.333333333333336,0,2,40.8235294117647,24.0,0,32,12,18,E1,6,15,0.0,0.0
mas_iterative,1768,default,91,6,6,49.333333333333336,0,2,40.8235294117647,24.0,0,32,12,18,E1,6,15,0.0,0.0
hungarian,1768,default,91,6,6,49.333333333333336,0,2,40.8235294117647,24.0,0,32,18,56,E1,6,15,0.0,0.0
no_coordination,1769,default,97,6,6,51.333333333333336,4,2,40.705882352941174,20.0,76,8,0,0,E1,6,15,0.0,0.0
claim,1769,default,97,6,6,51.333333333333336,4,2,40.705882352941174,20.0,76,8,10,10,E1,6,15,0.0,0.0
mas,1769,default,61,6,6,39.0,0,2,33.411764705882355,20.0,0,8,14,21,E1,6,15,0.0,0.0
mas_iterative,1769,default,61,6,6,38.666666666666664,0,2,33.1764705882353,20.0,0,8,14,21,E1,6,15,0.0,0.0
hungarian,1769,default,61,6,6,38.666666666666664,0,2,33.1764705882353,20.0,0,8,18,58,E1,6,15,0.0,0.0
no_coordination,1770,default,102,6,6,52.333333333333336,5,2,43.57142857142857,nan,77,9,0,0,E1,6,15,0.0,0.0
claim,1770,default,70,6,6,41.333333333333336,1,2,37.214285714285715,nan,21,16,7,7,E1,6,15,0.0,0.0
mas,1770,default,70,6,6,41.166666666666664,0,2,37.07142857142857,nan,0,16,14,21,E1,6,15,0.0,0.0
mas_iterative,1770,default,69,6,6,40.666666666666664,0,2,36.57142857142857,nan,0,14,14,21,E1,6,15,0.0,0.0
hungarian,1770,default,69,6,6,40.666666666666664,0,2,36.57142857142857,nan,0,14,18,56,E1,6,15,0.0,0.0
no_coordination,1771,default,83,6,6,41.833333333333336,2,2,37.5,28.0,9,7,0,0,E1,6,15,0.0,0.0
claim,1771,default,77,6,6,40.333333333333336,0,2,36.375,28.0,0,28,6,6,E1,6,15,0.0,0.0
mas,1771,default,77,6,6,40.333333333333336,0,2,36.375,28.0,0,28,12,18,E1,6,15,0.0,0.0
mas_iterative,1771,default,77,6,6,40.333333333333336,0,2,36.375,28.0,0,28,12,18,E1,6,15,0.0,0.0
hungarian,1771,default,77,6,6,40.333333333333336,0,2,36.375,28.0,0,28,18,56,E1,6,15,0.0,0.0
no_coordination,1772,default,131,6,6,63.833333333333336,4,2,53.588235294117645,22.0,114,8,0,0,E1,6,15,0.0,0.0
claim,1772,default,93,6,6,54.333333333333336,1,2,48.0,22.0,23,20,7,7,E1,6,15,0.0,0.0
mas,1772,default,87,6,6,50.166666666666664,0,2,44.294117647058826,22.0,0,12,14,21,E1,6,15,0.0,0.0
mas_iterative,1772,default,87,6,6,49.666666666666664,0,2,43.76470588235294,22.0,0,12,14,21,E1,6,15,0.0,0.0
hungarian,1772,default,87,6,6,49.333333333333336,0,2,43.411764705882355,22.0,0,14,18,58,E1,6,15,0.0,0.0
no_coordination,1773,default,55,6,6,33.5,3,2,31.954545454545453,25.0,17,7,0,0,E1,6,15,0.0,0.0
claim,1773,default,55,6,6,33.5,2,2,31.954545454545453,25.0,17,13,8,8,E1,6,15,0.0,0.0
mas,1773,default,58,6,6,31.333333333333332,0,2,30.09090909090909,24.5,0,27,14,21,E1,6,15,0.0,0.0
mas_iterative,1773,default,58,6,6,31.166666666666668,0,2,29.90909090909091,24.25,0,27,14,21,E1,6,15,0.0,0.0
hungarian,1773,default,58,6,6,31.166666666666668,0,2,29.90909090909091,24.25,0,27,18,58,E1,6,15,0.0,0.0
no_coordination,1774,default,73,6,6,41.166666666666664,3,2,37.04761904761905,26.5,25,7,0,0,E1,6,15,0.0,0.0
claim,1774,default,73,6,6,41.166666666666664,2,2,37.04761904761905,26.5,22,9,8,8,E1,6,15,0.0,0.0
mas,1774,default,76,6,6,38.666666666666664,0,2,34.476190476190474,25.75,0,26,14,21,E1,6,15,0.0,0.0
mas_iterative,1774,default,75,6,6,38.333333333333336,0,2,34.19047619047619,25.5,0,24,14,21,E1,6,15,0.0,0.0
hungarian,1774,default,75,6,6,38.333333333333336,0,2,34.19047619047619,25.5,0,24,18,58,E1,6,15,0.0,0.0
no_coordination,1775,default,79,6,6,47.0,4,2,41.2,nan,58,8,0,0,E1,6,15,0.0,0.0
claim,1775,default,79,6,6,47.0,4,2,41.2,nan,58,8,10,10,E1,6,15,0.0,0.0
mas,1775,default,53,6,6,36.0,0,2,33.46666666666667,nan,0,10,14,21,E1,6,15,0.0,0.0
mas_iterative,1775,default,53,6,6,35.666666666666664,0,2,33.2,nan,0,10,14,21,E1,6,15,0.0,0.0
hungarian,1775,default,53,6,6,35.666666666666664,0,2,33.2,nan,0,10,18,58,E1,6,15,0.0,0.0
no_coordination,1776,default,91,6,6,45.166666666666664,3,2,39.642857142857146,20.0,59,7,0,0,E1,6,15,0.0,0.0
claim,1776,default,80,6,6,43.333333333333336,1,2,38.07142857142857,20.0,16,26,7,7,E1,6,15,0.0,0.0
mas,1776,default,69,6,6,41.333333333333336,0,2,35.357142857142854,20.0,0,12,14,21,E1,6,15,0.0,0.0
mas_iterative,1776,default,69,6,6,41.0,0,2,35.142857142857146,20.0,0,12,14,21,E1,6,15,0.0,0.0
hungarian,1776,default,69,6,6,41.0,0,2,35.142857142857146,20.0,0,12,18,58,E1,6,15,0.0,0.0
no_coordination,1777,default,89,6,6,50.333333333333336,4,2,47.142857142857146,nan,71,8,0,0,E1,6,15,0.0,0.0
claim,1777,default,83,6,6,49.333333333333336,2,2,46.285714285714285,nan,37,28,8,8,E1,6,15,0.0,0.0
mas,1777,default,66,6,6,37.5,0,2,35.07142857142857,nan,0,16,14,21,E1,6,15,0.0,0.0
mas_iterative,1777,default,65,6,6,37.0,0,2,34.57142857142857,nan,0,14,16,24,E1,6,15,0.0,0.0
hungarian,1777,default,65,6,6,37.0,0,2,34.57142857142857,nan,0,14,18,58,E1,6,15,0.0,0.0
no_coordination,1778,default,112,6,6,56.666666666666664,5,2,43.38461538461539,26.0,73,9,0,0,E1,6,15,0.0,0.0
claim,1778,default,79,6,6,48.333333333333336,1,2,39.53846153846154,26.0,27,16,7,7,E1,6,15,0.0,0.0
mas,1778,default,70,6,6,39.166666666666664,0,2,30.846153846153847,20.0,0,18,14,21,E1,6,15,0.0,0.0
mas_iterative,1778,default,69,6,6,38.666666666666664,0,2,30.46153846153846,20.0,0,16,14,21,E1,6,15,0.0,0.0
hungarian,1778,default,69,6,6,38.666666666666664,0,2,30.46153846153846,20.0,0,16,18,56,E1,6,15,0.0,0.0
no_coordination,1779,default,94,6,6,51.0,2,2,46.666666666666664,nan,52,7,0,0,E1,6,15,0.0,0.0
claim,1779,default,75,6,6,45.0,0,2,41.86666666666667,nan,0,12,6,6,E1,6,15,0.0,0.0
mas,1779,default,75,6,6,45.0,0,2,41.86666666666667,nan,0,12,12,18,E1,6,15,0.0,0.0
mas_iterative,1779,default,75,6,6,45.0,0,2,41.86666666666667,nan,0,12,12,18,E1,6,15,0.0,0.0
hungarian,1779,default,75,6,6,45.0,0,2,41.86666666666667,nan,0,12,18,56,E1,6,15,0.0,0.0
no_coordination,1780,default,157,6,6,83.0,6,2,64.94117647058823,44.0,157,10,0,0,E1,6,15,0.0,0.0
claim,1780,default,157,6,6,83.0,6,2,64.94117647058823,44.0,157,10,12,12,E1,6,15,0.0,0.0
mas,1780,default,90,6,6,50.166666666666664,0,2,40.88235294117647,30.333333333333332,0,24,14,21,E1,6,15,0.0,0.0
mas_iterative,1780,default,89,6,6,49.666666666666664,0,2,40.470588235294116,30.0,0,22,14,21,E1,6,15,0.0,0.0
hungarian,1780,default,89,6,6,49.666666666666664,0,2,40.470588235294116,30.0,0,22,18,56,E1,6,15,0.0,0.0
no_coordination,1781,default,129,6,6,69.33333333333333,6,2,54.0,22.0,129,10,0,0,E1,6,15,0.0,0.0
claim,1781,default,129,6,6,69.33333333333333,6,2,54.0,22.0,129,10,12,12,E1,6,15,0.0,0.0
mas,1781,default,79,6,6,41.166666666666664,0,2,33.5,22.0,0,34,14,21,E1,6,15,0.0,0.0
mas_iterative,1781,default,79,6,6,40.666666666666664,0,2,33.0,22.0,0,34,14,21,E1,6,15,0.0,0.0
hungarian,1781,default,79,6,6,40.666666666666664,0,2,33.0,22.0,0,34,18,56,E1,6,15,0.0,0.0
no_coordination,1782,default,121,6,6,56.666666666666664,4,2,48.875,20.0,100,8,0,0,E1,6,15,0.0,0.0
claim,1782,default,121,6,6,56.666666666666664,4,2,48.875,20.0,100,8,10,10,E1,6,15,0.0,0.0
mas,1782,default,79,6,6,42.666666666666664,0,2,38.375,20.0,0,20,14,21,E1,6,15,0.0,0.0
mas_iterative,1782,default,79,6,6,42.333333333333336,0,2,38.125,20.0,0,20,14,21,E1,6,15,0.0,0.0
hungarian,1782,default,79,6,6,42.333333333333336,0,2,38.125,20.0,0,20,18,58,E1,6,15,0.0,0.0
no_coordination,1783,default,125,6,6,80.0,6,2,68.58823529411765,43.0,125,10,0,0,E1,6,15,0.0,0.0
claim,1783,default,125,6,6,80.0,6,2,68.58823529411765,43.0,125,10,12,12,E1,6,15,0.0,0.0
mas,1783,default,63,6,6,40.5,0,2,36.8235294117647,32.5,0,14,14,21,E1,6,15,0.0,0.0
mas_iterative,1783,default,63,6,6,40.0,0,2,36.35294117647059,32.0,0,14,16,24,E1,6,15,0.0,0.0
hungarian,1783,default,63,6,6,40.0,0,2,36.35294117647059,32.0,0,14,18,58,E1,6,15,0.0,0.0
no_coordination,1784,default,73,6,6,51.166666666666664,3,2,46.93333333333333,26.0,44,8,0,0,E1,6,15,0.0,0.0
claim,1784,default,73,6,6,50.666666666666664,2,2,46.53333333333333,26.0,39,10,8,8,E1,6,15,0.0,0.0
mas,1784,default,62,6,6,39.166666666666664,0,2,35.666666666666664,20.0,0,12,14,21,E1,6,15,0.0,0.0
mas_iterative,1784,default,61,6,6,38.666666666666664,0,2,35.2,20.0,0,10,14,21,E1,6,15,0.0,0.0
hungarian,1784,default,61,6,6,38.666666666666664,0,2,35.2,20.0,0,10,18,56,E1,6,15,0.0,0.0
no_coordination,1785,default,97,6,6,62.5,5,2,49.72727272727273,28.0,82,9,0,0,E1,6,15,0.0,0.0
claim,1785,default,97,6,6,62.5,4,2,49.72727272727273,28.0,75,15,10,10,E1,6,15,0.0,0.0
mas,1785,default,67,6,6,38.0,0,2,30.818181818181817,20.0,0,22,14,21,E1,6,15,0.0,0.0
mas_iterative,1785,default,67,6,6,37.666666666666664,0,2,30.545454545454547,20.0,0,22,14,21,E1,6,15,0.0,0.0
hungarian,1785,default,67,6,6,37.666666666666664,0,2,30.545454545454547,20.0,0,22,18,56,E1,6,15,0.0,0.0
no_coordination,1786,default,82,6,6,55.666666666666664,5,2,50.142857142857146,nan,65,9,0,0,E1,6,15,0.0,0.0
claim,1786,default,63,6,6,49.333333333333336,1,2,46.07142857142857,nan,29,6,7,7,E1,6,15,0.0,0.0
mas,1786,default,51,6,6,36.833333333333336,0,2,34.0,nan,0,8,14,21,E1,6,15,0.0,0.0
mas_iterative,1786,default,51,6,6,36.333333333333336,0,2,33.57142857142857,nan,0,8,14,21,E1,6,15,0.0,0.0
hungarian,1786,default,51,6,6,36.333333333333336,0,2,33.57142857142857,nan,0,8,18,56,E1,6,15,0.0,0.0
no_coordination,1787,default,68,6,6,41.666666666666664,5,2,35.733333333333334,30.0,54,9,0,0,E1,6,15,0.0,0.0
claim,1787,default,56,6,6,37.666666666666664,2,2,34.13333333333333,30.0,31,16,8,8,E1,6,15,0.0,0.0
mas,1787,default,43,6,6,28.5,0,2,26.066666666666666,30.0,0,13,14,21,E1,6,15,0.0,0.0
mas_iterative,1787,default,43,6,6,28.0,0,2,25.6,30.0,0,13,16,24,E1,6,15,0.0,0.0
hungarian,1787,default,43,6,6,28.0,0,2,25.6,30.0,0,13,18,58,E1,6,15,0.0,0.0
no_coordination,1788,default,93,6,6,50.0,3,2,44.111111111111114,20.0,41,7,0,0,E1,6,15,0.0,0.0
claim,1788,default,77,6,6,47.333333333333336,1,2,42.333333333333336,20.0,24,11,7,7,E1,6,15,0.0,0.0
mas,1788,default,67,6,6,40.666666666666664,0,2,37.5,20.0,0,8,14,21,E1,6,15,0.0,0.0
mas_iterative,1788,default,67,6,6,40.333333333333336,0,2,37.22222222222222,20.0,0,8,14,21,E1,6,15,0.0,0.0
hungarian,1788,default,67,6,6,40.333333333333336,0,2,37.22222222222222,20.0,0,8,18,58,E1,6,15,0.0,0.0
no_coordination,1789,default,111,6,6,54.666666666666664,4,2,45.86666666666667,nan,90,8,0,0,E1,6,15,0.0,0.0
claim,1789,default,111,6,6,54.666666666666664,4,2,45.86666666666667,nan,90,8,10,10,E1,6,15,0.0,0.0
mas,1789,default,82,6,6,42.666666666666664,0,2,37.06666666666667,nan,0,36,14,21,E1,6,15,0.0,0.0
mas_iterative,1789,default,81,6,6,42.333333333333336,0,2,36.8,nan,0,34,14,21,E1,6,15,0.0,0.0
hungarian,1789,default,81,6,6,42.333333333333336,0,2,36.8,nan,0,34,18,58,E1,6,15,0.0,0.0
no_coordination,1790,default,123,6,6,59.0,4,2,43.142857142857146,20.0,102,8,0,0,E1,6,15,0.0,0.0
claim,1790,default,123,6,6,59.0,4,2,43.142857142857146,20.0,102,8,10,10,E1,6,15,0.0,0.0
mas,1790,default,81,6,6,44.333333333333336,0,2,35.214285714285715,20.0,0,22,14,21,E1,6,15,0.0,0.0
mas_iterative,1790,default,81,6,6,44.0,0,2,35.0,20.0,0,22,14,21,E1,6,15,0.0,0.0
hungarian,1790,default,81,6,6,44.0,0,2,35.0,20.0,0,22,18,58,E1,6,15,0.0,0.0
no_coordination,1791,default,79,6,6,42.666666666666664,4,2,37.07692307692308,nan,63,8,0,0,E1,6,15,0.0,0.0
claim,1791,default,65,6,6,39.666666666666664,1,2,35.38461538461539,nan,21,19,7,7,E1,6,15,0.0,0.0
mas,1791,default,61,6,6,37.833333333333336,0,2,33.53846153846154,nan,0,6,14,21,E1,6,15,0.0,0.0
mas_iterative,1791,default,61,6,6,37.333333333333336,0,2,33.07692307692308,nan,0,6,16,24,E1,6,15,0.0,0.0
hungarian,1791,default,61,6,6,37.333333333333336,0,2,33.07692307692308,nan,0,6,18,58,E1,6,15,0.0,0.0
no_coordination,1792,default,67,6,6,43.666666666666664,2,2,34.93333333333333,20.0,32,6,0,0,E1,6,15,0.0,0.0
claim,1792,default,67,6,6,43.666666666666664,1,2,34.93333333333333,20.0,24,13,7,7,E1,6,15,0.0,0.0
mas,1792,default,58,6,6,35.833333333333336,0,2,30.266666666666666,20.0,0,18,14,21,E1,6,15,0.0,0.0
mas_iterative,1792,default,57,6,6,35.333333333333336,0,2,30.0,20.0,0,16,14,21,E1,6,15,0.0,0.0
hungarian,1792,default,57,6,6,35.333333333333336,0,2,30.0,20.0,0,16,18,58,E1,6,15,0.0,0.0
no_coordination,1793,default,121,6,6,55.666666666666664,5,2,42.333333333333336,20.0,64,9,0,0,E1,6,15,0.0,0.0
claim,1793,default,89,6,6,49.333333333333336,2,2,39.166666666666664,20.0,25,20,8,8,E1,6,15,0.0,0.0
mas,1793,default,83,6,6,41.666666666666664,0,2,33.416666666666664,20.0,0,30,14,21,E1,6,15,0.0,0.0
mas_iterative,1793,default,83,6,6,41.333333333333336,0,2,33.166666666666664,20.0,0,30,16,24,E1,6,15,0.0,0.0
hungarian,1793,default,83,6,6,41.333333333333336,0,2,33.166666666666664,20.0,0,30,18,58,E1,6,15,0.0,0.0
no_coordination,1794,default,113,6,6,62.0,6,2,50.470588235294116,30.0,113,10,0,0,E1,6,15,0.0,0.0
claim,1794,default,113,6,6,62.0,6,2,50.470588235294116,30.0,113,10,12,12,E1,6,15,0.0,0.0
mas,1794,default,64,6,6,40.0,0,2,34.588235294117645,25.5,0,8,14,21,E1,6,15,0.0,0.0
mas_iterative,1794,default,63,6,6,39.666666666666664,0,2,34.23529411764706,25.0,0,6,14,21,E1,6,15,0.0,0.0
hungarian,1794,default,61,6,6,39.0,0,2,33.529411764705884,24.0,0,4,18,56,E1,6,15,0.0,0.0
no_coordination,1795,default,113,6,6,63.666666666666664,4,2,48.142857142857146,20.0,92,8,0,0,E1,6,15,0.0,0.0
claim,1795,default,113,6,6,63.666666666666664,4,2,48.142857142857146,20.0,92,8,10,10,E1,6,15,0.0,0.0
mas,1795,default,75,6,6,45.666666666666664,0,2,37.92857142857143,20.0,0,20,14,21,E1,6,15,0.0,0.0
mas_iterative,1795,default,75,6,6,45.333333333333336,0,2,37.714285714285715,20.0,0,20,14,21,E1,6,15,0.0,0.0
hungarian,1795,default,75,6,6,45.333333333333336,0,2,37.714285714285715,20.0,0,20,18,58,E1,6,15,0.0,0.0
no_coordination,1796,default,131,6,6,70.33333333333333,6,2,60.125,39.0,131,10,0,0,E1,6,15,0.0,0.0
claim,1796,default,131,6,6,70.33333333333333,6,2,60.125,39.0,131,10,12,12,E1,6,15,0.0,0.0
mas,1796,default,53,6,6,34.0,0,2,30.75,27.0,0,9,14,21,E1,6,15,0.0,0.0
mas_iterative,1796,default,53,6,6,33.5,0,2,30.3125,27.0,0,9,14,21,E1,6,15,0.0,0.0
hungarian,1796,default,53,6,6,33.5,0,2,30.3125,27.0,0,9,18,56,E1,6,15,0.0,0.0
no_coordination,1797,default,109,6,6,58.0,4,2,46.666666666666664,22.0,97,8,0,0,E1,6,15,0.0,0.0
claim,1797,default,109,6,6,58.0,4,2,46.666666666666664,22.0,97,8,10,10,E1,6,15,0.0,0.0
mas,1797,default,63,6,6,36.5,0,2,32.8,20.0,0,16,14,21,E1,6,15,0.0,0.0
mas_iterative,1797,default,63,6,6,36.0,0,2,32.4,20.0,0,16,18,27,E1,6,15,0.0,0.0
hungarian,1797,default,67,6,6,41.666666666666664,0,2,35.333333333333336,22.0,0,8,18,56,E1,6,15,0.0,0.0
no_coordination,1798,default,89,6,6,45.0,3,2,39.9,25.333333333333332,19,7,0,0,E1,6,15,0.0,0.0
claim,1798,default,87,6,6,44.666666666666664,1,2,39.7,25.333333333333332,16,37,7,7,E1,6,15,0.0,0.0
mas,1798,default,72,6,6,39.666666666666664,0,2,35.95,25.333333333333332,0,22,14,21,E1,6,15,0.0,0.0
mas_iterative,1798,default,71,6,6,39.333333333333336,0,2,35.7,25.333333333333332,0,20,16,24,E1,6,15,0.0,0.0
hungarian,1798,default,71,6,6,39.333333333333336,0,2,35.7,25.333333333333332,0,20,18,60,E1,6,15,0.0,0.0
no_coordination,1799,default,59,6,6,32.0,2,2,27.785714285714285,nan,5,7,0,0,E1,6,15,0.0,0.0
claim,1799,default,58,6,6,31.833333333333332,1,2,27.714285714285715,nan,3,26,7,7,E1,6,15,0.0,0.0
mas,1799,default,56,6,6,31.333333333333332,0,2,27.428571428571427,nan,0,23,14,21,E1,6,15,0.0,0.0
mas_iterative,1799,default,55,6,6,31.0,0,2,27.214285714285715,nan,0,21,14,21,E1,6,15,0.0,0.0
hungarian,1799,default,55,6,6,31.0,0,2,27.214285714285715,nan,0,21,18,58,E1,6,15,0.0,0.0
no_coordination,1800,default,135,6,6,68.66666666666667,6,2,52.125,25.0,135,10,0,0,E1,6,15,0.0,0.0
claim,1800,default,135,6,6,68.66666666666667,6,2,52.125,25.0,135,10,12,12,E1,6,15,0.0,0.0
mas,1800,default,82,6,6,46.5,0,2,37.3125,21.5,0,20,14,21,E1,6,15,0.0,0.0
mas_iterative,1800,default,81,6,6,46.0,0,2,36.875,21.0,0,18,14,21,E1,6,15,0.0,0.0
hungarian,1800,default,81,6,6,46.0,0,2,36.875,21.0,0,18,18,56,E1,6,15,0.0,0.0
no_coordination,1801,default,85,6,6,43.333333333333336,4,2,35.2,20.0,64,8,0,0,E1,6,15,0.0,0.0
claim,1801,default,85,6,6,43.333333333333336,4,2,35.2,20.0,64,8,10,10,E1,6,15,0.0,0.0
mas,1801,default,54,6,6,34.333333333333336,0,2,30.133333333333333,20.0,0,6,14,21,E1,6,15,0.0,0.0
mas_iterative,1801,default,53,6,6,34.0,0,2,29.866666666666667,20.0,0,4,14,21,E1,6,15,0.0,0.0
hungarian,1801,default,53,6,6,34.0,0,2,29.866666666666667,20.0,0,4,18,58,E1,6,15,0.0,0.0
no_coordination,1802,default,109,6,6,61.666666666666664,6,2,50.0,38.0,109,10,0,0,E1,6,15,0.0,0.0
claim,1802,default,109,6,6,61.666666666666664,6,2,50.0,38.0,109,10,12,12,E1,6,15,0.0,0.0
mas,1802,default,64,6,6,35.5,0,2,28.923076923076923,22.5,0,22,14,21,E1,6,15,0.0,0.0
mas_iterative,1802,default,63,6,6,35.0,0,2,28.46153846153846,22.0,0,20,14,21,E1,6,15,0.0,0.0
hungarian,1802,default,63,6,6,35.0,0,2,28.46153846153846,22.0,0,20,18,56,E1,6,15,0.0,0.0
no_coordination,1803,default,88,6,6,68.16666666666667,4,2,62.69230769230769,nan,74,8,0,0,E1,6,15,0.0,0.0
claim,1803,default,88,6,6,68.16666666666667,4,2,62.69230769230769,nan,74,8,10,10,E1,6,15,0.0,0.0
mas,1803,default,56,6,6,39.5,0,2,36.92307692307692,nan,0,11,14,21,E1,6,15,0.0,0.0
mas_iterative,1803,default,55,6,6,39.166666666666664,0,2,36.53846153846154,nan,0,9,14,21,E1,6,15,0.0,0.0
hungarian,1803,default,57,6,6,37.5,0,2,35.15384615384615,nan,0,17,18,56,E1,6,15,0.0,0.0
no_coordination,1804,default,141,6,6,64.0,5,2,52.470588235294116,22.0,120,10,0,0,E1,6,15,0.0,0.0
claim,1804,default,97,6,6,48.333333333333336,0,2,41.1764705882353,22.0,0,36,6,6,E1,6,15,0.0,0.0
mas,1804,default,97,6,6,48.333333333333336,0,2,41.1764705882353,22.0,0,36,12,18,E1,6,15,0.0,0.0
mas_iterative,1804,default,97,6,6,48.333333333333336,0,2,41.1764705882353,22.0,0,36,12,18,E1,6,15,0.0,0.0
hungarian,1804,default,97,6,6,48.333333333333336,0,2,41.1764705882353,22.0,0,36,18,56,E1,6,15,0.0,0.0
no_coordination,1805,default,83,6,6,58.5,3,2,45.583333333333336,20.0,62,8,0,0,E1,6,15,0.0,0.0
claim,1805,default,83,6,6,58.5,3,2,45.583333333333336,20.0,61,8,9,9,E1,6,15,0.0,0.0
mas,1805,default,71,6,6,38.166666666666664,0,2,32.333333333333336,20.0,0,30,14,21,E1,6,15,0.0,0.0
mas_iterative,1805,default,71,6,6,37.666666666666664,0,2,32.0,20.0,0,30,14,21,E1,6,15,0.0,0.0
hungarian,1805,default,71,6,6,37.666666666666664,0,2,32.0,20.0,0,30,18,56,E1,6,15,0.0,0.0
no_coordination,1806,default,113,6,6,55.333333333333336,4,2,40.57142857142857,20.0,55,8,0,0,E1,6,15,0.0,0.0
claim,1806,default,83,6,6,45.0,0,2,36.0,20.0,0,28,6,6,E1,6,15,0.0,0.0
mas,1806,default,83,6,6,45.0,0,2,36.0,20.0,0,28,12,18,E1,6,15,0.0,0.0
mas_iterative,1806,default,83,6,6,45.0,0,2,36.0,20.0,0,28,12,18,E1,6,15,0.0,0.0
hungarian,1806,default,83,6,6,45.0,0,2,36.0,20.0,0,28,18,56,E1,6,15,0.0,0.0
no_coordination,1807,default,97,6,6,48.0,4,2,36.266666666666666,20.0,76,8,0,0,E1,6,15,0.0,0.0
claim,1807,default,97,6,6,48.0,4,2,36.266666666666666,20.0,76,8,10,10,E1,6,15,0.0,0.0
mas,1807,default,70,6,6,38.333333333333336,0,2,31.733333333333334,20.0,0,26,14,21,E1,6,15,0.0,0.0
mas_iterative,1807,default,69,6,6,38.0,0,2,31.466666666666665,20.0,0,24,14,21,E1,6,15,0.0,0.0
hungarian,1807,default,69,6,6,38.0,0,2,31.466666666666665,20.0,0,24,18,58,E1,6,15,0.0,0.0
no_coordination,1808,default,103,6,6,49.333333333333336,4,2,34.0,20.0,82,8,0,0,E1,6,15,0.0,0.0
claim,1808,default,103,6,6,49.333333333333336,4,2,34.0,20.0,82,8,10,10,E1,6,15,0.0,0.0
mas,1808,default,70,6,6,39.0,0,2,29.571428571428573,20.0,0,20,14,21,E1,6,15,0.0,0.0
mas_iterative,1808,default,69,6,6,38.666666666666664,0,2,29.428571428571427,20.0,0,18,14,21,E1,6,15,0.0,0.0
hungarian,1808,default,69,6,6,38.666666666666664,0,2,29.428571428571427,20.0,0,18,18,58,E1,6,15,0.0,0.0
no_coordination,1809,default,95,6,6,44.0,4,2,33.0,20.0,74,8,0,0,E1,6,15,0.0,0.0
claim,1809,default,95,6,6,44.0,4,2,33.0,20.0,74,8,10,10,E1,6,15,0.0,0.0
mas,1809,default,74,6,6,36.666666666666664,0,2,29.375,20.0,0,36,14,21,E1,6,15,0.0,0.0
mas_iterative,1809,default,73,6,6,36.333333333333336,0,2,29.125,20.0,0,34,14,21,E1,6,15,0.0,0.0
hungarian,1809,default,73,6,6,36.333333333333336,0,2,29.125,20.0,0,34,18,58,E1,6,15,0.0,0.0
no_coordination,1810,default,105,6,6,61.0,4,2,53.6,32.0,89,8,0,0,E1,6,15,0.0,0.0
claim,1810,default,89,6,6,55.666666666666664,2,2,50.4,32.0,57,6,8,8,E1,6,15,0.0,0.0
mas,1810,default,70,6,6,40.5,0,2,36.0,20.0,0,20,14,21,E1,6,15,0.0,0.0
mas_iterative,1810,default,69,6,6,40.0,0,2,35.6,20.0,0,18,14,21,E1,6,15,0.0,0.0
hungarian,1810,default,69,6,6,40.0,0,2,35.6,20.0,0,18,18,56,E1,6,15,0.0,0.0
no_coordination,1811,default,81,6,6,45.666666666666664,4,2,40.15384615384615,22.0,45,8,0,0,E1,6,15,0.0,0.0
claim,1811,default,81,6,6,39.666666666666664,0,2,36.76923076923077,22.0,0,36,6,6,E1,6,15,0.0,0.0
mas,1811,default,81,6,6,39.666666666666664,0,2,36.76923076923077,22.0,0,36,12,18,E1,6,15,0.0,0.0
mas_iterative,1811,default,81,6,6,39.666666666666664,0,2,36.76923076923077,22.0,0,36,12,18,E1,6,15,0.0,0.0
hungarian,1811,default,81,6,6,39.666666666666664,0,2,36.76923076923077,22.0,0,36,18,56,E1,6,15,0.0,0.0
no_coordination,1812,default,109,6,6,56.333333333333336,5,2,50.2,32.666666666666664,60,9,0,0,E1,6,15,0.0,0.0
claim,1812,default,87,6,6,49.666666666666664,1,2,45.3,32.666666666666664,21,31,7,7,E1,6,15,0.0,0.0
mas,1812,default,77,6,6,42.5,0,2,38.7,28.333333333333332,0,24,14,21,E1,6,15,0.0,0.0
mas_iterative,1812,default,77,6,6,42.0,0,2,38.2,28.0,0,24,16,24,E1,6,15,0.0,0.0
hungarian,1812,default,77,6,6,42.0,0,2,38.2,28.0,0,24,18,58,E1,6,15,0.0,0.0
no_coordination,1813,default,112,6,6,58.166666666666664,5,2,51.8235294117647,20.0,61,9,0,0,E1,6,15,0.0,0.0
claim,1813,default,96,6,6,54.0,2,2,48.88235294117647,20.0,35,35,8,8,E1,6,15,0.0,0.0
mas,1813,default,74,6,6,39.166666666666664,0,2,35.411764705882355,20.0,0,28,14,21,E1,6,15,0.0,0.0
mas_iterative,1813,default,73,6,6,38.666666666666664,0,2,34.94117647058823,20.0,0,26,16,24,E1,6,15,0.0,0.0
hungarian,1813,default,73,6,6,38.666666666666664,0,2,34.94117647058823,20.0,0,26,18,58,E1,6,15,0.0,0.0
no_coordination,1814,default,79,6,6,51.0,4,2,43.857142857142854,20.0,63,8,0,0,E1,6,15,0.0,0.0
claim,1814,default,71,6,6,49.666666666666664,2,2,43.285714285714285,20.0,41,12,8,8,E1,6,15,0.0,0.0
mas,1814,default,53,6,6,34.833333333333336,0,2,30.571428571428573,20.0,0,6,14,21,E1,6,15,0.0,0.0
mas_iterative,1814,default,53,6,6,34.333333333333336,0,2,30.142857142857142,20.0,0,6,16,24,E1,6,15,0.0,0.0
hungarian,1814,default,53,6,6,34.333333333333336,0,2,30.142857142857142,20.0,0,6,18,58,E1,6,15,0.0,0.0
no_coordination,1815,default,89,6,6,41.666666666666664,4,2,32.15384615384615,20.0,68,8,0,0,E1,6,15,0.0,0.0
claim,1815,default,89,6,6,41.666666666666664,4,2,32.15384615384615,20.0,68,8,10,10,E1,6,15,0.0,0.0
mas,1815,default,68,6,6,35.0,0,2,28.53846153846154,20.0,0,30,14,21,E1,6,15,0.0,0.0
mas_iterative,1815,default,67,6,6,34.666666666666664,0,2,28.307692307692307,20.0,0,28,14,21,E1,6,15,0.0,0.0
hungarian,1815,default,67,6,6,34.666666666666664,0,2,28.307692307692307,20.0,0,28,18,58,E1,6,15,0.0,0.0
no_coordination,1816,default,98,6,6,45.0,4,2,38.583333333333336,nan,77,8,0,0,E1,6,15,0.0,0.0
claim,1816,default,98,6,6,45.0,4,2,38.583333333333336,nan,77,8,10,10,E1,6,15,0.0,0.0
mas,1816,default,60,6,6,36.0,0,2,32.75,nan,0,5,14,21,E1,6,15,0.0,0.0
mas_iterative,1816,default,60,6,6,35.666666666666664,0,2,32.5,nan,0,5,14,21,E1,6,15,0.0,0.0
hungarian,1816,default,60,6,6,35.666666666666664,0,2,32.5,nan,0,5,18,58,E1,6,15,0.0,0.0
no_coordination,1817,default,108,6,6,53.0,6,2,46.333333333333336,28.0,108,10,0,0,E1,6,15,0.0,0.0
claim,1817,default,108,6,6,53.0,6,2,46.333333333333336,28.0,108,10,12,12,E1,6,15,0.0,0.0
mas,1817,default,68,6,6,34.166666666666664,0,2,30.22222222222222,20.5,0,27,14,21,E1,6,15,0.0,0.0
mas_iterative,1817,default,67,6,6,33.666666666666664,0,2,29.72222222222222,20.0,0,25,16,24,E1,6,15,0.0,0.0
hungarian,1817,default,67,6,6,33.666666666666664,0,2,29.72222222222222,20.0,0,25,18,58,E1,6,15,0.0,0.0
no_coordination,1818,default,109,6,6,51.333333333333336,5,2,45.1578947368421,21.0,88,9,0,0,E1,6,15,0.0,0.0
claim,1818,default,73,6,6,40.0,0,2,36.31578947368421,21.0,0,20,6,6,E1,6,15,0.0,0.0
mas,1818,default,73,6,6,40.0,0,2,36.31578947368421,21.0,0,20,12,18,E1,6,15,0.0,0.0
mas_iterative,1818,default,73,6,6,40.0,0,2,36.31578947368421,21.0,0,20,12,18,E1,6,15,0.0,0.0
hungarian,1818,default,73,6,6,40.0,0,2,36.31578947368421,21.0,0,20,18,56,E1,6,15,0.0,0.0
no_coordination,1819,default,75,6,6,51.166666666666664,3,2,43.07142857142857,36.0,50,8,0,0,E1,6,15,0.0,0.0
claim,1819,default,69,6,6,46.333333333333336,1,2,40.714285714285715,36.0,25,17,7,7,E1,6,15,0.0,0.0
mas,1819,default,61,6,6,38.666666666666664,0,2,33.5,32.0,0,18,14,21,E1,6,15,0.0,0.0
mas_iterative,1819,default,61,6,6,38.333333333333336,0,2,33.142857142857146,32.0,0,18,16,24,E1,6,15,0.0,0.0
hungarian,1819,default,59,6,6,37.333333333333336,0,2,32.285714285714285,32.0,0,16,18,56,E1,6,15,0.0,0.0
no_coordination,1820,default,77,6,6,42.666666666666664,4,2,34.8235294117647,20.0,56,8,0,0,E1,6,15,0.0,0.0
claim,1820,default,77,6,6,42.666666666666664,4,2,34.8235294117647,20.0,56,8,10,10,E1,6,15,0.0,0.0
mas,1820,default,54,6,6,34.333333333333336,0,2,29.88235294117647,20.0,0,14,14,21,E1,6,15,0.0,0.0
mas_iterative,1820,default,53,6,6,34.0,0,2,29.647058823529413,20.0,0,12,14,21,E1,6,15,0.0,0.0
hungarian,1820,default,53,6,6,34.0,0,2,29.647058823529413,20.0,0,12,18,58,E1,6,15,0.0,0.0
no_coordination,1821,default,79,6,6,40.666666666666664,5,2,32.76923076923077,20.0,40,9,0,0,E1,6,15,0.0,0.0
claim,1821,default,71,6,6,38.333333333333336,2,2,31.692307692307693,20.0,25,34,8,8,E1,6,15,0.0,0.0
mas,1821,default,69,6,6,36.333333333333336,0,2,30.076923076923077,20.0,0,32,14,21,E1,6,15,0.0,0.0
mas_iterative,1821,default,69,6,6,36.0,0,2,29.692307692307693,20.0,0,32,16,24,E1,6,15,0.0,0.0
hungarian,1821,default,69,6,6,36.0,0,2,29.692307692307693,20.0,0,32,18,58,E1,6,15,0.0,0.0
no_coordination,1822,default,95,6,6,43.333333333333336,4,2,37.111111111111114,22.0,74,8,0,0,E1,6,15,0.0,0.0
claim,1822,default,95,6,6,43.333333333333336,4,2,37.111111111111114,22.0,74,8,10,10,E1,6,15,0.0,0.0
mas,1822,default,70,6,6,36.0,0,2,32.05555555555556,22.0,0,28,14,21,E1,6,15,0.0,0.0
mas_iterative,1822,default,69,6,6,35.666666666666664,0,2,31.77777777777778,22.0,0,26,14,21,E1,6,15,0.0,0.0
hungarian,1822,default,69,6,6,35.666666666666664,0,2,31.77777777777778,22.0,0,26,18,58,E1,6,15,0.0,0.0
no_coordination,1823,default,115,6,6,65.0,6,2,58.23529411764706,39.0,115,10,0,0,E1,6,15,0.0,0.0
claim,1823,default,115,6,6,65.0,6,2,58.23529411764706,39.0,115,10,12,12,E1,6,15,0.0,0.0
mas,1823,default,62,6,6,36.833333333333336,0,2,33.05882352941177,22.5,0,12,14,21,E1,6,15,0.0,0.0
mas_iterative,1823,default,61,6,6,36.333333333333336,0,2,32.588235294117645,22.0,0,10,16,24,E1,6,15,0.0,0.0
hungarian,1823,default,61,6,6,36.333333333333336,0,2,32.588235294117645,22.0,0,10,18,58,E1,6,15,0.0,0.0
no_coordination,1824,default,81,6,6,45.666666666666664,4,2,39.8,33.5,40,8,0,0,E1,6,15,0.0,0.0
claim,1824,default,65,6,6,42.666666666666664,1,2,38.7,33.5,21,11,7,7,E1,6,15,0.0,0.0
mas,1824,default,71,6,6,42.0,0,2,37.4,33.0,0,18,14,21,E1,6,15,0.0,0.0
mas_iterative,1824,default,71,6,6,41.666666666666664,0,2,37.0,32.5,0,18,16,24,E1,6,15,0.0,0.0
hungarian,1824,default,63,6,6,40.333333333333336,0,2,36.6,32.5,0,16,18,56,E1,6,15,0.0,0.0
no_coordination,1825,default,121,6,6,65.33333333333333,6,2,51.733333333333334,28.0,121,10,0,0,E1,6,15,0.0,0.0
claim,1825,default,121,6,6,65.33333333333333,6,2,51.733333333333334,28.0,121,10,12,12,E1,6,15,0.0,0.0
mas,1825,default,68,6,6,42.5,0,2,35.266666666666666,21.5,0,8,14,21,E1,6,15,0.0,0.0
mas_iterative,1825,default,67,6,6,42.0,0,2,34.8,21.0,0,6,14,21,E1,6,15,0.0,0.0
hungarian,1825,default,67,6,6,42.0,0,2,34.8,21.0,0,6,18,56,E1,6,15,0.0,0.0
no_coordination,1826,default,77,6,6,41.666666666666664,4,2,36.0,nan,43,8,0,0,E1,6,15,0.0,0.0
claim,1826,default,55,6,6,34.333333333333336,0,2,31.53846153846154,nan,0,12,6,6,E1,6,15,0.0,0.0
mas,1826,default,55,6,6,34.333333333333336,0,2,31.53846153846154,nan,0,12,12,18,E1,6,15,0.0,0.0
mas_iterative,1826,default,55,6,6,34.333333333333336,0,2,31.53846153846154,nan,0,12,12,18,E1,6,15,0.0,0.0
hungarian,1826,default,55,6,6,34.333333333333336,0,2,31.53846153846154,nan,0,12,18,56,E1,6,15,0.0,0.0
no_coordination,1827,default,77,6,6,42.333333333333336,4,2,35.411764705882355,26.0,39,8,0,0,E1,6,15,0.0,0.0
claim,1827,default,51,6,6,34.333333333333336,0,2,30.705882352941178,26.0,0,6,6,6,E1,6,15,0.0,0.0
mas,1827,default,51,6,6,34.333333333333336,0,2,30.705882352941178,26.0,0,6,12,18,E1,6,15,0.0,0.0
mas_iterative,1827,default,51,6,6,34.333333333333336,0,2,30.705882352941178,26.0,0,6,12,18,E1,6,15,0.0,0.0
hungarian,1827,default,51,6,6,34.333333333333336,0,2,30.705882352941178,26.0,0,6,18,56,E1,6,15,0.0,0.0
no_coordination,1828,default,74,6,6,36.0,4,2,31.46153846153846,nan,53,8,0,0,E1,6,15,0.0,0.0
claim,1828,default,74,6,6,36.0,4,2,31.46153846153846,nan,53,8,10,10,E1,6,15,0.0,0.0
mas,1828,default,50,6,6,30.333333333333332,0,2,28.23076923076923,nan,0,9,14,21,E1,6,15,0.0,0.0
mas_iterative,1828,default,50,6,6,30.0,0,2,27.923076923076923,nan,0,9,14,21,E1,6,15,0.0,0.0
hungarian,1828,default,50,6,6,30.0,0,2,27.923076923076923,nan,0,9,18,58,E1,6,15,0.0,0.0
no_coordination,1829,default,60,6,6,45.666666666666664,3,2,41.0,20.0,29,8,0,0,E1,6,15,0.0,0.0
claim,1829,default,57,6,6,43.666666666666664,1,2,39.86666666666667,20.0,21,9,7,7,E1,6,15,0.0,0.0
mas,1829,default,52,6,6,33.666666666666664,0,2,31.733333333333334,20.0,0,14,14,21,E1,6,15,0.0,0.0
mas_iterative,1829,default,51,6,6,33.333333333333336,0,2,31.333333333333332,20.0,0,12,14,21,E1,6,15,0.0,0.0
hungarian,1829,default,51,6,6,33.333333333333336,0,2,31.333333333333332,20.0,0,12,18,56,E1,6,15,0.0,0.0
no_coordination,1830,default,109,6,6,52.0,4,2,37.45454545454545,20.0,88,8,0,0,E1,6,15,0.0,0.0
claim,1830,default,109,6,6,52.0,4,2,37.45454545454545,20.0,88,8,10,10,E1,6,15,0.0,0.0
mas,1830,default,74,6,6,40.666666666666664,0,2,31.272727272727273,20.0,0,22,14,21,E1,6,15,0.0,0.0
mas_iterative,1830,default,73,6,6,40.333333333333336,0,2,31.09090909090909,20.0,0,20,14,21,E1,6,15,0.0,0.0
hungarian,1830,default,73,6,6,40.333333333333336,0,2,31.09090909090909,20.0,0,20,18,58,E1,6,15,0.0,0.0
no_coordination,1831,default,87,6,6,50.833333333333336,3,2,44.44444444444444,26.0,43,7,0,0,E1,6,15,0.0,0.0
claim,1831,default,81,6,6,43.666666666666664,1,2,39.111111111111114,26.0,26,5,7,7,E1,6,15,0.0,0.0
mas,1831,default,81,6,6,43.666666666666664,0,2,39.111111111111114,26.0,0,30,14,21,E1,6,15,0.0,0.0
mas_iterative,1831,default,81,6,6,43.666666666666664,0,2,39.111111111111114,26.0,0,30,14,21,E1,6,15,0.0,0.0
hungarian,1831,default,81,6,6,43.666666666666664,0,2,39.111111111111114,26.0,0,30,20,59,E1,6,15,0.0,0.0
no_coordination,1832,default,93,6,6,42.666666666666664,4,2,39.42857142857143,nan,72,8,0,0,E1,6,15,0.0,0.0
claim,1832,default,93,6,6,42.666666666666664,4,2,39.42857142857143,nan,72,8,10,10,E1,6,15,0.0,0.0
mas,1832,default,66,6,6,35.333333333333336,0,2,33.142857142857146,nan,0,22,14,21,E1,6,15,0.0,0.0
mas_iterative,1832,default,65,6,6,35.0,0,2,32.857142857142854,nan,0,20,14,21,E1,6,15,0.0,0.0
hungarian,1832,default,65,6,6,35.0,0,2,32.857142857142854,nan,0,20,18,58,E1,6,15,0.0,0.0
no_coordination,1833,default,90,6,6,62.833333333333336,4,2,54.666666666666664,nan,67,8,0,0,E1,6,15,0.0,0.0
claim,1833,default,90,6,6,62.833333333333336,3,2,54.666666666666664,nan,67,10,9,9,E1,6,15,0.0,0.0
mas,1833,default,79,6,6,40.0,0,2,37.583333333333336,nan,0,36,14,21,E1,6,15,0.0,0.0
mas_iterative,1833,default,79,6,6,39.666666666666664,0,2,37.166666666666664,nan,0,36,14,21,E1,6,15,0.0,0.0
hungarian,1833,default,79,6,6,39.666666666666664,0,2,37.166666666666664,nan,0,36,18,56,E1,6,15,0.0,0.0
no_coordination,1834,default,165,6,6,86.0,6,2,61.86666666666667,31.0,165,10,0,0,E1,6,15,0.0,0.0
claim,1834,default,165,6,6,86.0,6,2,61.86666666666667,31.0,165,10,12,12,E1,6,15,0.0,0.0
mas,1834,default,88,6,6,43.5,0,2,34.8,23.0,0,36,14,21,E1,6,15,0.0,0.0
mas_iterative,1834,default,87,6,6,43.0,0,2,34.4,23.0,0,34,16,24,E1,6,15,0.0,0.0
hungarian,1834,default,87,6,6,43.0,0,2,34.4,23.0,0,34,18,58,E1,6,15,0.0,0.0
no_coordination,1835,default,111,6,6,56.166666666666664,4,2,46.166666666666664,20.0,96,9,0,0,E1,6,15,0.0,0.0
claim,1835,default,74,6,6,47.5,1,2,40.666666666666664,20.0,21,6,7,7,E1,6,15,0.0,0.0
mas,1835,default,66,6,6,38.833333333333336,0,2,32.583333333333336,20.0,0,20,14,21,E1,6,15,0.0,0.0
mas_iterative,1835,default,65,6,6,38.333333333333336,0,2,32.166666666666664,20.0,0,18,16,24,E1,6,15,0.0,0.0
hungarian,1835,default,65,6,6,38.333333333333336,0,2,32.166666666666664,20.0,0,18,18,58,E1,6,15,0.0,0.0
no_coordination,1836,default,78,6,6,42.833333333333336,3,2,35.411764705882355,20.0,30,7,0,0,E1,6,15,0.0,0.0
claim,1836,default,78,6,6,42.833333333333336,2,2,35.411764705882355,20.0,30,17,8,8,E1,6,15,0.0,0.0
mas,1836,default,81,6,6,38.5,0,2,33.705882352941174,20.0,0,38,14,21,E1,6,15,0.0,0.0
mas_iterative,1836,default,81,6,6,38.333333333333336,0,2,33.529411764705884,20.0,0,38,14,21,E1,6,15,0.0,0.0
hungarian,1836,default,81,6,6,38.333333333333336,0,2,33.529411764705884,20.0,0,38,18,58,E1,6,15,0.0,0.0
no_coordination,1837,default,115,6,6,60.666666666666664,5,2,47.06666666666667,34.0,95,9,0,0,E1,6,15,0.0,0.0
claim,1837,default,81,6,6,52.0,1,2,43.06666666666667,34.0,21,11,7,7,E1,6,15,0.0,0.0
mas,1837,default,74,6,6,44.5,0,2,36.06666666666667,26.5,0,16,14,21,E1,6,15,0.0,0.0
mas_iterative,1837,default,73,6,6,44.0,0,2,35.6,26.0,0,14,14,21,E1,6,15,0.0,0.0
hungarian,1837,default,73,6,6,44.0,0,2,35.6,26.0,0,14,18,56,E1,6,15,0.0,0.0
no_coordination,1838,default,118,6,6,63.0,5,2,51.7,nan,83,9,0,0,E1,6,15,0.0,0.0
claim,1838,default,89,6,6,54.0,1,2,46.3,nan,31,26,7,7,E1,6,15,0.0,0.0
mas,1838,default,66,6,6,37.166666666666664,0,2,33.0,nan,0,20,14,21,E1,6,15,0.0,0.0
mas_iterative,1838,default,65,6,6,36.666666666666664,0,2,32.6,nan,0,18,16,24,E1,6,15,0.0,0.0
hungarian,1838,default,71,6,6,42.333333333333336,0,2,35.2,nan,0,10,18,58,E1,6,15,0.0,0.0
no_coordination,1839,default,89,6,6,52.5,5,2,42.55555555555556,nan,66,9,0,0,E1,6,15,0.0,0.0
claim,1839,default,89,6,6,52.5,4,2,42.55555555555556,nan,59,15,10,10,E1,6,15,0.0,0.0
mas,1839,default,64,6,6,35.166666666666664,0,2,31.0,nan,0,22,14,21,E1,6,15,0.0,0.0
mas_iterative,1839,default,63,6,6,34.666666666666664,0,2,30.666666666666668,nan,0,20,16,24,E1,6,15,0.0,0.0
hungarian,1839,default,63,6,6,34.666666666666664,0,2,30.666666666666668,nan,0,20,18,58,E1,6,15,0.0,0.0
no_coordination,1840,default,119,6,6,74.33333333333333,6,2,58.57142857142857,37.0,119,10,0,0,E1,6,15,0.0,0.0
claim,1840,default,119,6,6,74.33333333333333,6,2,58.57142857142857,37.0,119,10,12,12,E1,6,15,0.0,0.0
mas,1840,default,60,6,6,41.166666666666664,0,2,33.357142857142854,22.5,0,6,14,21,E1,6,15,0.0,0.0
mas_iterative,1840,default,59,6,6,40.666666666666664,0,2,32.857142857142854,22.0,0,4,18,27,E1,6,15,0.0,0.0
hungarian,1840,default,59,6,6,40.666666666666664,0,2,32.857142857142854,22.0,0,4,18,60,E1,6,15,0.0,0.0
no_coordination,1841,default,101,6,6,53.666666666666664,4,2,49.45454545454545,nan,76,8,0,0,E1,6,15,0.0,0.0
claim,1841,default,63,6,6,41.666666666666664,0,2,39.81818181818182,nan,0,4,6,6,E1,6,15,0.0,0.0
mas,1841,default,63,6,6,41.666666666666664,0,2,39.81818181818182,nan,0,4,12,18,E1,6,15,0.0,0.0
mas_iterative,1841,default,63,6,6,41.666666666666664,0,2,39.81818181818182,nan,0,4,12,18,E1,6,15,0.0,0.0
hungarian,1841,default,63,6,6,41.666666666666664,0,2,39.81818181818182,nan,0,4,18,56,E1,6,15,0.0,0.0
no_coordination,1842,default,109,6,6,66.5,4,2,53.76923076923077,36.0,87,8,0,0,E1,6,15,0.0,0.0
claim,1842,default,86,6,6,59.166666666666664,1,2,50.38461538461539,36.0,37,11,7,7,E1,6,15,0.0,0.0
mas,1842,default,72,6,6,41.166666666666664,0,2,32.69230769230769,22.0,0,23,14,21,E1,6,15,0.0,0.0
mas_iterative,1842,default,72,6,6,40.833333333333336,0,2,32.38461538461539,22.0,0,23,14,21,E1,6,15,0.0,0.0
hungarian,1842,default,72,6,6,40.833333333333336,0,2,32.38461538461539,22.0,0,23,18,56,E1,6,15,0.0,0.0
no_coordination,1843,default,137,6,6,65.33333333333333,5,2,54.0,nan,121,9,0,0,E1,6,15,0.0,0.0
claim,1843,default,101,6,6,54.666666666666664,1,2,46.0,nan,21,33,7,7,E1,6,15,0.0,0.0
mas,1843,default,79,6,6,45.666666666666664,0,2,39.25,nan,0,15,14,21,E1,6,15,0.0,0.0
mas_iterative,1843,default,78,6,6,45.166666666666664,0,2,38.875,nan,0,13,14,21,E1,6,15,0.0,0.0
hungarian,1843,default,78,6,6,45.166666666666664,0,2,38.875,nan,0,13,18,56,E1,6,15,0.0,0.0
no_coordination,1844,default,82,6,6,48.833333333333336,3,2,47.05555555555556,24.0,33,7,0,0,E1,6,15,0.0,0.0
claim,1844,default,85,6,6,48.0,1,2,46.666666666666664,24.0,25,37,7,7,E1,6,15,0.0,0.0
mas,1844,default,70,6,6,37.333333333333336,0,2,36.611111111111114,24.0,0,34,14,21,E1,6,15,0.0,0.0
mas_iterative,1844,default,69,6,6,36.666666666666664,0,2,36.0,24.0,0,32,14,21,E1,6,15,0.0,0.0
hungarian,1844,default,69,6,6,36.666666666666664,0,2,36.0,24.0,0,32,18,56,E1,6,15,0.0,0.0
no_coordination,1845,default,108,6,6,50.166666666666664,4,2,43.55555555555556,28.5,48,8,0,0,E1,6,15,0.0,0.0
claim,1845,default,74,6,6,40.166666666666664,0,2,36.166666666666664,28.5,0,21,6,6,E1,6,15,0.0,0.0
mas,1845,default,74,6,6,40.166666666666664,0,2,36.166666666666664,28.5,0,21,12,18,E1,6,15,0.0,0.0
mas_iterative,1845,default,74,6,6,40.166666666666664,0,2,36.166666666666664,28.5,0,21,12,18,E1,6,15,0.0,0.0
hungarian,1845,default,74,6,6,40.166666666666664,0,2,36.166666666666664,28.5,0,21,18,56,E1,6,15,0.0,0.0
no_coordination,1846,default,101,6,6,47.666666666666664,4,2,36.63157894736842,28.0,80,8,0,0,E1,6,15,0.0,0.0
claim,1846,default,101,6,6,47.666666666666664,4,2,36.63157894736842,28.0,80,8,10,10,E1,6,15,0.0,0.0
mas,1846,default,72,6,6,38.333333333333336,0,2,31.94736842105263,27.25,0,26,14,21,E1,6,15,0.0,0.0
mas_iterative,1846,default,71,6,6,38.0,0,2,31.68421052631579,27.0,0,24,14,21,E1,6,15,0.0,0.0
hungarian,1846,default,71,6,6,38.0,0,2,31.68421052631579,27.0,0,24,18,58,E1,6,15,0.0,0.0
no_coordination,1847,default,138,6,6,67.83333333333333,4,2,52.333333333333336,31.333333333333332,72,8,0,0,E1,6,15,0.0,0.0
claim,1847,default,99,6,6,53.166666666666664,0,2,43.77777777777778,31.333333333333332,0,35,6,6,E1,6,15,0.0,0.0
mas,1847,default,99,6,6,53.166666666666664,0,2,43.77777777777778,31.333333333333332,0,35,12,18,E1,6,15,0.0,0.0
mas_iterative,1847,default,99,6,6,53.166666666666664,0,2,43.77777777777778,31.333333333333332,0,35,12,18,E1,6,15,0.0,0.0
hungarian,1847,default,99,6,6,53.166666666666664,0,2,43.77777777777778,31.333333333333332,0,35,18,56,E1,6,15,0.0,0.0
no_coordination,1848,default,55,6,6,34.0,3,2,30.666666666666668,22.0,20,7,0,0,E1,6,15,0.0,0.0
claim,1848,default,55,6,6,34.0,2,2,30.666666666666668,22.0,16,10,8,8,E1,6,15,0.0,0.0
mas,1848,default,54,6,6,32.0,0,2,29.166666666666668,22.0,0,16,14,21,E1,6,15,0.0,0.0
mas_iterative,1848,default,53,6,6,31.666666666666668,0,2,28.88888888888889,22.0,0,14,14,21,E1,6,15,0.0,0.0
hungarian,1848,default,53,6,6,31.666666666666668,0,2,28.88888888888889,22.0,0,14,18,58,E1,6,15,0.0,0.0
no_coordination,1849,default,83,6,6,48.0,5,2,41.285714285714285,32.0,73,9,0,0,E1,6,15,0.0,0.0
claim,1849,default,67,6,6,43.666666666666664,2,2,39.285714285714285,32.0,33,14,8,8,E1,6,15,0.0,0.0
mas,1849,default,63,6,6,42.0,0,2,37.714285714285715,33.0,0,10,14,21,E1,6,15,0.0,0.0
mas_iterative,1849,default,63,6,6,41.666666666666664,0,2,37.285714285714285,32.0,0,10,16,24,E1,6,15,0.0,0.0
hungarian,1849,default,61,6,6,39.666666666666664,0,2,35.285714285714285,24.0,0,10,18,58,E1,6,15,0.0,0.0
no_coordination,1850,default,67,6,6,46.0,4,2,40.61538461538461,nan,48,8,0,0,E1,6,15,0.0,0.0
claim,1850,default,65,6,6,43.0,1,2,38.76923076923077,nan,23,21,7,7,E1,6,15,0.0,0.0
mas,1850,default,58,6,6,37.5,0,2,33.69230769230769,nan,0,20,14,21,E1,6,15,0.0,0.0
mas_iterative,1850,default,57,6,6,37.0,0,2,33.23076923076923,nan,0,18,14,21,E1,6,15,0.0,0.0
hungarian,1850,default,55,6,6,35.0,0,2,31.23076923076923,nan,0,18,18,56,E1,6,15,0.0,0.0
no_coordination,1851,default,83,6,6,39.333333333333336,3,2,38.55555555555556,20.0,27,7,0,0,E1,6,15,0.0,0.0
claim,1851,default,65,6,6,36.333333333333336,1,2,35.55555555555556,20.0,8,17,7,7,E1,6,15,0.0,0.0
mas,1851,default,59,6,6,34.666666666666664,0,2,34.27777777777778,20.0,0,8,14,21,E1,6,15,0.0,0.0
mas_iterative,1851,default,59,6,6,34.333333333333336,0,2,34.0,20.0,0,8,14,21,E1,6,15,0.0,0.0
hungarian,1851,default,59,6,6,34.333333333333336,0,2,34.0,20.0,0,8,18,58,E1,6,15,0.0,0.0
no_coordination,1852,default,72,6,6,43.333333333333336,4,2,36.642857142857146,22.0,24,8,0,0,E1,6,15,0.0,0.0
claim,1852,default,65,6,6,38.0,0,2,33.57142857142857,22.0,0,18,6,6,E1,6,15,0.0,0.0
mas,1852,default,65,6,6,38.0,0,2,33.57142857142857,22.0,0,18,12,18,E1,6,15,0.0,0.0
mas_iterative,1852,default,65,6,6,38.0,0,2,33.57142857142857,22.0,0,18,12,18,E1,6,15,0.0,0.0
hungarian,1852,default,65,6,6,38.0,0,2,33.57142857142857,22.0,0,18,18,56,E1,6,15,0.0,0.0
no_coordination,1853,default,79,6,6,48.0,4,2,39.333333333333336,23.0,39,8,0,0,E1,6,15,0.0,0.0
claim,1853,default,65,6,6,41.666666666666664,0,2,35.6,23.0,0,10,6,6,E1,6,15,0.0,0.0
mas,1853,default,65,6,6,41.666666666666664,0,2,35.6,23.0,0,10,12,18,E1,6,15,0.0,0.0
mas_iterative,1853,default,65,6,6,41.666666666666664,0,2,35.6,23.0,0,10,12,18,E1,6,15,0.0,0.0
hungarian,1853,default,65,6,6,41.666666666666664,0,2,35.6,23.0,0,10,18,56,E1,6,15,0.0,0.0
no_coordination,1854,default,81,6,6,49.166666666666664,4,2,46.0,27.0,57,8,0,0,E1,6,15,0.0,0.0
claim,1854,default,74,6,6,42.5,1,2,40.285714285714285,27.0,21,18,7,7,E1,6,15,0.0,0.0
mas,1854,default,65,6,6,35.833333333333336,0,2,34.80952380952381,28.666666666666668,0,27,16,24,E1,6,15,0.0,0.0
mas_iterative,1854,default,64,6,6,35.166666666666664,0,2,34.19047619047619,28.333333333333332,0,25,14,21,E1,6,15,0.0,0.0
hungarian,1854,default,64,6,6,35.166666666666664,0,2,34.19047619047619,28.333333333333332,0,25,18,56,E1,6,15,0.0,0.0
no_coordination,1855,default,106,6,6,52.833333333333336,4,2,44.18181818181818,nan,55,8,0,0,E1,6,15,0.0,0.0
claim,1855,default,82,6,6,48.333333333333336,1,2,41.72727272727273,nan,27,20,7,7,E1,6,15,0.0,0.0
mas,1855,default,72,6,6,37.833333333333336,0,2,32.27272727272727,nan,0,26,14,21,E1,6,15,0.0,0.0
mas_iterative,1855,default,71,6,6,37.333333333333336,0,2,31.818181818181817,nan,0,24,16,24,E1,6,15,0.0,0.0
hungarian,1855,default,71,6,6,37.333333333333336,0,2,31.818181818181817,nan,0,24,18,58,E1,6,15,0.0,0.0
no_coordination,1856,default,137,6,6,89.66666666666667,5,2,77.52941176470588,42.0,117,9,0,0,E1,6,15,0.0,0.0
claim,1856,default,137,6,6,89.66666666666667,4,2,77.52941176470588,42.0,117,22,10,10,E1,6,15,0.0,0.0
mas,1856,default,83,6,6,46.0,0,2,42.0,32.0,0,32,14,21,E1,6,15,0.0,0.0
mas_iterative,1856,default,83,6,6,45.666666666666664,0,2,41.64705882352941,32.0,0,32,14,21,E1,6,15,0.0,0.0
hungarian,1856,default,83,6,6,45.666666666666664,0,2,41.64705882352941,32.0,0,32,18,56,E1,6,15,0.0,0.0
no_coordination,1857,default,95,6,6,60.333333333333336,4,2,52.166666666666664,nan,70,8,0,0,E1,6,15,0.0,0.0
claim,1857,default,109,6,6,58.0,3,2,49.833333333333336,nan,91,7,9,9,E1,6,15,0.0,0.0
mas,1857,default,75,6,6,38.666666666666664,0,2,32.333333333333336,nan,0,30,14,21,E1,6,15,0.0,0.0
mas_iterative,1857,default,75,6,6,38.333333333333336,0,2,32.0,nan,0,30,14,21,E1,6,15,0.0,0.0
hungarian,1857,default,75,6,6,38.333333333333336,0,2,32.0,nan,0,30,18,56,E1,6,15,0.0,0.0
no_coordination,1858,default,139,6,6,72.16666666666667,4,2,64.0625,30.0,120,9,0,0,E1,6,15,0.0,0.0
claim,1858,default,104,6,6,63.5,1,2,57.5625,30.0,31,24,7,7,E1,6,15,0.0,0.0
mas,1858,default,93,6,6,49.166666666666664,0,2,44.0625,20.0,0,26,14,21,E1,6,15,0.0,0.0
mas_iterative,1858,default,93,6,6,48.666666666666664,0,2,43.625,20.0,0,26,16,24,E1,6,15,0.0,0.0
hungarian,1858,default,93,6,6,48.666666666666664,0,2,43.625,20.0,0,26,18,58,E1,6,15,0.0,0.0
no_coordination,1859,default,111,6,6,52.666666666666664,4,2,46.22222222222222,20.0,90,8,0,0,E1,6,15,0.0,0.0
claim,1859,default,111,6,6,52.666666666666664,4,2,46.22222222222222,20.0,90,8,10,10,E1,6,15,0.0,0.0
mas,1859,default,74,6,6,39.666666666666664,0,2,36.833333333333336,20.0,0,20,14,21,E1,6,15,0.0,0.0
mas_iterative,1859,default,73,6,6,39.333333333333336,0,2,36.55555555555556,20.0,0,18,14,21,E1,6,15,0.0,0.0
hungarian,1859,default,73,6,6,39.333333333333336,0,2,36.55555555555556,20.0,0,18,18,58,E1,6,15,0.0,0.0
no_coordination,1860,default,107,6,6,58.166666666666664,4,2,49.0,nan,90,8,0,0,E1,6,15,0.0,0.0
claim,1860,default,87,6,6,53.333333333333336,1,2,46.583333333333336,nan,29,26,7,7,E1,6,15,0.0,0.0
mas,1860,default,85,6,6,44.166666666666664,0,2,36.333333333333336,nan,0,36,14,21,E1,6,15,0.0,0.0
mas_iterative,1860,default,85,6,6,43.666666666666664,0,2,35.833333333333336,nan,0,36,16,24,E1,6,15,0.0,0.0
hungarian,1860,default,85,6,6,43.666666666666664,0,2,35.833333333333336,nan,0,36,20,59,E1,6,15,0.0,0.0
no_coordination,1861,default,127,6,6,65.66666666666667,5,2,50.125,23.0,106,9,0,0,E1,6,15,0.0,0.0
claim,1861,default,79,6,6,47.666666666666664,0,2,39.25,23.0,0,14,6,6,E1,6,15,0.0,0.0
mas,1861,default,79,6,6,47.666666666666664,0,2,39.25,23.0,0,14,12,18,E1,6,15,0.0,0.0
mas_iterative,1861,default,79,6,6,47.666666666666664,0,2,39.25,23.0,0,14,12,18,E1,6,15,0.0,0.0
hungarian,1861,default,79,6,6,47.666666666666664,0,2,39.25,23.0,0,14,18,56,E1,6,15,0.0,0.0
no_coordination,1862,default,99,6,6,56.0,2,2,47.294117647058826,20.0,54,6,0,0,E1,6,15,0.0,0.0
claim,1862,default,99,6,6,56.0,1,2,47.294117647058826,20.0,32,27,7,7,E1,6,15,0.0,0.0
mas,1862,default,91,6,6,48.0,0,2,41.64705882352941,20.0,0,28,14,21,E1,6,15,0.0,0.0
mas_iterative,1862,default,91,6,6,47.666666666666664,0,2,41.411764705882355,20.0,0,28,14,21,E1,6,15,0.0,0.0
hungarian,1862,default,91,6,6,47.666666666666664,0,2,41.411764705882355,20.0,0,28,18,58,E1,6,15,0.0,0.0
no_coordination,1863,default,97,6,6,52.166666666666664,4,2,44.07142857142857,nan,75,8,0,0,E1,6,15,0.0,0.0
claim,1863,default,69,6,6,39.166666666666664,0,2,34.92857142857143,nan,0,23,6,6,E1,6,15,0.0,0.0
mas,1863,default,69,6,6,39.166666666666664,0,2,34.92857142857143,nan,0,23,12,18,E1,6,15,0.0,0.0
mas_iterative,1863,default,69,6,6,39.166666666666664,0,2,34.92857142857143,nan,0,23,12,18,E1,6,15,0.0,0.0
hungarian,1863,default,69,6,6,39.166666666666664,0,2,34.92857142857143,nan,0,23,18,56,E1,6,15,0.0,0.0
no_coordination,1864,default,122,6,6,68.5,5,2,61.4375,22.0,81,9,0,0,E1,6,15,0.0,0.0
claim,1864,default,102,6,6,62.666666666666664,2,2,57.0625,22.0,45,29,8,8,E1,6,15,0.0,0.0
mas,1864,default,84,6,6,46.0,0,2,42.3125,22.0,0,28,14,21,E1,6,15,0.0,0.0
mas_iterative,1864,default,83,6,6,45.333333333333336,0,2,41.75,22.0,0,26,14,21,E1,6,15,0.0,0.0
hungarian,1864,default,83,6,6,45.333333333333336,0,2,41.75,22.0,0,26,18,56,E1,6,15,0.0,0.0
no_coordination,1865,default,139,6,6,65.0,5,2,46.142857142857146,22.0,118,9,0,0,E1,6,15,0.0,0.0
claim,1865,default,83,6,6,47.666666666666664,0,2,37.0,22.0,0,10,6,6,E1,6,15,0.0,0.0
mas,1865,default,83,6,6,47.666666666666664,0,2,37.0,22.0,0,10,12,18,E1,6,15,0.0,0.0
mas_iterative,1865,default,83,6,6,47.666666666666664,0,2,37.0,22.0,0,10,12,18,E1,6,15,0.0,0.0
hungarian,1865,default,83,6,6,47.666666666666664,0,2,37.0,22.0,0,10,18,56,E1,6,15,0.0,0.0
no_coordination,1866,default,105,6,6,55.166666666666664,5,2,49.5,36.0,69,9,0,0,E1,6,15,0.0,0.0
claim,1866,default,83,6,6,44.5,1,2,41.22222222222222,36.0,25,38,7,7,E1,6,15,0.0,0.0
mas,1866,default,72,6,6,38.166666666666664,0,2,34.888888888888886,26.5,0,35,14,21,E1,6,15,0.0,0.0
mas_iterative,1866,default,72,6,6,37.833333333333336,0,2,34.55555555555556,26.0,0,35,14,21,E1,6,15,0.0,0.0
hungarian,1866,default,68,6,6,33.833333333333336,0,2,30.555555555555557,22.0,0,35,18,56,E1,6,15,0.0,0.0
no_coordination,1867,default,87,6,6,50.0,3,2,41.6,20.0,23,7,0,0,E1,6,15,0.0,0.0
claim,1867,default,73,6,6,45.0,0,2,38.93333333333333,20.0,0,10,6,6,E1,6,15,0.0,0.0
mas,1867,default,73,6,6,45.0,0,2,38.93333333333333,20.0,0,10,12,18,E1,6,15,0.0,0.0
mas_iterative,1867,default,73,6,6,45.0,0,2,38.93333333333333,20.0,0,10,12,18,E1,6,15,0.0,0.0
hungarian,1867,default,73,6,6,45.0,0,2,38.93333333333333,20.0,0,10,18,56,E1,6,15,0.0,0.0
no_coordination,1868,default,127,6,6,69.33333333333333,4,2,57.55555555555556,20.0,106,8,0,0,E1,6,15,0.0,0.0
claim,1868,default,127,6,6,69.33333333333333,4,2,57.55555555555556,20.0,106,8,10,10,E1,6,15,0.0,0.0
mas,1868,default,87,6,6,48.333333333333336,0,2,43.77777777777778,20.0,0,30,14,21,E1,6,15,0.0,0.0
mas_iterative,1868,default,87,6,6,48.0,0,2,43.55555555555556,20.0,0,30,14,21,E1,6,15,0.0,0.0
hungarian,1868,default,87,6,6,48.0,0,2,43.55555555555556,20.0,0,30,18,58,E1,6,15,0.0,0.0
no_coordination,1869,default,98,6,6,64.16666666666667,4,2,54.07142857142857,26.0,79,8,0,0,E1,6,15,0.0,0.0
claim,1869,default,103,6,6,61.5,2,2,52.92857142857143,26.0,49,35,8,8,E1,6,15,0.0,0.0
mas,1869,default,77,6,6,39.5,0,2,32.857142857142854,20.0,0,36,14,21,E1,6,15,0.0,0.0
mas_iterative,1869,default,77,6,6,39.0,0,2,32.42857142857143,20.0,0,36,14,21,E1,6,15,0.0,0.0
hungarian,1869,default,77,6,6,39.0,0,2,32.42857142857143,20.0,0,36,18,56,E1,6,15,0.0,0.0
no_coordination,1870,default,141,6,6,76.33333333333333,6,2,61.857142857142854,24.0,141,10,0,0,E1,6,15,0.0,0.0
claim,1870,default,141,6,6,76.33333333333333,6,2,61.857142857142854,24.0,141,10,12,12,E1,6,15,0.0,0.0
mas,1870,default,62,6,6,38.5,0,2,34.285714285714285,20.0,0,6,14,21,E1,6,15,0.0,0.0
mas_iterative,1870,default,61,6,6,38.0,0,2,33.857142857142854,20.0,0,4,16,24,E1,6,15,0.0,0.0
hungarian,1870,default,61,6,6,38.0,0,2,33.857142857142854,20.0,0,4,18,58,E1,6,15,0.0,0.0
no_coordination,1871,default,75,6,6,40.333333333333336,3,2,38.35294117647059,nan,31,7,0,0,E1,6,15,0.0,0.0
claim,1871,default,53,6,6,35.333333333333336,0,2,34.35294117647059,nan,0,6,6,6,E1,6,15,0.0,0.0
mas,1871,default,53,6,6,35.333333333333336,0,2,34.35294117647059,nan,0,6,12,18,E1,6,15,0.0,0.0
mas_iterative,1871,default,53,6,6,35.333333333333336,0,2,34.35294117647059,nan,0,6,12,18,E1,6,15,0.0,0.0
hungarian,1871,default,53,6,6,35.333333333333336,0,2,34.35294117647059,nan,0,6,18,56,E1,6,15,0.0,0.0
no_coordination,1872,default,88,6,6,54.0,4,2,50.10526315789474,33.5,46,8,0,0,E1,6,15,0.0,0.0
claim,1872,default,93,6,6,50.333333333333336,1,2,48.10526315789474,33.5,23,38,7,7,E1,6,15,0.0,0.0
mas,1872,default,78,6,6,39.333333333333336,0,2,38.78947368421053,35.0,0,34,14,21,E1,6,15,0.0,0.0
mas_iterative,1872,default,77,6,6,38.666666666666664,0,2,38.21052631578947,35.0,0,32,14,21,E1,6,15,0.0,0.0
hungarian,1872,default,77,6,6,39.0,0,2,37.05263157894737,21.0,0,30,18,56,E1,6,15,0.0,0.0
no_coordination,1873,default,91,6,6,45.0,3,2,34.92307692307692,20.0,58,7,0,0,E1,6,15,0.0,0.0
claim,1873,default,71,6,6,41.666666666666664,1,2,33.38461538461539,20.0,12,11,7,7,E1,6,15,0.0,0.0
mas,1873,default,75,6,6,41.166666666666664,0,2,32.30769230769231,20.0,0,26,14,21,E1,6,15,0.0,0.0
mas_iterative,1873,default,75,6,6,41.0,0,2,32.15384615384615,20.0,0,26,14,21,E1,6,15,0.0,0.0
hungarian,1873,default,75,6,6,41.0,0,2,32.15384615384615,20.0,0,26,18,58,E1,6,15,0.0,0.0
no_coordination,1874,default,93,6,6,51.666666666666664,3,2,39.07692307692308,nan,52,7,0,0,E1,6,15,0.0,0.0
claim,1874,default,93,6,6,51.666666666666664,2,2,39.07692307692308,nan,46,12,8,8,E1,6,15,0.0,0.0
mas,1874,default,83,6,6,43.5,0,2,34.92307692307692,nan,0,26,14,21,E1,6,15,0.0,0.0
mas_iterative,1874,default,83,6,6,43.333333333333336,0,2,34.76923076923077,nan,0,26,14,21,E1,6,15,0.0,0.0
hungarian,1874,default,83,6,6,43.333333333333336,0,2,34.76923076923077,nan,0,26,18,58,E1,6,15,0.0,0.0
no_coordination,1875,default,84,6,6,51.5,3,2,41.35294117647059,28.666666666666668,44,7,0,0,E1,6,15,0.0,0.0
claim,1875,default,65,6,6,41.0,0,2,35.529411764705884,28.666666666666668,0,18,6,6,E1,6,15,0.0,0.0
mas,1875,default,65,6,6,41.0,0,2,35.529411764705884,28.666666666666668,0,18,12,18,E1,6,15,0.0,0.0
mas_iterative,1875,default,65,6,6,41.0,0,2,35.529411764705884,28.666666666666668,0,18,12,18,E1,6,15,0.0,0.0
hungarian,1875,default,65,6,6,41.0,0,2,35.529411764705884,28.666666666666668,0,18,18,56,E1,6,15,0.0,0.0
no_coordination,1876,default,79,6,6,47.0,3,2,42.666666666666664,20.0,42,7,0,0,E1,6,15,0.0,0.0
claim,1876,default,79,6,6,47.0,2,2,42.666666666666664,20.0,36,12,8,8,E1,6,15,0.0,0.0
mas,1876,default,66,6,6,40.0,0,2,37.06666666666667,20.0,0,12,14,21,E1,6,15,0.0,0.0
mas_iterative,1876,default,65,6,6,39.666666666666664,0,2,36.8,20.0,0,10,14,21,E1,6,15,0.0,0.0
hungarian,1876,default,65,6,6,39.666666666666664,0,2,36.8,20.0,0,10,18,58,E1,6,15,0.0,0.0
no_coordination,1877,default,113,6,6,60.833333333333336,4,2,55.75,44.0,87,8,0,0,E1,6,15,0.0,0.0
claim,1877,default,72,6,6,46.5,0,2,44.15,39.0,0,9,6,6,E1,6,15,0.0,0.0
mas,1877,default,72,6,6,46.5,0,2,44.15,39.0,0,9,12,18,E1,6,15,0.0,0.0
mas_iterative,1877,default,72,6,6,46.5,0,2,44.15,39.0,0,9,12,18,E1,6,15,0.0,0.0
hungarian,1877,default,72,6,6,46.5,0,2,44.15,39.0,0,9,18,56,E1,6,15,0.0,0.0
no_coordination,1878,default,101,6,6,47.666666666666664,4,2,37.6,20.0,80,8,0,0,E1,6,15,0.0,0.0
claim,1878,default,101,6,6,47.666666666666664,4,2,37.6,20.0,80,8,10,10,E1,6,15,0.0,0.0
mas,1878,default,72,6,6,38.333333333333336,0,2,32.06666666666667,20.0,0,26,14,21,E1,6,15,0.0,0.0
mas_iterative,1878,default,71,6,6,38.0,0,2,31.866666666666667,20.0,0,24,14,21,E1,6,15,0.0,0.0
hungarian,1878,default,71,6,6,38.0,0,2,31.866666666666667,20.0,0,24,18,58,E1,6,15,0.0,0.0
no_coordination,1879,default,95,6,6,58.333333333333336,6,2,51.07692307692308,nan,95,10,0,0,E1,6,15,0.0,0.0
claim,1879,default,95,6,6,58.333333333333336,6,2,51.07692307692308,nan,95,10,12,12,E1,6,15,0.0,0.0
mas,1879,default,51,6,6,35.166666666666664,0,2,31.846153846153847,nan,0,6,14,21,E1,6,15,0.0,0.0
mas_iterative,1879,default,51,6,6,34.666666666666664,0,2,31.384615384615383,nan,0,6,16,24,E1,6,15,0.0,0.0
hungarian,1879,default,51,6,6,34.666666666666664,0,2,31.384615384615383,nan,0,6,18,58,E1,6,15,0.0,0.0
no_coordination,1880,default,78,6,6,53.166666666666664,5,2,45.142857142857146,20.0,72,9,0,0,E1,6,15,0.0,0.0
claim,1880,default,74,6,6,50.833333333333336,3,2,44.142857142857146,20.0,57,17,9,9,E1,6,15,0.0,0.0
mas,1880,default,49,6,6,30.833333333333332,0,2,28.785714285714285,20.0,0,15,14,21,E1,6,15,0.0,0.0
mas_iterative,1880,default,48,6,6,30.333333333333332,0,2,28.357142857142858,20.0,0,13,16,24,E1,6,15,0.0,0.0
hungarian,1880,default,48,6,6,30.333333333333332,0,2,28.357142857142858,20.0,0,13,18,58,E1,6,15,0.0,0.0
no_coordination,1881,default,104,6,6,59.0,4,2,48.86666666666667,22.0,69,8,0,0,E1,6,15,0.0,0.0
claim,1881,default,87,6,6,56.0,1,2,47.6,22.0,23,5,7,7,E1,6,15,0.0,0.0
mas,1881,default,83,6,6,48.5,0,2,41.266666666666666,22.0,0,12,14,21,E1,6,15,0.0,0.0
mas_iterative,1881,default,83,6,6,48.0,0,2,40.8,22.0,0,12,14,21,E1,6,15,0.0,0.0
hungarian,1881,default,75,6,6,45.0,0,2,37.86666666666667,24.0,0,6,18,56,E1,6,15,0.0,0.0
no_coordination,1882,default,145,6,6,82.66666666666667,6,2,66.0,34.0,145,10,0,0,E1,6,15,0.0,0.0
claim,1882,default,145,6,6,82.66666666666667,6,2,66.0,34.0,145,10,12,12,E1,6,15,0.0,0.0
mas,1882,default,85,6,6,43.333333333333336,0,2,34.53846153846154,20.0,0,38,14,21,E1,6,15,0.0,0.0
mas_iterative,1882,default,85,6,6,43.0,0,2,34.15384615384615,20.0,0,38,16,24,E1,6,15,0.0,0.0
hungarian,1882,default,85,6,6,43.0,0,2,34.15384615384615,20.0,0,38,20,59,E1,6,15,0.0,0.0
no_coordination,1883,default,69,6,6,40.0,4,2,32.90909090909091,nan,23,8,0,0,E1,6,15,0.0,0.0
claim,1883,default,57,6,6,33.333333333333336,0,2,29.09090909090909,nan,0,22,6,6,E1,6,15,0.0,0.0
mas,1883,default,57,6,6,33.333333333333336,0,2,29.09090909090909,nan,0,22,12,18,E1,6,15,0.0,0.0
mas_iterative,1883,default,57,6,6,33.333333333333336,0,2,29.09090909090909,nan,0,22,12,18,E1,6,15,0.0,0.0
hungarian,1883,default,57,6,6,33.333333333333336,0,2,29.09090909090909,nan,0,22,18,56,E1,6,15,0.0,0.0
no_coordination,1884,default,65,6,6,36.0,3,2,33.26315789473684,24.0,13,7,0,0,E1,6,15,0.0,0.0
claim,1884,default,61,6,6,35.333333333333336,1,2,32.8421052631579,24.0,8,21,7,7,E1,6,15,0.0,0.0
mas,1884,default,54,6,6,32.666666666666664,0,2,30.68421052631579,24.0,0,16,14,21,E1,6,15,0.0,0.0
mas_iterative,1884,default,53,6,6,32.333333333333336,0,2,30.42105263157895,24.0,0,14,14,21,E1,6,15,0.0,0.0
hungarian,1884,default,53,6,6,32.333333333333336,0,2,30.42105263157895,24.0,0,14,18,58,E1,6,15,0.0,0.0
no_coordination,1885,default,131,6,6,61.666666666666664,4,2,47.857142857142854,20.0,110,8,0,0,E1,6,15,0.0,0.0
claim,1885,default,131,6,6,61.666666666666664,4,2,47.857142857142854,20.0,110,8,10,10,E1,6,15,0.0,0.0
mas,1885,default,77,6,6,45.666666666666664,0,2,38.07142857142857,20.0,0,6,14,21,E1,6,15,0.0,0.0
mas_iterative,1885,default,77,6,6,45.333333333333336,0,2,37.857142857142854,20.0,0,6,14,21,E1,6,15,0.0,0.0
hungarian,1885,default,77,6,6,45.333333333333336,0,2,37.857142857142854,20.0,0,6,18,58,E1,6,15,0.0,0.0
no_coordination,1886,default,86,6,6,45.0,3,2,40.3125,22.0,63,7,0,0,E1,6,15,0.0,0.0
claim,1886,default,81,6,6,43.666666666666664,1,2,39.3125,22.0,23,32,7,7,E1,6,15,0.0,0.0
mas,1886,default,75,6,6,39.833333333333336,0,2,35.875,22.0,0,28,14,21,E1,6,15,0.0,0.0
mas_iterative,1886,default,75,6,6,39.333333333333336,0,2,35.375,22.0,0,28,14,21,E1,6,15,0.0,0.0
hungarian,1886,default,75,6,6,39.333333333333336,0,2,35.375,22.0,0,28,18,56,E1,6,15,0.0,0.0
no_coordination,1887,default,93,6,6,48.666666666666664,4,2,39.23076923076923,nan,72,8,0,0,E1,6,15,0.0,0.0
claim,1887,default,93,6,6,48.666666666666664,4,2,39.23076923076923,nan,72,8,10,10,E1,6,15,0.0,0.0
mas,1887,default,71,6,6,38.0,0,2,32.69230769230769,nan,0,32,14,21,E1,6,15,0.0,0.0
mas_iterative,1887,default,71,6,6,37.666666666666664,0,2,32.46153846153846,nan,0,32,16,24,E1,6,15,0.0,0.0
hungarian,1887,default,71,6,6,37.666666666666664,0,2,32.46153846153846,nan,0,32,20,61,E1,6,15,0.0,0.0
no_coordination,1888,default,104,6,6,61.0,4,2,54.583333333333336,nan,41,8,0,0,E1,6,15,0.0,0.0
claim,1888,default,91,6,6,58.0,1,2,52.666666666666664,nan,27,17,7,7,E1,6,15,0.0,0.0
mas,1888,default,74,6,6,46.5,0,2,42.25,nan,0,10,14,21,E1,6,15,0.0,0.0
mas_iterative,1888,default,73,6,6,46.0,0,2,41.833333333333336,nan,0,8,14,21,E1,6,15,0.0,0.0
hungarian,1888,default,73,6,6,45.666666666666664,0,2,41.5,nan,0,4,18,56,E1,6,15,0.0,0.0
no_coordination,1889,default,62,6,6,44.0,4,2,36.0,25.0,50,8,0,0,E1,6,15,0.0,0.0
claim,1889,default,62,6,6,44.0,3,2,36.0,25.0,46,11,9,9,E1,6,15,0.0,0.0
mas,1889,default,52,6,6,36.333333333333336,0,2,31.571428571428573,25.0,0,11,14,21,E1,6,15,0.0,0.0
mas_iterative,1889,default,52,6,6,35.833333333333336,0,2,31.142857142857142,24.5,0,11,14,21,E1,6,15,0.0,0.0
hungarian,1889,default,52,6,6,35.833333333333336,0,2,31.142857142857142,24.5,0,11,18,56,E1,6,15,0.0,0.0
no_coordination,1890,default,85,6,6,44.0,4,2,35.875,20.0,64,8,0,0,E1,6,15,0.0,0.0
claim,1890,default,85,6,6,44.0,4,2,35.875,20.0,64,8,10,10,E1,6,15,0.0,0.0
mas,1890,default,58,6,6,35.333333333333336,0,2,30.875,20.0,0,14,14,21,E1,6,15,0.0,0.0
mas_iterative,1890,default,57,6,6,35.0,0,2,30.625,20.0,0,12,14,21,E1,6,15,0.0,0.0
hungarian,1890,default,57,6,6,35.0,0,2,30.625,20.0,0,12,18,58,E1,6,15,0.0,0.0
no_coordination,1891,default,90,6,6,55.5,4,2,41.666666666666664,23.0,67,9,0,0,E1,6,15,0.0,0.0
claim,1891,default,90,6,6,55.5,4,2,41.666666666666664,23.0,67,9,10,10,E1,6,15,0.0,0.0
mas,1891,default,70,6,6,41.833333333333336,0,2,32.86666666666667,20.5,0,14,14,21,E1,6,15,0.0,0.0
mas_iterative,1891,default,69,6,6,41.333333333333336,0,2,32.4,20.0,0,12,16,24,E1,6,15,0.0,0.0
hungarian,1891,default,69,6,6,41.333333333333336,0,2,32.4,20.0,0,12,18,58,E1,6,15,0.0,0.0
no_coordination,1892,default,104,6,6,54.333333333333336,5,2,41.84615384615385,20.0,61,9,0,0,E1,6,15,0.0,0.0
claim,1892,default,76,6,6,46.0,1,2,38.0,20.0,21,18,7,7,E1,6,15,0.0,0.0
mas,1892,default,82,6,6,43.0,0,2,36.30769230769231,20.0,0,32,14,21,E1,6,15,0.0,0.0
mas_iterative,1892,default,81,6,6,42.333333333333336,0,2,35.84615384615385,20.0,0,30,14,21,E1,6,15,0.0,0.0
hungarian,1892,default,65,6,6,39.333333333333336,0,2,32.92307692307692,28.0,0,12,18,58,E1,6,15,0.0,0.0
no_coordination,1893,default,81,6,6,49.0,6,2,45.2,34.0,81,10,0,0,E1,6,15,0.0,0.0
claim,1893,default,81,6,6,49.0,6,2,45.2,34.0,81,10,12,12,E1,6,15,0.0,0.0
mas,1893,default,56,6,6,36.166666666666664,0,2,34.05,28.333333333333332,0,18,14,21,E1,6,15,0.0,0.0
mas_iterative,1893,default,55,6,6,35.666666666666664,0,2,33.6,28.0,0,16,16,24,E1,6,15,0.0,0.0
hungarian,1893,default,55,6,6,34.666666666666664,0,2,32.6,27.333333333333332,0,18,18,56,E1,6,15,0.0,0.0
no_coordination,1894,default,65,6,6,38.0,3,2,33.5,20.0,36,7,0,0,E1,6,15,0.0,0.0
claim,1894,default,53,6,6,36.0,1,2,32.75,20.0,12,5,7,7,E1,6,15,0.0,0.0
mas,1894,default,51,6,6,33.5,0,2,30.3125,20.0,0,14,14,21,E1,6,15,0.0,0.0
mas_iterative,1894,default,51,6,6,33.333333333333336,0,2,30.125,20.0,0,14,14,21,E1,6,15,0.0,0.0
hungarian,1894,default,51,6,6,33.333333333333336,0,2,30.125,20.0,0,14,18,58,E1,6,15,0.0,0.0
no_coordination,1895,default,126,6,6,62.666666666666664,5,2,48.07692307692308,nan,83,9,0,0,E1,6,15,0.0,0.0
claim,1895,default,93,6,6,51.333333333333336,1,2,42.30769230769231,nan,21,32,7,7,E1,6,15,0.0,0.0
mas,1895,default,68,6,6,38.833333333333336,0,2,32.92307692307692,nan,0,14,14,21,E1,6,15,0.0,0.0
mas_iterative,1895,default,67,6,6,38.333333333333336,0,2,32.46153846153846,nan,0,12,16,24,E1,6,15,0.0,0.0
hungarian,1895,default,67,6,6,38.333333333333336,0,2,32.46153846153846,nan,0,12,18,58,E1,6,15,0.0,0.0
no_coordination,1896,default,87,6,6,48.0,4,2,39.375,21.0,34,8,0,0,E1,6,15,0.0,0.0
claim,1896,default,79,6,6,40.666666666666664,0,2,34.875,21.0,0,32,6,6,E1,6,15,0.0,0.0
mas,1896,default,79,6,6,40.666666666666664,0,2,34.875,21.0,0,32,12,18,E1,6,15,0.0,0.0
mas_iterative,1896,default,79,6,6,40.666666666666664,0,2,34.875,21.0,0,32,12,18,E1,6,15,0.0,0.0
hungarian,1896,default,79,6,6,40.666666666666664,0,2,34.875,21.0,0,32,18,56,E1,6,15,0.0,0.0
no_coordination,1897,default,99,6,6,65.33333333333333,4,2,59.05263157894737,47.333333333333336,79,8,0,0,E1,6,15,0.0,0.0
claim,1897,default,99,6,6,65.33333333333333,4,2,59.05263157894737,47.333333333333336,79,8,10,10,E1,6,15,0.0,0.0
mas,1897,default,66,6,6,42.666666666666664,0,2,38.68421052631579,32.333333333333336,0,15,14,21,E1,6,15,0.0,0.0
mas_iterative,1897,default,66,6,6,42.166666666666664,0,2,38.1578947368421,32.0,0,15,14,21,E1,6,15,0.0,0.0
hungarian,1897,default,66,6,6,42.166666666666664,0,2,38.1578947368421,32.0,0,15,18,56,E1,6,15,0.0,0.0
no_coordination,1898,default,86,6,6,53.0,4,2,45.75,nan,45,8,0,0,E1,6,15,0.0,0.0
claim,1898,default,79,6,6,51.833333333333336,2,2,45.166666666666664,nan,37,19,8,8,E1,6,15,0.0,0.0
mas,1898,default,60,6,6,35.833333333333336,0,2,32.25,nan,0,24,14,21,E1,6,15,0.0,0.0
mas_iterative,1898,default,59,6,6,35.333333333333336,0,2,31.833333333333332,nan,0,22,16,24,E1,6,15,0.0,0.0
hungarian,1898,default,59,6,6,35.333333333333336,0,2,31.833333333333332,nan,0,22,18,58,E1,6,15,0.0,0.0
no_coordination,1899,default,110,6,6,60.0,5,2,53.5,33.0,81,9,0,0,E1,6,15,0.0,0.0
claim,1899,default,77,6,6,50.333333333333336,1,2,46.45,33.0,25,12,7,7,E1,6,15,0.0,0.0
mas,1899,default,67,6,6,43.833333333333336,0,2,40.45,28.333333333333332,0,6,14,21,E1,6,15,0.0,0.0
mas_iterative,1899,default,67,6,6,43.333333333333336,0,2,40.0,28.0,0,6,16,24,E1,6,15,0.0,0.0
hungarian,1899,default,67,6,6,43.333333333333336,0,2,40.0,28.0,0,6,18,58,E1,6,15,0.0,0.0
no_coordination,1900,default,107,6,6,64.66666666666667,3,2,56.57142857142857,20.0,79,7,0,0,E1,6,15,0.0,0.0
claim,1900,default,107,6,6,64.66666666666667,2,2,56.57142857142857,20.0,49,36,8,8,E1,6,15,0.0,0.0
mas,1900,default,82,6,6,42.333333333333336,0,2,39.357142857142854,20.0,0,38,14,21,E1,6,15,0.0,0.0
mas_iterative,1900,default,81,6,6,41.666666666666664,0,2,38.857142857142854,20.0,0,36,16,24,E1,6,15,0.0,0.0
hungarian,1900,default,81,6,6,41.666666666666664,0,2,38.857142857142854,20.0,0,36,18,58,E1,6,15,0.0,0.0
no_coordination,1901,default,78,6,6,45.0,3,2,41.36842105263158,26.5,28,7,0,0,E1,6,15,0.0,0.0
claim,1901,default,69,6,6,42.833333333333336,0,2,39.78947368421053,26.5,0,9,6,6,E1,6,15,0.0,0.0
mas,1901,default,69,6,6,42.833333333333336,0,2,39.78947368421053,26.5,0,9,12,18,E1,6,15,0.0,0.0
mas_iterative,1901,default,69,6,6,42.833333333333336,0,2,39.78947368421053,26.5,0,9,12,18,E1,6,15,0.0,0.0
hungarian,1901,default,69,6,6,42.833333333333336,0,2,39.78947368421053,26.5,0,9,18,56,E1,6,15,0.0,0.0
no_coordination,1902,default,87,6,6,51.666666666666664,4,2,44.0,30.0,73,8,0,0,E1,6,15,0.0,0.0
claim,1902,default,85,6,6,51.333333333333336,2,2,43.8,30.0,41,34,8,8,E1,6,15,0.0,0.0
mas,1902,default,64,6,6,33.5,0,2,28.2,20.0,0,28,14,21,E1,6,15,0.0,0.0
mas_iterative,1902,default,63,6,6,33.0,0,2,27.8,20.0,0,26,16,24,E1,6,15,0.0,0.0
hungarian,1902,default,63,6,6,33.0,0,2,27.8,20.0,0,26,18,58,E1,6,15,0.0,0.0
no_coordination,1903,default,84,6,6,44.0,4,2,38.666666666666664,nan,52,8,0,0,E1,6,15,0.0,0.0
claim,1903,default,87,6,6,42.666666666666664,2,2,37.55555555555556,nan,52,6,8,8,E1,6,15,0.0,0.0
mas,1903,default,66,6,6,39.166666666666664,0,2,35.22222222222222,nan,0,14,14,21,E1,6,15,0.0,0.0
mas_iterative,1903,default,65,6,6,39.0,0,2,35.111111111111114,nan,0,12,14,21,E1,6,15,0.0,0.0
hungarian,1903,default,65,6,6,39.0,0,2,35.111111111111114,nan,0,12,18,58,E1,6,15,0.0,0.0
no_coordination,1904,default,136,6,6,68.33333333333333,4,2,54.266666666666666,22.0,81,9,0,0,E1,6,15,0.0,0.0
claim,1904,default,105,6,6,58.666666666666664,1,2,48.6,22.0,23,36,7,7,E1,6,15,0.0,0.0
mas,1904,default,90,6,6,51.833333333333336,0,2,43.4,22.0,0,16,14,21,E1,6,15,0.0,0.0
mas_iterative,1904,default,89,6,6,51.333333333333336,0,2,42.93333333333333,22.0,0,14,14,21,E1,6,15,0.0,0.0
hungarian,1904,default,89,6,6,51.333333333333336,0,2,42.93333333333333,22.0,0,14,18,56,E1,6,15,0.0,0.0
no_coordination,1905,default,85,6,6,44.0,4,2,36.73684210526316,24.666666666666668,64,8,0,0,E1,6,15,0.0,0.0
claim,1905,default,85,6,6,44.0,4,2,36.73684210526316,24.666666666666668,64,8,10,10,E1,6,15,0.0,0.0
mas,1905,default,57,6,6,35.0,0,2,31.157894736842106,24.666666666666668,0,12,14,21,E1,6,15,0.0,0.0
mas_iterative,1905,default,57,6,6,34.666666666666664,0,2,30.842105263157894,24.666666666666668,0,12,14,21,E1,6,15,0.0,0.0
hungarian,1905,default,57,6,6,34.666666666666664,0,2,30.842105263157894,24.666666666666668,0,12,18,58,E1,6,15,0.0,0.0
no_coordination,1906,default,106,6,6,54.0,4,2,42.785714285714285,24.0,74,8,0,0,E1,6,15,0.0,0.0
claim,1906,default,75,6,6,44.0,0,2,37.857142857142854,24.0,0,8,6,6,E1,6,15,0.0,0.0
mas,1906,default,75,6,6,44.0,0,2,37.857142857142854,24.0,0,8,12,18,E1,6,15,0.0,0.0
mas_iterative,1906,default,75,6,6,44.0,0,2,37.857142857142854,24.0,0,8,12,18,E1,6,15,0.0,0.0
hungarian,1906,default,75,6,6,44.0,0,2,37.857142857142854,24.0,0,8,18,56,E1,6,15,0.0,0.0
no_coordination,1907,default,162,6,6,93.0,4,2,74.6875,38.0,132,10,0,0,E1,6,15,0.0,0.0
claim,1907,default,161,6,6,92.83333333333333,3,2,74.625,38.0,89,50,9,9,E1,6,15,0.0,0.0
mas,1907,default,109,6,6,66.5,0,2,54.4375,29.5,0,6,14,21,E1,6,15,0.0,0.0
mas_iterative,1907,default,109,6,6,66.0,0,2,54.0,29.0,0,6,16,24,E1,6,15,0.0,0.0
hungarian,1907,default,99,6,6,57.333333333333336,0,2,47.625,37.0,0,8,18,56,E1,6,15,0.0,0.0
no_coordination,1908,default,79,6,6,42.166666666666664,3,2,37.94736842105263,20.0,47,7,0,0,E1,6,15,0.0,0.0
claim,1908,default,74,6,6,41.333333333333336,1,2,37.421052631578945,20.0,16,26,7,7,E1,6,15,0.0,0.0
mas,1908,default,64,6,6,38.333333333333336,0,2,35.10526315789474,20.0,0,14,14,21,E1,6,15,0.0,0.0
mas_iterative,1908,default,63,6,6,38.0,0,2,34.8421052631579,20.0,0,12,16,24,E1,6,15,0.0,0.0
hungarian,1908,default,63,6,6,38.0,0,2,34.8421052631579,20.0,0,12,18,60,E1,6,15,0.0,0.0
no_coordination,1909,default,80,6,6,50.166666666666664,3,2,47.6875,nan,47,8,0,0,E1,6,15,0.0,0.0
claim,1909,default,66,6,6,47.666666666666664,1,2,45.8125,nan,31,10,7,7,E1,6,15,0.0,0.0
mas,1909,default,55,6,6,35.0,0,2,33.3125,nan,0,16,14,21,E1,6,15,0.0,0.0
mas_iterative,1909,default,55,6,6,34.666666666666664,0,2,33.0,nan,0,16,16,24,E1,6,15,0.0,0.0
hungarian,1909,default,55,6,6,34.666666666666664,0,2,33.0,nan,0,16,18,58,E1,6,15,0.0,0.0
no_coordination,1910,default,97,6,6,48.666666666666664,4,2,34.61538461538461,20.0,76,8,0,0,E1,6,15,0.0,0.0
claim,1910,default,97,6,6,48.666666666666664,4,2,34.61538461538461,20.0,76,8,10,10,E1,6,15,0.0,0.0
mas,1910,default,67,6,6,38.0,0,2,29.692307692307693,20.0,0,20,14,21,E1,6,15,0.0,0.0
mas_iterative,1910,default,67,6,6,37.666666666666664,0,2,29.53846153846154,20.0,0,20,14,21,E1,6,15,0.0,0.0
hungarian,1910,default,67,6,6,37.666666666666664,0,2,29.53846153846154,20.0,0,20,18,58,E1,6,15,0.0,0.0
no_coordination,1911,default,85,6,6,41.333333333333336,4,2,36.4,22.666666666666668,64,8,0,0,E1,6,15,0.0,0.0
claim,1911,default,85,6,6,41.333333333333336,4,2,36.4,22.666666666666668,64,8,10,10,E1,6,15,0.0,0.0
mas,1911,default,58,6,6,34.0,0,2,31.15,22.666666666666668,0,14,14,21,E1,6,15,0.0,0.0
mas_iterative,1911,default,57,6,6,33.666666666666664,0,2,30.9,22.666666666666668,0,12,14,21,E1,6,15,0.0,0.0
hungarian,1911,default,57,6,6,33.666666666666664,0,2,30.9,22.666666666666668,0,12,18,58,E1,6,15,0.0,0.0
no_coordination,1912,default,79,6,6,48.833333333333336,4,2,42.0625,22.0,45,8,0,0,E1,6,15,0.0,0.0
claim,1912,default,59,6,6,38.666666666666664,0,2,34.5,22.0,0,12,6,6,E1,6,15,0.0,0.0
mas,1912,default,59,6,6,38.666666666666664,0,2,34.5,22.0,0,12,12,18,E1,6,15,0.0,0.0
mas_iterative,1912,default,59,6,6,38.666666666666664,0,2,34.5,22.0,0,12,12,18,E1,6,15,0.0,0.0
hungarian,1912,default,59,6,6,38.666666666666664,0,2,34.5,22.0,0,12,18,56,E1,6,15,0.0,0.0
no_coordination,1913,default,75,6,6,46.333333333333336,3,2,41.76470588235294,20.0,40,7,0,0,E1,6,15,0.0,0.0
claim,1913,default,75,6,6,46.333333333333336,2,2,41.76470588235294,20.0,40,10,8,8,E1,6,15,0.0,0.0
mas,1913,default,69,6,6,38.833333333333336,0,2,35.705882352941174,20.0,0,26,14,21,E1,6,15,0.0,0.0
mas_iterative,1913,default,69,6,6,38.666666666666664,0,2,35.529411764705884,20.0,0,26,14,21,E1,6,15,0.0,0.0
hungarian,1913,default,69,6,6,38.666666666666664,0,2,35.529411764705884,20.0,0,26,18,58,E1,6,15,0.0,0.0
no_coordination,1914,default,145,6,6,71.33333333333333,5,2,55.111111111111114,34.0,104,9,0,0,E1,6,15,0.0,0.0
claim,1914,default,99,6,6,56.0,1,2,46.55555555555556,34.0,27,27,7,7,E1,6,15,0.0,0.0
mas,1914,default,77,6,6,39.833333333333336,0,2,33.166666666666664,29.0,0,26,14,21,E1,6,15,0.0,0.0
mas_iterative,1914,default,77,6,6,39.333333333333336,0,2,32.666666666666664,28.666666666666668,0,26,16,24,E1,6,15,0.0,0.0
hungarian,1914,default,93,6,6,45.333333333333336,0,2,35.888888888888886,23.333333333333332,0,40,18,56,E1,6,15,0.0,0.0
no_coordination,1915,default,125,6,6,65.5,5,2,52.6,20.0,104,9,0,0,E1,6,15,0.0,0.0
claim,1915,default,86,6,6,55.166666666666664,1,2,46.93333333333333,20.0,21,10,7,7,E1,6,15,0.0,0.0
mas,1915,default,84,6,6,48.5,0,2,42.8,20.0,0,24,14,21,E1,6,15,0.0,0.0
mas_iterative,1915,default,83,6,6,48.0,0,2,42.4,20.0,0,22,16,24,E1,6,15,0.0,0.0
hungarian,1915,default,81,6,6,48.666666666666664,0,2,42.266666666666666,28.0,0,12,18,58,E1,6,15,0.0,0.0
no_coordination,1917,default,105,6,6,67.5,5,2,57.94444444444444,42.0,86,9,0,0,E1,6,15,0.0,0.0
claim,1917,default,105,6,6,67.5,4,2,57.94444444444444,42.0,79,15,10,10,E1,6,15,0.0,0.0
mas,1917,default,73,6,6,44.833333333333336,0,2,38.388888888888886,31.0,0,12,14,21,E1,6,15,0.0,0.0
mas_iterative,1917,default,73,6,6,44.333333333333336,0,2,37.888888888888886,30.666666666666668,0,12,14,21,E1,6,15,0.0,0.0
hungarian,1917,default,65,6,6,40.333333333333336,0,2,34.22222222222222,26.666666666666668,0,6,18,56,E1,6,15,0.0,0.0
no_coordination,1918,default,89,6,6,43.666666666666664,4,2,32.94117647058823,23.333333333333332,64,8,0,0,E1,6,15,0.0,0.0
claim,1918,default,71,6,6,37.333333333333336,1,2,30.470588235294116,23.333333333333332,28,5,7,7,E1,6,15,0.0,0.0
mas,1918,default,71,6,6,37.333333333333336,0,2,30.470588235294116,23.333333333333332,0,32,14,21,E1,6,15,0.0,0.0
mas_iterative,1918,default,71,6,6,37.333333333333336,0,2,30.470588235294116,23.333333333333332,0,32,14,21,E1,6,15,0.0,0.0
hungarian,1918,default,71,6,6,37.333333333333336,0,2,30.470588235294116,23.333333333333332,0,32,20,59,E1,6,15,0.0,0.0
no_coordination,1919,default,83,6,6,39.333333333333336,4,2,33.07692307692308,nan,62,8,0,0,E1,6,15,0.0,0.0
claim,1919,default,83,6,6,39.333333333333336,4,2,33.07692307692308,nan,62,8,10,10,E1,6,15,0.0,0.0
mas,1919,default,62,6,6,33.333333333333336,0,2,29.153846153846153,nan,0,24,14,21,E1,6,15,0.0,0.0
mas_iterative,1919,default,61,6,6,33.0,0,2,28.923076923076923,nan,0,22,14,21,E1,6,15,0.0,0.0
hungarian,1919,default,61,6,6,33.0,0,2,28.923076923076923,nan,0,22,18,58,E1,6,15,0.0,0.0
no_coordination,1920,default,115,6,6,53.0,4,2,37.0,24.0,94,8,0,0,E1,6,15,0.0,0.0
claim,1920,default,115,6,6,53.0,4,2,37.0,24.0,94,8,10,10,E1,6,15,0.0,0.0
mas,1920,default,88,6,6,42.333333333333336,0,2,32.3125,24.0,0,44,14,21,E1,6,15,0.0,0.0
mas_iterative,1920,default,87,6,6,42.0,0,2,32.125,24.0,0,42,14,21,E1,6,15,0.0,0.0
hungarian,1920,default,87,6,6,42.0,0,2,32.125,24.0,0,42,18,58,E1,6,15,0.0,0.0
no_coordination,1921,default,101,6,6,51.0,4,2,48.61538461538461,nan,80,8,0,0,E1,6,15,0.0,0.0
claim,1921,default,101,6,6,51.0,4,2,48.61538461538461,nan,80,8,10,10,E1,6,15,0.0,0.0
mas,1921,default,64,6,6,39.333333333333336,0,2,37.84615384615385,nan,0,10,14,21,E1,6,15,0.0,0.0
mas_iterative,1921,default,63,6,6,39.0,0,2,37.53846153846154,nan,0,8,14,21,E1,6,15,0.0,0.0
hungarian,1921,default,63,6,6,39.0,0,2,37.53846153846154,nan,0,8,18,58,E1,6,15,0.0,0.0
no_coordination,1922,default,129,6,6,67.33333333333333,4,2,52.857142857142854,20.0,108,8,0,0,E1,6,15,0.0,0.0
claim,1922,default,129,6,6,67.33333333333333,4,2,52.857142857142854,20.0,108,8,10,10,E1,6,15,0.0,0.0
mas,1922,default,81,6,6,48.0,0,2,40.5,20.0,0,16,14,21,E1,6,15,0.0,0.0
mas_iterative,1922,default,81,6,6,47.666666666666664,0,2,40.285714285714285,20.0,0,16,14,21,E1,6,15,0.0,0.0
hungarian,1922,default,81,6,6,47.666666666666664,0,2,40.285714285714285,20.0,0,16,18,58,E1,6,15,0.0,0.0
no_coordination,1923,default,94,6,6,51.5,3,2,44.07692307692308,24.0,59,8,0,0,E1,6,15,0.0,0.0
claim,1923,default,75,6,6,46.0,1,2,41.46153846153846,24.0,25,18,7,7,E1,6,15,0.0,0.0
mas,1923,default,62,6,6,36.833333333333336,0,2,33.69230769230769,24.0,0,14,14,21,E1,6,15,0.0,0.0
mas_iterative,1923,default,61,6,6,36.333333333333336,0,2,33.23076923076923,24.0,0,12,14,21,E1,6,15,0.0,0.0
hungarian,1923,default,53,6,6,35.0,0,2,32.0,24.0,0,4,18,56,E1,6,15,0.0,0.0
no_coordination,1924,default,83,6,6,49.166666666666664,5,2,40.375,23.0,70,9,0,0,E1,6,15,0.0,0.0
claim,1924,default,80,6,6,48.666666666666664,3,2,40.1875,23.0,47,24,9,9,E1,6,15,0.0,0.0
mas,1924,default,62,6,6,40.5,0,2,34.5,21.5,0,6,14,21,E1,6,15,0.0,0.0
mas_iterative,1924,default,61,6,6,40.0,0,2,34.0,21.0,0,4,14,21,E1,6,15,0.0,0.0
hungarian,1924,default,61,6,6,40.0,0,2,34.0,21.0,0,4,18,56,E1,6,15,0.0,0.0
no_coordination,1925,default,100,6,6,55.333333333333336,6,2,45.54545454545455,nan,100,10,0,0,E1,6,15,0.0,0.0
claim,1925,default,100,6,6,55.333333333333336,6,2,45.54545454545455,nan,100,10,12,12,E1,6,15,0.0,0.0
mas,1925,default,68,6,6,38.833333333333336,0,2,33.45454545454545,nan,0,27,16,24,E1,6,15,0.0,0.0
mas_iterative,1925,default,67,6,6,38.166666666666664,0,2,32.90909090909091,nan,0,25,14,21,E1,6,15,0.0,0.0
hungarian,1925,default,67,6,6,38.166666666666664,0,2,32.90909090909091,nan,0,25,18,56,E1,6,15,0.0,0.0
no_coordination,1926,default,84,6,6,48.833333333333336,3,2,38.470588235294116,24.0,42,7,0,0,E1,6,15,0.0,0.0
claim,1926,default,84,6,6,48.833333333333336,2,2,38.470588235294116,24.0,42,13,8,8,E1,6,15,0.0,0.0
mas,1926,default,81,6,6,41.5,0,2,35.05882352941177,24.0,0,34,14,21,E1,6,15,0.0,0.0
mas_iterative,1926,default,81,6,6,41.333333333333336,0,2,34.94117647058823,24.0,0,34,14,21,E1,6,15,0.0,0.0
hungarian,1926,default,81,6,6,41.333333333333336,0,2,34.94117647058823,24.0,0,34,18,58,E1,6,15,0.0,0.0
no_coordination,1927,default,153,6,6,87.0,6,2,68.57142857142857,30.0,153,10,0,0,E1,6,15,0.0,0.0
claim,1927,default,153,6,6,87.0,6,2,68.57142857142857,30.0,153,10,12,12,E1,6,15,0.0,0.0
mas,1927,default,75,6,6,43.166666666666664,0,2,34.42857142857143,20.0,0,14,14,21,E1,6,15,0.0,0.0
mas_iterative,1927,default,75,6,6,42.666666666666664,0,2,34.0,20.0,0,14,16,24,E1,6,15,0.0,0.0
hungarian,1927,default,75,6,6,42.666666666666664,0,2,34.0,20.0,0,14,18,58,E1,6,15,0.0,0.0
no_coordination,1928,default,91,6,6,51.166666666666664,4,2,43.4375,20.0,66,8,0,0,E1,6,15,0.0,0.0
claim,1928,default,77,6,6,47.666666666666664,1,2,41.6875,20.0,21,22,7,7,E1,6,15,0.0,0.0
mas,1928,default,64,6,6,37.5,0,2,32.5625,20.0,0,20,14,21,E1,6,15,0.0,0.0
mas_iterative,1928,default,63,6,6,37.0,0,2,32.125,20.0,0,18,16,24,E1,6,15,0.0,0.0
hungarian,1928,default,63,6,6,37.0,0,2,32.125,20.0,0,18,18,58,E1,6,15,0.0,0.0
no_coordination,1929,default,135,6,6,73.0,5,2,65.29411764705883,26.0,115,9,0,0,E1,6,15,0.0,0.0
claim,1929,default,109,6,6,68.0,2,2,61.76470588235294,26.0,47,22,8,8,E1,6,15,0.0,0.0
mas,1929,default,84,6,6,47.166666666666664,0,2,42.11764705882353,20.0,0,18,14,21,E1,6,15,0.0,0.0
mas_iterative,1929,default,83,6,6,46.666666666666664,0,2,41.64705882352941,20.0,0,16,18,27,E1,6,15,0.0,0.0
hungarian,1929,default,83,6,6,46.666666666666664,0,2,41.64705882352941,20.0,0,16,18,60,E1,6,15,0.0,0.0
no_coordination,1930,default,79,6,6,48.166666666666664,3,2,41.57142857142857,nan,39,7,0,0,E1,6,15,0.0,0.0
claim,1930,default,72,6,6,47.0,1,2,41.07142857142857,nan,22,8,7,7,E1,6,15,0.0,0.0
mas,1930,default,78,6,6,43.0,0,2,39.0,nan,0,30,14,21,E1,6,15,0.0,0.0
mas_iterative,1930,default,77,6,6,42.666666666666664,0,2,38.714285714285715,nan,0,28,14,21,E1,6,15,0.0,0.0
hungarian,1930,default,77,6,6,42.666666666666664,0,2,38.714285714285715,nan,0,28,18,58,E1,6,15,0.0,0.0
no_coordination,1931,default,80,6,6,50.5,4,2,41.61538461538461,nan,59,8,0,0,E1,6,15,0.0,0.0
claim,1931,default,79,6,6,45.0,1,2,38.46153846153846,nan,21,29,7,7,E1,6,15,0.0,0.0
mas,1931,default,74,6,6,39.833333333333336,0,2,33.38461538461539,nan,0,32,14,21,E1,6,15,0.0,0.0
mas_iterative,1931,default,73,6,6,39.333333333333336,0,2,32.92307692307692,nan,0,30,16,24,E1,6,15,0.0,0.0
hungarian,1931,default,73,6,6,39.333333333333336,0,2,32.92307692307692,nan,0,30,18,58,E1,6,15,0.0,0.0
no_coordination,1932,default,97,6,6,49.833333333333336,3,2,40.57142857142857,22.0,57,7,0,0,E1,6,15,0.0,0.0
claim,1932,default,92,6,6,49.0,1,2,40.214285714285715,22.0,18,34,7,7,E1,6,15,0.0,0.0
mas,1932,default,80,6,6,45.333333333333336,0,2,37.92857142857143,22.0,0,20,14,21,E1,6,15,0.0,0.0
mas_iterative,1932,default,79,6,6,45.0,0,2,37.714285714285715,22.0,0,18,14,21,E1,6,15,0.0,0.0
hungarian,1932,default,79,6,6,45.0,0,2,37.714285714285715,22.0,0,18,18,58,E1,6,15,0.0,0.0
no_coordination,1933,default,104,6,6,45.333333333333336,4,2,38.23529411764706,21.5,83,8,0,0,E1,6,15,0.0,0.0
claim,1933,default,104,6,6,45.333333333333336,4,2,38.23529411764706,21.5,83,8,10,10,E1,6,15,0.0,0.0
mas,1933,default,70,6,6,37.0,0,2,32.35294117647059,21.5,0,19,14,21,E1,6,15,0.0,0.0
mas_iterative,1933,default,69,6,6,36.666666666666664,0,2,32.11764705882353,21.5,0,17,14,21,E1,6,15,0.0,0.0
hungarian,1933,default,69,6,6,36.666666666666664,0,2,32.11764705882353,21.5,0,17,18,58,E1,6,15,0.0,0.0
no_coordination,1934,default,86,6,6,50.333333333333336,4,2,44.31578947368421,35.333333333333336,77,8,0,0,E1,6,15,0.0,0.0
claim,1934,default,73,6,6,45.0,1,2,40.63157894736842,35.333333333333336,29,23,7,7,E1,6,15,0.0,0.0
mas,1934,default,59,6,6,36.0,0,2,32.1578947368421,26.333333333333332,0,16,14,21,E1,6,15,0.0,0.0
mas_iterative,1934,default,59,6,6,35.666666666666664,0,2,31.789473684210527,26.0,0,16,14,21,E1,6,15,0.0,0.0
hungarian,1934,default,57,6,6,33.666666666666664,0,2,29.789473684210527,24.0,0,16,18,56,E1,6,15,0.0,0.0
no_coordination,1935,default,121,6,6,53.0,4,2,38.125,23.333333333333332,100,8,0,0,E1,6,15,0.0,0.0
claim,1935,default,121,6,6,53.0,4,2,38.125,23.333333333333332,100,8,10,10,E1,6,15,0.0,0.0
mas,1935,default,76,6,6,41.333333333333336,0,2,32.75,23.333333333333332,0,14,14,21,E1,6,15,0.0,0.0
mas_iterative,1935,default,75,6,6,41.0,0,2,32.625,23.333333333333332,0,12,14,21,E1,6,15,0.0,0.0
hungarian,1935,default,85,6,6,42.666666666666664,0,2,32.625,23.333333333333332,0,32,18,58,E1,6,15,0.0,0.0
no_coordination,1936,default,107,6,6,65.33333333333333,4,2,59.46666666666667,30.0,93,8,0,0,E1,6,15,0.0,0.0
claim,1936,default,107,6,6,65.33333333333333,4,2,59.46666666666667,30.0,93,8,10,10,E1,6,15,0.0,0.0
mas,1936,default,74,6,6,40.5,0,2,36.86666666666667,20.0,0,28,14,21,E1,6,15,0.0,0.0
mas_iterative,1936,default,73,6,6,40.0,0,2,36.4,20.0,0,26,14,21,E1,6,15,0.0,0.0
hungarian,1936,default,73,6,6,40.0,0,2,36.4,20.0,0,26,18,56,E1,6,15,0.0,0.0
no_coordination,1937,default,125,6,6,60.333333333333336,5,2,48.54545454545455,nan,104,9,0,0,E1,6,15,0.0,0.0
claim,1937,default,87,6,6,45.666666666666664,0,2,38.72727272727273,nan,0,32,6,6,E1,6,15,0.0,0.0
mas,1937,default,87,6,6,45.666666666666664,0,2,38.72727272727273,nan,0,32,12,18,E1,6,15,0.0,0.0
mas_iterative,1937,default,87,6,6,45.666666666666664,0,2,38.72727272727273,nan,0,32,12,18,E1,6,15,0.0,0.0
hungarian,1937,default,87,6,6,45.666666666666664,0,2,38.72727272727273,nan,0,32,18,56,E1,6,15,0.0,0.0
no_coordination,1938,default,113,6,6,69.0,5,2,58.0,34.0,93,9,0,0,E1,6,15,0.0,0.0
claim,1938,default,97,6,6,63.333333333333336,2,2,55.23076923076923,34.0,61,6,8,8,E1,6,15,0.0,0.0
mas,1938,default,78,6,6,44.0,0,2,35.76923076923077,21.0,0,27,14,21,E1,6,15,0.0,0.0
mas_iterative,1938,default,78,6,6,43.666666666666664,0,2,35.38461538461539,21.0,0,27,14,21,E1,6,15,0.0,0.0
hungarian,1938,default,78,6,6,43.666666666666664,0,2,35.38461538461539,21.0,0,27,18,56,E1,6,15,0.0,0.0
no_coordination,1939,default,100,6,6,59.5,4,2,46.75,nan,60,8,0,0,E1,6,15,0.0,0.0
claim,1939,default,75,6,6,45.666666666666664,0,2,37.833333333333336,nan,0,16,6,6,E1,6,15,0.0,0.0
mas,1939,default,75,6,6,45.666666666666664,0,2,37.833333333333336,nan,0,16,12,18,E1,6,15,0.0,0.0
mas_iterative,1939,default,75,6,6,45.666666666666664,0,2,37.833333333333336,nan,0,16,12,18,E1,6,15,0.0,0.0
hungarian,1939,default,75,6,6,45.666666666666664,0,2,37.833333333333336,nan,0,16,18,56,E1,6,15,0.0,0.0
no_coordination,1940,default,95,6,6,53.166666666666664,4,2,48.68421052631579,31.0,78,8,0,0,E1,6,15,0.0,0.0
claim,1940,default,77,6,6,48.333333333333336,1,2,45.05263157894737,31.0,25,22,7,7,E1,6,15,0.0,0.0
mas,1940,default,65,6,6,40.166666666666664,0,2,36.89473684210526,20.5,0,6,14,21,E1,6,15,0.0,0.0
mas_iterative,1940,default,65,6,6,39.666666666666664,0,2,36.421052631578945,20.0,0,6,16,24,E1,6,15,0.0,0.0
hungarian,1940,default,65,6,6,39.666666666666664,0,2,36.421052631578945,20.0,0,6,18,58,E1,6,15,0.0,0.0
no_coordination,1941,default,131,6,6,64.66666666666667,5,2,48.833333333333336,nan,110,9,0,0,E1,6,15,0.0,0.0
claim,1941,default,85,6,6,47.666666666666664,0,2,38.666666666666664,nan,0,22,6,6,E1,6,15,0.0,0.0
mas,1941,default,85,6,6,47.666666666666664,0,2,38.666666666666664,nan,0,22,12,18,E1,6,15,0.0,0.0
mas_iterative,1941,default,85,6,6,47.666666666666664,0,2,38.666666666666664,nan,0,22,12,18,E1,6,15,0.0,0.0
hungarian,1941,default,85,6,6,47.666666666666664,0,2,38.666666666666664,nan,0,22,18,56,E1,6,15,0.0,0.0
no_coordination,1943,default,99,6,6,57.166666666666664,4,2,53.714285714285715,nan,86,8,0,0,E1,6,15,0.0,0.0
claim,1943,default,92,6,6,56.0,2,2,52.714285714285715,nan,47,31,8,8,E1,6,15,0.0,0.0
mas,1943,default,60,6,6,36.0,0,2,35.57142857142857,nan,0,18,14,21,E1,6,15,0.0,0.0
mas_iterative,1943,default,59,6,6,35.333333333333336,0,2,35.0,nan,0,16,16,24,E1,6,15,0.0,0.0
hungarian,1943,default,71,6,6,38.0,0,2,35.857142857142854,nan,0,28,18,56,E1,6,15,0.0,0.0
no_coordination,1944,default,70,6,6,40.5,4,2,37.89473684210526,30.0,47,8,0,0,E1,6,15,0.0,0.0
claim,1944,default,53,6,6,33.0,0,2,31.57894736842105,29.0,0,13,6,6,E1,6,15,0.0,0.0
mas,1944,default,53,6,6,33.0,0,2,31.57894736842105,29.0,0,13,12,18,E1,6,15,0.0,0.0
mas_iterative,1944,default,53,6,6,33.0,0,2,31.57894736842105,29.0,0,13,12,18,E1,6,15,0.0,0.0
hungarian,1944,default,53,6,6,33.0,0,2,31.57894736842105,29.0,0,13,18,56,E1,6,15,0.0,0.0
no_coordination,1945,default,99,6,6,62.833333333333336,4,2,58.05263157894737,35.0,84,9,0,0,E1,6,15,0.0,0.0
claim,1945,default,86,6,6,58.666666666666664,2,2,55.36842105263158,35.0,47,17,8,8,E1,6,15,0.0,0.0
mas,1945,default,55,6,6,37.833333333333336,0,2,36.26315789473684,31.0,0,6,14,21,E1,6,15,0.0,0.0
mas_iterative,1945,default,55,6,6,37.333333333333336,0,2,35.78947368421053,31.0,0,6,16,24,E1,6,15,0.0,0.0
hungarian,1945,default,63,6,6,39.666666666666664,0,2,37.26315789473684,23.0,0,14,18,56,E1,6,15,0.0,0.0
no_coordination,1946,default,113,6,6,56.666666666666664,5,2,44.25,24.0,63,9,0,0,E1,6,15,0.0,0.0
claim,1946,default,69,6,6,42.333333333333336,0,2,35.75,24.0,0,8,6,6,E1,6,15,0.0,0.0
mas,1946,default,69,6,6,42.333333333333336,0,2,35.75,24.0,0,8,12,18,E1,6,15,0.0,0.0
mas_iterative,1946,default,69,6,6,42.333333333333336,0,2,35.75,24.0,0,8,12,18,E1,6,15,0.0,0.0
hungarian,1946,default,69,6,6,42.333333333333336,0,2,35.75,24.0,0,8,18,56,E1,6,15,0.0,0.0
no_coordination,1947,default,98,6,6,61.5,5,2,52.666666666666664,20.0,75,9,0,0,E1,6,15,0.0,0.0
claim,1947,default,78,6,6,56.333333333333336,2,2,49.86666666666667,20.0,43,7,8,8,E1,6,15,0.0,0.0
mas,1947,default,65,6,6,41.333333333333336,0,2,36.53333333333333,20.0,0,14,14,21,E1,6,15,0.0,0.0
mas_iterative,1947,default,65,6,6,41.0,0,2,36.13333333333333,20.0,0,14,18,27,E1,6,15,0.0,0.0
hungarian,1947,default,55,6,6,37.0,0,2,32.93333333333333,20.0,0,6,18,58,E1,6,15,0.0,0.0
no_coordination,1948,default,119,6,6,54.333333333333336,4,2,39.77777777777778,21.333333333333332,98,8,0,0,E1,6,15,0.0,0.0
claim,1948,default,119,6,6,54.333333333333336,4,2,39.77777777777778,21.333333333333332,98,8,10,10,E1,6,15,0.0,0.0
mas,1948,default,80,6,6,42.333333333333336,0,2,33.77777777777778,21.333333333333332,0,24,14,21,E1,6,15,0.0,0.0
mas_iterative,1948,default,79,6,6,42.0,0,2,33.55555555555556,21.333333333333332,0,22,14,21,E1,6,15,0.0,0.0
hungarian,1948,default,79,6,6,42.0,0,2,33.55555555555556,21.333333333333332,0,22,18,58,E1,6,15,0.0,0.0
no_coordination,1949,default,103,6,6,57.333333333333336,4,2,46.22222222222222,30.0,82,8,0,0,E1,6,15,0.0,0.0
claim,1949,default,103,6,6,57.333333333333336,4,2,46.22222222222222,30.0,82,8,10,10,E1,6,15,0.0,0.0
mas,1949,default,67,6,6,41.666666666666664,0,2,36.166666666666664,30.0,0,14,14,21,E1,6,15,0.0,0.0
mas_iterative,1949,default,67,6,6,41.333333333333336,0,2,35.888888888888886,30.0,0,14,14,21,E1,6,15,0.0,0.0
hungarian,1949,default,67,6,6,41.333333333333336,0,2,35.888888888888886,30.0,0,14,18,58,E1,6,15,0.0,0.0
no_coordination,1950,default,105,6,6,60.5,3,2,53.470588235294116,22.0,62,8,0,0,E1,6,15,0.0,0.0
claim,1950,default,97,6,6,49.833333333333336,0,2,44.705882352941174,22.0,0,37,6,6,E1,6,15,0.0,0.0
mas,1950,default,97,6,6,49.833333333333336,0,2,44.705882352941174,22.0,0,37,12,18,E1,6,15,0.0,0.0
mas_iterative,1950,default,97,6,6,49.833333333333336,0,2,44.705882352941174,22.0,0,37,12,18,E1,6,15,0.0,0.0
hungarian,1950,default,97,6,6,49.833333333333336,0,2,44.705882352941174,22.0,0,37,18,56,E1,6,15,0.0,0.0
no_coordination,1951,default,111,6,6,56.333333333333336,5,2,45.2,26.0,90,9,0,0,E1,6,15,0.0,0.0
claim,1951,default,75,6,6,42.666666666666664,0,2,36.266666666666666,26.0,0,22,6,6,E1,6,15,0.0,0.0
mas,1951,default,75,6,6,42.666666666666664,0,2,36.266666666666666,26.0,0,22,12,18,E1,6,15,0.0,0.0
mas_iterative,1951,default,75,6,6,42.666666666666664,0,2,36.266666666666666,26.0,0,22,12,18,E1,6,15,0.0,0.0
hungarian,1951,default,75,6,6,42.666666666666664,0,2,36.266666666666666,26.0,0,22,18,56,E1,6,15,0.0,0.0
no_coordination,1952,default,91,6,6,56.5,4,2,45.583333333333336,26.0,58,8,0,0,E1,6,15,0.0,0.0
claim,1952,default,99,6,6,54.666666666666664,2,2,44.666666666666664,26.0,35,36,8,8,E1,6,15,0.0,0.0
mas,1952,default,65,6,6,35.833333333333336,0,2,29.333333333333332,20.0,0,14,14,21,E1,6,15,0.0,0.0
mas_iterative,1952,default,65,6,6,35.333333333333336,0,2,29.0,20.0,0,14,16,24,E1,6,15,0.0,0.0
hungarian,1952,default,65,6,6,35.333333333333336,0,2,29.0,20.0,0,14,18,58,E1,6,15,0.0,0.0
no_coordination,1953,default,111,6,6,64.0,4,2,54.35294117647059,24.0,85,8,0,0,E1,6,15,0.0,0.0
claim,1953,default,111,6,6,64.0,3,2,54.35294117647059,24.0,61,31,9,9,E1,6,15,0.0,0.0
mas,1953,default,87,6,6,48.5,0,2,42.11764705882353,20.5,0,20,14,21,E1,6,15,0.0,0.0
mas_iterative,1953,default,87,6,6,48.0,0,2,41.64705882352941,20.0,0,20,16,24,E1,6,15,0.0,0.0
hungarian,1953,default,77,6,6,41.0,0,2,35.88235294117647,24.0,0,22,18,56,E1,6,15,0.0,0.0
no_coordination,1954,default,108,6,6,54.666666666666664,5,2,44.5,20.0,91,9,0,0,E1,6,15,0.0,0.0
claim,1954,default,73,6,6,47.166666666666664,1,2,40.92857142857143,20.0,21,5,7,7,E1,6,15,0.0,0.0
mas,1954,default,73,6,6,40.166666666666664,0,2,34.92857142857143,20.0,0,19,14,21,E1,6,15,0.0,0.0
mas_iterative,1954,default,73,6,6,39.666666666666664,0,2,34.5,20.0,0,19,14,21,E1,6,15,0.0,0.0
hungarian,1954,default,73,6,6,39.666666666666664,0,2,34.5,20.0,0,19,18,56,E1,6,15,0.0,0.0
no_coordination,1955,default,77,6,6,44.0,5,2,37.888888888888886,21.0,56,9,0,0,E1,6,15,0.0,0.0
claim,1955,default,53,6,6,34.0,0,2,31.444444444444443,21.0,0,12,6,6,E1,6,15,0.0,0.0
mas,1955,default,53,6,6,34.0,0,2,31.444444444444443,21.0,0,12,12,18,E1,6,15,0.0,0.0
mas_iterative,1955,default,53,6,6,34.0,0,2,31.444444444444443,21.0,0,12,12,18,E1,6,15,0.0,0.0
hungarian,1955,default,53,6,6,34.0,0,2,31.444444444444443,21.0,0,12,18,56,E1,6,15,0.0,0.0
no_coordination,1956,default,140,6,6,72.66666666666667,5,2,57.588235294117645,41.0,91,9,0,0,E1,6,15,0.0,0.0
claim,1956,default,103,6,6,62.0,1,2,52.23529411764706,41.0,31,26,7,7,E1,6,15,0.0,0.0
mas,1956,default,84,6,6,45.833333333333336,0,2,36.76470588235294,26.333333333333332,0,22,14,21,E1,6,15,0.0,0.0
mas_iterative,1956,default,83,6,6,45.333333333333336,0,2,36.35294117647059,26.0,0,20,14,21,E1,6,15,0.0,0.0
hungarian,1956,default,83,6,6,45.333333333333336,0,2,36.35294117647059,26.0,0,20,18,56,E1,6,15,0.0,0.0
no_coordination,1957,default,85,6,6,45.833333333333336,3,2,40.93333333333333,nan,37,7,0,0,E1,6,15,0.0,0.0
claim,1957,default,85,6,6,45.833333333333336,2,2,40.93333333333333,nan,30,13,8,8,E1,6,15,0.0,0.0
mas,1957,default,88,6,6,42.666666666666664,0,2,38.4,nan,0,34,14,21,E1,6,15,0.0,0.0
mas_iterative,1957,default,87,6,6,42.333333333333336,0,2,38.13333333333333,nan,0,32,14,21,E1,6,15,0.0,0.0
hungarian,1957,default,87,6,6,42.333333333333336,0,2,38.13333333333333,nan,0,32,18,58,E1,6,15,0.0,0.0
no_coordination,1958,default,95,6,6,47.0,4,2,35.64705882352941,22.666666666666668,74,8,0,0,E1,6,15,0.0,0.0
claim,1958,default,95,6,6,47.0,4,2,35.64705882352941,22.666666666666668,74,8,10,10,E1,6,15,0.0,0.0
mas,1958,default,61,6,6,36.666666666666664,0,2,30.647058823529413,22.666666666666668,0,10,14,21,E1,6,15,0.0,0.0
mas_iterative,1958,default,61,6,6,36.333333333333336,0,2,30.470588235294116,22.666666666666668,0,10,14,21,E1,6,15,0.0,0.0
hungarian,1958,default,61,6,6,36.333333333333336,0,2,30.470588235294116,22.666666666666668,0,10,18,58,E1,6,15,0.0,0.0
no_coordination,1959,default,141,6,6,74.33333333333333,6,2,59.857142857142854,22.0,141,10,0,0,E1,6,15,0.0,0.0
claim,1959,default,141,6,6,74.33333333333333,6,2,59.857142857142854,22.0,141,10,12,12,E1,6,15,0.0,0.0
mas,1959,default,74,6,6,41.833333333333336,0,2,36.714285714285715,22.0,0,22,14,21,E1,6,15,0.0,0.0
mas_iterative,1959,default,73,6,6,41.333333333333336,0,2,36.285714285714285,22.0,0,20,14,21,E1,6,15,0.0,0.0
hungarian,1959,default,73,6,6,41.333333333333336,0,2,36.285714285714285,22.0,0,20,18,56,E1,6,15,0.0,0.0
no_coordination,1960,default,115,6,6,59.666666666666664,4,2,49.125,20.0,97,8,0,0,E1,6,15,0.0,0.0
claim,1960,default,115,6,6,59.666666666666664,4,2,49.125,20.0,97,8,10,10,E1,6,15,0.0,0.0
mas,1960,default,78,6,6,43.833333333333336,0,2,36.9375,20.0,0,18,14,21,E1,6,15,0.0,0.0
mas_iterative,1960,default,77,6,6,43.333333333333336,0,2,36.5,20.0,0,16,16,24,E1,6,15,0.0,0.0
hungarian,1960,default,73,6,6,41.333333333333336,0,2,34.875,20.0,0,14,18,58,E1,6,15,0.0,0.0
no_coordination,1961,default,92,6,6,55.0,5,2,47.93333333333333,20.0,83,9,0,0,E1,6,15,0.0,0.0
claim,1961,default,59,6,6,42.0,1,2,38.6,20.0,21,6,7,7,E1,6,15,0.0,0.0
mas,1961,default,49,6,6,34.166666666666664,0,2,31.733333333333334,20.0,0,6,14,21,E1,6,15,0.0,0.0
mas_iterative,1961,default,49,6,6,33.666666666666664,0,2,31.333333333333332,20.0,0,6,16,24,E1,6,15,0.0,0.0
hungarian,1961,default,49,6,6,33.666666666666664,0,2,31.333333333333332,20.0,0,6,18,58,E1,6,15,0.0,0.0
no_coordination,1962,default,96,6,6,46.333333333333336,3,2,38.214285714285715,nan,20,7,0,0,E1,6,15,0.0,0.0
claim,1962,default,91,6,6,45.5,1,2,37.857142857142854,nan,14,38,7,7,E1,6,15,0.0,0.0
mas,1962,default,78,6,6,42.0,0,2,35.785714285714285,nan,0,20,14,21,E1,6,15,0.0,0.0
mas_iterative,1962,default,77,6,6,41.666666666666664,0,2,35.57142857142857,nan,0,18,14,21,E1,6,15,0.0,0.0
hungarian,1962,default,77,6,6,41.666666666666664,0,2,35.57142857142857,nan,0,18,18,58,E1,6,15,0.0,0.0
no_coordination,1963,default,88,6,6,48.166666666666664,5,2,43.125,28.0,57,9,0,0,E1,6,15,0.0,0.0
claim,1963,default,76,6,6,45.0,2,2,40.75,28.0,37,29,8,8,E1,6,15,0.0,0.0
mas,1963,default,60,6,6,31.833333333333332,0,2,29.0,20.5,0,28,14,21,E1,6,15,0.0,0.0
mas_iterative,1963,default,59,6,6,31.333333333333332,0,2,28.5,20.0,0,26,16,24,E1,6,15,0.0,0.0
hungarian,1963,default,59,6,6,31.333333333333332,0,2,28.5,20.0,0,26,18,58,E1,6,15,0.0,0.0
no_coordination,1964,default,94,6,6,55.166666666666664,3,2,50.285714285714285,nan,46,8,0,0,E1,6,15,0.0,0.0
claim,1964,default,79,6,6,45.0,0,2,41.57142857142857,nan,0,16,6,6,E1,6,15,0.0,0.0
mas,1964,default,79,6,6,45.0,0,2,41.57142857142857,nan,0,16,12,18,E1,6,15,0.0,0.0
mas_iterative,1964,default,79,6,6,45.0,0,2,41.57142857142857,nan,0,16,12,18,E1,6,15,0.0,0.0
hungarian,1964,default,79,6,6,45.0,0,2,41.57142857142857,nan,0,16,18,56,E1,6,15,0.0,0.0
no_coordination,1965,default,123,6,6,66.33333333333333,6,2,53.57142857142857,20.0,123,10,0,0,E1,6,15,0.0,0.0
claim,1965,default,123,6,6,66.33333333333333,6,2,53.57142857142857,20.0,123,10,12,12,E1,6,15,0.0,0.0
mas,1965,default,65,6,6,40.5,0,2,34.57142857142857,20.0,0,6,14,21,E1,6,15,0.0,0.0
mas_iterative,1965,default,65,6,6,40.0,0,2,34.142857142857146,20.0,0,6,16,24,E1,6,15,0.0,0.0
hungarian,1965,default,65,6,6,40.0,0,2,34.142857142857146,20.0,0,6,18,58,E1,6,15,0.0,0.0
no_coordination,1966,default,90,6,6,57.0,4,2,51.411764705882355,24.0,63,8,0,0,E1,6,15,0.0,0.0
claim,1966,default,84,6,6,50.166666666666664,1,2,46.294117647058826,24.0,25,24,7,7,E1,6,15,0.0,0.0
mas,1966,default,78,6,6,44.833333333333336,0,2,41.294117647058826,24.0,0,30,14,21,E1,6,15,0.0,0.0
mas_iterative,1966,default,77,6,6,44.333333333333336,0,2,40.8235294117647,24.0,0,28,14,21,E1,6,15,0.0,0.0
hungarian,1966,default,77,6,6,44.333333333333336,0,2,40.8235294117647,24.0,0,28,18,56,E1,6,15,0.0,0.0
no_coordination,1967,default,121,6,6,55.666666666666664,4,2,48.2,nan,100,8,0,0,E1,6,15,0.0,0.0
claim,1967,default,121,6,6,55.666666666666664,4,2,48.2,nan,100,8,10,10,E1,6,15,0.0,0.0
mas,1967,default,88,6,6,43.666666666666664,0,2,39.7,nan,0,38,14,21,E1,6,15,0.0,0.0
mas_iterative,1967,default,87,6,6,43.333333333333336,0,2,39.4,nan,0,36,14,21,E1,6,15,0.0,0.0
hungarian,1967,default,87,6,6,43.333333333333336,0,2,39.4,nan,0,36,18,58,E1,6,15,0.0,0.0
no_coordination,1968,default,107,6,6,50.333333333333336,4,2,39.857142857142854,20.0,86,8,0,0,E1,6,15,0.0,0.0
claim,1968,default,107,6,6,50.333333333333336,4,2,39.857142857142854,20.0,86,8,10,10,E1,6,15,0.0,0.0
mas,1968,default,72,6,6,39.666666666666664,0,2,33.214285714285715,20.0,0,20,14,21,E1,6,15,0.0,0.0
mas_iterative,1968,default,71,6,6,39.333333333333336,0,2,33.0,20.0,0,18,14,21,E1,6,15,0.0,0.0
hungarian,1968,default,71,6,6,39.333333333333336,0,2,33.0,20.0,0,18,18,58,E1,6,15,0.0,0.0
no_coordination,1969,default,83,6,6,44.166666666666664,4,2,37.714285714285715,20.0,45,8,0,0,E1,6,15,0.0,0.0
claim,1969,default,79,6,6,43.0,2,2,35.857142857142854,20.0,25,21,8,8,E1,6,15,0.0,0.0
mas,1969,default,58,6,6,33.333333333333336,0,2,29.071428571428573,20.0,0,9,16,24,E1,6,15,0.0,0.0
mas_iterative,1969,default,57,6,6,32.666666666666664,0,2,28.571428571428573,20.0,0,7,16,24,E1,6,15,0.0,0.0
hungarian,1969,default,57,6,6,32.666666666666664,0,2,28.571428571428573,20.0,0,7,18,58,E1,6,15,0.0,0.0
no_coordination,1970,default,79,6,6,41.0,4,2,32.93333333333333,20.0,58,8,0,0,E1,6,15,0.0,0.0
claim,1970,default,79,6,6,41.0,4,2,32.93333333333333,20.0,58,8,10,10,E1,6,15,0.0,0.0
mas,1970,default,52,6,6,33.333333333333336,0,2,28.6,20.0,0,8,14,21,E1,6,15,0.0,0.0
mas_iterative,1970,default,51,6,6,33.0,0,2,28.4,20.0,0,6,14,21,E1,6,15,0.0,0.0
hungarian,1970,default,51,6,6,33.0,0,2,28.4,20.0,0,6,18,58,E1,6,15,0.0,0.0
no_coordination,1971,default,97,6,6,52.0,5,2,42.13333333333333,20.0,74,9,0,0,E1,6,15,0.0,0.0
claim,1971,default,67,6,6,42.666666666666664,1,2,37.06666666666667,20.0,21,11,7,7,E1,6,15,0.0,0.0
mas,1971,default,69,6,6,38.833333333333336,0,2,34.13333333333333,20.0,0,22,14,21,E1,6,15,0.0,0.0
mas_iterative,1971,default,69,6,6,38.333333333333336,0,2,33.733333333333334,20.0,0,22,18,27,E1,6,15,0.0,0.0
hungarian,1971,default,69,6,6,38.333333333333336,0,2,33.733333333333334,20.0,0,22,18,60,E1,6,15,0.0,0.0
no_coordination,1973,default,91,6,6,45.166666666666664,4,2,38.07692307692308,nan,69,9,0,0,E1,6,15,0.0,0.0
claim,1973,default,58,6,6,35.833333333333336,0,2,32.23076923076923,nan,0,7,6,6,E1,6,15,0.0,0.0
mas,1973,default,58,6,6,35.833333333333336,0,2,32.23076923076923,nan,0,7,12,18,E1,6,15,0.0,0.0
mas_iterative,1973,default,58,6,6,35.833333333333336,0,2,32.23076923076923,nan,0,7,12,18,E1,6,15,0.0,0.0
hungarian,1973,default,58,6,6,35.833333333333336,0,2,32.23076923076923,nan,0,7,18,56,E1,6,15,0.0,0.0
no_coordination,1974,default,111,6,6,67.0,6,2,55.733333333333334,20.0,111,10,0,0,E1,6,15,0.0,0.0
claim,1974,default,111,6,6,67.0,6,2,55.733333333333334,20.0,111,10,12,12,E1,6,15,0.0,0.0
mas,1974,default,59,6,6,40.166666666666664,0,2,35.4,20.0,0,6,14,21,E1,6,15,0.0,0.0
mas_iterative,1974,default,59,6,6,39.666666666666664,0,2,34.93333333333333,20.0,0,6,14,21,E1,6,15,0.0,0.0
hungarian,1974,default,59,6,6,39.666666666666664,0,2,34.93333333333333,20.0,0,6,18,56,E1,6,15,0.0,0.0
no_coordination,1975,default,135,6,6,71.0,6,2,55.875,30.0,135,10,0,0,E1,6,15,0.0,0.0
claim,1975,default,135,6,6,71.0,6,2,55.875,30.0,135,10,12,12,E1,6,15,0.0,0.0
mas,1975,default,76,6,6,43.5,0,2,36.75,30.0,0,16,14,21,E1,6,15,0.0,0.0
mas_iterative,1975,default,75,6,6,43.0,0,2,36.375,30.0,0,14,18,27,E1,6,15,0.0,0.0
hungarian,1975,default,79,6,6,44.666666666666664,0,2,36.75,23.0,0,20,18,56,E1,6,15,0.0,0.0
no_coordination,1976,default,77,6,6,49.0,4,2,43.5,nan,63,8,0,0,E1,6,15,0.0,0.0
claim,1976,default,77,6,6,49.0,4,2,43.5,nan,63,8,10,10,E1,6,15,0.0,0.0
mas,1976,default,57,6,6,34.166666666666664,0,2,30.833333333333332,nan,0,12,14,21,E1,6,15,0.0,0.0
mas_iterative,1976,default,57,6,6,33.666666666666664,0,2,30.333333333333332,nan,0,12,16,24,E1,6,15,0.0,0.0
hungarian,1976,default,57,6,6,33.666666666666664,0,2,30.333333333333332,nan,0,12,18,58,E1,6,15,0.0,0.0
no_coordination,1977,default,133,6,6,62.666666666666664,4,2,47.166666666666664,nan,112,8,0,0,E1,6,15,0.0,0.0
claim,1977,default,133,6,6,62.666666666666664,4,2,47.166666666666664,nan,112,8,10,10,E1,6,15,0.0,0.0
mas,1977,default,90,6,6,47.333333333333336,0,2,37.916666666666664,nan,0,30,14,21,E1,6,15,0.0,0.0
mas_iterative,1977,default,89,6,6,47.0,0,2,37.666666666666664,nan,0,28,14,21,E1,6,15,0.0,0.0
hungarian,1977,default,89,6,6,47.0,0,2,37.666666666666664,nan,0,28,18,58,E1,6,15,0.0,0.0
no_coordination,1978,default,105,6,6,47.666666666666664,4,2,40.22222222222222,20.0,84,8,0,0,E1,6,15,0.0,0.0
claim,1978,default,105,6,6,47.666666666666664,4,2,40.22222222222222,20.0,84,8,10,10,E1,6,15,0.0,0.0
mas,1978,default,76,6,6,38.666666666666664,0,2,33.94444444444444,20.0,0,30,14,21,E1,6,15,0.0,0.0
mas_iterative,1978,default,75,6,6,38.333333333333336,0,2,33.666666666666664,20.0,0,28,14,21,E1,6,15,0.0,0.0
hungarian,1978,default,75,6,6,38.333333333333336,0,2,33.666666666666664,20.0,0,28,18,58,E1,6,15,0.0,0.0
no_coordination,1979,default,89,6,6,58.0,4,2,47.666666666666664,nan,75,8,0,0,E1,6,15,0.0,0.0
claim,1979,default,89,6,6,58.0,4,2,47.666666666666664,nan,75,8,10,10,E1,6,15,0.0,0.0
mas,1979,default,69,6,6,42.0,0,2,36.25,nan,0,18,14,21,E1,6,15,0.0,0.0
mas_iterative,1979,default,69,6,6,41.666666666666664,0,2,35.833333333333336,nan,0,18,14,21,E1,6,15,0.0,0.0
hungarian,1979,default,69,6,6,40.333333333333336,0,2,34.166666666666664,nan,0,22,18,56,E1,6,15,0.0,0.0
no_coordination,1980,default,99,6,6,48.666666666666664,4,2,40.0,nan,76,8,0,0,E1,6,15,0.0,0.0
claim,1980,default,89,6,6,43.666666666666664,2,2,36.42857142857143,nan,56,6,8,8,E1,6,15,0.0,0.0
mas,1980,default,69,6,6,37.833333333333336,0,2,33.92857142857143,nan,0,20,14,21,E1,6,15,0.0,0.0
mas_iterative,1980,default,69,6,6,37.666666666666664,0,2,33.857142857142854,nan,0,20,14,21,E1,6,15,0.0,0.0
hungarian,1980,default,69,6,6,37.666666666666664,0,2,33.857142857142854,nan,0,20,18,58,E1,6,15,0.0,0.0
no_coordination,1981,default,83,6,6,44.666666666666664,2,2,37.733333333333334,34.0,39,6,0,0,E1,6,15,0.0,0.0
claim,1981,default,73,6,6,42.0,0,2,36.266666666666666,34.0,0,18,6,6,E1,6,15,0.0,0.0
mas,1981,default,73,6,6,42.0,0,2,36.266666666666666,34.0,0,18,12,18,E1,6,15,0.0,0.0
mas_iterative,1981,default,73,6,6,42.0,0,2,36.266666666666666,34.0,0,18,12,18,E1,6,15,0.0,0.0
hungarian,1981,default,73,6,6,42.0,0,2,36.266666666666666,34.0,0,18,18,56,E1,6,15,0.0,0.0
no_coordination,1982,default,86,6,6,50.833333333333336,4,2,37.642857142857146,21.0,48,8,0,0,E1,6,15,0.0,0.0
claim,1982,default,75,6,6,41.333333333333336,0,2,32.714285714285715,21.0,0,24,6,6,E1,6,15,0.0,0.0
mas,1982,default,75,6,6,41.333333333333336,0,2,32.714285714285715,21.0,0,24,12,18,E1,6,15,0.0,0.0
mas_iterative,1982,default,75,6,6,41.333333333333336,0,2,32.714285714285715,21.0,0,24,12,18,E1,6,15,0.0,0.0
hungarian,1982,default,75,6,6,41.333333333333336,0,2,32.714285714285715,21.0,0,24,18,56,E1,6,15,0.0,0.0
no_coordination,1983,default,95,6,6,52.5,4,2,44.1764705882353,29.0,84,9,0,0,E1,6,15,0.0,0.0
claim,1983,default,81,6,6,50.0,2,2,43.23529411764706,29.0,39,23,8,8,E1,6,15,0.0,0.0
mas,1983,default,68,6,6,37.166666666666664,0,2,31.176470588235293,20.5,0,26,14,21,E1,6,15,0.0,0.0
mas_iterative,1983,default,67,6,6,36.666666666666664,0,2,30.705882352941178,20.0,0,24,16,24,E1,6,15,0.0,0.0
hungarian,1983,default,67,6,6,36.666666666666664,0,2,30.705882352941178,20.0,0,24,18,58,E1,6,15,0.0,0.0
no_coordination,1984,default,51,6,6,29.333333333333332,4,2,26.94736842105263,22.0,28,8,0,0,E1,6,15,0.0,0.0
claim,1984,default,45,6,6,27.333333333333332,0,2,25.57894736842105,22.0,0,20,6,6,E1,6,15,0.0,0.0
mas,1984,default,45,6,6,27.333333333333332,0,2,25.57894736842105,22.0,0,20,12,18,E1,6,15,0.0,0.0
mas_iterative,1984,default,45,6,6,27.333333333333332,0,2,25.57894736842105,22.0,0,20,12,18,E1,6,15,0.0,0.0
hungarian,1984,default,45,6,6,27.333333333333332,0,2,25.57894736842105,22.0,0,20,18,56,E1,6,15,0.0,0.0
no_coordination,1985,default,87,6,6,55.0,5,2,50.470588235294116,34.0,64,9,0,0,E1,6,15,0.0,0.0
claim,1985,default,71,6,6,49.666666666666664,2,2,46.705882352941174,34.0,41,14,8,8,E1,6,15,0.0,0.0
mas,1985,default,51,6,6,32.666666666666664,0,2,30.647058823529413,20.5,0,8,14,21,E1,6,15,0.0,0.0
mas_iterative,1985,default,51,6,6,32.333333333333336,0,2,30.235294117647058,20.0,0,8,16,24,E1,6,15,0.0,0.0
hungarian,1985,default,51,6,6,32.333333333333336,0,2,30.235294117647058,20.0,0,8,18,58,E1,6,15,0.0,0.0
no_coordination,1986,default,119,6,6,66.33333333333333,4,2,53.84615384615385,36.0,93,8,0,0,E1,6,15,0.0,0.0
claim,1986,default,103,6,6,63.666666666666664,2,2,52.61538461538461,36.0,45,22,8,8,E1,6,15,0.0,0.0
mas,1986,default,71,6,6,40.5,0,2,33.38461538461539,28.0,0,12,14,21,E1,6,15,0.0,0.0
mas_iterative,1986,default,71,6,6,40.0,0,2,33.07692307692308,28.0,0,12,14,21,E1,6,15,0.0,0.0
hungarian,1986,default,97,6,6,50.0,0,2,39.38461538461539,25.0,0,38,20,59,E1,6,15,0.0,0.0
no_coordination,1987,default,92,6,6,46.333333333333336,2,2,36.4375,20.0,20,7,0,0,E1,6,15,0.0,0.0
claim,1987,default,91,6,6,46.166666666666664,1,2,36.375,20.0,18,40,7,7,E1,6,15,0.0,0.0
mas,1987,default,75,6,6,40.666666666666664,0,2,33.25,20.0,0,24,14,21,E1,6,15,0.0,0.0
mas_iterative,1987,default,75,6,6,40.333333333333336,0,2,33.0,20.0,0,24,14,21,E1,6,15,0.0,0.0
hungarian,1987,default,75,6,6,40.333333333333336,0,2,33.0,20.0,0,24,18,58,E1,6,15,0.0,0.0
no_coordination,1988,default,77,6,6,39.333333333333336,2,2,36.57142857142857,nan,44,6,0,0,E1,6,15,0.0,0.0
claim,1988,default,77,6,6,39.333333333333336,2,2,36.57142857142857,nan,44,6,8,8,E1,6,15,0.0,0.0
mas,1988,default,66,6,6,36.0,0,2,33.714285714285715,nan,0,24,14,21,E1,6,15,0.0,0.0
mas_iterative,1988,default,65,6,6,35.666666666666664,0,2,33.42857142857143,nan,0,22,16,24,E1,6,15,0.0,0.0
hungarian,1988,default,65,6,6,35.666666666666664,0,2,33.42857142857143,nan,0,22,18,60,E1,6,15,0.0,0.0
no_coordination,1989,default,109,6,6,51.666666666666664,4,2,42.0,nan,49,8,0,0,E1,6,15,0.0,0.0
claim,1989,default,83,6,6,43.0,0,2,36.42857142857143,nan,0,34,6,6,E1,6,15,0.0,0.0
mas,1989,default,83,6,6,43.0,0,2,36.42857142857143,nan,0,34,12,18,E1,6,15,0.0,0.0
mas_iterative,1989,default,83,6,6,43.0,0,2,36.42857142857143,nan,0,34,12,18,E1,6,15,0.0,0.0
hungarian,1989,default,83,6,6,43.0,0,2,36.42857142857143,nan,0,34,18,56,E1,6,15,0.0,0.0
no_coordination,1990,default,77,6,6,45.333333333333336,4,2,37.375,27.0,54,8,0,0,E1,6,15,0.0,0.0
claim,1990,default,77,6,6,45.333333333333336,4,2,37.375,27.0,54,8,10,10,E1,6,15,0.0,0.0
mas,1990,default,53,6,6,36.0,0,2,32.1875,27.0,0,10,14,21,E1,6,15,0.0,0.0
mas_iterative,1990,default,53,6,6,35.666666666666664,0,2,32.0,27.0,0,10,14,21,E1,6,15,0.0,0.0
hungarian,1990,default,53,6,6,35.666666666666664,0,2,32.0,27.0,0,10,18,58,E1,6,15,0.0,0.0
no_coordination,1991,default,92,6,6,48.5,3,2,39.0,31.25,59,7,0,0,E1,6,15,0.0,0.0
claim,1991,default,64,6,6,41.333333333333336,0,2,35.94736842105263,31.25,0,7,6,6,E1,6,15,0.0,0.0
mas,1991,default,64,6,6,41.333333333333336,0,2,35.94736842105263,31.25,0,7,12,18,E1,6,15,0.0,0.0
mas_iterative,1991,default,64,6,6,41.333333333333336,0,2,35.94736842105263,31.25,0,7,12,18,E1,6,15,0.0,0.0
hungarian,1991,default,64,6,6,41.333333333333336,0,2,35.94736842105263,31.25,0,7,18,56,E1,6,15,0.0,0.0
no_coordination,1992,default,91,6,6,58.333333333333336,3,2,52.705882352941174,22.0,49,7,0,0,E1,6,15,0.0,0.0
claim,1992,default,87,6,6,53.333333333333336,1,2,49.1764705882353,22.0,23,21,7,7,E1,6,15,0.0,0.0
mas,1992,default,81,6,6,45.333333333333336,0,2,41.411764705882355,22.0,0,30,14,21,E1,6,15,0.0,0.0
mas_iterative,1992,default,81,6,6,45.0,0,2,41.05882352941177,22.0,0,30,18,27,E1,6,15,0.0,0.0
hungarian,1992,default,81,6,6,45.0,0,2,41.05882352941177,22.0,0,30,20,61,E1,6,15,0.0,0.0
no_coordination,1993,default,99,6,6,56.833333333333336,4,2,48.3125,28.0,82,8,0,0,E1,6,15,0.0,0.0
claim,1993,default,76,6,6,50.666666666666664,1,2,45.5625,28.0,29,12,7,7,E1,6,15,0.0,0.0
mas,1993,default,59,6,6,38.166666666666664,0,2,33.4375,20.0,0,6,14,21,E1,6,15,0.0,0.0
mas_iterative,1993,default,59,6,6,37.666666666666664,0,2,33.0,20.0,0,6,14,21,E1,6,15,0.0,0.0
hungarian,1993,default,59,6,6,37.666666666666664,0,2,33.0,20.0,0,6,18,56,E1,6,15,0.0,0.0
no_coordination,1994,default,105,6,6,56.333333333333336,6,2,50.0,nan,105,10,0,0,E1,6,15,0.0,0.0
claim,1994,default,105,6,6,56.333333333333336,6,2,50.0,nan,105,10,12,12,E1,6,15,0.0,0.0
mas,1994,default,69,6,6,36.5,0,2,33.0,nan,0,30,14,21,E1,6,15,0.0,0.0
mas_iterative,1994,default,69,6,6,36.0,0,2,32.5,nan,0,30,14,21,E1,6,15,0.0,0.0
hungarian,1994,default,69,6,6,36.0,0,2,32.5,nan,0,30,18,56,E1,6,15,0.0,0.0
no_coordination,1995,default,115,6,6,58.333333333333336,4,2,45.76470588235294,24.0,86,8,0,0,E1,6,15,0.0,0.0
claim,1995,default,79,6,6,46.0,0,2,39.05882352941177,24.0,0,18,6,6,E1,6,15,0.0,0.0
mas,1995,default,79,6,6,46.0,0,2,39.05882352941177,24.0,0,18,12,18,E1,6,15,0.0,0.0
mas_iterative,1995,default,79,6,6,46.0,0,2,39.05882352941177,24.0,0,18,12,18,E1,6,15,0.0,0.0
hungarian,1995,default,79,6,6,46.0,0,2,39.05882352941177,24.0,0,18,18,56,E1,6,15,0.0,0.0
no_coordination,1996,default,107,6,6,58.166666666666664,5,2,45.0,27.0,82,9,0,0,E1,6,15,0.0,0.0
claim,1996,default,94,6,6,56.0,3,2,44.13333333333333,27.0,43,20,9,9,E1,6,15,0.0,0.0
mas,1996,default,81,6,6,46.0,0,2,36.266666666666666,23.5,0,22,14,21,E1,6,15,0.0,0.0
mas_iterative,1996,default,81,6,6,45.666666666666664,0,2,35.86666666666667,23.0,0,22,14,21,E1,6,15,0.0,0.0
hungarian,1996,default,81,6,6,45.666666666666664,0,2,35.86666666666667,23.0,0,22,18,56,E1,6,15,0.0,0.0
no_coordination,1997,default,87,6,6,53.333333333333336,4,2,41.69230769230769,26.0,46,8,0,0,E1,6,15,0.0,0.0
claim,1997,default,85,6,6,44.333333333333336,0,2,36.15384615384615,26.0,0,34,6,6,E1,6,15,0.0,0.0
mas,1997,default,85,6,6,44.333333333333336,0,2,36.15384615384615,26.0,0,34,12,18,E1,6,15,0.0,0.0
mas_iterative,1997,default,85,6,6,44.333333333333336,0,2,36.15384615384615,26.0,0,34,12,18,E1,6,15,0.0,0.0
hungarian,1997,default,85,6,6,44.333333333333336,0,2,36.15384615384615,26.0,0,34,18,56,E1,6,15,0.0,0.0
no_coordination,1998,default,57,6,6,39.0,2,2,35.294117647058826,26.0,15,6,0,0,E1,6,15,0.0,0.0
claim,1998,default,57,6,6,36.666666666666664,0,2,33.64705882352941,26.0,0,14,6,6,E1,6,15,0.0,0.0
mas,1998,default,57,6,6,36.666666666666664,0,2,33.64705882352941,26.0,0,14,12,18,E1,6,15,0.0,0.0
mas_iterative,1998,default,57,6,6,36.666666666666664,0,2,33.64705882352941,26.0,0,14,12,18,E1,6,15,0.0,0.0
hungarian,1998,default,57,6,6,36.666666666666664,0,2,33.64705882352941,26.0,0,14,18,56,E1,6,15,0.0,0.0
no_coordination,1999,default,131,6,6,80.66666666666667,5,2,68.66666666666667,30.0,94,9,0,0,E1,6,15,0.0,0.0
claim,1999,default,119,6,6,78.66666666666667,3,2,67.86666666666666,30.0,81,23,9,9,E1,6,15,0.0,0.0
mas,1999,default,71,6,6,41.833333333333336,0,2,35.93333333333333,20.0,0,16,14,21,E1,6,15,0.0,0.0
mas_iterative,1999,default,71,6,6,41.333333333333336,0,2,35.46666666666667,20.0,0,16,14,21,E1,6,15,0.0,0.0
hungarian,1999,default,71,6,6,41.333333333333336,0,2,35.46666666666667,20.0,0,16,18,56,E1,6,15,0.0,0.0
no_coordination,2000,default,54,6,6,32.5,2,2,30.2,26.0,12,6,0,0,E1,6,15,0.0,0.0
claim,2000,default,54,6,6,32.5,1,2,30.2,26.0,6,11,7,7,E1,6,15,0.0,0.0
mas,2000,default,51,6,6,31.333333333333332,0,2,29.6,26.0,0,7,14,21,E1,6,15,0.0,0.0
mas_iterative,2000,default,51,6,6,31.0,0,2,29.4,26.0,0,7,14,21,E1,6,15,0.0,0.0
hungarian,2000,default,51,6,6,31.0,0,2,29.4,26.0,0,7,18,58,E1,6,15,0.0,0.0
no_coordination,2001,default,91,6,6,47.333333333333336,3,2,37.857142857142854,20.0,36,7,0,0,E1,6,15,0.0,0.0
claim,2001,default,89,6,6,47.0,1,2,37.714285714285715,20.0,8,29,7,7,E1,6,15,0.0,0.0
mas,2001,default,84,6,6,45.666666666666664,0,2,36.92857142857143,20.0,0,22,14,21,E1,6,15,0.0,0.0
mas_iterative,2001,default,83,6,6,45.333333333333336,0,2,36.714285714285715,20.0,0,20,14,21,E1,6,15,0.0,0.0
hungarian,2001,default,83,6,6,45.333333333333336,0,2,36.714285714285715,20.0,0,20,18,58,E1,6,15,0.0,0.0
no_coordination,2002,default,117,6,6,62.166666666666664,4,2,48.0,21.0,43,8,0,0,E1,6,15,0.0,0.0
claim,2002,default,123,6,6,59.666666666666664,2,2,45.625,21.0,70,6,8,8,E1,6,15,0.0,0.0
mas,2002,default,91,6,6,53.5,0,2,43.3125,21.0,0,10,14,21,E1,6,15,0.0,0.0
mas_iterative,2002,default,91,6,6,53.333333333333336,0,2,43.25,21.0,0,10,14,21,E1,6,15,0.0,0.0
hungarian,2002,default,91,6,6,53.333333333333336,0,2,43.25,21.0,0,10,18,58,E1,6,15,0.0,0.0
no_coordination,2003,default,89,6,6,47.0,4,2,39.27272727272727,nan,68,8,0,0,E1,6,15,0.0,0.0
claim,2003,default,89,6,6,47.0,4,2,39.27272727272727,nan,68,8,10,10,E1,6,15,0.0,0.0
mas,2003,default,64,6,6,37.333333333333336,0,2,32.63636363636363,nan,0,22,14,21,E1,6,15,0.0,0.0
mas_iterative,2003,default,63,6,6,37.0,0,2,32.36363636363637,nan,0,20,14,21,E1,6,15,0.0,0.0
hungarian,2003,default,63,6,6,37.0,0,2,32.36363636363637,nan,0,20,18,58,E1,6,15,0.0,0.0
no_coordination,2004,default,73,6,6,41.333333333333336,4,2,34.0,nan,52,8,0,0,E1,6,15,0.0,0.0
claim,2004,default,73,6,6,41.333333333333336,4,2,34.0,nan,52,8,10,10,E1,6,15,0.0,0.0
mas,2004,default,51,6,6,33.333333333333336,0,2,29.307692307692307,nan,0,12,14,21,E1,6,15,0.0,0.0
mas_iterative,2004,default,51,6,6,33.0,0,2,29.076923076923077,nan,0,12,14,21,E1,6,15,0.0,0.0
hungarian,2004,default,51,6,6,33.0,0,2,29.076923076923077,nan,0,12,18,58,E1,6,15,0.0,0.0
no_coordination,2005,default,133,6,6,71.0,6,2,57.166666666666664,nan,133,10,0,0,E1,6,15,0.0,0.0
claim,2005,default,133,6,6,71.0,6,2,57.166666666666664,nan,133,10,12,12,E1,6,15,0.0,0.0
mas,2005,default,88,6,6,45.833333333333336,0,2,37.833333333333336,nan,0,38,14,21,E1,6,15,0.0,0.0
mas_iterative,2005,default,87,6,6,45.333333333333336,0,2,37.333333333333336,nan,0,36,14,21,E1,6,15,0.0,0.0
hungarian,2005,default,87,6,6,45.333333333333336,0,2,37.333333333333336,nan,0,36,18,56,E1,6,15,0.0,0.0
no_coordination,2006,default,112,6,6,54.333333333333336,5,2,42.642857142857146,20.0,61,9,0,0,E1,6,15,0.0,0.0
claim,2006,default,95,6,6,51.5,3,2,41.42857142857143,20.0,43,30,9,9,E1,6,15,0.0,0.0
mas,2006,default,76,6,6,36.5,0,2,30.428571428571427,20.0,0,40,14,21,E1,6,15,0.0,0.0
mas_iterative,2006,default,75,6,6,36.0,0,2,30.0,20.0,0,38,16,24,E1,6,15,0.0,0.0
hungarian,2006,default,75,6,6,36.0,0,2,30.0,20.0,0,38,18,58,E1,6,15,0.0,0.0
no_coordination,2007,default,165,6,6,89.33333333333333,6,2,67.625,26.0,165,10,0,0,E1,6,15,0.0,0.0
claim,2007,default,165,6,6,89.33333333333333,6,2,67.625,26.0,165,10,12,12,E1,6,15,0.0,0.0
mas,2007,default,78,6,6,46.166666666666664,0,2,37.625,26.0,0,12,14,21,E1,6,15,0.0,0.0
mas_iterative,2007,default,77,6,6,45.666666666666664,0,2,37.25,26.0,0,10,16,24,E1,6,15,0.0,0.0
hungarian,2007,default,77,6,6,45.666666666666664,0,2,37.25,26.0,0,10,18,58,E1,6,15,0.0,0.0
no_coordination,2008,default,141,6,6,68.33333333333333,6,2,57.888888888888886,28.0,141,10,0,0,E1,6,15,0.0,0.0
claim,2008,default,141,6,6,68.33333333333333,6,2,57.888888888888886,28.0,141,10,12,12,E1,6,15,0.0,0.0
mas,2008,default,73,6,6,38.833333333333336,0,2,34.666666666666664,28.0,0,18,14,21,E1,6,15,0.0,0.0
mas_iterative,2008,default,73,6,6,38.333333333333336,0,2,34.22222222222222,28.0,0,18,16,24,E1,6,15,0.0,0.0
hungarian,2008,default,89,6,6,44.0,0,2,38.22222222222222,21.0,0,34,18,56,E1,6,15,0.0,0.0
no_coordination,2009,default,85,6,6,51.5,3,2,46.5625,32.0,54,7,0,0,E1,6,15,0.0,0.0
claim,2009,default,83,6,6,51.333333333333336,1,2,46.375,32.0,33,21,7,7,E1,6,15,0.0,0.0
mas,2009,default,65,6,6,36.833333333333336,0,2,31.8125,20.0,0,14,14,21,E1,6,15,0.0,0.0
mas_iterative,2009,default,65,6,6,36.333333333333336,0,2,31.375,20.0,0,14,16,24,E1,6,15,0.0,0.0
hungarian,2009,default,65,6,6,36.333333333333336,0,2,31.375,20.0,0,14,18,58,E1,6,15,0.0,0.0
no_coordination,2010,default,93,6,6,49.5,4,2,44.8421052631579,26.5,71,8,0,0,E1,6,15,0.0,0.0
claim,2010,default,61,6,6,37.833333333333336,0,2,35.8421052631579,26.5,0,11,6,6,E1,6,15,0.0,0.0
mas,2010,default,61,6,6,37.833333333333336,0,2,35.8421052631579,26.5,0,11,12,18,E1,6,15,0.0,0.0
mas_iterative,2010,default,61,6,6,37.833333333333336,0,2,35.8421052631579,26.5,0,11,12,18,E1,6,15,0.0,0.0
hungarian,2010,default,61,6,6,37.833333333333336,0,2,35.8421052631579,26.5,0,11,18,56,E1,6,15,0.0,0.0
no_coordination,2011,default,130,6,6,79.83333333333333,4,2,67.54545454545455,nan,87,8,0,0,E1,6,15,0.0,0.0
claim,2011,default,105,6,6,68.66666666666667,1,2,61.27272727272727,nan,33,17,7,7,E1,6,15,0.0,0.0
mas,2011,default,90,6,6,54.5,0,2,46.09090909090909,nan,0,16,14,21,E1,6,15,0.0,0.0
mas_iterative,2011,default,89,6,6,54.0,0,2,45.63636363636363,nan,0,14,14,21,E1,6,15,0.0,0.0
hungarian,2011,default,89,6,6,54.0,0,2,45.63636363636363,nan,0,14,18,56,E1,6,15,0.0,0.0
no_coordination,2012,default,121,6,6,72.16666666666667,5,2,60.3125,29.0,104,9,0,0,E1,6,15,0.0,0.0
claim,2012,default,116,6,6,71.33333333333333,3,2,59.6875,29.0,73,28,9,9,E1,6,15,0.0,0.0
mas,2012,default,79,6,6,47.5,0,2,39.25,20.5,0,14,14,21,E1,6,15,0.0,0.0
mas_iterative,2012,default,79,6,6,47.0,0,2,38.75,20.0,0,14,16,24,E1,6,15,0.0,0.0
hungarian,2012,default,79,6,6,47.0,0,2,38.75,20.0,0,14,18,58,E1,6,15,0.0,0.0
no_coordination,2013,default,91,6,6,53.333333333333336,4,2,48.857142857142854,nan,40,8,0,0,E1,6,15,0.0,0.0
claim,2013,default,85,6,6,45.0,0,2,41.714285714285715,nan,0,26,6,6,E1,6,15,0.0,0.0
mas,2013,default,85,6,6,45.0,0,2,41.714285714285715,nan,0,26,12,18,E1,6,15,0.0,0.0
mas_iterative,2013,default,85,6,6,45.0,0,2,41.714285714285715,nan,0,26,12,18,E1,6,15,0.0,0.0
hungarian,2013,default,85,6,6,45.0,0,2,41.714285714285715,nan,0,26,18,56,E1,6,15,0.0,0.0
no_coordination,2014,default,95,6,6,58.666666666666664,5,2,47.23076923076923,20.0,58,9,0,0,E1,6,15,0.0,0.0
claim,2014,default,81,6,6,56.0,2,2,46.0,20.0,41,12,8,8,E1,6,15,0.0,0.0
mas,2014,default,72,6,6,43.166666666666664,0,2,34.92307692307692,20.0,0,22,14,21,E1,6,15,0.0,0.0
mas_iterative,2014,default,71,6,6,42.666666666666664,0,2,34.46153846153846,20.0,0,20,16,24,E1,6,15,0.0,0.0
hungarian,2014,default,71,6,6,42.666666666666664,0,2,34.46153846153846,20.0,0,20,18,58,E1,6,15,0.0,0.0
no_coordination,2015,default,76,6,6,53.833333333333336,4,2,46.46153846153846,38.0,53,8,0,0,E1,6,15,0.0,0.0
claim,2015,default,76,6,6,52.0,2,2,45.61538461538461,38.0,39,19,8,8,E1,6,15,0.0,0.0
mas,2015,default,61,6,6,39.333333333333336,0,2,34.0,27.0,0,10,14,21,E1,6,15,0.0,0.0
mas_iterative,2015,default,61,6,6,39.0,0,2,33.53846153846154,26.0,0,10,14,21,E1,6,15,0.0,0.0
hungarian,2015,default,61,6,6,39.0,0,2,33.53846153846154,26.0,0,10,18,56,E1,6,15,0.0,0.0
no_coordination,2016,default,51,6,6,33.666666666666664,2,2,32.5,22.0,14,6,0,0,E1,6,15,0.0,0.0
claim,2016,default,51,6,6,33.666666666666664,1,2,32.5,22.0,12,7,7,7,E1,6,15,0.0,0.0
mas,2016,default,53,6,6,32.5,0,2,31.45,22.0,0,18,14,21,E1,6,15,0.0,0.0
mas_iterative,2016,default,53,6,6,32.333333333333336,0,2,31.3,22.0,0,18,14,21,E1,6,15,0.0,0.0
hungarian,2016,default,53,6,6,32.333333333333336,0,2,31.3,22.0,0,18,18,58,E1,6,15,0.0,0.0
no_coordination,2017,default,135,6,6,66.66666666666667,4,2,57.75,20.0,113,8,0,0,E1,6,15,0.0,0.0
claim,2017,default,135,6,6,66.66666666666667,4,2,57.75,20.0,113,8,10,10,E1,6,15,0.0,0.0
mas,2017,default,88,6,6,49.166666666666664,0,2,43.5625,20.0,0,20,14,21,E1,6,15,0.0,0.0
mas_iterative,2017,default,87,6,6,48.666666666666664,0,2,43.125,20.0,0,18,14,21,E1,6,15,0.0,0.0
hungarian,2017,default,87,6,6,48.666666666666664,0,2,43.125,20.0,0,18,18,56,E1,6,15,0.0,0.0
no_coordination,2018,default,77,6,6,44.166666666666664,4,2,35.0,20.0,62,8,0,0,E1,6,15,0.0,0.0
claim,2018,default,66,6,6,42.333333333333336,2,2,34.0,20.0,31,15,8,8,E1,6,15,0.0,0.0
mas,2018,default,67,6,6,39.666666666666664,0,2,32.36363636363637,20.0,0,22,14,21,E1,6,15,0.0,0.0
mas_iterative,2018,default,67,6,6,39.333333333333336,0,2,32.0,20.0,0,22,16,24,E1,6,15,0.0,0.0
hungarian,2018,default,67,6,6,39.333333333333336,0,2,32.72727272727273,28.0,0,22,18,58,E1,6,15,0.0,0.0
no_coordination,1000,default,121,6,6,65.0,5,2,57.75,26.0,103,9,0,0,E1,6,15,0.1,0.0
claim,1000,default,93,6,6,56.666666666666664,1,2,51.5,26.0,27,29,7,7,E1,6,15,0.1,0.0
mas,1000,default,75,6,6,44.166666666666664,0,2,40.0625,22.0,0,18,14,21,E1,6,15,0.1,0.0
mas_iterative,1000,default,75,6,6,43.666666666666664,0,2,39.625,22.0,0,18,16,24,E1,6,15,0.1,0.0
hungarian,1000,default,75,6,6,43.666666666666664,0,2,39.625,22.0,0,18,18,58,E1,6,15,0.1,0.0
no_coordination,1001,default,99,6,6,58.333333333333336,4,2,50.35294117647059,38.0,58,8,0,0,E1,6,15,0.1,0.0
claim,1001,default,77,6,6,54.333333333333336,1,2,48.8235294117647,38.0,33,9,7,7,E1,6,15,0.1,0.0
mas,1001,default,59,6,6,37.833333333333336,0,2,33.1764705882353,27.0,0,9,16,24,E1,6,15,0.1,0.0
mas_iterative,1001,default,58,6,6,37.166666666666664,0,2,32.64705882352941,27.0,0,7,14,21,E1,6,15,0.1,0.0
hungarian,1001,default,58,6,6,37.166666666666664,0,2,32.64705882352941,27.0,0,7,18,56,E1,6,15,0.1,0.0
no_coordination,1002,default,56,6,6,36.0,2,2,30.53846153846154,nan,20,7,0,0,E1,6,15,0.1,0.0
claim,1002,default,60,6,6,34.166666666666664,0,2,29.615384615384617,nan,0,25,6,6,E1,6,15,0.1,0.0
mas,1002,default,60,6,6,34.166666666666664,0,2,29.615384615384617,nan,0,25,12,18,E1,6,15,0.1,0.0
mas_iterative,1002,default,60,6,6,34.166666666666664,0,2,29.615384615384617,nan,0,25,12,18,E1,6,15,0.1,0.0
hungarian,1002,default,60,6,6,34.166666666666664,0,2,29.615384615384617,nan,0,25,18,56,E1,6,15,0.1,0.0
no_coordination,1003,default,103,6,6,48.333333333333336,5,2,37.27272727272727,nan,82,9,0,0,E1,6,15,0.1,0.0
claim,1003,default,75,6,6,38.666666666666664,0,2,31.636363636363637,nan,0,30,6,6,E1,6,15,0.1,0.0
mas,1003,default,75,6,6,38.666666666666664,0,2,31.636363636363637,nan,0,30,12,18,E1,6,15,0.1,0.0
mas_iterative,1003,default,75,6,6,38.666666666666664,0,2,31.636363636363637,nan,0,30,12,18,E1,6,15,0.1,0.0
hungarian,1003,default,75,6,6,38.666666666666664,0,2,31.636363636363637,nan,0,30,18,56,E1,6,15,0.1,0.0
no_coordination,1004,default,119,6,6,57.0,4,2,48.833333333333336,nan,73,8,0,0,E1,6,15,0.1,0.0
claim,1004,default,75,6,6,43.666666666666664,0,2,39.166666666666664,nan,0,12,6,6,E1,6,15,0.1,0.0
mas,1004,default,75,6,6,43.666666666666664,0,2,39.166666666666664,nan,0,12,12,18,E1,6,15,0.1,0.0
mas_iterative,1004,default,75,6,6,43.666666666666664,0,2,39.166666666666664,nan,0,12,12,18,E1,6,15,0.1,0.0
hungarian,1004,default,75,6,6,43.666666666666664,0,2,39.166666666666664,nan,0,12,18,56,E1,6,15,0.1,0.0
no_coordination,1005,default,80,6,6,46.166666666666664,3,2,43.46666666666667,nan,32,7,0,0,E1,6,15,0.1,0.0
claim,1005,default,80,6,6,46.166666666666664,2,2,43.46666666666667,nan,32,13,8,8,E1,6,15,0.1,0.0
mas,1005,default,75,6,6,40.166666666666664,0,2,38.333333333333336,nan,0,30,14,21,E1,6,15,0.1,0.0
mas_iterative,1005,default,75,6,6,40.0,0,2,38.13333333333333,nan,0,30,14,21,E1,6,15,0.1,0.0
hungarian,1005,default,75,6,6,40.0,0,2,38.13333333333333,nan,0,30,18,58,E1,6,15,0.1,0.0
no_coordination,1006,default,97,6,6,51.0,5,2,42.94736842105263,30.0,64,9,0,0,E1,6,15,0.1,0.0
claim,1006,default,69,6,6,43.0,1,2,38.31578947368421,30.0,23,15,7,7,E1,6,15,0.1,0.0
mas,1006,default,60,6,6,34.833333333333336,0,2,30.42105263157895,23.0,0,16,14,21,E1,6,15,0.1,0.0
mas_iterative,1006,default,59,6,6,34.333333333333336,0,2,30.0,22.666666666666668,0,14,16,24,E1,6,15,0.1,0.0
hungarian,1006,default,59,6,6,34.333333333333336,0,2,30.0,22.666666666666668,0,14,18,58,E1,6,15,0.1,0.0
no_coordination,1007,default,113,6,6,60.833333333333336,4,2,53.2,20.0,41,8,0,0,E1,6,15,0.1,0.0
claim,1007,default,89,6,6,51.666666666666664,0,2,45.86666666666667,20.0,0,18,6,6,E1,6,15,0.1,0.0
mas,1007,default,89,6,6,51.666666666666664,0,2,45.86666666666667,20.0,0,18,12,18,E1,6,15,0.1,0.0
mas_iterative,1007,default,89,6,6,51.666666666666664,0,2,45.86666666666667,20.0,0,18,12,18,E1,6,15,0.1,0.0
hungarian,1007,default,89,6,6,51.666666666666664,0,2,45.86666666666667,20.0,0,18,18,56,E1,6,15,0.1,0.0
no_coordination,1008,default,141,6,6,73.0,5,2,59.5,28.0,106,9,0,0,E1,6,15,0.1,0.0
claim,1008,default,101,6,6,58.0,1,2,50.0,28.0,29,33,7,7,E1,6,15,0.1,0.0
mas,1008,default,83,6,6,45.333333333333336,0,2,38.1875,20.0,0,26,14,21,E1,6,15,0.1,0.0
mas_iterative,1008,default,83,6,6,45.0,0,2,37.875,20.0,0,26,14,21,E1,6,15,0.1,0.0
hungarian,1008,default,83,6,6,43.666666666666664,0,2,37.125,28.0,0,30,18,56,E1,6,15,0.1,0.0
no_coordination,1009,default,110,6,6,56.0,4,2,51.470588235294116,28.0,93,8,0,0,E1,6,15,0.1,0.0
claim,1009,default,83,6,6,51.333333333333336,1,2,48.470588235294116,28.0,29,9,7,7,E1,6,15,0.1,0.0
mas,1009,default,70,6,6,38.833333333333336,0,2,36.294117647058826,20.0,0,10,14,21,E1,6,15,0.1,0.0
mas_iterative,1009,default,69,6,6,38.333333333333336,0,2,35.88235294117647,20.0,0,8,16,24,E1,6,15,0.1,0.0
hungarian,1009,default,75,6,6,37.666666666666664,0,2,34.8235294117647,28.0,0,38,18,56,E1,6,15,0.1,0.0
no_coordination,1010,default,135,6,6,62.833333333333336,4,2,56.333333333333336,nan,120,9,0,0,E1,6,15,0.1,0.0
claim,1010,default,96,6,6,52.5,1,2,48.06666666666667,nan,21,26,7,7,E1,6,15,0.1,0.0
mas,1010,default,80,6,6,42.166666666666664,0,2,40.2,nan,0,28,14,21,E1,6,15,0.1,0.0
mas_iterative,1010,default,79,6,6,41.666666666666664,0,2,39.733333333333334,nan,0,26,16,24,E1,6,15,0.1,0.0
hungarian,1010,default,79,6,6,41.666666666666664,0,2,39.733333333333334,nan,0,26,18,58,E1,6,15,0.1,0.0
no_coordination,1011,default,115,6,6,60.333333333333336,6,2,48.30769230769231,nan,115,10,0,0,E1,6,15,0.1,0.0
claim,1011,default,115,6,6,60.333333333333336,6,2,48.30769230769231,nan,115,10,12,12,E1,6,15,0.1,0.0
mas,1011,default,74,6,6,38.166666666666664,0,2,31.23076923076923,nan,0,32,14,21,E1,6,15,0.1,0.0
mas_iterative,1011,default,73,6,6,37.666666666666664,0,2,30.76923076923077,nan,0,30,14,21,E1,6,15,0.1,0.0
hungarian,1011,default,73,6,6,37.666666666666664,0,2,30.76923076923077,nan,0,30,18,56,E1,6,15,0.1,0.0
no_coordination,1012,default,82,6,6,55.333333333333336,3,2,48.4,26.0,45,7,0,0,E1,6,15,0.1,0.0
claim,1012,default,79,6,6,54.666666666666664,1,2,48.06666666666667,26.0,27,14,7,7,E1,6,15,0.1,0.0
mas,1012,default,62,6,6,40.166666666666664,0,2,35.333333333333336,22.0,0,10,14,21,E1,6,15,0.1,0.0
mas_iterative,1012,default,61,6,6,39.666666666666664,0,2,34.8,22.0,0,8,14,21,E1,6,15,0.1,0.0
hungarian,1012,default,61,6,6,39.666666666666664,0,2,34.8,22.0,0,8,18,56,E1,6,15,0.1,0.0
no_coordination,1013,default,93,6,6,51.333333333333336,3,2,42.44444444444444,25.333333333333332,48,7,0,0,E1,6,15,0.1,0.0
claim,1013,default,93,6,6,51.333333333333336,2,2,42.44444444444444,25.333333333333332,48,26,8,8,E1,6,15,0.1,0.0
mas,1013,default,71,6,6,40.166666666666664,0,2,36.05555555555556,25.333333333333332,0,20,14,21,E1,6,15,0.1,0.0
mas_iterative,1013,default,71,6,6,40.0,0,2,35.888888888888886,25.333333333333332,0,20,14,21,E1,6,15,0.1,0.0
hungarian,1013,default,71,6,6,40.0,0,2,35.888888888888886,25.333333333333332,0,20,18,58,E1,6,15,0.1,0.0
no_coordination,1014,default,90,6,6,48.666666666666664,2,2,41.5,nan,28,7,0,0,E1,6,15,0.1,0.0
claim,1014,default,89,6,6,48.5,1,2,41.42857142857143,nan,26,34,7,7,E1,6,15,0.1,0.0
mas,1014,default,77,6,6,41.333333333333336,0,2,36.142857142857146,nan,0,28,14,21,E1,6,15,0.1,0.0
mas_iterative,1014,default,77,6,6,41.0,0,2,35.857142857142854,nan,0,28,14,21,E1,6,15,0.1,0.0
hungarian,1014,default,77,6,6,41.0,0,2,35.857142857142854,nan,0,28,18,58,E1,6,15,0.1,0.0
no_coordination,1015,default,97,6,6,52.0,3,2,43.75,20.0,58,7,0,0,E1,6,15,0.1,0.0
claim,1015,default,97,6,6,52.0,2,2,43.75,20.0,42,22,8,8,E1,6,15,0.1,0.0
mas,1015,default,82,6,6,45.333333333333336,0,2,37.875,20.0,0,18,14,21,E1,6,15,0.1,0.0
mas_iterative,1015,default,81,6,6,45.0,0,2,37.625,20.0,0,16,14,21,E1,6,15,0.1,0.0
hungarian,1015,default,81,6,6,45.0,0,2,37.625,20.0,0,16,18,58,E1,6,15,0.1,0.0
no_coordination,1016,default,115,6,6,66.16666666666667,3,2,59.857142857142854,22.0,58,7,0,0,E1,6,15,0.1,0.0
claim,1016,default,109,6,6,63.666666666666664,1,2,57.714285714285715,22.0,23,29,7,7,E1,6,15,0.1,0.0
mas,1016,default,89,6,6,51.833333333333336,0,2,47.57142857142857,22.0,0,14,14,21,E1,6,15,0.1,0.0
mas_iterative,1016,default,89,6,6,51.333333333333336,0,2,47.142857142857146,22.0,0,14,14,21,E1,6,15,0.1,0.0
hungarian,1016,default,89,6,6,51.333333333333336,0,2,47.142857142857146,22.0,0,14,18,56,E1,6,15,0.1,0.0
no_coordination,1017,default,117,6,6,56.5,3,2,48.0,20.0,86,7,0,0,E1,6,15,0.1,0.0
claim,1017,default,90,6,6,52.0,1,2,45.54545454545455,20.0,21,16,7,7,E1,6,15,0.1,0.0
mas,1017,default,78,6,6,43.166666666666664,0,2,37.45454545454545,20.0,0,12,14,21,E1,6,15,0.1,0.0
mas_iterative,1017,default,77,6,6,42.666666666666664,0,2,37.09090909090909,20.0,0,10,14,21,E1,6,15,0.1,0.0
hungarian,1017,default,77,6,6,42.666666666666664,0,2,37.09090909090909,20.0,0,10,18,56,E1,6,15,0.1,0.0
no_coordination,1018,default,133,6,6,66.66666666666667,6,2,53.25,20.0,133,10,0,0,E1,6,15,0.1,0.0
claim,1018,default,133,6,6,66.66666666666667,6,2,53.25,20.0,133,10,12,12,E1,6,15,0.1,0.0
mas,1018,default,66,6,6,39.833333333333336,0,2,33.9375,20.0,0,6,14,21,E1,6,15,0.1,0.0
mas_iterative,1018,default,65,6,6,39.333333333333336,0,2,33.5,20.0,0,4,14,21,E1,6,15,0.1,0.0
hungarian,1018,default,65,6,6,39.333333333333336,0,2,33.5,20.0,0,4,18,56,E1,6,15,0.1,0.0
no_coordination,1019,default,111,6,6,52.666666666666664,5,2,39.0,20.0,74,9,0,0,E1,6,15,0.1,0.0
claim,1019,default,101,6,6,47.666666666666664,3,2,36.142857142857146,20.0,85,7,9,9,E1,6,15,0.1,0.0
mas,1019,default,77,6,6,42.5,0,2,34.0,20.0,0,18,14,21,E1,6,15,0.1,0.0
mas_iterative,1019,default,77,6,6,42.0,0,2,33.57142857142857,20.0,0,18,16,24,E1,6,15,0.1,0.0
hungarian,1019,default,71,6,6,39.333333333333336,0,2,31.571428571428573,26.0,0,16,18,58,E1,6,15,0.1,0.0
no_coordination,1020,default,109,6,6,50.0,4,2,38.470588235294116,22.0,86,8,0,0,E1,6,15,0.1,0.0
claim,1020,default,109,6,6,50.0,4,2,38.470588235294116,22.0,86,8,10,10,E1,6,15,0.1,0.0
mas,1020,default,80,6,6,41.0,0,2,33.64705882352941,22.0,0,32,14,21,E1,6,15,0.1,0.0
mas_iterative,1020,default,79,6,6,40.666666666666664,0,2,33.411764705882355,22.0,0,30,14,21,E1,6,15,0.1,0.0
hungarian,1020,default,79,6,6,40.666666666666664,0,2,33.411764705882355,22.0,0,30,18,58,E1,6,15,0.1,0.0
no_coordination,1021,default,87,6,6,44.0,3,2,36.0,nan,52,7,0,0,E1,6,15,0.1,0.0
claim,1021,default,85,6,6,43.666666666666664,1,2,35.8,nan,16,37,7,7,E1,6,15,0.1,0.0
mas,1021,default,74,6,6,40.333333333333336,0,2,33.8,nan,0,22,14,21,E1,6,15,0.1,0.0
mas_iterative,1021,default,73,6,6,40.0,0,2,33.6,nan,0,20,16,24,E1,6,15,0.1,0.0
hungarian,1021,default,73,6,6,40.0,0,2,33.6,nan,0,20,18,60,E1,6,15,0.1,0.0
no_coordination,1022,default,83,6,6,48.666666666666664,4,2,39.888888888888886,27.333333333333332,58,8,0,0,E1,6,15,0.1,0.0
claim,1022,default,69,6,6,41.666666666666664,2,2,35.22222222222222,27.333333333333332,30,6,8,8,E1,6,15,0.1,0.0
mas,1022,default,63,6,6,37.833333333333336,0,2,33.94444444444444,27.333333333333332,0,22,14,21,E1,6,15,0.1,0.0
mas_iterative,1022,default,63,6,6,37.666666666666664,0,2,33.888888888888886,27.333333333333332,0,22,14,21,E1,6,15,0.1,0.0
hungarian,1022,default,63,6,6,37.666666666666664,0,2,33.888888888888886,27.333333333333332,0,22,18,58,E1,6,15,0.1,0.0
no_coordination,1023,default,79,6,6,46.0,3,2,38.588235294117645,20.0,34,7,0,0,E1,6,15,0.1,0.0
claim,1023,default,71,6,6,43.666666666666664,1,2,37.76470588235294,20.0,12,11,7,7,E1,6,15,0.1,0.0
mas,1023,default,67,6,6,42.5,0,2,36.1764705882353,20.0,0,12,14,21,E1,6,15,0.1,0.0
mas_iterative,1023,default,67,6,6,42.333333333333336,0,2,36.0,20.0,0,12,16,24,E1,6,15,0.1,0.0
hungarian,1023,default,67,6,6,42.333333333333336,0,2,36.0,20.0,0,12,20,61,E1,6,15,0.1,0.0
no_coordination,1024,default,100,6,6,67.83333333333333,4,2,56.61538461538461,28.0,79,8,0,0,E1,6,15,0.1,0.0
claim,1024,default,106,6,6,66.66666666666667,2,2,56.07692307692308,28.0,55,35,8,8,E1,6,15,0.1,0.0
mas,1024,default,75,6,6,40.666666666666664,0,2,33.61538461538461,22.0,0,28,14,21,E1,6,15,0.1,0.0
mas_iterative,1024,default,75,6,6,40.333333333333336,0,2,33.23076923076923,22.0,0,28,16,24,E1,6,15,0.1,0.0
hungarian,1024,default,75,6,6,40.333333333333336,0,2,33.23076923076923,22.0,0,28,18,58,E1,6,15,0.1,0.0
no_coordination,1025,default,109,6,6,64.33333333333333,4,2,56.30769230769231,nan,87,8,0,0,E1,6,15,0.1,0.0
claim,1025,default,101,6,6,63.0,2,2,55.69230769230769,nan,49,28,8,8,E1,6,15,0.1,0.0
mas,1025,default,76,6,6,43.5,0,2,38.15384615384615,nan,0,22,14,21,E1,6,15,0.1,0.0
mas_iterative,1025,default,75,6,6,43.0,0,2,37.69230769230769,nan,0,20,14,21,E1,6,15,0.1,0.0
hungarian,1025,default,75,6,6,43.0,0,2,37.69230769230769,nan,0,20,18,56,E1,6,15,0.1,0.0
no_coordination,1026,default,82,6,6,50.166666666666664,3,2,40.72222222222222,36.0,29,7,0,0,E1,6,15,0.1,0.0
claim,1026,default,85,6,6,49.333333333333336,1,2,40.44444444444444,36.0,21,21,7,7,E1,6,15,0.1,0.0
mas,1026,default,85,6,6,46.333333333333336,0,2,37.94444444444444,33.75,0,30,14,21,E1,6,15,0.1,0.0
mas_iterative,1026,default,85,6,6,46.666666666666664,0,2,38.22222222222222,34.0,0,28,14,21,E1,6,15,0.1,0.0
hungarian,1026,default,83,6,6,45.0,0,2,36.666666666666664,32.5,0,28,18,56,E1,6,15,0.1,0.0
no_coordination,1027,default,141,6,6,74.33333333333333,6,2,59.5,nan,141,10,0,0,E1,6,15,0.1,0.0
claim,1027,default,141,6,6,74.33333333333333,6,2,59.5,nan,141,10,12,12,E1,6,15,0.1,0.0
mas,1027,default,85,6,6,44.5,0,2,36.333333333333336,nan,0,32,14,21,E1,6,15,0.1,0.0
mas_iterative,1027,default,85,6,6,44.0,0,2,35.833333333333336,nan,0,32,14,21,E1,6,15,0.1,0.0
hungarian,1027,default,85,6,6,44.0,0,2,35.833333333333336,nan,0,32,18,56,E1,6,15,0.1,0.0
no_coordination,1028,default,111,6,6,56.0,5,2,41.733333333333334,23.0,55,9,0,0,E1,6,15,0.1,0.0
claim,1028,default,81,6,6,42.666666666666664,0,2,34.53333333333333,23.0,0,32,6,6,E1,6,15,0.1,0.0
mas,1028,default,81,6,6,42.666666666666664,0,2,34.53333333333333,23.0,0,32,12,18,E1,6,15,0.1,0.0
mas_iterative,1028,default,81,6,6,42.666666666666664,0,2,34.53333333333333,23.0,0,32,12,18,E1,6,15,0.1,0.0
hungarian,1028,default,81,6,6,42.666666666666664,0,2,34.53333333333333,23.0,0,32,18,56,E1,6,15,0.1,0.0
no_coordination,1029,default,91,6,6,60.666666666666664,6,2,49.857142857142854,20.0,91,10,0,0,E1,6,15,0.1,0.0
claim,1029,default,91,6,6,60.666666666666664,6,2,49.857142857142854,20.0,91,10,12,12,E1,6,15,0.1,0.0
mas,1029,default,49,6,6,33.166666666666664,0,2,29.285714285714285,20.0,0,14,14,21,E1,6,15,0.1,0.0
mas_iterative,1029,default,49,6,6,32.666666666666664,0,2,28.857142857142858,20.0,0,14,18,27,E1,6,15,0.1,0.0
hungarian,1029,default,49,6,6,32.666666666666664,0,2,28.857142857142858,20.0,0,14,20,61,E1,6,15,0.1,0.0
no_coordination,1030,default,105,6,6,51.0,6,2,40.833333333333336,nan,105,10,0,0,E1,6,15,0.1,0.0
claim,1030,default,105,6,6,51.0,6,2,40.833333333333336,nan,105,10,12,12,E1,6,15,0.1,0.0
mas,1030,default,75,6,6,38.666666666666664,0,2,32.5,nan,0,32,14,21,E1,6,15,0.1,0.0
mas_iterative,1030,default,75,6,6,38.333333333333336,0,2,32.166666666666664,nan,0,32,16,24,E1,6,15,0.1,0.0
hungarian,1030,default,75,6,6,38.333333333333336,0,2,32.166666666666664,nan,0,32,18,58,E1,6,15,0.1,0.0
no_coordination,1031,default,97,6,6,46.666666666666664,4,2,38.421052631578945,27.333333333333332,31,8,0,0,E1,6,15,0.1,0.0
claim,1031,default,77,6,6,40.666666666666664,0,2,34.8421052631579,27.333333333333332,0,32,6,6,E1,6,15,0.1,0.0
mas,1031,default,77,6,6,40.666666666666664,0,2,34.8421052631579,27.333333333333332,0,32,12,18,E1,6,15,0.1,0.0
mas_iterative,1031,default,77,6,6,40.666666666666664,0,2,34.8421052631579,27.333333333333332,0,32,12,18,E1,6,15,0.1,0.0
hungarian,1031,default,77,6,6,40.666666666666664,0,2,34.8421052631579,27.333333333333332,0,32,18,56,E1,6,15,0.1,0.0
no_coordination,1032,default,129,6,6,78.0,5,2,67.0,34.0,107,9,0,0,E1,6,15,0.1,0.0
claim,1032,default,129,6,6,78.0,4,2,67.0,34.0,95,20,10,10,E1,6,15,0.1,0.0
mas,1032,default,90,6,6,50.833333333333336,0,2,43.25,20.5,0,16,14,21,E1,6,15,0.1,0.0
mas_iterative,1032,default,89,6,6,50.333333333333336,0,2,42.75,20.0,0,14,16,24,E1,6,15,0.1,0.0
hungarian,1032,default,89,6,6,50.333333333333336,0,2,42.75,20.0,0,14,18,54,E1,6,15,0.1,0.0
no_coordination,1033,default,119,6,6,62.0,5,2,50.13333333333333,26.0,82,9,0,0,E1,6,15,0.1,0.0
claim,1033,default,91,6,6,53.0,1,2,44.8,26.0,27,29,7,7,E1,6,15,0.1,0.0
mas,1033,default,72,6,6,40.5,0,2,34.0,20.0,0,22,14,21,E1,6,15,0.1,0.0
mas_iterative,1033,default,71,6,6,40.0,0,2,33.6,20.0,0,20,14,21,E1,6,15,0.1,0.0
hungarian,1033,default,71,6,6,40.0,0,2,33.6,20.0,0,20,18,56,E1,6,15,0.1,0.0
no_coordination,1034,default,94,6,6,43.666666666666664,3,2,39.375,nan,38,7,0,0,E1,6,15,0.1,0.0
claim,1034,default,68,6,6,37.5,0,2,34.75,nan,0,19,6,6,E1,6,15,0.1,0.0
mas,1034,default,68,6,6,37.5,0,2,34.75,nan,0,19,12,18,E1,6,15,0.1,0.0
mas_iterative,1034,default,68,6,6,37.5,0,2,34.75,nan,0,19,12,18,E1,6,15,0.1,0.0
hungarian,1034,default,68,6,6,37.5,0,2,34.75,nan,0,19,18,56,E1,6,15,0.1,0.0
no_coordination,1035,default,141,6,6,68.0,6,2,55.55555555555556,28.0,141,10,0,0,E1,6,15,0.1,0.0
claim,1035,default,141,6,6,68.0,6,2,55.55555555555556,28.0,141,10,12,12,E1,6,15,0.1,0.0
mas,1035,default,70,6,6,38.166666666666664,0,2,33.55555555555556,27.5,0,16,14,21,E1,6,15,0.1,0.0
mas_iterative,1035,default,69,6,6,37.666666666666664,0,2,33.111111111111114,27.0,0,14,14,21,E1,6,15,0.1,0.0
hungarian,1035,default,69,6,6,37.666666666666664,0,2,33.111111111111114,27.0,0,14,18,56,E1,6,15,0.1,0.0
no_coordination,1036,default,117,6,6,58.666666666666664,5,2,50.31578947368421,31.333333333333332,68,9,0,0,E1,6,15,0.1,0.0
claim,1036,default,91,6,6,49.333333333333336,1,2,44.21052631578947,31.333333333333332,23,35,7,7,E1,6,15,0.1,0.0
mas,1036,default,79,6,6,40.166666666666664,0,2,36.473684210526315,31.666666666666668,0,36,14,21,E1,6,15,0.1,0.0
mas_iterative,1036,default,79,6,6,39.666666666666664,0,2,36.0,31.333333333333332,0,36,14,21,E1,6,15,0.1,0.0
hungarian,1036,default,79,6,6,39.666666666666664,0,2,36.0,31.333333333333332,0,36,18,56,E1,6,15,0.1,0.0
no_coordination,1037,default,73,6,6,41.5,3,2,35.7,nan,54,7,0,0,E1,6,15,0.1,0.0
claim,1037,default,64,6,6,40.0,1,2,34.8,nan,23,18,7,7,E1,6,15,0.1,0.0
mas,1037,default,65,6,6,38.166666666666664,0,2,32.7,nan,0,14,14,21,E1,6,15,0.1,0.0
mas_iterative,1037,default,65,6,6,37.666666666666664,0,2,32.2,nan,0,14,14,21,E1,6,15,0.1,0.0
hungarian,1037,default,65,6,6,37.666666666666664,0,2,32.2,nan,0,14,18,56,E1,6,15,0.1,0.0
no_coordination,1038,default,107,6,6,49.333333333333336,5,2,38.8,22.0,86,9,0,0,E1,6,15,0.1,0.0
claim,1038,default,69,6,6,37.666666666666664,0,2,32.53333333333333,22.0,0,14,6,6,E1,6,15,0.1,0.0
mas,1038,default,69,6,6,37.666666666666664,0,2,32.53333333333333,22.0,0,14,12,18,E1,6,15,0.1,0.0
mas_iterative,1038,default,69,6,6,37.666666666666664,0,2,32.53333333333333,22.0,0,14,12,18,E1,6,15,0.1,0.0
hungarian,1038,default,69,6,6,37.666666666666664,0,2,32.53333333333333,22.0,0,14,18,56,E1,6,15,0.1,0.0
no_coordination,1039,default,99,6,6,50.333333333333336,4,2,39.38461538461539,nan,76,8,0,0,E1,6,15,0.1,0.0
claim,1039,default,67,6,6,39.0,0,2,33.07692307692308,nan,0,20,6,6,E1,6,15,0.1,0.0
mas,1039,default,67,6,6,39.0,0,2,33.07692307692308,nan,0,20,12,18,E1,6,15,0.1,0.0
mas_iterative,1039,default,67,6,6,39.0,0,2,33.07692307692308,nan,0,20,12,18,E1,6,15,0.1,0.0
hungarian,1039,default,67,6,6,39.0,0,2,33.07692307692308,nan,0,20,18,56,E1,6,15,0.1,0.0
no_coordination,1040,default,147,6,6,67.66666666666667,5,2,58.63157894736842,21.0,89,9,0,0,E1,6,15,0.1,0.0
claim,1040,default,85,6,6,49.0,0,2,44.21052631578947,21.0,0,8,6,6,E1,6,15,0.1,0.0
mas,1040,default,85,6,6,49.0,0,2,44.21052631578947,21.0,0,8,12,18,E1,6,15,0.1,0.0
mas_iterative,1040,default,85,6,6,49.0,0,2,44.21052631578947,21.0,0,8,12,18,E1,6,15,0.1,0.0
hungarian,1040,default,85,6,6,49.0,0,2,44.21052631578947,21.0,0,8,18,56,E1,6,15,0.1,0.0
no_coordination,1041,default,83,6,6,44.333333333333336,4,2,39.904761904761905,30.5,62,8,0,0,E1,6,15,0.1,0.0
claim,1041,default,83,6,6,44.333333333333336,4,2,39.904761904761905,30.5,62,8,10,10,E1,6,15,0.1,0.0
mas,1041,default,60,6,6,35.666666666666664,0,2,33.04761904761905,27.75,0,20,14,21,E1,6,15,0.1,0.0
mas_iterative,1041,default,59,6,6,35.333333333333336,0,2,32.76190476190476,27.5,0,18,14,21,E1,6,15,0.1,0.0
hungarian,1041,default,59,6,6,35.333333333333336,0,2,32.76190476190476,27.5,0,18,18,58,E1,6,15,0.1,0.0
no_coordination,1042,default,113,6,6,51.833333333333336,4,2,40.416666666666664,nan,56,8,0,0,E1,6,15,0.1,0.0
claim,1042,default,80,6,6,40.833333333333336,0,2,34.166666666666664,nan,0,31,6,6,E1,6,15,0.1,0.0
mas,1042,default,80,6,6,40.833333333333336,0,2,34.166666666666664,nan,0,31,12,18,E1,6,15,0.1,0.0
mas_iterative,1042,default,80,6,6,40.833333333333336,0,2,34.166666666666664,nan,0,31,12,18,E1,6,15,0.1,0.0
hungarian,1042,default,80,6,6,40.833333333333336,0,2,34.166666666666664,nan,0,31,18,56,E1,6,15,0.1,0.0
no_coordination,1043,default,80,6,6,50.333333333333336,3,2,44.111111111111114,nan,39,7,0,0,E1,6,15,0.1,0.0
claim,1043,default,77,6,6,47.333333333333336,1,2,42.111111111111114,nan,23,12,7,7,E1,6,15,0.1,0.0
mas,1043,default,66,6,6,39.166666666666664,0,2,34.55555555555556,nan,0,8,14,21,E1,6,15,0.1,0.0
mas_iterative,1043,default,65,6,6,38.666666666666664,0,2,34.0,nan,0,6,16,24,E1,6,15,0.1,0.0
hungarian,1043,default,65,6,6,38.666666666666664,0,2,34.0,nan,0,6,18,58,E1,6,15,0.1,0.0
no_coordination,1044,default,79,6,6,46.166666666666664,3,2,43.3125,nan,58,8,0,0,E1,6,15,0.1,0.0
claim,1044,default,63,6,6,43.333333333333336,1,2,41.1875,nan,23,8,7,7,E1,6,15,0.1,0.0
mas,1044,default,58,6,6,36.5,0,2,34.625,nan,0,16,14,21,E1,6,15,0.1,0.0
mas_iterative,1044,default,57,6,6,36.0,0,2,34.125,nan,0,14,14,21,E1,6,15,0.1,0.0
hungarian,1044,default,57,6,6,36.0,0,2,34.125,nan,0,14,18,56,E1,6,15,0.1,0.0
no_coordination,1045,default,79,6,6,56.666666666666664,4,2,50.875,36.0,59,8,0,0,E1,6,15,0.1,0.0
claim,1045,default,79,6,6,56.666666666666664,3,2,50.875,36.0,59,17,9,9,E1,6,15,0.1,0.0
mas,1045,default,60,6,6,31.666666666666668,0,2,29.625,26.0,0,32,14,21,E1,6,15,0.1,0.0
mas_iterative,1045,default,59,6,6,31.0,0,2,29.125,26.0,0,30,16,24,E1,6,15,0.1,0.0
hungarian,1045,default,59,6,6,31.0,0,2,29.125,26.0,0,30,18,58,E1,6,15,0.1,0.0
no_coordination,1046,default,93,6,6,63.333333333333336,5,2,57.0,33.5,80,9,0,0,E1,6,15,0.1,0.0
claim,1046,default,93,6,6,63.333333333333336,4,2,57.0,33.5,80,11,10,10,E1,6,15,0.1,0.0
mas,1046,default,55,6,6,32.5,0,2,30.166666666666668,23.0,0,19,14,21,E1,6,15,0.1,0.0
mas_iterative,1046,default,54,6,6,31.833333333333332,0,2,29.555555555555557,22.5,0,17,14,21,E1,6,15,0.1,0.0
hungarian,1046,default,54,6,6,31.833333333333332,0,2,29.555555555555557,22.5,0,17,18,56,E1,6,15,0.1,0.0
no_coordination,1047,default,107,6,6,61.333333333333336,3,2,47.333333333333336,20.0,60,7,0,0,E1,6,15,0.1,0.0
claim,1047,default,107,6,6,61.333333333333336,2,2,47.333333333333336,20.0,60,10,8,8,E1,6,15,0.1,0.0
mas,1047,default,94,6,6,49.333333333333336,0,2,39.75,20.0,0,36,14,21,E1,6,15,0.1,0.0
mas_iterative,1047,default,89,6,6,47.666666666666664,0,2,38.5,20.0,0,30,14,21,E1,6,15,0.1,0.0
hungarian,1047,default,89,6,6,47.666666666666664,0,2,38.5,20.0,0,30,18,58,E1,6,15,0.1,0.0
no_coordination,1048,default,85,6,6,47.666666666666664,4,2,42.11764705882353,21.0,40,8,0,0,E1,6,15,0.1,0.0
claim,1048,default,65,6,6,37.333333333333336,0,2,34.470588235294116,21.0,0,14,6,6,E1,6,15,0.1,0.0
mas,1048,default,65,6,6,37.333333333333336,0,2,34.470588235294116,21.0,0,14,12,18,E1,6,15,0.1,0.0
mas_iterative,1048,default,65,6,6,37.333333333333336,0,2,34.470588235294116,21.0,0,14,12,18,E1,6,15,0.1,0.0
hungarian,1048,default,65,6,6,37.333333333333336,0,2,34.470588235294116,21.0,0,14,18,56,E1,6,15,0.1,0.0
no_coordination,1049,default,73,6,6,43.0,3,2,38.93333333333333,nan,30,7,0,0,E1,6,15,0.1,0.0
claim,1049,default,73,6,6,43.0,2,2,38.93333333333333,nan,28,8,8,8,E1,6,15,0.1,0.0
mas,1049,default,74,6,6,39.0,0,2,35.733333333333334,nan,0,26,14,21,E1,6,15,0.1,0.0
mas_iterative,1049,default,73,6,6,38.666666666666664,0,2,35.46666666666667,nan,0,24,14,21,E1,6,15,0.1,0.0
hungarian,1049,default,73,6,6,38.666666666666664,0,2,35.46666666666667,nan,0,24,18,58,E1,6,15,0.1,0.0
no_coordination,1050,default,135,6,6,69.66666666666667,5,2,53.2,24.0,89,9,0,0,E1,6,15,0.1,0.0
claim,1050,default,79,6,6,49.666666666666664,0,2,40.93333333333333,24.0,0,6,6,6,E1,6,15,0.1,0.0
mas,1050,default,79,6,6,49.666666666666664,0,2,40.93333333333333,24.0,0,6,12,18,E1,6,15,0.1,0.0
mas_iterative,1050,default,79,6,6,49.666666666666664,0,2,40.93333333333333,24.0,0,6,12,18,E1,6,15,0.1,0.0
hungarian,1050,default,79,6,6,49.666666666666664,0,2,40.93333333333333,24.0,0,6,18,56,E1,6,15,0.1,0.0
no_coordination,1051,default,99,6,6,46.666666666666664,4,2,43.86666666666667,nan,78,8,0,0,E1,6,15,0.1,0.0
claim,1051,default,99,6,6,46.666666666666664,4,2,43.86666666666667,nan,78,8,10,10,E1,6,15,0.1,0.0
mas,1051,default,70,6,6,37.666666666666664,0,2,35.93333333333333,nan,0,24,14,21,E1,6,15,0.1,0.0
mas_iterative,1051,default,69,6,6,37.333333333333336,0,2,35.6,nan,0,22,14,21,E1,6,15,0.1,0.0
hungarian,1051,default,69,6,6,37.333333333333336,0,2,35.6,nan,0,22,18,58,E1,6,15,0.1,0.0
no_coordination,1052,default,87,6,6,46.666666666666664,3,2,42.53333333333333,nan,42,7,0,0,E1,6,15,0.1,0.0
claim,1052,default,83,6,6,46.0,1,2,42.0,nan,12,27,7,7,E1,6,15,0.1,0.0
mas,1052,default,78,6,6,44.0,0,2,40.4,nan,0,22,14,21,E1,6,15,0.1,0.0
mas_iterative,1052,default,77,6,6,43.666666666666664,0,2,40.13333333333333,nan,0,20,14,21,E1,6,15,0.1,0.0
hungarian,1052,default,77,6,6,43.666666666666664,0,2,40.13333333333333,nan,0,20,18,58,E1,6,15,0.1,0.0
no_coordination,1053,default,97,6,6,57.666666666666664,3,2,45.833333333333336,nan,56,7,0,0,E1,6,15,0.1,0.0
claim,1053,default,97,6,6,57.666666666666664,2,2,45.833333333333336,nan,56,16,8,8,E1,6,15,0.1,0.0
mas,1053,default,72,6,6,44.333333333333336,0,2,36.916666666666664,nan,0,18,14,21,E1,6,15,0.1,0.0
mas_iterative,1053,default,71,6,6,44.0,0,2,36.666666666666664,nan,0,16,16,24,E1,6,15,0.1,0.0
hungarian,1053,default,71,6,6,44.0,0,2,36.666666666666664,nan,0,16,18,60,E1,6,15,0.1,0.0
no_coordination,1054,default,84,6,6,55.666666666666664,4,2,50.64705882352941,22.0,50,8,0,0,E1,6,15,0.1,0.0
claim,1054,default,83,6,6,51.0,1,2,47.05882352941177,22.0,23,26,7,7,E1,6,15,0.1,0.0
mas,1054,default,69,6,6,42.5,0,2,38.94117647058823,22.0,0,16,14,21,E1,6,15,0.1,0.0
mas_iterative,1054,default,69,6,6,42.0,0,2,38.470588235294116,22.0,0,16,14,21,E1,6,15,0.1,0.0
hungarian,1054,default,69,6,6,42.0,0,2,38.470588235294116,22.0,0,16,18,56,E1,6,15,0.1,0.0
no_coordination,1055,default,95,6,6,53.666666666666664,4,2,49.666666666666664,22.0,79,8,0,0,E1,6,15,0.1,0.0
claim,1055,default,71,6,6,47.0,1,2,44.333333333333336,22.0,23,13,7,7,E1,6,15,0.1,0.0
mas,1055,default,61,6,6,40.166666666666664,0,2,38.111111111111114,22.0,0,6,14,21,E1,6,15,0.1,0.0
mas_iterative,1055,default,61,6,6,39.666666666666664,0,2,37.666666666666664,22.0,0,6,16,24,E1,6,15,0.1,0.0
hungarian,1055,default,59,6,6,38.0,0,2,36.0,22.0,0,8,18,56,E1,6,15,0.1,0.0
no_coordination,1056,default,123,6,6,75.0,4,2,60.46153846153846,24.0,93,8,0,0,E1,6,15,0.1,0.0
claim,1056,default,113,6,6,73.33333333333333,2,2,59.69230769230769,24.0,53,26,8,8,E1,6,15,0.1,0.0
mas,1056,default,79,6,6,45.833333333333336,0,2,38.38461538461539,20.0,0,22,14,21,E1,6,15,0.1,0.0
mas_iterative,1056,default,79,6,6,45.333333333333336,0,2,38.0,20.0,0,22,16,24,E1,6,15,0.1,0.0
hungarian,1056,default,77,6,6,46.666666666666664,0,2,39.53846153846154,24.0,0,4,18,56,E1,6,15,0.1,0.0
no_coordination,1057,default,109,6,6,49.0,4,2,38.57142857142857,20.0,88,8,0,0,E1,6,15,0.1,0.0
claim,1057,default,109,6,6,49.0,4,2,38.57142857142857,20.0,88,8,10,10,E1,6,15,0.1,0.0
mas,1057,default,72,6,6,39.0,0,2,32.642857142857146,20.0,0,18,14,21,E1,6,15,0.1,0.0
mas_iterative,1057,default,71,6,6,38.666666666666664,0,2,32.42857142857143,20.0,0,16,14,21,E1,6,15,0.1,0.0
hungarian,1057,default,71,6,6,38.666666666666664,0,2,32.42857142857143,20.0,0,16,18,58,E1,6,15,0.1,0.0
no_coordination,1058,default,88,6,6,55.166666666666664,5,2,47.0,nan,69,9,0,0,E1,6,15,0.1,0.0
claim,1058,default,88,6,6,55.166666666666664,4,2,47.0,nan,69,13,10,10,E1,6,15,0.1,0.0
mas,1058,default,63,6,6,35.333333333333336,0,2,31.272727272727273,nan,0,20,14,21,E1,6,15,0.1,0.0
mas_iterative,1058,default,63,6,6,35.0,0,2,30.90909090909091,nan,0,20,16,24,E1,6,15,0.1,0.0
hungarian,1058,default,63,6,6,34.333333333333336,0,2,30.545454545454547,nan,0,28,20,61,E1,6,15,0.1,0.0
no_coordination,1059,default,86,6,6,50.333333333333336,3,2,41.11764705882353,30.0,56,7,0,0,E1,6,15,0.1,0.0
claim,1059,default,65,6,6,41.0,0,2,35.88235294117647,30.0,0,6,6,6,E1,6,15,0.1,0.0
mas,1059,default,65,6,6,41.0,0,2,35.88235294117647,30.0,0,6,12,18,E1,6,15,0.1,0.0
mas_iterative,1059,default,65,6,6,41.0,0,2,35.88235294117647,30.0,0,6,12,18,E1,6,15,0.1,0.0
hungarian,1059,default,65,6,6,41.0,0,2,35.88235294117647,30.0,0,6,18,56,E1,6,15,0.1,0.0
no_coordination,1060,default,79,6,6,40.333333333333336,4,2,36.35294117647059,20.0,58,8,0,0,E1,6,15,0.1,0.0
claim,1060,default,79,6,6,40.333333333333336,4,2,36.35294117647059,20.0,58,8,10,10,E1,6,15,0.1,0.0
mas,1060,default,61,6,6,33.166666666666664,0,2,30.88235294117647,20.0,0,26,14,21,E1,6,15,0.1,0.0
mas_iterative,1060,default,61,6,6,33.0,0,2,30.705882352941178,20.0,0,26,14,21,E1,6,15,0.1,0.0
hungarian,1060,default,61,6,6,33.0,0,2,30.705882352941178,20.0,0,26,18,58,E1,6,15,0.1,0.0
no_coordination,1061,default,115,6,6,71.16666666666667,4,2,54.5,20.0,72,8,0,0,E1,6,15,0.1,0.0
claim,1061,default,105,6,6,62.0,1,2,49.57142857142857,20.0,21,29,7,7,E1,6,15,0.1,0.0
mas,1061,default,88,6,6,53.5,0,2,42.285714285714285,20.0,0,12,14,21,E1,6,15,0.1,0.0
mas_iterative,1061,default,87,6,6,53.0,0,2,41.857142857142854,20.0,0,10,14,21,E1,6,15,0.1,0.0
hungarian,1061,default,87,6,6,53.0,0,2,41.857142857142854,20.0,0,10,18,56,E1,6,15,0.1,0.0
no_coordination,1062,default,117,6,6,69.33333333333333,5,2,56.25,30.0,74,9,0,0,E1,6,15,0.1,0.0
claim,1062,default,103,6,6,67.0,3,2,55.375,30.0,65,17,9,9,E1,6,15,0.1,0.0
mas,1062,default,65,6,6,38.5,0,2,33.375,26.0,0,16,14,21,E1,6,15,0.1,0.0
mas_iterative,1062,default,65,6,6,38.0,0,2,33.0,26.0,0,16,16,24,E1,6,15,0.1,0.0
hungarian,1062,default,65,6,6,38.0,0,2,33.0,26.0,0,16,18,58,E1,6,15,0.1,0.0
no_coordination,1063,default,135,6,6,89.66666666666667,5,2,79.88235294117646,48.0,117,9,0,0,E1,6,15,0.1,0.0
claim,1063,default,133,6,6,89.33333333333333,3,2,79.6470588235294,48.0,91,29,9,9,E1,6,15,0.1,0.0
mas,1063,default,78,6,6,45.166666666666664,0,2,41.23529411764706,34.5,0,18,14,21,E1,6,15,0.1,0.0
mas_iterative,1063,default,77,6,6,44.666666666666664,0,2,40.705882352941174,34.0,0,16,14,21,E1,6,15,0.1,0.0
hungarian,1063,default,77,6,6,44.666666666666664,0,2,40.705882352941174,34.0,0,16,18,56,E1,6,15,0.1,0.0
no_coordination,1064,default,97,6,6,56.166666666666664,4,2,47.4,32.0,82,8,0,0,E1,6,15,0.1,0.0
claim,1064,default,81,6,6,52.333333333333336,1,2,45.86666666666667,32.0,33,22,7,7,E1,6,15,0.1,0.0
mas,1064,default,69,6,6,37.0,0,2,31.066666666666666,20.0,0,28,14,21,E1,6,15,0.1,0.0
mas_iterative,1064,default,69,6,6,36.666666666666664,0,2,30.666666666666668,20.0,0,28,16,24,E1,6,15,0.1,0.0
hungarian,1064,default,69,6,6,36.666666666666664,0,2,30.666666666666668,20.0,0,28,18,58,E1,6,15,0.1,0.0
no_coordination,1065,default,119,6,6,59.666666666666664,4,2,49.733333333333334,nan,67,8,0,0,E1,6,15,0.1,0.0
claim,1065,default,79,6,6,46.666666666666664,0,2,41.2,nan,0,16,6,6,E1,6,15,0.1,0.0
mas,1065,default,79,6,6,46.666666666666664,0,2,41.2,nan,0,16,12,18,E1,6,15,0.1,0.0
mas_iterative,1065,default,79,6,6,46.666666666666664,0,2,41.2,nan,0,16,12,18,E1,6,15,0.1,0.0
hungarian,1065,default,79,6,6,46.666666666666664,0,2,41.2,nan,0,16,18,56,E1,6,15,0.1,0.0
no_coordination,1066,default,73,6,6,45.5,3,2,38.285714285714285,20.0,41,7,0,0,E1,6,15,0.1,0.0
claim,1066,default,79,6,6,45.333333333333336,1,2,38.214285714285715,20.0,21,30,7,7,E1,6,15,0.1,0.0
mas,1066,default,69,6,6,34.5,0,2,28.928571428571427,20.0,0,35,14,21,E1,6,15,0.1,0.0
mas_iterative,1066,default,69,6,6,34.0,0,2,28.5,20.0,0,35,16,24,E1,6,15,0.1,0.0
hungarian,1066,default,69,6,6,34.0,0,2,28.5,20.0,0,35,18,58,E1,6,15,0.1,0.0
no_coordination,1067,default,120,6,6,67.83333333333333,3,2,50.875,20.5,69,8,0,0,E1,6,15,0.1,0.0
claim,1067,default,94,6,6,52.833333333333336,0,2,41.375,20.5,0,25,6,6,E1,6,15,0.1,0.0
mas,1067,default,94,6,6,52.833333333333336,0,2,41.375,20.5,0,25,12,18,E1,6,15,0.1,0.0
mas_iterative,1067,default,94,6,6,52.833333333333336,0,2,41.375,20.5,0,25,12,18,E1,6,15,0.1,0.0
hungarian,1067,default,94,6,6,52.833333333333336,0,2,41.375,20.5,0,25,18,56,E1,6,15,0.1,0.0
no_coordination,1068,default,81,6,6,41.333333333333336,3,2,36.0,nan,55,7,0,0,E1,6,15,0.1,0.0
claim,1068,default,61,6,6,35.0,0,2,31.77777777777778,nan,0,16,6,6,E1,6,15,0.1,0.0
mas,1068,default,61,6,6,35.0,0,2,31.77777777777778,nan,0,16,12,18,E1,6,15,0.1,0.0
mas_iterative,1068,default,61,6,6,35.0,0,2,31.77777777777778,nan,0,16,12,18,E1,6,15,0.1,0.0
hungarian,1068,default,61,6,6,35.0,0,2,31.77777777777778,nan,0,16,18,56,E1,6,15,0.1,0.0
no_coordination,1069,default,94,6,6,51.833333333333336,4,2,49.0625,nan,79,8,0,0,E1,6,15,0.1,0.0
claim,1069,default,87,6,6,49.5,1,2,47.3125,nan,31,39,7,7,E1,6,15,0.1,0.0
mas,1069,default,75,6,6,36.833333333333336,0,2,35.3125,nan,0,33,14,21,E1,6,15,0.1,0.0
mas_iterative,1069,default,75,6,6,36.333333333333336,0,2,34.8125,nan,0,33,16,24,E1,6,15,0.1,0.0
hungarian,1069,default,75,6,6,36.333333333333336,0,2,34.8125,nan,0,33,18,58,E1,6,15,0.1,0.0
no_coordination,1070,default,97,6,6,59.0,5,2,55.0,24.0,81,9,0,0,E1,6,15,0.1,0.0
claim,1070,default,73,6,6,50.666666666666664,1,2,48.0,24.0,25,13,7,7,E1,6,15,0.1,0.0
mas,1070,default,59,6,6,39.166666666666664,0,2,37.333333333333336,20.0,0,10,14,21,E1,6,15,0.1,0.0
mas_iterative,1070,default,59,6,6,38.666666666666664,0,2,36.888888888888886,20.0,0,10,14,21,E1,6,15,0.1,0.0
hungarian,1070,default,59,6,6,38.666666666666664,0,2,36.888888888888886,20.0,0,10,18,56,E1,6,15,0.1,0.0
no_coordination,1071,default,165,6,6,81.0,6,2,62.13333333333333,31.0,165,10,0,0,E1,6,15,0.1,0.0
claim,1071,default,165,6,6,81.0,6,2,62.13333333333333,31.0,165,10,12,12,E1,6,15,0.1,0.0
mas,1071,default,81,6,6,45.333333333333336,0,2,39.2,31.0,0,15,14,21,E1,6,15,0.1,0.0
mas_iterative,1071,default,81,6,6,44.833333333333336,0,2,38.8,31.0,0,15,14,21,E1,6,15,0.1,0.0
hungarian,1071,default,81,6,6,44.833333333333336,0,2,38.8,31.0,0,15,18,56,E1,6,15,0.1,0.0
no_coordination,1072,default,98,6,6,64.5,3,2,51.083333333333336,20.0,65,8,0,0,E1,6,15,0.1,0.0
claim,1072,default,111,6,6,64.33333333333333,2,2,51.0,20.0,49,34,8,8,E1,6,15,0.1,0.0
mas,1072,default,95,6,6,45.333333333333336,0,2,35.75,20.0,0,44,14,21,E1,6,15,0.1,0.0
mas_iterative,1072,default,95,6,6,45.0,0,2,35.333333333333336,20.0,0,44,18,27,E1,6,15,0.1,0.0
hungarian,1072,default,95,6,6,45.0,0,2,35.333333333333336,20.0,0,44,20,61,E1,6,15,0.1,0.0
no_coordination,1073,default,74,6,6,43.5,3,2,38.142857142857146,20.0,29,7,0,0,E1,6,15,0.1,0.0
claim,1073,default,81,6,6,43.333333333333336,1,2,38.57142857142857,20.0,21,37,7,7,E1,6,15,0.1,0.0
mas,1073,default,73,6,6,36.333333333333336,0,2,33.285714285714285,20.0,0,38,14,21,E1,6,15,0.1,0.0
mas_iterative,1073,default,73,6,6,36.0,0,2,33.0,20.0,0,38,18,27,E1,6,15,0.1,0.0
hungarian,1073,default,73,6,6,36.0,0,2,33.0,20.0,0,38,20,61,E1,6,15,0.1,0.0
no_coordination,1074,default,91,6,6,50.833333333333336,3,2,43.411764705882355,21.0,45,7,0,0,E1,6,15,0.1,0.0
claim,1074,default,79,6,6,44.0,0,2,38.470588235294116,21.0,0,18,6,6,E1,6,15,0.1,0.0
mas,1074,default,79,6,6,44.0,0,2,38.470588235294116,21.0,0,18,12,18,E1,6,15,0.1,0.0
mas_iterative,1074,default,79,6,6,44.0,0,2,38.470588235294116,21.0,0,18,12,18,E1,6,15,0.1,0.0
hungarian,1074,default,79,6,6,44.0,0,2,38.470588235294116,21.0,0,18,18,56,E1,6,15,0.1,0.0
no_coordination,1075,default,66,6,6,42.166666666666664,3,2,34.84615384615385,22.0,35,7,0,0,E1,6,15,0.1,0.0
claim,1075,default,68,6,6,40.666666666666664,1,2,34.15384615384615,22.0,23,18,7,7,E1,6,15,0.1,0.0
mas,1075,default,52,6,6,33.5,0,2,28.384615384615383,22.0,0,8,14,21,E1,6,15,0.1,0.0
mas_iterative,1075,default,51,6,6,32.0,0,2,26.923076923076923,22.0,0,8,14,21,E1,6,15,0.1,0.0
hungarian,1075,default,51,6,6,32.0,0,2,26.923076923076923,22.0,0,8,18,56,E1,6,15,0.1,0.0
no_coordination,1076,default,122,6,6,68.16666666666667,4,2,56.1875,40.0,69,9,0,0,E1,6,15,0.1,0.0
claim,1076,default,102,6,6,64.66666666666667,2,2,54.875,40.0,47,25,8,8,E1,6,15,0.1,0.0
mas,1076,default,83,6,6,43.833333333333336,0,2,34.625,21.5,0,30,14,21,E1,6,15,0.1,0.0
mas_iterative,1076,default,83,6,6,43.333333333333336,0,2,34.125,21.0,0,30,14,21,E1,6,15,0.1,0.0
hungarian,1076,default,83,6,6,43.333333333333336,0,2,34.125,21.0,0,30,18,56,E1,6,15,0.1,0.0
no_coordination,1077,default,69,6,6,35.0,4,2,30.4,nan,48,8,0,0,E1,6,15,0.1,0.0
claim,1077,default,69,6,6,35.0,4,2,30.4,nan,48,8,10,10,E1,6,15,0.1,0.0
mas,1077,default,48,6,6,30.0,0,2,27.1,nan,0,10,14,21,E1,6,15,0.1,0.0
mas_iterative,1077,default,47,6,6,29.666666666666668,0,2,26.8,nan,0,8,14,21,E1,6,15,0.1,0.0
hungarian,1077,default,47,6,6,29.666666666666668,0,2,26.8,nan,0,8,18,58,E1,6,15,0.1,0.0
no_coordination,1078,default,80,6,6,42.5,3,2,36.10526315789474,26.333333333333332,31,7,0,0,E1,6,15,0.1,0.0
claim,1078,default,63,6,6,36.166666666666664,0,2,31.894736842105264,26.333333333333332,0,15,6,6,E1,6,15,0.1,0.0
mas,1078,default,63,6,6,36.166666666666664,0,2,31.894736842105264,26.333333333333332,0,15,12,18,E1,6,15,0.1,0.0
mas_iterative,1078,default,63,6,6,36.166666666666664,0,2,31.894736842105264,26.333333333333332,0,15,12,18,E1,6,15,0.1,0.0
hungarian,1078,default,63,6,6,36.166666666666664,0,2,31.894736842105264,26.333333333333332,0,15,18,56,E1,6,15,0.1,0.0
no_coordination,1079,default,92,6,6,57.0,3,2,43.57142857142857,21.0,71,7,0,0,E1,6,15,0.1,0.0
claim,1079,default,88,6,6,48.333333333333336,1,2,38.714285714285715,21.0,22,33,7,7,E1,6,15,0.1,0.0
mas,1079,default,75,6,6,41.0,0,2,33.285714285714285,21.0,0,23,16,24,E1,6,15,0.1,0.0
mas_iterative,1079,default,74,6,6,40.666666666666664,0,2,33.07142857142857,21.0,0,19,14,21,E1,6,15,0.1,0.0
hungarian,1079,default,74,6,6,40.666666666666664,0,2,33.07142857142857,21.0,0,19,18,56,E1,6,15,0.1,0.0
no_coordination,1080,default,117,6,6,64.0,6,2,55.22222222222222,25.0,117,10,0,0,E1,6,15,0.1,0.0
claim,1080,default,117,6,6,64.0,6,2,55.22222222222222,25.0,117,10,12,12,E1,6,15,0.1,0.0
mas,1080,default,75,6,6,44.333333333333336,0,2,39.833333333333336,22.5,0,20,14,21,E1,6,15,0.1,0.0
mas_iterative,1080,default,75,6,6,44.0,0,2,39.44444444444444,22.0,0,20,14,21,E1,6,15,0.1,0.0
hungarian,1080,default,63,6,6,37.0,0,2,34.0,27.0,0,20,18,56,E1,6,15,0.1,0.0
no_coordination,1081,default,69,6,6,40.0,4,2,33.46666666666667,24.0,43,8,0,0,E1,6,15,0.1,0.0
claim,1081,default,47,6,6,32.666666666666664,0,2,29.2,24.0,0,6,6,6,E1,6,15,0.1,0.0
mas,1081,default,47,6,6,32.666666666666664,0,2,29.2,24.0,0,6,12,18,E1,6,15,0.1,0.0
mas_iterative,1081,default,47,6,6,32.666666666666664,0,2,29.2,24.0,0,6,12,18,E1,6,15,0.1,0.0
hungarian,1081,default,47,6,6,32.666666666666664,0,2,29.2,24.0,0,6,18,56,E1,6,15,0.1,0.0
no_coordination,1083,default,141,6,6,72.83333333333333,5,2,62.0,nan,124,9,0,0,E1,6,15,0.1,0.0
claim,1083,default,92,6,6,58.833333333333336,1,2,52.84615384615385,nan,23,8,7,7,E1,6,15,0.1,0.0
mas,1083,default,85,6,6,49.833333333333336,0,2,43.07692307692308,nan,0,10,14,21,E1,6,15,0.1,0.0
mas_iterative,1083,default,85,6,6,49.333333333333336,0,2,42.61538461538461,nan,0,10,16,24,E1,6,15,0.1,0.0
hungarian,1083,default,85,6,6,49.333333333333336,0,2,42.61538461538461,nan,0,10,18,58,E1,6,15,0.1,0.0
no_coordination,1084,default,91,6,6,51.333333333333336,4,2,44.666666666666664,nan,70,8,0,0,E1,6,15,0.1,0.0
claim,1084,default,91,6,6,51.333333333333336,4,2,44.666666666666664,nan,70,8,10,10,E1,6,15,0.1,0.0
mas,1084,default,61,6,6,38.666666666666664,0,2,35.0,nan,0,14,14,21,E1,6,15,0.1,0.0
mas_iterative,1084,default,61,6,6,38.333333333333336,0,2,34.666666666666664,nan,0,14,14,21,E1,6,15,0.1,0.0
hungarian,1084,default,61,6,6,38.333333333333336,0,2,34.666666666666664,nan,0,14,18,58,E1,6,15,0.1,0.0
no_coordination,1085,default,111,6,6,58.333333333333336,4,2,51.733333333333334,20.0,91,8,0,0,E1,6,15,0.1,0.0
claim,1085,default,89,6,6,54.666666666666664,2,2,48.8,20.0,37,16,8,8,E1,6,15,0.1,0.0
mas,1085,default,82,6,6,44.5,0,2,39.666666666666664,20.0,0,24,14,21,E1,6,15,0.1,0.0
mas_iterative,1085,default,81,6,6,44.0,0,2,39.2,20.0,0,22,16,24,E1,6,15,0.1,0.0
hungarian,1085,default,81,6,6,44.0,0,2,39.2,20.0,0,22,18,58,E1,6,15,0.1,0.0
no_coordination,1086,default,103,6,6,53.333333333333336,4,2,46.5,nan,82,8,0,0,E1,6,15,0.1,0.0
claim,1086,default,103,6,6,53.333333333333336,4,2,46.5,nan,82,8,10,10,E1,6,15,0.1,0.0
mas,1086,default,63,6,6,40.333333333333336,0,2,36.916666666666664,nan,0,6,14,21,E1,6,15,0.1,0.0
mas_iterative,1086,default,63,6,6,40.0,0,2,36.666666666666664,nan,0,6,14,21,E1,6,15,0.1,0.0
hungarian,1086,default,63,6,6,40.0,0,2,36.666666666666664,nan,0,6,18,58,E1,6,15,0.1,0.0
no_coordination,1087,default,113,6,6,59.5,5,2,47.93333333333333,28.0,91,9,0,0,E1,6,15,0.1,0.0
claim,1087,default,81,6,6,45.833333333333336,0,2,38.666666666666664,28.0,0,25,6,6,E1,6,15,0.1,0.0
mas,1087,default,81,6,6,45.833333333333336,0,2,38.666666666666664,28.0,0,25,12,18,E1,6,15,0.1,0.0
mas_iterative,1087,default,81,6,6,45.833333333333336,0,2,38.666666666666664,28.0,0,25,12,18,E1,6,15,0.1,0.0
hungarian,1087,default,81,6,6,45.833333333333336,0,2,38.666666666666664,28.0,0,25,18,56,E1,6,15,0.1,0.0
no_coordination,1088,default,107,6,6,54.0,5,2,47.77777777777778,22.0,86,9,0,0,E1,6,15,0.1,0.0
claim,1088,default,69,6,6,40.0,0,2,37.333333333333336,22.0,0,14,6,6,E1,6,15,0.1,0.0
mas,1088,default,69,6,6,40.0,0,2,37.333333333333336,22.0,0,14,12,18,E1,6,15,0.1,0.0
mas_iterative,1088,default,69,6,6,40.0,0,2,37.333333333333336,22.0,0,14,12,18,E1,6,15,0.1,0.0
hungarian,1088,default,69,6,6,40.0,0,2,37.333333333333336,22.0,0,14,18,56,E1,6,15,0.1,0.0
no_coordination,1090,default,101,6,6,45.0,4,2,40.8,nan,78,8,0,0,E1,6,15,0.1,0.0
claim,1090,default,67,6,6,36.666666666666664,0,2,34.13333333333333,nan,0,16,6,6,E1,6,15,0.1,0.0
mas,1090,default,67,6,6,36.666666666666664,0,2,34.13333333333333,nan,0,16,12,18,E1,6,15,0.1,0.0
mas_iterative,1090,default,67,6,6,36.666666666666664,0,2,34.13333333333333,nan,0,16,12,18,E1,6,15,0.1,0.0
hungarian,1090,default,67,6,6,36.666666666666664,0,2,34.13333333333333,nan,0,16,18,56,E1,6,15,0.1,0.0
no_coordination,1091,default,97,6,6,56.333333333333336,2,2,44.75,20.0,39,27,0,0,E1,6,15,0.1,0.0
claim,1091,default,95,6,6,56.0,1,2,44.625,20.0,36,25,7,7,E1,6,15,0.1,0.0
mas,1091,default,79,6,6,45.333333333333336,0,2,37.625,20.0,0,22,14,21,E1,6,15,0.1,0.0
mas_iterative,1091,default,79,6,6,45.333333333333336,0,2,37.625,20.0,0,20,14,21,E1,6,15,0.1,0.0
hungarian,1091,default,79,6,6,45.333333333333336,0,2,37.625,20.0,0,20,18,58,E1,6,15,0.1,0.0
no_coordination,1092,default,107,6,6,49.666666666666664,4,2,38.333333333333336,nan,86,8,0,0,E1,6,15,0.1,0.0
claim,1092,default,107,6,6,49.666666666666664,4,2,38.333333333333336,nan,86,8,10,10,E1,6,15,0.1,0.0
mas,1092,default,79,6,6,39.5,0,2,32.666666666666664,nan,0,36,14,21,E1,6,15,0.1,0.0
mas_iterative,1092,default,79,6,6,39.333333333333336,0,2,32.5,nan,0,36,14,21,E1,6,15,0.1,0.0
hungarian,1092,default,79,6,6,39.333333333333336,0,2,32.5,nan,0,36,18,58,E1,6,15,0.1,0.0
no_coordination,1093,default,91,6,6,50.666666666666664,4,2,41.0,25.0,45,8,0,0,E1,6,15,0.1,0.0
claim,1093,default,83,6,6,46.0,0,2,37.625,25.0,0,26,6,6,E1,6,15,0.1,0.0
mas,1093,default,83,6,6,46.0,0,2,37.625,25.0,0,26,12,18,E1,6,15,0.1,0.0
mas_iterative,1093,default,83,6,6,46.0,0,2,37.625,25.0,0,26,12,18,E1,6,15,0.1,0.0
hungarian,1093,default,83,6,6,46.0,0,2,37.625,25.0,0,26,18,56,E1,6,15,0.1,0.0
no_coordination,1094,default,79,6,6,42.0,5,2,34.35294117647059,21.0,39,9,0,0,E1,6,15,0.1,0.0
claim,1094,default,59,6,6,34.0,0,2,29.41176470588235,21.0,0,22,6,6,E1,6,15,0.1,0.0
mas,1094,default,59,6,6,34.0,0,2,29.41176470588235,21.0,0,22,12,18,E1,6,15,0.1,0.0
mas_iterative,1094,default,59,6,6,34.0,0,2,29.41176470588235,21.0,0,22,12,18,E1,6,15,0.1,0.0
hungarian,1094,default,59,6,6,34.0,0,2,29.41176470588235,21.0,0,22,18,56,E1,6,15,0.1,0.0
no_coordination,1095,default,97,6,6,47.333333333333336,5,2,38.46153846153846,nan,76,9,0,0,E1,6,15,0.1,0.0
claim,1095,default,75,6,6,37.666666666666664,0,2,32.15384615384615,nan,0,38,6,6,E1,6,15,0.1,0.0
mas,1095,default,75,6,6,37.666666666666664,0,2,32.15384615384615,nan,0,38,12,18,E1,6,15,0.1,0.0
mas_iterative,1095,default,75,6,6,37.666666666666664,0,2,32.15384615384615,nan,0,38,12,18,E1,6,15,0.1,0.0
hungarian,1095,default,75,6,6,37.666666666666664,0,2,32.15384615384615,nan,0,38,18,56,E1,6,15,0.1,0.0
no_coordination,1096,default,99,6,6,58.0,3,2,43.57142857142857,20.0,60,7,0,0,E1,6,15,0.1,0.0
claim,1096,default,99,6,6,58.0,2,2,43.57142857142857,20.0,54,12,8,8,E1,6,15,0.1,0.0
mas,1096,default,80,6,6,46.666666666666664,0,2,36.92857142857143,20.0,0,16,14,21,E1,6,15,0.1,0.0
mas_iterative,1096,default,79,6,6,46.333333333333336,0,2,36.714285714285715,20.0,0,14,14,21,E1,6,15,0.1,0.0
hungarian,1096,default,79,6,6,46.333333333333336,0,2,36.714285714285715,20.0,0,14,18,58,E1,6,15,0.1,0.0
no_coordination,1097,default,143,6,6,78.33333333333333,4,2,64.44444444444444,nan,121,8,0,0,E1,6,15,0.1,0.0
claim,1097,default,143,6,6,78.33333333333333,4,2,64.44444444444444,nan,121,8,10,10,E1,6,15,0.1,0.0
mas,1097,default,78,6,6,44.833333333333336,0,2,38.77777777777778,nan,0,16,14,21,E1,6,15,0.1,0.0
mas_iterative,1097,default,75,6,6,43.666666666666664,0,2,38.0,nan,0,12,16,24,E1,6,15,0.1,0.0
hungarian,1097,default,75,6,6,43.666666666666664,0,2,38.0,nan,0,12,18,58,E1,6,15,0.1,0.0
no_coordination,1098,default,101,6,6,51.0,4,2,39.666666666666664,nan,80,8,0,0,E1,6,15,0.1,0.0
claim,1098,default,77,6,6,46.0,1,2,37.166666666666664,nan,21,8,7,7,E1,6,15,0.1,0.0
mas,1098,default,72,6,6,42.5,0,2,34.083333333333336,nan,0,6,14,21,E1,6,15,0.1,0.0
mas_iterative,1098,default,71,6,6,42.0,0,2,33.666666666666664,nan,0,4,18,27,E1,6,15,0.1,0.0
hungarian,1098,default,71,6,6,42.0,0,2,33.666666666666664,nan,0,4,18,60,E1,6,15,0.1,0.0
no_coordination,1099,default,96,6,6,57.666666666666664,3,2,50.05882352941177,32.0,50,8,0,0,E1,6,15,0.1,0.0
claim,1099,default,91,6,6,52.333333333333336,1,2,47.76470588235294,32.0,23,28,7,7,E1,6,15,0.1,0.0
mas,1099,default,95,6,6,49.5,0,2,42.705882352941174,21.5,0,42,14,21,E1,6,15,0.1,0.0
mas_iterative,1099,default,95,6,6,49.0,0,2,42.23529411764706,21.0,0,42,16,24,E1,6,15,0.1,0.0
hungarian,1099,default,95,6,6,49.0,0,2,42.23529411764706,21.0,0,42,20,59,E1,6,15,0.1,0.0
no_coordination,1100,default,125,6,6,72.16666666666667,4,2,60.142857142857146,26.0,102,8,0,0,E1,6,15,0.1,0.0
claim,1100,default,102,6,6,68.33333333333333,2,2,58.5,26.0,49,13,8,8,E1,6,15,0.1,0.0
mas,1100,default,84,6,6,51.5,0,2,43.42857142857143,22.0,0,10,14,21,E1,6,15,0.1,0.0
mas_iterative,1100,default,83,6,6,51.0,0,2,43.0,22.0,0,8,14,21,E1,6,15,0.1,0.0
hungarian,1100,default,81,6,6,49.0,0,2,41.42857142857143,26.0,0,8,18,56,E1,6,15,0.1,0.0
no_coordination,1101,default,55,6,6,32.833333333333336,2,2,31.3,24.0,8,6,0,0,E1,6,15,0.1,0.0
claim,1101,default,55,6,6,32.833333333333336,1,2,31.3,24.0,8,22,7,7,E1,6,15,0.1,0.0
mas,1101,default,55,6,6,31.666666666666668,0,2,30.6,24.0,0,25,14,21,E1,6,15,0.1,0.0
mas_iterative,1101,default,54,6,6,31.333333333333332,0,2,30.35,24.0,0,23,14,21,E1,6,15,0.1,0.0
hungarian,1101,default,54,6,6,31.333333333333332,0,2,30.35,24.0,0,23,18,58,E1,6,15,0.1,0.0
no_coordination,1102,default,75,6,6,49.5,4,2,43.11764705882353,29.0,58,9,0,0,E1,6,15,0.1,0.0
claim,1102,default,60,6,6,42.0,1,2,39.05882352941177,29.0,21,12,7,7,E1,6,15,0.1,0.0
mas,1102,default,62,6,6,36.166666666666664,0,2,34.705882352941174,29.0,0,22,14,21,E1,6,15,0.1,0.0
mas_iterative,1102,default,61,6,6,35.666666666666664,0,2,34.23529411764706,29.0,0,20,14,21,E1,6,15,0.1,0.0
hungarian,1102,default,65,6,6,40.0,0,2,37.294117647058826,24.0,0,18,18,56,E1,6,15,0.1,0.0
no_coordination,1104,default,95,6,6,45.0,4,2,35.8,nan,74,8,0,0,E1,6,15,0.1,0.0
claim,1104,default,95,6,6,45.0,4,2,35.8,nan,74,8,10,10,E1,6,15,0.1,0.0
mas,1104,default,64,6,6,36.333333333333336,0,2,30.6,nan,0,16,14,21,E1,6,15,0.1,0.0
mas_iterative,1104,default,63,6,6,36.0,0,2,30.4,nan,0,14,14,21,E1,6,15,0.1,0.0
hungarian,1104,default,63,6,6,36.0,0,2,30.4,nan,0,14,18,58,E1,6,15,0.1,0.0
no_coordination,1105,default,85,6,6,46.833333333333336,2,2,38.69230769230769,nan,49,7,0,0,E1,6,15,0.1,0.0
claim,1105,default,84,6,6,46.666666666666664,1,2,38.61538461538461,nan,22,30,7,7,E1,6,15,0.1,0.0
mas,1105,default,69,6,6,41.666666666666664,0,2,34.69230769230769,nan,0,10,14,21,E1,6,15,0.1,0.0
mas_iterative,1105,default,69,6,6,41.333333333333336,0,2,34.46153846153846,nan,0,10,14,21,E1,6,15,0.1,0.0
hungarian,1105,default,69,6,6,41.333333333333336,0,2,34.46153846153846,nan,0,10,18,58,E1,6,15,0.1,0.0
no_coordination,1106,default,69,6,6,43.666666666666664,3,2,38.421052631578945,26.0,28,7,0,0,E1,6,15,0.1,0.0
claim,1106,default,69,6,6,43.666666666666664,2,2,38.421052631578945,26.0,28,8,8,8,E1,6,15,0.1,0.0
mas,1106,default,66,6,6,38.666666666666664,0,2,34.68421052631579,26.0,0,20,14,21,E1,6,15,0.1,0.0
mas_iterative,1106,default,65,6,6,38.333333333333336,0,2,34.421052631578945,26.0,0,18,14,21,E1,6,15,0.1,0.0
hungarian,1106,default,65,6,6,38.333333333333336,0,2,34.421052631578945,26.0,0,18,18,58,E1,6,15,0.1,0.0
no_coordination,1107,default,115,6,6,66.16666666666667,5,2,57.72222222222222,38.0,100,9,0,0,E1,6,15,0.1,0.0
claim,1107,default,89,6,6,53.5,1,2,50.5,38.0,25,28,7,7,E1,6,15,0.1,0.0
mas,1107,default,61,6,6,40.5,0,2,37.611111111111114,34.0,0,6,14,21,E1,6,15,0.1,0.0
mas_iterative,1107,default,61,6,6,40.0,0,2,37.111111111111114,34.0,0,6,16,24,E1,6,15,0.1,0.0
hungarian,1107,default,61,6,6,40.0,0,2,37.111111111111114,34.0,0,6,18,58,E1,6,15,0.1,0.0
no_coordination,1108,default,125,6,6,61.0,4,2,44.285714285714285,20.0,104,8,0,0,E1,6,15,0.1,0.0
claim,1108,default,125,6,6,61.0,4,2,44.285714285714285,20.0,104,8,10,10,E1,6,15,0.1,0.0
mas,1108,default,90,6,6,46.0,0,2,36.357142857142854,20.0,0,40,14,21,E1,6,15,0.1,0.0
mas_iterative,1108,default,89,6,6,45.666666666666664,0,2,36.142857142857146,20.0,0,38,14,21,E1,6,15,0.1,0.0
hungarian,1108,default,89,6,6,45.666666666666664,0,2,36.142857142857146,20.0,0,38,18,58,E1,6,15,0.1,0.0
no_coordination,1109,default,91,6,6,54.666666666666664,6,2,46.11764705882353,29.0,91,10,0,0,E1,6,15,0.1,0.0
claim,1109,default,91,6,6,54.666666666666664,6,2,46.11764705882353,29.0,91,10,12,12,E1,6,15,0.1,0.0
mas,1109,default,58,6,6,37.5,0,2,33.88235294117647,29.0,0,12,14,21,E1,6,15,0.1,0.0
mas_iterative,1109,default,57,6,6,37.0,0,2,33.411764705882355,29.0,0,10,14,21,E1,6,15,0.1,0.0
hungarian,1109,default,57,6,6,37.0,0,2,33.411764705882355,29.0,0,10,18,56,E1,6,15,0.1,0.0
no_coordination,1110,default,73,6,6,42.666666666666664,4,2,35.86666666666667,20.0,52,8,0,0,E1,6,15,0.1,0.0
claim,1110,default,73,6,6,42.666666666666664,4,2,35.86666666666667,20.0,52,8,10,10,E1,6,15,0.1,0.0
mas,1110,default,51,6,6,33.333333333333336,0,2,29.866666666666667,20.0,0,12,14,21,E1,6,15,0.1,0.0
mas_iterative,1110,default,51,6,6,33.0,0,2,29.6,20.0,0,12,14,21,E1,6,15,0.1,0.0
hungarian,1110,default,51,6,6,33.0,0,2,29.6,20.0,0,12,18,58,E1,6,15,0.1,0.0
no_coordination,1111,default,89,6,6,61.666666666666664,4,2,55.5,22.0,65,8,0,0,E1,6,15,0.1,0.0
claim,1111,default,89,6,6,61.666666666666664,3,2,55.5,22.0,65,11,9,9,E1,6,15,0.1,0.0
mas,1111,default,78,6,6,38.5,0,2,35.375,22.0,0,40,14,21,E1,6,15,0.1,0.0
mas_iterative,1111,default,77,6,6,38.0,0,2,34.875,22.0,0,38,14,21,E1,6,15,0.1,0.0
hungarian,1111,default,77,6,6,38.0,0,2,34.875,22.0,0,38,18,56,E1,6,15,0.1,0.0
no_coordination,1112,default,61,6,6,39.666666666666664,4,2,33.333333333333336,21.0,22,8,0,0,E1,6,15,0.1,0.0
claim,1112,default,53,6,6,35.333333333333336,0,2,30.8,21.0,0,10,6,6,E1,6,15,0.1,0.0
mas,1112,default,53,6,6,35.333333333333336,0,2,30.8,21.0,0,10,12,18,E1,6,15,0.1,0.0
mas_iterative,1112,default,53,6,6,35.333333333333336,0,2,30.8,21.0,0,10,12,18,E1,6,15,0.1,0.0
hungarian,1112,default,53,6,6,35.333333333333336,0,2,30.8,21.0,0,10,18,56,E1,6,15,0.1,0.0
no_coordination,1113,default,127,6,6,58.833333333333336,4,2,46.86666666666667,22.0,105,9,0,0,E1,6,15,0.1,0.0
claim,1113,default,81,6,6,44.833333333333336,0,2,38.333333333333336,22.0,0,17,6,6,E1,6,15,0.1,0.0
mas,1113,default,81,6,6,44.833333333333336,0,2,38.333333333333336,22.0,0,17,12,18,E1,6,15,0.1,0.0
mas_iterative,1113,default,81,6,6,44.833333333333336,0,2,38.333333333333336,22.0,0,17,12,18,E1,6,15,0.1,0.0
hungarian,1113,default,81,6,6,44.833333333333336,0,2,38.333333333333336,22.0,0,17,18,56,E1,6,15,0.1,0.0
no_coordination,1114,default,95,6,6,64.33333333333333,5,2,52.36363636363637,30.0,73,9,0,0,E1,6,15,0.1,0.0
claim,1114,default,95,6,6,64.33333333333333,4,2,52.36363636363637,30.0,71,10,10,10,E1,6,15,0.1,0.0
mas,1114,default,62,6,6,37.833333333333336,0,2,31.09090909090909,20.0,0,10,14,21,E1,6,15,0.1,0.0
mas_iterative,1114,default,61,6,6,37.333333333333336,0,2,30.727272727272727,20.0,0,8,14,21,E1,6,15,0.1,0.0
hungarian,1114,default,61,6,6,37.333333333333336,0,2,30.727272727272727,20.0,0,8,18,56,E1,6,15,0.1,0.0
no_coordination,1115,default,70,6,6,42.166666666666664,3,2,36.38461538461539,nan,16,7,0,0,E1,6,15,0.1,0.0
claim,1115,default,73,6,6,38.666666666666664,1,2,33.84615384615385,nan,32,5,7,7,E1,6,15,0.1,0.0
mas,1115,default,73,6,6,38.666666666666664,0,2,33.84615384615385,nan,0,36,14,21,E1,6,15,0.1,0.0
mas_iterative,1115,default,73,6,6,38.666666666666664,0,2,33.84615384615385,nan,0,36,14,21,E1,6,15,0.1,0.0
hungarian,1115,default,73,6,6,38.666666666666664,0,2,33.84615384615385,nan,0,36,20,59,E1,6,15,0.1,0.0
no_coordination,1116,default,145,6,6,77.33333333333333,6,2,65.52941176470588,30.0,145,10,0,0,E1,6,15,0.1,0.0
claim,1116,default,145,6,6,77.33333333333333,6,2,65.52941176470588,30.0,145,10,12,12,E1,6,15,0.1,0.0
mas,1116,default,82,6,6,50.833333333333336,0,2,44.8235294117647,26.5,0,10,14,21,E1,6,15,0.1,0.0
mas_iterative,1116,default,81,6,6,50.333333333333336,0,2,44.35294117647059,26.0,0,8,14,21,E1,6,15,0.1,0.0
hungarian,1116,default,81,6,6,50.333333333333336,0,2,44.35294117647059,26.0,0,8,18,56,E1,6,15,0.1,0.0
no_coordination,1117,default,80,6,6,39.5,4,2,38.1,25.5,28,8,0,0,E1,6,15,0.1,0.0
claim,1117,default,61,6,6,33.833333333333336,0,2,33.0,25.5,0,23,6,6,E1,6,15,0.1,0.0
mas,1117,default,61,6,6,33.833333333333336,0,2,33.0,25.5,0,23,12,18,E1,6,15,0.1,0.0
mas_iterative,1117,default,61,6,6,33.833333333333336,0,2,33.0,25.5,0,23,12,18,E1,6,15,0.1,0.0
hungarian,1117,default,61,6,6,33.833333333333336,0,2,33.0,25.5,0,23,18,56,E1,6,15,0.1,0.0
no_coordination,1118,default,91,6,6,46.833333333333336,3,2,38.266666666666666,20.0,59,7,0,0,E1,6,15,0.1,0.0
claim,1118,default,88,6,6,46.333333333333336,1,2,38.06666666666667,20.0,22,36,7,7,E1,6,15,0.1,0.0
mas,1118,default,79,6,6,41.333333333333336,0,2,34.666666666666664,20.0,0,30,14,21,E1,6,15,0.1,0.0
mas_iterative,1118,default,79,6,6,41.0,0,2,34.4,20.0,0,30,14,21,E1,6,15,0.1,0.0
hungarian,1118,default,79,6,6,41.0,0,2,34.4,20.0,0,30,18,58,E1,6,15,0.1,0.0
no_coordination,1119,default,113,6,6,73.0,5,2,54.5,20.0,95,9,0,0,E1,6,15,0.1,0.0
claim,1119,default,113,6,6,73.0,4,2,54.5,20.0,89,14,10,10,E1,6,15,0.1,0.0
mas,1119,default,82,6,6,49.833333333333336,0,2,39.083333333333336,20.0,0,18,14,21,E1,6,15,0.1,0.0
mas_iterative,1119,default,81,6,6,49.333333333333336,0,2,38.666666666666664,20.0,0,16,14,21,E1,6,15,0.1,0.0
hungarian,1119,default,81,6,6,49.333333333333336,0,2,38.666666666666664,20.0,0,16,18,56,E1,6,15,0.1,0.0
no_coordination,1120,default,95,6,6,48.0,4,2,38.0,20.0,74,8,0,0,E1,6,15,0.1,0.0
claim,1120,default,95,6,6,48.0,4,2,38.0,20.0,74,8,10,10,E1,6,15,0.1,0.0
mas,1120,default,70,6,6,38.333333333333336,0,2,32.11764705882353,20.0,0,28,14,21,E1,6,15,0.1,0.0
mas_iterative,1120,default,69,6,6,38.0,0,2,31.88235294117647,20.0,0,26,14,21,E1,6,15,0.1,0.0
hungarian,1120,default,69,6,6,38.0,0,2,31.88235294117647,20.0,0,26,18,58,E1,6,15,0.1,0.0
no_coordination,1121,default,115,6,6,56.333333333333336,5,2,44.53333333333333,20.0,78,9,0,0,E1,6,15,0.1,0.0
claim,1121,default,75,6,6,46.333333333333336,1,2,39.2,20.0,21,7,7,7,E1,6,15,0.1,0.0
mas,1121,default,72,6,6,42.5,0,2,35.733333333333334,20.0,0,12,14,21,E1,6,15,0.1,0.0
mas_iterative,1121,default,71,6,6,42.0,0,2,35.333333333333336,20.0,0,10,14,21,E1,6,15,0.1,0.0
hungarian,1121,default,67,6,6,40.0,0,2,33.86666666666667,22.0,0,6,18,56,E1,6,15,0.1,0.0
no_coordination,1122,default,131,6,6,73.33333333333333,6,2,56.75,24.0,131,10,0,0,E1,6,15,0.1,0.0
claim,1122,default,131,6,6,73.33333333333333,6,2,56.75,24.0,131,10,12,12,E1,6,15,0.1,0.0
mas,1122,default,63,6,6,38.166666666666664,0,2,31.9375,23.5,0,14,14,21,E1,6,15,0.1,0.0
mas_iterative,1122,default,63,6,6,38.666666666666664,0,2,32.5,24.0,0,12,16,24,E1,6,15,0.1,0.0
hungarian,1122,default,63,6,6,38.666666666666664,0,2,32.5,24.0,0,12,18,58,E1,6,15,0.1,0.0
no_coordination,1123,default,116,6,6,61.0,4,2,47.9375,23.0,44,8,0,0,E1,6,15,0.1,0.0
claim,1123,default,95,6,6,51.333333333333336,0,2,41.875,23.0,0,30,6,6,E1,6,15,0.1,0.0
mas,1123,default,95,6,6,51.333333333333336,0,2,41.875,23.0,0,30,12,18,E1,6,15,0.1,0.0
mas_iterative,1123,default,95,6,6,51.333333333333336,0,2,41.875,23.0,0,30,12,18,E1,6,15,0.1,0.0
hungarian,1123,default,95,6,6,51.333333333333336,0,2,41.875,23.0,0,30,18,56,E1,6,15,0.1,0.0
no_coordination,1124,default,88,6,6,39.333333333333336,4,2,31.6,nan,67,8,0,0,E1,6,15,0.1,0.0
claim,1124,default,88,6,6,39.333333333333336,4,2,31.6,nan,67,8,10,10,E1,6,15,0.1,0.0
mas,1124,default,70,6,6,34.0,0,2,28.4,nan,0,35,14,21,E1,6,15,0.1,0.0
mas_iterative,1124,default,69,6,6,33.666666666666664,0,2,28.2,nan,0,33,14,21,E1,6,15,0.1,0.0
hungarian,1124,default,69,6,6,33.666666666666664,0,2,28.2,nan,0,33,18,58,E1,6,15,0.1,0.0
no_coordination,1125,default,101,6,6,57.166666666666664,3,2,44.23076923076923,nan,61,7,0,0,E1,6,15,0.1,0.0
claim,1125,default,101,6,6,57.166666666666664,2,2,44.23076923076923,nan,52,15,8,8,E1,6,15,0.1,0.0
mas,1125,default,88,6,6,48.0,0,2,38.53846153846154,nan,0,24,14,21,E1,6,15,0.1,0.0
mas_iterative,1125,default,87,6,6,47.666666666666664,0,2,38.30769230769231,nan,0,22,14,21,E1,6,15,0.1,0.0
hungarian,1125,default,87,6,6,47.666666666666664,0,2,38.30769230769231,nan,0,22,18,58,E1,6,15,0.1,0.0
no_coordination,1126,default,97,6,6,45.833333333333336,3,2,39.1875,20.0,47,7,0,0,E1,6,15,0.1,0.0
claim,1126,default,92,6,6,45.0,1,2,38.875,20.0,6,38,7,7,E1,6,15,0.1,0.0
mas,1126,default,90,6,6,44.333333333333336,0,2,38.375,20.0,0,36,14,21,E1,6,15,0.1,0.0
mas_iterative,1126,default,89,6,6,44.0,0,2,38.125,20.0,0,34,14,21,E1,6,15,0.1,0.0
hungarian,1126,default,89,6,6,44.0,0,2,38.125,20.0,0,34,18,58,E1,6,15,0.1,0.0
no_coordination,1127,default,113,6,6,51.0,4,2,48.54545454545455,37.5,92,8,0,0,E1,6,15,0.1,0.0
claim,1127,default,113,6,6,51.0,4,2,48.54545454545455,37.5,92,8,10,10,E1,6,15,0.1,0.0
mas,1127,default,71,6,6,39.666666666666664,0,2,38.68181818181818,34.25,0,12,14,21,E1,6,15,0.1,0.0
mas_iterative,1127,default,71,6,6,39.333333333333336,0,2,38.36363636363637,34.0,0,12,14,21,E1,6,15,0.1,0.0
hungarian,1127,default,71,6,6,39.333333333333336,0,2,38.36363636363637,34.0,0,12,18,58,E1,6,15,0.1,0.0
no_coordination,1128,default,64,6,6,40.0,5,2,35.333333333333336,22.0,57,9,0,0,E1,6,15,0.1,0.0
claim,1128,default,64,6,6,40.0,4,2,35.333333333333336,22.0,46,19,10,10,E1,6,15,0.1,0.0
mas,1128,default,47,6,6,31.833333333333332,0,2,28.533333333333335,20.0,0,8,14,21,E1,6,15,0.1,0.0
mas_iterative,1128,default,47,6,6,31.333333333333332,0,2,28.133333333333333,20.0,0,8,16,24,E1,6,15,0.1,0.0
hungarian,1128,default,45,6,6,30.666666666666668,0,2,27.4,22.0,0,7,18,56,E1,6,15,0.1,0.0
no_coordination,1129,default,103,6,6,59.666666666666664,3,2,48.833333333333336,nan,48,7,0,0,E1,6,15,0.1,0.0
claim,1129,default,83,6,6,48.333333333333336,0,2,41.5,nan,0,18,6,6,E1,6,15,0.1,0.0
mas,1129,default,83,6,6,48.333333333333336,0,2,41.5,nan,0,18,12,18,E1,6,15,0.1,0.0
mas_iterative,1129,default,83,6,6,48.333333333333336,0,2,41.5,nan,0,18,12,18,E1,6,15,0.1,0.0
hungarian,1129,default,83,6,6,48.333333333333336,0,2,41.5,nan,0,18,18,56,E1,6,15,0.1,0.0
no_coordination,1130,default,109,6,6,55.5,5,2,49.4,32.333333333333336,94,9,0,0,E1,6,15,0.1,0.0
claim,1130,default,76,6,6,46.5,1,2,43.3,32.333333333333336,21,12,7,7,E1,6,15,0.1,0.0
mas,1130,default,69,6,6,41.5,0,2,38.3,29.0,0,8,14,21,E1,6,15,0.1,0.0
mas_iterative,1130,default,69,6,6,41.0,0,2,37.8,28.666666666666668,0,8,14,21,E1,6,15,0.1,0.0
hungarian,1130,default,69,6,6,40.0,0,2,36.8,28.0,0,10,18,56,E1,6,15,0.1,0.0
no_coordination,1131,default,151,6,6,84.0,6,2,74.125,30.0,151,10,0,0,E1,6,15,0.1,0.0
claim,1131,default,151,6,6,84.0,6,2,74.125,30.0,151,10,12,12,E1,6,15,0.1,0.0
mas,1131,default,80,6,6,48.166666666666664,0,2,43.0625,20.0,0,12,14,21,E1,6,15,0.1,0.0
mas_iterative,1131,default,79,6,6,47.666666666666664,0,2,42.625,20.0,0,10,14,21,E1,6,15,0.1,0.0
hungarian,1131,default,79,6,6,47.666666666666664,0,2,42.625,20.0,0,10,18,56,E1,6,15,0.1,0.0
no_coordination,1132,default,82,6,6,41.333333333333336,3,2,39.69230769230769,nan,16,7,0,0,E1,6,15,0.1,0.0
claim,1132,default,75,6,6,40.166666666666664,1,2,38.61538461538461,nan,10,28,7,7,E1,6,15,0.1,0.0
mas,1132,default,64,6,6,37.333333333333336,0,2,36.0,nan,0,14,14,21,E1,6,15,0.1,0.0
mas_iterative,1132,default,63,6,6,37.0,0,2,35.69230769230769,nan,0,12,14,21,E1,6,15,0.1,0.0
hungarian,1132,default,63,6,6,37.0,0,2,35.69230769230769,nan,0,12,18,58,E1,6,15,0.1,0.0
no_coordination,1133,default,119,6,6,61.833333333333336,4,2,46.357142857142854,22.0,95,8,0,0,E1,6,15,0.1,0.0
claim,1133,default,81,6,6,47.166666666666664,0,2,38.285714285714285,22.0,0,19,6,6,E1,6,15,0.1,0.0
mas,1133,default,81,6,6,47.166666666666664,0,2,38.285714285714285,22.0,0,19,12,18,E1,6,15,0.1,0.0
mas_iterative,1133,default,81,6,6,47.166666666666664,0,2,38.285714285714285,22.0,0,19,12,18,E1,6,15,0.1,0.0
hungarian,1133,default,81,6,6,47.166666666666664,0,2,38.285714285714285,22.0,0,19,18,56,E1,6,15,0.1,0.0
no_coordination,1134,default,89,6,6,45.666666666666664,4,2,41.888888888888886,20.0,55,8,0,0,E1,6,15,0.1,0.0
claim,1134,default,55,6,6,36.0,0,2,34.111111111111114,20.0,0,4,6,6,E1,6,15,0.1,0.0
mas,1134,default,55,6,6,36.0,0,2,34.111111111111114,20.0,0,4,12,18,E1,6,15,0.1,0.0
mas_iterative,1134,default,55,6,6,36.0,0,2,34.111111111111114,20.0,0,4,12,18,E1,6,15,0.1,0.0
hungarian,1134,default,55,6,6,36.0,0,2,34.111111111111114,20.0,0,4,18,56,E1,6,15,0.1,0.0
no_coordination,1136,default,82,6,6,54.166666666666664,4,2,44.72727272727273,28.0,49,8,0,0,E1,6,15,0.1,0.0
claim,1136,default,79,6,6,51.666666666666664,1,2,43.36363636363637,28.0,29,18,7,7,E1,6,15,0.1,0.0
mas,1136,default,62,6,6,38.166666666666664,0,2,31.272727272727273,20.0,0,12,14,21,E1,6,15,0.1,0.0
mas_iterative,1136,default,61,6,6,37.666666666666664,0,2,30.90909090909091,20.0,0,10,14,21,E1,6,15,0.1,0.0
hungarian,1136,default,61,6,6,37.666666666666664,0,2,30.90909090909091,20.0,0,10,18,56,E1,6,15,0.1,0.0
no_coordination,1137,default,125,6,6,62.666666666666664,5,2,52.73684210526316,29.333333333333332,104,9,0,0,E1,6,15,0.1,0.0
claim,1137,default,85,6,6,46.666666666666664,0,2,41.1578947368421,28.666666666666668,0,28,6,6,E1,6,15,0.1,0.0
mas,1137,default,85,6,6,46.666666666666664,0,2,41.1578947368421,28.666666666666668,0,28,12,18,E1,6,15,0.1,0.0
mas_iterative,1137,default,85,6,6,46.666666666666664,0,2,41.1578947368421,28.666666666666668,0,28,12,18,E1,6,15,0.1,0.0
hungarian,1137,default,85,6,6,46.666666666666664,0,2,41.1578947368421,28.666666666666668,0,28,18,56,E1,6,15,0.1,0.0
no_coordination,1138,default,101,6,6,50.0,2,2,40.0,20.0,54,6,0,0,E1,6,15,0.1,0.0
claim,1138,default,101,6,6,50.0,2,2,40.0,20.0,54,6,8,8,E1,6,15,0.1,0.0
mas,1138,default,86,6,6,45.333333333333336,0,2,37.07142857142857,20.0,0,28,14,21,E1,6,15,0.1,0.0
mas_iterative,1138,default,83,6,6,44.666666666666664,0,2,36.714285714285715,20.0,0,24,14,21,E1,6,15,0.1,0.0
hungarian,1138,default,83,6,6,44.666666666666664,0,2,36.714285714285715,20.0,0,24,18,58,E1,6,15,0.1,0.0
no_coordination,1139,default,92,6,6,59.0,5,2,53.125,20.0,73,9,0,0,E1,6,15,0.1,0.0
claim,1139,default,83,6,6,57.5,3,2,52.0,20.0,63,14,9,9,E1,6,15,0.1,0.0
mas,1139,default,52,6,6,32.333333333333336,0,2,30.6875,20.0,0,14,14,21,E1,6,15,0.1,0.0
mas_iterative,1139,default,51,6,6,31.666666666666668,0,2,30.125,20.0,0,12,16,24,E1,6,15,0.1,0.0
hungarian,1139,default,51,6,6,31.666666666666668,0,2,30.125,20.0,0,12,18,58,E1,6,15,0.1,0.0
no_coordination,1140,default,83,6,6,45.0,4,2,38.470588235294116,25.0,62,8,0,0,E1,6,15,0.1,0.0
claim,1140,default,83,6,6,45.0,4,2,38.470588235294116,25.0,62,8,10,10,E1,6,15,0.1,0.0
mas,1140,default,67,6,6,34.666666666666664,0,2,33.11764705882353,25.0,0,32,14,21,E1,6,15,0.1,0.0
mas_iterative,1140,default,67,6,6,34.333333333333336,0,2,32.94117647058823,25.0,0,32,14,21,E1,6,15,0.1,0.0
hungarian,1140,default,67,6,6,34.333333333333336,0,2,32.94117647058823,25.0,0,32,18,58,E1,6,15,0.1,0.0
no_coordination,1141,default,129,6,6,59.0,5,2,52.266666666666666,28.0,108,9,0,0,E1,6,15,0.1,0.0
claim,1141,default,89,6,6,45.0,0,2,41.06666666666667,28.0,0,32,6,6,E1,6,15,0.1,0.0
mas,1141,default,89,6,6,45.0,0,2,41.06666666666667,28.0,0,32,12,18,E1,6,15,0.1,0.0
mas_iterative,1141,default,89,6,6,45.0,0,2,41.06666666666667,28.0,0,32,12,18,E1,6,15,0.1,0.0
hungarian,1141,default,89,6,6,45.0,0,2,41.06666666666667,28.0,0,32,18,56,E1,6,15,0.1,0.0
no_coordination,1142,default,135,6,6,63.666666666666664,4,2,54.166666666666664,nan,112,8,0,0,E1,6,15,0.1,0.0
claim,1142,default,87,6,6,48.0,0,2,42.5,nan,0,20,6,6,E1,6,15,0.1,0.0
mas,1142,default,87,6,6,48.0,0,2,42.5,nan,0,20,12,18,E1,6,15,0.1,0.0
mas_iterative,1142,default,87,6,6,48.0,0,2,42.5,nan,0,20,12,18,E1,6,15,0.1,0.0
hungarian,1142,default,87,6,6,48.0,0,2,42.5,nan,0,20,18,56,E1,6,15,0.1,0.0
no_coordination,1143,default,87,6,6,53.666666666666664,4,2,48.23529411764706,20.0,55,8,0,0,E1,6,15,0.1,0.0
claim,1143,default,87,6,6,48.0,1,2,43.88235294117647,20.0,21,31,7,7,E1,6,15,0.1,0.0
mas,1143,default,74,6,6,40.5,0,2,36.705882352941174,20.0,0,26,14,21,E1,6,15,0.1,0.0
mas_iterative,1143,default,73,6,6,40.0,0,2,36.23529411764706,20.0,0,24,18,27,E1,6,15,0.1,0.0
hungarian,1143,default,73,6,6,40.0,0,2,36.23529411764706,20.0,0,24,18,60,E1,6,15,0.1,0.0
no_coordination,1144,default,101,6,6,54.333333333333336,4,2,43.05882352941177,30.0,49,8,0,0,E1,6,15,0.1,0.0
claim,1144,default,71,6,6,44.666666666666664,0,2,38.0,30.0,0,14,6,6,E1,6,15,0.1,0.0
mas,1144,default,71,6,6,44.666666666666664,0,2,38.0,30.0,0,14,12,18,E1,6,15,0.1,0.0
mas_iterative,1144,default,71,6,6,44.666666666666664,0,2,38.0,30.0,0,14,12,18,E1,6,15,0.1,0.0
hungarian,1144,default,71,6,6,44.666666666666664,0,2,38.0,30.0,0,14,18,56,E1,6,15,0.1,0.0
no_coordination,1145,default,117,6,6,63.333333333333336,5,2,54.888888888888886,26.0,62,9,0,0,E1,6,15,0.1,0.0
claim,1145,default,93,6,6,58.666666666666664,2,2,51.77777777777778,26.0,33,14,8,8,E1,6,15,0.1,0.0
mas,1145,default,80,6,6,43.166666666666664,0,2,38.55555555555556,26.0,0,28,14,21,E1,6,15,0.1,0.0
mas_iterative,1145,default,79,6,6,42.666666666666664,0,2,38.111111111111114,26.0,0,26,16,24,E1,6,15,0.1,0.0
hungarian,1145,default,79,6,6,42.666666666666664,0,2,38.111111111111114,26.0,0,26,18,58,E1,6,15,0.1,0.0
no_coordination,1146,default,103,6,6,59.0,3,2,45.05882352941177,28.0,60,7,0,0,E1,6,15,0.1,0.0
claim,1146,default,103,6,6,59.0,2,2,45.05882352941177,28.0,60,20,8,8,E1,6,15,0.1,0.0
mas,1146,default,69,6,6,42.833333333333336,0,2,36.1764705882353,28.0,0,20,14,21,E1,6,15,0.1,0.0
mas_iterative,1146,default,69,6,6,42.666666666666664,0,2,36.0,28.0,0,20,16,24,E1,6,15,0.1,0.0
hungarian,1146,default,69,6,6,42.666666666666664,0,2,36.0,28.0,0,20,20,61,E1,6,15,0.1,0.0
no_coordination,1147,default,94,6,6,54.166666666666664,3,2,42.23076923076923,nan,36,7,0,0,E1,6,15,0.1,0.0
claim,1147,default,87,6,6,47.0,0,2,37.84615384615385,nan,0,22,6,6,E1,6,15,0.1,0.0
mas,1147,default,87,6,6,47.0,0,2,37.84615384615385,nan,0,22,12,18,E1,6,15,0.1,0.0
mas_iterative,1147,default,87,6,6,47.0,0,2,37.84615384615385,nan,0,22,12,18,E1,6,15,0.1,0.0
hungarian,1147,default,87,6,6,47.0,0,2,37.84615384615385,nan,0,22,18,56,E1,6,15,0.1,0.0
no_coordination,1148,default,109,6,6,53.333333333333336,4,2,46.588235294117645,20.0,88,8,0,0,E1,6,15,0.1,0.0
claim,1148,default,109,6,6,53.333333333333336,4,2,46.588235294117645,20.0,88,8,10,10,E1,6,15,0.1,0.0
mas,1148,default,79,6,6,41.5,0,2,37.705882352941174,20.0,0,30,14,21,E1,6,15,0.1,0.0
mas_iterative,1148,default,79,6,6,41.666666666666664,0,2,37.88235294117647,20.0,0,28,14,21,E1,6,15,0.1,0.0
hungarian,1148,default,79,6,6,41.666666666666664,0,2,37.88235294117647,20.0,0,28,18,58,E1,6,15,0.1,0.0
no_coordination,1149,default,82,6,6,49.0,2,2,38.23076923076923,20.0,43,7,0,0,E1,6,15,0.1,0.0
claim,1149,default,79,6,6,41.666666666666664,0,2,34.15384615384615,20.0,0,29,6,6,E1,6,15,0.1,0.0
mas,1149,default,79,6,6,41.666666666666664,0,2,34.15384615384615,20.0,0,29,12,18,E1,6,15,0.1,0.0
mas_iterative,1149,default,79,6,6,41.666666666666664,0,2,34.15384615384615,20.0,0,29,12,18,E1,6,15,0.1,0.0
hungarian,1149,default,79,6,6,41.666666666666664,0,2,34.15384615384615,20.0,0,29,18,56,E1,6,15,0.1,0.0
no_coordination,1150,default,101,6,6,65.66666666666667,4,2,53.0,22.0,85,8,0,0,E1,6,15,0.1,0.0
claim,1150,default,91,6,6,64.0,2,2,52.166666666666664,22.0,55,16,8,8,E1,6,15,0.1,0.0
mas,1150,default,62,6,6,37.833333333333336,0,2,30.833333333333332,22.0,0,12,14,21,E1,6,15,0.1,0.0
mas_iterative,1150,default,61,6,6,37.333333333333336,0,2,30.333333333333332,22.0,0,10,16,24,E1,6,15,0.1,0.0
hungarian,1150,default,61,6,6,37.333333333333336,0,2,30.333333333333332,22.0,0,10,18,58,E1,6,15,0.1,0.0
no_coordination,1151,default,93,6,6,53.666666666666664,4,2,43.86666666666667,20.0,70,8,0,0,E1,6,15,0.1,0.0
claim,1151,default,63,6,6,39.666666666666664,0,2,35.333333333333336,20.0,0,14,6,6,E1,6,15,0.1,0.0
mas,1151,default,63,6,6,39.666666666666664,0,2,35.333333333333336,20.0,0,14,12,18,E1,6,15,0.1,0.0
mas_iterative,1151,default,63,6,6,39.666666666666664,0,2,35.333333333333336,20.0,0,14,12,18,E1,6,15,0.1,0.0
hungarian,1151,default,63,6,6,39.666666666666664,0,2,35.333333333333336,20.0,0,14,18,56,E1,6,15,0.1,0.0
no_coordination,1152,default,127,6,6,62.333333333333336,4,2,49.625,20.0,104,8,0,0,E1,6,15,0.1,0.0
claim,1152,default,79,6,6,46.666666666666664,0,2,39.625,20.0,0,12,6,6,E1,6,15,0.1,0.0
mas,1152,default,79,6,6,46.666666666666664,0,2,39.625,20.0,0,12,12,18,E1,6,15,0.1,0.0
mas_iterative,1152,default,79,6,6,46.666666666666664,0,2,39.625,20.0,0,12,12,18,E1,6,15,0.1,0.0
hungarian,1152,default,79,6,6,46.666666666666664,0,2,39.625,20.0,0,12,18,56,E1,6,15,0.1,0.0
no_coordination,1153,default,127,6,6,76.0,6,2,67.52941176470588,42.0,127,10,0,0,E1,6,15,0.1,0.0
claim,1153,default,127,6,6,76.0,6,2,67.52941176470588,42.0,127,10,12,12,E1,6,15,0.1,0.0
mas,1153,default,72,6,6,44.833333333333336,0,2,40.35294117647059,27.5,0,16,14,21,E1,6,15,0.1,0.0
mas_iterative,1153,default,71,6,6,44.333333333333336,0,2,39.88235294117647,27.0,0,14,14,21,E1,6,15,0.1,0.0
hungarian,1153,default,71,6,6,44.333333333333336,0,2,39.88235294117647,27.0,0,14,18,56,E1,6,15,0.1,0.0
no_coordination,1154,default,114,6,6,67.16666666666667,5,2,57.642857142857146,34.0,83,9,0,0,E1,6,15,0.1,0.0
claim,1154,default,86,6,6,61.333333333333336,2,2,54.642857142857146,34.0,47,7,8,8,E1,6,15,0.1,0.0
mas,1154,default,69,6,6,42.5,0,2,36.642857142857146,24.0,0,12,14,21,E1,6,15,0.1,0.0
mas_iterative,1154,default,69,6,6,42.0,0,2,36.142857142857146,24.0,0,12,14,21,E1,6,15,0.1,0.0
hungarian,1154,default,69,6,6,42.0,0,2,36.142857142857146,24.0,0,12,18,56,E1,6,15,0.1,0.0
no_coordination,1155,default,94,6,6,55.5,3,2,42.84615384615385,28.0,50,8,0,0,E1,6,15,0.1,0.0
claim,1155,default,83,6,6,45.333333333333336,0,2,37.69230769230769,28.0,0,16,6,6,E1,6,15,0.1,0.0
mas,1155,default,83,6,6,45.333333333333336,0,2,37.69230769230769,28.0,0,16,12,18,E1,6,15,0.1,0.0
mas_iterative,1155,default,83,6,6,45.333333333333336,0,2,37.69230769230769,28.0,0,16,12,18,E1,6,15,0.1,0.0
hungarian,1155,default,83,6,6,45.333333333333336,0,2,37.69230769230769,28.0,0,16,18,56,E1,6,15,0.1,0.0
no_coordination,1156,default,129,6,6,60.666666666666664,5,2,47.46666666666667,20.0,76,9,0,0,E1,6,15,0.1,0.0
claim,1156,default,93,6,6,51.333333333333336,1,2,42.4,20.0,21,25,7,7,E1,6,15,0.1,0.0
mas,1156,default,93,6,6,45.666666666666664,0,2,38.86666666666667,20.0,0,44,14,21,E1,6,15,0.1,0.0
mas_iterative,1156,default,93,6,6,45.333333333333336,0,2,38.53333333333333,20.0,0,44,16,24,E1,6,15,0.1,0.0
hungarian,1156,default,93,6,6,45.333333333333336,0,2,38.53333333333333,20.0,0,44,20,59,E1,6,15,0.1,0.0
no_coordination,1157,default,99,6,6,65.33333333333333,3,2,54.375,38.0,63,7,0,0,E1,6,15,0.1,0.0
claim,1157,default,100,6,6,61.833333333333336,1,2,53.0625,38.0,31,28,7,7,E1,6,15,0.1,0.0
mas,1157,default,88,6,6,53.166666666666664,0,2,42.625,23.5,0,18,14,21,E1,6,15,0.1,0.0
mas_iterative,1157,default,87,6,6,52.666666666666664,0,2,42.125,23.0,0,16,14,21,E1,6,15,0.1,0.0
hungarian,1157,default,87,6,6,52.666666666666664,0,2,42.125,23.0,0,16,18,56,E1,6,15,0.1,0.0
no_coordination,1158,default,115,6,6,53.333333333333336,4,2,48.57142857142857,20.0,94,8,0,0,E1,6,15,0.1,0.0
claim,1158,default,115,6,6,53.333333333333336,4,2,48.57142857142857,20.0,94,8,10,10,E1,6,15,0.1,0.0
mas,1158,default,78,6,6,41.666666666666664,0,2,38.57142857142857,20.0,0,24,14,21,E1,6,15,0.1,0.0
mas_iterative,1158,default,77,6,6,41.333333333333336,0,2,38.285714285714285,20.0,0,22,14,21,E1,6,15,0.1,0.0
hungarian,1158,default,77,6,6,41.333333333333336,0,2,38.285714285714285,20.0,0,22,18,58,E1,6,15,0.1,0.0
no_coordination,1159,default,107,6,6,67.83333333333333,5,2,62.05263157894737,32.0,88,9,0,0,E1,6,15,0.1,0.0
claim,1159,default,100,6,6,66.66666666666667,3,2,61.31578947368421,32.0,65,16,9,9,E1,6,15,0.1,0.0
mas,1159,default,73,6,6,44.833333333333336,0,2,42.526315789473685,32.0,0,14,14,21,E1,6,15,0.1,0.0
mas_iterative,1159,default,73,6,6,44.333333333333336,0,2,42.10526315789474,32.0,0,14,16,24,E1,6,15,0.1,0.0
hungarian,1159,default,73,6,6,44.333333333333336,0,2,42.10526315789474,32.0,0,14,18,58,E1,6,15,0.1,0.0
no_coordination,1160,default,155,6,6,73.66666666666667,4,2,54.76923076923077,nan,132,9,0,0,E1,6,15,0.1,0.0
claim,1160,default,99,6,6,52.666666666666664,0,2,42.61538461538461,nan,0,30,6,6,E1,6,15,0.1,0.0
mas,1160,default,99,6,6,52.666666666666664,0,2,42.61538461538461,nan,0,30,12,18,E1,6,15,0.1,0.0
mas_iterative,1160,default,99,6,6,52.666666666666664,0,2,42.61538461538461,nan,0,30,12,18,E1,6,15,0.1,0.0
hungarian,1160,default,99,6,6,52.666666666666664,0,2,42.61538461538461,nan,0,30,18,56,E1,6,15,0.1,0.0
no_coordination,1161,default,107,6,6,74.0,5,2,66.88888888888889,41.0,89,9,0,0,E1,6,15,0.1,0.0
claim,1161,default,107,6,6,74.0,4,2,66.88888888888889,41.0,87,10,10,10,E1,6,15,0.1,0.0
mas,1161,default,74,6,6,45.166666666666664,0,2,40.94444444444444,26.5,0,22,14,21,E1,6,15,0.1,0.0
mas_iterative,1161,default,73,6,6,44.666666666666664,0,2,40.44444444444444,26.0,0,20,14,21,E1,6,15,0.1,0.0
hungarian,1161,default,73,6,6,44.666666666666664,0,2,40.44444444444444,26.0,0,20,18,56,E1,6,15,0.1,0.0
no_coordination,1162,default,127,6,6,58.0,4,2,46.22222222222222,20.0,106,8,0,0,E1,6,15,0.1,0.0
claim,1162,default,127,6,6,58.0,4,2,46.22222222222222,20.0,106,8,10,10,E1,6,15,0.1,0.0
mas,1162,default,82,6,6,44.666666666666664,0,2,37.888888888888886,20.0,0,20,14,21,E1,6,15,0.1,0.0
mas_iterative,1162,default,81,6,6,44.333333333333336,0,2,37.666666666666664,20.0,0,18,14,21,E1,6,15,0.1,0.0
hungarian,1162,default,81,6,6,44.333333333333336,0,2,37.666666666666664,20.0,0,18,18,58,E1,6,15,0.1,0.0
no_coordination,1163,default,123,6,6,55.666666666666664,5,2,52.2,21.0,102,9,0,0,E1,6,15,0.1,0.0
claim,1163,default,83,6,6,43.0,0,2,40.8,21.0,0,26,6,6,E1,6,15,0.1,0.0
mas,1163,default,83,6,6,43.0,0,2,40.8,21.0,0,26,12,18,E1,6,15,0.1,0.0
mas_iterative,1163,default,83,6,6,43.0,0,2,40.8,21.0,0,26,12,18,E1,6,15,0.1,0.0
hungarian,1163,default,83,6,6,43.0,0,2,40.8,21.0,0,26,18,56,E1,6,15,0.1,0.0
no_coordination,1164,default,115,6,6,55.0,4,2,39.0,20.0,94,8,0,0,E1,6,15,0.1,0.0
claim,1164,default,115,6,6,55.0,4,2,39.0,20.0,94,8,10,10,E1,6,15,0.1,0.0
mas,1164,default,78,6,6,42.333333333333336,0,2,32.5,20.0,0,26,14,21,E1,6,15,0.1,0.0
mas_iterative,1164,default,77,6,6,42.0,0,2,32.285714285714285,20.0,0,24,14,21,E1,6,15,0.1,0.0
hungarian,1164,default,77,6,6,42.0,0,2,32.285714285714285,20.0,0,24,18,58,E1,6,15,0.1,0.0
no_coordination,1165,default,83,6,6,57.666666666666664,4,2,49.285714285714285,34.0,60,8,0,0,E1,6,15,0.1,0.0
claim,1165,default,83,6,6,54.333333333333336,1,2,47.42857142857143,34.0,35,23,7,7,E1,6,15,0.1,0.0
mas,1165,default,63,6,6,36.5,0,2,30.642857142857142,24.0,0,22,14,21,E1,6,15,0.1,0.0
mas_iterative,1165,default,63,6,6,36.0,0,2,30.142857142857142,24.0,0,22,14,21,E1,6,15,0.1,0.0
hungarian,1165,default,63,6,6,36.0,0,2,30.142857142857142,24.0,0,22,18,56,E1,6,15,0.1,0.0
no_coordination,1166,default,107,6,6,55.333333333333336,2,2,42.0,26.0,46,6,0,0,E1,6,15,0.1,0.0
claim,1166,default,93,6,6,51.0,0,2,39.76470588235294,26.0,0,20,6,6,E1,6,15,0.1,0.0
mas,1166,default,93,6,6,51.0,0,2,39.76470588235294,26.0,0,20,12,18,E1,6,15,0.1,0.0
mas_iterative,1166,default,93,6,6,51.0,0,2,39.76470588235294,26.0,0,20,12,18,E1,6,15,0.1,0.0
hungarian,1166,default,93,6,6,51.0,0,2,39.76470588235294,26.0,0,20,18,56,E1,6,15,0.1,0.0
no_coordination,1167,default,66,6,6,41.0,3,2,35.0,nan,29,7,0,0,E1,6,15,0.1,0.0
claim,1167,default,66,6,6,41.0,2,2,35.0,nan,29,10,8,8,E1,6,15,0.1,0.0
mas,1167,default,62,6,6,35.666666666666664,0,2,31.90909090909091,nan,0,17,14,21,E1,6,15,0.1,0.0
mas_iterative,1167,default,62,6,6,35.5,0,2,31.727272727272727,nan,0,17,14,21,E1,6,15,0.1,0.0
hungarian,1167,default,62,6,6,35.5,0,2,31.727272727272727,nan,0,17,18,58,E1,6,15,0.1,0.0
no_coordination,1168,default,98,6,6,59.166666666666664,3,2,52.0,24.0,50,8,0,0,E1,6,15,0.1,0.0
claim,1168,default,85,6,6,48.666666666666664,0,2,43.6,24.0,0,18,6,6,E1,6,15,0.1,0.0
mas,1168,default,85,6,6,48.666666666666664,0,2,43.6,24.0,0,18,12,18,E1,6,15,0.1,0.0
mas_iterative,1168,default,85,6,6,48.666666666666664,0,2,43.6,24.0,0,18,12,18,E1,6,15,0.1,0.0
hungarian,1168,default,85,6,6,48.666666666666664,0,2,43.6,24.0,0,18,18,56,E1,6,15,0.1,0.0
no_coordination,1169,default,121,6,6,56.666666666666664,4,2,53.0,20.0,100,8,0,0,E1,6,15,0.1,0.0
claim,1169,default,121,6,6,56.666666666666664,4,2,53.0,20.0,100,8,10,10,E1,6,15,0.1,0.0
mas,1169,default,78,6,6,43.333333333333336,0,2,41.0,20.0,0,18,14,21,E1,6,15,0.1,0.0
mas_iterative,1169,default,77,6,6,43.0,0,2,40.7,20.0,0,16,14,21,E1,6,15,0.1,0.0
hungarian,1169,default,77,6,6,43.0,0,2,40.7,20.0,0,16,18,58,E1,6,15,0.1,0.0
no_coordination,1170,default,105,6,6,52.333333333333336,4,2,44.266666666666666,nan,47,8,0,0,E1,6,15,0.1,0.0
claim,1170,default,79,6,6,44.0,0,2,38.4,nan,0,22,6,6,E1,6,15,0.1,0.0
mas,1170,default,79,6,6,44.0,0,2,38.4,nan,0,22,12,18,E1,6,15,0.1,0.0
mas_iterative,1170,default,79,6,6,44.0,0,2,38.4,nan,0,22,12,18,E1,6,15,0.1,0.0
hungarian,1170,default,79,6,6,44.0,0,2,38.4,nan,0,22,18,56,E1,6,15,0.1,0.0
no_coordination,1171,default,109,6,6,51.333333333333336,4,2,43.44444444444444,23.0,59,8,0,0,E1,6,15,0.1,0.0
claim,1171,default,79,6,6,41.0,0,2,36.44444444444444,23.0,0,30,6,6,E1,6,15,0.1,0.0
mas,1171,default,79,6,6,41.0,0,2,36.44444444444444,23.0,0,30,12,18,E1,6,15,0.1,0.0
mas_iterative,1171,default,79,6,6,41.0,0,2,36.44444444444444,23.0,0,30,12,18,E1,6,15,0.1,0.0
hungarian,1171,default,79,6,6,41.0,0,2,36.44444444444444,23.0,0,30,18,56,E1,6,15,0.1,0.0
no_coordination,1172,default,85,6,6,41.0,4,2,38.63636363636363,28.0,60,8,0,0,E1,6,15,0.1,0.0
claim,1172,default,67,6,6,35.0,0,2,33.63636363636363,27.5,0,30,6,6,E1,6,15,0.1,0.0
mas,1172,default,67,6,6,35.0,0,2,33.63636363636363,27.5,0,30,12,18,E1,6,15,0.1,0.0
mas_iterative,1172,default,67,6,6,35.0,0,2,33.63636363636363,27.5,0,30,12,18,E1,6,15,0.1,0.0
hungarian,1172,default,67,6,6,35.0,0,2,33.63636363636363,27.5,0,30,18,56,E1,6,15,0.1,0.0
no_coordination,1173,default,89,6,6,49.333333333333336,5,2,39.2,21.0,68,9,0,0,E1,6,15,0.1,0.0
claim,1173,default,59,6,6,37.666666666666664,0,2,32.266666666666666,21.0,0,10,6,6,E1,6,15,0.1,0.0
mas,1173,default,59,6,6,37.666666666666664,0,2,32.266666666666666,21.0,0,10,12,18,E1,6,15,0.1,0.0
mas_iterative,1173,default,59,6,6,37.666666666666664,0,2,32.266666666666666,21.0,0,10,12,18,E1,6,15,0.1,0.0
hungarian,1173,default,59,6,6,37.666666666666664,0,2,32.266666666666666,21.0,0,10,18,56,E1,6,15,0.1,0.0
no_coordination,1174,default,109,6,6,47.333333333333336,5,2,36.266666666666666,21.0,88,9,0,0,E1,6,15,0.1,0.0
claim,1174,default,67,6,6,37.0,0,2,30.8,21.0,0,12,6,6,E1,6,15,0.1,0.0
mas,1174,default,67,6,6,37.0,0,2,30.8,21.0,0,12,12,18,E1,6,15,0.1,0.0
mas_iterative,1174,default,67,6,6,37.0,0,2,30.8,21.0,0,12,12,18,E1,6,15,0.1,0.0
hungarian,1174,default,67,6,6,37.0,0,2,30.8,21.0,0,12,18,56,E1,6,15,0.1,0.0
no_coordination,1175,default,92,6,6,44.5,4,2,39.7,28.0,51,8,0,0,E1,6,15,0.1,0.0
claim,1175,default,60,6,6,35.833333333333336,0,2,33.4,27.333333333333332,0,10,6,6,E1,6,15,0.1,0.0
mas,1175,default,60,6,6,35.833333333333336,0,2,33.4,27.333333333333332,0,10,12,18,E1,6,15,0.1,0.0
mas_iterative,1175,default,60,6,6,35.833333333333336,0,2,33.4,27.333333333333332,0,10,12,18,E1,6,15,0.1,0.0
hungarian,1175,default,60,6,6,35.833333333333336,0,2,33.4,27.333333333333332,0,10,18,56,E1,6,15,0.1,0.0
no_coordination,1176,default,55,6,6,34.166666666666664,3,2,31.88235294117647,23.0,36,7,0,0,E1,6,15,0.1,0.0
claim,1176,default,55,6,6,34.166666666666664,2,2,31.88235294117647,23.0,24,18,8,8,E1,6,15,0.1,0.0
mas,1176,default,62,6,6,33.666666666666664,0,2,31.176470588235293,23.0,0,29,16,24,E1,6,15,0.1,0.0
mas_iterative,1176,default,61,6,6,33.0,0,2,30.529411764705884,22.0,0,27,14,21,E1,6,15,0.1,0.0
hungarian,1176,default,61,6,6,33.0,0,2,30.529411764705884,22.0,0,27,18,56,E1,6,15,0.1,0.0
no_coordination,1177,default,75,6,6,44.5,3,2,35.0,nan,39,7,0,0,E1,6,15,0.1,0.0
claim,1177,default,75,6,6,44.5,2,2,35.0,nan,36,9,8,8,E1,6,15,0.1,0.0
mas,1177,default,65,6,6,37.5,0,2,31.384615384615383,nan,0,18,14,21,E1,6,15,0.1,0.0
mas_iterative,1177,default,65,6,6,37.333333333333336,0,2,31.23076923076923,nan,0,18,14,21,E1,6,15,0.1,0.0
hungarian,1177,default,65,6,6,37.333333333333336,0,2,31.23076923076923,nan,0,18,18,58,E1,6,15,0.1,0.0
no_coordination,1178,default,104,6,6,60.833333333333336,4,2,52.53333333333333,20.0,63,8,0,0,E1,6,15,0.1,0.0
claim,1178,default,92,6,6,59.0,2,2,50.93333333333333,20.0,43,7,8,8,E1,6,15,0.1,0.0
mas,1178,default,72,6,6,40.5,0,2,34.86666666666667,20.0,0,16,14,21,E1,6,15,0.1,0.0
mas_iterative,1178,default,71,6,6,40.0,0,2,34.4,20.0,0,14,16,24,E1,6,15,0.1,0.0
hungarian,1178,default,71,6,6,40.0,0,2,34.4,20.0,0,14,18,58,E1,6,15,0.1,0.0
no_coordination,1179,default,77,6,6,40.666666666666664,4,2,38.42857142857143,nan,56,8,0,0,E1,6,15,0.1,0.0
claim,1179,default,77,6,6,40.666666666666664,4,2,38.42857142857143,nan,56,8,10,10,E1,6,15,0.1,0.0
mas,1179,default,54,6,6,33.333333333333336,0,2,32.142857142857146,nan,0,14,14,21,E1,6,15,0.1,0.0
mas_iterative,1179,default,53,6,6,33.0,0,2,31.857142857142858,nan,0,12,14,21,E1,6,15,0.1,0.0
hungarian,1179,default,53,6,6,33.0,0,2,31.857142857142858,nan,0,12,18,58,E1,6,15,0.1,0.0
no_coordination,1180,default,90,6,6,48.833333333333336,3,2,41.888888888888886,20.0,40,7,0,0,E1,6,15,0.1,0.0
claim,1180,default,90,6,6,48.833333333333336,2,2,41.888888888888886,20.0,40,19,8,8,E1,6,15,0.1,0.0
mas,1180,default,85,6,6,41.166666666666664,0,2,36.27777777777778,20.0,0,38,14,21,E1,6,15,0.1,0.0
mas_iterative,1180,default,85,6,6,41.0,0,2,36.111111111111114,20.0,0,38,14,21,E1,6,15,0.1,0.0
hungarian,1180,default,85,6,6,41.0,0,2,36.111111111111114,20.0,0,38,18,58,E1,6,15,0.1,0.0
no_coordination,1181,default,113,6,6,55.0,4,2,48.31578947368421,20.0,92,8,0,0,E1,6,15,0.1,0.0
claim,1181,default,113,6,6,55.0,4,2,48.31578947368421,20.0,92,8,10,10,E1,6,15,0.1,0.0
mas,1181,default,72,6,6,42.0,0,2,38.1578947368421,20.0,0,14,14,21,E1,6,15,0.1,0.0
mas_iterative,1181,default,71,6,6,41.666666666666664,0,2,37.89473684210526,20.0,0,12,14,21,E1,6,15,0.1,0.0
hungarian,1181,default,71,6,6,41.666666666666664,0,2,37.89473684210526,20.0,0,12,18,58,E1,6,15,0.1,0.0
no_coordination,1182,default,107,6,6,52.666666666666664,3,2,42.0,24.0,87,7,0,0,E1,6,15,0.1,0.0
claim,1182,default,107,6,6,52.666666666666664,3,2,42.0,24.0,87,7,9,9,E1,6,15,0.1,0.0
mas,1182,default,77,6,6,38.833333333333336,0,2,31.916666666666668,22.0,0,30,14,21,E1,6,15,0.1,0.0
mas_iterative,1182,default,77,6,6,38.333333333333336,0,2,31.5,22.0,0,30,14,21,E1,6,15,0.1,0.0
hungarian,1182,default,77,6,6,38.333333333333336,0,2,31.5,22.0,0,30,18,56,E1,6,15,0.1,0.0
no_coordination,1183,default,109,6,6,67.33333333333333,4,2,51.07692307692308,20.0,89,8,0,0,E1,6,15,0.1,0.0
claim,1183,default,109,6,6,67.33333333333333,4,2,51.07692307692308,20.0,89,8,10,10,E1,6,15,0.1,0.0
mas,1183,default,71,6,6,39.0,0,2,32.15384615384615,20.0,0,23,14,21,E1,6,15,0.1,0.0
mas_iterative,1183,default,70,6,6,38.5,0,2,31.76923076923077,20.0,0,21,14,21,E1,6,15,0.1,0.0
hungarian,1183,default,70,6,6,38.5,0,2,31.76923076923077,20.0,0,21,18,56,E1,6,15,0.1,0.0
no_coordination,1184,default,113,6,6,66.0,6,2,52.36363636363637,28.0,113,10,0,0,E1,6,15,0.1,0.0
claim,1184,default,113,6,6,66.0,6,2,52.36363636363637,28.0,113,10,12,12,E1,6,15,0.1,0.0
mas,1184,default,65,6,6,38.0,0,2,31.454545454545453,20.0,0,20,14,21,E1,6,15,0.1,0.0
mas_iterative,1184,default,65,6,6,37.666666666666664,0,2,31.09090909090909,20.0,0,20,16,24,E1,6,15,0.1,0.0
hungarian,1184,default,65,6,6,37.666666666666664,0,2,31.818181818181817,28.0,0,20,18,58,E1,6,15,0.1,0.0
no_coordination,1185,default,71,6,6,41.5,4,2,37.6,nan,58,8,0,0,E1,6,15,0.1,0.0
claim,1185,default,60,6,6,37.833333333333336,1,2,35.4,nan,21,20,7,7,E1,6,15,0.1,0.0
mas,1185,default,56,6,6,33.833333333333336,0,2,31.3,nan,0,22,14,21,E1,6,15,0.1,0.0
mas_iterative,1185,default,57,6,6,33.666666666666664,0,2,31.0,nan,0,22,14,21,E1,6,15,0.1,0.0
hungarian,1185,default,57,6,6,33.666666666666664,0,2,31.0,nan,0,22,18,56,E1,6,15,0.1,0.0
no_coordination,1186,default,89,6,6,61.166666666666664,3,2,50.9,30.0,70,7,0,0,E1,6,15,0.1,0.0
claim,1186,default,89,6,6,61.166666666666664,2,2,50.9,30.0,53,23,8,8,E1,6,15,0.1,0.0
mas,1186,default,60,6,6,33.833333333333336,0,2,28.4,20.0,0,18,14,21,E1,6,15,0.1,0.0
mas_iterative,1186,default,59,6,6,33.333333333333336,0,2,28.0,20.0,0,16,16,24,E1,6,15,0.1,0.0
hungarian,1186,default,59,6,6,33.333333333333336,0,2,28.0,20.0,0,16,18,58,E1,6,15,0.1,0.0
no_coordination,1187,default,95,6,6,54.333333333333336,3,2,46.76923076923077,nan,56,7,0,0,E1,6,15,0.1,0.0
claim,1187,default,95,6,6,54.333333333333336,2,2,46.76923076923077,nan,46,16,8,8,E1,6,15,0.1,0.0
mas,1187,default,74,6,6,45.0,0,2,39.0,nan,0,8,14,21,E1,6,15,0.1,0.0
mas_iterative,1187,default,73,6,6,44.666666666666664,0,2,38.76923076923077,nan,0,6,14,21,E1,6,15,0.1,0.0
hungarian,1187,default,73,6,6,44.666666666666664,0,2,38.76923076923077,nan,0,6,18,58,E1,6,15,0.1,0.0
no_coordination,1188,default,93,6,6,49.666666666666664,5,2,40.0,nan,70,9,0,0,E1,6,15,0.1,0.0
claim,1188,default,67,6,6,39.333333333333336,0,2,34.0,nan,0,22,6,6,E1,6,15,0.1,0.0
mas,1188,default,67,6,6,39.333333333333336,0,2,34.0,nan,0,22,12,18,E1,6,15,0.1,0.0
mas_iterative,1188,default,67,6,6,39.333333333333336,0,2,34.0,nan,0,22,12,18,E1,6,15,0.1,0.0
hungarian,1188,default,67,6,6,39.333333333333336,0,2,34.0,nan,0,22,18,56,E1,6,15,0.1,0.0
no_coordination,1189,default,129,6,6,68.0,6,2,55.733333333333334,26.0,129,10,0,0,E1,6,15,0.1,0.0
claim,1189,default,129,6,6,68.0,6,2,55.733333333333334,26.0,129,10,12,12,E1,6,15,0.1,0.0
mas,1189,default,73,6,6,41.0,0,2,36.733333333333334,24.0,0,32,14,21,E1,6,15,0.1,0.0
mas_iterative,1189,default,73,6,6,40.666666666666664,0,2,36.4,24.0,0,32,16,24,E1,6,15,0.1,0.0
hungarian,1189,default,73,6,6,40.666666666666664,0,2,36.4,24.0,0,32,18,58,E1,6,15,0.1,0.0
no_coordination,1190,default,90,6,6,57.666666666666664,6,2,50.294117647058826,35.0,90,10,0,0,E1,6,15,0.1,0.0
claim,1190,default,90,6,6,57.666666666666664,6,2,50.294117647058826,35.0,90,10,12,12,E1,6,15,0.1,0.0
mas,1190,default,44,6,6,29.166666666666668,0,2,26.88235294117647,20.5,0,7,14,21,E1,6,15,0.1,0.0
mas_iterative,1190,default,43,6,6,28.833333333333332,0,2,26.470588235294116,20.0,0,5,16,24,E1,6,15,0.1,0.0
hungarian,1190,default,43,6,6,28.833333333333332,0,2,26.470588235294116,20.0,0,5,18,58,E1,6,15,0.1,0.0
no_coordination,1191,default,123,6,6,57.333333333333336,4,2,41.666666666666664,nan,65,8,0,0,E1,6,15,0.1,0.0
claim,1191,default,81,6,6,45.333333333333336,0,2,35.666666666666664,nan,0,16,6,6,E1,6,15,0.1,0.0
mas,1191,default,81,6,6,45.333333333333336,0,2,35.666666666666664,nan,0,16,12,18,E1,6,15,0.1,0.0
mas_iterative,1191,default,81,6,6,45.333333333333336,0,2,35.666666666666664,nan,0,16,12,18,E1,6,15,0.1,0.0
hungarian,1191,default,81,6,6,45.333333333333336,0,2,35.666666666666664,nan,0,16,18,56,E1,6,15,0.1,0.0
no_coordination,1192,default,131,6,6,73.0,6,2,59.333333333333336,20.0,131,10,0,0,E1,6,15,0.1,0.0
claim,1192,default,131,6,6,73.0,6,2,59.333333333333336,20.0,131,10,12,12,E1,6,15,0.1,0.0
mas,1192,default,66,6,6,40.166666666666664,0,2,34.733333333333334,20.0,0,8,14,21,E1,6,15,0.1,0.0
mas_iterative,1192,default,65,6,6,39.666666666666664,0,2,34.266666666666666,20.0,0,6,16,24,E1,6,15,0.1,0.0
hungarian,1192,default,65,6,6,39.666666666666664,0,2,34.266666666666666,20.0,0,6,18,58,E1,6,15,0.1,0.0
no_coordination,1193,default,123,6,6,68.0,5,2,53.64705882352941,21.0,91,9,0,0,E1,6,15,0.1,0.0
claim,1193,default,79,6,6,47.666666666666664,0,2,40.8235294117647,21.0,0,18,6,6,E1,6,15,0.1,0.0
mas,1193,default,79,6,6,47.666666666666664,0,2,40.8235294117647,21.0,0,18,12,18,E1,6,15,0.1,0.0
mas_iterative,1193,default,79,6,6,47.666666666666664,0,2,40.8235294117647,21.0,0,18,12,18,E1,6,15,0.1,0.0
hungarian,1193,default,79,6,6,47.666666666666664,0,2,40.8235294117647,21.0,0,18,18,56,E1,6,15,0.1,0.0
no_coordination,1194,default,83,6,6,44.166666666666664,4,2,40.6875,nan,42,8,0,0,E1,6,15,0.1,0.0
claim,1194,default,58,6,6,35.5,0,2,33.5,nan,0,15,6,6,E1,6,15,0.1,0.0
mas,1194,default,58,6,6,35.5,0,2,33.5,nan,0,15,12,18,E1,6,15,0.1,0.0
mas_iterative,1194,default,58,6,6,35.5,0,2,33.5,nan,0,15,12,18,E1,6,15,0.1,0.0
hungarian,1194,default,58,6,6,35.5,0,2,33.5,nan,0,15,18,56,E1,6,15,0.1,0.0
no_coordination,1195,default,104,6,6,65.33333333333333,4,2,53.06666666666667,28.0,73,8,0,0,E1,6,15,0.1,0.0
claim,1195,default,102,6,6,58.166666666666664,1,2,49.0,28.0,29,36,7,7,E1,6,15,0.1,0.0
mas,1195,default,84,6,6,42.5,0,2,34.333333333333336,20.0,0,36,14,21,E1,6,15,0.1,0.0
mas_iterative,1195,default,83,6,6,42.0,0,2,33.86666666666667,20.0,0,34,16,24,E1,6,15,0.1,0.0
hungarian,1195,default,83,6,6,42.0,0,2,33.86666666666667,20.0,0,34,18,58,E1,6,15,0.1,0.0
no_coordination,1196,default,125,6,6,68.0,4,2,47.38461538461539,24.0,50,8,0,0,E1,6,15,0.1,0.0
claim,1196,default,89,6,6,54.666666666666664,0,2,40.46153846153846,24.0,0,6,6,6,E1,6,15,0.1,0.0
mas,1196,default,89,6,6,54.666666666666664,0,2,40.46153846153846,24.0,0,6,12,18,E1,6,15,0.1,0.0
mas_iterative,1196,default,89,6,6,54.666666666666664,0,2,40.46153846153846,24.0,0,6,12,18,E1,6,15,0.1,0.0
hungarian,1196,default,89,6,6,54.666666666666664,0,2,40.46153846153846,24.0,0,6,18,56,E1,6,15,0.1,0.0
no_coordination,1197,default,115,6,6,72.66666666666667,5,2,62.4,36.0,92,9,0,0,E1,6,15,0.1,0.0
claim,1197,default,85,6,6,62.666666666666664,1,2,56.666666666666664,36.0,37,9,7,7,E1,6,15,0.1,0.0
mas,1197,default,64,6,6,44.0,0,2,38.2,21.0,0,5,14,21,E1,6,15,0.1,0.0
mas_iterative,1197,default,64,6,6,43.5,0,2,37.8,21.0,0,5,14,21,E1,6,15,0.1,0.0
hungarian,1197,default,64,6,6,43.5,0,2,37.8,21.0,0,5,18,56,E1,6,15,0.1,0.0
no_coordination,1198,default,93,6,6,48.0,3,2,45.411764705882355,nan,79,7,0,0,E1,6,15,0.1,0.0
claim,1198,default,93,6,6,48.0,3,2,45.411764705882355,nan,79,7,9,9,E1,6,15,0.1,0.0
mas,1198,default,66,6,6,34.833333333333336,0,2,33.05882352941177,nan,0,26,14,21,E1,6,15,0.1,0.0
mas_iterative,1198,default,65,6,6,34.333333333333336,0,2,32.588235294117645,nan,0,24,14,21,E1,6,15,0.1,0.0
hungarian,1198,default,65,6,6,34.333333333333336,0,2,32.588235294117645,nan,0,24,18,56,E1,6,15,0.1,0.0
no_coordination,1199,default,73,6,6,43.5,2,2,38.588235294117645,20.0,35,7,0,0,E1,6,15,0.1,0.0
claim,1199,default,73,6,6,43.5,2,2,38.588235294117645,20.0,34,7,8,8,E1,6,15,0.1,0.0
mas,1199,default,69,6,6,38.166666666666664,0,2,34.64705882352941,20.0,0,22,14,21,E1,6,15,0.1,0.0
mas_iterative,1199,default,69,6,6,38.0,0,2,34.470588235294116,20.0,0,22,14,21,E1,6,15,0.1,0.0
hungarian,1199,default,69,6,6,38.0,0,2,34.470588235294116,20.0,0,22,18,58,E1,6,15,0.1,0.0
no_coordination,1200,default,101,6,6,48.666666666666664,6,2,41.578947368421055,26.666666666666668,101,10,0,0,E1,6,15,0.1,0.0
claim,1200,default,101,6,6,48.666666666666664,6,2,41.578947368421055,26.666666666666668,101,10,12,12,E1,6,15,0.1,0.0
mas,1200,default,76,6,6,37.166666666666664,0,2,32.473684210526315,22.333333333333332,0,36,14,21,E1,6,15,0.1,0.0
mas_iterative,1200,default,75,6,6,36.666666666666664,0,2,32.0,22.0,0,34,14,21,E1,6,15,0.1,0.0
hungarian,1200,default,75,6,6,36.666666666666664,0,2,32.0,22.0,0,34,18,56,E1,6,15,0.1,0.0
no_coordination,1201,default,101,6,6,61.0,5,2,52.266666666666666,20.0,80,9,0,0,E1,6,15,0.1,0.0
claim,1201,default,77,6,6,53.0,2,2,47.46666666666667,20.0,41,10,8,8,E1,6,15,0.1,0.0
mas,1201,default,55,6,6,38.5,0,2,34.46666666666667,20.0,0,8,14,21,E1,6,15,0.1,0.0
mas_iterative,1201,default,55,6,6,38.0,0,2,34.0,20.0,0,8,14,21,E1,6,15,0.1,0.0
hungarian,1201,default,55,6,6,38.0,0,2,34.0,20.0,0,8,18,56,E1,6,15,0.1,0.0
no_coordination,1202,default,133,6,6,61.333333333333336,4,2,57.1764705882353,nan,110,12,0,0,E1,6,15,0.1,0.0
claim,1202,default,133,6,6,61.333333333333336,4,2,57.1764705882353,nan,110,12,10,10,E1,6,15,0.1,0.0
mas,1202,default,84,6,6,46.333333333333336,0,2,44.1764705882353,nan,0,16,14,21,E1,6,15,0.1,0.0
mas_iterative,1202,default,83,6,6,46.0,0,2,43.88235294117647,nan,0,14,14,21,E1,6,15,0.1,0.0
hungarian,1202,default,83,6,6,46.0,0,2,43.88235294117647,nan,0,14,18,58,E1,6,15,0.1,0.0
no_coordination,1203,default,105,6,6,58.666666666666664,4,2,50.0,38.0,82,8,0,0,E1,6,15,0.1,0.0
claim,1203,default,63,6,6,43.0,0,2,39.2,33.5,0,4,6,6,E1,6,15,0.1,0.0
mas,1203,default,63,6,6,43.0,0,2,39.2,33.5,0,4,12,18,E1,6,15,0.1,0.0
mas_iterative,1203,default,63,6,6,43.0,0,2,39.2,33.5,0,4,12,18,E1,6,15,0.1,0.0
hungarian,1203,default,63,6,6,43.0,0,2,39.2,33.5,0,4,18,56,E1,6,15,0.1,0.0
no_coordination,1204,default,97,6,6,57.833333333333336,4,2,49.5625,26.0,80,8,0,0,E1,6,15,0.1,0.0
claim,1204,default,75,6,6,51.666666666666664,1,2,46.3125,26.0,27,12,7,7,E1,6,15,0.1,0.0
mas,1204,default,61,6,6,37.833333333333336,0,2,33.4375,20.0,0,12,14,21,E1,6,15,0.1,0.0
mas_iterative,1204,default,61,6,6,37.333333333333336,0,2,33.0,20.0,0,12,18,27,E1,6,15,0.1,0.0
hungarian,1204,default,61,6,6,37.333333333333336,0,2,33.0,20.0,0,12,18,60,E1,6,15,0.1,0.0
no_coordination,1205,default,84,6,6,51.333333333333336,4,2,44.875,25.5,43,8,0,0,E1,6,15,0.1,0.0
claim,1205,default,86,6,6,50.833333333333336,2,2,44.5,25.5,28,19,8,8,E1,6,15,0.1,0.0
mas,1205,default,84,6,6,49.833333333333336,0,2,42.75,21.5,0,12,14,21,E1,6,15,0.1,0.0
mas_iterative,1205,default,83,6,6,49.333333333333336,0,2,42.25,21.0,0,10,14,21,E1,6,15,0.1,0.0
hungarian,1205,default,83,6,6,49.333333333333336,0,2,42.25,21.0,0,10,18,56,E1,6,15,0.1,0.0
no_coordination,1206,default,93,6,6,48.666666666666664,5,2,39.333333333333336,22.0,72,9,0,0,E1,6,15,0.1,0.0
claim,1206,default,57,6,6,37.333333333333336,0,2,32.53333333333333,22.0,0,4,6,6,E1,6,15,0.1,0.0
mas,1206,default,57,6,6,37.333333333333336,0,2,32.53333333333333,22.0,0,4,12,18,E1,6,15,0.1,0.0
mas_iterative,1206,default,57,6,6,37.333333333333336,0,2,32.53333333333333,22.0,0,4,12,18,E1,6,15,0.1,0.0
hungarian,1206,default,57,6,6,37.333333333333336,0,2,32.53333333333333,22.0,0,4,18,56,E1,6,15,0.1,0.0
no_coordination,1207,default,91,6,6,46.666666666666664,4,2,42.72727272727273,nan,70,8,0,0,E1,6,15,0.1,0.0
claim,1207,default,91,6,6,46.666666666666664,4,2,42.72727272727273,nan,70,8,10,10,E1,6,15,0.1,0.0
mas,1207,default,58,6,6,36.666666666666664,0,2,34.81818181818182,nan,0,8,14,21,E1,6,15,0.1,0.0
mas_iterative,1207,default,57,6,6,36.333333333333336,0,2,34.54545454545455,nan,0,6,14,21,E1,6,15,0.1,0.0
hungarian,1207,default,57,6,6,36.333333333333336,0,2,34.54545454545455,nan,0,6,18,58,E1,6,15,0.1,0.0
no_coordination,1208,default,97,6,6,54.0,5,2,46.05882352941177,33.5,54,9,0,0,E1,6,15,0.1,0.0
claim,1208,default,83,6,6,51.166666666666664,2,2,44.88235294117647,33.5,36,27,8,8,E1,6,15,0.1,0.0
mas,1208,default,74,6,6,39.166666666666664,0,2,32.705882352941174,21.5,0,32,14,21,E1,6,15,0.1,0.0
mas_iterative,1208,default,73,6,6,38.666666666666664,0,2,32.23529411764706,21.0,0,30,14,21,E1,6,15,0.1,0.0
hungarian,1208,default,73,6,6,38.666666666666664,0,2,32.23529411764706,21.0,0,30,18,56,E1,6,15,0.1,0.0
no_coordination,1209,default,79,6,6,42.0,3,2,36.705882352941174,20.0,27,7,0,0,E1,6,15,0.1,0.0
claim,1209,default,73,6,6,41.0,1,2,36.0,20.0,20,27,7,7,E1,6,15,0.1,0.0
mas,1209,default,66,6,6,34.5,0,2,31.41176470588235,20.0,0,30,14,21,E1,6,15,0.1,0.0
mas_iterative,1209,default,65,6,6,34.0,0,2,31.058823529411764,20.0,0,28,14,21,E1,6,15,0.1,0.0
hungarian,1209,default,65,6,6,34.0,0,2,31.058823529411764,20.0,0,28,18,58,E1,6,15,0.1,0.0
no_coordination,1210,default,81,6,6,49.333333333333336,3,2,37.06666666666667,20.0,44,7,0,0,E1,6,15,0.1,0.0
claim,1210,default,81,6,6,49.333333333333336,2,2,37.06666666666667,20.0,44,12,8,8,E1,6,15,0.1,0.0
mas,1210,default,76,6,6,41.333333333333336,0,2,32.733333333333334,20.0,0,32,14,21,E1,6,15,0.1,0.0
mas_iterative,1210,default,75,6,6,41.0,0,2,32.53333333333333,20.0,0,30,14,21,E1,6,15,0.1,0.0
hungarian,1210,default,75,6,6,41.0,0,2,32.53333333333333,20.0,0,30,18,58,E1,6,15,0.1,0.0
no_coordination,1211,default,98,6,6,53.666666666666664,5,2,43.642857142857146,26.0,57,9,0,0,E1,6,15,0.1,0.0
claim,1211,default,81,6,6,48.333333333333336,1,2,41.142857142857146,26.0,27,30,7,7,E1,6,15,0.1,0.0
mas,1211,default,67,6,6,37.166666666666664,0,2,30.714285714285715,20.0,0,24,14,21,E1,6,15,0.1,0.0
mas_iterative,1211,default,67,6,6,36.666666666666664,0,2,30.285714285714285,20.0,0,24,16,24,E1,6,15,0.1,0.0
hungarian,1211,default,67,6,6,36.666666666666664,0,2,30.285714285714285,20.0,0,24,18,58,E1,6,15,0.1,0.0
no_coordination,1212,default,97,6,6,51.0,4,2,38.0,20.0,76,8,0,0,E1,6,15,0.1,0.0
claim,1212,default,97,6,6,51.0,4,2,38.0,20.0,76,8,10,10,E1,6,15,0.1,0.0
mas,1212,default,64,6,6,39.0,0,2,31.928571428571427,20.0,0,16,14,21,E1,6,15,0.1,0.0
mas_iterative,1212,default,63,6,6,38.666666666666664,0,2,31.714285714285715,20.0,0,14,14,21,E1,6,15,0.1,0.0
hungarian,1212,default,63,6,6,38.666666666666664,0,2,31.714285714285715,20.0,0,14,18,58,E1,6,15,0.1,0.0
no_coordination,1213,default,107,6,6,61.333333333333336,4,2,55.23809523809524,40.5,86,8,0,0,E1,6,15,0.1,0.0
claim,1213,default,107,6,6,61.333333333333336,4,2,55.23809523809524,40.5,86,8,10,10,E1,6,15,0.1,0.0
mas,1213,default,84,6,6,45.333333333333336,0,2,42.904761904761905,34.25,0,36,14,21,E1,6,15,0.1,0.0
mas_iterative,1213,default,83,6,6,45.0,0,2,42.57142857142857,34.0,0,34,14,21,E1,6,15,0.1,0.0
hungarian,1213,default,83,6,6,45.0,0,2,42.57142857142857,34.0,0,34,18,58,E1,6,15,0.1,0.0
no_coordination,1214,default,99,6,6,45.666666666666664,4,2,43.391304347826086,35.2,78,8,0,0,E1,6,15,0.1,0.0
claim,1214,default,99,6,6,45.666666666666664,4,2,43.391304347826086,35.2,78,8,10,10,E1,6,15,0.1,0.0
mas,1214,default,68,6,6,37.0,0,2,35.69565217391305,31.0,0,20,14,21,E1,6,15,0.1,0.0
mas_iterative,1214,default,67,6,6,36.666666666666664,0,2,35.391304347826086,30.8,0,18,14,21,E1,6,15,0.1,0.0
hungarian,1214,default,67,6,6,36.666666666666664,0,2,35.391304347826086,30.8,0,18,18,58,E1,6,15,0.1,0.0
no_coordination,1215,default,104,6,6,54.666666666666664,3,2,45.642857142857146,nan,46,7,0,0,E1,6,15,0.1,0.0
claim,1215,default,85,6,6,51.5,1,2,44.285714285714285,nan,26,10,7,7,E1,6,15,0.1,0.0
mas,1215,default,74,6,6,43.666666666666664,0,2,38.57142857142857,nan,0,8,14,21,E1,6,15,0.1,0.0
mas_iterative,1215,default,73,6,6,43.333333333333336,0,2,38.285714285714285,nan,0,6,14,21,E1,6,15,0.1,0.0
hungarian,1215,default,73,6,6,43.333333333333336,0,2,38.285714285714285,nan,0,6,18,58,E1,6,15,0.1,0.0
no_coordination,1216,default,118,6,6,69.66666666666667,5,2,57.214285714285715,22.0,93,9,0,0,E1,6,15,0.1,0.0
claim,1216,default,98,6,6,65.5,3,2,55.42857142857143,22.0,67,12,9,9,E1,6,15,0.1,0.0
mas,1216,default,64,6,6,39.5,0,2,34.857142857142854,20.0,0,20,14,21,E1,6,15,0.1,0.0
mas_iterative,1216,default,63,6,6,39.0,0,2,34.42857142857143,20.0,0,18,18,27,E1,6,15,0.1,0.0
hungarian,1216,default,67,6,6,40.0,0,2,35.42857142857143,22.0,0,8,18,56,E1,6,15,0.1,0.0
no_coordination,1217,default,71,6,6,42.5,4,2,36.72727272727273,nan,56,8,0,0,E1,6,15,0.1,0.0
claim,1217,default,59,6,6,39.0,1,2,34.81818181818182,nan,21,16,7,7,E1,6,15,0.1,0.0
mas,1217,default,54,6,6,35.5,0,2,31.545454545454547,nan,0,12,14,21,E1,6,15,0.1,0.0
mas_iterative,1217,default,53,6,6,35.0,0,2,31.09090909090909,nan,0,10,16,24,E1,6,15,0.1,0.0
hungarian,1217,default,53,6,6,35.0,0,2,31.09090909090909,nan,0,10,18,58,E1,6,15,0.1,0.0
no_coordination,1218,default,97,6,6,52.0,3,2,45.375,24.0,79,7,0,0,E1,6,15,0.1,0.0
claim,1218,default,97,6,6,52.0,3,2,45.375,24.0,79,7,9,9,E1,6,15,0.1,0.0
mas,1218,default,62,6,6,37.166666666666664,0,2,34.4375,24.0,0,12,14,21,E1,6,15,0.1,0.0
mas_iterative,1218,default,61,6,6,36.666666666666664,0,2,33.875,24.0,0,10,14,21,E1,6,15,0.1,0.0
hungarian,1218,default,61,6,6,36.666666666666664,0,2,33.875,24.0,0,10,18,56,E1,6,15,0.1,0.0
no_coordination,1219,default,100,6,6,45.333333333333336,4,2,41.714285714285715,nan,79,8,0,0,E1,6,15,0.1,0.0
claim,1219,default,100,6,6,45.333333333333336,4,2,41.714285714285715,nan,79,8,10,10,E1,6,15,0.1,0.0
mas,1219,default,72,6,6,37.0,0,2,34.57142857142857,nan,0,29,14,21,E1,6,15,0.1,0.0
mas_iterative,1219,default,71,6,6,36.666666666666664,0,2,34.285714285714285,nan,0,27,14,21,E1,6,15,0.1,0.0
hungarian,1219,default,71,6,6,36.666666666666664,0,2,34.285714285714285,nan,0,27,18,58,E1,6,15,0.1,0.0
no_coordination,1220,default,89,6,6,52.5,3,2,45.333333333333336,20.0,53,7,0,0,E1,6,15,0.1,0.0
claim,1220,default,89,6,6,52.5,2,2,45.333333333333336,20.0,46,13,8,8,E1,6,15,0.1,0.0
mas,1220,default,72,6,6,43.333333333333336,0,2,38.166666666666664,20.0,0,14,14,21,E1,6,15,0.1,0.0
mas_iterative,1220,default,71,6,6,43.0,0,2,37.888888888888886,20.0,0,12,14,21,E1,6,15,0.1,0.0
hungarian,1220,default,71,6,6,43.0,0,2,37.888888888888886,20.0,0,12,18,58,E1,6,15,0.1,0.0
no_coordination,1221,default,117,6,6,70.0,5,2,60.0,32.0,86,9,0,0,E1,6,15,0.1,0.0
claim,1221,default,93,6,6,64.66666666666667,2,2,57.57142857142857,32.0,53,12,8,8,E1,6,15,0.1,0.0
mas,1221,default,63,6,6,36.5,0,2,32.57142857142857,20.0,0,22,14,21,E1,6,15,0.1,0.0
mas_iterative,1221,default,63,6,6,36.0,0,2,32.142857142857146,20.0,0,22,16,24,E1,6,15,0.1,0.0
hungarian,1221,default,63,6,6,36.0,0,2,32.142857142857146,20.0,0,22,18,58,E1,6,15,0.1,0.0
no_coordination,1222,default,127,6,6,61.0,5,2,47.333333333333336,26.0,72,9,0,0,E1,6,15,0.1,0.0
claim,1222,default,91,6,6,54.333333333333336,2,2,44.4,26.0,31,12,8,8,E1,6,15,0.1,0.0
mas,1222,default,87,6,6,48.5,0,2,38.8,21.5,0,16,14,21,E1,6,15,0.1,0.0
mas_iterative,1222,default,87,6,6,48.0,0,2,38.266666666666666,21.0,0,16,14,21,E1,6,15,0.1,0.0
hungarian,1222,default,87,6,6,48.0,0,2,38.266666666666666,21.0,0,16,18,56,E1,6,15,0.1,0.0
no_coordination,1223,default,94,6,6,57.666666666666664,5,2,48.333333333333336,24.0,51,9,0,0,E1,6,15,0.1,0.0
claim,1223,default,91,6,6,57.166666666666664,3,2,48.13333333333333,24.0,47,20,9,9,E1,6,15,0.1,0.0
mas,1223,default,68,6,6,41.166666666666664,0,2,34.4,20.0,0,12,14,21,E1,6,15,0.1,0.0
mas_iterative,1223,default,67,6,6,40.666666666666664,0,2,34.0,20.0,0,10,16,24,E1,6,15,0.1,0.0
hungarian,1223,default,67,6,6,40.666666666666664,0,2,34.0,20.0,0,10,18,58,E1,6,15,0.1,0.0
no_coordination,1224,default,92,6,6,55.333333333333336,4,2,49.529411764705884,20.0,69,8,0,0,E1,6,15,0.1,0.0
claim,1224,default,90,6,6,48.833333333333336,1,2,44.529411764705884,20.0,21,32,7,7,E1,6,15,0.1,0.0
mas,1224,default,81,6,6,40.0,0,2,36.23529411764706,20.0,0,40,14,21,E1,6,15,0.1,0.0
mas_iterative,1224,default,81,6,6,39.666666666666664,0,2,35.88235294117647,20.0,0,40,18,27,E1,6,15,0.1,0.0
hungarian,1224,default,81,6,6,39.666666666666664,0,2,35.88235294117647,20.0,0,40,20,61,E1,6,15,0.1,0.0
no_coordination,1225,default,82,6,6,40.666666666666664,3,2,35.083333333333336,nan,32,7,0,0,E1,6,15,0.1,0.0
claim,1225,default,61,6,6,37.166666666666664,1,2,33.333333333333336,nan,10,8,7,7,E1,6,15,0.1,0.0
mas,1225,default,58,6,6,34.666666666666664,0,2,32.083333333333336,nan,0,8,14,21,E1,6,15,0.1,0.0
mas_iterative,1225,default,57,6,6,34.333333333333336,0,2,31.833333333333332,nan,0,6,14,21,E1,6,15,0.1,0.0
hungarian,1225,default,57,6,6,34.333333333333336,0,2,31.833333333333332,nan,0,6,18,58,E1,6,15,0.1,0.0
no_coordination,1226,default,62,6,6,31.333333333333332,4,2,30.736842105263158,20.0,41,8,0,0,E1,6,15,0.1,0.0
claim,1226,default,62,6,6,31.333333333333332,4,2,30.736842105263158,20.0,41,8,10,10,E1,6,15,0.1,0.0
mas,1226,default,50,6,6,28.333333333333332,0,2,27.894736842105264,20.0,0,21,14,21,E1,6,15,0.1,0.0
mas_iterative,1226,default,49,6,6,28.0,0,2,27.57894736842105,20.0,0,19,14,21,E1,6,15,0.1,0.0
hungarian,1226,default,49,6,6,28.0,0,2,27.57894736842105,20.0,0,19,18,58,E1,6,15,0.1,0.0
no_coordination,1227,default,117,6,6,71.0,5,2,52.0,25.0,101,9,0,0,E1,6,15,0.1,0.0
claim,1227,default,117,6,6,71.0,4,2,52.0,25.0,93,16,10,10,E1,6,15,0.1,0.0
mas,1227,default,84,6,6,51.5,0,2,39.357142857142854,22.5,0,14,14,21,E1,6,15,0.1,0.0
mas_iterative,1227,default,83,6,6,51.0,0,2,38.857142857142854,22.0,0,12,14,21,E1,6,15,0.1,0.0
hungarian,1227,default,83,6,6,51.0,0,2,38.857142857142854,22.0,0,12,18,56,E1,6,15,0.1,0.0
no_coordination,1228,default,99,6,6,57.666666666666664,6,2,52.31578947368421,27.0,99,10,0,0,E1,6,15,0.1,0.0
claim,1228,default,99,6,6,57.666666666666664,6,2,52.31578947368421,27.0,99,10,12,12,E1,6,15,0.1,0.0
mas,1228,default,50,6,6,33.166666666666664,0,2,31.94736842105263,27.0,0,10,14,21,E1,6,15,0.1,0.0
mas_iterative,1228,default,49,6,6,32.666666666666664,0,2,31.473684210526315,27.0,0,8,16,24,E1,6,15,0.1,0.0
hungarian,1228,default,49,6,6,32.666666666666664,0,2,31.473684210526315,27.0,0,8,18,58,E1,6,15,0.1,0.0
no_coordination,1229,default,115,6,6,63.5,5,2,54.18181818181818,nan,98,9,0,0,E1,6,15,0.1,0.0
claim,1229,default,91,6,6,54.666666666666664,1,2,48.90909090909091,nan,27,28,7,7,E1,6,15,0.1,0.0
mas,1229,default,84,6,6,43.833333333333336,0,2,37.72727272727273,nan,0,40,14,21,E1,6,15,0.1,0.0
mas_iterative,1229,default,83,6,6,43.333333333333336,0,2,37.27272727272727,nan,0,38,14,21,E1,6,15,0.1,0.0
hungarian,1229,default,83,6,6,43.333333333333336,0,2,37.27272727272727,nan,0,38,18,56,E1,6,15,0.1,0.0
no_coordination,1230,default,107,6,6,50.666666666666664,4,2,38.0,nan,86,8,0,0,E1,6,15,0.1,0.0
claim,1230,default,107,6,6,50.666666666666664,4,2,38.0,nan,86,8,10,10,E1,6,15,0.1,0.0
mas,1230,default,68,6,6,39.333333333333336,0,2,31.818181818181817,nan,0,14,14,21,E1,6,15,0.1,0.0
mas_iterative,1230,default,67,6,6,39.0,0,2,31.636363636363637,nan,0,12,14,21,E1,6,15,0.1,0.0
hungarian,1230,default,67,6,6,39.0,0,2,31.636363636363637,nan,0,12,18,58,E1,6,15,0.1,0.0
no_coordination,1231,default,71,6,6,41.333333333333336,3,2,36.44444444444444,nan,23,7,0,0,E1,6,15,0.1,0.0
claim,1231,default,69,6,6,41.0,1,2,36.22222222222222,nan,20,23,7,7,E1,6,15,0.1,0.0
mas,1231,default,61,6,6,35.333333333333336,0,2,32.44444444444444,nan,0,22,14,21,E1,6,15,0.1,0.0
mas_iterative,1231,default,61,6,6,35.0,0,2,32.22222222222222,nan,0,22,14,21,E1,6,15,0.1,0.0
hungarian,1231,default,61,6,6,35.0,0,2,32.22222222222222,nan,0,22,18,58,E1,6,15,0.1,0.0
no_coordination,1232,default,84,6,6,43.833333333333336,3,2,35.875,20.0,60,7,0,0,E1,6,15,0.1,0.0
claim,1232,default,84,6,6,43.833333333333336,3,2,35.875,20.0,60,7,9,9,E1,6,15,0.1,0.0
mas,1232,default,60,6,6,36.333333333333336,0,2,31.75,20.0,0,16,14,21,E1,6,15,0.1,0.0
mas_iterative,1232,default,60,6,6,36.166666666666664,0,2,31.625,20.0,0,16,14,21,E1,6,15,0.1,0.0
hungarian,1232,default,60,6,6,36.166666666666664,0,2,31.625,20.0,0,16,18,58,E1,6,15,0.1,0.0
no_coordination,1233,default,107,6,6,49.333333333333336,4,2,38.92307692307692,nan,53,8,0,0,E1,6,15,0.1,0.0
claim,1233,default,71,6,6,39.666666666666664,0,2,33.23076923076923,nan,0,14,6,6,E1,6,15,0.1,0.0
mas,1233,default,71,6,6,39.666666666666664,0,2,33.23076923076923,nan,0,14,12,18,E1,6,15,0.1,0.0
mas_iterative,1233,default,71,6,6,39.666666666666664,0,2,33.23076923076923,nan,0,14,12,18,E1,6,15,0.1,0.0
hungarian,1233,default,71,6,6,39.666666666666664,0,2,33.23076923076923,nan,0,14,18,56,E1,6,15,0.1,0.0
no_coordination,1234,default,95,6,6,61.333333333333336,4,2,51.285714285714285,36.0,56,8,0,0,E1,6,15,0.1,0.0
claim,1234,default,93,6,6,61.0,2,2,51.142857142857146,36.0,53,28,8,8,E1,6,15,0.1,0.0
mas,1234,default,62,6,6,40.333333333333336,0,2,35.285714285714285,26.5,0,6,14,21,E1,6,15,0.1,0.0
mas_iterative,1234,default,61,6,6,40.0,0,2,34.857142857142854,26.0,0,4,16,24,E1,6,15,0.1,0.0
hungarian,1234,default,61,6,6,39.0,0,2,34.0,25.0,0,6,18,56,E1,6,15,0.1,0.0
no_coordination,1235,default,95,6,6,66.0,4,2,52.42857142857143,33.0,73,8,0,0,E1,6,15,0.1,0.0
claim,1235,default,95,6,6,66.0,3,2,52.42857142857143,33.0,71,9,9,9,E1,6,15,0.1,0.0
mas,1235,default,81,6,6,42.5,0,2,36.214285714285715,33.0,0,34,14,21,E1,6,15,0.1,0.0
mas_iterative,1235,default,81,6,6,42.0,0,2,35.857142857142854,33.0,0,34,14,21,E1,6,15,0.1,0.0
hungarian,1235,default,81,6,6,42.0,0,2,35.857142857142854,33.0,0,34,18,56,E1,6,15,0.1,0.0
no_coordination,1236,default,121,6,6,62.333333333333336,6,2,53.411764705882355,28.0,121,10,0,0,E1,6,15,0.1,0.0
claim,1236,default,121,6,6,62.333333333333336,6,2,53.411764705882355,28.0,121,10,12,12,E1,6,15,0.1,0.0
mas,1236,default,68,6,6,38.833333333333336,0,2,34.11764705882353,20.5,0,14,14,21,E1,6,15,0.1,0.0
mas_iterative,1236,default,67,6,6,38.333333333333336,0,2,33.64705882352941,20.0,0,12,16,24,E1,6,15,0.1,0.0
hungarian,1236,default,67,6,6,38.333333333333336,0,2,33.64705882352941,20.0,0,12,18,58,E1,6,15,0.1,0.0
no_coordination,1237,default,90,6,6,52.5,3,2,45.111111111111114,20.0,44,7,0,0,E1,6,15,0.1,0.0
claim,1237,default,90,6,6,52.5,2,2,45.111111111111114,20.0,44,11,8,8,E1,6,15,0.1,0.0
mas,1237,default,78,6,6,43.333333333333336,0,2,38.05555555555556,20.0,0,24,14,21,E1,6,15,0.1,0.0
mas_iterative,1237,default,77,6,6,43.0,0,2,37.77777777777778,20.0,0,22,14,21,E1,6,15,0.1,0.0
hungarian,1237,default,77,6,6,43.0,0,2,37.77777777777778,20.0,0,22,18,58,E1,6,15,0.1,0.0
no_coordination,1238,default,85,6,6,51.0,5,2,41.142857142857146,24.0,66,9,0,0,E1,6,15,0.1,0.0
claim,1238,default,63,6,6,42.666666666666664,1,2,36.857142857142854,24.0,25,15,7,7,E1,6,15,0.1,0.0
mas,1238,default,53,6,6,34.0,0,2,29.214285714285715,20.0,0,14,14,21,E1,6,15,0.1,0.0
mas_iterative,1238,default,53,6,6,33.666666666666664,0,2,28.857142857142858,20.0,0,14,14,21,E1,6,15,0.1,0.0
hungarian,1238,default,53,6,6,33.666666666666664,0,2,28.857142857142858,20.0,0,14,18,56,E1,6,15,0.1,0.0
no_coordination,1239,default,90,6,6,59.666666666666664,4,2,58.1,44.0,71,8,0,0,E1,6,15,0.1,0.0
claim,1239,default,85,6,6,56.0,3,2,54.8,44.0,65,7,9,9,E1,6,15,0.1,0.0
mas,1239,default,62,6,6,37.5,0,2,36.25,25.0,0,23,16,24,E1,6,15,0.1,0.0
mas_iterative,1239,default,61,6,6,36.833333333333336,0,2,35.6,24.5,0,21,14,21,E1,6,15,0.1,0.0
hungarian,1239,default,61,6,6,36.833333333333336,0,2,35.6,24.5,0,21,18,56,E1,6,15,0.1,0.0
no_coordination,1240,default,101,6,6,43.666666666666664,4,2,38.11764705882353,26.0,43,8,0,0,E1,6,15,0.1,0.0
claim,1240,default,95,6,6,41.0,2,2,36.0,26.0,68,6,8,8,E1,6,15,0.1,0.0
mas,1240,default,64,6,6,35.833333333333336,0,2,32.35294117647059,26.0,0,10,14,21,E1,6,15,0.1,0.0
mas_iterative,1240,default,65,6,6,36.0,0,2,32.470588235294116,26.0,0,10,14,21,E1,6,15,0.1,0.0
hungarian,1240,default,65,6,6,36.0,0,2,32.470588235294116,26.0,0,10,18,58,E1,6,15,0.1,0.0
no_coordination,1241,default,80,6,6,49.0,5,2,41.7,nan,57,9,0,0,E1,6,15,0.1,0.0
claim,1241,default,59,6,6,42.666666666666664,1,2,37.9,nan,25,8,7,7,E1,6,15,0.1,0.0
mas,1241,default,49,6,6,34.833333333333336,0,2,31.3,nan,0,6,14,21,E1,6,15,0.1,0.0
mas_iterative,1241,default,49,6,6,34.333333333333336,0,2,30.8,nan,0,6,14,21,E1,6,15,0.1,0.0
hungarian,1241,default,49,6,6,33.333333333333336,0,2,29.8,nan,0,8,18,56,E1,6,15,0.1,0.0
no_coordination,1242,default,110,6,6,58.666666666666664,3,2,46.44444444444444,22.0,63,8,0,0,E1,6,15,0.1,0.0
claim,1242,default,109,6,6,58.333333333333336,1,2,46.22222222222222,22.0,23,40,7,7,E1,6,15,0.1,0.0
mas,1242,default,87,6,6,47.5,0,2,39.0,22.0,0,20,14,21,E1,6,15,0.1,0.0
mas_iterative,1242,default,87,6,6,47.0,0,2,38.666666666666664,22.0,0,20,14,21,E1,6,15,0.1,0.0
hungarian,1242,default,87,6,6,47.0,0,2,38.666666666666664,22.0,0,20,18,56,E1,6,15,0.1,0.0
no_coordination,1243,default,113,6,6,60.0,4,2,50.0,32.0,81,8,0,0,E1,6,15,0.1,0.0
claim,1243,default,78,6,6,52.166666666666664,1,2,46.375,32.0,33,6,7,7,E1,6,15,0.1,0.0
mas,1243,default,57,6,6,35.0,0,2,30.1875,21.0,0,6,16,24,E1,6,15,0.1,0.0
mas_iterative,1243,default,56,6,6,34.166666666666664,0,2,29.4375,21.0,0,4,14,21,E1,6,15,0.1,0.0
hungarian,1243,default,56,6,6,34.166666666666664,0,2,29.4375,21.0,0,4,18,56,E1,6,15,0.1,0.0
no_coordination,1244,default,113,6,6,60.0,2,2,43.0,20.0,72,6,0,0,E1,6,15,0.1,0.0
claim,1244,default,113,6,6,60.0,2,2,43.0,20.0,72,6,8,8,E1,6,15,0.1,0.0
mas,1244,default,95,6,6,51.0,0,2,38.5,20.0,0,24,14,21,E1,6,15,0.1,0.0
mas_iterative,1244,default,95,6,6,50.666666666666664,0,2,38.333333333333336,20.0,0,24,14,21,E1,6,15,0.1,0.0
hungarian,1244,default,95,6,6,50.666666666666664,0,2,38.333333333333336,20.0,0,24,18,58,E1,6,15,0.1,0.0
no_coordination,1245,default,79,6,6,46.666666666666664,4,2,39.86666666666667,24.0,51,8,0,0,E1,6,15,0.1,0.0
claim,1245,default,63,6,6,37.333333333333336,0,2,33.333333333333336,24.0,0,22,6,6,E1,6,15,0.1,0.0
mas,1245,default,63,6,6,37.333333333333336,0,2,33.333333333333336,24.0,0,22,12,18,E1,6,15,0.1,0.0
mas_iterative,1245,default,63,6,6,37.333333333333336,0,2,33.333333333333336,24.0,0,22,12,18,E1,6,15,0.1,0.0
hungarian,1245,default,63,6,6,37.333333333333336,0,2,33.333333333333336,24.0,0,22,18,56,E1,6,15,0.1,0.0
no_coordination,1246,default,71,6,6,49.166666666666664,3,2,44.9375,26.0,44,7,0,0,E1,6,15,0.1,0.0
claim,1246,default,78,6,6,46.0,1,2,42.5625,26.0,27,28,7,7,E1,6,15,0.1,0.0
mas,1246,default,66,6,6,35.166666666666664,0,2,32.3125,22.0,0,30,14,21,E1,6,15,0.1,0.0
mas_iterative,1246,default,65,6,6,34.666666666666664,0,2,31.875,22.0,0,28,16,24,E1,6,15,0.1,0.0
hungarian,1246,default,65,6,6,34.666666666666664,0,2,31.875,22.0,0,28,18,58,E1,6,15,0.1,0.0
no_coordination,1247,default,78,6,6,44.833333333333336,3,2,42.8,nan,32,7,0,0,E1,6,15,0.1,0.0
claim,1247,default,67,6,6,37.666666666666664,0,2,36.666666666666664,nan,0,22,6,6,E1,6,15,0.1,0.0
mas,1247,default,67,6,6,37.666666666666664,0,2,36.666666666666664,nan,0,22,12,18,E1,6,15,0.1,0.0
mas_iterative,1247,default,67,6,6,37.666666666666664,0,2,36.666666666666664,nan,0,22,12,18,E1,6,15,0.1,0.0
hungarian,1247,default,67,6,6,37.666666666666664,0,2,36.666666666666664,nan,0,22,18,56,E1,6,15,0.1,0.0
no_coordination,1248,default,82,6,6,55.5,3,2,42.642857142857146,26.0,55,8,0,0,E1,6,15,0.1,0.0
claim,1248,default,82,6,6,55.5,3,2,42.642857142857146,26.0,55,8,9,9,E1,6,15,0.1,0.0
mas,1248,default,73,6,6,39.166666666666664,0,2,31.571428571428573,20.5,0,30,14,21,E1,6,15,0.1,0.0
mas_iterative,1248,default,73,6,6,38.666666666666664,0,2,31.142857142857142,20.0,0,30,16,24,E1,6,15,0.1,0.0
hungarian,1248,default,73,6,6,38.666666666666664,0,2,31.142857142857142,20.0,0,30,18,58,E1,6,15,0.1,0.0
no_coordination,1249,default,84,6,6,45.0,2,2,41.166666666666664,20.0,8,7,0,0,E1,6,15,0.1,0.0
claim,1249,default,83,6,6,44.833333333333336,1,2,41.05555555555556,20.0,6,26,7,7,E1,6,15,0.1,0.0
mas,1249,default,78,6,6,43.666666666666664,0,2,40.166666666666664,20.0,0,18,14,21,E1,6,15,0.1,0.0
mas_iterative,1249,default,77,6,6,43.333333333333336,0,2,39.888888888888886,20.0,0,16,14,21,E1,6,15,0.1,0.0
hungarian,1249,default,77,6,6,43.333333333333336,0,2,39.888888888888886,20.0,0,16,18,58,E1,6,15,0.1,0.0
no_coordination,1250,default,121,6,6,59.0,4,2,47.42857142857143,nan,100,8,0,0,E1,6,15,0.1,0.0
claim,1250,default,121,6,6,59.0,4,2,47.42857142857143,nan,100,8,10,10,E1,6,15,0.1,0.0
mas,1250,default,75,6,6,43.666666666666664,0,2,38.07142857142857,nan,0,12,14,21,E1,6,15,0.1,0.0
mas_iterative,1250,default,75,6,6,43.333333333333336,0,2,37.857142857142854,nan,0,12,14,21,E1,6,15,0.1,0.0
hungarian,1250,default,75,6,6,43.333333333333336,0,2,37.857142857142854,nan,0,12,18,58,E1,6,15,0.1,0.0
no_coordination,1251,default,65,6,6,39.5,3,2,34.54545454545455,nan,42,7,0,0,E1,6,15,0.1,0.0
claim,1251,default,62,6,6,39.0,1,2,34.27272727272727,nan,21,20,7,7,E1,6,15,0.1,0.0
mas,1251,default,74,6,6,35.5,0,2,33.45454545454545,nan,0,36,14,21,E1,6,15,0.1,0.0
mas_iterative,1251,default,73,6,6,35.0,0,2,32.90909090909091,nan,0,34,16,24,E1,6,15,0.1,0.0
hungarian,1251,default,73,6,6,35.0,0,2,32.90909090909091,nan,0,34,18,58,E1,6,15,0.1,0.0
no_coordination,1252,default,85,6,6,46.333333333333336,4,2,38.625,20.0,64,8,0,0,E1,6,15,0.1,0.0
claim,1252,default,85,6,6,46.333333333333336,4,2,38.625,20.0,64,8,10,10,E1,6,15,0.1,0.0
mas,1252,default,55,6,6,34.5,0,2,30.9375,20.0,0,14,14,21,E1,6,15,0.1,0.0
mas_iterative,1252,default,55,6,6,34.333333333333336,0,2,30.75,20.0,0,14,14,21,E1,6,15,0.1,0.0
hungarian,1252,default,55,6,6,34.333333333333336,0,2,30.75,20.0,0,14,18,58,E1,6,15,0.1,0.0
no_coordination,1253,default,101,6,6,47.333333333333336,4,2,45.142857142857146,32.0,80,8,0,0,E1,6,15,0.1,0.0
claim,1253,default,101,6,6,47.333333333333336,4,2,45.142857142857146,32.0,80,8,10,10,E1,6,15,0.1,0.0
mas,1253,default,66,6,6,37.333333333333336,0,2,36.04761904761905,28.333333333333332,0,16,14,21,E1,6,15,0.1,0.0
mas_iterative,1253,default,65,6,6,37.0,0,2,35.714285714285715,28.0,0,14,16,24,E1,6,15,0.1,0.0
hungarian,1253,default,65,6,6,37.0,0,2,35.714285714285715,28.0,0,14,18,60,E1,6,15,0.1,0.0
no_coordination,1254,default,101,6,6,52.666666666666664,3,2,45.09090909090909,nan,66,7,0,0,E1,6,15,0.1,0.0
claim,1254,default,79,6,6,46.333333333333336,0,2,39.63636363636363,nan,0,20,6,6,E1,6,15,0.1,0.0
mas,1254,default,79,6,6,46.333333333333336,0,2,39.63636363636363,nan,0,20,12,18,E1,6,15,0.1,0.0
mas_iterative,1254,default,79,6,6,46.333333333333336,0,2,39.63636363636363,nan,0,20,12,18,E1,6,15,0.1,0.0
hungarian,1254,default,79,6,6,46.333333333333336,0,2,39.63636363636363,nan,0,20,18,56,E1,6,15,0.1,0.0
no_coordination,1255,default,110,6,6,61.833333333333336,5,2,51.88235294117647,37.0,85,9,0,0,E1,6,15,0.1,0.0
claim,1255,default,80,6,6,54.666666666666664,2,2,48.588235294117645,37.0,41,11,8,8,E1,6,15,0.1,0.0
mas,1255,default,56,6,6,34.5,0,2,29.294117647058822,20.5,0,6,14,21,E1,6,15,0.1,0.0
mas_iterative,1255,default,55,6,6,34.0,0,2,28.823529411764707,20.0,0,4,16,24,E1,6,15,0.1,0.0
hungarian,1255,default,55,6,6,34.0,0,2,28.823529411764707,20.0,0,4,18,58,E1,6,15,0.1,0.0
no_coordination,1256,default,83,6,6,42.666666666666664,4,2,38.6,28.666666666666668,62,8,0,0,E1,6,15,0.1,0.0
claim,1256,default,83,6,6,42.666666666666664,4,2,38.6,28.666666666666668,62,8,10,10,E1,6,15,0.1,0.0
mas,1256,default,59,6,6,33.666666666666664,0,2,32.0,26.333333333333332,0,18,14,21,E1,6,15,0.1,0.0
mas_iterative,1256,default,59,6,6,33.333333333333336,0,2,31.7,26.0,0,18,14,21,E1,6,15,0.1,0.0
hungarian,1256,default,59,6,6,33.333333333333336,0,2,31.7,26.0,0,18,18,58,E1,6,15,0.1,0.0
no_coordination,1257,default,104,6,6,63.833333333333336,5,2,55.166666666666664,nan,71,9,0,0,E1,6,15,0.1,0.0
claim,1257,default,88,6,6,60.666666666666664,2,2,53.583333333333336,nan,51,17,8,8,E1,6,15,0.1,0.0
mas,1257,default,71,6,6,41.333333333333336,0,2,35.833333333333336,nan,0,26,14,21,E1,6,15,0.1,0.0
mas_iterative,1257,default,71,6,6,41.0,0,2,35.5,nan,0,26,14,21,E1,6,15,0.1,0.0
hungarian,1257,default,69,6,6,39.333333333333336,0,2,33.833333333333336,nan,0,26,18,56,E1,6,15,0.1,0.0
no_coordination,1258,default,113,6,6,53.333333333333336,4,2,45.666666666666664,nan,92,8,0,0,E1,6,15,0.1,0.0
claim,1258,default,113,6,6,53.333333333333336,4,2,45.666666666666664,nan,92,8,10,10,E1,6,15,0.1,0.0
mas,1258,default,78,6,6,41.666666666666664,0,2,36.916666666666664,nan,0,26,14,21,E1,6,15,0.1,0.0
mas_iterative,1258,default,77,6,6,41.333333333333336,0,2,36.666666666666664,nan,0,24,14,21,E1,6,15,0.1,0.0
hungarian,1258,default,77,6,6,41.333333333333336,0,2,36.666666666666664,nan,0,24,18,58,E1,6,15,0.1,0.0
no_coordination,1259,default,79,6,6,46.166666666666664,3,2,42.15,30.0,13,7,0,0,E1,6,15,0.1,0.0
claim,1259,default,71,6,6,44.666666666666664,0,2,41.2,30.0,0,14,6,6,E1,6,15,0.1,0.0
mas,1259,default,71,6,6,44.666666666666664,0,2,41.2,30.0,0,14,12,18,E1,6,15,0.1,0.0
mas_iterative,1259,default,71,6,6,44.666666666666664,0,2,41.2,30.0,0,14,12,18,E1,6,15,0.1,0.0
hungarian,1259,default,71,6,6,44.666666666666664,0,2,41.2,30.0,0,14,18,56,E1,6,15,0.1,0.0
no_coordination,1260,default,87,6,6,53.666666666666664,2,2,50.10526315789474,36.0,42,6,0,0,E1,6,15,0.1,0.0
claim,1260,default,87,6,6,53.666666666666664,1,2,50.10526315789474,36.0,32,15,7,7,E1,6,15,0.1,0.0
mas,1260,default,93,6,6,46.0,0,2,44.473684210526315,36.0,0,42,14,21,E1,6,15,0.1,0.0
mas_iterative,1260,default,93,6,6,45.666666666666664,0,2,44.21052631578947,36.0,0,42,14,21,E1,6,15,0.1,0.0
hungarian,1260,default,93,6,6,45.666666666666664,0,2,44.21052631578947,36.0,0,42,18,58,E1,6,15,0.1,0.0
no_coordination,1261,default,69,6,6,35.5,2,2,30.2,21.0,29,7,0,0,E1,6,15,0.1,0.0
claim,1261,default,71,6,6,34.333333333333336,0,2,29.866666666666667,21.0,0,33,6,6,E1,6,15,0.1,0.0
mas,1261,default,71,6,6,34.333333333333336,0,2,29.866666666666667,21.0,0,33,12,18,E1,6,15,0.1,0.0
mas_iterative,1261,default,71,6,6,34.333333333333336,0,2,29.866666666666667,21.0,0,33,12,18,E1,6,15,0.1,0.0
hungarian,1261,default,71,6,6,34.333333333333336,0,2,29.866666666666667,21.0,0,33,18,56,E1,6,15,0.1,0.0
no_coordination,1262,default,131,6,6,69.33333333333333,5,2,55.6,28.0,106,9,0,0,E1,6,15,0.1,0.0
claim,1262,default,87,6,6,55.666666666666664,1,2,47.6,28.0,29,11,7,7,E1,6,15,0.1,0.0
mas,1262,default,68,6,6,42.5,0,2,38.333333333333336,28.0,0,8,14,21,E1,6,15,0.1,0.0
mas_iterative,1262,default,67,6,6,42.0,0,2,37.86666666666667,28.0,0,6,16,24,E1,6,15,0.1,0.0
hungarian,1262,default,67,6,6,42.0,0,2,37.86666666666667,28.0,0,6,18,58,E1,6,15,0.1,0.0
no_coordination,1263,default,85,6,6,52.166666666666664,2,2,45.9,36.5,49,7,0,0,E1,6,15,0.1,0.0
claim,1263,default,85,6,6,52.166666666666664,2,2,45.9,36.5,48,7,8,8,E1,6,15,0.1,0.0
mas,1263,default,70,6,6,42.0,0,2,38.1,32.25,0,20,14,21,E1,6,15,0.1,0.0
mas_iterative,1263,default,69,6,6,41.666666666666664,0,2,37.8,32.0,0,18,14,21,E1,6,15,0.1,0.0
hungarian,1263,default,69,6,6,41.666666666666664,0,2,37.8,32.0,0,18,18,58,E1,6,15,0.1,0.0
no_coordination,1264,default,90,6,6,54.833333333333336,3,2,41.785714285714285,20.0,52,7,0,0,E1,6,15,0.1,0.0
claim,1264,default,90,6,6,54.833333333333336,2,2,41.785714285714285,20.0,52,9,8,8,E1,6,15,0.1,0.0
mas,1264,default,76,6,6,44.0,0,2,35.642857142857146,20.0,0,24,14,21,E1,6,15,0.1,0.0
mas_iterative,1264,default,75,6,6,43.666666666666664,0,2,35.42857142857143,20.0,0,22,14,21,E1,6,15,0.1,0.0
hungarian,1264,default,75,6,6,43.666666666666664,0,2,35.42857142857143,20.0,0,22,18,58,E1,6,15,0.1,0.0
no_coordination,1265,default,119,6,6,61.666666666666664,4,2,54.23529411764706,20.0,98,8,0,0,E1,6,15,0.1,0.0
claim,1265,default,119,6,6,61.666666666666664,4,2,54.23529411764706,20.0,98,8,10,10,E1,6,15,0.1,0.0
mas,1265,default,80,6,6,46.0,0,2,41.705882352941174,20.0,0,24,14,21,E1,6,15,0.1,0.0
mas_iterative,1265,default,79,6,6,45.666666666666664,0,2,41.411764705882355,20.0,0,22,14,21,E1,6,15,0.1,0.0
hungarian,1265,default,79,6,6,45.666666666666664,0,2,41.411764705882355,20.0,0,22,18,58,E1,6,15,0.1,0.0
no_coordination,1266,default,123,6,6,63.833333333333336,5,2,51.6875,20.0,106,9,0,0,E1,6,15,0.1,0.0
claim,1266,default,88,6,6,52.5,1,2,45.1875,20.0,21,24,7,7,E1,6,15,0.1,0.0
mas,1266,default,75,6,6,46.5,0,2,40.0625,20.0,0,8,14,21,E1,6,15,0.1,0.0
mas_iterative,1266,default,75,6,6,46.0,0,2,39.625,20.0,0,8,18,27,E1,6,15,0.1,0.0
hungarian,1266,default,75,6,6,46.0,0,2,39.625,20.0,0,8,18,60,E1,6,15,0.1,0.0
no_coordination,1267,default,112,6,6,63.666666666666664,4,2,52.666666666666664,22.0,71,9,0,0,E1,6,15,0.1,0.0
claim,1267,default,81,6,6,55.666666666666664,1,2,48.333333333333336,22.0,23,8,7,7,E1,6,15,0.1,0.0
mas,1267,default,68,6,6,41.833333333333336,0,2,36.333333333333336,20.0,0,10,14,21,E1,6,15,0.1,0.0
mas_iterative,1267,default,67,6,6,41.333333333333336,0,2,35.86666666666667,20.0,0,8,16,24,E1,6,15,0.1,0.0
hungarian,1267,default,67,6,6,41.333333333333336,0,2,35.86666666666667,20.0,0,8,18,58,E1,6,15,0.1,0.0
no_coordination,1268,default,86,6,6,41.333333333333336,5,2,32.15384615384615,22.0,38,9,0,0,E1,6,15,0.1,0.0
claim,1268,default,63,6,6,34.0,0,2,28.384615384615383,22.0,0,25,6,6,E1,6,15,0.1,0.0
mas,1268,default,63,6,6,34.0,0,2,28.384615384615383,22.0,0,25,12,18,E1,6,15,0.1,0.0
mas_iterative,1268,default,63,6,6,34.0,0,2,28.384615384615383,22.0,0,25,12,18,E1,6,15,0.1,0.0
hungarian,1268,default,63,6,6,34.0,0,2,28.384615384615383,22.0,0,25,18,56,E1,6,15,0.1,0.0
no_coordination,1269,default,67,6,6,37.666666666666664,5,2,34.421052631578945,21.0,46,9,0,0,E1,6,15,0.1,0.0
claim,1269,default,47,6,6,31.333333333333332,0,2,29.473684210526315,21.0,0,6,6,6,E1,6,15,0.1,0.0
mas,1269,default,47,6,6,31.333333333333332,0,2,29.473684210526315,21.0,0,6,12,18,E1,6,15,0.1,0.0
mas_iterative,1269,default,47,6,6,31.333333333333332,0,2,29.473684210526315,21.0,0,6,12,18,E1,6,15,0.1,0.0
hungarian,1269,default,47,6,6,31.333333333333332,0,2,29.473684210526315,21.0,0,6,18,56,E1,6,15,0.1,0.0
no_coordination,1270,default,88,6,6,44.0,3,2,41.5,nan,10,7,0,0,E1,6,15,0.1,0.0
claim,1270,default,85,6,6,43.5,1,2,41.2,nan,6,32,7,7,E1,6,15,0.1,0.0
mas,1270,default,80,6,6,41.666666666666664,0,2,39.5,nan,0,28,14,21,E1,6,15,0.1,0.0
mas_iterative,1270,default,79,6,6,41.333333333333336,0,2,39.2,nan,0,26,14,21,E1,6,15,0.1,0.0
hungarian,1270,default,79,6,6,41.333333333333336,0,2,39.2,nan,0,26,18,58,E1,6,15,0.1,0.0
no_coordination,1272,default,91,6,6,44.0,4,2,34.470588235294116,20.0,70,8,0,0,E1,6,15,0.1,0.0
claim,1272,default,91,6,6,44.0,4,2,34.470588235294116,20.0,70,8,10,10,E1,6,15,0.1,0.0
mas,1272,default,58,6,6,35.333333333333336,0,2,29.88235294117647,20.0,0,8,14,21,E1,6,15,0.1,0.0
mas_iterative,1272,default,57,6,6,35.0,0,2,29.647058823529413,20.0,0,6,14,21,E1,6,15,0.1,0.0
hungarian,1272,default,57,6,6,35.0,0,2,29.647058823529413,20.0,0,6,18,58,E1,6,15,0.1,0.0
no_coordination,1274,default,129,6,6,73.0,6,2,65.7,42.666666666666664,129,10,0,0,E1,6,15,0.1,0.0
claim,1274,default,129,6,6,73.0,6,2,65.7,42.666666666666664,129,10,12,12,E1,6,15,0.1,0.0
mas,1274,default,70,6,6,39.5,0,2,36.6,25.666666666666668,0,18,14,21,E1,6,15,0.1,0.0
mas_iterative,1274,default,69,6,6,39.0,0,2,36.1,25.333333333333332,0,16,16,24,E1,6,15,0.1,0.0
hungarian,1274,default,69,6,6,39.0,0,2,36.1,25.333333333333332,0,16,18,58,E1,6,15,0.1,0.0
no_coordination,1275,default,99,6,6,59.5,4,2,50.23529411764706,39.666666666666664,88,9,0,0,E1,6,15,0.1,0.0
claim,1275,default,77,6,6,52.166666666666664,1,2,47.0,39.666666666666664,33,16,7,7,E1,6,15,0.1,0.0
mas,1275,default,65,6,6,40.166666666666664,0,2,35.0,27.666666666666668,0,16,14,21,E1,6,15,0.1,0.0
mas_iterative,1275,default,65,6,6,39.666666666666664,0,2,34.588235294117645,27.333333333333332,0,16,14,21,E1,6,15,0.1,0.0
hungarian,1275,default,65,6,6,39.666666666666664,0,2,34.588235294117645,27.333333333333332,0,16,18,56,E1,6,15,0.1,0.0
no_coordination,1276,default,79,6,6,45.166666666666664,3,2,39.0,20.0,37,7,0,0,E1,6,15,0.1,0.0
claim,1276,default,79,6,6,45.166666666666664,2,2,39.0,20.0,37,11,8,8,E1,6,15,0.1,0.0
mas,1276,default,70,6,6,37.666666666666664,0,2,33.888888888888886,20.0,0,19,14,21,E1,6,15,0.1,0.0
mas_iterative,1276,default,70,6,6,37.833333333333336,0,2,34.05555555555556,20.0,0,17,14,21,E1,6,15,0.1,0.0
hungarian,1276,default,70,6,6,37.833333333333336,0,2,34.05555555555556,20.0,0,17,18,58,E1,6,15,0.1,0.0
no_coordination,1277,default,69,6,6,44.833333333333336,2,2,38.416666666666664,nan,37,7,0,0,E1,6,15,0.1,0.0
claim,1277,default,69,6,6,44.833333333333336,2,2,38.416666666666664,nan,36,7,8,8,E1,6,15,0.1,0.0
mas,1277,default,58,6,6,37.333333333333336,0,2,33.25,nan,0,12,14,21,E1,6,15,0.1,0.0
mas_iterative,1277,default,57,6,6,37.0,0,2,33.0,nan,0,10,16,24,E1,6,15,0.1,0.0
hungarian,1277,default,57,6,6,37.0,0,2,33.0,nan,0,10,18,60,E1,6,15,0.1,0.0
no_coordination,1278,default,107,6,6,50.0,4,2,38.266666666666666,20.0,86,8,0,0,E1,6,15,0.1,0.0
claim,1278,default,107,6,6,50.0,4,2,38.266666666666666,20.0,86,8,10,10,E1,6,15,0.1,0.0
mas,1278,default,70,6,6,39.333333333333336,0,2,32.2,20.0,0,16,14,21,E1,6,15,0.1,0.0
mas_iterative,1278,default,69,6,6,39.0,0,2,32.0,20.0,0,14,14,21,E1,6,15,0.1,0.0
hungarian,1278,default,69,6,6,39.0,0,2,32.0,20.0,0,14,18,58,E1,6,15,0.1,0.0
no_coordination,1279,default,81,6,6,46.666666666666664,4,2,40.36363636363637,nan,43,8,0,0,E1,6,15,0.1,0.0
claim,1279,default,67,6,6,43.833333333333336,1,2,38.81818181818182,nan,25,14,7,7,E1,6,15,0.1,0.0
mas,1279,default,60,6,6,34.5,0,2,30.90909090909091,nan,0,25,16,24,E1,6,15,0.1,0.0
mas_iterative,1279,default,59,6,6,33.666666666666664,0,2,30.181818181818183,nan,0,23,14,21,E1,6,15,0.1,0.0
hungarian,1279,default,59,6,6,33.666666666666664,0,2,30.181818181818183,nan,0,23,18,56,E1,6,15,0.1,0.0
no_coordination,1280,default,93,6,6,50.0,4,2,41.714285714285715,nan,72,8,0,0,E1,6,15,0.1,0.0
claim,1280,default,93,6,6,50.0,4,2,41.714285714285715,nan,72,8,10,10,E1,6,15,0.1,0.0
mas,1280,default,61,6,6,38.0,0,2,34.214285714285715,nan,0,12,14,21,E1,6,15,0.1,0.0
mas_iterative,1280,default,61,6,6,37.666666666666664,0,2,34.0,nan,0,12,14,21,E1,6,15,0.1,0.0
hungarian,1280,default,61,6,6,37.666666666666664,0,2,34.0,nan,0,12,18,58,E1,6,15,0.1,0.0
no_coordination,1281,default,85,6,6,46.5,4,2,42.916666666666664,nan,49,8,0,0,E1,6,15,0.1,0.0
claim,1281,default,67,6,6,40.666666666666664,0,2,37.166666666666664,nan,0,14,6,6,E1,6,15,0.1,0.0
mas,1281,default,67,6,6,40.666666666666664,0,2,37.166666666666664,nan,0,14,12,18,E1,6,15,0.1,0.0
mas_iterative,1281,default,67,6,6,40.666666666666664,0,2,37.166666666666664,nan,0,14,12,18,E1,6,15,0.1,0.0
hungarian,1281,default,67,6,6,40.666666666666664,0,2,37.166666666666664,nan,0,14,18,56,E1,6,15,0.1,0.0
no_coordination,1282,default,133,6,6,72.5,5,2,55.0,30.0,84,9,0,0,E1,6,15,0.1,0.0
claim,1282,default,87,6,6,51.833333333333336,0,2,42.46153846153846,30.0,0,25,6,6,E1,6,15,0.1,0.0
mas,1282,default,87,6,6,51.833333333333336,0,2,42.46153846153846,30.0,0,25,12,18,E1,6,15,0.1,0.0
mas_iterative,1282,default,87,6,6,51.833333333333336,0,2,42.46153846153846,30.0,0,25,12,18,E1,6,15,0.1,0.0
hungarian,1282,default,87,6,6,51.833333333333336,0,2,42.46153846153846,30.0,0,25,18,56,E1,6,15,0.1,0.0
no_coordination,1283,default,99,6,6,53.0,3,2,51.78947368421053,30.0,85,7,0,0,E1,6,15,0.1,0.0
claim,1283,default,99,6,6,53.0,3,2,51.78947368421053,30.0,85,7,9,9,E1,6,15,0.1,0.0
mas,1283,default,64,6,6,34.5,0,2,33.73684210526316,20.0,0,24,14,21,E1,6,15,0.1,0.0
mas_iterative,1283,default,61,6,6,33.0,0,2,32.31578947368421,20.0,0,20,16,24,E1,6,15,0.1,0.0
hungarian,1283,default,61,6,6,33.0,0,2,32.31578947368421,20.0,0,20,18,58,E1,6,15,0.1,0.0
no_coordination,1284,default,101,6,6,51.333333333333336,4,2,45.529411764705884,29.0,83,8,0,0,E1,6,15,0.1,0.0
claim,1284,default,85,6,6,48.0,1,2,43.1764705882353,29.0,25,31,7,7,E1,6,15,0.1,0.0
mas,1284,default,76,6,6,39.833333333333336,0,2,35.94117647058823,27.0,0,32,14,21,E1,6,15,0.1,0.0
mas_iterative,1284,default,75,6,6,39.333333333333336,0,2,35.529411764705884,27.0,0,30,14,21,E1,6,15,0.1,0.0
hungarian,1284,default,87,6,6,44.333333333333336,0,2,39.76470588235294,22.0,0,34,18,56,E1,6,15,0.1,0.0
no_coordination,1285,default,134,6,6,77.16666666666667,3,2,68.125,32.0,39,76,0,0,E1,6,15,0.1,0.0
claim,1285,default,134,6,6,77.16666666666667,2,2,68.125,32.0,39,96,8,8,E1,6,15,0.1,0.0
mas,1285,default,77,6,6,42.0,0,2,37.4375,20.0,0,26,14,21,E1,6,15,0.1,0.0
mas_iterative,1285,default,77,6,6,41.666666666666664,0,2,37.125,20.0,0,26,14,21,E1,6,15,0.1,0.0
hungarian,1285,default,77,6,6,41.666666666666664,0,2,37.125,20.0,0,26,18,56,E1,6,15,0.1,0.0
no_coordination,1286,default,82,6,6,51.333333333333336,3,2,43.2,20.0,49,7,0,0,E1,6,15,0.1,0.0
claim,1286,default,74,6,6,48.0,1,2,41.4,20.0,21,10,7,7,E1,6,15,0.1,0.0
mas,1286,default,69,6,6,44.0,0,2,37.4,20.0,0,12,14,21,E1,6,15,0.1,0.0
mas_iterative,1286,default,69,6,6,43.666666666666664,0,2,37.06666666666667,20.0,0,12,16,24,E1,6,15,0.1,0.0
hungarian,1286,default,69,6,6,43.666666666666664,0,2,37.06666666666667,20.0,0,12,18,58,E1,6,15,0.1,0.0
no_coordination,1287,default,121,6,6,80.66666666666667,5,2,67.07692307692308,30.0,96,9,0,0,E1,6,15,0.1,0.0
claim,1287,default,107,6,6,78.33333333333333,3,2,66.0,30.0,81,7,9,9,E1,6,15,0.1,0.0
mas,1287,default,71,6,6,46.0,0,2,37.92307692307692,20.0,0,16,14,21,E1,6,15,0.1,0.0
mas_iterative,1287,default,71,6,6,42.666666666666664,0,2,37.07692307692308,20.0,0,16,14,21,E1,6,15,0.1,0.0
hungarian,1287,default,71,6,6,42.666666666666664,0,2,37.07692307692308,20.0,0,16,18,56,E1,6,15,0.1,0.0
no_coordination,1288,default,92,6,6,51.666666666666664,4,2,44.92857142857143,nan,29,8,0,0,E1,6,15,0.1,0.0
claim,1288,default,87,6,6,50.666666666666664,1,2,44.42857142857143,nan,23,29,7,7,E1,6,15,0.1,0.0
mas,1288,default,76,6,6,44.166666666666664,0,2,38.785714285714285,nan,0,18,14,21,E1,6,15,0.1,0.0
mas_iterative,1288,default,75,6,6,43.666666666666664,0,2,38.285714285714285,nan,0,16,14,21,E1,6,15,0.1,0.0
hungarian,1288,default,73,6,6,42.666666666666664,0,2,37.285714285714285,nan,0,16,18,56,E1,6,15,0.1,0.0
no_coordination,1289,default,92,6,6,50.333333333333336,5,2,42.69230769230769,nan,45,9,0,0,E1,6,15,0.1,0.0
claim,1289,default,81,6,6,46.333333333333336,1,2,40.61538461538461,nan,23,36,7,7,E1,6,15,0.1,0.0
mas,1289,default,71,6,6,38.833333333333336,0,2,33.69230769230769,nan,0,32,14,21,E1,6,15,0.1,0.0
mas_iterative,1289,default,71,6,6,38.333333333333336,0,2,33.23076923076923,nan,0,32,14,21,E1,6,15,0.1,0.0
hungarian,1289,default,71,6,6,38.333333333333336,0,2,33.23076923076923,nan,0,32,18,56,E1,6,15,0.1,0.0
no_coordination,1290,default,79,6,6,43.833333333333336,3,2,33.4375,22.0,37,7,0,0,E1,6,15,0.1,0.0
claim,1290,default,79,6,6,43.833333333333336,2,2,33.4375,22.0,30,13,8,8,E1,6,15,0.1,0.0
mas,1290,default,84,6,6,41.0,0,2,32.0,22.0,0,36,14,21,E1,6,15,0.1,0.0
mas_iterative,1290,default,83,6,6,40.666666666666664,0,2,31.75,22.0,0,34,14,21,E1,6,15,0.1,0.0
hungarian,1290,default,83,6,6,40.666666666666664,0,2,31.75,22.0,0,34,18,58,E1,6,15,0.1,0.0
no_coordination,1291,default,95,6,6,51.5,3,2,46.64705882352941,22.0,68,8,0,0,E1,6,15,0.1,0.0
claim,1291,default,83,6,6,49.333333333333336,1,2,45.11764705882353,22.0,23,26,7,7,E1,6,15,0.1,0.0
mas,1291,default,80,6,6,44.166666666666664,0,2,40.64705882352941,22.0,0,34,14,21,E1,6,15,0.1,0.0
mas_iterative,1291,default,79,6,6,43.666666666666664,0,2,40.23529411764706,22.0,0,32,14,21,E1,6,15,0.1,0.0
hungarian,1291,default,73,6,6,38.166666666666664,0,2,34.94117647058823,22.0,0,33,18,56,E1,6,15,0.1,0.0
no_coordination,1292,default,117,6,6,58.333333333333336,4,2,50.125,20.0,87,8,0,0,E1,6,15,0.1,0.0
claim,1292,default,99,6,6,54.0,1,2,47.375,20.0,21,35,7,7,E1,6,15,0.1,0.0
mas,1292,default,91,6,6,43.0,0,2,38.0,20.0,0,46,14,21,E1,6,15,0.1,0.0
mas_iterative,1292,default,91,6,6,42.666666666666664,0,2,37.625,20.0,0,46,18,27,E1,6,15,0.1,0.0
hungarian,1292,default,91,6,6,42.666666666666664,0,2,37.625,20.0,0,46,20,61,E1,6,15,0.1,0.0
no_coordination,1293,default,115,6,6,63.0,5,2,57.05263157894737,32.0,86,9,0,0,E1,6,15,0.1,0.0
claim,1293,default,81,6,6,55.333333333333336,2,2,51.578947368421055,32.0,41,6,8,8,E1,6,15,0.1,0.0
mas,1293,default,61,6,6,39.833333333333336,0,2,37.68421052631579,28.0,0,8,14,21,E1,6,15,0.1,0.0
mas_iterative,1293,default,61,6,6,39.333333333333336,0,2,37.26315789473684,28.0,0,8,16,24,E1,6,15,0.1,0.0
hungarian,1293,default,69,6,6,41.333333333333336,0,2,37.89473684210526,22.0,0,12,18,56,E1,6,15,0.1,0.0
no_coordination,1294,default,75,6,6,44.0,4,2,41.42857142857143,nan,40,8,0,0,E1,6,15,0.1,0.0
claim,1294,default,63,6,6,39.0,0,2,37.142857142857146,nan,0,14,6,6,E1,6,15,0.1,0.0
mas,1294,default,63,6,6,39.0,0,2,37.142857142857146,nan,0,14,12,18,E1,6,15,0.1,0.0
mas_iterative,1294,default,63,6,6,39.0,0,2,37.142857142857146,nan,0,14,12,18,E1,6,15,0.1,0.0
hungarian,1294,default,63,6,6,39.0,0,2,37.142857142857146,nan,0,14,18,56,E1,6,15,0.1,0.0
no_coordination,1295,default,97,6,6,56.833333333333336,4,2,46.55555555555556,nan,74,8,0,0,E1,6,15,0.1,0.0
claim,1295,default,86,6,6,55.0,2,2,45.333333333333336,nan,39,19,8,8,E1,6,15,0.1,0.0
mas,1295,default,74,6,6,41.5,0,2,34.44444444444444,nan,0,18,14,21,E1,6,15,0.1,0.0
mas_iterative,1295,default,73,6,6,41.0,0,2,34.0,nan,0,16,16,24,E1,6,15,0.1,0.0
hungarian,1295,default,73,6,6,41.0,0,2,34.0,nan,0,16,18,58,E1,6,15,0.1,0.0
no_coordination,1296,default,95,6,6,64.5,4,2,53.285714285714285,30.0,64,8,0,0,E1,6,15,0.1,0.0
claim,1296,default,86,6,6,58.166666666666664,1,2,50.214285714285715,30.0,31,20,7,7,E1,6,15,0.1,0.0
mas,1296,default,68,6,6,41.5,0,2,34.285714285714285,20.0,0,20,14,21,E1,6,15,0.1,0.0
mas_iterative,1296,default,67,6,6,41.0,0,2,33.857142857142854,20.0,0,18,14,21,E1,6,15,0.1,0.0
hungarian,1296,default,67,6,6,41.0,0,2,33.857142857142854,20.0,0,18,18,56,E1,6,15,0.1,0.0
no_coordination,1297,default,97,6,6,45.333333333333336,4,2,36.0,20.0,76,8,0,0,E1,6,15,0.1,0.0
claim,1297,default,97,6,6,45.333333333333336,4,2,36.0,20.0,76,8,10,10,E1,6,15,0.1,0.0
mas,1297,default,67,6,6,36.666666666666664,0,2,31.066666666666666,20.0,0,20,14,21,E1,6,15,0.1,0.0
mas_iterative,1297,default,67,6,6,36.333333333333336,0,2,30.8,20.0,0,20,14,21,E1,6,15,0.1,0.0
hungarian,1297,default,67,6,6,36.333333333333336,0,2,30.8,20.0,0,20,18,58,E1,6,15,0.1,0.0
no_coordination,1298,default,87,6,6,49.333333333333336,4,2,46.42857142857143,nan,69,8,0,0,E1,6,15,0.1,0.0
claim,1298,default,87,6,6,49.333333333333336,4,2,46.42857142857143,nan,69,8,10,10,E1,6,15,0.1,0.0
mas,1298,default,72,6,6,40.833333333333336,0,2,38.357142857142854,nan,0,22,14,21,E1,6,15,0.1,0.0
mas_iterative,1298,default,71,6,6,40.333333333333336,0,2,37.857142857142854,nan,0,20,14,21,E1,6,15,0.1,0.0
hungarian,1298,default,71,6,6,40.333333333333336,0,2,37.857142857142854,nan,0,20,18,56,E1,6,15,0.1,0.0
no_coordination,1299,default,122,6,6,60.5,4,2,52.8,20.0,80,11,0,0,E1,6,15,0.1,0.0
claim,1299,default,86,6,6,49.833333333333336,0,2,44.266666666666666,20.0,0,17,6,6,E1,6,15,0.1,0.0
mas,1299,default,86,6,6,49.833333333333336,0,2,44.266666666666666,20.0,0,17,12,18,E1,6,15,0.1,0.0
mas_iterative,1299,default,86,6,6,49.833333333333336,0,2,44.266666666666666,20.0,0,17,12,18,E1,6,15,0.1,0.0
hungarian,1299,default,86,6,6,49.833333333333336,0,2,44.266666666666666,20.0,0,17,18,56,E1,6,15,0.1,0.0
no_coordination,1300,default,107,6,6,57.333333333333336,5,2,46.4,26.0,86,9,0,0,E1,6,15,0.1,0.0
claim,1300,default,67,6,6,42.0,0,2,36.8,26.0,0,10,6,6,E1,6,15,0.1,0.0
mas,1300,default,67,6,6,42.0,0,2,36.8,26.0,0,10,12,18,E1,6,15,0.1,0.0
mas_iterative,1300,default,67,6,6,42.0,0,2,36.8,26.0,0,10,12,18,E1,6,15,0.1,0.0
hungarian,1300,default,67,6,6,42.0,0,2,36.8,26.0,0,10,18,56,E1,6,15,0.1,0.0
no_coordination,1301,default,117,6,6,55.333333333333336,4,2,46.666666666666664,21.0,94,8,0,0,E1,6,15,0.1,0.0
claim,1301,default,79,6,6,43.666666666666664,0,2,38.22222222222222,21.0,0,20,6,6,E1,6,15,0.1,0.0
mas,1301,default,79,6,6,43.666666666666664,0,2,38.22222222222222,21.0,0,20,12,18,E1,6,15,0.1,0.0
mas_iterative,1301,default,79,6,6,43.666666666666664,0,2,38.22222222222222,21.0,0,20,12,18,E1,6,15,0.1,0.0
hungarian,1301,default,79,6,6,43.666666666666664,0,2,38.22222222222222,21.0,0,20,18,56,E1,6,15,0.1,0.0
no_coordination,1302,default,133,6,6,65.0,5,2,52.0,35.0,82,9,0,0,E1,6,15,0.1,0.0
claim,1302,default,93,6,6,55.0,1,2,46.94117647058823,35.0,27,19,7,7,E1,6,15,0.1,0.0
mas,1302,default,82,6,6,45.5,0,2,37.529411764705884,24.5,0,18,14,21,E1,6,15,0.1,0.0
mas_iterative,1302,default,81,6,6,45.0,0,2,37.05882352941177,24.0,0,16,14,21,E1,6,15,0.1,0.0
hungarian,1302,default,81,6,6,45.0,0,2,37.05882352941177,24.0,0,16,18,56,E1,6,15,0.1,0.0
no_coordination,1303,default,94,6,6,49.666666666666664,4,2,43.30769230769231,nan,73,8,0,0,E1,6,15,0.1,0.0
claim,1303,default,73,6,6,43.333333333333336,1,2,39.07692307692308,nan,21,15,7,7,E1,6,15,0.1,0.0
mas,1303,default,73,6,6,40.333333333333336,0,2,35.61538461538461,nan,0,24,14,21,E1,6,15,0.1,0.0
mas_iterative,1303,default,73,6,6,40.0,0,2,35.23076923076923,nan,0,24,14,21,E1,6,15,0.1,0.0
hungarian,1303,default,73,6,6,40.0,0,2,35.23076923076923,nan,0,24,18,56,E1,6,15,0.1,0.0
no_coordination,1304,default,101,6,6,50.333333333333336,4,2,43.0,nan,53,8,0,0,E1,6,15,0.1,0.0
claim,1304,default,75,6,6,40.333333333333336,1,2,36.2,nan,26,5,7,7,E1,6,15,0.1,0.0
mas,1304,default,75,6,6,40.333333333333336,0,2,36.2,nan,0,30,14,21,E1,6,15,0.1,0.0
mas_iterative,1304,default,75,6,6,40.333333333333336,0,2,36.2,nan,0,30,14,21,E1,6,15,0.1,0.0
hungarian,1304,default,75,6,6,40.333333333333336,0,2,36.2,nan,0,30,20,59,E1,6,15,0.1,0.0
no_coordination,1305,default,99,6,6,49.0,5,2,38.94117647058823,22.0,49,9,0,0,E1,6,15,0.1,0.0
claim,1305,default,73,6,6,38.666666666666664,1,2,32.470588235294116,22.0,28,5,7,7,E1,6,15,0.1,0.0
mas,1305,default,73,6,6,38.666666666666664,0,2,32.470588235294116,22.0,0,32,14,21,E1,6,15,0.1,0.0
mas_iterative,1305,default,73,6,6,38.666666666666664,0,2,32.470588235294116,22.0,0,32,14,21,E1,6,15,0.1,0.0
hungarian,1305,default,73,6,6,38.666666666666664,0,2,32.470588235294116,22.0,0,32,20,59,E1,6,15,0.1,0.0
no_coordination,1306,default,119,6,6,58.333333333333336,5,2,53.2,nan,66,9,0,0,E1,6,15,0.1,0.0
claim,1306,default,87,6,6,50.666666666666664,1,2,47.06666666666667,nan,21,21,7,7,E1,6,15,0.1,0.0
mas,1306,default,81,6,6,43.5,0,2,40.46666666666667,nan,0,22,14,21,E1,6,15,0.1,0.0
mas_iterative,1306,default,81,6,6,43.0,0,2,40.0,nan,0,22,16,24,E1,6,15,0.1,0.0
hungarian,1306,default,81,6,6,43.0,0,2,40.0,nan,0,22,18,58,E1,6,15,0.1,0.0
no_coordination,1307,default,70,6,6,41.666666666666664,3,2,38.333333333333336,24.0,50,7,0,0,E1,6,15,0.1,0.0
claim,1307,default,65,6,6,40.833333333333336,1,2,37.666666666666664,24.0,25,20,7,7,E1,6,15,0.1,0.0
mas,1307,default,67,6,6,33.5,0,2,31.333333333333332,22.0,0,35,14,21,E1,6,15,0.1,0.0
mas_iterative,1307,default,67,6,6,33.0,0,2,30.866666666666667,22.0,0,35,14,21,E1,6,15,0.1,0.0
hungarian,1307,default,54,6,6,31.5,0,2,29.933333333333334,24.0,0,21,18,56,E1,6,15,0.1,0.0
no_coordination,1308,default,75,6,6,53.833333333333336,4,2,47.69230769230769,nan,52,8,0,0,E1,6,15,0.1,0.0
claim,1308,default,70,6,6,49.833333333333336,1,2,45.61538461538461,nan,27,14,7,7,E1,6,15,0.1,0.0
mas,1308,default,56,6,6,36.5,0,2,32.30769230769231,nan,0,16,14,21,E1,6,15,0.1,0.0
mas_iterative,1308,default,55,6,6,36.0,0,2,31.846153846153847,nan,0,14,16,24,E1,6,15,0.1,0.0
hungarian,1308,default,55,6,6,36.0,0,2,31.846153846153847,nan,0,14,18,58,E1,6,15,0.1,0.0
no_coordination,1309,default,135,6,6,73.5,5,2,59.266666666666666,20.0,108,9,0,0,E1,6,15,0.1,0.0
claim,1309,default,96,6,6,62.5,1,2,53.06666666666667,20.0,21,12,7,7,E1,6,15,0.1,0.0
mas,1309,default,84,6,6,52.5,0,2,44.6,20.0,0,6,14,21,E1,6,15,0.1,0.0
mas_iterative,1309,default,83,6,6,52.0,0,2,44.13333333333333,20.0,0,4,14,21,E1,6,15,0.1,0.0
hungarian,1309,default,83,6,6,52.0,0,2,44.13333333333333,20.0,0,4,18,56,E1,6,15,0.1,0.0
no_coordination,1310,default,117,6,6,55.666666666666664,4,2,49.86666666666667,nan,94,8,0,0,E1,6,15,0.1,0.0
claim,1310,default,101,6,6,47.666666666666664,2,2,43.46666666666667,nan,62,6,8,8,E1,6,15,0.1,0.0
mas,1310,default,72,6,6,42.833333333333336,0,2,39.6,nan,0,8,14,21,E1,6,15,0.1,0.0
mas_iterative,1310,default,71,6,6,42.666666666666664,0,2,39.46666666666667,nan,0,6,14,21,E1,6,15,0.1,0.0
hungarian,1310,default,71,6,6,42.666666666666664,0,2,39.46666666666667,nan,0,6,18,58,E1,6,15,0.1,0.0
no_coordination,1311,default,105,6,6,53.0,4,2,44.0,nan,84,8,0,0,E1,6,15,0.1,0.0
claim,1311,default,105,6,6,53.0,4,2,44.0,nan,84,8,10,10,E1,6,15,0.1,0.0
mas,1311,default,64,6,6,40.333333333333336,0,2,35.46153846153846,nan,0,6,14,21,E1,6,15,0.1,0.0
mas_iterative,1311,default,63,6,6,40.0,0,2,35.23076923076923,nan,0,4,14,21,E1,6,15,0.1,0.0
hungarian,1311,default,63,6,6,40.0,0,2,35.23076923076923,nan,0,4,18,58,E1,6,15,0.1,0.0
no_coordination,1312,default,111,6,6,65.33333333333333,4,2,50.46153846153846,20.0,93,8,0,0,E1,6,15,0.1,0.0
claim,1312,default,111,6,6,65.33333333333333,3,2,50.46153846153846,20.0,65,35,9,9,E1,6,15,0.1,0.0
mas,1312,default,77,6,6,44.166666666666664,0,2,35.92307692307692,20.0,0,18,14,21,E1,6,15,0.1,0.0
mas_iterative,1312,default,77,6,6,43.666666666666664,0,2,35.53846153846154,20.0,0,18,16,24,E1,6,15,0.1,0.0
hungarian,1312,default,77,6,6,43.666666666666664,0,2,35.53846153846154,20.0,0,18,18,58,E1,6,15,0.1,0.0
no_coordination,1313,default,68,6,6,42.833333333333336,2,2,37.89473684210526,27.333333333333332,20,7,0,0,E1,6,15,0.1,0.0
claim,1313,default,68,6,6,42.833333333333336,2,2,37.89473684210526,27.333333333333332,20,7,8,8,E1,6,15,0.1,0.0
mas,1313,default,65,6,6,37.333333333333336,0,2,33.63157894736842,27.333333333333332,0,18,14,21,E1,6,15,0.1,0.0
mas_iterative,1313,default,65,6,6,37.0,0,2,33.36842105263158,27.333333333333332,0,18,14,21,E1,6,15,0.1,0.0
hungarian,1313,default,65,6,6,37.0,0,2,33.36842105263158,27.333333333333332,0,18,18,58,E1,6,15,0.1,0.0
no_coordination,1314,default,101,6,6,55.333333333333336,5,2,48.0,28.0,93,9,0,0,E1,6,15,0.1,0.0
claim,1314,default,91,6,6,53.666666666666664,3,2,46.75,28.0,51,29,9,9,E1,6,15,0.1,0.0
mas,1314,default,82,6,6,43.833333333333336,0,2,38.0,23.5,0,36,14,21,E1,6,15,0.1,0.0
mas_iterative,1314,default,81,6,6,43.333333333333336,0,2,37.5,23.0,0,34,14,21,E1,6,15,0.1,0.0
hungarian,1314,default,79,6,6,42.0,0,2,36.0,21.0,0,32,18,56,E1,6,15,0.1,0.0
no_coordination,1315,default,95,6,6,47.0,4,2,39.5,nan,74,8,0,0,E1,6,15,0.1,0.0
claim,1315,default,95,6,6,47.0,4,2,39.5,nan,74,8,10,10,E1,6,15,0.1,0.0
mas,1315,default,74,6,6,37.166666666666664,0,2,33.0,nan,0,38,14,21,E1,6,15,0.1,0.0
mas_iterative,1315,default,73,6,6,36.666666666666664,0,2,32.666666666666664,nan,0,36,14,21,E1,6,15,0.1,0.0
hungarian,1315,default,73,6,6,36.666666666666664,0,2,32.666666666666664,nan,0,36,18,58,E1,6,15,0.1,0.0
no_coordination,1316,default,85,6,6,42.666666666666664,3,2,36.0,22.0,46,7,0,0,E1,6,15,0.1,0.0
claim,1316,default,67,6,6,39.666666666666664,1,2,34.875,22.0,4,11,7,7,E1,6,15,0.1,0.0
mas,1316,default,69,6,6,39.833333333333336,0,2,34.6875,22.0,0,16,14,21,E1,6,15,0.1,0.0
mas_iterative,1316,default,69,6,6,39.666666666666664,0,2,34.5,22.0,0,16,14,21,E1,6,15,0.1,0.0
hungarian,1316,default,69,6,6,39.666666666666664,0,2,34.5,22.0,0,16,18,58,E1,6,15,0.1,0.0
no_coordination,1317,default,69,6,6,38.333333333333336,3,2,34.857142857142854,nan,43,7,0,0,E1,6,15,0.1,0.0
claim,1317,default,63,6,6,34.0,2,2,31.857142857142858,nan,30,6,8,8,E1,6,15,0.1,0.0
mas,1317,default,60,6,6,33.5,0,2,31.428571428571427,nan,0,28,14,21,E1,6,15,0.1,0.0
mas_iterative,1317,default,59,6,6,33.333333333333336,0,2,31.285714285714285,nan,0,26,14,21,E1,6,15,0.1,0.0
hungarian,1317,default,59,6,6,33.333333333333336,0,2,31.285714285714285,nan,0,26,18,58,E1,6,15,0.1,0.0
no_coordination,1318,default,89,6,6,44.666666666666664,4,2,34.266666666666666,27.0,68,8,0,0,E1,6,15,0.1,0.0
claim,1318,default,89,6,6,44.666666666666664,4,2,34.266666666666666,27.0,68,8,10,10,E1,6,15,0.1,0.0
mas,1318,default,61,6,6,35.666666666666664,0,2,29.8,27.0,0,16,14,21,E1,6,15,0.1,0.0
mas_iterative,1318,default,61,6,6,35.333333333333336,0,2,29.6,27.0,0,16,14,21,E1,6,15,0.1,0.0
hungarian,1318,default,61,6,6,35.333333333333336,0,2,29.6,27.0,0,16,18,58,E1,6,15,0.1,0.0
no_coordination,1319,default,71,6,6,38.666666666666664,3,2,35.8,23.333333333333332,42,7,0,0,E1,6,15,0.1,0.0
claim,1319,default,71,6,6,38.666666666666664,2,2,35.8,23.333333333333332,22,26,8,8,E1,6,15,0.1,0.0
mas,1319,default,59,6,6,34.0,0,2,31.95,23.333333333333332,0,20,14,21,E1,6,15,0.1,0.0
mas_iterative,1319,default,59,6,6,33.666666666666664,0,2,31.7,23.333333333333332,0,20,14,21,E1,6,15,0.1,0.0
hungarian,1319,default,59,6,6,33.666666666666664,0,2,31.7,23.333333333333332,0,20,18,58,E1,6,15,0.1,0.0
no_coordination,1320,default,94,6,6,49.166666666666664,4,2,42.5,20.0,71,8,0,0,E1,6,15,0.1,0.0
claim,1320,default,90,6,6,46.666666666666664,2,2,41.142857142857146,20.0,31,41,8,8,E1,6,15,0.1,0.0
mas,1320,default,85,6,6,40.333333333333336,0,2,35.785714285714285,20.0,0,44,14,21,E1,6,15,0.1,0.0
mas_iterative,1320,default,85,6,6,40.0,0,2,35.42857142857143,20.0,0,44,18,27,E1,6,15,0.1,0.0
hungarian,1320,default,85,6,6,40.0,0,2,35.42857142857143,20.0,0,44,20,61,E1,6,15,0.1,0.0
no_coordination,1321,default,107,6,6,48.666666666666664,6,2,37.529411764705884,22.0,107,10,0,0,E1,6,15,0.1,0.0
claim,1321,default,107,6,6,48.666666666666664,6,2,37.529411764705884,22.0,107,10,12,12,E1,6,15,0.1,0.0
mas,1321,default,70,6,6,37.166666666666664,0,2,30.470588235294116,20.5,0,20,14,21,E1,6,15,0.1,0.0
mas_iterative,1321,default,69,6,6,36.666666666666664,0,2,30.0,20.0,0,18,16,24,E1,6,15,0.1,0.0
hungarian,1321,default,69,6,6,36.666666666666664,0,2,30.0,20.0,0,18,18,58,E1,6,15,0.1,0.0
no_coordination,1322,default,78,6,6,37.666666666666664,4,2,30.9,nan,57,8,0,0,E1,6,15,0.1,0.0
claim,1322,default,78,6,6,37.666666666666664,4,2,30.9,nan,57,8,10,10,E1,6,15,0.1,0.0
mas,1322,default,60,6,6,32.333333333333336,0,2,27.7,nan,0,25,14,21,E1,6,15,0.1,0.0
mas_iterative,1322,default,59,6,6,32.0,0,2,27.5,nan,0,23,14,21,E1,6,15,0.1,0.0
hungarian,1322,default,59,6,6,32.0,0,2,27.5,nan,0,23,18,58,E1,6,15,0.1,0.0
no_coordination,1323,default,95,6,6,47.666666666666664,5,2,38.35294117647059,23.0,58,9,0,0,E1,6,15,0.1,0.0
claim,1323,default,79,6,6,42.666666666666664,2,2,35.76470588235294,23.0,27,34,8,8,E1,6,15,0.1,0.0
mas,1323,default,77,6,6,41.0,0,2,34.411764705882355,21.5,0,26,14,21,E1,6,15,0.1,0.0
mas_iterative,1323,default,77,6,6,39.666666666666664,0,2,32.8235294117647,20.0,0,30,16,24,E1,6,15,0.1,0.0
hungarian,1323,default,77,6,6,39.666666666666664,0,2,32.8235294117647,20.0,0,30,18,58,E1,6,15,0.1,0.0
no_coordination,1324,default,102,6,6,50.5,4,2,40.92857142857143,24.0,66,8,0,0,E1,6,15,0.1,0.0
claim,1324,default,73,6,6,43.333333333333336,0,2,36.857142857142854,24.0,0,12,6,6,E1,6,15,0.1,0.0
mas,1324,default,73,6,6,43.333333333333336,0,2,36.857142857142854,24.0,0,12,12,18,E1,6,15,0.1,0.0
mas_iterative,1324,default,73,6,6,43.333333333333336,0,2,36.857142857142854,24.0,0,12,12,18,E1,6,15,0.1,0.0
hungarian,1324,default,73,6,6,43.333333333333336,0,2,36.857142857142854,24.0,0,12,18,56,E1,6,15,0.1,0.0
no_coordination,1325,default,99,6,6,60.333333333333336,6,2,51.529411764705884,33.0,99,10,0,0,E1,6,15,0.1,0.0
claim,1325,default,99,6,6,60.333333333333336,6,2,51.529411764705884,33.0,99,10,12,12,E1,6,15,0.1,0.0
mas,1325,default,58,6,6,34.333333333333336,0,2,29.88235294117647,21.5,0,22,14,21,E1,6,15,0.1,0.0
mas_iterative,1325,default,57,6,6,33.666666666666664,0,2,29.294117647058822,21.0,0,20,14,21,E1,6,15,0.1,0.0
hungarian,1325,default,57,6,6,33.666666666666664,0,2,29.294117647058822,21.0,0,20,18,56,E1,6,15,0.1,0.0
no_coordination,1326,default,105,6,6,51.666666666666664,4,2,43.411764705882355,20.0,84,8,0,0,E1,6,15,0.1,0.0
claim,1326,default,105,6,6,51.666666666666664,4,2,43.411764705882355,20.0,84,8,10,10,E1,6,15,0.1,0.0
mas,1326,default,67,6,6,39.666666666666664,0,2,34.94117647058823,20.0,0,12,14,21,E1,6,15,0.1,0.0
mas_iterative,1326,default,67,6,6,39.333333333333336,0,2,34.705882352941174,20.0,0,12,14,21,E1,6,15,0.1,0.0
hungarian,1326,default,67,6,6,39.333333333333336,0,2,34.705882352941174,20.0,0,12,18,58,E1,6,15,0.1,0.0
no_coordination,1327,default,107,6,6,53.666666666666664,4,2,38.35294117647059,23.333333333333332,86,8,0,0,E1,6,15,0.1,0.0
claim,1327,default,107,6,6,53.666666666666664,4,2,38.35294117647059,23.333333333333332,86,8,10,10,E1,6,15,0.1,0.0
mas,1327,default,80,6,6,42.666666666666664,0,2,33.411764705882355,23.333333333333332,0,28,14,21,E1,6,15,0.1,0.0
mas_iterative,1327,default,79,6,6,42.333333333333336,0,2,33.1764705882353,23.333333333333332,0,26,14,21,E1,6,15,0.1,0.0
hungarian,1327,default,79,6,6,42.333333333333336,0,2,33.1764705882353,23.333333333333332,0,26,18,58,E1,6,15,0.1,0.0
no_coordination,1328,default,59,6,6,32.5,2,2,29.928571428571427,nan,9,7,0,0,E1,6,15,0.1,0.0
claim,1328,default,61,6,6,31.333333333333332,0,2,29.5,nan,0,33,6,6,E1,6,15,0.1,0.0
mas,1328,default,61,6,6,31.333333333333332,0,2,29.5,nan,0,33,12,18,E1,6,15,0.1,0.0
mas_iterative,1328,default,61,6,6,31.333333333333332,0,2,29.5,nan,0,33,12,18,E1,6,15,0.1,0.0
hungarian,1328,default,61,6,6,31.333333333333332,0,2,29.5,nan,0,33,18,56,E1,6,15,0.1,0.0
no_coordination,1329,default,97,6,6,61.166666666666664,4,2,52.4375,20.0,74,9,0,0,E1,6,15,0.1,0.0
claim,1329,default,74,6,6,51.0,1,2,46.625,20.0,21,12,7,7,E1,6,15,0.1,0.0
mas,1329,default,61,6,6,41.166666666666664,0,2,37.1875,20.0,0,12,14,21,E1,6,15,0.1,0.0
mas_iterative,1329,default,61,6,6,40.666666666666664,0,2,36.75,20.0,0,12,14,21,E1,6,15,0.1,0.0
hungarian,1329,default,61,6,6,40.666666666666664,0,2,36.75,20.0,0,12,18,56,E1,6,15,0.1,0.0
no_coordination,1330,default,71,6,6,50.333333333333336,3,2,42.142857142857146,20.0,35,7,0,0,E1,6,15,0.1,0.0
claim,1330,default,73,6,6,48.333333333333336,1,2,41.142857142857146,20.0,21,19,7,7,E1,6,15,0.1,0.0
mas,1330,default,66,6,6,39.333333333333336,0,2,33.642857142857146,20.0,0,20,14,21,E1,6,15,0.1,0.0
mas_iterative,1330,default,65,6,6,38.666666666666664,0,2,33.142857142857146,20.0,0,18,16,24,E1,6,15,0.1,0.0
hungarian,1330,default,65,6,6,38.666666666666664,0,2,33.142857142857146,20.0,0,18,18,58,E1,6,15,0.1,0.0
no_coordination,1331,default,125,6,6,63.166666666666664,5,2,52.42857142857143,28.0,120,10,0,0,E1,6,15,0.1,0.0
claim,1331,default,99,6,6,57.333333333333336,2,2,49.285714285714285,28.0,45,33,8,8,E1,6,15,0.1,0.0
mas,1331,default,79,6,6,36.5,0,2,31.142857142857142,20.0,0,43,14,21,E1,6,15,0.1,0.0
mas_iterative,1331,default,79,6,6,36.0,0,2,30.714285714285715,20.0,0,43,16,24,E1,6,15,0.1,0.0
hungarian,1331,default,79,6,6,36.0,0,2,30.714285714285715,20.0,0,43,18,58,E1,6,15,0.1,0.0
no_coordination,1332,default,83,6,6,43.666666666666664,4,2,35.75,20.0,60,8,0,0,E1,6,15,0.1,0.0
claim,1332,default,59,6,6,34.666666666666664,0,2,30.875,20.0,0,16,6,6,E1,6,15,0.1,0.0
mas,1332,default,59,6,6,34.666666666666664,0,2,30.875,20.0,0,16,12,18,E1,6,15,0.1,0.0
mas_iterative,1332,default,59,6,6,34.666666666666664,0,2,30.875,20.0,0,16,12,18,E1,6,15,0.1,0.0
hungarian,1332,default,59,6,6,34.666666666666664,0,2,30.875,20.0,0,16,18,56,E1,6,15,0.1,0.0
no_coordination,1333,default,113,6,6,56.333333333333336,4,2,47.84615384615385,nan,92,8,0,0,E1,6,15,0.1,0.0
claim,1333,default,113,6,6,56.333333333333336,4,2,47.84615384615385,nan,92,8,10,10,E1,6,15,0.1,0.0
mas,1333,default,68,6,6,42.333333333333336,0,2,38.38461538461539,nan,0,6,14,21,E1,6,15,0.1,0.0
mas_iterative,1333,default,67,6,6,42.0,0,2,38.15384615384615,nan,0,4,14,21,E1,6,15,0.1,0.0
hungarian,1333,default,67,6,6,42.0,0,2,38.15384615384615,nan,0,4,18,58,E1,6,15,0.1,0.0
no_coordination,1334,default,115,6,6,65.0,4,2,55.2,nan,89,8,0,0,E1,6,15,0.1,0.0
claim,1334,default,89,6,6,60.0,1,2,52.2,nan,29,13,7,7,E1,6,15,0.1,0.0
mas,1334,default,83,6,6,43.0,0,2,37.6,nan,0,30,14,21,E1,6,15,0.1,0.0
mas_iterative,1334,default,83,6,6,42.666666666666664,0,2,37.2,nan,0,30,16,24,E1,6,15,0.1,0.0
hungarian,1334,default,83,6,6,42.666666666666664,0,2,37.2,nan,0,30,18,58,E1,6,15,0.1,0.0
no_coordination,1335,default,98,6,6,47.833333333333336,5,2,41.411764705882355,22.0,40,9,0,0,E1,6,15,0.1,0.0
claim,1335,default,77,6,6,37.666666666666664,0,2,34.0,22.0,0,39,6,6,E1,6,15,0.1,0.0
mas,1335,default,77,6,6,37.666666666666664,0,2,34.0,22.0,0,39,12,18,E1,6,15,0.1,0.0
mas_iterative,1335,default,77,6,6,37.666666666666664,0,2,34.0,22.0,0,39,12,18,E1,6,15,0.1,0.0
hungarian,1335,default,77,6,6,37.666666666666664,0,2,34.0,22.0,0,39,18,56,E1,6,15,0.1,0.0
no_coordination,1336,default,117,6,6,66.0,5,2,52.57142857142857,28.0,76,9,0,0,E1,6,15,0.1,0.0
claim,1336,default,93,6,6,57.0,1,2,48.142857142857146,28.0,29,31,7,7,E1,6,15,0.1,0.0
mas,1336,default,74,6,6,40.833333333333336,0,2,33.142857142857146,20.0,0,28,14,21,E1,6,15,0.1,0.0
mas_iterative,1336,default,73,6,6,40.333333333333336,0,2,32.714285714285715,20.0,0,26,14,21,E1,6,15,0.1,0.0
hungarian,1336,default,73,6,6,40.333333333333336,0,2,32.714285714285715,20.0,0,26,18,56,E1,6,15,0.1,0.0
no_coordination,1337,default,83,6,6,48.833333333333336,3,2,43.8235294117647,22.0,48,8,0,0,E1,6,15,0.1,0.0
claim,1337,default,83,6,6,42.5,0,2,38.588235294117645,22.0,0,37,6,6,E1,6,15,0.1,0.0
mas,1337,default,83,6,6,42.5,0,2,38.588235294117645,22.0,0,37,12,18,E1,6,15,0.1,0.0
mas_iterative,1337,default,83,6,6,42.5,0,2,38.588235294117645,22.0,0,37,12,18,E1,6,15,0.1,0.0
hungarian,1337,default,83,6,6,42.5,0,2,38.588235294117645,22.0,0,37,18,56,E1,6,15,0.1,0.0
no_coordination,1338,default,79,6,6,51.333333333333336,6,2,43.6,32.0,79,10,0,0,E1,6,15,0.1,0.0
claim,1338,default,79,6,6,51.333333333333336,6,2,43.6,32.0,79,10,12,12,E1,6,15,0.1,0.0
mas,1338,default,52,6,6,34.166666666666664,0,2,29.6,23.5,0,12,14,21,E1,6,15,0.1,0.0
mas_iterative,1338,default,51,6,6,33.666666666666664,0,2,29.066666666666666,23.0,0,10,14,21,E1,6,15,0.1,0.0
hungarian,1338,default,51,6,6,33.666666666666664,0,2,29.066666666666666,23.0,0,10,18,56,E1,6,15,0.1,0.0
no_coordination,1339,default,105,6,6,62.333333333333336,4,2,47.75,21.0,64,8,0,0,E1,6,15,0.1,0.0
claim,1339,default,79,6,6,47.0,1,2,38.5,21.0,20,5,7,7,E1,6,15,0.1,0.0
mas,1339,default,79,6,6,47.0,0,2,38.5,21.0,0,24,14,21,E1,6,15,0.1,0.0
mas_iterative,1339,default,79,6,6,47.0,0,2,38.5,21.0,0,24,14,21,E1,6,15,0.1,0.0
hungarian,1339,default,79,6,6,47.0,0,2,38.5,21.0,0,24,20,59,E1,6,15,0.1,0.0
no_coordination,1340,default,84,6,6,44.666666666666664,4,2,41.27777777777778,22.0,40,8,0,0,E1,6,15,0.1,0.0
claim,1340,default,71,6,6,41.0,0,2,38.333333333333336,22.0,0,14,6,6,E1,6,15,0.1,0.0
mas,1340,default,71,6,6,41.0,0,2,38.333333333333336,22.0,0,14,12,18,E1,6,15,0.1,0.0
mas_iterative,1340,default,71,6,6,41.0,0,2,38.333333333333336,22.0,0,14,12,18,E1,6,15,0.1,0.0
hungarian,1340,default,71,6,6,41.0,0,2,38.333333333333336,22.0,0,14,18,56,E1,6,15,0.1,0.0
no_coordination,1341,default,107,6,6,52.333333333333336,4,2,39.125,20.0,86,8,0,0,E1,6,15,0.1,0.0
claim,1341,default,107,6,6,52.333333333333336,4,2,39.125,20.0,86,8,10,10,E1,6,15,0.1,0.0
mas,1341,default,72,6,6,40.666666666666664,0,2,32.5625,20.0,0,20,14,21,E1,6,15,0.1,0.0
mas_iterative,1341,default,71,6,6,40.333333333333336,0,2,32.375,20.0,0,18,14,21,E1,6,15,0.1,0.0
hungarian,1341,default,71,6,6,40.333333333333336,0,2,32.375,20.0,0,18,18,58,E1,6,15,0.1,0.0
no_coordination,1342,default,88,6,6,47.166666666666664,3,2,35.4375,20.0,38,7,0,0,E1,6,15,0.1,0.0
claim,1342,default,88,6,6,47.166666666666664,2,2,35.4375,20.0,38,19,8,8,E1,6,15,0.1,0.0
mas,1342,default,77,6,6,39.166666666666664,0,2,32.0625,20.0,0,26,14,21,E1,6,15,0.1,0.0
mas_iterative,1342,default,77,6,6,39.0,0,2,31.875,20.0,0,26,14,21,E1,6,15,0.1,0.0
hungarian,1342,default,77,6,6,39.0,0,2,31.875,20.0,0,26,18,58,E1,6,15,0.1,0.0
no_coordination,1343,default,98,6,6,61.833333333333336,4,2,53.214285714285715,26.0,75,9,0,0,E1,6,15,0.1,0.0
claim,1343,default,83,6,6,57.666666666666664,2,2,51.357142857142854,26.0,49,15,8,8,E1,6,15,0.1,0.0
mas,1343,default,55,6,6,34.166666666666664,0,2,30.285714285714285,20.0,0,12,14,21,E1,6,15,0.1,0.0
mas_iterative,1343,default,55,6,6,33.666666666666664,0,2,29.857142857142858,20.0,0,12,16,24,E1,6,15,0.1,0.0
hungarian,1343,default,55,6,6,33.666666666666664,0,2,29.857142857142858,20.0,0,12,18,58,E1,6,15,0.1,0.0
no_coordination,1344,default,105,6,6,60.666666666666664,6,2,46.42857142857143,28.0,105,10,0,0,E1,6,15,0.1,0.0
claim,1344,default,105,6,6,60.666666666666664,6,2,46.42857142857143,28.0,105,10,12,12,E1,6,15,0.1,0.0
mas,1344,default,67,6,6,41.666666666666664,0,2,34.857142857142854,25.5,0,18,14,21,E1,6,15,0.1,0.0
mas_iterative,1344,default,67,6,6,41.333333333333336,0,2,34.42857142857143,25.0,0,18,14,21,E1,6,15,0.1,0.0
hungarian,1344,default,63,6,6,38.0,0,2,30.714285714285715,21.0,0,18,18,56,E1,6,15,0.1,0.0
no_coordination,1345,default,91,6,6,46.0,4,2,37.57142857142857,nan,70,8,0,0,E1,6,15,0.1,0.0
claim,1345,default,91,6,6,46.0,4,2,37.57142857142857,nan,70,8,10,10,E1,6,15,0.1,0.0
mas,1345,default,64,6,6,37.333333333333336,0,2,32.07142857142857,nan,0,18,14,21,E1,6,15,0.1,0.0
mas_iterative,1345,default,63,6,6,37.0,0,2,31.857142857142858,nan,0,16,14,21,E1,6,15,0.1,0.0
hungarian,1345,default,63,6,6,37.0,0,2,31.857142857142858,nan,0,16,18,58,E1,6,15,0.1,0.0
no_coordination,1346,default,77,6,6,42.666666666666664,3,2,37.23076923076923,nan,55,7,0,0,E1,6,15,0.1,0.0
claim,1346,default,71,6,6,41.666666666666664,1,2,36.76923076923077,nan,23,25,7,7,E1,6,15,0.1,0.0
mas,1346,default,66,6,6,39.166666666666664,0,2,34.84615384615385,nan,0,10,14,21,E1,6,15,0.1,0.0
mas_iterative,1346,default,65,6,6,38.666666666666664,0,2,34.30769230769231,nan,0,8,14,21,E1,6,15,0.1,0.0
hungarian,1346,default,65,6,6,38.666666666666664,0,2,34.30769230769231,nan,0,8,18,56,E1,6,15,0.1,0.0
no_coordination,1347,default,131,6,6,67.66666666666667,6,2,62.125,nan,131,10,0,0,E1,6,15,0.1,0.0
claim,1347,default,131,6,6,67.66666666666667,6,2,62.125,nan,131,10,12,12,E1,6,15,0.1,0.0
mas,1347,default,58,6,6,35.5,0,2,35.0625,nan,0,12,14,21,E1,6,15,0.1,0.0
mas_iterative,1347,default,57,6,6,35.0,0,2,34.625,nan,0,10,18,27,E1,6,15,0.1,0.0
hungarian,1347,default,57,6,6,35.0,0,2,34.625,nan,0,10,18,60,E1,6,15,0.1,0.0
no_coordination,1348,default,77,6,6,43.666666666666664,3,2,41.72222222222222,20.0,53,7,0,0,E1,6,15,0.1,0.0
claim,1348,default,68,6,6,43.0,1,2,40.77777777777778,20.0,21,12,7,7,E1,6,15,0.1,0.0
mas,1348,default,61,6,6,39.5,0,2,37.44444444444444,20.0,0,8,14,21,E1,6,15,0.1,0.0
mas_iterative,1348,default,61,6,6,39.0,0,2,37.0,20.0,0,8,14,21,E1,6,15,0.1,0.0
hungarian,1348,default,57,6,6,37.333333333333336,0,2,35.666666666666664,24.0,0,6,18,56,E1,6,15,0.1,0.0
no_coordination,1349,default,93,6,6,59.5,3,2,54.294117647058826,26.0,52,7,0,0,E1,6,15,0.1,0.0
claim,1349,default,90,6,6,54.833333333333336,1,2,51.0,26.0,27,24,7,7,E1,6,15,0.1,0.0
mas,1349,default,81,6,6,43.666666666666664,0,2,39.88235294117647,20.0,0,32,14,21,E1,6,15,0.1,0.0
mas_iterative,1349,default,81,6,6,43.333333333333336,0,2,39.529411764705884,20.0,0,32,14,21,E1,6,15,0.1,0.0
hungarian,1349,default,81,6,6,43.333333333333336,0,2,39.529411764705884,20.0,0,32,18,56,E1,6,15,0.1,0.0
no_coordination,1350,default,90,6,6,49.333333333333336,5,2,43.142857142857146,nan,69,9,0,0,E1,6,15,0.1,0.0
claim,1350,default,57,6,6,36.5,0,2,34.5,nan,0,7,6,6,E1,6,15,0.1,0.0
mas,1350,default,57,6,6,36.5,0,2,34.5,nan,0,7,12,18,E1,6,15,0.1,0.0
mas_iterative,1350,default,57,6,6,36.5,0,2,34.5,nan,0,7,12,18,E1,6,15,0.1,0.0
hungarian,1350,default,57,6,6,36.5,0,2,34.5,nan,0,7,18,56,E1,6,15,0.1,0.0
no_coordination,1351,default,139,6,6,64.33333333333333,4,2,54.625,20.0,118,8,0,0,E1,6,15,0.1,0.0
claim,1351,default,139,6,6,64.33333333333333,4,2,54.625,20.0,118,8,10,10,E1,6,15,0.1,0.0
mas,1351,default,84,6,6,47.666666666666664,0,2,42.125,20.0,0,12,14,21,E1,6,15,0.1,0.0
mas_iterative,1351,default,83,6,6,47.333333333333336,0,2,41.875,20.0,0,10,14,21,E1,6,15,0.1,0.0
hungarian,1351,default,83,6,6,47.333333333333336,0,2,41.875,20.0,0,10,18,58,E1,6,15,0.1,0.0
no_coordination,1352,default,93,6,6,47.666666666666664,5,2,35.285714285714285,21.0,72,9,0,0,E1,6,15,0.1,0.0
claim,1352,default,59,6,6,37.0,0,2,29.714285714285715,21.0,0,8,6,6,E1,6,15,0.1,0.0
mas,1352,default,59,6,6,37.0,0,2,29.714285714285715,21.0,0,8,12,18,E1,6,15,0.1,0.0
mas_iterative,1352,default,59,6,6,37.0,0,2,29.714285714285715,21.0,0,8,12,18,E1,6,15,0.1,0.0
hungarian,1352,default,59,6,6,37.0,0,2,29.714285714285715,21.0,0,8,18,56,E1,6,15,0.1,0.0
no_coordination,1353,default,89,6,6,54.166666666666664,3,2,51.53846153846154,nan,40,7,0,0,E1,6,15,0.1,0.0
claim,1353,default,89,6,6,53.333333333333336,1,2,50.76923076923077,nan,21,18,7,7,E1,6,15,0.1,0.0
mas,1353,default,86,6,6,44.166666666666664,0,2,42.30769230769231,nan,0,30,14,21,E1,6,15,0.1,0.0
mas_iterative,1353,default,85,6,6,43.666666666666664,0,2,41.84615384615385,nan,0,28,16,24,E1,6,15,0.1,0.0
hungarian,1353,default,81,6,6,43.666666666666664,0,2,42.0,nan,0,24,18,56,E1,6,15,0.1,0.0
no_coordination,1354,default,89,6,6,47.333333333333336,3,2,39.166666666666664,nan,37,7,0,0,E1,6,15,0.1,0.0
claim,1354,default,73,6,6,44.666666666666664,1,2,37.833333333333336,nan,20,11,7,7,E1,6,15,0.1,0.0
mas,1354,default,64,6,6,39.333333333333336,0,2,34.916666666666664,nan,0,6,14,21,E1,6,15,0.1,0.0
mas_iterative,1354,default,63,6,6,39.0,0,2,34.666666666666664,nan,0,4,14,21,E1,6,15,0.1,0.0
hungarian,1354,default,63,6,6,39.0,0,2,34.666666666666664,nan,0,4,18,58,E1,6,15,0.1,0.0
no_coordination,1355,default,81,6,6,43.333333333333336,4,2,34.11764705882353,23.333333333333332,47,8,0,0,E1,6,15,0.1,0.0
claim,1355,default,55,6,6,34.666666666666664,0,2,29.88235294117647,23.333333333333332,0,10,6,6,E1,6,15,0.1,0.0
mas,1355,default,55,6,6,34.666666666666664,0,2,29.88235294117647,23.333333333333332,0,10,12,18,E1,6,15,0.1,0.0
mas_iterative,1355,default,55,6,6,34.666666666666664,0,2,29.88235294117647,23.333333333333332,0,10,12,18,E1,6,15,0.1,0.0
hungarian,1355,default,55,6,6,34.666666666666664,0,2,29.88235294117647,23.333333333333332,0,10,18,56,E1,6,15,0.1,0.0
no_coordination,1356,default,101,6,6,47.0,5,2,36.36363636363637,nan,43,9,0,0,E1,6,15,0.1,0.0
claim,1356,default,89,6,6,40.666666666666664,2,2,32.72727272727273,nan,56,6,8,8,E1,6,15,0.1,0.0
mas,1356,default,74,6,6,38.166666666666664,0,2,31.363636363636363,nan,0,28,14,21,E1,6,15,0.1,0.0
mas_iterative,1356,default,73,6,6,38.0,0,2,31.272727272727273,nan,0,26,14,21,E1,6,15,0.1,0.0
hungarian,1356,default,73,6,6,38.0,0,2,31.272727272727273,nan,0,26,18,58,E1,6,15,0.1,0.0
no_coordination,1357,default,85,6,6,41.333333333333336,3,2,33.55555555555556,22.666666666666668,25,7,0,0,E1,6,15,0.1,0.0
claim,1357,default,69,6,6,38.666666666666664,1,2,32.666666666666664,22.666666666666668,8,17,7,7,E1,6,15,0.1,0.0
mas,1357,default,62,6,6,37.0,0,2,32.166666666666664,22.666666666666668,0,6,14,21,E1,6,15,0.1,0.0
mas_iterative,1357,default,61,6,6,36.666666666666664,0,2,32.0,22.666666666666668,0,4,14,21,E1,6,15,0.1,0.0
hungarian,1357,default,61,6,6,36.666666666666664,0,2,32.0,22.666666666666668,0,4,18,58,E1,6,15,0.1,0.0
no_coordination,1358,default,79,6,6,45.666666666666664,3,2,39.06666666666667,21.0,17,7,0,0,E1,6,15,0.1,0.0
claim,1358,default,75,6,6,41.0,0,2,36.266666666666666,21.0,0,14,6,6,E1,6,15,0.1,0.0
mas,1358,default,75,6,6,41.0,0,2,36.266666666666666,21.0,0,14,12,18,E1,6,15,0.1,0.0
mas_iterative,1358,default,75,6,6,41.0,0,2,36.266666666666666,21.0,0,14,12,18,E1,6,15,0.1,0.0
hungarian,1358,default,75,6,6,41.0,0,2,36.266666666666666,21.0,0,14,18,56,E1,6,15,0.1,0.0
no_coordination,1359,default,144,6,6,72.0,5,2,58.142857142857146,24.0,89,9,0,0,E1,6,15,0.1,0.0
claim,1359,default,109,6,6,61.0,1,2,51.214285714285715,24.0,25,36,7,7,E1,6,15,0.1,0.0
mas,1359,default,98,6,6,54.5,0,2,45.42857142857143,24.0,0,28,14,21,E1,6,15,0.1,0.0
mas_iterative,1359,default,97,6,6,54.0,0,2,45.0,24.0,0,26,14,21,E1,6,15,0.1,0.0
hungarian,1359,default,97,6,6,52.0,0,2,43.42857142857143,30.0,0,30,18,56,E1,6,15,0.1,0.0
no_coordination,1360,default,109,6,6,58.666666666666664,6,2,43.714285714285715,25.0,109,10,0,0,E1,6,15,0.1,0.0
claim,1360,default,109,6,6,58.666666666666664,6,2,43.714285714285715,25.0,109,10,12,12,E1,6,15,0.1,0.0
mas,1360,default,65,6,6,40.833333333333336,0,2,32.357142857142854,21.5,0,10,14,21,E1,6,15,0.1,0.0
mas_iterative,1360,default,65,6,6,40.333333333333336,0,2,31.857142857142858,21.0,0,10,14,21,E1,6,15,0.1,0.0
hungarian,1360,default,65,6,6,40.333333333333336,0,2,31.857142857142858,21.0,0,10,18,56,E1,6,15,0.1,0.0
no_coordination,1361,default,99,6,6,46.666666666666664,4,2,34.94117647058823,23.333333333333332,74,8,0,0,E1,6,15,0.1,0.0
claim,1361,default,73,6,6,37.666666666666664,0,2,31.529411764705884,23.333333333333332,0,26,6,6,E1,6,15,0.1,0.0
mas,1361,default,73,6,6,37.666666666666664,0,2,31.529411764705884,23.333333333333332,0,26,12,18,E1,6,15,0.1,0.0
mas_iterative,1361,default,73,6,6,37.666666666666664,0,2,31.529411764705884,23.333333333333332,0,26,12,18,E1,6,15,0.1,0.0
hungarian,1361,default,73,6,6,37.666666666666664,0,2,31.529411764705884,23.333333333333332,0,26,18,56,E1,6,15,0.1,0.0
no_coordination,1363,default,67,6,6,41.166666666666664,3,2,36.46153846153846,nan,31,7,0,0,E1,6,15,0.1,0.0
claim,1363,default,53,6,6,37.0,0,2,33.69230769230769,nan,0,6,6,6,E1,6,15,0.1,0.0
mas,1363,default,53,6,6,37.0,0,2,33.69230769230769,nan,0,6,12,18,E1,6,15,0.1,0.0
mas_iterative,1363,default,53,6,6,37.0,0,2,33.69230769230769,nan,0,6,12,18,E1,6,15,0.1,0.0
hungarian,1363,default,53,6,6,37.0,0,2,33.69230769230769,nan,0,6,18,56,E1,6,15,0.1,0.0
no_coordination,1364,default,67,6,6,45.333333333333336,4,2,42.4,36.0,27,8,0,0,E1,6,15,0.1,0.0
claim,1364,default,69,6,6,45.0,0,2,42.13333333333333,36.0,0,12,6,6,E1,6,15,0.1,0.0
mas,1364,default,69,6,6,45.0,0,2,42.13333333333333,36.0,0,12,12,18,E1,6,15,0.1,0.0
mas_iterative,1364,default,69,6,6,45.0,0,2,42.13333333333333,36.0,0,12,12,18,E1,6,15,0.1,0.0
hungarian,1364,default,69,6,6,45.0,0,2,42.13333333333333,36.0,0,12,18,56,E1,6,15,0.1,0.0
no_coordination,1365,default,127,6,6,68.83333333333333,4,2,57.3125,28.0,106,8,0,0,E1,6,15,0.1,0.0
claim,1365,default,99,6,6,60.666666666666664,1,2,52.9375,28.0,29,26,7,7,E1,6,15,0.1,0.0
mas,1365,default,76,6,6,43.5,0,2,36.8125,20.0,0,16,14,21,E1,6,15,0.1,0.0
mas_iterative,1365,default,75,6,6,43.0,0,2,36.375,20.0,0,14,16,24,E1,6,15,0.1,0.0
hungarian,1365,default,75,6,6,43.0,0,2,36.375,20.0,0,14,18,58,E1,6,15,0.1,0.0
no_coordination,1366,default,108,6,6,54.833333333333336,4,2,49.23529411764706,28.0,58,8,0,0,E1,6,15,0.1,0.0
claim,1366,default,86,6,6,50.166666666666664,1,2,45.94117647058823,28.0,29,25,7,7,E1,6,15,0.1,0.0
mas,1366,default,71,6,6,36.166666666666664,0,2,32.76470588235294,22.0,0,29,14,21,E1,6,15,0.1,0.0
mas_iterative,1366,default,71,6,6,35.666666666666664,0,2,32.294117647058826,22.0,0,29,14,21,E1,6,15,0.1,0.0
hungarian,1366,default,71,6,6,35.666666666666664,0,2,32.294117647058826,22.0,0,29,18,56,E1,6,15,0.1,0.0
no_coordination,1367,default,115,6,6,69.66666666666667,4,2,57.07692307692308,nan,86,8,0,0,E1,6,15,0.1,0.0
claim,1367,default,105,6,6,61.0,1,2,52.46153846153846,nan,29,33,7,7,E1,6,15,0.1,0.0
mas,1367,default,96,6,6,50.666666666666664,0,2,42.0,nan,0,38,14,21,E1,6,15,0.1,0.0
mas_iterative,1367,default,95,6,6,50.0,0,2,41.38461538461539,nan,0,36,14,21,E1,6,15,0.1,0.0
hungarian,1367,default,91,6,6,48.333333333333336,0,2,40.30769230769231,nan,0,32,18,56,E1,6,15,0.1,0.0
no_coordination,1368,default,123,6,6,59.333333333333336,4,2,45.88235294117647,20.0,102,8,0,0,E1,6,15,0.1,0.0
claim,1368,default,123,6,6,59.333333333333336,4,2,45.88235294117647,20.0,102,8,10,10,E1,6,15,0.1,0.0
mas,1368,default,86,6,6,45.333333333333336,0,2,36.94117647058823,20.0,0,32,14,21,E1,6,15,0.1,0.0
mas_iterative,1368,default,85,6,6,45.0,0,2,36.705882352941174,20.0,0,30,14,21,E1,6,15,0.1,0.0
hungarian,1368,default,85,6,6,45.0,0,2,36.705882352941174,20.0,0,30,18,58,E1,6,15,0.1,0.0
no_coordination,1369,default,69,6,6,40.666666666666664,2,2,35.77777777777778,24.0,20,6,0,0,E1,6,15,0.1,0.0
claim,1369,default,69,6,6,40.666666666666664,2,2,35.77777777777778,24.0,20,6,8,8,E1,6,15,0.1,0.0
mas,1369,default,68,6,6,37.333333333333336,0,2,33.166666666666664,24.0,0,16,14,21,E1,6,15,0.1,0.0
mas_iterative,1369,default,67,6,6,37.0,0,2,32.888888888888886,24.0,0,14,14,21,E1,6,15,0.1,0.0
hungarian,1369,default,67,6,6,37.0,0,2,32.888888888888886,24.0,0,14,18,58,E1,6,15,0.1,0.0
no_coordination,1370,default,119,6,6,57.666666666666664,4,2,50.25,24.0,59,8,0,0,E1,6,15,0.1,0.0
claim,1370,default,79,6,6,46.0,0,2,41.5,24.0,0,16,6,6,E1,6,15,0.1,0.0
mas,1370,default,79,6,6,46.0,0,2,41.5,24.0,0,16,12,18,E1,6,15,0.1,0.0
mas_iterative,1370,default,79,6,6,46.0,0,2,41.5,24.0,0,16,12,18,E1,6,15,0.1,0.0
hungarian,1370,default,79,6,6,46.0,0,2,41.5,24.0,0,16,18,56,E1,6,15,0.1,0.0
no_coordination,1371,default,114,6,6,62.333333333333336,5,2,49.84615384615385,28.0,65,9,0,0,E1,6,15,0.1,0.0
claim,1371,default,87,6,6,56.0,1,2,46.92307692307692,28.0,29,18,7,7,E1,6,15,0.1,0.0
mas,1371,default,71,6,6,39.5,0,2,32.23076923076923,20.0,0,20,14,21,E1,6,15,0.1,0.0
mas_iterative,1371,default,71,6,6,38.0,0,2,31.076923076923077,20.0,0,22,16,24,E1,6,15,0.1,0.0
hungarian,1371,default,71,6,6,38.0,0,2,31.076923076923077,20.0,0,22,18,58,E1,6,15,0.1,0.0
no_coordination,1372,default,95,6,6,49.666666666666664,4,2,47.05882352941177,nan,74,8,0,0,E1,6,15,0.1,0.0
claim,1372,default,95,6,6,49.666666666666664,4,2,47.05882352941177,nan,74,8,10,10,E1,6,15,0.1,0.0
mas,1372,default,59,6,6,37.666666666666664,0,2,36.64705882352941,nan,0,8,14,21,E1,6,15,0.1,0.0
mas_iterative,1372,default,59,6,6,37.333333333333336,0,2,36.35294117647059,nan,0,8,14,21,E1,6,15,0.1,0.0
hungarian,1372,default,59,6,6,37.333333333333336,0,2,36.35294117647059,nan,0,8,18,58,E1,6,15,0.1,0.0
no_coordination,1373,default,89,6,6,48.333333333333336,5,2,42.833333333333336,nan,66,9,0,0,E1,6,15,0.1,0.0
claim,1373,default,61,6,6,41.0,1,2,37.833333333333336,nan,23,7,7,7,E1,6,15,0.1,0.0
mas,1373,default,55,6,6,35.833333333333336,0,2,33.083333333333336,nan,0,6,14,21,E1,6,15,0.1,0.0
mas_iterative,1373,default,55,6,6,35.333333333333336,0,2,32.666666666666664,nan,0,6,14,21,E1,6,15,0.1,0.0
hungarian,1373,default,51,6,6,32.666666666666664,0,2,30.333333333333332,nan,0,12,18,56,E1,6,15,0.1,0.0
no_coordination,1374,default,67,6,6,39.333333333333336,4,2,33.25,28.0,46,8,0,0,E1,6,15,0.1,0.0
claim,1374,default,67,6,6,39.333333333333336,4,2,33.25,28.0,46,8,10,10,E1,6,15,0.1,0.0
mas,1374,default,52,6,6,31.833333333333332,0,2,28.5625,28.0,0,20,14,21,E1,6,15,0.1,0.0
mas_iterative,1374,default,51,6,6,31.333333333333332,0,2,28.25,28.0,0,18,14,21,E1,6,15,0.1,0.0
hungarian,1374,default,51,6,6,31.333333333333332,0,2,28.25,28.0,0,18,18,58,E1,6,15,0.1,0.0
no_coordination,1375,default,80,6,6,44.333333333333336,3,2,41.77777777777778,20.0,45,7,0,0,E1,6,15,0.1,0.0
claim,1375,default,79,6,6,39.0,0,2,37.77777777777778,20.0,0,37,6,6,E1,6,15,0.1,0.0
mas,1375,default,79,6,6,39.0,0,2,37.77777777777778,20.0,0,37,12,18,E1,6,15,0.1,0.0
mas_iterative,1375,default,79,6,6,39.0,0,2,37.77777777777778,20.0,0,37,12,18,E1,6,15,0.1,0.0
hungarian,1375,default,79,6,6,39.0,0,2,37.77777777777778,20.0,0,37,18,56,E1,6,15,0.1,0.0
no_coordination,1376,default,86,6,6,40.666666666666664,4,2,31.625,20.0,65,8,0,0,E1,6,15,0.1,0.0
claim,1376,default,86,6,6,40.666666666666664,4,2,31.625,20.0,65,8,10,10,E1,6,15,0.1,0.0
mas,1376,default,66,6,6,34.333333333333336,0,2,28.125,20.0,0,29,14,21,E1,6,15,0.1,0.0
mas_iterative,1376,default,65,6,6,34.0,0,2,27.9375,20.0,0,27,14,21,E1,6,15,0.1,0.0
hungarian,1376,default,65,6,6,34.0,0,2,27.9375,20.0,0,27,18,58,E1,6,15,0.1,0.0
no_coordination,1377,default,135,6,6,69.83333333333333,4,2,61.23529411764706,20.0,110,8,0,0,E1,6,15,0.1,0.0
claim,1377,default,104,6,6,59.5,1,2,53.94117647058823,20.0,21,34,7,7,E1,6,15,0.1,0.0
mas,1377,default,82,6,6,47.5,0,2,42.588235294117645,20.0,0,16,14,21,E1,6,15,0.1,0.0
mas_iterative,1377,default,81,6,6,47.0,0,2,42.11764705882353,20.0,0,14,16,24,E1,6,15,0.1,0.0
hungarian,1377,default,81,6,6,47.0,0,2,42.11764705882353,20.0,0,14,18,58,E1,6,15,0.1,0.0
no_coordination,1378,default,121,6,6,70.33333333333333,5,2,58.0,28.0,107,9,0,0,E1,6,15,0.1,0.0
claim,1378,default,103,6,6,67.33333333333333,3,2,56.61538461538461,28.0,61,17,9,9,E1,6,15,0.1,0.0
mas,1378,default,69,6,6,42.166666666666664,0,2,35.30769230769231,20.0,0,14,14,21,E1,6,15,0.1,0.0
mas_iterative,1378,default,69,6,6,41.666666666666664,0,2,34.92307692307692,20.0,0,14,14,21,E1,6,15,0.1,0.0
hungarian,1378,default,81,6,6,45.333333333333336,0,2,37.53846153846154,28.0,0,24,18,56,E1,6,15,0.1,0.0
no_coordination,1379,default,93,6,6,48.166666666666664,2,2,42.166666666666664,nan,41,7,0,0,E1,6,15,0.1,0.0
claim,1379,default,87,6,6,46.666666666666664,0,2,41.166666666666664,nan,0,30,6,6,E1,6,15,0.1,0.0
mas,1379,default,87,6,6,46.666666666666664,0,2,41.166666666666664,nan,0,30,12,18,E1,6,15,0.1,0.0
mas_iterative,1379,default,87,6,6,46.666666666666664,0,2,41.166666666666664,nan,0,30,12,18,E1,6,15,0.1,0.0
hungarian,1379,default,87,6,6,46.666666666666664,0,2,41.166666666666664,nan,0,30,18,56,E1,6,15,0.1,0.0
no_coordination,1380,default,109,6,6,53.333333333333336,4,2,44.0,34.0,86,8,0,0,E1,6,15,0.1,0.0
claim,1380,default,109,6,6,53.333333333333336,4,2,44.0,34.0,86,8,10,10,E1,6,15,0.1,0.0
mas,1380,default,74,6,6,42.0,0,2,36.65,30.75,0,22,14,21,E1,6,15,0.1,0.0
mas_iterative,1380,default,73,6,6,41.666666666666664,0,2,36.4,30.5,0,20,14,21,E1,6,15,0.1,0.0
hungarian,1380,default,73,6,6,41.666666666666664,0,2,36.4,30.5,0,20,18,58,E1,6,15,0.1,0.0
no_coordination,1381,default,96,6,6,47.833333333333336,4,2,44.92857142857143,nan,73,8,0,0,E1,6,15,0.1,0.0
claim,1381,default,63,6,6,38.166666666666664,0,2,36.642857142857146,nan,0,11,6,6,E1,6,15,0.1,0.0
mas,1381,default,63,6,6,38.166666666666664,0,2,36.642857142857146,nan,0,11,12,18,E1,6,15,0.1,0.0
mas_iterative,1381,default,63,6,6,38.166666666666664,0,2,36.642857142857146,nan,0,11,12,18,E1,6,15,0.1,0.0
hungarian,1381,default,63,6,6,38.166666666666664,0,2,36.642857142857146,nan,0,11,18,56,E1,6,15,0.1,0.0
no_coordination,1382,default,114,6,6,53.833333333333336,4,2,47.2,20.0,72,8,0,0,E1,6,15,0.1,0.0
claim,1382,default,83,6,6,47.666666666666664,0,2,42.266666666666666,20.0,0,14,6,6,E1,6,15,0.1,0.0
mas,1382,default,83,6,6,47.666666666666664,0,2,42.266666666666666,20.0,0,14,12,18,E1,6,15,0.1,0.0
mas_iterative,1382,default,83,6,6,47.666666666666664,0,2,42.266666666666666,20.0,0,14,12,18,E1,6,15,0.1,0.0
hungarian,1382,default,83,6,6,47.666666666666664,0,2,42.266666666666666,20.0,0,14,18,56,E1,6,15,0.1,0.0
no_coordination,1383,default,109,6,6,53.5,4,2,48.611111111111114,20.0,84,8,0,0,E1,6,15,0.1,0.0
claim,1383,default,89,6,6,49.666666666666664,1,2,45.888888888888886,20.0,21,28,7,7,E1,6,15,0.1,0.0
mas,1383,default,78,6,6,42.5,0,2,39.333333333333336,20.0,0,14,14,21,E1,6,15,0.1,0.0
mas_iterative,1383,default,77,6,6,42.0,0,2,38.888888888888886,20.0,0,12,16,24,E1,6,15,0.1,0.0
hungarian,1383,default,77,6,6,42.0,0,2,38.888888888888886,20.0,0,12,18,58,E1,6,15,0.1,0.0
no_coordination,1384,default,83,6,6,48.333333333333336,4,2,41.69230769230769,nan,35,8,0,0,E1,6,15,0.1,0.0
claim,1384,default,73,6,6,41.0,0,2,35.53846153846154,nan,0,18,6,6,E1,6,15,0.1,0.0
mas,1384,default,73,6,6,41.0,0,2,35.53846153846154,nan,0,18,12,18,E1,6,15,0.1,0.0
mas_iterative,1384,default,73,6,6,41.0,0,2,35.53846153846154,nan,0,18,12,18,E1,6,15,0.1,0.0
hungarian,1384,default,73,6,6,41.0,0,2,35.53846153846154,nan,0,18,18,56,E1,6,15,0.1,0.0
no_coordination,1385,default,83,6,6,50.0,2,2,45.36842105263158,22.0,36,6,0,0,E1,6,15,0.1,0.0
claim,1385,default,83,6,6,50.0,2,2,45.36842105263158,22.0,36,6,8,8,E1,6,15,0.1,0.0
mas,1385,default,77,6,6,45.333333333333336,0,2,41.94736842105263,22.0,0,18,14,21,E1,6,15,0.1,0.0
mas_iterative,1385,default,77,6,6,45.0,0,2,41.68421052631579,22.0,0,18,14,21,E1,6,15,0.1,0.0
hungarian,1385,default,77,6,6,45.0,0,2,41.68421052631579,22.0,0,18,18,58,E1,6,15,0.1,0.0
no_coordination,1386,default,89,6,6,57.333333333333336,4,2,48.857142857142854,24.0,80,8,0,0,E1,6,15,0.1,0.0
claim,1386,default,89,6,6,54.166666666666664,2,2,47.5,24.0,43,25,8,8,E1,6,15,0.1,0.0
mas,1386,default,62,6,6,35.666666666666664,0,2,32.5,22.0,0,12,14,21,E1,6,15,0.1,0.0
mas_iterative,1386,default,61,6,6,35.0,0,2,32.0,22.0,0,10,14,21,E1,6,15,0.1,0.0
hungarian,1386,default,65,6,6,34.666666666666664,0,2,30.285714285714285,24.0,0,30,18,56,E1,6,15,0.1,0.0
no_coordination,1388,default,105,6,6,57.0,4,2,45.333333333333336,28.0,84,8,0,0,E1,6,15,0.1,0.0
claim,1388,default,105,6,6,57.0,4,2,45.333333333333336,28.0,84,8,10,10,E1,6,15,0.1,0.0
mas,1388,default,64,6,6,42.333333333333336,0,2,36.55555555555556,28.0,0,6,14,21,E1,6,15,0.1,0.0
mas_iterative,1388,default,63,6,6,42.0,0,2,36.333333333333336,28.0,0,4,16,24,E1,6,15,0.1,0.0
hungarian,1388,default,63,6,6,42.0,0,2,36.333333333333336,28.0,0,4,18,60,E1,6,15,0.1,0.0
no_coordination,1389,default,78,6,6,44.833333333333336,3,2,38.714285714285715,nan,36,7,0,0,E1,6,15,0.1,0.0
claim,1389,default,78,6,6,44.833333333333336,2,2,38.714285714285715,nan,36,17,8,8,E1,6,15,0.1,0.0
mas,1389,default,75,6,6,38.5,0,2,35.142857142857146,nan,0,32,14,21,E1,6,15,0.1,0.0
mas_iterative,1389,default,75,6,6,38.333333333333336,0,2,35.0,nan,0,32,14,21,E1,6,15,0.1,0.0
hungarian,1389,default,75,6,6,38.333333333333336,0,2,35.0,nan,0,32,18,58,E1,6,15,0.1,0.0
no_coordination,1390,default,117,6,6,63.666666666666664,4,2,57.1764705882353,20.0,93,8,0,0,E1,6,15,0.1,0.0
claim,1390,default,117,6,6,63.666666666666664,4,2,57.1764705882353,20.0,93,8,10,10,E1,6,15,0.1,0.0
mas,1390,default,79,6,6,42.5,0,2,39.76470588235294,20.0,0,18,14,21,E1,6,15,0.1,0.0
mas_iterative,1390,default,79,6,6,42.0,0,2,39.294117647058826,20.0,0,18,16,24,E1,6,15,0.1,0.0
hungarian,1390,default,79,6,6,42.0,0,2,39.294117647058826,20.0,0,18,18,58,E1,6,15,0.1,0.0
no_coordination,1391,default,97,6,6,47.333333333333336,4,2,38.0,20.0,76,8,0,0,E1,6,15,0.1,0.0
claim,1391,default,97,6,6,47.333333333333336,4,2,38.0,20.0,76,8,10,10,E1,6,15,0.1,0.0
mas,1391,default,62,6,6,37.333333333333336,0,2,31.928571428571427,20.0,0,10,14,21,E1,6,15,0.1,0.0
mas_iterative,1391,default,61,6,6,37.0,0,2,31.714285714285715,20.0,0,8,14,21,E1,6,15,0.1,0.0
hungarian,1391,default,61,6,6,37.0,0,2,31.714285714285715,20.0,0,8,18,58,E1,6,15,0.1,0.0
no_coordination,1392,default,143,6,6,67.0,4,2,50.8,20.0,122,8,0,0,E1,6,15,0.1,0.0
claim,1392,default,143,6,6,67.0,4,2,50.8,20.0,122,8,10,10,E1,6,15,0.1,0.0
mas,1392,default,88,6,6,49.333333333333336,0,2,40.333333333333336,20.0,0,16,14,21,E1,6,15,0.1,0.0
mas_iterative,1392,default,87,6,6,49.0,0,2,40.13333333333333,20.0,0,14,14,21,E1,6,15,0.1,0.0
hungarian,1392,default,87,6,6,49.0,0,2,40.13333333333333,20.0,0,14,18,58,E1,6,15,0.1,0.0
no_coordination,1393,default,87,6,6,43.0,4,2,38.63157894736842,23.0,66,8,0,0,E1,6,15,0.1,0.0
claim,1393,default,87,6,6,43.0,4,2,38.63157894736842,23.0,66,8,10,10,E1,6,15,0.1,0.0
mas,1393,default,61,6,6,34.0,0,2,32.1578947368421,23.0,0,18,14,21,E1,6,15,0.1,0.0
mas_iterative,1393,default,61,6,6,33.666666666666664,0,2,31.894736842105264,23.0,0,18,14,21,E1,6,15,0.1,0.0
hungarian,1393,default,61,6,6,33.666666666666664,0,2,31.894736842105264,23.0,0,18,18,58,E1,6,15,0.1,0.0
no_coordination,1394,default,89,6,6,47.333333333333336,4,2,37.5,27.333333333333332,65,8,0,0,E1,6,15,0.1,0.0
claim,1394,default,57,6,6,36.333333333333336,0,2,32.125,26.666666666666668,0,4,6,6,E1,6,15,0.1,0.0
mas,1394,default,57,6,6,36.333333333333336,0,2,32.125,26.666666666666668,0,4,12,18,E1,6,15,0.1,0.0
mas_iterative,1394,default,57,6,6,36.333333333333336,0,2,32.125,26.666666666666668,0,4,12,18,E1,6,15,0.1,0.0
hungarian,1394,default,57,6,6,36.333333333333336,0,2,32.125,26.666666666666668,0,4,18,56,E1,6,15,0.1,0.0
no_coordination,1395,default,79,6,6,52.666666666666664,4,2,47.06666666666667,32.0,67,8,0,0,E1,6,15,0.1,0.0
claim,1395,default,79,6,6,52.666666666666664,4,2,47.06666666666667,32.0,67,8,10,10,E1,6,15,0.1,0.0
mas,1395,default,50,6,6,34.166666666666664,0,2,31.266666666666666,22.0,0,8,14,21,E1,6,15,0.1,0.0
mas_iterative,1395,default,49,6,6,32.666666666666664,0,2,29.866666666666667,22.0,0,8,14,21,E1,6,15,0.1,0.0
hungarian,1395,default,49,6,6,32.666666666666664,0,2,29.866666666666667,22.0,0,8,18,56,E1,6,15,0.1,0.0
no_coordination,1396,default,93,6,6,59.0,3,2,48.583333333333336,26.0,51,7,0,0,E1,6,15,0.1,0.0
claim,1396,default,95,6,6,58.0,1,2,48.083333333333336,26.0,27,22,7,7,E1,6,15,0.1,0.0
mas,1396,default,86,6,6,47.5,0,2,38.083333333333336,20.0,0,22,14,21,E1,6,15,0.1,0.0
mas_iterative,1396,default,85,6,6,47.0,0,2,37.666666666666664,20.0,0,20,16,24,E1,6,15,0.1,0.0
hungarian,1396,default,77,6,6,45.333333333333336,0,2,37.666666666666664,26.0,0,12,18,56,E1,6,15,0.1,0.0
no_coordination,1397,default,99,6,6,66.33333333333333,4,2,59.68421052631579,43.333333333333336,68,8,0,0,E1,6,15,0.1,0.0
claim,1397,default,81,6,6,58.333333333333336,1,2,54.421052631578945,43.333333333333336,31,11,7,7,E1,6,15,0.1,0.0
mas,1397,default,67,6,6,44.666666666666664,0,2,40.89473684210526,30.333333333333332,0,12,14,21,E1,6,15,0.1,0.0
mas_iterative,1397,default,67,6,6,44.333333333333336,0,2,40.526315789473685,30.0,0,12,14,21,E1,6,15,0.1,0.0
hungarian,1397,default,67,6,6,43.666666666666664,0,2,39.78947368421053,29.333333333333332,0,14,18,56,E1,6,15,0.1,0.0
no_coordination,1398,default,58,6,6,37.833333333333336,3,2,34.93333333333333,24.0,20,8,0,0,E1,6,15,0.1,0.0
claim,1398,default,57,6,6,34.333333333333336,0,2,32.13333333333333,24.0,0,18,6,6,E1,6,15,0.1,0.0
mas,1398,default,57,6,6,34.333333333333336,0,2,32.13333333333333,24.0,0,18,12,18,E1,6,15,0.1,0.0
mas_iterative,1398,default,57,6,6,34.333333333333336,0,2,32.13333333333333,24.0,0,18,12,18,E1,6,15,0.1,0.0
hungarian,1398,default,57,6,6,34.333333333333336,0,2,32.13333333333333,24.0,0,18,18,56,E1,6,15,0.1,0.0
no_coordination,1399,default,89,6,6,54.333333333333336,6,2,46.4,22.0,89,10,0,0,E1,6,15,0.1,0.0
claim,1399,default,89,6,6,54.333333333333336,6,2,46.4,22.0,89,10,12,12,E1,6,15,0.1,0.0
mas,1399,default,57,6,6,38.833333333333336,0,2,34.86666666666667,22.0,0,12,14,21,E1,6,15,0.1,0.0
mas_iterative,1399,default,57,6,6,38.333333333333336,0,2,34.4,22.0,0,12,14,21,E1,6,15,0.1,0.0
hungarian,1399,default,57,6,6,35.333333333333336,0,2,31.6,22.0,0,18,18,56,E1,6,15,0.1,0.0
no_coordination,1400,default,77,6,6,40.0,2,2,37.06666666666667,nan,45,6,0,0,E1,6,15,0.1,0.0
claim,1400,default,67,6,6,36.0,0,2,33.86666666666667,nan,0,28,6,6,E1,6,15,0.1,0.0
mas,1400,default,67,6,6,36.0,0,2,33.86666666666667,nan,0,28,12,18,E1,6,15,0.1,0.0
mas_iterative,1400,default,67,6,6,36.0,0,2,33.86666666666667,nan,0,28,12,18,E1,6,15,0.1,0.0
hungarian,1400,default,67,6,6,36.0,0,2,33.86666666666667,nan,0,28,18,56,E1,6,15,0.1,0.0
no_coordination,1401,default,89,6,6,46.0,2,2,41.46666666666667,nan,34,6,0,0,E1,6,15,0.1,0.0
claim,1401,default,87,6,6,44.333333333333336,0,2,40.13333333333333,nan,0,32,6,6,E1,6,15,0.1,0.0
mas,1401,default,87,6,6,44.333333333333336,0,2,40.13333333333333,nan,0,32,12,18,E1,6,15,0.1,0.0
mas_iterative,1401,default,87,6,6,44.333333333333336,0,2,40.13333333333333,nan,0,32,12,18,E1,6,15,0.1,0.0
hungarian,1401,default,87,6,6,44.333333333333336,0,2,40.13333333333333,nan,0,32,18,56,E1,6,15,0.1,0.0
no_coordination,1402,default,69,6,6,36.5,2,2,35.0,nan,41,7,0,0,E1,6,15,0.1,0.0
claim,1402,default,68,6,6,36.333333333333336,1,2,34.857142857142854,nan,12,32,7,7,E1,6,15,0.1,0.0
mas,1402,default,61,6,6,33.333333333333336,0,2,32.285714285714285,nan,0,26,14,21,E1,6,15,0.1,0.0
mas_iterative,1402,default,61,6,6,33.0,0,2,32.0,nan,0,26,14,21,E1,6,15,0.1,0.0
hungarian,1402,default,61,6,6,33.0,0,2,32.0,nan,0,26,18,58,E1,6,15,0.1,0.0
no_coordination,1403,default,129,6,6,60.666666666666664,4,2,48.0,nan,108,8,0,0,E1,6,15,0.1,0.0
claim,1403,default,129,6,6,60.666666666666664,4,2,48.0,nan,108,8,10,10,E1,6,15,0.1,0.0
mas,1403,default,77,6,6,43.666666666666664,0,2,36.45454545454545,nan,0,14,14,21,E1,6,15,0.1,0.0
mas_iterative,1403,default,77,6,6,43.333333333333336,0,2,36.18181818181818,nan,0,14,14,21,E1,6,15,0.1,0.0
hungarian,1403,default,77,6,6,43.333333333333336,0,2,36.18181818181818,nan,0,14,18,58,E1,6,15,0.1,0.0
no_coordination,1404,default,97,6,6,51.666666666666664,4,2,42.333333333333336,25.333333333333332,67,8,0,0,E1,6,15,0.1,0.0
claim,1404,default,85,6,6,42.0,0,2,36.77777777777778,24.666666666666668,0,36,6,6,E1,6,15,0.1,0.0
mas,1404,default,85,6,6,42.0,0,2,36.77777777777778,24.666666666666668,0,36,12,18,E1,6,15,0.1,0.0
mas_iterative,1404,default,85,6,6,42.0,0,2,36.77777777777778,24.666666666666668,0,36,12,18,E1,6,15,0.1,0.0
hungarian,1404,default,85,6,6,42.0,0,2,36.77777777777778,24.666666666666668,0,36,18,56,E1,6,15,0.1,0.0
no_coordination,1405,default,103,6,6,53.666666666666664,4,2,43.5,20.0,50,8,0,0,E1,6,15,0.1,0.0
claim,1405,default,89,6,6,51.333333333333336,2,2,42.333333333333336,20.0,37,26,8,8,E1,6,15,0.1,0.0
mas,1405,default,71,6,6,36.0,0,2,30.833333333333332,20.0,0,33,14,21,E1,6,15,0.1,0.0
mas_iterative,1405,default,71,6,6,35.5,0,2,30.5,20.0,0,33,14,21,E1,6,15,0.1,0.0
hungarian,1405,default,71,6,6,35.5,0,2,30.5,20.0,0,33,18,56,E1,6,15,0.1,0.0
no_coordination,1406,default,109,6,6,52.0,4,2,43.529411764705884,20.0,88,8,0,0,E1,6,15,0.1,0.0
claim,1406,default,109,6,6,52.0,4,2,43.529411764705884,20.0,88,8,10,10,E1,6,15,0.1,0.0
mas,1406,default,70,6,6,40.333333333333336,0,2,35.294117647058826,20.0,0,14,14,21,E1,6,15,0.1,0.0
mas_iterative,1406,default,69,6,6,40.0,0,2,35.05882352941177,20.0,0,12,16,24,E1,6,15,0.1,0.0
hungarian,1406,default,69,6,6,40.0,0,2,35.05882352941177,20.0,0,12,18,60,E1,6,15,0.1,0.0
no_coordination,1407,default,104,6,6,50.166666666666664,5,2,39.0,21.5,69,9,0,0,E1,6,15,0.1,0.0
claim,1407,default,74,6,6,42.833333333333336,2,2,35.666666666666664,21.5,24,14,8,8,E1,6,15,0.1,0.0
mas,1407,default,71,6,6,40.166666666666664,0,2,33.53333333333333,20.5,0,14,14,21,E1,6,15,0.1,0.0
mas_iterative,1407,default,71,6,6,39.666666666666664,0,2,33.06666666666667,20.0,0,14,16,24,E1,6,15,0.1,0.0
hungarian,1407,default,71,6,6,39.666666666666664,0,2,33.06666666666667,20.0,0,14,18,58,E1,6,15,0.1,0.0
no_coordination,1408,default,103,6,6,50.0,4,2,40.375,20.0,82,8,0,0,E1,6,15,0.1,0.0
claim,1408,default,103,6,6,50.0,4,2,40.375,20.0,82,8,10,10,E1,6,15,0.1,0.0
mas,1408,default,76,6,6,39.333333333333336,0,2,33.25,20.0,0,34,14,21,E1,6,15,0.1,0.0
mas_iterative,1408,default,75,6,6,39.0,0,2,33.0,20.0,0,32,14,21,E1,6,15,0.1,0.0
hungarian,1408,default,75,6,6,39.0,0,2,33.0,20.0,0,32,18,58,E1,6,15,0.1,0.0
no_coordination,1409,default,126,6,6,66.33333333333333,5,2,53.4,20.0,69,9,0,0,E1,6,15,0.1,0.0
claim,1409,default,119,6,6,65.16666666666667,3,2,52.93333333333333,20.0,61,40,9,9,E1,6,15,0.1,0.0
mas,1409,default,84,6,6,44.833333333333336,0,2,36.666666666666664,20.0,0,20,14,21,E1,6,15,0.1,0.0
mas_iterative,1409,default,83,6,6,44.333333333333336,0,2,36.266666666666666,20.0,0,18,14,21,E1,6,15,0.1,0.0
hungarian,1409,default,83,6,6,44.333333333333336,0,2,36.266666666666666,20.0,0,18,18,56,E1,6,15,0.1,0.0
no_coordination,1410,default,102,6,6,48.0,5,2,42.666666666666664,20.0,72,9,0,0,E1,6,15,0.1,0.0
claim,1410,default,100,6,6,47.666666666666664,3,2,42.4,20.0,28,47,9,9,E1,6,15,0.1,0.0
mas,1410,default,66,6,6,34.666666666666664,0,2,32.0,20.0,0,17,16,24,E1,6,15,0.1,0.0
mas_iterative,1410,default,65,6,6,34.0,0,2,31.466666666666665,20.0,0,15,16,24,E1,6,15,0.1,0.0
hungarian,1410,default,65,6,6,34.0,0,2,31.466666666666665,20.0,0,15,18,58,E1,6,15,0.1,0.0
no_coordination,1411,default,130,6,6,58.333333333333336,6,2,48.64705882352941,24.0,130,10,0,0,E1,6,15,0.1,0.0
claim,1411,default,130,6,6,58.333333333333336,6,2,48.64705882352941,24.0,130,10,12,12,E1,6,15,0.1,0.0
mas,1411,default,71,6,6,34.833333333333336,0,2,31.647058823529413,24.0,0,29,14,21,E1,6,15,0.1,0.0
mas_iterative,1411,default,71,6,6,34.333333333333336,0,2,31.235294117647058,24.0,0,29,16,24,E1,6,15,0.1,0.0
hungarian,1411,default,71,6,6,34.333333333333336,0,2,31.235294117647058,24.0,0,29,18,58,E1,6,15,0.1,0.0
no_coordination,1412,default,86,6,6,51.166666666666664,3,2,45.64705882352941,22.0,40,7,0,0,E1,6,15,0.1,0.0
claim,1412,default,79,6,6,44.0,0,2,40.35294117647059,22.0,0,24,6,6,E1,6,15,0.1,0.0
mas,1412,default,79,6,6,44.0,0,2,40.35294117647059,22.0,0,24,12,18,E1,6,15,0.1,0.0
mas_iterative,1412,default,79,6,6,44.0,0,2,40.35294117647059,22.0,0,24,12,18,E1,6,15,0.1,0.0
hungarian,1412,default,79,6,6,44.0,0,2,40.35294117647059,22.0,0,24,18,56,E1,6,15,0.1,0.0
no_coordination,1413,default,126,6,6,82.33333333333333,5,2,69.3125,41.0,101,9,0,0,E1,6,15,0.1,0.0
claim,1413,default,112,6,6,79.5,3,2,68.25,41.0,83,10,9,9,E1,6,15,0.1,0.0
mas,1413,default,76,6,6,49.833333333333336,0,2,43.625,28.5,0,12,14,21,E1,6,15,0.1,0.0
mas_iterative,1413,default,75,6,6,49.333333333333336,0,2,43.125,28.0,0,10,14,21,E1,6,15,0.1,0.0
hungarian,1413,default,73,6,6,46.333333333333336,0,2,40.125,25.0,0,12,18,56,E1,6,15,0.1,0.0
no_coordination,1414,default,143,6,6,73.66666666666667,6,2,53.166666666666664,24.0,143,10,0,0,E1,6,15,0.1,0.0
claim,1414,default,143,6,6,73.66666666666667,6,2,53.166666666666664,24.0,143,10,12,12,E1,6,15,0.1,0.0
mas,1414,default,86,6,6,48.5,0,2,37.833333333333336,24.0,0,22,14,21,E1,6,15,0.1,0.0
mas_iterative,1414,default,85,6,6,48.0,0,2,37.333333333333336,24.0,0,20,14,21,E1,6,15,0.1,0.0
hungarian,1414,default,85,6,6,48.0,0,2,37.333333333333336,24.0,0,20,18,56,E1,6,15,0.1,0.0
no_coordination,1415,default,68,6,6,33.0,4,2,28.928571428571427,nan,47,8,0,0,E1,6,15,0.1,0.0
claim,1415,default,68,6,6,33.0,4,2,28.928571428571427,nan,47,8,10,10,E1,6,15,0.1,0.0
mas,1415,default,60,6,6,29.833333333333332,0,2,26.571428571428573,nan,0,35,14,21,E1,6,15,0.1,0.0
mas_iterative,1415,default,60,6,6,29.666666666666668,0,2,26.357142857142858,nan,0,35,14,21,E1,6,15,0.1,0.0
hungarian,1415,default,60,6,6,29.666666666666668,0,2,26.357142857142858,nan,0,35,18,58,E1,6,15,0.1,0.0
no_coordination,1416,default,92,6,6,54.5,5,2,48.61538461538461,nan,67,9,0,0,E1,6,15,0.1,0.0
claim,1416,default,92,6,6,54.5,4,2,48.61538461538461,nan,67,25,10,10,E1,6,15,0.1,0.0
mas,1416,default,53,6,6,34.833333333333336,0,2,32.69230769230769,nan,0,12,14,21,E1,6,15,0.1,0.0
mas_iterative,1416,default,53,6,6,34.333333333333336,0,2,32.30769230769231,nan,0,12,16,24,E1,6,15,0.1,0.0
hungarian,1416,default,53,6,6,34.333333333333336,0,2,32.30769230769231,nan,0,12,18,58,E1,6,15,0.1,0.0
no_coordination,1417,default,126,6,6,62.666666666666664,5,2,50.57142857142857,nan,97,9,0,0,E1,6,15,0.1,0.0
claim,1417,default,79,6,6,47.0,1,2,40.5,nan,21,14,7,7,E1,6,15,0.1,0.0
mas,1417,default,55,6,6,33.833333333333336,0,2,30.571428571428573,nan,0,6,14,21,E1,6,15,0.1,0.0
mas_iterative,1417,default,55,6,6,33.333333333333336,0,2,30.142857142857142,nan,0,6,16,24,E1,6,15,0.1,0.0
hungarian,1417,default,55,6,6,33.333333333333336,0,2,30.142857142857142,nan,0,6,18,58,E1,6,15,0.1,0.0
no_coordination,1418,default,131,6,6,61.333333333333336,5,2,50.15384615384615,nan,73,9,0,0,E1,6,15,0.1,0.0
claim,1418,default,77,6,6,45.0,0,2,39.84615384615385,nan,0,12,6,6,E1,6,15,0.1,0.0
mas,1418,default,77,6,6,45.0,0,2,39.84615384615385,nan,0,12,12,18,E1,6,15,0.1,0.0
mas_iterative,1418,default,77,6,6,45.0,0,2,39.84615384615385,nan,0,12,12,18,E1,6,15,0.1,0.0
hungarian,1418,default,77,6,6,45.0,0,2,39.84615384615385,nan,0,12,18,56,E1,6,15,0.1,0.0
no_coordination,1419,default,113,6,6,75.83333333333333,5,2,59.642857142857146,36.0,100,9,0,0,E1,6,15,0.1,0.0
claim,1419,default,113,6,6,75.83333333333333,4,2,59.642857142857146,36.0,95,13,10,10,E1,6,15,0.1,0.0
mas,1419,default,79,6,6,47.0,0,2,38.285714285714285,26.5,0,26,14,21,E1,6,15,0.1,0.0
mas_iterative,1419,default,79,6,6,46.666666666666664,0,2,37.857142857142854,26.0,0,26,16,24,E1,6,15,0.1,0.0
hungarian,1419,default,75,6,6,45.666666666666664,0,2,36.857142857142854,25.0,0,20,18,56,E1,6,15,0.1,0.0
no_coordination,1420,default,76,6,6,46.0,3,2,42.53333333333333,nan,30,7,0,0,E1,6,15,0.1,0.0
claim,1420,default,73,6,6,45.5,1,2,42.13333333333333,nan,26,18,7,7,E1,6,15,0.1,0.0
mas,1420,default,58,6,6,35.833333333333336,0,2,34.4,nan,0,16,14,21,E1,6,15,0.1,0.0
mas_iterative,1420,default,57,6,6,35.333333333333336,0,2,34.0,nan,0,14,14,21,E1,6,15,0.1,0.0
hungarian,1420,default,57,6,6,35.333333333333336,0,2,34.0,nan,0,14,18,58,E1,6,15,0.1,0.0
no_coordination,1421,default,115,6,6,56.0,5,2,45.666666666666664,21.0,75,9,0,0,E1,6,15,0.1,0.0
claim,1421,default,69,6,6,41.333333333333336,0,2,36.55555555555556,21.0,0,8,6,6,E1,6,15,0.1,0.0
mas,1421,default,69,6,6,41.333333333333336,0,2,36.55555555555556,21.0,0,8,12,18,E1,6,15,0.1,0.0
mas_iterative,1421,default,69,6,6,41.333333333333336,0,2,36.55555555555556,21.0,0,8,12,18,E1,6,15,0.1,0.0
hungarian,1421,default,69,6,6,41.333333333333336,0,2,36.55555555555556,21.0,0,8,18,56,E1,6,15,0.1,0.0
no_coordination,1422,default,87,6,6,43.666666666666664,3,2,39.76470588235294,20.0,29,7,0,0,E1,6,15,0.1,0.0
claim,1422,default,77,6,6,42.0,1,2,38.588235294117645,20.0,16,25,7,7,E1,6,15,0.1,0.0
mas,1422,default,66,6,6,39.0,0,2,37.0,20.0,0,6,14,21,E1,6,15,0.1,0.0
mas_iterative,1422,default,65,6,6,37.333333333333336,0,2,35.294117647058826,20.0,0,12,14,21,E1,6,15,0.1,0.0
hungarian,1422,default,65,6,6,37.333333333333336,0,2,35.294117647058826,20.0,0,12,18,58,E1,6,15,0.1,0.0
no_coordination,1423,default,127,6,6,78.0,6,2,63.875,35.0,127,10,0,0,E1,6,15,0.1,0.0
claim,1423,default,127,6,6,78.0,6,2,63.875,35.0,127,10,12,12,E1,6,15,0.1,0.0
mas,1423,default,67,6,6,40.5,0,2,34.25,22.5,0,12,14,21,E1,6,15,0.1,0.0
mas_iterative,1423,default,67,6,6,40.0,0,2,33.75,22.0,0,12,16,24,E1,6,15,0.1,0.0
hungarian,1423,default,67,6,6,40.0,0,2,33.75,22.0,0,12,18,58,E1,6,15,0.1,0.0
no_coordination,1424,default,108,6,6,59.0,5,2,45.833333333333336,20.0,53,9,0,0,E1,6,15,0.1,0.0
claim,1424,default,105,6,6,58.5,3,2,45.583333333333336,20.0,49,42,9,9,E1,6,15,0.1,0.0
mas,1424,default,82,6,6,40.5,0,2,31.083333333333332,20.0,0,32,14,21,E1,6,15,0.1,0.0
mas_iterative,1424,default,81,6,6,40.0,0,2,30.666666666666668,20.0,0,30,14,21,E1,6,15,0.1,0.0
hungarian,1424,default,81,6,6,40.0,0,2,30.666666666666668,20.0,0,30,18,56,E1,6,15,0.1,0.0
no_coordination,1425,default,129,6,6,62.833333333333336,4,2,53.57142857142857,nan,105,8,0,0,E1,6,15,0.1,0.0
claim,1425,default,82,6,6,46.833333333333336,0,2,42.285714285714285,nan,0,19,6,6,E1,6,15,0.1,0.0
mas,1425,default,82,6,6,46.833333333333336,0,2,42.285714285714285,nan,0,19,12,18,E1,6,15,0.1,0.0
mas_iterative,1425,default,82,6,6,46.833333333333336,0,2,42.285714285714285,nan,0,19,12,18,E1,6,15,0.1,0.0
hungarian,1425,default,82,6,6,46.833333333333336,0,2,42.285714285714285,nan,0,19,18,56,E1,6,15,0.1,0.0
no_coordination,1427,default,141,6,6,68.33333333333333,5,2,50.0,28.0,120,9,0,0,E1,6,15,0.1,0.0
claim,1427,default,93,6,6,49.666666666666664,0,2,39.84615384615385,28.0,0,32,6,6,E1,6,15,0.1,0.0
mas,1427,default,93,6,6,49.666666666666664,0,2,39.84615384615385,28.0,0,32,12,18,E1,6,15,0.1,0.0
mas_iterative,1427,default,93,6,6,49.666666666666664,0,2,39.84615384615385,28.0,0,32,12,18,E1,6,15,0.1,0.0
hungarian,1427,default,93,6,6,49.666666666666664,0,2,39.84615384615385,28.0,0,32,18,56,E1,6,15,0.1,0.0
no_coordination,1428,default,113,6,6,53.666666666666664,4,2,40.875,20.0,92,8,0,0,E1,6,15,0.1,0.0
claim,1428,default,113,6,6,53.666666666666664,4,2,40.875,20.0,92,8,10,10,E1,6,15,0.1,0.0
mas,1428,default,75,6,6,40.333333333333336,0,2,33.25,20.0,0,24,14,21,E1,6,15,0.1,0.0
mas_iterative,1428,default,75,6,6,40.666666666666664,0,2,33.5,20.0,0,20,14,21,E1,6,15,0.1,0.0
hungarian,1428,default,75,6,6,40.666666666666664,0,2,33.5,20.0,0,20,18,58,E1,6,15,0.1,0.0
no_coordination,1429,default,127,6,6,68.0,5,2,56.8421052631579,36.0,92,9,0,0,E1,6,15,0.1,0.0
claim,1429,default,91,6,6,57.0,1,2,50.21052631578947,36.0,27,19,7,7,E1,6,15,0.1,0.0
mas,1429,default,78,6,6,46.166666666666664,0,2,39.78947368421053,26.333333333333332,0,16,14,21,E1,6,15,0.1,0.0
mas_iterative,1429,default,77,6,6,45.666666666666664,0,2,39.36842105263158,26.0,0,14,14,21,E1,6,15,0.1,0.0
hungarian,1429,default,77,6,6,45.666666666666664,0,2,39.36842105263158,26.0,0,14,18,56,E1,6,15,0.1,0.0
no_coordination,1430,default,85,6,6,47.666666666666664,4,2,42.0,36.0,51,8,0,0,E1,6,15,0.1,0.0
claim,1430,default,55,6,6,37.333333333333336,0,2,34.73684210526316,32.0,0,6,6,6,E1,6,15,0.1,0.0
mas,1430,default,55,6,6,37.333333333333336,0,2,34.73684210526316,32.0,0,6,12,18,E1,6,15,0.1,0.0
mas_iterative,1430,default,55,6,6,37.333333333333336,0,2,34.73684210526316,32.0,0,6,12,18,E1,6,15,0.1,0.0
hungarian,1430,default,55,6,6,37.333333333333336,0,2,34.73684210526316,32.0,0,6,18,56,E1,6,15,0.1,0.0
no_coordination,1431,default,86,6,6,53.5,3,2,43.92307692307692,nan,46,7,0,0,E1,6,15,0.1,0.0
claim,1431,default,86,6,6,53.5,2,2,43.92307692307692,nan,46,13,8,8,E1,6,15,0.1,0.0
mas,1431,default,72,6,6,40.833333333333336,0,2,35.69230769230769,nan,0,24,14,21,E1,6,15,0.1,0.0
mas_iterative,1431,default,71,6,6,40.333333333333336,0,2,35.38461538461539,nan,0,22,14,21,E1,6,15,0.1,0.0
hungarian,1431,default,71,6,6,40.333333333333336,0,2,35.38461538461539,nan,0,22,18,58,E1,6,15,0.1,0.0
no_coordination,1432,default,85,6,6,46.0,4,2,38.714285714285715,nan,51,8,0,0,E1,6,15,0.1,0.0
claim,1432,default,57,6,6,35.666666666666664,0,2,32.42857142857143,nan,0,12,6,6,E1,6,15,0.1,0.0
mas,1432,default,57,6,6,35.666666666666664,0,2,32.42857142857143,nan,0,12,12,18,E1,6,15,0.1,0.0
mas_iterative,1432,default,57,6,6,35.666666666666664,0,2,32.42857142857143,nan,0,12,12,18,E1,6,15,0.1,0.0
hungarian,1432,default,57,6,6,35.666666666666664,0,2,32.42857142857143,nan,0,12,18,56,E1,6,15,0.1,0.0
no_coordination,1433,default,86,6,6,48.333333333333336,4,2,44.46666666666667,nan,77,8,0,0,E1,6,15,0.1,0.0
claim,1433,default,74,6,6,42.166666666666664,1,2,40.266666666666666,nan,25,30,7,7,E1,6,15,0.1,0.0
mas,1433,default,63,6,6,33.666666666666664,0,2,32.266666666666666,nan,0,26,14,21,E1,6,15,0.1,0.0
mas_iterative,1433,default,63,6,6,33.333333333333336,0,2,31.866666666666667,nan,0,26,14,21,E1,6,15,0.1,0.0
hungarian,1433,default,63,6,6,33.333333333333336,0,2,31.866666666666667,nan,0,26,18,56,E1,6,15,0.1,0.0
no_coordination,1434,default,117,6,6,65.16666666666667,4,2,62.529411764705884,24.0,92,9,0,0,E1,6,15,0.1,0.0
claim,1434,default,110,6,6,64.0,2,2,61.294117647058826,24.0,47,41,8,8,E1,6,15,0.1,0.0
mas,1434,default,89,6,6,44.166666666666664,0,2,42.88235294117647,22.0,0,42,14,21,E1,6,15,0.1,0.0
mas_iterative,1434,default,89,6,6,43.666666666666664,0,2,42.470588235294116,22.0,0,42,16,24,E1,6,15,0.1,0.0
hungarian,1434,default,89,6,6,43.666666666666664,0,2,42.470588235294116,22.0,0,42,18,58,E1,6,15,0.1,0.0
no_coordination,1435,default,90,6,6,52.5,4,2,47.76923076923077,nan,45,8,0,0,E1,6,15,0.1,0.0
claim,1435,default,85,6,6,52.333333333333336,2,2,47.30769230769231,nan,39,19,8,8,E1,6,15,0.1,0.0
mas,1435,default,58,6,6,37.833333333333336,0,2,35.07692307692308,nan,0,6,14,21,E1,6,15,0.1,0.0
mas_iterative,1435,default,57,6,6,37.333333333333336,0,2,34.61538461538461,nan,0,4,14,21,E1,6,15,0.1,0.0
hungarian,1435,default,57,6,6,37.333333333333336,0,2,34.61538461538461,nan,0,4,18,56,E1,6,15,0.1,0.0
no_coordination,1436,default,82,6,6,49.5,3,2,39.8125,34.0,28,8,0,0,E1,6,15,0.1,0.0
claim,1436,default,73,6,6,41.666666666666664,0,2,33.75,31.0,0,12,6,6,E1,6,15,0.1,0.0
mas,1436,default,73,6,6,41.666666666666664,0,2,33.75,31.0,0,12,12,18,E1,6,15,0.1,0.0
mas_iterative,1436,default,73,6,6,41.666666666666664,0,2,33.75,31.0,0,12,12,18,E1,6,15,0.1,0.0
hungarian,1436,default,73,6,6,41.666666666666664,0,2,33.75,31.0,0,12,18,56,E1,6,15,0.1,0.0
no_coordination,1437,default,105,6,6,49.333333333333336,4,2,46.0,26.0,45,8,0,0,E1,6,15,0.1,0.0
claim,1437,default,73,6,6,40.333333333333336,0,2,38.285714285714285,26.0,0,20,6,6,E1,6,15,0.1,0.0
mas,1437,default,73,6,6,40.333333333333336,0,2,38.285714285714285,26.0,0,20,12,18,E1,6,15,0.1,0.0
mas_iterative,1437,default,73,6,6,40.333333333333336,0,2,38.285714285714285,26.0,0,20,12,18,E1,6,15,0.1,0.0
hungarian,1437,default,73,6,6,40.333333333333336,0,2,38.285714285714285,26.0,0,20,18,56,E1,6,15,0.1,0.0
no_coordination,1438,default,145,6,6,74.66666666666667,6,2,58.93333333333333,33.0,145,10,0,0,E1,6,15,0.1,0.0
claim,1438,default,145,6,6,74.66666666666667,6,2,58.93333333333333,33.0,145,10,12,12,E1,6,15,0.1,0.0
mas,1438,default,82,6,6,46.5,0,2,38.06666666666667,23.5,0,16,14,21,E1,6,15,0.1,0.0
mas_iterative,1438,default,81,6,6,46.0,0,2,37.6,23.0,0,14,14,21,E1,6,15,0.1,0.0
hungarian,1438,default,81,6,6,46.0,0,2,37.6,23.0,0,14,18,56,E1,6,15,0.1,0.0
no_coordination,1439,default,137,6,6,84.83333333333333,5,2,66.38461538461539,26.0,118,9,0,0,E1,6,15,0.1,0.0
claim,1439,default,134,6,6,84.33333333333333,3,2,66.15384615384616,26.0,85,34,9,9,E1,6,15,0.1,0.0
mas,1439,default,79,6,6,47.166666666666664,0,2,37.0,20.0,0,10,14,21,E1,6,15,0.1,0.0
mas_iterative,1439,default,79,6,6,46.666666666666664,0,2,36.61538461538461,20.0,0,10,16,24,E1,6,15,0.1,0.0
hungarian,1439,default,79,6,6,46.666666666666664,0,2,36.61538461538461,20.0,0,10,18,58,E1,6,15,0.1,0.0
no_coordination,1440,default,79,6,6,42.666666666666664,4,2,41.3,29.0,58,8,0,0,E1,6,15,0.1,0.0
claim,1440,default,79,6,6,42.666666666666664,4,2,41.3,29.0,58,8,10,10,E1,6,15,0.1,0.0
mas,1440,default,59,6,6,33.666666666666664,0,2,33.2,29.0,0,22,14,21,E1,6,15,0.1,0.0
mas_iterative,1440,default,59,6,6,33.333333333333336,0,2,32.9,29.0,0,22,14,21,E1,6,15,0.1,0.0
hungarian,1440,default,59,6,6,33.333333333333336,0,2,32.9,29.0,0,22,18,58,E1,6,15,0.1,0.0
no_coordination,1441,default,107,6,6,50.833333333333336,3,2,46.75,22.0,73,7,0,0,E1,6,15,0.1,0.0
claim,1441,default,82,6,6,46.666666666666664,1,2,43.625,22.0,14,14,7,7,E1,6,15,0.1,0.0
mas,1441,default,87,6,6,46.166666666666664,0,2,42.4375,22.0,0,32,14,21,E1,6,15,0.1,0.0
mas_iterative,1441,default,87,6,6,46.0,0,2,42.25,22.0,0,32,14,21,E1,6,15,0.1,0.0
hungarian,1441,default,87,6,6,46.0,0,2,42.25,22.0,0,32,18,58,E1,6,15,0.1,0.0
no_coordination,1442,default,105,6,6,60.166666666666664,4,2,47.0,20.0,60,8,0,0,E1,6,15,0.1,0.0
claim,1442,default,100,6,6,58.833333333333336,1,2,46.38461538461539,20.0,21,32,7,7,E1,6,15,0.1,0.0
mas,1442,default,83,6,6,49.833333333333336,0,2,39.15384615384615,20.0,0,14,14,21,E1,6,15,0.1,0.0
mas_iterative,1442,default,83,6,6,49.333333333333336,0,2,38.76923076923077,20.0,0,14,14,21,E1,6,15,0.1,0.0
hungarian,1442,default,87,6,6,48.666666666666664,0,2,38.76923076923077,20.0,0,24,18,56,E1,6,15,0.1,0.0
no_coordination,1444,default,129,6,6,64.66666666666667,5,2,51.6,22.0,76,9,0,0,E1,6,15,0.1,0.0
claim,1444,default,99,6,6,55.666666666666664,1,2,46.4,22.0,23,33,7,7,E1,6,15,0.1,0.0
mas,1444,default,90,6,6,49.5,0,2,40.93333333333333,20.0,0,28,14,21,E1,6,15,0.1,0.0
mas_iterative,1444,default,89,6,6,49.0,0,2,40.53333333333333,20.0,0,26,14,21,E1,6,15,0.1,0.0
hungarian,1444,default,81,6,6,45.0,0,2,37.46666666666667,22.0,0,18,18,56,E1,6,15,0.1,0.0
no_coordination,1445,default,121,6,6,67.83333333333333,4,2,62.38461538461539,nan,98,8,0,0,E1,6,15,0.1,0.0
claim,1445,default,97,6,6,62.333333333333336,1,2,58.0,nan,33,22,7,7,E1,6,15,0.1,0.0
mas,1445,default,97,6,6,49.666666666666664,0,2,45.38461538461539,nan,0,54,16,24,E1,6,15,0.1,0.0
mas_iterative,1445,default,97,6,6,49.333333333333336,0,2,45.07692307692308,nan,0,54,18,27,E1,6,15,0.1,0.0
hungarian,1445,default,97,6,6,48.666666666666664,0,2,44.30769230769231,nan,0,56,20,53,E1,6,15,0.1,0.0
no_coordination,1446,default,103,6,6,58.666666666666664,4,2,50.35294117647059,43.0,73,8,0,0,E1,6,15,0.1,0.0
claim,1446,default,76,6,6,52.5,1,2,47.76470588235294,43.0,35,8,7,7,E1,6,15,0.1,0.0
mas,1446,default,64,6,6,38.833333333333336,0,2,34.294117647058826,28.5,0,13,14,21,E1,6,15,0.1,0.0
mas_iterative,1446,default,64,6,6,38.5,0,2,34.0,28.0,0,13,14,21,E1,6,15,0.1,0.0
hungarian,1446,default,62,6,6,37.166666666666664,0,2,32.588235294117645,27.0,0,11,18,56,E1,6,15,0.1,0.0
no_coordination,1447,default,125,6,6,65.66666666666667,4,2,55.27272727272727,nan,103,8,0,0,E1,6,15,0.1,0.0
claim,1447,default,107,6,6,60.0,1,2,52.18181818181818,nan,29,43,7,7,E1,6,15,0.1,0.0
mas,1447,default,90,6,6,44.833333333333336,0,2,37.90909090909091,nan,0,42,14,21,E1,6,15,0.1,0.0
mas_iterative,1447,default,89,6,6,44.333333333333336,0,2,37.45454545454545,nan,0,40,14,21,E1,6,15,0.1,0.0
hungarian,1447,default,89,6,6,44.333333333333336,0,2,37.45454545454545,nan,0,40,18,56,E1,6,15,0.1,0.0
no_coordination,1448,default,113,6,6,51.0,4,2,48.76923076923077,nan,90,8,0,0,E1,6,15,0.1,0.0
claim,1448,default,83,6,6,41.333333333333336,0,2,39.84615384615385,nan,0,34,6,6,E1,6,15,0.1,0.0
mas,1448,default,83,6,6,41.333333333333336,0,2,39.84615384615385,nan,0,34,12,18,E1,6,15,0.1,0.0
mas_iterative,1448,default,83,6,6,41.333333333333336,0,2,39.84615384615385,nan,0,34,12,18,E1,6,15,0.1,0.0
hungarian,1448,default,83,6,6,41.333333333333336,0,2,39.84615384615385,nan,0,34,18,56,E1,6,15,0.1,0.0
no_coordination,1449,default,103,6,6,53.666666666666664,4,2,43.8,nan,87,8,0,0,E1,6,15,0.1,0.0
claim,1449,default,103,6,6,53.666666666666664,4,2,43.8,nan,87,8,10,10,E1,6,15,0.1,0.0
mas,1449,default,78,6,6,42.5,0,2,34.1,nan,0,24,14,21,E1,6,15,0.1,0.0
mas_iterative,1449,default,77,6,6,42.0,0,2,33.6,nan,0,22,14,21,E1,6,15,0.1,0.0
hungarian,1449,default,77,6,6,42.0,0,2,33.6,nan,0,22,18,56,E1,6,15,0.1,0.0
no_coordination,1450,default,67,6,6,38.333333333333336,4,2,33.38461538461539,nan,46,8,0,0,E1,6,15,0.1,0.0
claim,1450,default,67,6,6,38.333333333333336,4,2,33.38461538461539,nan,46,8,10,10,E1,6,15,0.1,0.0
mas,1450,default,45,6,6,31.333333333333332,0,2,28.692307692307693,nan,0,6,14,21,E1,6,15,0.1,0.0
mas_iterative,1450,default,45,6,6,31.0,0,2,28.46153846153846,nan,0,6,14,21,E1,6,15,0.1,0.0
hungarian,1450,default,45,6,6,31.0,0,2,28.46153846153846,nan,0,6,18,58,E1,6,15,0.1,0.0
no_coordination,1451,default,169,6,6,78.66666666666667,5,2,70.42857142857143,nan,148,10,0,0,E1,6,15,0.1,0.0
claim,1451,default,101,6,6,55.666666666666664,0,2,50.714285714285715,nan,0,18,6,6,E1,6,15,0.1,0.0
mas,1451,default,101,6,6,55.666666666666664,0,2,50.714285714285715,nan,0,18,12,18,E1,6,15,0.1,0.0
mas_iterative,1451,default,101,6,6,55.666666666666664,0,2,50.714285714285715,nan,0,18,12,18,E1,6,15,0.1,0.0
hungarian,1451,default,101,6,6,55.666666666666664,0,2,50.714285714285715,nan,0,18,18,56,E1,6,15,0.1,0.0
no_coordination,1452,default,109,6,6,54.333333333333336,4,2,41.55555555555556,24.666666666666668,67,8,0,0,E1,6,15,0.1,0.0
claim,1452,default,67,6,6,41.666666666666664,0,2,34.888888888888886,24.666666666666668,0,6,6,6,E1,6,15,0.1,0.0
mas,1452,default,67,6,6,41.666666666666664,0,2,34.888888888888886,24.666666666666668,0,6,12,18,E1,6,15,0.1,0.0
mas_iterative,1452,default,67,6,6,41.666666666666664,0,2,34.888888888888886,24.666666666666668,0,6,12,18,E1,6,15,0.1,0.0
hungarian,1452,default,67,6,6,41.666666666666664,0,2,34.888888888888886,24.666666666666668,0,6,18,56,E1,6,15,0.1,0.0
no_coordination,1453,default,145,6,6,92.0,4,2,76.15384615384616,34.0,125,8,0,0,E1,6,15,0.1,0.0
claim,1453,default,145,6,6,92.0,4,2,76.15384615384616,34.0,125,8,10,10,E1,6,15,0.1,0.0
mas,1453,default,91,6,6,51.333333333333336,0,2,41.76923076923077,20.0,0,30,14,21,E1,6,15,0.1,0.0
mas_iterative,1453,default,91,6,6,51.0,0,2,41.38461538461539,20.0,0,30,14,21,E1,6,15,0.1,0.0
hungarian,1453,default,91,6,6,51.0,0,2,41.38461538461539,20.0,0,30,18,56,E1,6,15,0.1,0.0
no_coordination,1454,default,83,6,6,46.0,4,2,33.69230769230769,20.0,62,8,0,0,E1,6,15,0.1,0.0
claim,1454,default,83,6,6,46.0,4,2,33.69230769230769,20.0,62,8,10,10,E1,6,15,0.1,0.0
mas,1454,default,61,6,6,35.666666666666664,0,2,28.923076923076923,20.0,0,20,14,21,E1,6,15,0.1,0.0
mas_iterative,1454,default,61,6,6,35.333333333333336,0,2,28.76923076923077,20.0,0,20,14,21,E1,6,15,0.1,0.0
hungarian,1454,default,61,6,6,35.333333333333336,0,2,28.76923076923077,20.0,0,20,18,58,E1,6,15,0.1,0.0
no_coordination,1455,default,113,6,6,56.333333333333336,4,2,45.714285714285715,20.0,91,8,0,0,E1,6,15,0.1,0.0
claim,1455,default,113,6,6,56.333333333333336,4,2,45.714285714285715,20.0,91,8,10,10,E1,6,15,0.1,0.0
mas,1455,default,77,6,6,40.833333333333336,0,2,35.0,20.0,0,26,14,21,E1,6,15,0.1,0.0
mas_iterative,1455,default,83,6,6,43.666666666666664,0,2,35.57142857142857,20.0,0,38,16,24,E1,6,15,0.1,0.0
hungarian,1455,default,83,6,6,43.666666666666664,0,2,35.57142857142857,20.0,0,38,20,59,E1,6,15,0.1,0.0
no_coordination,1456,default,103,6,6,47.5,4,2,34.6,23.0,79,8,0,0,E1,6,15,0.1,0.0
claim,1456,default,79,6,6,39.0,0,2,31.0,23.0,0,35,6,6,E1,6,15,0.1,0.0
mas,1456,default,79,6,6,39.0,0,2,31.0,23.0,0,35,12,18,E1,6,15,0.1,0.0
mas_iterative,1456,default,79,6,6,39.0,0,2,31.0,23.0,0,35,12,18,E1,6,15,0.1,0.0
hungarian,1456,default,79,6,6,39.0,0,2,31.0,23.0,0,35,18,56,E1,6,15,0.1,0.0
no_coordination,1457,default,89,6,6,55.0,4,2,47.86666666666667,24.0,66,8,0,0,E1,6,15,0.1,0.0
claim,1457,default,81,6,6,49.666666666666664,1,2,45.06666666666667,24.0,25,23,7,7,E1,6,15,0.1,0.0
mas,1457,default,76,6,6,43.166666666666664,0,2,38.2,20.0,0,28,14,21,E1,6,15,0.1,0.0
mas_iterative,1457,default,75,6,6,42.666666666666664,0,2,37.733333333333334,20.0,0,26,16,24,E1,6,15,0.1,0.0
hungarian,1457,default,75,6,6,40.666666666666664,0,2,36.53333333333333,24.0,0,32,18,56,E1,6,15,0.1,0.0
no_coordination,1458,default,78,6,6,45.833333333333336,4,2,39.64705882352941,22.0,30,8,0,0,E1,6,15,0.1,0.0
claim,1458,default,71,6,6,39.0,0,2,34.588235294117645,22.0,0,24,6,6,E1,6,15,0.1,0.0
mas,1458,default,71,6,6,39.0,0,2,34.588235294117645,22.0,0,24,12,18,E1,6,15,0.1,0.0
mas_iterative,1458,default,71,6,6,39.0,0,2,34.588235294117645,22.0,0,24,12,18,E1,6,15,0.1,0.0
hungarian,1458,default,71,6,6,39.0,0,2,34.588235294117645,22.0,0,24,18,56,E1,6,15,0.1,0.0
no_coordination,1459,default,127,6,6,77.16666666666667,4,2,64.28571428571429,22.0,102,8,0,0,E1,6,15,0.1,0.0
claim,1459,default,108,6,6,74.0,2,2,62.92857142857143,22.0,57,13,8,8,E1,6,15,0.1,0.0
mas,1459,default,81,6,6,48.5,0,2,41.285714285714285,22.0,0,12,14,21,E1,6,15,0.1,0.0
mas_iterative,1459,default,81,6,6,48.0,0,2,40.857142857142854,22.0,0,12,14,21,E1,6,15,0.1,0.0
hungarian,1459,default,81,6,6,48.0,0,2,40.857142857142854,22.0,0,12,18,56,E1,6,15,0.1,0.0
no_coordination,1460,default,93,6,6,52.666666666666664,3,2,39.69230769230769,24.0,48,7,0,0,E1,6,15,0.1,0.0
claim,1460,default,79,6,6,45.666666666666664,0,2,35.84615384615385,24.0,0,18,6,6,E1,6,15,0.1,0.0
mas,1460,default,79,6,6,45.666666666666664,0,2,35.84615384615385,24.0,0,18,12,18,E1,6,15,0.1,0.0
mas_iterative,1460,default,79,6,6,45.666666666666664,0,2,35.84615384615385,24.0,0,18,12,18,E1,6,15,0.1,0.0
hungarian,1460,default,79,6,6,45.666666666666664,0,2,35.84615384615385,24.0,0,18,18,56,E1,6,15,0.1,0.0
no_coordination,1462,default,110,6,6,68.5,5,2,55.416666666666664,nan,83,9,0,0,E1,6,15,0.1,0.0
claim,1462,default,110,6,6,68.5,4,2,55.416666666666664,nan,83,11,10,10,E1,6,15,0.1,0.0
mas,1462,default,78,6,6,42.5,0,2,35.916666666666664,nan,0,22,14,21,E1,6,15,0.1,0.0
mas_iterative,1462,default,75,6,6,41.666666666666664,0,2,35.333333333333336,nan,0,18,18,27,E1,6,15,0.1,0.0
hungarian,1462,default,87,6,6,45.666666666666664,0,2,37.0,nan,0,30,18,56,E1,6,15,0.1,0.0
no_coordination,1463,default,72,6,6,41.666666666666664,4,2,35.45454545454545,nan,42,8,0,0,E1,6,15,0.1,0.0
claim,1463,default,49,6,6,31.5,0,2,29.454545454545453,nan,0,9,6,6,E1,6,15,0.1,0.0
mas,1463,default,49,6,6,31.5,0,2,29.454545454545453,nan,0,9,12,18,E1,6,15,0.1,0.0
mas_iterative,1463,default,49,6,6,31.5,0,2,29.454545454545453,nan,0,9,12,18,E1,6,15,0.1,0.0
hungarian,1463,default,49,6,6,31.5,0,2,29.454545454545453,nan,0,9,18,56,E1,6,15,0.1,0.0
no_coordination,1464,default,79,6,6,46.0,2,2,36.0,nan,36,6,0,0,E1,6,15,0.1,0.0
claim,1464,default,79,6,6,46.0,1,2,36.0,nan,20,21,7,7,E1,6,15,0.1,0.0
mas,1464,default,67,6,6,40.333333333333336,0,2,32.90909090909091,nan,0,12,14,21,E1,6,15,0.1,0.0
mas_iterative,1464,default,67,6,6,40.0,0,2,32.72727272727273,nan,0,12,14,21,E1,6,15,0.1,0.0
hungarian,1464,default,67,6,6,40.0,0,2,32.72727272727273,nan,0,12,18,58,E1,6,15,0.1,0.0
no_coordination,1465,default,135,6,6,67.16666666666667,5,2,53.0,nan,116,9,0,0,E1,6,15,0.1,0.0
claim,1465,default,96,6,6,56.833333333333336,1,2,46.8,nan,21,18,7,7,E1,6,15,0.1,0.0
mas,1465,default,89,6,6,48.833333333333336,0,2,40.6,nan,0,22,14,21,E1,6,15,0.1,0.0
mas_iterative,1465,default,89,6,6,48.333333333333336,0,2,40.2,nan,0,22,14,21,E1,6,15,0.1,0.0
hungarian,1465,default,89,6,6,48.333333333333336,0,2,40.2,nan,0,22,18,56,E1,6,15,0.1,0.0
no_coordination,1466,default,95,6,6,53.5,3,2,43.90909090909091,nan,55,7,0,0,E1,6,15,0.1,0.0
claim,1466,default,95,6,6,53.5,2,2,43.90909090909091,nan,46,15,8,8,E1,6,15,0.1,0.0
mas,1466,default,86,6,6,46.0,0,2,38.45454545454545,nan,0,26,14,21,E1,6,15,0.1,0.0
mas_iterative,1466,default,85,6,6,45.666666666666664,0,2,38.18181818181818,nan,0,24,14,21,E1,6,15,0.1,0.0
hungarian,1466,default,85,6,6,45.666666666666664,0,2,38.18181818181818,nan,0,24,18,58,E1,6,15,0.1,0.0
no_coordination,1468,default,89,6,6,50.333333333333336,3,2,39.07692307692308,nan,43,7,0,0,E1,6,15,0.1,0.0
claim,1468,default,85,6,6,43.333333333333336,0,2,35.07692307692308,nan,0,34,6,6,E1,6,15,0.1,0.0
mas,1468,default,85,6,6,43.333333333333336,0,2,35.07692307692308,nan,0,34,12,18,E1,6,15,0.1,0.0
mas_iterative,1468,default,85,6,6,43.333333333333336,0,2,35.07692307692308,nan,0,34,12,18,E1,6,15,0.1,0.0
hungarian,1468,default,85,6,6,43.333333333333336,0,2,35.07692307692308,nan,0,34,18,56,E1,6,15,0.1,0.0
no_coordination,1469,default,131,6,6,66.66666666666667,6,2,52.714285714285715,20.0,131,10,0,0,E1,6,15,0.1,0.0
claim,1469,default,131,6,6,66.66666666666667,6,2,52.714285714285715,20.0,131,10,12,12,E1,6,15,0.1,0.0
mas,1469,default,70,6,6,38.833333333333336,0,2,33.214285714285715,20.0,0,24,14,21,E1,6,15,0.1,0.0
mas_iterative,1469,default,69,6,6,38.333333333333336,0,2,32.857142857142854,20.0,0,22,14,21,E1,6,15,0.1,0.0
hungarian,1469,default,69,6,6,38.333333333333336,0,2,32.857142857142854,20.0,0,22,18,56,E1,6,15,0.1,0.0
no_coordination,1470,default,101,6,6,58.333333333333336,4,2,46.5,22.0,47,8,0,0,E1,6,15,0.1,0.0
claim,1470,default,73,6,6,44.666666666666664,0,2,37.75,22.0,0,14,6,6,E1,6,15,0.1,0.0
mas,1470,default,73,6,6,44.666666666666664,0,2,37.75,22.0,0,14,12,18,E1,6,15,0.1,0.0
mas_iterative,1470,default,73,6,6,44.666666666666664,0,2,37.75,22.0,0,14,12,18,E1,6,15,0.1,0.0
hungarian,1470,default,73,6,6,44.666666666666664,0,2,37.75,22.0,0,14,18,56,E1,6,15,0.1,0.0
no_coordination,1471,default,83,6,6,44.5,2,2,37.84615384615385,nan,41,7,0,0,E1,6,15,0.1,0.0
claim,1471,default,82,6,6,44.333333333333336,1,2,37.76923076923077,nan,14,30,7,7,E1,6,15,0.1,0.0
mas,1471,default,70,6,6,40.666666666666664,0,2,35.30769230769231,nan,0,16,14,21,E1,6,15,0.1,0.0
mas_iterative,1471,default,69,6,6,40.333333333333336,0,2,35.07692307692308,nan,0,14,14,21,E1,6,15,0.1,0.0
hungarian,1471,default,69,6,6,40.333333333333336,0,2,35.07692307692308,nan,0,14,18,58,E1,6,15,0.1,0.0
no_coordination,1472,default,129,6,6,62.0,5,2,52.44444444444444,24.0,109,9,0,0,E1,6,15,0.1,0.0
claim,1472,default,93,6,6,54.666666666666664,2,2,47.55555555555556,24.0,29,14,8,8,E1,6,15,0.1,0.0
mas,1472,default,88,6,6,45.166666666666664,0,2,39.44444444444444,24.0,0,28,14,21,E1,6,15,0.1,0.0
mas_iterative,1472,default,87,6,6,44.666666666666664,0,2,39.0,24.0,0,26,16,24,E1,6,15,0.1,0.0
hungarian,1472,default,87,6,6,44.666666666666664,0,2,39.0,24.0,0,26,18,58,E1,6,15,0.1,0.0
no_coordination,1473,default,81,6,6,51.5,3,2,47.94117647058823,30.0,62,8,0,0,E1,6,15,0.1,0.0
claim,1473,default,69,6,6,49.333333333333336,1,2,46.411764705882355,30.0,31,12,7,7,E1,6,15,0.1,0.0
mas,1473,default,59,6,6,36.333333333333336,0,2,33.88235294117647,20.0,0,12,14,21,E1,6,15,0.1,0.0
mas_iterative,1473,default,59,6,6,36.0,0,2,33.529411764705884,20.0,0,12,16,24,E1,6,15,0.1,0.0
hungarian,1473,default,59,6,6,36.0,0,2,33.529411764705884,20.0,0,12,18,58,E1,6,15,0.1,0.0
no_coordination,1474,default,131,6,6,72.33333333333333,5,2,60.0,30.0,90,9,0,0,E1,6,15,0.1,0.0
claim,1474,default,89,6,6,60.666666666666664,1,2,53.46666666666667,30.0,31,5,7,7,E1,6,15,0.1,0.0
mas,1474,default,70,6,6,40.166666666666664,0,2,34.2,20.0,0,10,14,21,E1,6,15,0.1,0.0
mas_iterative,1474,default,67,6,6,39.333333333333336,0,2,33.46666666666667,20.0,0,6,16,24,E1,6,15,0.1,0.0
hungarian,1474,default,67,6,6,39.333333333333336,0,2,33.46666666666667,20.0,0,6,18,58,E1,6,15,0.1,0.0
no_coordination,1475,default,119,6,6,54.0,4,2,43.0,nan,98,8,0,0,E1,6,15,0.1,0.0
claim,1475,default,119,6,6,54.0,4,2,43.0,nan,98,8,10,10,E1,6,15,0.1,0.0
mas,1475,default,74,6,6,41.333333333333336,0,2,35.357142857142854,nan,0,14,14,21,E1,6,15,0.1,0.0
mas_iterative,1475,default,73,6,6,41.0,0,2,35.142857142857146,nan,0,12,14,21,E1,6,15,0.1,0.0
hungarian,1475,default,73,6,6,41.0,0,2,35.142857142857146,nan,0,12,18,58,E1,6,15,0.1,0.0
no_coordination,1476,default,82,6,6,45.666666666666664,3,2,39.26315789473684,28.666666666666668,22,7,0,0,E1,6,15,0.1,0.0
claim,1476,default,69,6,6,40.0,0,2,35.26315789473684,28.666666666666668,0,20,6,6,E1,6,15,0.1,0.0
mas,1476,default,69,6,6,40.0,0,2,35.26315789473684,28.666666666666668,0,20,12,18,E1,6,15,0.1,0.0
mas_iterative,1476,default,69,6,6,40.0,0,2,35.26315789473684,28.666666666666668,0,20,12,18,E1,6,15,0.1,0.0
hungarian,1476,default,69,6,6,40.0,0,2,35.26315789473684,28.666666666666668,0,20,18,56,E1,6,15,0.1,0.0
no_coordination,1477,default,79,6,6,44.0,3,2,39.166666666666664,nan,20,7,0,0,E1,6,15,0.1,0.0
claim,1477,default,67,6,6,41.0,0,2,37.166666666666664,nan,0,12,6,6,E1,6,15,0.1,0.0
mas,1477,default,67,6,6,41.0,0,2,37.166666666666664,nan,0,12,12,18,E1,6,15,0.1,0.0
mas_iterative,1477,default,67,6,6,41.0,0,2,37.166666666666664,nan,0,12,12,18,E1,6,15,0.1,0.0
hungarian,1477,default,67,6,6,41.0,0,2,37.166666666666664,nan,0,12,18,56,E1,6,15,0.1,0.0
no_coordination,1478,default,68,6,6,38.833333333333336,5,2,35.375,22.0,47,9,0,0,E1,6,15,0.1,0.0
claim,1478,default,53,6,6,31.333333333333332,0,2,29.625,22.0,0,21,6,6,E1,6,15,0.1,0.0
mas,1478,default,53,6,6,31.333333333333332,0,2,29.625,22.0,0,21,12,18,E1,6,15,0.1,0.0
mas_iterative,1478,default,53,6,6,31.333333333333332,0,2,29.625,22.0,0,21,12,18,E1,6,15,0.1,0.0
hungarian,1478,default,53,6,6,31.333333333333332,0,2,29.625,22.0,0,21,18,56,E1,6,15,0.1,0.0
no_coordination,1479,default,99,6,6,47.666666666666664,4,2,38.5,26.0,72,8,0,0,E1,6,15,0.1,0.0
claim,1479,default,65,6,6,39.333333333333336,0,2,34.375,26.0,0,8,6,6,E1,6,15,0.1,0.0
mas,1479,default,65,6,6,39.333333333333336,0,2,34.375,26.0,0,8,12,18,E1,6,15,0.1,0.0
mas_iterative,1479,default,65,6,6,39.333333333333336,0,2,34.375,26.0,0,8,12,18,E1,6,15,0.1,0.0
hungarian,1479,default,65,6,6,39.333333333333336,0,2,34.375,26.0,0,8,18,56,E1,6,15,0.1,0.0
no_coordination,1480,default,106,6,6,58.5,4,2,53.2,22.0,84,8,0,0,E1,6,15,0.1,0.0
claim,1480,default,83,6,6,48.5,1,2,45.2,22.0,23,22,7,7,E1,6,15,0.1,0.0
mas,1480,default,73,6,6,37.5,0,2,34.333333333333336,22.0,0,33,14,21,E1,6,15,0.1,0.0
mas_iterative,1480,default,73,6,6,37.0,0,2,33.86666666666667,22.0,0,33,14,21,E1,6,15,0.1,0.0
hungarian,1480,default,73,6,6,37.0,0,2,33.86666666666667,22.0,0,33,18,56,E1,6,15,0.1,0.0
no_coordination,1481,default,73,6,6,41.666666666666664,3,2,37.64705882352941,20.0,32,7,0,0,E1,6,15,0.1,0.0
claim,1481,default,73,6,6,41.666666666666664,2,2,37.64705882352941,20.0,32,20,8,8,E1,6,15,0.1,0.0
mas,1481,default,69,6,6,35.833333333333336,0,2,33.11764705882353,20.0,0,28,14,21,E1,6,15,0.1,0.0
mas_iterative,1481,default,69,6,6,35.666666666666664,0,2,32.94117647058823,20.0,0,28,14,21,E1,6,15,0.1,0.0
hungarian,1481,default,69,6,6,35.666666666666664,0,2,32.94117647058823,20.0,0,28,18,58,E1,6,15,0.1,0.0
no_coordination,1482,default,110,6,6,50.0,3,2,45.23529411764706,20.0,48,7,0,0,E1,6,15,0.1,0.0
claim,1482,default,75,6,6,44.166666666666664,1,2,41.11764705882353,20.0,18,8,7,7,E1,6,15,0.1,0.0
mas,1482,default,71,6,6,37.666666666666664,0,2,35.470588235294116,20.0,0,22,14,21,E1,6,15,0.1,0.0
mas_iterative,1482,default,71,6,6,37.333333333333336,0,2,35.1764705882353,20.0,0,22,14,21,E1,6,15,0.1,0.0
hungarian,1482,default,71,6,6,37.333333333333336,0,2,35.1764705882353,20.0,0,22,18,58,E1,6,15,0.1,0.0
no_coordination,1483,default,83,6,6,48.333333333333336,4,2,44.125,nan,65,8,0,0,E1,6,15,0.1,0.0
claim,1483,default,63,6,6,42.666666666666664,1,2,40.75,nan,21,9,7,7,E1,6,15,0.1,0.0
mas,1483,default,58,6,6,39.5,0,2,37.3125,nan,0,8,14,21,E1,6,15,0.1,0.0
mas_iterative,1483,default,57,6,6,39.0,0,2,36.875,nan,0,6,14,21,E1,6,15,0.1,0.0
hungarian,1483,default,57,6,6,39.0,0,2,36.875,nan,0,6,18,56,E1,6,15,0.1,0.0
no_coordination,1484,default,83,6,6,43.0,4,2,37.333333333333336,20.0,62,8,0,0,E1,6,15,0.1,0.0
claim,1484,default,83,6,6,43.0,4,2,37.333333333333336,20.0,62,8,10,10,E1,6,15,0.1,0.0
mas,1484,default,59,6,6,34.166666666666664,0,2,31.166666666666668,20.0,0,18,14,21,E1,6,15,0.1,0.0
mas_iterative,1484,default,59,6,6,34.0,0,2,31.0,20.0,0,18,14,21,E1,6,15,0.1,0.0
hungarian,1484,default,59,6,6,34.0,0,2,31.0,20.0,0,18,18,58,E1,6,15,0.1,0.0
no_coordination,1485,default,63,6,6,38.166666666666664,3,2,35.64705882352941,20.0,26,7,0,0,E1,6,15,0.1,0.0
claim,1485,default,52,6,6,35.333333333333336,0,2,33.294117647058826,20.0,0,11,6,6,E1,6,15,0.1,0.0
mas,1485,default,52,6,6,35.333333333333336,0,2,33.294117647058826,20.0,0,11,12,18,E1,6,15,0.1,0.0
mas_iterative,1485,default,52,6,6,35.333333333333336,0,2,33.294117647058826,20.0,0,11,12,18,E1,6,15,0.1,0.0
hungarian,1485,default,52,6,6,35.333333333333336,0,2,33.294117647058826,20.0,0,11,18,56,E1,6,15,0.1,0.0
no_coordination,1486,default,97,6,6,55.333333333333336,4,2,47.42857142857143,22.0,63,8,0,0,E1,6,15,0.1,0.0
claim,1486,default,91,6,6,45.666666666666664,1,2,41.285714285714285,22.0,38,5,7,7,E1,6,15,0.1,0.0
mas,1486,default,91,6,6,45.666666666666664,0,2,41.285714285714285,22.0,0,42,14,21,E1,6,15,0.1,0.0
mas_iterative,1486,default,91,6,6,45.666666666666664,0,2,41.285714285714285,22.0,0,42,14,21,E1,6,15,0.1,0.0
hungarian,1486,default,91,6,6,45.666666666666664,0,2,41.285714285714285,22.0,0,42,20,59,E1,6,15,0.1,0.0
no_coordination,1487,default,63,6,6,36.166666666666664,3,2,32.9375,nan,31,7,0,0,E1,6,15,0.1,0.0
claim,1487,default,60,6,6,35.666666666666664,1,2,32.75,nan,10,20,7,7,E1,6,15,0.1,0.0
mas,1487,default,54,6,6,34.0,0,2,31.625,nan,0,12,14,21,E1,6,15,0.1,0.0
mas_iterative,1487,default,53,6,6,33.666666666666664,0,2,31.375,nan,0,10,14,21,E1,6,15,0.1,0.0
hungarian,1487,default,53,6,6,33.666666666666664,0,2,31.375,nan,0,10,18,58,E1,6,15,0.1,0.0
no_coordination,1488,default,95,6,6,55.833333333333336,5,2,48.625,27.0,64,9,0,0,E1,6,15,0.1,0.0
claim,1488,default,95,6,6,55.833333333333336,4,2,48.625,27.0,59,13,10,10,E1,6,15,0.1,0.0
mas,1488,default,71,6,6,36.166666666666664,0,2,33.375,25.0,0,28,14,21,E1,6,15,0.1,0.0
mas_iterative,1488,default,71,6,6,35.666666666666664,0,2,33.0,25.0,0,28,16,24,E1,6,15,0.1,0.0
hungarian,1488,default,81,6,6,42.0,0,2,36.75,21.0,0,22,18,56,E1,6,15,0.1,0.0
no_coordination,1489,default,114,6,6,56.666666666666664,5,2,44.333333333333336,22.0,77,9,0,0,E1,6,15,0.1,0.0
claim,1489,default,87,6,6,46.0,1,2,38.083333333333336,22.0,23,38,7,7,E1,6,15,0.1,0.0
mas,1489,default,77,6,6,39.0,0,2,32.833333333333336,22.0,0,36,14,21,E1,6,15,0.1,0.0
mas_iterative,1489,default,77,6,6,38.666666666666664,0,2,32.5,22.0,0,36,16,24,E1,6,15,0.1,0.0
hungarian,1489,default,77,6,6,38.666666666666664,0,2,32.5,22.0,0,36,18,58,E1,6,15,0.1,0.0
no_coordination,1490,default,129,6,6,82.33333333333333,6,2,70.26666666666667,36.0,129,10,0,0,E1,6,15,0.1,0.0
claim,1490,default,129,6,6,82.33333333333333,6,2,70.26666666666667,36.0,129,10,12,12,E1,6,15,0.1,0.0
mas,1490,default,63,6,6,40.166666666666664,0,2,34.93333333333333,20.0,0,10,14,21,E1,6,15,0.1,0.0
mas_iterative,1490,default,63,6,6,39.666666666666664,0,2,34.53333333333333,20.0,0,10,16,24,E1,6,15,0.1,0.0
hungarian,1490,default,63,6,6,39.666666666666664,0,2,34.53333333333333,20.0,0,10,18,58,E1,6,15,0.1,0.0
no_coordination,1491,default,93,6,6,48.166666666666664,4,2,43.285714285714285,22.0,74,8,0,0,E1,6,15,0.1,0.0
claim,1491,default,85,6,6,46.0,1,2,41.785714285714285,22.0,23,42,7,7,E1,6,15,0.1,0.0
mas,1491,default,51,6,6,33.5,0,2,31.428571428571427,22.0,0,14,14,21,E1,6,15,0.1,0.0
mas_iterative,1491,default,51,6,6,33.0,0,2,31.0,22.0,0,14,14,21,E1,6,15,0.1,0.0
hungarian,1491,default,51,6,6,33.0,0,2,31.0,22.0,0,14,18,56,E1,6,15,0.1,0.0
no_coordination,1492,default,71,6,6,41.333333333333336,3,2,39.9,27.0,26,7,0,0,E1,6,15,0.1,0.0
claim,1492,default,71,6,6,41.333333333333336,2,2,39.9,27.0,26,18,8,8,E1,6,15,0.1,0.0
mas,1492,default,63,6,6,35.666666666666664,0,2,34.8,27.0,0,22,14,21,E1,6,15,0.1,0.0
mas_iterative,1492,default,63,6,6,35.333333333333336,0,2,34.5,27.0,0,22,14,21,E1,6,15,0.1,0.0
hungarian,1492,default,63,6,6,35.333333333333336,0,2,34.5,27.0,0,22,18,58,E1,6,15,0.1,0.0
no_coordination,1493,default,97,6,6,48.666666666666664,5,2,37.75,21.0,76,9,0,0,E1,6,15,0.1,0.0
claim,1493,default,61,6,6,36.0,0,2,30.875,21.0,0,12,6,6,E1,6,15,0.1,0.0
mas,1493,default,61,6,6,36.0,0,2,30.875,21.0,0,12,12,18,E1,6,15,0.1,0.0
mas_iterative,1493,default,61,6,6,36.0,0,2,30.875,21.0,0,12,12,18,E1,6,15,0.1,0.0
hungarian,1493,default,61,6,6,36.0,0,2,30.875,21.0,0,12,18,56,E1,6,15,0.1,0.0
no_coordination,1494,default,71,6,6,44.0,3,2,39.529411764705884,20.0,51,7,0,0,E1,6,15,0.1,0.0
claim,1494,default,71,6,6,44.0,3,2,39.529411764705884,20.0,51,7,9,9,E1,6,15,0.1,0.0
mas,1494,default,63,6,6,33.5,0,2,32.294117647058826,20.0,0,30,14,21,E1,6,15,0.1,0.0
mas_iterative,1494,default,63,6,6,33.0,0,2,31.88235294117647,20.0,0,30,18,27,E1,6,15,0.1,0.0
hungarian,1494,default,63,6,6,33.0,0,2,31.88235294117647,20.0,0,30,18,60,E1,6,15,0.1,0.0
no_coordination,1495,default,107,6,6,52.0,4,2,42.0,32.666666666666664,91,9,0,0,E1,6,15,0.1,0.0
claim,1495,default,107,6,6,52.0,4,2,42.0,32.666666666666664,91,9,11,11,E1,6,15,0.1,0.0
mas,1495,default,78,6,6,38.833333333333336,0,2,32.294117647058826,26.666666666666668,0,34,14,21,E1,6,15,0.1,0.0
mas_iterative,1495,default,77,6,6,38.333333333333336,0,2,31.764705882352942,26.0,0,32,14,21,E1,6,15,0.1,0.0
hungarian,1495,default,77,6,6,38.333333333333336,0,2,31.764705882352942,26.0,0,32,18,56,E1,6,15,0.1,0.0
no_coordination,1496,default,93,6,6,48.0,4,2,36.0,26.666666666666668,68,8,0,0,E1,6,15,0.1,0.0
claim,1496,default,63,6,6,39.0,0,2,32.0,26.666666666666668,0,12,6,6,E1,6,15,0.1,0.0
mas,1496,default,63,6,6,39.0,0,2,32.0,26.666666666666668,0,12,12,18,E1,6,15,0.1,0.0
mas_iterative,1496,default,63,6,6,39.0,0,2,32.0,26.666666666666668,0,12,12,18,E1,6,15,0.1,0.0
hungarian,1496,default,63,6,6,39.0,0,2,32.0,26.666666666666668,0,12,18,56,E1,6,15,0.1,0.0
no_coordination,1497,default,82,6,6,51.833333333333336,3,2,40.92857142857143,20.0,46,7,0,0,E1,6,15,0.1,0.0
claim,1497,default,82,6,6,51.833333333333336,2,2,40.92857142857143,20.0,46,11,8,8,E1,6,15,0.1,0.0
mas,1497,default,67,6,6,40.333333333333336,0,2,34.07142857142857,20.0,0,22,14,21,E1,6,15,0.1,0.0
mas_iterative,1497,default,67,6,6,40.0,0,2,33.857142857142854,20.0,0,22,16,24,E1,6,15,0.1,0.0
hungarian,1497,default,67,6,6,40.0,0,2,33.857142857142854,20.0,0,22,20,61,E1,6,15,0.1,0.0
no_coordination,1498,default,91,6,6,65.0,4,2,58.11764705882353,35.0,75,8,0,0,E1,6,15,0.1,0.0
claim,1498,default,91,6,6,65.0,3,2,58.11764705882353,35.0,69,13,9,9,E1,6,15,0.1,0.0
mas,1498,default,52,6,6,32.5,0,2,30.058823529411764,25.0,0,14,14,21,E1,6,15,0.1,0.0
mas_iterative,1498,default,51,6,6,32.0,0,2,29.647058823529413,25.0,0,12,18,27,E1,6,15,0.1,0.0
hungarian,1498,default,51,6,6,32.0,0,2,29.647058823529413,25.0,0,12,18,60,E1,6,15,0.1,0.0
no_coordination,1499,default,99,6,6,61.666666666666664,3,2,47.5,21.0,62,7,0,0,E1,6,15,0.1,0.0
claim,1499,default,79,6,6,47.666666666666664,0,2,38.5,21.0,0,18,6,6,E1,6,15,0.1,0.0
mas,1499,default,79,6,6,47.666666666666664,0,2,38.5,21.0,0,18,12,18,E1,6,15,0.1,0.0
mas_iterative,1499,default,79,6,6,47.666666666666664,0,2,38.5,21.0,0,18,12,18,E1,6,15,0.1,0.0
hungarian,1499,default,79,6,6,47.666666666666664,0,2,38.5,21.0,0,18,18,56,E1,6,15,0.1,0.0
no_coordination,1500,default,114,6,6,59.666666666666664,5,2,48.111111111111114,32.333333333333336,69,9,0,0,E1,6,15,0.1,0.0
claim,1500,default,86,6,6,49.166666666666664,1,2,42.27777777777778,32.333333333333336,23,28,7,7,E1,6,15,0.1,0.0
mas,1500,default,78,6,6,40.0,0,2,34.55555555555556,33.0,0,38,14,21,E1,6,15,0.1,0.0
mas_iterative,1500,default,85,6,6,46.0,0,2,38.55555555555556,29.333333333333332,0,34,16,24,E1,6,15,0.1,0.0
hungarian,1500,default,85,6,6,46.0,0,2,38.55555555555556,29.333333333333332,0,34,18,58,E1,6,15,0.1,0.0
no_coordination,1501,default,115,6,6,52.666666666666664,4,2,47.2,nan,55,8,0,0,E1,6,15,0.1,0.0
claim,1501,default,77,6,6,43.0,0,2,39.46666666666667,nan,0,16,6,6,E1,6,15,0.1,0.0
mas,1501,default,77,6,6,43.0,0,2,39.46666666666667,nan,0,16,12,18,E1,6,15,0.1,0.0
mas_iterative,1501,default,77,6,6,43.0,0,2,39.46666666666667,nan,0,16,12,18,E1,6,15,0.1,0.0
hungarian,1501,default,77,6,6,43.0,0,2,39.46666666666667,nan,0,16,18,56,E1,6,15,0.1,0.0
no_coordination,1502,default,99,6,6,57.5,4,2,51.214285714285715,nan,64,8,0,0,E1,6,15,0.1,0.0
claim,1502,default,83,6,6,53.166666666666664,1,2,47.857142857142854,nan,25,12,7,7,E1,6,15,0.1,0.0
mas,1502,default,79,6,6,44.166666666666664,0,2,39.57142857142857,nan,0,22,14,21,E1,6,15,0.1,0.0
mas_iterative,1502,default,79,6,6,43.666666666666664,0,2,39.142857142857146,nan,0,22,16,24,E1,6,15,0.1,0.0
hungarian,1502,default,79,6,6,43.666666666666664,0,2,39.142857142857146,nan,0,22,18,58,E1,6,15,0.1,0.0
no_coordination,1503,default,91,6,6,52.833333333333336,4,2,48.93333333333333,nan,40,8,0,0,E1,6,15,0.1,0.0
claim,1503,default,85,6,6,51.333333333333336,1,2,47.733333333333334,nan,25,23,7,7,E1,6,15,0.1,0.0
mas,1503,default,72,6,6,40.166666666666664,0,2,36.86666666666667,nan,0,22,14,21,E1,6,15,0.1,0.0
mas_iterative,1503,default,71,6,6,39.666666666666664,0,2,36.4,nan,0,20,16,24,E1,6,15,0.1,0.0
hungarian,1503,default,71,6,6,39.666666666666664,0,2,36.4,nan,0,20,18,58,E1,6,15,0.1,0.0
no_coordination,1504,default,91,6,6,40.333333333333336,3,2,34.0,21.333333333333332,25,7,0,0,E1,6,15,0.1,0.0
claim,1504,default,71,6,6,37.0,1,2,31.647058823529413,21.333333333333332,4,21,7,7,E1,6,15,0.1,0.0
mas,1504,default,68,6,6,36.0,0,2,31.11764705882353,21.333333333333332,0,18,14,21,E1,6,15,0.1,0.0
mas_iterative,1504,default,67,6,6,35.666666666666664,0,2,30.941176470588236,21.333333333333332,0,16,14,21,E1,6,15,0.1,0.0
hungarian,1504,default,67,6,6,35.666666666666664,0,2,30.941176470588236,21.333333333333332,0,16,18,58,E1,6,15,0.1,0.0
no_coordination,1505,default,115,6,6,58.166666666666664,4,2,51.11764705882353,20.0,94,8,0,0,E1,6,15,0.1,0.0
claim,1505,default,87,6,6,51.333333333333336,1,2,46.294117647058826,20.0,21,20,7,7,E1,6,15,0.1,0.0
mas,1505,default,92,6,6,49.166666666666664,0,2,44.23529411764706,20.0,0,34,14,21,E1,6,15,0.1,0.0
mas_iterative,1505,default,91,6,6,48.666666666666664,0,2,43.76470588235294,20.0,0,32,14,21,E1,6,15,0.1,0.0
hungarian,1505,default,81,6,6,45.666666666666664,0,2,41.64705882352941,28.0,0,22,18,56,E1,6,15,0.1,0.0
no_coordination,1506,default,97,6,6,49.666666666666664,4,2,41.333333333333336,nan,74,8,0,0,E1,6,15,0.1,0.0
claim,1506,default,61,6,6,38.666666666666664,0,2,34.666666666666664,nan,0,6,6,6,E1,6,15,0.1,0.0
mas,1506,default,61,6,6,38.666666666666664,0,2,34.666666666666664,nan,0,6,12,18,E1,6,15,0.1,0.0
mas_iterative,1506,default,61,6,6,38.666666666666664,0,2,34.666666666666664,nan,0,6,12,18,E1,6,15,0.1,0.0
hungarian,1506,default,61,6,6,38.666666666666664,0,2,34.666666666666664,nan,0,6,18,56,E1,6,15,0.1,0.0
no_coordination,1507,default,87,6,6,50.166666666666664,2,2,48.05882352941177,nan,41,7,0,0,E1,6,15,0.1,0.0
claim,1507,default,73,6,6,45.666666666666664,0,2,44.35294117647059,nan,0,8,6,6,E1,6,15,0.1,0.0
mas,1507,default,73,6,6,45.666666666666664,0,2,44.35294117647059,nan,0,8,12,18,E1,6,15,0.1,0.0
mas_iterative,1507,default,73,6,6,45.666666666666664,0,2,44.35294117647059,nan,0,8,12,18,E1,6,15,0.1,0.0
hungarian,1507,default,73,6,6,45.666666666666664,0,2,44.35294117647059,nan,0,8,18,56,E1,6,15,0.1,0.0
no_coordination,1508,default,90,6,6,58.5,2,2,54.142857142857146,28.0,41,7,0,0,E1,6,15,0.1,0.0
claim,1508,default,99,6,6,57.666666666666664,1,2,53.42857142857143,28.0,29,29,7,7,E1,6,15,0.1,0.0
mas,1508,default,71,6,6,40.833333333333336,0,2,38.142857142857146,22.0,0,18,14,21,E1,6,15,0.1,0.0
mas_iterative,1508,default,71,6,6,40.333333333333336,0,2,37.714285714285715,22.0,0,18,14,21,E1,6,15,0.1,0.0
hungarian,1508,default,71,6,6,40.333333333333336,0,2,37.714285714285715,22.0,0,18,18,56,E1,6,15,0.1,0.0
no_coordination,1509,default,99,6,6,68.83333333333333,4,2,59.142857142857146,22.0,78,8,0,0,E1,6,15,0.1,0.0
claim,1509,default,89,6,6,67.0,2,2,58.357142857142854,22.0,57,7,8,8,E1,6,15,0.1,0.0
mas,1509,default,71,6,6,39.166666666666664,0,2,34.857142857142854,22.0,0,28,14,21,E1,6,15,0.1,0.0
mas_iterative,1509,default,71,6,6,38.666666666666664,0,2,34.42857142857143,22.0,0,28,14,21,E1,6,15,0.1,0.0
hungarian,1509,default,71,6,6,38.666666666666664,0,2,34.42857142857143,22.0,0,28,18,56,E1,6,15,0.1,0.0
no_coordination,1510,default,149,6,6,72.33333333333333,6,2,54.2,nan,149,10,0,0,E1,6,15,0.1,0.0
claim,1510,default,149,6,6,72.33333333333333,6,2,54.2,nan,149,10,12,12,E1,6,15,0.1,0.0
mas,1510,default,74,6,6,40.5,0,2,35.1,nan,0,18,14,21,E1,6,15,0.1,0.0
mas_iterative,1510,default,73,6,6,40.0,0,2,34.8,nan,0,16,18,27,E1,6,15,0.1,0.0
hungarian,1510,default,73,6,6,40.0,0,2,34.8,nan,0,16,18,60,E1,6,15,0.1,0.0
no_coordination,1511,default,167,6,6,91.0,6,2,69.5,20.0,167,10,0,0,E1,6,15,0.1,0.0
claim,1511,default,167,6,6,91.0,6,2,69.5,20.0,167,10,12,12,E1,6,15,0.1,0.0
mas,1511,default,86,6,6,49.166666666666664,0,2,39.416666666666664,20.0,0,18,14,21,E1,6,15,0.1,0.0
mas_iterative,1511,default,85,6,6,48.666666666666664,0,2,39.0,20.0,0,16,16,24,E1,6,15,0.1,0.0
hungarian,1511,default,85,6,6,48.666666666666664,0,2,39.0,20.0,0,16,18,58,E1,6,15,0.1,0.0
no_coordination,1512,default,79,6,6,38.0,4,2,30.0,nan,58,8,0,0,E1,6,15,0.1,0.0
claim,1512,default,79,6,6,38.0,4,2,30.0,nan,58,8,10,10,E1,6,15,0.1,0.0
mas,1512,default,58,6,6,32.333333333333336,0,2,27.153846153846153,nan,0,20,14,21,E1,6,15,0.1,0.0
mas_iterative,1512,default,57,6,6,32.0,0,2,26.923076923076923,nan,0,18,14,21,E1,6,15,0.1,0.0
hungarian,1512,default,57,6,6,32.0,0,2,26.923076923076923,nan,0,18,18,58,E1,6,15,0.1,0.0
no_coordination,1513,default,113,6,6,52.333333333333336,4,2,47.375,nan,92,8,0,0,E1,6,15,0.1,0.0
claim,1513,default,113,6,6,52.333333333333336,4,2,47.375,nan,92,8,10,10,E1,6,15,0.1,0.0
mas,1513,default,82,6,6,40.666666666666664,0,2,37.8125,nan,0,40,14,21,E1,6,15,0.1,0.0
mas_iterative,1513,default,81,6,6,40.333333333333336,0,2,37.5,nan,0,38,14,21,E1,6,15,0.1,0.0
hungarian,1513,default,81,6,6,40.333333333333336,0,2,37.5,nan,0,38,18,58,E1,6,15,0.1,0.0
no_coordination,1514,default,77,6,6,42.833333333333336,3,2,36.76470588235294,24.0,48,7,0,0,E1,6,15,0.1,0.0
claim,1514,default,82,6,6,42.333333333333336,1,2,36.88235294117647,24.0,22,35,7,7,E1,6,15,0.1,0.0
mas,1514,default,87,6,6,43.666666666666664,0,2,38.588235294117645,24.0,0,37,16,24,E1,6,15,0.1,0.0
mas_iterative,1514,default,86,6,6,43.0,0,2,38.0,23.5,0,35,14,21,E1,6,15,0.1,0.0
hungarian,1514,default,86,6,6,43.0,0,2,38.0,23.5,0,35,18,56,E1,6,15,0.1,0.0
no_coordination,1515,default,101,6,6,50.5,3,2,43.0,22.0,80,8,0,0,E1,6,15,0.1,0.0
claim,1515,default,81,6,6,47.0,1,2,41.64705882352941,22.0,23,22,7,7,E1,6,15,0.1,0.0
mas,1515,default,80,6,6,42.166666666666664,0,2,36.64705882352941,22.0,0,34,14,21,E1,6,15,0.1,0.0
mas_iterative,1515,default,79,6,6,41.666666666666664,0,2,36.23529411764706,22.0,0,32,14,21,E1,6,15,0.1,0.0
hungarian,1515,default,77,6,6,39.666666666666664,0,2,34.588235294117645,26.0,0,32,18,56,E1,6,15,0.1,0.0
no_coordination,1516,default,85,6,6,45.666666666666664,3,2,41.76470588235294,20.0,35,7,0,0,E1,6,15,0.1,0.0
claim,1516,default,71,6,6,43.333333333333336,1,2,40.11764705882353,20.0,20,13,7,7,E1,6,15,0.1,0.0
mas,1516,default,63,6,6,38.333333333333336,0,2,36.411764705882355,20.0,0,8,14,21,E1,6,15,0.1,0.0
mas_iterative,1516,default,63,6,6,38.0,0,2,36.11764705882353,20.0,0,8,14,21,E1,6,15,0.1,0.0
hungarian,1516,default,63,6,6,38.0,0,2,36.11764705882353,20.0,0,8,18,58,E1,6,15,0.1,0.0
no_coordination,1517,default,103,6,6,58.166666666666664,2,2,49.22222222222222,31.333333333333332,57,6,0,0,E1,6,15,0.1,0.0
claim,1517,default,103,6,6,58.166666666666664,1,2,49.22222222222222,31.333333333333332,34,28,7,7,E1,6,15,0.1,0.0
mas,1517,default,83,6,6,47.666666666666664,0,2,42.22222222222222,31.333333333333332,0,18,14,21,E1,6,15,0.1,0.0
mas_iterative,1517,default,83,6,6,47.333333333333336,0,2,42.0,31.333333333333332,0,18,14,21,E1,6,15,0.1,0.0
hungarian,1517,default,83,6,6,47.333333333333336,0,2,42.0,31.333333333333332,0,18,18,58,E1,6,15,0.1,0.0
no_coordination,1518,default,116,6,6,66.0,5,2,58.625,24.0,75,9,0,0,E1,6,15,0.1,0.0
claim,1518,default,103,6,6,63.833333333333336,3,2,57.0,24.0,59,22,9,9,E1,6,15,0.1,0.0
mas,1518,default,67,6,6,40.166666666666664,0,2,36.1875,20.0,0,8,14,21,E1,6,15,0.1,0.0
mas_iterative,1518,default,67,6,6,39.666666666666664,0,2,35.75,20.0,0,8,16,24,E1,6,15,0.1,0.0
hungarian,1518,default,67,6,6,39.666666666666664,0,2,35.75,20.0,0,8,18,58,E1,6,15,0.1,0.0
no_coordination,1519,default,95,6,6,53.0,5,2,45.57142857142857,nan,56,9,0,0,E1,6,15,0.1,0.0
claim,1519,default,87,6,6,51.666666666666664,3,2,45.0,nan,47,25,9,9,E1,6,15,0.1,0.0
mas,1519,default,62,6,6,36.833333333333336,0,2,32.285714285714285,nan,0,12,14,21,E1,6,15,0.1,0.0
mas_iterative,1519,default,61,6,6,36.333333333333336,0,2,31.857142857142858,nan,0,10,16,24,E1,6,15,0.1,0.0
hungarian,1519,default,61,6,6,36.333333333333336,0,2,31.857142857142858,nan,0,10,18,58,E1,6,15,0.1,0.0
no_coordination,1520,default,69,6,6,39.666666666666664,4,2,34.42857142857143,nan,48,8,0,0,E1,6,15,0.1,0.0
claim,1520,default,69,6,6,39.666666666666664,4,2,34.42857142857143,nan,48,8,10,10,E1,6,15,0.1,0.0
mas,1520,default,49,6,6,32.0,0,2,29.285714285714285,nan,0,12,14,21,E1,6,15,0.1,0.0
mas_iterative,1520,default,49,6,6,31.666666666666668,0,2,29.0,nan,0,12,14,21,E1,6,15,0.1,0.0
hungarian,1520,default,49,6,6,31.666666666666668,0,2,29.0,nan,0,12,18,58,E1,6,15,0.1,0.0
no_coordination,1521,default,84,6,6,49.833333333333336,3,2,43.55555555555556,20.0,44,7,0,0,E1,6,15,0.1,0.0
claim,1521,default,84,6,6,49.833333333333336,2,2,43.55555555555556,20.0,44,19,8,8,E1,6,15,0.1,0.0
mas,1521,default,66,6,6,40.333333333333336,0,2,36.05555555555556,20.0,0,18,14,21,E1,6,15,0.1,0.0
mas_iterative,1521,default,65,6,6,40.0,0,2,35.77777777777778,20.0,0,16,16,24,E1,6,15,0.1,0.0
hungarian,1521,default,65,6,6,40.0,0,2,35.77777777777778,20.0,0,16,18,60,E1,6,15,0.1,0.0
no_coordination,1522,default,93,6,6,52.0,5,2,43.5,31.666666666666668,54,9,0,0,E1,6,15,0.1,0.0
claim,1522,default,73,6,6,44.0,1,2,38.833333333333336,31.666666666666668,22,24,7,7,E1,6,15,0.1,0.0
mas,1522,default,67,6,6,41.0,0,2,36.5,29.666666666666668,0,18,14,21,E1,6,15,0.1,0.0
mas_iterative,1522,default,66,6,6,40.5,0,2,36.111111111111114,29.333333333333332,0,16,14,21,E1,6,15,0.1,0.0
hungarian,1522,default,66,6,6,40.0,0,2,35.5,28.666666666666668,0,17,18,56,E1,6,15,0.1,0.0
no_coordination,1523,default,106,6,6,57.666666666666664,5,2,49.0,nan,73,9,0,0,E1,6,15,0.1,0.0
claim,1523,default,76,6,6,48.0,1,2,43.5,nan,21,14,7,7,E1,6,15,0.1,0.0
mas,1523,default,67,6,6,42.166666666666664,0,2,37.785714285714285,nan,0,6,14,21,E1,6,15,0.1,0.0
mas_iterative,1523,default,67,6,6,41.666666666666664,0,2,37.285714285714285,nan,0,6,16,24,E1,6,15,0.1,0.0
hungarian,1523,default,67,6,6,41.666666666666664,0,2,37.285714285714285,nan,0,6,18,58,E1,6,15,0.1,0.0
no_coordination,1524,default,104,6,6,65.66666666666667,5,2,56.083333333333336,nan,77,9,0,0,E1,6,15,0.1,0.0
claim,1524,default,95,6,6,64.16666666666667,3,2,55.333333333333336,nan,67,16,9,9,E1,6,15,0.1,0.0
mas,1524,default,66,6,6,42.5,0,2,37.916666666666664,nan,0,16,14,21,E1,6,15,0.1,0.0
mas_iterative,1524,default,65,6,6,42.0,0,2,37.5,nan,0,14,14,21,E1,6,15,0.1,0.0
hungarian,1524,default,67,6,6,42.666666666666664,0,2,38.5,nan,0,8,18,56,E1,6,15,0.1,0.0
no_coordination,1525,default,125,6,6,59.666666666666664,4,2,48.92307692307692,22.0,109,8,0,0,E1,6,15,0.1,0.0
claim,1525,default,89,6,6,51.0,1,2,43.69230769230769,22.0,23,19,7,7,E1,6,15,0.1,0.0
mas,1525,default,81,6,6,43.833333333333336,0,2,37.69230769230769,22.0,0,20,14,21,E1,6,15,0.1,0.0
mas_iterative,1525,default,81,6,6,43.333333333333336,0,2,37.23076923076923,22.0,0,20,14,21,E1,6,15,0.1,0.0
hungarian,1525,default,83,6,6,42.333333333333336,0,2,36.46153846153846,24.0,0,34,18,56,E1,6,15,0.1,0.0
no_coordination,1526,default,116,6,6,55.166666666666664,4,2,40.46153846153846,24.0,58,8,0,0,E1,6,15,0.1,0.0
claim,1526,default,87,6,6,45.666666666666664,0,2,36.30769230769231,24.0,0,30,6,6,E1,6,15,0.1,0.0
mas,1526,default,87,6,6,45.666666666666664,0,2,36.30769230769231,24.0,0,30,12,18,E1,6,15,0.1,0.0
mas_iterative,1526,default,87,6,6,45.666666666666664,0,2,36.30769230769231,24.0,0,30,12,18,E1,6,15,0.1,0.0
hungarian,1526,default,87,6,6,45.666666666666664,0,2,36.30769230769231,24.0,0,30,18,56,E1,6,15,0.1,0.0
no_coordination,1527,default,100,6,6,52.666666666666664,4,2,49.09090909090909,nan,53,9,0,0,E1,6,15,0.1,0.0
claim,1527,default,85,6,6,48.0,1,2,45.18181818181818,nan,25,36,7,7,E1,6,15,0.1,0.0
mas,1527,default,62,6,6,38.833333333333336,0,2,34.27272727272727,nan,0,18,14,21,E1,6,15,0.1,0.0
mas_iterative,1527,default,61,6,6,38.333333333333336,0,2,33.81818181818182,nan,0,16,16,24,E1,6,15,0.1,0.0
hungarian,1527,default,61,6,6,38.333333333333336,0,2,33.81818181818182,nan,0,16,18,58,E1,6,15,0.1,0.0
no_coordination,1528,default,87,6,6,46.666666666666664,4,2,42.73684210526316,29.0,66,8,0,0,E1,6,15,0.1,0.0
claim,1528,default,87,6,6,46.666666666666664,4,2,42.73684210526316,29.0,66,8,10,10,E1,6,15,0.1,0.0
mas,1528,default,55,6,6,35.666666666666664,0,2,34.0,29.0,0,6,14,21,E1,6,15,0.1,0.0
mas_iterative,1528,default,55,6,6,35.333333333333336,0,2,33.68421052631579,29.0,0,6,14,21,E1,6,15,0.1,0.0
hungarian,1528,default,55,6,6,35.333333333333336,0,2,33.68421052631579,29.0,0,6,18,58,E1,6,15,0.1,0.0
no_coordination,1529,default,153,6,6,80.0,6,2,58.75,24.0,153,10,0,0,E1,6,15,0.1,0.0
claim,1529,default,153,6,6,80.0,6,2,58.75,24.0,153,10,12,12,E1,6,15,0.1,0.0
mas,1529,default,83,6,6,42.666666666666664,0,2,34.25,24.0,0,34,14,21,E1,6,15,0.1,0.0
mas_iterative,1529,default,83,6,6,42.333333333333336,0,2,33.875,24.0,0,34,18,27,E1,6,15,0.1,0.0
hungarian,1529,default,83,6,6,42.333333333333336,0,2,33.875,24.0,0,34,20,61,E1,6,15,0.1,0.0
no_coordination,1530,default,131,6,6,63.333333333333336,6,2,48.666666666666664,nan,131,10,0,0,E1,6,15,0.1,0.0
claim,1530,default,131,6,6,63.333333333333336,6,2,48.666666666666664,nan,131,10,12,12,E1,6,15,0.1,0.0
mas,1530,default,82,6,6,45.5,0,2,37.0,nan,0,20,14,21,E1,6,15,0.1,0.0
mas_iterative,1530,default,81,6,6,45.0,0,2,36.5,nan,0,18,16,24,E1,6,15,0.1,0.0
hungarian,1530,default,81,6,6,45.0,0,2,36.5,nan,0,18,18,58,E1,6,15,0.1,0.0
no_coordination,1531,default,77,6,6,45.833333333333336,5,2,40.166666666666664,nan,46,9,0,0,E1,6,15,0.1,0.0
claim,1531,default,74,6,6,44.833333333333336,3,2,39.666666666666664,nan,65,7,9,9,E1,6,15,0.1,0.0
mas,1531,default,63,6,6,35.833333333333336,0,2,32.083333333333336,nan,0,29,14,21,E1,6,15,0.1,0.0
mas_iterative,1531,default,62,6,6,35.333333333333336,0,2,31.666666666666668,nan,0,27,14,21,E1,6,15,0.1,0.0
hungarian,1531,default,58,6,6,33.333333333333336,0,2,30.0,nan,0,23,18,56,E1,6,15,0.1,0.0
no_coordination,1532,default,116,6,6,67.66666666666667,4,2,58.714285714285715,nan,71,8,0,0,E1,6,15,0.1,0.0
claim,1532,default,103,6,6,60.333333333333336,1,2,52.357142857142854,nan,27,24,7,7,E1,6,15,0.1,0.0
mas,1532,default,90,6,6,45.833333333333336,0,2,38.0,nan,0,30,14,21,E1,6,15,0.1,0.0
mas_iterative,1532,default,87,6,6,45.0,0,2,37.42857142857143,nan,0,26,16,24,E1,6,15,0.1,0.0
hungarian,1532,default,87,6,6,45.0,0,2,37.42857142857143,nan,0,26,18,58,E1,6,15,0.1,0.0
no_coordination,1533,default,117,6,6,58.333333333333336,4,2,43.666666666666664,22.666666666666668,79,8,0,0,E1,6,15,0.1,0.0
claim,1533,default,71,6,6,42.333333333333336,0,2,35.333333333333336,22.666666666666668,0,12,6,6,E1,6,15,0.1,0.0
mas,1533,default,71,6,6,42.333333333333336,0,2,35.333333333333336,22.666666666666668,0,12,12,18,E1,6,15,0.1,0.0
mas_iterative,1533,default,71,6,6,42.333333333333336,0,2,35.333333333333336,22.666666666666668,0,12,12,18,E1,6,15,0.1,0.0
hungarian,1533,default,71,6,6,42.333333333333336,0,2,35.333333333333336,22.666666666666668,0,12,18,56,E1,6,15,0.1,0.0
no_coordination,1534,default,111,6,6,52.666666666666664,5,2,43.53846153846154,nan,90,9,0,0,E1,6,15,0.1,0.0
claim,1534,default,75,6,6,41.0,0,2,35.53846153846154,nan,0,20,6,6,E1,6,15,0.1,0.0
mas,1534,default,75,6,6,41.0,0,2,35.53846153846154,nan,0,20,12,18,E1,6,15,0.1,0.0
mas_iterative,1534,default,75,6,6,41.0,0,2,35.53846153846154,nan,0,20,12,18,E1,6,15,0.1,0.0
hungarian,1534,default,75,6,6,41.0,0,2,35.53846153846154,nan,0,20,18,56,E1,6,15,0.1,0.0
no_coordination,1535,default,135,6,6,79.66666666666667,6,2,64.625,35.0,135,10,0,0,E1,6,15,0.1,0.0
claim,1535,default,135,6,6,79.66666666666667,6,2,64.625,35.0,135,10,12,12,E1,6,15,0.1,0.0
mas,1535,default,70,6,6,46.5,0,2,39.8125,26.5,0,8,14,21,E1,6,15,0.1,0.0
mas_iterative,1535,default,69,6,6,46.0,0,2,39.375,26.0,0,6,14,21,E1,6,15,0.1,0.0
hungarian,1535,default,67,6,6,43.0,0,2,36.75,23.0,0,8,18,58,E1,6,15,0.1,0.0
no_coordination,1536,default,72,6,6,47.333333333333336,4,2,40.294117647058826,21.5,48,9,0,0,E1,6,15,0.1,0.0
claim,1536,default,48,6,6,36.333333333333336,0,2,32.8235294117647,21.5,0,6,6,6,E1,6,15,0.1,0.0
mas,1536,default,48,6,6,36.333333333333336,0,2,32.8235294117647,21.5,0,6,12,18,E1,6,15,0.1,0.0
mas_iterative,1536,default,48,6,6,36.333333333333336,0,2,32.8235294117647,21.5,0,6,12,18,E1,6,15,0.1,0.0
hungarian,1536,default,48,6,6,36.333333333333336,0,2,32.8235294117647,21.5,0,6,18,56,E1,6,15,0.1,0.0
no_coordination,1537,default,119,6,6,63.666666666666664,5,2,53.714285714285715,nan,84,9,0,0,E1,6,15,0.1,0.0
claim,1537,default,87,6,6,53.0,1,2,46.857142857142854,nan,27,25,7,7,E1,6,15,0.1,0.0
mas,1537,default,76,6,6,42.166666666666664,0,2,36.285714285714285,nan,0,28,14,21,E1,6,15,0.1,0.0
mas_iterative,1537,default,75,6,6,41.666666666666664,0,2,35.857142857142854,nan,0,26,14,21,E1,6,15,0.1,0.0
hungarian,1537,default,75,6,6,41.666666666666664,0,2,35.857142857142854,nan,0,26,18,56,E1,6,15,0.1,0.0
no_coordination,1538,default,97,6,6,64.0,6,2,55.27272727272727,nan,97,10,0,0,E1,6,15,0.1,0.0
claim,1538,default,97,6,6,64.0,6,2,55.27272727272727,nan,97,10,12,12,E1,6,15,0.1,0.0
mas,1538,default,56,6,6,36.166666666666664,0,2,31.90909090909091,nan,0,18,14,21,E1,6,15,0.1,0.0
mas_iterative,1538,default,55,6,6,35.666666666666664,0,2,31.454545454545453,nan,0,16,14,21,E1,6,15,0.1,0.0
hungarian,1538,default,55,6,6,35.666666666666664,0,2,31.454545454545453,nan,0,16,18,56,E1,6,15,0.1,0.0
no_coordination,1539,default,89,6,6,42.5,3,2,35.84615384615385,nan,55,7,0,0,E1,6,15,0.1,0.0
claim,1539,default,77,6,6,39.333333333333336,0,2,33.84615384615385,nan,0,34,6,6,E1,6,15,0.1,0.0
mas,1539,default,77,6,6,39.333333333333336,0,2,33.84615384615385,nan,0,34,12,18,E1,6,15,0.1,0.0
mas_iterative,1539,default,77,6,6,39.333333333333336,0,2,33.84615384615385,nan,0,34,12,18,E1,6,15,0.1,0.0
hungarian,1539,default,77,6,6,39.333333333333336,0,2,33.84615384615385,nan,0,34,18,56,E1,6,15,0.1,0.0
no_coordination,1540,default,141,6,6,82.33333333333333,6,2,61.666666666666664,22.0,141,10,0,0,E1,6,15,0.1,0.0
claim,1540,default,141,6,6,82.33333333333333,6,2,61.666666666666664,22.0,141,10,12,12,E1,6,15,0.1,0.0
mas,1540,default,75,6,6,43.833333333333336,0,2,35.083333333333336,22.0,0,20,14,21,E1,6,15,0.1,0.0
mas_iterative,1540,default,75,6,6,43.333333333333336,0,2,34.666666666666664,22.0,0,20,16,24,E1,6,15,0.1,0.0
hungarian,1540,default,75,6,6,43.333333333333336,0,2,34.666666666666664,22.0,0,20,18,58,E1,6,15,0.1,0.0
no_coordination,1541,default,127,6,6,74.33333333333333,6,2,59.5,26.0,127,10,0,0,E1,6,15,0.1,0.0
claim,1541,default,127,6,6,74.33333333333333,6,2,59.5,26.0,127,10,12,12,E1,6,15,0.1,0.0
mas,1541,default,68,6,6,40.5,0,2,33.75,20.0,0,18,14,21,E1,6,15,0.1,0.0
mas_iterative,1541,default,67,6,6,40.0,0,2,33.333333333333336,20.0,0,16,16,24,E1,6,15,0.1,0.0
hungarian,1541,default,67,6,6,40.0,0,2,33.333333333333336,20.0,0,16,18,58,E1,6,15,0.1,0.0
no_coordination,1542,default,109,6,6,61.5,4,2,50.53846153846154,26.0,80,8,0,0,E1,6,15,0.1,0.0
claim,1542,default,87,6,6,57.333333333333336,1,2,48.61538461538461,26.0,27,14,7,7,E1,6,15,0.1,0.0
mas,1542,default,76,6,6,44.5,0,2,36.30769230769231,20.0,0,22,14,21,E1,6,15,0.1,0.0
mas_iterative,1542,default,75,6,6,44.0,0,2,35.84615384615385,20.0,0,20,14,21,E1,6,15,0.1,0.0
hungarian,1542,default,71,6,6,42.0,0,2,34.46153846153846,26.0,0,16,18,56,E1,6,15,0.1,0.0
no_coordination,1543,default,87,6,6,41.666666666666664,4,2,34.2,nan,53,8,0,0,E1,6,15,0.1,0.0
claim,1543,default,71,6,6,37.666666666666664,0,2,31.6,nan,0,22,6,6,E1,6,15,0.1,0.0
mas,1543,default,71,6,6,37.666666666666664,0,2,31.6,nan,0,22,12,18,E1,6,15,0.1,0.0
mas_iterative,1543,default,71,6,6,37.666666666666664,0,2,31.6,nan,0,22,12,18,E1,6,15,0.1,0.0
hungarian,1543,default,71,6,6,37.666666666666664,0,2,31.6,nan,0,22,18,56,E1,6,15,0.1,0.0
no_coordination,1544,default,93,6,6,57.333333333333336,6,2,48.333333333333336,nan,93,10,0,0,E1,6,15,0.1,0.0
claim,1544,default,93,6,6,57.333333333333336,6,2,48.333333333333336,nan,93,10,12,12,E1,6,15,0.1,0.0
mas,1544,default,54,6,6,35.166666666666664,0,2,30.833333333333332,nan,0,14,14,21,E1,6,15,0.1,0.0
mas_iterative,1544,default,53,6,6,34.666666666666664,0,2,30.333333333333332,nan,0,12,14,21,E1,6,15,0.1,0.0
hungarian,1544,default,53,6,6,34.666666666666664,0,2,30.333333333333332,nan,0,12,18,56,E1,6,15,0.1,0.0
no_coordination,1545,default,85,6,6,40.666666666666664,4,2,36.23529411764706,20.0,64,8,0,0,E1,6,15,0.1,0.0
claim,1545,default,85,6,6,40.666666666666664,4,2,36.23529411764706,20.0,64,8,10,10,E1,6,15,0.1,0.0
mas,1545,default,71,6,6,34.833333333333336,0,2,31.823529411764707,20.0,0,38,14,21,E1,6,15,0.1,0.0
mas_iterative,1545,default,71,6,6,34.666666666666664,0,2,31.647058823529413,20.0,0,38,16,24,E1,6,15,0.1,0.0
hungarian,1545,default,71,6,6,34.666666666666664,0,2,31.647058823529413,20.0,0,38,20,61,E1,6,15,0.1,0.0
no_coordination,1546,default,62,6,6,34.333333333333336,3,2,28.444444444444443,21.666666666666668,39,8,0,0,E1,6,15,0.1,0.0
claim,1546,default,43,6,6,29.666666666666668,0,2,26.333333333333332,21.666666666666668,0,5,6,6,E1,6,15,0.1,0.0
mas,1546,default,43,6,6,29.666666666666668,0,2,26.333333333333332,21.666666666666668,0,5,12,18,E1,6,15,0.1,0.0
mas_iterative,1546,default,43,6,6,29.666666666666668,0,2,26.333333333333332,21.666666666666668,0,5,12,18,E1,6,15,0.1,0.0
hungarian,1546,default,43,6,6,29.666666666666668,0,2,26.333333333333332,21.666666666666668,0,5,18,56,E1,6,15,0.1,0.0
no_coordination,1547,default,139,6,6,76.33333333333333,6,2,66.25,36.0,139,10,0,0,E1,6,15,0.1,0.0
claim,1547,default,139,6,6,76.33333333333333,6,2,66.25,36.0,139,10,12,12,E1,6,15,0.1,0.0
mas,1547,default,82,6,6,48.166666666666664,0,2,42.5,25.5,0,20,14,21,E1,6,15,0.1,0.0
mas_iterative,1547,default,81,6,6,47.666666666666664,0,2,42.0,25.0,0,18,14,21,E1,6,15,0.1,0.0
hungarian,1547,default,85,6,6,47.666666666666664,0,2,42.0,25.0,0,26,18,56,E1,6,15,0.1,0.0
no_coordination,1548,default,82,6,6,46.5,5,2,40.8,nan,57,9,0,0,E1,6,15,0.1,0.0
claim,1548,default,62,6,6,42.333333333333336,2,2,38.8,nan,31,9,8,8,E1,6,15,0.1,0.0
mas,1548,default,56,6,6,34.166666666666664,0,2,30.6,nan,0,14,14,21,E1,6,15,0.1,0.0
mas_iterative,1548,default,55,6,6,33.666666666666664,0,2,30.133333333333333,nan,0,12,16,24,E1,6,15,0.1,0.0
hungarian,1548,default,51,6,6,33.0,0,2,29.866666666666667,nan,0,8,18,56,E1,6,15,0.1,0.0
no_coordination,1549,default,136,6,6,75.0,5,2,56.30769230769231,36.0,118,9,0,0,E1,6,15,0.1,0.0
claim,1549,default,125,6,6,73.16666666666667,3,2,55.46153846153846,36.0,67,38,9,9,E1,6,15,0.1,0.0
mas,1549,default,83,6,6,45.833333333333336,0,2,33.84615384615385,20.5,0,16,14,21,E1,6,15,0.1,0.0
mas_iterative,1549,default,83,6,6,45.333333333333336,0,2,33.38461538461539,20.0,0,16,16,24,E1,6,15,0.1,0.0
hungarian,1549,default,83,6,6,45.333333333333336,0,2,33.38461538461539,20.0,0,16,18,58,E1,6,15,0.1,0.0
no_coordination,1550,default,80,6,6,44.0,3,2,36.45454545454545,nan,31,7,0,0,E1,6,15,0.1,0.0
claim,1550,default,80,6,6,44.0,2,2,36.45454545454545,nan,31,14,8,8,E1,6,15,0.1,0.0
mas,1550,default,84,6,6,39.666666666666664,0,2,33.90909090909091,nan,0,39,14,21,E1,6,15,0.1,0.0
mas_iterative,1550,default,84,6,6,39.5,0,2,33.72727272727273,nan,0,39,14,21,E1,6,15,0.1,0.0
hungarian,1550,default,84,6,6,39.5,0,2,33.72727272727273,nan,0,39,18,58,E1,6,15,0.1,0.0
no_coordination,1551,default,93,6,6,60.166666666666664,4,2,53.666666666666664,32.0,48,8,0,0,E1,6,15,0.1,0.0
claim,1551,default,97,6,6,60.0,2,2,53.55555555555556,32.0,37,18,8,8,E1,6,15,0.1,0.0
mas,1551,default,86,6,6,50.166666666666664,0,2,43.611111111111114,21.5,0,14,14,21,E1,6,15,0.1,0.0
mas_iterative,1551,default,85,6,6,49.666666666666664,0,2,43.111111111111114,21.0,0,12,14,21,E1,6,15,0.1,0.0
hungarian,1551,default,85,6,6,49.666666666666664,0,2,43.111111111111114,21.0,0,12,18,56,E1,6,15,0.1,0.0
no_coordination,1552,default,82,6,6,48.0,5,2,40.0,20.0,65,9,0,0,E1,6,15,0.1,0.0
claim,1552,default,58,6,6,39.333333333333336,1,2,35.0,20.0,21,10,7,7,E1,6,15,0.1,0.0
mas,1552,default,53,6,6,36.666666666666664,0,2,32.333333333333336,20.0,0,8,14,21,E1,6,15,0.1,0.0
mas_iterative,1552,default,51,6,6,35.333333333333336,0,2,31.2,20.0,0,6,14,21,E1,6,15,0.1,0.0
hungarian,1552,default,51,6,6,35.333333333333336,0,2,31.2,20.0,0,6,18,56,E1,6,15,0.1,0.0
no_coordination,1553,default,83,6,6,45.666666666666664,3,2,39.42857142857143,24.0,23,7,0,0,E1,6,15,0.1,0.0
claim,1553,default,67,6,6,39.666666666666664,0,2,35.142857142857146,24.0,0,12,6,6,E1,6,15,0.1,0.0
mas,1553,default,67,6,6,39.666666666666664,0,2,35.142857142857146,24.0,0,12,12,18,E1,6,15,0.1,0.0
mas_iterative,1553,default,67,6,6,39.666666666666664,0,2,35.142857142857146,24.0,0,12,12,18,E1,6,15,0.1,0.0
hungarian,1553,default,67,6,6,39.666666666666664,0,2,35.142857142857146,24.0,0,12,18,56,E1,6,15,0.1,0.0
no_coordination,1554,default,87,6,6,54.333333333333336,3,2,50.0,26.0,47,7,0,0,E1,6,15,0.1,0.0
claim,1554,default,87,6,6,54.333333333333336,2,2,50.0,26.0,47,24,8,8,E1,6,15,0.1,0.0
mas,1554,default,65,6,6,38.0,0,2,35.1764705882353,20.0,0,26,14,21,E1,6,15,0.1,0.0
mas_iterative,1554,default,65,6,6,37.666666666666664,0,2,34.8235294117647,20.0,0,26,16,24,E1,6,15,0.1,0.0
hungarian,1554,default,65,6,6,37.666666666666664,0,2,34.8235294117647,20.0,0,26,20,59,E1,6,15,0.1,0.0
no_coordination,1555,default,99,6,6,66.66666666666667,4,2,54.4,nan,81,8,0,0,E1,6,15,0.1,0.0
claim,1555,default,99,6,6,66.66666666666667,4,2,54.4,nan,81,8,10,10,E1,6,15,0.1,0.0
mas,1555,default,61,6,6,38.833333333333336,0,2,33.4,nan,0,10,14,21,E1,6,15,0.1,0.0
mas_iterative,1555,default,61,6,6,38.333333333333336,0,2,33.0,nan,0,10,16,24,E1,6,15,0.1,0.0
hungarian,1555,default,61,6,6,38.333333333333336,0,2,33.0,nan,0,10,18,58,E1,6,15,0.1,0.0
no_coordination,1556,default,90,6,6,54.833333333333336,3,2,42.5,20.0,46,7,0,0,E1,6,15,0.1,0.0
claim,1556,default,83,6,6,46.0,0,2,37.285714285714285,20.0,0,30,6,6,E1,6,15,0.1,0.0
mas,1556,default,83,6,6,46.0,0,2,37.285714285714285,20.0,0,30,12,18,E1,6,15,0.1,0.0
mas_iterative,1556,default,83,6,6,46.0,0,2,37.285714285714285,20.0,0,30,12,18,E1,6,15,0.1,0.0
hungarian,1556,default,83,6,6,46.0,0,2,37.285714285714285,20.0,0,30,18,56,E1,6,15,0.1,0.0
no_coordination,1557,default,66,6,6,40.333333333333336,4,2,32.61538461538461,20.0,53,8,0,0,E1,6,15,0.1,0.0
claim,1557,default,64,6,6,35.666666666666664,1,2,30.46153846153846,20.0,21,28,7,7,E1,6,15,0.1,0.0
mas,1557,default,64,6,6,34.666666666666664,0,2,30.0,20.0,0,28,14,21,E1,6,15,0.1,0.0
mas_iterative,1557,default,63,6,6,34.0,0,2,29.53846153846154,20.0,0,26,16,24,E1,6,15,0.1,0.0
hungarian,1557,default,57,6,6,32.666666666666664,0,2,28.307692307692307,28.0,0,22,18,56,E1,6,15,0.1,0.0
no_coordination,1558,default,131,6,6,68.66666666666667,5,2,60.421052631578945,21.0,95,9,0,0,E1,6,15,0.1,0.0
claim,1558,default,79,6,6,47.333333333333336,0,2,43.473684210526315,21.0,0,14,6,6,E1,6,15,0.1,0.0
mas,1558,default,79,6,6,47.333333333333336,0,2,43.473684210526315,21.0,0,14,12,18,E1,6,15,0.1,0.0
mas_iterative,1558,default,79,6,6,47.333333333333336,0,2,43.473684210526315,21.0,0,14,12,18,E1,6,15,0.1,0.0
hungarian,1558,default,79,6,6,47.333333333333336,0,2,43.473684210526315,21.0,0,14,18,56,E1,6,15,0.1,0.0
no_coordination,1559,default,83,6,6,48.5,3,2,42.8,20.0,28,7,0,0,E1,6,15,0.1,0.0
claim,1559,default,79,6,6,47.0,1,2,42.0,20.0,21,13,7,7,E1,6,15,0.1,0.0
mas,1559,default,79,6,6,40.0,0,2,36.86666666666667,20.0,0,38,14,21,E1,6,15,0.1,0.0
mas_iterative,1559,default,79,6,6,39.666666666666664,0,2,36.53333333333333,20.0,0,38,18,27,E1,6,15,0.1,0.0
hungarian,1559,default,79,6,6,39.666666666666664,0,2,36.53333333333333,20.0,0,38,20,61,E1,6,15,0.1,0.0
no_coordination,1560,default,97,6,6,50.166666666666664,3,2,43.833333333333336,nan,61,7,0,0,E1,6,15,0.1,0.0
claim,1560,default,88,6,6,48.666666666666664,1,2,43.083333333333336,nan,22,26,7,7,E1,6,15,0.1,0.0
mas,1560,default,76,6,6,45.0,0,2,40.416666666666664,nan,0,12,14,21,E1,6,15,0.1,0.0
mas_iterative,1560,default,75,6,6,44.666666666666664,0,2,40.166666666666664,nan,0,10,14,21,E1,6,15,0.1,0.0
hungarian,1560,default,75,6,6,44.666666666666664,0,2,40.166666666666664,nan,0,10,18,58,E1,6,15,0.1,0.0
no_coordination,1561,default,79,6,6,46.166666666666664,3,2,41.22222222222222,33.5,29,7,0,0,E1,6,15,0.1,0.0
claim,1561,default,66,6,6,39.166666666666664,0,2,35.666666666666664,33.5,0,17,6,6,E1,6,15,0.1,0.0
mas,1561,default,66,6,6,39.166666666666664,0,2,35.666666666666664,33.5,0,17,12,18,E1,6,15,0.1,0.0
mas_iterative,1561,default,66,6,6,39.166666666666664,0,2,35.666666666666664,33.5,0,17,12,18,E1,6,15,0.1,0.0
hungarian,1561,default,66,6,6,39.166666666666664,0,2,35.666666666666664,33.5,0,17,18,56,E1,6,15,0.1,0.0
no_coordination,1562,default,121,6,6,59.666666666666664,4,2,52.0,22.0,98,8,0,0,E1,6,15,0.1,0.0
claim,1562,default,121,6,6,59.666666666666664,4,2,52.0,22.0,98,8,10,10,E1,6,15,0.1,0.0
mas,1562,default,74,6,6,45.0,0,2,40.64705882352941,22.0,0,10,14,21,E1,6,15,0.1,0.0
mas_iterative,1562,default,73,6,6,44.666666666666664,0,2,40.35294117647059,22.0,0,8,14,21,E1,6,15,0.1,0.0
hungarian,1562,default,73,6,6,44.666666666666664,0,2,40.35294117647059,22.0,0,8,18,58,E1,6,15,0.1,0.0
no_coordination,1563,default,84,6,6,46.0,2,2,37.0,nan,50,7,0,0,E1,6,15,0.1,0.0
claim,1563,default,71,6,6,39.333333333333336,0,2,33.666666666666664,nan,0,26,6,6,E1,6,15,0.1,0.0
mas,1563,default,71,6,6,39.333333333333336,0,2,33.666666666666664,nan,0,26,12,18,E1,6,15,0.1,0.0
mas_iterative,1563,default,71,6,6,39.333333333333336,0,2,33.666666666666664,nan,0,26,12,18,E1,6,15,0.1,0.0
hungarian,1563,default,71,6,6,39.333333333333336,0,2,33.666666666666664,nan,0,26,18,56,E1,6,15,0.1,0.0
no_coordination,1564,default,121,6,6,78.33333333333333,5,2,68.4,32.0,93,9,0,0,E1,6,15,0.1,0.0
claim,1564,default,121,6,6,78.33333333333333,4,2,68.4,32.0,93,26,10,10,E1,6,15,0.1,0.0
mas,1564,default,61,6,6,38.833333333333336,0,2,35.733333333333334,20.0,0,14,14,21,E1,6,15,0.1,0.0
mas_iterative,1564,default,61,6,6,38.333333333333336,0,2,35.333333333333336,20.0,0,14,18,27,E1,6,15,0.1,0.0
hungarian,1564,default,61,6,6,38.333333333333336,0,2,35.333333333333336,20.0,0,14,18,60,E1,6,15,0.1,0.0
no_coordination,1565,default,131,6,6,70.66666666666667,6,2,61.111111111111114,28.0,131,10,0,0,E1,6,15,0.1,0.0
claim,1565,default,131,6,6,70.66666666666667,6,2,61.111111111111114,28.0,131,10,12,12,E1,6,15,0.1,0.0
mas,1565,default,75,6,6,38.333333333333336,0,2,34.55555555555556,24.0,0,34,14,21,E1,6,15,0.1,0.0
mas_iterative,1565,default,75,6,6,38.0,0,2,34.22222222222222,24.0,0,34,16,24,E1,6,15,0.1,0.0
hungarian,1565,default,75,6,6,38.0,0,2,34.22222222222222,24.0,0,34,18,58,E1,6,15,0.1,0.0
no_coordination,1566,default,129,6,6,80.66666666666667,5,2,66.75,52.666666666666664,100,9,0,0,E1,6,15,0.1,0.0
claim,1566,default,111,6,6,77.0,3,2,65.375,52.666666666666664,77,11,9,9,E1,6,15,0.1,0.0
mas,1566,default,76,6,6,46.166666666666664,0,2,40.1875,32.333333333333336,0,16,14,21,E1,6,15,0.1,0.0
mas_iterative,1566,default,75,6,6,45.666666666666664,0,2,39.75,32.0,0,14,14,21,E1,6,15,0.1,0.0
hungarian,1566,default,77,6,6,45.0,0,2,38.875,30.666666666666668,0,20,18,58,E1,6,15,0.1,0.0
no_coordination,1567,default,95,6,6,42.666666666666664,4,2,33.375,33.0,74,8,0,0,E1,6,15,0.1,0.0
claim,1567,default,95,6,6,42.666666666666664,4,2,33.375,33.0,74,8,10,10,E1,6,15,0.1,0.0
mas,1567,default,70,6,6,35.666666666666664,0,2,29.4375,29.5,0,28,14,21,E1,6,15,0.1,0.0
mas_iterative,1567,default,69,6,6,35.333333333333336,0,2,29.125,29.0,0,26,14,21,E1,6,15,0.1,0.0
hungarian,1567,default,69,6,6,35.333333333333336,0,2,29.125,29.0,0,26,18,58,E1,6,15,0.1,0.0
no_coordination,1568,default,71,6,6,37.833333333333336,2,2,33.833333333333336,nan,40,7,0,0,E1,6,15,0.1,0.0
claim,1568,default,53,6,6,34.5,0,2,32.0,nan,0,7,6,6,E1,6,15,0.1,0.0
mas,1568,default,53,6,6,34.5,0,2,32.0,nan,0,7,12,18,E1,6,15,0.1,0.0
mas_iterative,1568,default,53,6,6,34.5,0,2,32.0,nan,0,7,12,18,E1,6,15,0.1,0.0
hungarian,1568,default,53,6,6,34.5,0,2,32.0,nan,0,7,18,56,E1,6,15,0.1,0.0
no_coordination,1569,default,91,6,6,47.5,4,2,40.8,22.0,69,9,0,0,E1,6,15,0.1,0.0
claim,1569,default,69,6,6,38.166666666666664,0,2,33.93333333333333,22.0,0,29,6,6,E1,6,15,0.1,0.0
mas,1569,default,69,6,6,38.166666666666664,0,2,33.93333333333333,22.0,0,29,12,18,E1,6,15,0.1,0.0
mas_iterative,1569,default,69,6,6,38.166666666666664,0,2,33.93333333333333,22.0,0,29,12,18,E1,6,15,0.1,0.0
hungarian,1569,default,69,6,6,38.166666666666664,0,2,33.93333333333333,22.0,0,29,18,56,E1,6,15,0.1,0.0
no_coordination,1570,default,101,6,6,54.0,4,2,48.5,20.0,40,8,0,0,E1,6,15,0.1,0.0
claim,1570,default,99,6,6,53.666666666666664,2,2,48.166666666666664,20.0,37,42,8,8,E1,6,15,0.1,0.0
mas,1570,default,78,6,6,42.5,0,2,38.25,20.0,0,32,14,21,E1,6,15,0.1,0.0
mas_iterative,1570,default,77,6,6,42.0,0,2,37.833333333333336,20.0,0,30,14,21,E1,6,15,0.1,0.0
hungarian,1570,default,75,6,6,41.0,0,2,38.333333333333336,28.0,0,28,18,56,E1,6,15,0.1,0.0
no_coordination,1571,default,92,6,6,57.333333333333336,5,2,49.375,33.0,82,9,0,0,E1,6,15,0.1,0.0
claim,1571,default,70,6,6,50.666666666666664,2,2,45.75,33.0,41,10,8,8,E1,6,15,0.1,0.0
mas,1571,default,58,6,6,37.833333333333336,0,2,33.875,23.5,0,11,14,21,E1,6,15,0.1,0.0
mas_iterative,1571,default,57,6,6,37.333333333333336,0,2,33.4375,23.0,0,9,14,21,E1,6,15,0.1,0.0
hungarian,1571,default,57,6,6,37.333333333333336,0,2,33.4375,23.0,0,9,18,56,E1,6,15,0.1,0.0
no_coordination,1572,default,105,6,6,56.0,4,2,46.285714285714285,20.0,95,8,0,0,E1,6,15,0.1,0.0
claim,1572,default,105,6,6,56.0,4,2,46.285714285714285,20.0,95,8,10,10,E1,6,15,0.1,0.0
mas,1572,default,74,6,6,40.833333333333336,0,2,34.714285714285715,20.0,0,26,14,21,E1,6,15,0.1,0.0
mas_iterative,1572,default,73,6,6,40.333333333333336,0,2,34.285714285714285,20.0,0,24,14,21,E1,6,15,0.1,0.0
hungarian,1572,default,73,6,6,40.333333333333336,0,2,34.285714285714285,20.0,0,24,18,56,E1,6,15,0.1,0.0
no_coordination,1573,default,81,6,6,51.5,4,2,49.285714285714285,nan,62,8,0,0,E1,6,15,0.1,0.0
claim,1573,default,71,6,6,49.333333333333336,1,2,47.42857142857143,nan,29,18,7,7,E1,6,15,0.1,0.0
mas,1573,default,61,6,6,34.166666666666664,0,2,32.357142857142854,nan,0,22,14,21,E1,6,15,0.1,0.0
mas_iterative,1573,default,61,6,6,33.666666666666664,0,2,31.857142857142858,nan,0,22,14,21,E1,6,15,0.1,0.0
hungarian,1573,default,61,6,6,33.666666666666664,0,2,31.857142857142858,nan,0,22,18,56,E1,6,15,0.1,0.0
no_coordination,1574,default,61,6,6,35.666666666666664,4,2,33.888888888888886,28.0,40,8,0,0,E1,6,15,0.1,0.0
claim,1574,default,61,6,6,35.666666666666664,4,2,33.888888888888886,28.0,40,8,10,10,E1,6,15,0.1,0.0
mas,1574,default,46,6,6,29.333333333333332,0,2,28.88888888888889,28.0,0,14,14,21,E1,6,15,0.1,0.0
mas_iterative,1574,default,45,6,6,29.0,0,2,28.555555555555557,28.0,0,12,14,21,E1,6,15,0.1,0.0
hungarian,1574,default,45,6,6,29.0,0,2,28.555555555555557,28.0,0,12,18,58,E1,6,15,0.1,0.0
no_coordination,1575,default,99,6,6,64.16666666666667,4,2,53.857142857142854,32.0,84,8,0,0,E1,6,15,0.1,0.0
claim,1575,default,93,6,6,57.666666666666664,1,2,50.0,32.0,33,34,7,7,E1,6,15,0.1,0.0
mas,1575,default,76,6,6,42.166666666666664,0,2,35.357142857142854,20.0,0,32,14,21,E1,6,15,0.1,0.0
mas_iterative,1575,default,75,6,6,41.666666666666664,0,2,35.0,20.0,0,30,14,21,E1,6,15,0.1,0.0
hungarian,1575,default,71,6,6,39.666666666666664,0,2,34.42857142857143,32.0,0,26,18,56,E1,6,15,0.1,0.0
no_coordination,1576,default,78,6,6,41.166666666666664,3,2,33.857142857142854,20.0,37,7,0,0,E1,6,15,0.1,0.0
claim,1576,default,60,6,6,37.5,1,2,32.285714285714285,20.0,14,9,7,7,E1,6,15,0.1,0.0
mas,1576,default,55,6,6,34.0,0,2,30.428571428571427,20.0,0,7,14,21,E1,6,15,0.1,0.0
mas_iterative,1576,default,54,6,6,33.666666666666664,0,2,30.214285714285715,20.0,0,5,14,21,E1,6,15,0.1,0.0
hungarian,1576,default,54,6,6,33.666666666666664,0,2,30.214285714285715,20.0,0,5,18,58,E1,6,15,0.1,0.0
no_coordination,1577,default,89,6,6,45.666666666666664,5,2,42.142857142857146,nan,47,9,0,0,E1,6,15,0.1,0.0
claim,1577,default,57,6,6,35.666666666666664,0,2,33.57142857142857,nan,0,10,6,6,E1,6,15,0.1,0.0
mas,1577,default,57,6,6,35.666666666666664,0,2,33.57142857142857,nan,0,10,12,18,E1,6,15,0.1,0.0
mas_iterative,1577,default,57,6,6,35.666666666666664,0,2,33.57142857142857,nan,0,10,12,18,E1,6,15,0.1,0.0
hungarian,1577,default,57,6,6,35.666666666666664,0,2,33.57142857142857,nan,0,10,18,56,E1,6,15,0.1,0.0
no_coordination,1578,default,67,6,6,42.833333333333336,4,2,37.09090909090909,nan,45,8,0,0,E1,6,15,0.1,0.0
claim,1578,default,46,6,6,33.833333333333336,0,2,30.818181818181817,nan,0,7,6,6,E1,6,15,0.1,0.0
mas,1578,default,46,6,6,33.833333333333336,0,2,30.818181818181817,nan,0,7,12,18,E1,6,15,0.1,0.0
mas_iterative,1578,default,46,6,6,33.833333333333336,0,2,30.818181818181817,nan,0,7,12,18,E1,6,15,0.1,0.0
hungarian,1578,default,46,6,6,33.833333333333336,0,2,30.818181818181817,nan,0,7,18,56,E1,6,15,0.1,0.0
no_coordination,1579,default,89,6,6,45.333333333333336,4,2,38.8235294117647,20.0,68,8,0,0,E1,6,15,0.1,0.0
claim,1579,default,89,6,6,45.333333333333336,4,2,38.8235294117647,20.0,68,8,10,10,E1,6,15,0.1,0.0
mas,1579,default,63,6,6,36.0,0,2,32.23529411764706,20.0,0,20,14,21,E1,6,15,0.1,0.0
mas_iterative,1579,default,63,6,6,35.666666666666664,0,2,32.0,20.0,0,20,14,21,E1,6,15,0.1,0.0
hungarian,1579,default,63,6,6,35.666666666666664,0,2,32.0,20.0,0,20,18,58,E1,6,15,0.1,0.0
no_coordination,1580,default,86,6,6,50.0,3,2,45.77777777777778,43.5,45,7,0,0,E1,6,15,0.1,0.0
claim,1580,default,77,6,6,41.0,0,2,38.77777777777778,39.0,0,23,6,6,E1,6,15,0.1,0.0
mas,1580,default,77,6,6,41.0,0,2,38.77777777777778,39.0,0,23,12,18,E1,6,15,0.1,0.0
mas_iterative,1580,default,77,6,6,41.0,0,2,38.77777777777778,39.0,0,23,12,18,E1,6,15,0.1,0.0
hungarian,1580,default,77,6,6,41.0,0,2,38.77777777777778,39.0,0,23,18,56,E1,6,15,0.1,0.0
no_coordination,1581,default,82,6,6,42.166666666666664,4,2,38.0,22.0,50,8,0,0,E1,6,15,0.1,0.0
claim,1581,default,65,6,6,38.0,0,2,34.666666666666664,22.0,0,18,6,6,E1,6,15,0.1,0.0
mas,1581,default,65,6,6,38.0,0,2,34.666666666666664,22.0,0,18,12,18,E1,6,15,0.1,0.0
mas_iterative,1581,default,65,6,6,38.0,0,2,34.666666666666664,22.0,0,18,12,18,E1,6,15,0.1,0.0
hungarian,1581,default,65,6,6,38.0,0,2,34.666666666666664,22.0,0,18,18,56,E1,6,15,0.1,0.0
no_coordination,1582,default,108,6,6,68.5,5,2,57.416666666666664,nan,87,9,0,0,E1,6,15,0.1,0.0
claim,1582,default,108,6,6,68.5,4,2,57.416666666666664,nan,87,25,10,10,E1,6,15,0.1,0.0
mas,1582,default,74,6,6,40.166666666666664,0,2,33.833333333333336,nan,0,34,14,21,E1,6,15,0.1,0.0
mas_iterative,1582,default,73,6,6,39.666666666666664,0,2,33.333333333333336,nan,0,32,16,24,E1,6,15,0.1,0.0
hungarian,1582,default,73,6,6,39.666666666666664,0,2,33.333333333333336,nan,0,32,18,58,E1,6,15,0.1,0.0
no_coordination,1583,default,77,6,6,40.666666666666664,5,2,35.88235294117647,22.0,33,9,0,0,E1,6,15,0.1,0.0
claim,1583,default,55,6,6,33.0,0,2,30.235294117647058,22.0,0,16,6,6,E1,6,15,0.1,0.0
mas,1583,default,55,6,6,33.0,0,2,30.235294117647058,22.0,0,16,12,18,E1,6,15,0.1,0.0
mas_iterative,1583,default,55,6,6,33.0,0,2,30.235294117647058,22.0,0,16,12,18,E1,6,15,0.1,0.0
hungarian,1583,default,55,6,6,33.0,0,2,30.235294117647058,22.0,0,16,18,56,E1,6,15,0.1,0.0
no_coordination,1584,default,119,6,6,64.5,4,2,54.1875,30.0,100,8,0,0,E1,6,15,0.1,0.0
claim,1584,default,95,6,6,58.0,1,2,50.8125,30.0,31,26,7,7,E1,6,15,0.1,0.0
mas,1584,default,83,6,6,42.666666666666664,0,2,35.75,20.0,0,34,14,21,E1,6,15,0.1,0.0
mas_iterative,1584,default,83,6,6,42.333333333333336,0,2,35.375,20.0,0,34,18,27,E1,6,15,0.1,0.0
hungarian,1584,default,83,6,6,42.333333333333336,0,2,35.375,20.0,0,34,20,61,E1,6,15,0.1,0.0
no_coordination,1585,default,99,6,6,56.666666666666664,5,2,48.8,nan,87,9,0,0,E1,6,15,0.1,0.0
claim,1585,default,81,6,6,51.333333333333336,1,2,45.6,nan,31,27,7,7,E1,6,15,0.1,0.0
mas,1585,default,67,6,6,37.5,0,2,32.6,nan,0,26,14,21,E1,6,15,0.1,0.0
mas_iterative,1585,default,67,6,6,37.0,0,2,32.2,nan,0,26,14,21,E1,6,15,0.1,0.0
hungarian,1585,default,67,6,6,37.0,0,2,32.2,nan,0,26,18,56,E1,6,15,0.1,0.0
no_coordination,1586,default,89,6,6,41.333333333333336,4,2,32.13333333333333,26.0,68,8,0,0,E1,6,15,0.1,0.0
claim,1586,default,89,6,6,41.333333333333336,4,2,32.13333333333333,26.0,68,8,10,10,E1,6,15,0.1,0.0
mas,1586,default,66,6,6,34.666666666666664,0,2,28.8,26.0,0,26,14,21,E1,6,15,0.1,0.0
mas_iterative,1586,default,65,6,6,34.333333333333336,0,2,28.533333333333335,26.0,0,24,14,21,E1,6,15,0.1,0.0
hungarian,1586,default,65,6,6,34.333333333333336,0,2,28.533333333333335,26.0,0,24,18,58,E1,6,15,0.1,0.0
no_coordination,1587,default,99,6,6,61.333333333333336,6,2,53.666666666666664,29.0,99,10,0,0,E1,6,15,0.1,0.0
claim,1587,default,99,6,6,61.333333333333336,6,2,53.666666666666664,29.0,99,10,12,12,E1,6,15,0.1,0.0
mas,1587,default,54,6,6,35.833333333333336,0,2,34.166666666666664,29.0,0,14,14,21,E1,6,15,0.1,0.0
mas_iterative,1587,default,53,6,6,35.333333333333336,0,2,33.666666666666664,29.0,0,12,14,21,E1,6,15,0.1,0.0
hungarian,1587,default,59,6,6,37.0,0,2,34.333333333333336,22.0,0,16,18,56,E1,6,15,0.1,0.0
no_coordination,1588,default,119,6,6,61.0,5,2,43.6,21.0,98,9,0,0,E1,6,15,0.1,0.0
claim,1588,default,75,6,6,45.0,0,2,35.333333333333336,21.0,0,14,6,6,E1,6,15,0.1,0.0
mas,1588,default,75,6,6,45.0,0,2,35.333333333333336,21.0,0,14,12,18,E1,6,15,0.1,0.0
mas_iterative,1588,default,75,6,6,45.0,0,2,35.333333333333336,21.0,0,14,12,18,E1,6,15,0.1,0.0
hungarian,1588,default,75,6,6,45.0,0,2,35.333333333333336,21.0,0,14,18,56,E1,6,15,0.1,0.0
no_coordination,1589,default,110,6,6,71.83333333333333,5,2,60.64705882352941,31.0,91,9,0,0,E1,6,15,0.1,0.0
claim,1589,default,110,6,6,71.83333333333333,4,2,60.64705882352941,31.0,91,11,10,10,E1,6,15,0.1,0.0
mas,1589,default,84,6,6,47.833333333333336,0,2,40.35294117647059,24.5,0,30,14,21,E1,6,15,0.1,0.0
mas_iterative,1589,default,83,6,6,47.333333333333336,0,2,39.88235294117647,24.0,0,28,14,21,E1,6,15,0.1,0.0
hungarian,1589,default,83,6,6,47.333333333333336,0,2,39.88235294117647,24.0,0,28,18,56,E1,6,15,0.1,0.0
no_coordination,1590,default,46,6,6,33.833333333333336,2,2,30.785714285714285,nan,28,7,0,0,E1,6,15,0.1,0.0
claim,1590,default,47,6,6,33.166666666666664,1,2,30.5,nan,21,12,7,7,E1,6,15,0.1,0.0
mas,1590,default,45,6,6,31.666666666666668,0,2,29.285714285714285,nan,0,10,14,21,E1,6,15,0.1,0.0
mas_iterative,1590,default,45,6,6,31.333333333333332,0,2,28.857142857142858,nan,0,10,16,24,E1,6,15,0.1,0.0
hungarian,1590,default,45,6,6,31.333333333333332,0,2,28.857142857142858,nan,0,10,18,58,E1,6,15,0.1,0.0
no_coordination,1591,default,119,6,6,62.333333333333336,5,2,57.0,22.0,98,9,0,0,E1,6,15,0.1,0.0
claim,1591,default,73,6,6,45.0,0,2,42.55555555555556,22.0,0,10,6,6,E1,6,15,0.1,0.0
mas,1591,default,73,6,6,45.0,0,2,42.55555555555556,22.0,0,10,12,18,E1,6,15,0.1,0.0
mas_iterative,1591,default,73,6,6,45.0,0,2,42.55555555555556,22.0,0,10,12,18,E1,6,15,0.1,0.0
hungarian,1591,default,73,6,6,45.0,0,2,42.55555555555556,22.0,0,10,18,56,E1,6,15,0.1,0.0
no_coordination,1592,default,77,6,6,50.0,4,2,41.785714285714285,28.0,65,8,0,0,E1,6,15,0.1,0.0
claim,1592,default,72,6,6,44.833333333333336,1,2,38.857142857142854,28.0,29,25,7,7,E1,6,15,0.1,0.0
mas,1592,default,60,6,6,33.5,0,2,28.285714285714285,20.0,0,25,14,21,E1,6,15,0.1,0.0
mas_iterative,1592,default,59,6,6,33.0,0,2,27.928571428571427,20.0,0,23,14,21,E1,6,15,0.1,0.0
hungarian,1592,default,59,6,6,33.0,0,2,27.928571428571427,20.0,0,23,18,56,E1,6,15,0.1,0.0
no_coordination,1593,default,93,6,6,47.333333333333336,4,2,37.77777777777778,26.0,41,8,0,0,E1,6,15,0.1,0.0
claim,1593,default,69,6,6,39.666666666666664,0,2,33.666666666666664,26.0,0,22,6,6,E1,6,15,0.1,0.0
mas,1593,default,69,6,6,39.666666666666664,0,2,33.666666666666664,26.0,0,22,12,18,E1,6,15,0.1,0.0
mas_iterative,1593,default,69,6,6,39.666666666666664,0,2,33.666666666666664,26.0,0,22,12,18,E1,6,15,0.1,0.0
hungarian,1593,default,69,6,6,39.666666666666664,0,2,33.666666666666664,26.0,0,22,18,56,E1,6,15,0.1,0.0
no_coordination,1594,default,70,6,6,34.333333333333336,3,2,28.5,nan,22,8,0,0,E1,6,15,0.1,0.0
claim,1594,default,55,6,6,30.666666666666668,0,2,26.583333333333332,nan,0,21,6,6,E1,6,15,0.1,0.0
mas,1594,default,55,6,6,30.666666666666668,0,2,26.583333333333332,nan,0,21,12,18,E1,6,15,0.1,0.0
mas_iterative,1594,default,55,6,6,30.666666666666668,0,2,26.583333333333332,nan,0,21,12,18,E1,6,15,0.1,0.0
hungarian,1594,default,55,6,6,30.666666666666668,0,2,26.583333333333332,nan,0,21,18,56,E1,6,15,0.1,0.0
no_coordination,1595,default,65,6,6,41.0,2,2,32.0,24.0,30,6,0,0,E1,6,15,0.1,0.0
claim,1595,default,65,6,6,41.0,2,2,32.0,24.0,30,6,8,8,E1,6,15,0.1,0.0
mas,1595,default,67,6,6,36.5,0,2,29.733333333333334,24.0,0,28,14,21,E1,6,15,0.1,0.0
mas_iterative,1595,default,67,6,6,36.333333333333336,0,2,29.6,24.0,0,28,16,24,E1,6,15,0.1,0.0
hungarian,1595,default,67,6,6,36.333333333333336,0,2,29.6,24.0,0,28,20,61,E1,6,15,0.1,0.0
no_coordination,1596,default,100,6,6,53.666666666666664,5,2,43.81818181818182,nan,65,9,0,0,E1,6,15,0.1,0.0
claim,1596,default,87,6,6,51.5,3,2,42.63636363636363,nan,49,26,9,9,E1,6,15,0.1,0.0
mas,1596,default,69,6,6,36.5,0,2,30.818181818181817,nan,0,26,14,21,E1,6,15,0.1,0.0
mas_iterative,1596,default,69,6,6,36.0,0,2,30.363636363636363,nan,0,26,16,24,E1,6,15,0.1,0.0
hungarian,1596,default,69,6,6,36.0,0,2,30.363636363636363,nan,0,26,18,58,E1,6,15,0.1,0.0
no_coordination,1597,default,107,6,6,54.666666666666664,5,2,42.75,24.0,49,9,0,0,E1,6,15,0.1,0.0
claim,1597,default,83,6,6,42.333333333333336,0,2,35.125,24.0,0,40,6,6,E1,6,15,0.1,0.0
mas,1597,default,83,6,6,42.333333333333336,0,2,35.125,24.0,0,40,12,18,E1,6,15,0.1,0.0
mas_iterative,1597,default,83,6,6,42.333333333333336,0,2,35.125,24.0,0,40,12,18,E1,6,15,0.1,0.0
hungarian,1597,default,83,6,6,42.333333333333336,0,2,35.125,24.0,0,40,18,56,E1,6,15,0.1,0.0
no_coordination,1598,default,69,6,6,36.666666666666664,4,2,32.10526315789474,28.666666666666668,48,8,0,0,E1,6,15,0.1,0.0
claim,1598,default,69,6,6,36.666666666666664,4,2,32.10526315789474,28.666666666666668,48,8,10,10,E1,6,15,0.1,0.0
mas,1598,default,55,6,6,31.166666666666668,0,2,28.105263157894736,27.0,0,24,14,21,E1,6,15,0.1,0.0
mas_iterative,1598,default,55,6,6,31.0,0,2,27.894736842105264,26.666666666666668,0,24,14,21,E1,6,15,0.1,0.0
hungarian,1598,default,55,6,6,31.0,0,2,27.894736842105264,26.666666666666668,0,24,18,58,E1,6,15,0.1,0.0
no_coordination,1599,default,97,6,6,52.166666666666664,4,2,41.2,22.0,29,8,0,0,E1,6,15,0.1,0.0
claim,1599,default,81,6,6,46.666666666666664,0,2,37.86666666666667,22.0,0,18,6,6,E1,6,15,0.1,0.0
mas,1599,default,81,6,6,46.666666666666664,0,2,37.86666666666667,22.0,0,18,12,18,E1,6,15,0.1,0.0
mas_iterative,1599,default,81,6,6,46.666666666666664,0,2,37.86666666666667,22.0,0,18,12,18,E1,6,15,0.1,0.0
hungarian,1599,default,81,6,6,46.666666666666664,0,2,37.86666666666667,22.0,0,18,18,56,E1,6,15,0.1,0.0
no_coordination,1600,default,77,6,6,44.333333333333336,4,2,41.714285714285715,nan,69,8,0,0,E1,6,15,0.1,0.0
claim,1600,default,77,6,6,44.333333333333336,4,2,41.714285714285715,nan,69,8,10,10,E1,6,15,0.1,0.0
mas,1600,default,52,6,6,33.166666666666664,0,2,31.357142857142858,nan,0,10,14,21,E1,6,15,0.1,0.0
mas_iterative,1600,default,51,6,6,32.666666666666664,0,2,30.857142857142858,nan,0,8,16,24,E1,6,15,0.1,0.0
hungarian,1600,default,51,6,6,32.666666666666664,0,2,30.857142857142858,nan,0,8,18,58,E1,6,15,0.1,0.0
no_coordination,1601,default,101,6,6,55.5,4,2,48.30769230769231,nan,84,8,0,0,E1,6,15,0.1,0.0
claim,1601,default,83,6,6,50.0,1,2,44.61538461538461,nan,25,28,7,7,E1,6,15,0.1,0.0
mas,1601,default,69,6,6,42.166666666666664,0,2,37.15384615384615,nan,0,14,14,21,E1,6,15,0.1,0.0
mas_iterative,1601,default,69,6,6,41.666666666666664,0,2,36.61538461538461,nan,0,14,14,21,E1,6,15,0.1,0.0
hungarian,1601,default,69,6,6,41.666666666666664,0,2,36.61538461538461,nan,0,14,18,56,E1,6,15,0.1,0.0
no_coordination,1602,default,75,6,6,46.666666666666664,2,2,42.93333333333333,nan,21,6,0,0,E1,6,15,0.1,0.0
claim,1602,default,65,6,6,39.666666666666664,0,2,37.333333333333336,nan,0,14,6,6,E1,6,15,0.1,0.0
mas,1602,default,65,6,6,39.666666666666664,0,2,37.333333333333336,nan,0,14,12,18,E1,6,15,0.1,0.0
mas_iterative,1602,default,65,6,6,39.666666666666664,0,2,37.333333333333336,nan,0,14,12,18,E1,6,15,0.1,0.0
hungarian,1602,default,65,6,6,39.666666666666664,0,2,37.333333333333336,nan,0,14,18,56,E1,6,15,0.1,0.0
no_coordination,1603,default,154,6,6,98.33333333333333,4,2,76.54545454545455,30.0,101,9,0,0,E1,6,15,0.1,0.0
claim,1603,default,153,6,6,98.16666666666667,3,2,76.45454545454545,30.0,99,36,9,9,E1,6,15,0.1,0.0
mas,1603,default,92,6,6,58.833333333333336,0,2,46.0,20.0,0,6,14,21,E1,6,15,0.1,0.0
mas_iterative,1603,default,91,6,6,58.333333333333336,0,2,45.63636363636363,20.0,0,4,16,24,E1,6,15,0.1,0.0
hungarian,1603,default,91,6,6,58.333333333333336,0,2,45.63636363636363,20.0,0,4,18,58,E1,6,15,0.1,0.0
no_coordination,1604,default,121,6,6,58.0,4,2,50.95238095238095,36.5,100,8,0,0,E1,6,15,0.1,0.0
claim,1604,default,121,6,6,58.0,4,2,50.95238095238095,36.5,100,8,10,10,E1,6,15,0.1,0.0
mas,1604,default,86,6,6,44.666666666666664,0,2,40.285714285714285,31.75,0,34,14,21,E1,6,15,0.1,0.0
mas_iterative,1604,default,85,6,6,44.333333333333336,0,2,40.0,31.5,0,32,14,21,E1,6,15,0.1,0.0
hungarian,1604,default,85,6,6,44.333333333333336,0,2,40.0,31.5,0,32,18,58,E1,6,15,0.1,0.0
no_coordination,1605,default,79,6,6,48.166666666666664,4,2,46.15384615384615,nan,52,8,0,0,E1,6,15,0.1,0.0
claim,1605,default,75,6,6,43.333333333333336,1,2,41.69230769230769,nan,23,21,7,7,E1,6,15,0.1,0.0
mas,1605,default,71,6,6,38.166666666666664,0,2,36.92307692307692,nan,0,26,14,21,E1,6,15,0.1,0.0
mas_iterative,1605,default,71,6,6,37.666666666666664,0,2,36.46153846153846,nan,0,26,14,21,E1,6,15,0.1,0.0
hungarian,1605,default,65,6,6,35.666666666666664,0,2,34.61538461538461,nan,0,24,18,56,E1,6,15,0.1,0.0
no_coordination,1606,default,139,6,6,82.33333333333333,5,2,74.3529411764706,30.0,115,9,0,0,E1,6,15,0.1,0.0
claim,1606,default,113,6,6,77.0,2,2,70.58823529411765,30.0,55,14,8,8,E1,6,15,0.1,0.0
mas,1606,default,78,6,6,46.833333333333336,0,2,42.11764705882353,20.0,0,12,14,21,E1,6,15,0.1,0.0
mas_iterative,1606,default,77,6,6,46.333333333333336,0,2,41.64705882352941,20.0,0,10,16,24,E1,6,15,0.1,0.0
hungarian,1606,default,77,6,6,46.333333333333336,0,2,41.64705882352941,20.0,0,10,18,58,E1,6,15,0.1,0.0
no_coordination,1607,default,84,6,6,64.83333333333333,4,2,57.72727272727273,nan,69,8,0,0,E1,6,15,0.1,0.0
claim,1607,default,84,6,6,64.83333333333333,3,2,57.72727272727273,nan,67,9,9,9,E1,6,15,0.1,0.0
mas,1607,default,60,6,6,41.333333333333336,0,2,37.09090909090909,nan,0,9,14,21,E1,6,15,0.1,0.0
mas_iterative,1607,default,59,6,6,41.0,0,2,36.72727272727273,nan,0,7,14,21,E1,6,15,0.1,0.0
hungarian,1607,default,59,6,6,41.666666666666664,0,2,37.45454545454545,nan,0,7,18,56,E1,6,15,0.1,0.0
no_coordination,1608,default,107,6,6,50.333333333333336,4,2,42.30769230769231,nan,86,8,0,0,E1,6,15,0.1,0.0
claim,1608,default,107,6,6,50.333333333333336,4,2,42.30769230769231,nan,86,8,10,10,E1,6,15,0.1,0.0
mas,1608,default,70,6,6,38.0,0,2,34.76923076923077,nan,0,18,14,21,E1,6,15,0.1,0.0
mas_iterative,1608,default,69,6,6,37.666666666666664,0,2,34.46153846153846,nan,0,16,14,21,E1,6,15,0.1,0.0
hungarian,1608,default,69,6,6,37.666666666666664,0,2,34.46153846153846,nan,0,16,18,58,E1,6,15,0.1,0.0
no_coordination,1609,default,95,6,6,49.0,5,2,40.15384615384615,nan,54,9,0,0,E1,6,15,0.1,0.0
claim,1609,default,73,6,6,42.0,1,2,36.15384615384615,nan,21,25,7,7,E1,6,15,0.1,0.0
mas,1609,default,71,6,6,36.833333333333336,0,2,31.384615384615383,nan,0,32,14,21,E1,6,15,0.1,0.0
mas_iterative,1609,default,71,6,6,36.333333333333336,0,2,30.923076923076923,nan,0,32,16,24,E1,6,15,0.1,0.0
hungarian,1609,default,71,6,6,36.333333333333336,0,2,30.923076923076923,nan,0,32,18,58,E1,6,15,0.1,0.0
no_coordination,1610,default,103,6,6,70.0,4,2,61.142857142857146,nan,69,8,0,0,E1,6,15,0.1,0.0
claim,1610,default,91,6,6,62.666666666666664,1,2,57.714285714285715,nan,33,13,7,7,E1,6,15,0.1,0.0
mas,1610,default,79,6,6,49.0,0,2,43.57142857142857,nan,0,18,14,21,E1,6,15,0.1,0.0
mas_iterative,1610,default,79,6,6,48.666666666666664,0,2,43.142857142857146,nan,0,18,14,21,E1,6,15,0.1,0.0
hungarian,1610,default,79,6,6,48.666666666666664,0,2,43.142857142857146,nan,0,18,18,56,E1,6,15,0.1,0.0
no_coordination,1611,default,112,6,6,57.166666666666664,3,2,51.64705882352941,24.0,35,8,0,0,E1,6,15,0.1,0.0
claim,1611,default,93,6,6,51.166666666666664,0,2,46.470588235294116,24.0,0,33,6,6,E1,6,15,0.1,0.0
mas,1611,default,93,6,6,51.166666666666664,0,2,46.470588235294116,24.0,0,33,12,18,E1,6,15,0.1,0.0
mas_iterative,1611,default,93,6,6,51.166666666666664,0,2,46.470588235294116,24.0,0,33,12,18,E1,6,15,0.1,0.0
hungarian,1611,default,93,6,6,51.166666666666664,0,2,46.470588235294116,24.0,0,33,18,56,E1,6,15,0.1,0.0
no_coordination,1612,default,103,6,6,61.666666666666664,4,2,45.333333333333336,21.0,63,8,0,0,E1,6,15,0.1,0.0
claim,1612,default,85,6,6,47.666666666666664,0,2,37.333333333333336,21.0,0,24,6,6,E1,6,15,0.1,0.0
mas,1612,default,85,6,6,47.666666666666664,0,2,37.333333333333336,21.0,0,24,12,18,E1,6,15,0.1,0.0
mas_iterative,1612,default,85,6,6,47.666666666666664,0,2,37.333333333333336,21.0,0,24,12,18,E1,6,15,0.1,0.0
hungarian,1612,default,85,6,6,47.666666666666664,0,2,37.333333333333336,21.0,0,24,18,56,E1,6,15,0.1,0.0
no_coordination,1613,default,121,6,6,65.83333333333333,5,2,50.75,20.0,106,9,0,0,E1,6,15,0.1,0.0
claim,1613,default,105,6,6,61.0,2,2,48.333333333333336,20.0,43,37,8,8,E1,6,15,0.1,0.0
mas,1613,default,77,6,6,43.166666666666664,0,2,35.333333333333336,20.0,0,18,14,21,E1,6,15,0.1,0.0
mas_iterative,1613,default,77,6,6,42.666666666666664,0,2,35.0,20.0,0,18,16,24,E1,6,15,0.1,0.0
hungarian,1613,default,77,6,6,42.666666666666664,0,2,35.0,20.0,0,18,18,58,E1,6,15,0.1,0.0
no_coordination,1614,default,87,6,6,59.833333333333336,4,2,53.875,nan,52,8,0,0,E1,6,15,0.1,0.0
claim,1614,default,91,6,6,59.666666666666664,2,2,53.75,nan,43,17,8,8,E1,6,15,0.1,0.0
mas,1614,default,76,6,6,42.5,0,2,38.375,nan,0,26,14,21,E1,6,15,0.1,0.0
mas_iterative,1614,default,75,6,6,42.0,0,2,38.0,nan,0,24,14,21,E1,6,15,0.1,0.0
hungarian,1614,default,75,6,6,42.0,0,2,38.0,nan,0,24,18,56,E1,6,15,0.1,0.0
no_coordination,1615,default,121,6,6,69.83333333333333,4,2,63.333333333333336,32.0,98,8,0,0,E1,6,15,0.1,0.0
claim,1615,default,97,6,6,63.333333333333336,1,2,58.13333333333333,32.0,33,22,7,7,E1,6,15,0.1,0.0
mas,1615,default,88,6,6,47.833333333333336,0,2,42.46666666666667,20.0,0,24,14,21,E1,6,15,0.1,0.0
mas_iterative,1615,default,87,6,6,47.333333333333336,0,2,42.0,20.0,0,22,14,21,E1,6,15,0.1,0.0
hungarian,1615,default,87,6,6,47.333333333333336,0,2,42.0,20.0,0,22,18,56,E1,6,15,0.1,0.0
no_coordination,1616,default,115,6,6,52.0,4,2,44.111111111111114,25.0,92,8,0,0,E1,6,15,0.1,0.0
claim,1616,default,77,6,6,41.333333333333336,0,2,36.55555555555556,25.0,0,20,6,6,E1,6,15,0.1,0.0
mas,1616,default,77,6,6,41.333333333333336,0,2,36.55555555555556,25.0,0,20,12,18,E1,6,15,0.1,0.0
mas_iterative,1616,default,77,6,6,41.333333333333336,0,2,36.55555555555556,25.0,0,20,12,18,E1,6,15,0.1,0.0
hungarian,1616,default,77,6,6,41.333333333333336,0,2,36.55555555555556,25.0,0,20,18,56,E1,6,15,0.1,0.0
no_coordination,1617,default,113,6,6,54.0,4,2,46.3,22.0,92,8,0,0,E1,6,15,0.1,0.0
claim,1617,default,113,6,6,54.0,4,2,46.3,22.0,92,8,10,10,E1,6,15,0.1,0.0
mas,1617,default,74,6,6,41.666666666666664,0,2,37.15,22.0,0,18,14,21,E1,6,15,0.1,0.0
mas_iterative,1617,default,73,6,6,41.333333333333336,0,2,36.9,22.0,0,16,14,21,E1,6,15,0.1,0.0
hungarian,1617,default,73,6,6,41.333333333333336,0,2,36.9,22.0,0,16,18,58,E1,6,15,0.1,0.0
no_coordination,1618,default,105,6,6,54.0,4,2,43.625,20.0,65,8,0,0,E1,6,15,0.1,0.0
claim,1618,default,73,6,6,42.0,1,2,36.125,20.0,18,5,7,7,E1,6,15,0.1,0.0
mas,1618,default,73,6,6,42.0,0,2,36.125,20.0,0,22,14,21,E1,6,15,0.1,0.0
mas_iterative,1618,default,73,6,6,42.0,0,2,36.125,20.0,0,22,14,21,E1,6,15,0.1,0.0
hungarian,1618,default,73,6,6,42.0,0,2,36.125,20.0,0,22,20,59,E1,6,15,0.1,0.0
no_coordination,1619,default,79,6,6,44.666666666666664,3,2,32.833333333333336,20.0,30,7,0,0,E1,6,15,0.1,0.0
claim,1619,default,79,6,6,44.666666666666664,2,2,32.833333333333336,20.0,30,10,8,8,E1,6,15,0.1,0.0
mas,1619,default,82,6,6,40.333333333333336,0,2,30.666666666666668,20.0,0,36,14,21,E1,6,15,0.1,0.0
mas_iterative,1619,default,81,6,6,40.0,0,2,30.5,20.0,0,34,14,21,E1,6,15,0.1,0.0
hungarian,1619,default,81,6,6,40.0,0,2,30.5,20.0,0,34,18,58,E1,6,15,0.1,0.0
no_coordination,1621,default,61,6,6,39.0,3,2,35.23076923076923,nan,41,7,0,0,E1,6,15,0.1,0.0
claim,1621,default,53,6,6,37.666666666666664,1,2,34.61538461538461,nan,21,9,7,7,E1,6,15,0.1,0.0
mas,1621,default,43,6,6,29.833333333333332,0,2,28.153846153846153,nan,0,8,14,21,E1,6,15,0.1,0.0
mas_iterative,1621,default,43,6,6,29.333333333333332,0,2,27.692307692307693,nan,0,8,16,24,E1,6,15,0.1,0.0
hungarian,1621,default,43,6,6,29.333333333333332,0,2,27.692307692307693,nan,0,8,18,58,E1,6,15,0.1,0.0
no_coordination,1622,default,99,6,6,52.166666666666664,4,2,45.36842105263158,29.0,46,8,0,0,E1,6,15,0.1,0.0
claim,1622,default,76,6,6,40.333333333333336,0,2,36.578947368421055,29.0,0,33,6,6,E1,6,15,0.1,0.0
mas,1622,default,76,6,6,40.333333333333336,0,2,36.578947368421055,29.0,0,33,12,18,E1,6,15,0.1,0.0
mas_iterative,1622,default,76,6,6,40.333333333333336,0,2,36.578947368421055,29.0,0,33,12,18,E1,6,15,0.1,0.0
hungarian,1622,default,76,6,6,40.333333333333336,0,2,36.578947368421055,29.0,0,33,18,56,E1,6,15,0.1,0.0
no_coordination,1623,default,73,6,6,48.833333333333336,2,2,41.93333333333333,20.0,26,6,0,0,E1,6,15,0.1,0.0
claim,1623,default,76,6,6,40.666666666666664,0,2,37.13333333333333,20.0,0,31,6,6,E1,6,15,0.1,0.0
mas,1623,default,76,6,6,40.666666666666664,0,2,37.13333333333333,20.0,0,31,12,18,E1,6,15,0.1,0.0
mas_iterative,1623,default,76,6,6,40.666666666666664,0,2,37.13333333333333,20.0,0,31,12,18,E1,6,15,0.1,0.0
hungarian,1623,default,76,6,6,40.666666666666664,0,2,37.13333333333333,20.0,0,31,18,56,E1,6,15,0.1,0.0
no_coordination,1624,default,150,6,6,76.33333333333333,5,2,57.92857142857143,26.0,89,9,0,0,E1,6,15,0.1,0.0
claim,1624,default,109,6,6,65.33333333333333,1,2,52.857142857142854,26.0,27,24,7,7,E1,6,15,0.1,0.0
mas,1624,default,83,6,6,47.166666666666664,0,2,36.42857142857143,20.0,0,10,14,21,E1,6,15,0.1,0.0
mas_iterative,1624,default,83,6,6,46.666666666666664,0,2,36.0,20.0,0,10,16,24,E1,6,15,0.1,0.0
hungarian,1624,default,83,6,6,46.666666666666664,0,2,36.0,20.0,0,10,18,58,E1,6,15,0.1,0.0
no_coordination,1625,default,167,6,6,94.66666666666667,6,2,82.66666666666667,43.0,167,10,0,0,E1,6,15,0.1,0.0
claim,1625,default,167,6,6,94.66666666666667,6,2,82.66666666666667,43.0,167,10,12,12,E1,6,15,0.1,0.0
mas,1625,default,78,6,6,47.166666666666664,0,2,42.333333333333336,31.0,0,10,14,21,E1,6,15,0.1,0.0
mas_iterative,1625,default,77,6,6,46.666666666666664,0,2,41.888888888888886,31.0,0,8,14,21,E1,6,15,0.1,0.0
hungarian,1625,default,77,6,6,46.666666666666664,0,2,41.888888888888886,31.0,0,8,18,56,E1,6,15,0.1,0.0
no_coordination,1626,default,88,6,6,44.666666666666664,3,2,35.642857142857146,20.0,34,7,0,0,E1,6,15,0.1,0.0
claim,1626,default,67,6,6,41.166666666666664,1,2,34.142857142857146,20.0,14,8,7,7,E1,6,15,0.1,0.0
mas,1626,default,68,6,6,38.0,0,2,33.07142857142857,20.0,0,16,14,21,E1,6,15,0.1,0.0
mas_iterative,1626,default,67,6,6,37.666666666666664,0,2,32.857142857142854,20.0,0,14,14,21,E1,6,15,0.1,0.0
hungarian,1626,default,67,6,6,37.666666666666664,0,2,32.857142857142854,20.0,0,14,18,58,E1,6,15,0.1,0.0
no_coordination,1627,default,125,6,6,57.666666666666664,4,2,42.875,20.0,104,8,0,0,E1,6,15,0.1,0.0
claim,1627,default,125,6,6,57.666666666666664,4,2,42.875,20.0,104,8,10,10,E1,6,15,0.1,0.0
mas,1627,default,84,6,6,44.333333333333336,0,2,35.4375,20.0,0,26,14,21,E1,6,15,0.1,0.0
mas_iterative,1627,default,83,6,6,44.0,0,2,35.25,20.0,0,24,14,21,E1,6,15,0.1,0.0
hungarian,1627,default,83,6,6,44.0,0,2,35.25,20.0,0,24,18,58,E1,6,15,0.1,0.0
no_coordination,1628,default,91,6,6,52.5,3,2,39.07142857142857,20.0,47,7,0,0,E1,6,15,0.1,0.0
claim,1628,default,91,6,6,52.5,2,2,39.07142857142857,20.0,44,9,8,8,E1,6,15,0.1,0.0
mas,1628,default,88,6,6,45.333333333333336,0,2,35.07142857142857,20.0,0,32,14,21,E1,6,15,0.1,0.0
mas_iterative,1628,default,87,6,6,45.0,0,2,34.857142857142854,20.0,0,30,14,21,E1,6,15,0.1,0.0
hungarian,1628,default,87,6,6,45.0,0,2,34.857142857142854,20.0,0,30,18,58,E1,6,15,0.1,0.0
no_coordination,1629,default,113,6,6,56.0,4,2,44.266666666666666,24.0,88,8,0,0,E1,6,15,0.1,0.0
claim,1629,default,113,6,6,56.0,4,2,44.266666666666666,24.0,88,8,10,10,E1,6,15,0.1,0.0
mas,1629,default,74,6,6,44.333333333333336,0,2,37.53333333333333,24.0,0,14,14,21,E1,6,15,0.1,0.0
mas_iterative,1629,default,73,6,6,44.0,0,2,37.333333333333336,24.0,0,12,14,21,E1,6,15,0.1,0.0
hungarian,1629,default,73,6,6,44.0,0,2,37.333333333333336,24.0,0,12,18,58,E1,6,15,0.1,0.0
no_coordination,1630,default,102,6,6,49.5,4,2,42.88235294117647,21.0,46,8,0,0,E1,6,15,0.1,0.0
claim,1630,default,85,6,6,43.0,1,2,38.35294117647059,21.0,32,5,7,7,E1,6,15,0.1,0.0
mas,1630,default,85,6,6,43.0,0,2,38.35294117647059,21.0,0,36,14,21,E1,6,15,0.1,0.0
mas_iterative,1630,default,85,6,6,43.0,0,2,38.35294117647059,21.0,0,36,14,21,E1,6,15,0.1,0.0
hungarian,1630,default,85,6,6,43.0,0,2,38.35294117647059,21.0,0,36,20,59,E1,6,15,0.1,0.0
no_coordination,1631,default,67,6,6,43.166666666666664,3,2,39.333333333333336,nan,42,7,0,0,E1,6,15,0.1,0.0
claim,1631,default,61,6,6,40.666666666666664,1,2,38.083333333333336,nan,21,14,7,7,E1,6,15,0.1,0.0
mas,1631,default,74,6,6,34.833333333333336,0,2,33.666666666666664,nan,0,44,14,21,E1,6,15,0.1,0.0
mas_iterative,1631,default,73,6,6,34.333333333333336,0,2,33.166666666666664,nan,0,42,16,24,E1,6,15,0.1,0.0
hungarian,1631,default,47,6,6,34.666666666666664,0,2,33.166666666666664,nan,0,4,18,58,E1,6,15,0.1,0.0
no_coordination,1632,default,107,6,6,59.666666666666664,5,2,50.75,28.0,64,9,0,0,E1,6,15,0.1,0.0
claim,1632,default,87,6,6,55.333333333333336,2,2,48.75,28.0,37,20,8,8,E1,6,15,0.1,0.0
mas,1632,default,78,6,6,42.833333333333336,0,2,36.75,20.0,0,28,14,21,E1,6,15,0.1,0.0
mas_iterative,1632,default,77,6,6,41.666666666666664,0,2,35.625,20.0,0,28,14,21,E1,6,15,0.1,0.0
hungarian,1632,default,73,6,6,40.0,0,2,34.75,28.0,0,28,18,58,E1,6,15,0.1,0.0
no_coordination,1633,default,121,6,6,71.66666666666667,5,2,58.92307692307692,28.0,86,9,0,0,E1,6,15,0.1,0.0
claim,1633,default,103,6,6,68.66666666666667,3,2,57.53846153846154,28.0,67,15,9,9,E1,6,15,0.1,0.0
mas,1633,default,70,6,6,42.833333333333336,0,2,36.92307692307692,22.0,0,6,14,21,E1,6,15,0.1,0.0
mas_iterative,1633,default,69,6,6,42.333333333333336,0,2,36.46153846153846,22.0,0,4,16,24,E1,6,15,0.1,0.0
hungarian,1633,default,69,6,6,42.333333333333336,0,2,36.46153846153846,22.0,0,4,18,58,E1,6,15,0.1,0.0
no_coordination,1634,default,97,6,6,62.333333333333336,4,2,54.93333333333333,32.0,60,8,0,0,E1,6,15,0.1,0.0
claim,1634,default,81,6,6,57.666666666666664,1,2,52.93333333333333,32.0,33,15,7,7,E1,6,15,0.1,0.0
mas,1634,default,56,6,6,36.5,0,2,32.733333333333334,20.0,0,10,14,21,E1,6,15,0.1,0.0
mas_iterative,1634,default,55,6,6,36.0,0,2,32.266666666666666,20.0,0,8,14,21,E1,6,15,0.1,0.0
hungarian,1634,default,55,6,6,36.0,0,2,32.266666666666666,20.0,0,8,18,56,E1,6,15,0.1,0.0
no_coordination,1635,default,89,6,6,43.333333333333336,3,2,39.411764705882355,20.0,58,7,0,0,E1,6,15,0.1,0.0
claim,1635,default,75,6,6,41.0,1,2,37.76470588235294,20.0,12,21,7,7,E1,6,15,0.1,0.0
mas,1635,default,75,6,6,38.833333333333336,0,2,35.588235294117645,20.0,0,32,14,21,E1,6,15,0.1,0.0
mas_iterative,1635,default,75,6,6,38.666666666666664,0,2,35.411764705882355,20.0,0,32,14,21,E1,6,15,0.1,0.0
hungarian,1635,default,75,6,6,38.666666666666664,0,2,35.411764705882355,20.0,0,32,18,58,E1,6,15,0.1,0.0
no_coordination,1636,default,99,6,6,59.666666666666664,4,2,49.0,nan,63,8,0,0,E1,6,15,0.1,0.0
claim,1636,default,99,6,6,55.333333333333336,1,2,46.666666666666664,nan,21,33,7,7,E1,6,15,0.1,0.0
mas,1636,default,90,6,6,51.5,0,2,41.833333333333336,nan,0,22,14,21,E1,6,15,0.1,0.0
mas_iterative,1636,default,89,6,6,51.0,0,2,41.333333333333336,nan,0,20,14,21,E1,6,15,0.1,0.0
hungarian,1636,default,89,6,6,51.0,0,2,41.333333333333336,nan,0,20,18,56,E1,6,15,0.1,0.0
no_coordination,1637,default,117,6,6,60.833333333333336,4,2,49.9375,20.0,94,8,0,0,E1,6,15,0.1,0.0
claim,1637,default,93,6,6,53.666666666666664,1,2,46.0625,20.0,21,32,7,7,E1,6,15,0.1,0.0
mas,1637,default,90,6,6,48.5,0,2,40.8125,20.0,0,32,14,21,E1,6,15,0.1,0.0
mas_iterative,1637,default,89,6,6,48.0,0,2,40.375,20.0,0,30,16,24,E1,6,15,0.1,0.0
hungarian,1637,default,89,6,6,48.0,0,2,40.375,20.0,0,30,18,58,E1,6,15,0.1,0.0
no_coordination,1638,default,65,6,6,34.333333333333336,3,2,31.473684210526315,22.0,40,7,0,0,E1,6,15,0.1,0.0
claim,1638,default,65,6,6,34.333333333333336,3,2,31.473684210526315,22.0,40,7,9,9,E1,6,15,0.1,0.0
mas,1638,default,51,6,6,31.166666666666668,0,2,29.210526315789473,22.0,0,16,14,21,E1,6,15,0.1,0.0
mas_iterative,1638,default,51,6,6,31.0,0,2,29.05263157894737,22.0,0,16,14,21,E1,6,15,0.1,0.0
hungarian,1638,default,51,6,6,31.0,0,2,29.05263157894737,22.0,0,16,18,58,E1,6,15,0.1,0.0
no_coordination,1639,default,95,6,6,50.166666666666664,3,2,42.357142857142854,nan,34,7,0,0,E1,6,15,0.1,0.0
claim,1639,default,73,6,6,42.5,0,2,37.357142857142854,nan,0,11,6,6,E1,6,15,0.1,0.0
mas,1639,default,73,6,6,42.5,0,2,37.357142857142854,nan,0,11,12,18,E1,6,15,0.1,0.0
mas_iterative,1639,default,73,6,6,42.5,0,2,37.357142857142854,nan,0,11,12,18,E1,6,15,0.1,0.0
hungarian,1639,default,73,6,6,42.5,0,2,37.357142857142854,nan,0,11,18,56,E1,6,15,0.1,0.0
no_coordination,1640,default,71,6,6,41.666666666666664,4,2,35.22222222222222,26.666666666666668,47,8,0,0,E1,6,15,0.1,0.0
claim,1640,default,59,6,6,37.833333333333336,1,2,33.333333333333336,26.666666666666668,23,18,7,7,E1,6,15,0.1,0.0
mas,1640,default,54,6,6,35.166666666666664,0,2,31.333333333333332,23.333333333333332,0,7,14,21,E1,6,15,0.1,0.0
mas_iterative,1640,default,53,6,6,34.833333333333336,0,2,30.944444444444443,23.0,0,5,16,24,E1,6,15,0.1,0.0
hungarian,1640,default,53,6,6,34.833333333333336,0,2,30.944444444444443,23.0,0,5,18,58,E1,6,15,0.1,0.0
no_coordination,1641,default,111,6,6,68.16666666666667,4,2,57.6,39.0,92,8,0,0,E1,6,15,0.1,0.0
claim,1641,default,94,6,6,65.33333333333333,2,2,56.46666666666667,39.0,51,13,8,8,E1,6,15,0.1,0.0
mas,1641,default,76,6,6,46.5,0,2,39.0,25.5,0,14,14,21,E1,6,15,0.1,0.0
mas_iterative,1641,default,75,6,6,46.0,0,2,38.53333333333333,25.0,0,12,14,21,E1,6,15,0.1,0.0
hungarian,1641,default,73,6,6,45.0,0,2,37.6,24.0,0,10,18,56,E1,6,15,0.1,0.0
no_coordination,1642,default,89,6,6,51.0,4,2,47.142857142857146,nan,41,8,0,0,E1,6,15,0.1,0.0
claim,1642,default,89,6,6,51.0,3,2,47.142857142857146,nan,41,29,9,9,E1,6,15,0.1,0.0
mas,1642,default,64,6,6,36.833333333333336,0,2,35.0,nan,0,12,14,21,E1,6,15,0.1,0.0
mas_iterative,1642,default,61,6,6,36.0,0,2,34.285714285714285,nan,0,8,16,24,E1,6,15,0.1,0.0
hungarian,1642,default,61,6,6,36.0,0,2,34.285714285714285,nan,0,8,18,58,E1,6,15,0.1,0.0
no_coordination,1643,default,139,6,6,89.0,5,2,71.5,34.0,98,9,0,0,E1,6,15,0.1,0.0
claim,1643,default,133,6,6,88.0,3,2,71.0,34.0,91,33,9,9,E1,6,15,0.1,0.0
mas,1643,default,83,6,6,47.833333333333336,0,2,38.75,22.0,0,26,14,21,E1,6,15,0.1,0.0
mas_iterative,1643,default,83,6,6,47.333333333333336,0,2,38.333333333333336,22.0,0,26,14,21,E1,6,15,0.1,0.0
hungarian,1643,default,77,6,6,46.666666666666664,0,2,38.833333333333336,34.0,0,18,18,58,E1,6,15,0.1,0.0
no_coordination,1644,default,105,6,6,53.333333333333336,3,2,41.375,20.0,68,7,0,0,E1,6,15,0.1,0.0
claim,1644,default,97,6,6,52.0,1,2,40.875,20.0,26,33,7,7,E1,6,15,0.1,0.0
mas,1644,default,81,6,6,46.666666666666664,0,2,37.875,20.0,0,14,14,21,E1,6,15,0.1,0.0
mas_iterative,1644,default,81,6,6,46.333333333333336,0,2,37.625,20.0,0,14,14,21,E1,6,15,0.1,0.0
hungarian,1644,default,81,6,6,46.333333333333336,0,2,37.625,20.0,0,14,18,58,E1,6,15,0.1,0.0
no_coordination,1645,default,96,6,6,47.5,4,2,37.35294117647059,26.666666666666668,73,8,0,0,E1,6,15,0.1,0.0
claim,1645,default,65,6,6,37.0,0,2,31.764705882352942,26.666666666666668,0,15,6,6,E1,6,15,0.1,0.0
mas,1645,default,65,6,6,37.0,0,2,31.764705882352942,26.666666666666668,0,15,12,18,E1,6,15,0.1,0.0
mas_iterative,1645,default,65,6,6,37.0,0,2,31.764705882352942,26.666666666666668,0,15,12,18,E1,6,15,0.1,0.0
hungarian,1645,default,65,6,6,37.0,0,2,31.764705882352942,26.666666666666668,0,15,18,56,E1,6,15,0.1,0.0
no_coordination,1646,default,103,6,6,67.66666666666667,4,2,61.529411764705884,28.0,69,8,0,0,E1,6,15,0.1,0.0
claim,1646,default,91,6,6,60.333333333333336,1,2,56.11764705882353,28.0,29,17,7,7,E1,6,15,0.1,0.0
mas,1646,default,76,6,6,46.166666666666664,0,2,42.0,20.0,0,18,14,21,E1,6,15,0.1,0.0
mas_iterative,1646,default,75,6,6,45.666666666666664,0,2,41.529411764705884,20.0,0,16,14,21,E1,6,15,0.1,0.0
hungarian,1646,default,75,6,6,45.666666666666664,0,2,41.529411764705884,20.0,0,16,18,56,E1,6,15,0.1,0.0
no_coordination,1647,default,82,6,6,49.5,3,2,39.53333333333333,20.0,39,7,0,0,E1,6,15,0.1,0.0
claim,1647,default,89,6,6,48.0,1,2,38.93333333333333,20.0,21,31,7,7,E1,6,15,0.1,0.0
mas,1647,default,83,6,6,40.666666666666664,0,2,33.06666666666667,20.0,0,36,14,21,E1,6,15,0.1,0.0
mas_iterative,1647,default,83,6,6,40.333333333333336,0,2,32.666666666666664,20.0,0,36,16,24,E1,6,15,0.1,0.0
hungarian,1647,default,83,6,6,40.333333333333336,0,2,32.666666666666664,20.0,0,36,18,58,E1,6,15,0.1,0.0
no_coordination,1648,default,89,6,6,49.666666666666664,4,2,42.2,31.5,68,8,0,0,E1,6,15,0.1,0.0
claim,1648,default,89,6,6,49.666666666666664,4,2,42.2,31.5,68,8,10,10,E1,6,15,0.1,0.0
mas,1648,default,67,6,6,37.0,0,2,34.65,28.25,0,28,14,21,E1,6,15,0.1,0.0
mas_iterative,1648,default,67,6,6,36.666666666666664,0,2,34.4,28.0,0,28,14,21,E1,6,15,0.1,0.0
hungarian,1648,default,67,6,6,36.666666666666664,0,2,34.4,28.0,0,28,18,58,E1,6,15,0.1,0.0
no_coordination,1649,default,73,6,6,39.833333333333336,3,2,31.833333333333332,nan,17,7,0,0,E1,6,15,0.1,0.0
claim,1649,default,73,6,6,39.833333333333336,2,2,31.833333333333332,nan,17,11,8,8,E1,6,15,0.1,0.0
mas,1649,default,72,6,6,37.0,0,2,30.25,nan,0,23,14,21,E1,6,15,0.1,0.0
mas_iterative,1649,default,71,6,6,36.666666666666664,0,2,30.0,nan,0,21,14,21,E1,6,15,0.1,0.0
hungarian,1649,default,71,6,6,36.666666666666664,0,2,30.0,nan,0,21,18,58,E1,6,15,0.1,0.0
no_coordination,1650,default,137,6,6,66.66666666666667,6,2,54.44444444444444,26.0,137,10,0,0,E1,6,15,0.1,0.0
claim,1650,default,137,6,6,66.66666666666667,6,2,54.44444444444444,26.0,137,10,12,12,E1,6,15,0.1,0.0
mas,1650,default,81,6,6,46.5,0,2,40.111111111111114,22.5,0,16,14,21,E1,6,15,0.1,0.0
mas_iterative,1650,default,81,6,6,46.0,0,2,39.55555555555556,22.0,0,16,14,21,E1,6,15,0.1,0.0
hungarian,1650,default,71,6,6,39.333333333333336,0,2,34.44444444444444,26.0,0,22,18,58,E1,6,15,0.1,0.0
no_coordination,1651,default,76,6,6,35.833333333333336,4,2,30.055555555555557,23.0,55,8,0,0,E1,6,15,0.1,0.0
claim,1651,default,76,6,6,35.833333333333336,4,2,30.055555555555557,23.0,55,8,10,10,E1,6,15,0.1,0.0
mas,1651,default,57,6,6,31.0,0,2,27.333333333333332,23.0,0,21,14,21,E1,6,15,0.1,0.0
mas_iterative,1651,default,57,6,6,30.666666666666668,0,2,27.0,23.0,0,21,14,21,E1,6,15,0.1,0.0
hungarian,1651,default,57,6,6,30.666666666666668,0,2,27.0,23.0,0,21,18,58,E1,6,15,0.1,0.0
no_coordination,1652,default,127,6,6,85.66666666666667,5,2,71.0,41.0,111,9,0,0,E1,6,15,0.1,0.0
claim,1652,default,127,6,6,85.66666666666667,4,2,71.0,41.0,111,16,10,10,E1,6,15,0.1,0.0
mas,1652,default,68,6,6,41.0,0,2,36.1875,30.5,0,18,14,21,E1,6,15,0.1,0.0
mas_iterative,1652,default,67,6,6,40.333333333333336,0,2,35.625,30.0,0,16,14,21,E1,6,15,0.1,0.0
hungarian,1652,default,67,6,6,40.333333333333336,0,2,35.625,30.0,0,16,18,56,E1,6,15,0.1,0.0
no_coordination,1653,default,69,6,6,48.333333333333336,4,2,41.142857142857146,26.0,41,8,0,0,E1,6,15,0.1,0.0
claim,1653,default,73,6,6,46.666666666666664,1,2,40.285714285714285,26.0,27,23,7,7,E1,6,15,0.1,0.0
mas,1653,default,60,6,6,37.166666666666664,0,2,31.285714285714285,20.0,0,16,14,21,E1,6,15,0.1,0.0
mas_iterative,1653,default,59,6,6,36.666666666666664,0,2,30.857142857142858,20.0,0,14,14,21,E1,6,15,0.1,0.0
hungarian,1653,default,61,6,6,37.666666666666664,0,2,32.142857142857146,26.0,0,16,18,56,E1,6,15,0.1,0.0
no_coordination,1654,default,135,6,6,61.666666666666664,5,2,55.142857142857146,22.0,79,9,0,0,E1,6,15,0.1,0.0
claim,1654,default,91,6,6,46.666666666666664,0,2,42.42857142857143,22.0,0,30,6,6,E1,6,15,0.1,0.0
mas,1654,default,91,6,6,46.666666666666664,0,2,42.42857142857143,22.0,0,30,12,18,E1,6,15,0.1,0.0
mas_iterative,1654,default,91,6,6,46.666666666666664,0,2,42.42857142857143,22.0,0,30,12,18,E1,6,15,0.1,0.0
hungarian,1654,default,91,6,6,46.666666666666664,0,2,42.42857142857143,22.0,0,30,18,56,E1,6,15,0.1,0.0
no_coordination,1655,default,129,6,6,66.66666666666667,4,2,55.09090909090909,nan,111,8,0,0,E1,6,15,0.1,0.0
claim,1655,default,129,6,6,66.66666666666667,4,2,55.09090909090909,nan,111,8,10,10,E1,6,15,0.1,0.0
mas,1655,default,82,6,6,45.166666666666664,0,2,37.90909090909091,nan,0,22,14,21,E1,6,15,0.1,0.0
mas_iterative,1655,default,81,6,6,44.666666666666664,0,2,37.45454545454545,nan,0,20,14,21,E1,6,15,0.1,0.0
hungarian,1655,default,81,6,6,44.666666666666664,0,2,37.45454545454545,nan,0,20,18,56,E1,6,15,0.1,0.0
no_coordination,1656,default,81,6,6,46.5,4,2,41.5,nan,62,8,0,0,E1,6,15,0.1,0.0
claim,1656,default,63,6,6,42.333333333333336,1,2,38.833333333333336,nan,21,10,7,7,E1,6,15,0.1,0.0
mas,1656,default,56,6,6,35.833333333333336,0,2,32.916666666666664,nan,0,12,14,21,E1,6,15,0.1,0.0
mas_iterative,1656,default,55,6,6,35.333333333333336,0,2,32.5,nan,0,10,14,21,E1,6,15,0.1,0.0
hungarian,1656,default,55,6,6,35.333333333333336,0,2,32.5,nan,0,10,18,56,E1,6,15,0.1,0.0
no_coordination,1657,default,97,6,6,51.5,4,2,42.0625,20.0,78,8,0,0,E1,6,15,0.1,0.0
claim,1657,default,74,6,6,44.333333333333336,1,2,38.8125,20.0,21,16,7,7,E1,6,15,0.1,0.0
mas,1657,default,66,6,6,39.5,0,2,34.0625,20.0,0,14,14,21,E1,6,15,0.1,0.0
mas_iterative,1657,default,65,6,6,39.0,0,2,33.625,20.0,0,12,16,24,E1,6,15,0.1,0.0
hungarian,1657,default,65,6,6,39.0,0,2,33.625,20.0,0,12,18,58,E1,6,15,0.1,0.0
no_coordination,1658,default,139,6,6,65.33333333333333,5,2,46.857142857142854,22.0,118,9,0,0,E1,6,15,0.1,0.0
claim,1658,default,83,6,6,47.666666666666664,0,2,37.285714285714285,22.0,0,10,6,6,E1,6,15,0.1,0.0
mas,1658,default,83,6,6,47.666666666666664,0,2,37.285714285714285,22.0,0,10,12,18,E1,6,15,0.1,0.0
mas_iterative,1658,default,83,6,6,47.666666666666664,0,2,37.285714285714285,22.0,0,10,12,18,E1,6,15,0.1,0.0
hungarian,1658,default,83,6,6,47.666666666666664,0,2,37.285714285714285,22.0,0,10,18,56,E1,6,15,0.1,0.0
no_coordination,1659,default,105,6,6,72.83333333333333,4,2,64.82352941176471,38.0,86,8,0,0,E1,6,15,0.1,0.0
claim,1659,default,105,6,6,72.83333333333333,3,2,64.82352941176471,38.0,77,16,9,9,E1,6,15,0.1,0.0
mas,1659,default,85,6,6,46.833333333333336,0,2,41.88235294117647,24.5,0,32,14,21,E1,6,15,0.1,0.0
mas_iterative,1659,default,85,6,6,46.333333333333336,0,2,41.411764705882355,24.0,0,32,14,21,E1,6,15,0.1,0.0
hungarian,1659,default,85,6,6,46.333333333333336,0,2,41.411764705882355,24.0,0,32,18,56,E1,6,15,0.1,0.0
no_coordination,1660,default,131,6,6,62.0,4,2,50.4,nan,110,8,0,0,E1,6,15,0.1,0.0
claim,1660,default,131,6,6,62.0,4,2,50.4,nan,110,8,10,10,E1,6,15,0.1,0.0
mas,1660,default,72,6,6,41.666666666666664,0,2,36.266666666666666,nan,0,12,14,21,E1,6,15,0.1,0.0
mas_iterative,1660,default,71,6,6,41.333333333333336,0,2,36.0,nan,0,10,14,21,E1,6,15,0.1,0.0
hungarian,1660,default,71,6,6,41.333333333333336,0,2,36.0,nan,0,10,18,58,E1,6,15,0.1,0.0
no_coordination,1661,default,88,6,6,51.5,4,2,48.45,21.0,40,8,0,0,E1,6,15,0.1,0.0
claim,1661,default,81,6,6,43.333333333333336,0,2,41.1,21.0,0,26,6,6,E1,6,15,0.1,0.0
mas,1661,default,81,6,6,43.333333333333336,0,2,41.1,21.0,0,26,12,18,E1,6,15,0.1,0.0
mas_iterative,1661,default,81,6,6,43.333333333333336,0,2,41.1,21.0,0,26,12,18,E1,6,15,0.1,0.0
hungarian,1661,default,81,6,6,43.333333333333336,0,2,41.1,21.0,0,26,18,56,E1,6,15,0.1,0.0
no_coordination,1662,default,95,6,6,47.0,4,2,41.22222222222222,26.0,85,8,0,0,E1,6,15,0.1,0.0
claim,1662,default,75,6,6,42.0,1,2,37.888888888888886,26.0,23,27,7,7,E1,6,15,0.1,0.0
mas,1662,default,70,6,6,37.166666666666664,0,2,33.333333333333336,24.0,0,26,14,21,E1,6,15,0.1,0.0
mas_iterative,1662,default,69,6,6,36.666666666666664,0,2,32.888888888888886,24.0,0,24,14,21,E1,6,15,0.1,0.0
hungarian,1662,default,71,6,6,40.0,0,2,35.55555555555556,22.0,0,20,18,58,E1,6,15,0.1,0.0
no_coordination,1663,default,108,6,6,52.333333333333336,4,2,41.785714285714285,20.0,93,8,0,0,E1,6,15,0.1,0.0
claim,1663,default,77,6,6,45.0,1,2,38.42857142857143,20.0,21,13,7,7,E1,6,15,0.1,0.0
mas,1663,default,67,6,6,37.166666666666664,0,2,31.714285714285715,20.0,0,12,14,21,E1,6,15,0.1,0.0
mas_iterative,1663,default,67,6,6,36.666666666666664,0,2,31.285714285714285,20.0,0,12,16,24,E1,6,15,0.1,0.0
hungarian,1663,default,67,6,6,36.666666666666664,0,2,31.285714285714285,20.0,0,12,18,58,E1,6,15,0.1,0.0
no_coordination,1664,default,83,6,6,41.0,3,2,36.44444444444444,20.0,25,7,0,0,E1,6,15,0.1,0.0
claim,1664,default,63,6,6,37.666666666666664,1,2,34.22222222222222,20.0,4,7,7,7,E1,6,15,0.1,0.0
mas,1664,default,63,6,6,37.0,0,2,33.888888888888886,20.0,0,8,14,21,E1,6,15,0.1,0.0
mas_iterative,1664,default,63,6,6,36.666666666666664,0,2,33.666666666666664,20.0,0,8,14,21,E1,6,15,0.1,0.0
hungarian,1664,default,63,6,6,36.666666666666664,0,2,33.666666666666664,20.0,0,8,18,58,E1,6,15,0.1,0.0
no_coordination,1665,default,91,6,6,51.833333333333336,5,2,43.833333333333336,20.0,74,9,0,0,E1,6,15,0.1,0.0
claim,1665,default,72,6,6,44.5,1,2,39.75,20.0,21,20,7,7,E1,6,15,0.1,0.0
mas,1665,default,58,6,6,37.5,0,2,33.916666666666664,20.0,0,6,14,21,E1,6,15,0.1,0.0
mas_iterative,1665,default,57,6,6,37.0,0,2,33.5,20.0,0,4,14,21,E1,6,15,0.1,0.0
hungarian,1665,default,57,6,6,37.0,0,2,33.5,20.0,0,4,18,56,E1,6,15,0.1,0.0
no_coordination,1666,default,64,6,6,42.0,3,2,39.0,28.0,26,7,0,0,E1,6,15,0.1,0.0
claim,1666,default,65,6,6,36.0,0,2,33.4,28.0,0,25,6,6,E1,6,15,0.1,0.0
mas,1666,default,65,6,6,36.0,0,2,33.4,28.0,0,25,12,18,E1,6,15,0.1,0.0
mas_iterative,1666,default,65,6,6,36.0,0,2,33.4,28.0,0,25,12,18,E1,6,15,0.1,0.0
hungarian,1666,default,65,6,6,36.0,0,2,33.4,28.0,0,25,18,56,E1,6,15,0.1,0.0
no_coordination,1667,default,91,6,6,49.166666666666664,2,2,38.875,20.0,51,7,0,0,E1,6,15,0.1,0.0
claim,1667,default,90,6,6,49.0,1,2,38.8125,20.0,22,32,7,7,E1,6,15,0.1,0.0
mas,1667,default,71,6,6,42.666666666666664,0,2,35.25,20.0,0,12,14,21,E1,6,15,0.1,0.0
mas_iterative,1667,default,71,6,6,42.333333333333336,0,2,35.0,20.0,0,12,14,21,E1,6,15,0.1,0.0
hungarian,1667,default,71,6,6,42.333333333333336,0,2,35.0,20.0,0,12,18,58,E1,6,15,0.1,0.0
no_coordination,1668,default,111,6,6,67.66666666666667,5,2,58.54545454545455,nan,74,9,0,0,E1,6,15,0.1,0.0
claim,1668,default,93,6,6,63.333333333333336,2,2,56.18181818181818,nan,47,18,8,8,E1,6,15,0.1,0.0
mas,1668,default,66,6,6,40.833333333333336,0,2,35.54545454545455,nan,0,16,14,21,E1,6,15,0.1,0.0
mas_iterative,1668,default,65,6,6,40.333333333333336,0,2,35.09090909090909,nan,0,14,14,21,E1,6,15,0.1,0.0
hungarian,1668,default,65,6,6,40.333333333333336,0,2,35.09090909090909,nan,0,14,18,56,E1,6,15,0.1,0.0
no_coordination,1670,default,129,6,6,57.0,4,2,44.18181818181818,nan,108,8,0,0,E1,6,15,0.1,0.0
claim,1670,default,129,6,6,57.0,4,2,44.18181818181818,nan,108,8,10,10,E1,6,15,0.1,0.0
mas,1670,default,84,6,6,44.0,0,2,36.27272727272727,nan,0,22,14,21,E1,6,15,0.1,0.0
mas_iterative,1670,default,83,6,6,43.666666666666664,0,2,36.0,nan,0,20,14,21,E1,6,15,0.1,0.0
hungarian,1670,default,83,6,6,43.666666666666664,0,2,36.0,nan,0,20,18,58,E1,6,15,0.1,0.0
no_coordination,1671,default,126,6,6,69.66666666666667,5,2,57.857142857142854,24.0,109,9,0,0,E1,6,15,0.1,0.0
claim,1671,default,84,6,6,52.0,1,2,46.642857142857146,24.0,25,18,7,7,E1,6,15,0.1,0.0
mas,1671,default,66,6,6,39.833333333333336,0,2,34.0,20.0,0,14,14,21,E1,6,15,0.1,0.0
mas_iterative,1671,default,65,6,6,39.333333333333336,0,2,33.57142857142857,20.0,0,12,14,21,E1,6,15,0.1,0.0
hungarian,1671,default,65,6,6,39.333333333333336,0,2,33.57142857142857,20.0,0,12,18,56,E1,6,15,0.1,0.0
no_coordination,1672,default,101,6,6,52.666666666666664,4,2,43.125,22.0,76,8,0,0,E1,6,15,0.1,0.0
claim,1672,default,63,6,6,41.333333333333336,0,2,36.25,22.0,0,4,6,6,E1,6,15,0.1,0.0
mas,1672,default,63,6,6,41.333333333333336,0,2,36.25,22.0,0,4,12,18,E1,6,15,0.1,0.0
mas_iterative,1672,default,63,6,6,41.333333333333336,0,2,36.25,22.0,0,4,12,18,E1,6,15,0.1,0.0
hungarian,1672,default,63,6,6,41.333333333333336,0,2,36.25,22.0,0,4,18,56,E1,6,15,0.1,0.0
no_coordination,1673,default,113,6,6,54.833333333333336,4,2,46.8,nan,96,8,0,0,E1,6,15,0.1,0.0
claim,1673,default,81,6,6,48.333333333333336,1,2,42.9,nan,23,14,7,7,E1,6,15,0.1,0.0
mas,1673,default,69,6,6,38.5,0,2,37.3,nan,0,20,14,21,E1,6,15,0.1,0.0
mas_iterative,1673,default,69,6,6,38.0,0,2,36.8,nan,0,20,14,21,E1,6,15,0.1,0.0
hungarian,1673,default,69,6,6,38.0,0,2,36.8,nan,0,20,18,56,E1,6,15,0.1,0.0
no_coordination,1674,default,135,6,6,62.333333333333336,5,2,44.76923076923077,20.0,114,9,0,0,E1,6,15,0.1,0.0
claim,1674,default,97,6,6,47.333333333333336,0,2,36.76923076923077,20.0,0,42,6,6,E1,6,15,0.1,0.0
mas,1674,default,97,6,6,47.333333333333336,0,2,36.76923076923077,20.0,0,42,12,18,E1,6,15,0.1,0.0
mas_iterative,1674,default,97,6,6,47.333333333333336,0,2,36.76923076923077,20.0,0,42,12,18,E1,6,15,0.1,0.0
hungarian,1674,default,97,6,6,47.333333333333336,0,2,36.76923076923077,20.0,0,42,18,56,E1,6,15,0.1,0.0
no_coordination,1675,default,113,6,6,50.666666666666664,4,2,46.476190476190474,21.333333333333332,92,8,0,0,E1,6,15,0.1,0.0
claim,1675,default,113,6,6,50.666666666666664,4,2,46.476190476190474,21.333333333333332,92,8,10,10,E1,6,15,0.1,0.0
mas,1675,default,82,6,6,40.666666666666664,0,2,37.904761904761905,21.333333333333332,0,34,14,21,E1,6,15,0.1,0.0
mas_iterative,1675,default,81,6,6,40.333333333333336,0,2,37.61904761904762,21.333333333333332,0,32,14,21,E1,6,15,0.1,0.0
hungarian,1675,default,81,6,6,40.333333333333336,0,2,37.61904761904762,21.333333333333332,0,32,18,58,E1,6,15,0.1,0.0
no_coordination,1676,default,87,6,6,54.5,3,2,49.5625,26.0,32,7,0,0,E1,6,15,0.1,0.0
claim,1676,default,91,6,6,54.333333333333336,1,2,49.75,26.0,27,36,7,7,E1,6,15,0.1,0.0
mas,1676,default,72,6,6,37.5,0,2,34.0,20.0,0,36,14,21,E1,6,15,0.1,0.0
mas_iterative,1676,default,71,6,6,37.0,0,2,33.5,20.0,0,34,16,24,E1,6,15,0.1,0.0
hungarian,1676,default,71,6,6,37.0,0,2,33.5,20.0,0,34,18,58,E1,6,15,0.1,0.0
no_coordination,1677,default,112,6,6,53.5,4,2,47.1875,20.0,55,8,0,0,E1,6,15,0.1,0.0
claim,1677,default,82,6,6,47.666666666666664,1,2,42.8125,20.0,21,16,7,7,E1,6,15,0.1,0.0
mas,1677,default,77,6,6,42.333333333333336,0,2,37.8125,20.0,0,22,14,21,E1,6,15,0.1,0.0
mas_iterative,1677,default,77,6,6,42.0,0,2,37.5,20.0,0,22,14,21,E1,6,15,0.1,0.0
hungarian,1677,default,71,6,6,37.666666666666664,0,2,33.625,20.0,0,20,18,58,E1,6,15,0.1,0.0
no_coordination,1678,default,90,6,6,44.166666666666664,4,2,40.714285714285715,20.0,70,8,0,0,E1,6,15,0.1,0.0
claim,1678,default,90,6,6,44.166666666666664,4,2,40.714285714285715,20.0,70,8,10,10,E1,6,15,0.1,0.0
mas,1678,default,70,6,6,35.0,0,2,32.857142857142854,20.0,0,31,16,24,E1,6,15,0.1,0.0
mas_iterative,1678,default,71,6,6,34.666666666666664,0,2,32.57142857142857,20.0,0,31,14,21,E1,6,15,0.1,0.0
hungarian,1678,default,53,6,6,33.333333333333336,0,2,32.0,24.0,0,11,18,56,E1,6,15,0.1,0.0
no_coordination,1679,default,103,6,6,66.66666666666667,5,2,62.285714285714285,nan,75,9,0,0,E1,6,15,0.1,0.0
claim,1679,default,103,6,6,66.66666666666667,4,2,62.285714285714285,nan,75,16,10,10,E1,6,15,0.1,0.0
mas,1679,default,61,6,6,38.166666666666664,0,2,37.0,nan,0,14,14,21,E1,6,15,0.1,0.0
mas_iterative,1679,default,61,6,6,37.666666666666664,0,2,36.57142857142857,nan,0,14,14,21,E1,6,15,0.1,0.0
hungarian,1679,default,61,6,6,37.666666666666664,0,2,36.57142857142857,nan,0,14,18,56,E1,6,15,0.1,0.0
no_coordination,1680,default,117,6,6,70.0,6,2,56.42857142857143,22.0,117,10,0,0,E1,6,15,0.1,0.0
claim,1680,default,117,6,6,70.0,6,2,56.42857142857143,22.0,117,10,12,12,E1,6,15,0.1,0.0
mas,1680,default,70,6,6,38.833333333333336,0,2,32.92857142857143,22.0,0,30,14,21,E1,6,15,0.1,0.0
mas_iterative,1680,default,69,6,6,38.333333333333336,0,2,32.42857142857143,22.0,0,28,14,21,E1,6,15,0.1,0.0
hungarian,1680,default,69,6,6,38.333333333333336,0,2,32.42857142857143,22.0,0,28,18,56,E1,6,15,0.1,0.0
no_coordination,1681,default,80,6,6,48.333333333333336,4,2,42.0,22.0,44,8,0,0,E1,6,15,0.1,0.0
claim,1681,default,64,6,6,43.333333333333336,1,2,38.92857142857143,22.0,23,6,7,7,E1,6,15,0.1,0.0
mas,1681,default,58,6,6,34.166666666666664,0,2,29.571428571428573,20.0,0,18,14,21,E1,6,15,0.1,0.0
mas_iterative,1681,default,57,6,6,33.666666666666664,0,2,29.142857142857142,20.0,0,16,16,24,E1,6,15,0.1,0.0
hungarian,1681,default,57,6,6,33.666666666666664,0,2,29.142857142857142,20.0,0,16,18,58,E1,6,15,0.1,0.0
no_coordination,1682,default,119,6,6,53.333333333333336,4,2,41.68421052631579,22.666666666666668,98,8,0,0,E1,6,15,0.1,0.0
claim,1682,default,119,6,6,53.333333333333336,4,2,41.68421052631579,22.666666666666668,98,8,10,10,E1,6,15,0.1,0.0
mas,1682,default,78,6,6,41.666666666666664,0,2,34.94736842105263,22.666666666666668,0,20,14,21,E1,6,15,0.1,0.0
mas_iterative,1682,default,77,6,6,41.333333333333336,0,2,34.73684210526316,22.666666666666668,0,18,14,21,E1,6,15,0.1,0.0
hungarian,1682,default,77,6,6,41.333333333333336,0,2,34.73684210526316,22.666666666666668,0,18,18,58,E1,6,15,0.1,0.0
no_coordination,1683,default,129,6,6,61.333333333333336,4,2,45.88235294117647,28.666666666666668,71,8,0,0,E1,6,15,0.1,0.0
claim,1683,default,81,6,6,46.0,0,2,37.88235294117647,28.666666666666668,0,14,6,6,E1,6,15,0.1,0.0
mas,1683,default,81,6,6,46.0,0,2,37.88235294117647,28.666666666666668,0,14,12,18,E1,6,15,0.1,0.0
mas_iterative,1683,default,81,6,6,46.0,0,2,37.88235294117647,28.666666666666668,0,14,12,18,E1,6,15,0.1,0.0
hungarian,1683,default,81,6,6,46.0,0,2,37.88235294117647,28.666666666666668,0,14,18,56,E1,6,15,0.1,0.0
no_coordination,1684,default,98,6,6,55.333333333333336,5,2,44.23076923076923,20.0,75,9,0,0,E1,6,15,0.1,0.0
claim,1684,default,80,6,6,51.833333333333336,3,2,42.61538461538461,20.0,53,10,9,9,E1,6,15,0.1,0.0
mas,1684,default,57,6,6,32.5,0,2,29.53846153846154,20.0,0,16,14,21,E1,6,15,0.1,0.0
mas_iterative,1684,default,57,6,6,32.0,0,2,29.23076923076923,20.0,0,16,18,27,E1,6,15,0.1,0.0
hungarian,1684,default,57,6,6,32.0,0,2,29.23076923076923,20.0,0,16,18,60,E1,6,15,0.1,0.0
no_coordination,1685,default,111,6,6,50.0,4,2,39.285714285714285,20.0,90,8,0,0,E1,6,15,0.1,0.0
claim,1685,default,111,6,6,50.0,4,2,39.285714285714285,20.0,90,8,10,10,E1,6,15,0.1,0.0
mas,1685,default,67,6,6,39.0,0,2,33.07142857142857,20.0,0,6,14,21,E1,6,15,0.1,0.0
mas_iterative,1685,default,67,6,6,38.666666666666664,0,2,32.857142857142854,20.0,0,6,14,21,E1,6,15,0.1,0.0
hungarian,1685,default,67,6,6,38.666666666666664,0,2,32.857142857142854,20.0,0,6,18,58,E1,6,15,0.1,0.0
no_coordination,1686,default,107,6,6,48.0,4,2,40.0,nan,82,8,0,0,E1,6,15,0.1,0.0
claim,1686,default,69,6,6,40.0,0,2,35.5,nan,0,6,6,6,E1,6,15,0.1,0.0
mas,1686,default,69,6,6,40.0,0,2,35.5,nan,0,6,12,18,E1,6,15,0.1,0.0
mas_iterative,1686,default,69,6,6,40.0,0,2,35.5,nan,0,6,12,18,E1,6,15,0.1,0.0
hungarian,1686,default,69,6,6,40.0,0,2,35.5,nan,0,6,18,56,E1,6,15,0.1,0.0
no_coordination,1687,default,67,6,6,46.333333333333336,4,2,40.8235294117647,34.0,50,8,0,0,E1,6,15,0.1,0.0
claim,1687,default,57,6,6,42.0,1,2,38.470588235294116,34.0,23,7,7,7,E1,6,15,0.1,0.0
mas,1687,default,49,6,6,35.5,0,2,32.1764705882353,27.666666666666668,0,8,14,21,E1,6,15,0.1,0.0
mas_iterative,1687,default,49,6,6,35.0,0,2,31.764705882352942,27.333333333333332,0,8,14,21,E1,6,15,0.1,0.0
hungarian,1687,default,45,6,6,31.0,0,2,28.235294117647058,24.666666666666668,0,8,18,56,E1,6,15,0.1,0.0
no_coordination,1688,default,89,6,6,46.333333333333336,4,2,42.54545454545455,nan,71,8,0,0,E1,6,15,0.1,0.0
claim,1688,default,65,6,6,41.666666666666664,1,2,39.81818181818182,nan,21,7,7,7,E1,6,15,0.1,0.0
mas,1688,default,60,6,6,35.833333333333336,0,2,33.72727272727273,nan,0,14,14,21,E1,6,15,0.1,0.0
mas_iterative,1688,default,59,6,6,35.333333333333336,0,2,33.27272727272727,nan,0,12,14,21,E1,6,15,0.1,0.0
hungarian,1688,default,59,6,6,35.333333333333336,0,2,33.27272727272727,nan,0,12,18,56,E1,6,15,0.1,0.0
no_coordination,1689,default,83,6,6,44.166666666666664,4,2,37.0625,20.0,68,8,0,0,E1,6,15,0.1,0.0
claim,1689,default,67,6,6,40.333333333333336,1,2,35.1875,20.0,21,20,7,7,E1,6,15,0.1,0.0
mas,1689,default,69,6,6,38.0,0,2,32.75,20.0,0,28,14,21,E1,6,15,0.1,0.0
mas_iterative,1689,default,69,6,6,37.666666666666664,0,2,32.375,20.0,0,28,16,24,E1,6,15,0.1,0.0
hungarian,1689,default,69,6,6,37.666666666666664,0,2,32.375,20.0,0,28,20,59,E1,6,15,0.1,0.0
no_coordination,1690,default,77,6,6,43.5,2,2,40.0,nan,41,7,0,0,E1,6,15,0.1,0.0
claim,1690,default,76,6,6,43.333333333333336,1,2,39.86666666666667,nan,18,26,7,7,E1,6,15,0.1,0.0
mas,1690,default,61,6,6,38.333333333333336,0,2,35.86666666666667,nan,0,10,14,21,E1,6,15,0.1,0.0
mas_iterative,1690,default,61,6,6,38.0,0,2,35.6,nan,0,10,14,21,E1,6,15,0.1,0.0
hungarian,1690,default,61,6,6,38.0,0,2,35.6,nan,0,10,18,58,E1,6,15,0.1,0.0
no_coordination,1691,default,90,6,6,56.666666666666664,5,2,52.94444444444444,22.0,57,9,0,0,E1,6,15,0.1,0.0
claim,1691,default,87,6,6,56.166666666666664,3,2,52.611111111111114,22.0,53,20,9,9,E1,6,15,0.1,0.0
mas,1691,default,56,6,6,36.166666666666664,0,2,34.22222222222222,20.0,0,10,14,21,E1,6,15,0.1,0.0
mas_iterative,1691,default,55,6,6,35.666666666666664,0,2,33.77777777777778,20.0,0,8,16,24,E1,6,15,0.1,0.0
hungarian,1691,default,55,6,6,35.666666666666664,0,2,33.77777777777778,20.0,0,8,18,58,E1,6,15,0.1,0.0
no_coordination,1692,default,121,6,6,72.16666666666667,5,2,62.875,35.0,102,9,0,0,E1,6,15,0.1,0.0
claim,1692,default,114,6,6,71.0,3,2,62.0,35.0,67,28,9,9,E1,6,15,0.1,0.0
mas,1692,default,84,6,6,50.5,0,2,43.75,23.5,0,14,14,21,E1,6,15,0.1,0.0
mas_iterative,1692,default,83,6,6,50.0,0,2,43.25,23.0,0,12,14,21,E1,6,15,0.1,0.0
hungarian,1692,default,83,6,6,50.0,0,2,43.25,23.0,0,12,18,56,E1,6,15,0.1,0.0
no_coordination,1693,default,109,6,6,58.666666666666664,5,2,44.13333333333333,24.0,88,9,0,0,E1,6,15,0.1,0.0
claim,1693,default,85,6,6,45.0,0,2,36.266666666666666,24.0,0,38,6,6,E1,6,15,0.1,0.0
mas,1693,default,85,6,6,45.0,0,2,36.266666666666666,24.0,0,38,12,18,E1,6,15,0.1,0.0
mas_iterative,1693,default,85,6,6,45.0,0,2,36.266666666666666,24.0,0,38,12,18,E1,6,15,0.1,0.0
hungarian,1693,default,85,6,6,45.0,0,2,36.266666666666666,24.0,0,38,18,56,E1,6,15,0.1,0.0
no_coordination,1694,default,141,6,6,72.0,6,2,64.3157894736842,33.0,141,10,0,0,E1,6,15,0.1,0.0
claim,1694,default,141,6,6,72.0,6,2,64.3157894736842,33.0,141,10,12,12,E1,6,15,0.1,0.0
mas,1694,default,80,6,6,45.166666666666664,0,2,41.21052631578947,24.5,0,16,14,21,E1,6,15,0.1,0.0
mas_iterative,1694,default,79,6,6,44.666666666666664,0,2,40.73684210526316,24.0,0,14,14,21,E1,6,15,0.1,0.0
hungarian,1694,default,75,6,6,42.666666666666664,0,2,38.8421052631579,22.0,0,10,18,56,E1,6,15,0.1,0.0
no_coordination,1695,default,90,6,6,49.333333333333336,4,2,42.06666666666667,nan,58,8,0,0,E1,6,15,0.1,0.0
claim,1695,default,82,6,6,41.666666666666664,0,2,38.46666666666667,nan,0,39,6,6,E1,6,15,0.1,0.0
mas,1695,default,82,6,6,41.666666666666664,0,2,38.46666666666667,nan,0,39,12,18,E1,6,15,0.1,0.0
mas_iterative,1695,default,82,6,6,41.666666666666664,0,2,38.46666666666667,nan,0,39,12,18,E1,6,15,0.1,0.0
hungarian,1695,default,82,6,6,41.666666666666664,0,2,38.46666666666667,nan,0,39,18,56,E1,6,15,0.1,0.0
no_coordination,1696,default,101,6,6,53.5,5,2,47.166666666666664,28.0,92,9,0,0,E1,6,15,0.1,0.0
claim,1696,default,81,6,6,49.333333333333336,2,2,44.388888888888886,28.0,37,21,8,8,E1,6,15,0.1,0.0
mas,1696,default,72,6,6,41.166666666666664,0,2,36.833333333333336,23.5,0,22,14,21,E1,6,15,0.1,0.0
mas_iterative,1696,default,71,6,6,40.666666666666664,0,2,36.333333333333336,23.0,0,20,14,21,E1,6,15,0.1,0.0
hungarian,1696,default,71,6,6,40.666666666666664,0,2,36.333333333333336,23.0,0,20,18,56,E1,6,15,0.1,0.0
no_coordination,1698,default,127,6,6,57.0,4,2,44.142857142857146,20.0,106,8,0,0,E1,6,15,0.1,0.0
claim,1698,default,127,6,6,57.0,4,2,44.142857142857146,20.0,106,8,10,10,E1,6,15,0.1,0.0
mas,1698,default,80,6,6,43.666666666666664,0,2,36.07142857142857,20.0,0,16,14,21,E1,6,15,0.1,0.0
mas_iterative,1698,default,79,6,6,43.333333333333336,0,2,35.857142857142854,20.0,0,14,14,21,E1,6,15,0.1,0.0
hungarian,1698,default,79,6,6,43.333333333333336,0,2,35.857142857142854,20.0,0,14,18,58,E1,6,15,0.1,0.0
no_coordination,1699,default,71,6,6,34.666666666666664,4,2,30.77777777777778,20.0,50,8,0,0,E1,6,15,0.1,0.0
claim,1699,default,71,6,6,34.666666666666664,4,2,30.77777777777778,20.0,50,8,10,10,E1,6,15,0.1,0.0
mas,1699,default,61,6,6,30.833333333333332,0,2,28.055555555555557,20.0,0,34,14,21,E1,6,15,0.1,0.0
mas_iterative,1699,default,61,6,6,30.666666666666668,0,2,27.88888888888889,20.0,0,34,16,24,E1,6,15,0.1,0.0
hungarian,1699,default,61,6,6,30.666666666666668,0,2,27.88888888888889,20.0,0,34,20,61,E1,6,15,0.1,0.0
no_coordination,1700,default,111,6,6,61.333333333333336,5,2,52.93333333333333,nan,80,9,0,0,E1,6,15,0.1,0.0
claim,1700,default,79,6,6,53.333333333333336,1,2,48.666666666666664,nan,29,7,7,7,E1,6,15,0.1,0.0
mas,1700,default,58,6,6,35.833333333333336,0,2,34.0,nan,0,14,14,21,E1,6,15,0.1,0.0
mas_iterative,1700,default,57,6,6,35.333333333333336,0,2,33.6,nan,0,12,16,24,E1,6,15,0.1,0.0
hungarian,1700,default,57,6,6,35.333333333333336,0,2,33.6,nan,0,12,18,58,E1,6,15,0.1,0.0
no_coordination,1701,default,73,6,6,37.666666666666664,3,2,33.80952380952381,26.0,48,7,0,0,E1,6,15,0.1,0.0
claim,1701,default,73,6,6,37.666666666666664,3,2,33.80952380952381,26.0,48,7,9,9,E1,6,15,0.1,0.0
mas,1701,default,59,6,6,33.5,0,2,30.904761904761905,26.0,0,24,14,21,E1,6,15,0.1,0.0
mas_iterative,1701,default,59,6,6,33.333333333333336,0,2,30.761904761904763,26.0,0,24,14,21,E1,6,15,0.1,0.0
hungarian,1701,default,59,6,6,33.333333333333336,0,2,30.761904761904763,26.0,0,24,18,58,E1,6,15,0.1,0.0
no_coordination,1702,default,106,6,6,60.5,4,2,55.333333333333336,nan,55,8,0,0,E1,6,15,0.1,0.0
claim,1702,default,90,6,6,57.333333333333336,1,2,53.22222222222222,nan,35,26,7,7,E1,6,15,0.1,0.0
mas,1702,default,77,6,6,39.666666666666664,0,2,36.888888888888886,nan,0,30,14,21,E1,6,15,0.1,0.0
mas_iterative,1702,default,77,6,6,39.333333333333336,0,2,36.44444444444444,nan,0,30,14,21,E1,6,15,0.1,0.0
hungarian,1702,default,77,6,6,39.333333333333336,0,2,36.44444444444444,nan,0,30,18,56,E1,6,15,0.1,0.0
no_coordination,1703,default,97,6,6,57.5,2,2,47.44444444444444,nan,53,7,0,0,E1,6,15,0.1,0.0
claim,1703,default,97,6,6,57.5,2,2,47.44444444444444,nan,52,7,8,8,E1,6,15,0.1,0.0
mas,1703,default,75,6,6,41.666666666666664,0,2,36.888888888888886,nan,0,17,14,21,E1,6,15,0.1,0.0
mas_iterative,1703,default,75,6,6,42.0,0,2,37.111111111111114,nan,0,15,14,21,E1,6,15,0.1,0.0
hungarian,1703,default,75,6,6,42.0,0,2,37.111111111111114,nan,0,15,18,58,E1,6,15,0.1,0.0
no_coordination,1704,default,87,6,6,42.666666666666664,4,2,41.1,27.0,66,8,0,0,E1,6,15,0.1,0.0
claim,1704,default,87,6,6,42.666666666666664,4,2,41.1,27.0,66,8,10,10,E1,6,15,0.1,0.0
mas,1704,default,65,6,6,34.666666666666664,0,2,33.9,27.0,0,26,14,21,E1,6,15,0.1,0.0
mas_iterative,1704,default,65,6,6,34.333333333333336,0,2,33.6,27.0,0,26,14,21,E1,6,15,0.1,0.0
hungarian,1704,default,65,6,6,34.333333333333336,0,2,33.6,27.0,0,26,18,58,E1,6,15,0.1,0.0
no_coordination,1706,default,94,6,6,60.833333333333336,3,2,50.0,26.0,46,7,0,0,E1,6,15,0.1,0.0
claim,1706,default,73,6,6,50.333333333333336,0,2,42.4,26.0,0,10,6,6,E1,6,15,0.1,0.0
mas,1706,default,73,6,6,50.333333333333336,0,2,42.4,26.0,0,10,12,18,E1,6,15,0.1,0.0
mas_iterative,1706,default,73,6,6,50.333333333333336,0,2,42.4,26.0,0,10,12,18,E1,6,15,0.1,0.0
hungarian,1706,default,73,6,6,50.333333333333336,0,2,42.4,26.0,0,10,18,52,E1,6,15,0.1,0.0
no_coordination,1707,default,131,6,6,80.0,5,2,66.8,nan,88,9,0,0,E1,6,15,0.1,0.0
claim,1707,default,127,6,6,79.33333333333333,3,2,66.4,nan,81,35,9,9,E1,6,15,0.1,0.0
mas,1707,default,81,6,6,44.5,0,2,37.8,nan,0,24,14,21,E1,6,15,0.1,0.0
mas_iterative,1707,default,81,6,6,44.0,0,2,37.4,nan,0,24,14,21,E1,6,15,0.1,0.0
hungarian,1707,default,81,6,6,44.0,0,2,37.4,nan,0,24,18,56,E1,6,15,0.1,0.0
no_coordination,1708,default,103,6,6,59.0,4,2,51.46666666666667,nan,80,8,0,0,E1,6,15,0.1,0.0
claim,1708,default,67,6,6,44.0,0,2,40.13333333333333,nan,0,12,6,6,E1,6,15,0.1,0.0
mas,1708,default,67,6,6,44.0,0,2,40.13333333333333,nan,0,12,12,18,E1,6,15,0.1,0.0
mas_iterative,1708,default,67,6,6,44.0,0,2,40.13333333333333,nan,0,12,12,18,E1,6,15,0.1,0.0
hungarian,1708,default,67,6,6,44.0,0,2,40.13333333333333,nan,0,12,18,56,E1,6,15,0.1,0.0
no_coordination,1709,default,95,6,6,44.5,4,2,36.06666666666667,nan,52,8,0,0,E1,6,15,0.1,0.0
claim,1709,default,61,6,6,35.5,0,2,31.266666666666666,nan,0,9,6,6,E1,6,15,0.1,0.0
mas,1709,default,61,6,6,35.5,0,2,31.266666666666666,nan,0,9,12,18,E1,6,15,0.1,0.0
mas_iterative,1709,default,61,6,6,35.5,0,2,31.266666666666666,nan,0,9,12,18,E1,6,15,0.1,0.0
hungarian,1709,default,61,6,6,35.5,0,2,31.266666666666666,nan,0,9,18,56,E1,6,15,0.1,0.0
no_coordination,1710,default,109,6,6,56.666666666666664,5,2,49.375,20.0,72,9,0,0,E1,6,15,0.1,0.0
claim,1710,default,85,6,6,48.0,1,2,42.875,20.0,21,29,7,7,E1,6,15,0.1,0.0
mas,1710,default,80,6,6,42.5,0,2,39.4375,20.0,0,30,14,21,E1,6,15,0.1,0.0
mas_iterative,1710,default,79,6,6,42.0,0,2,39.0,20.0,0,28,16,24,E1,6,15,0.1,0.0
hungarian,1710,default,79,6,6,42.0,0,2,39.0,20.0,0,28,18,58,E1,6,15,0.1,0.0
no_coordination,1711,default,71,6,6,36.666666666666664,3,2,32.857142857142854,nan,18,7,0,0,E1,6,15,0.1,0.0
claim,1711,default,71,6,6,36.666666666666664,2,2,32.857142857142854,nan,18,30,8,8,E1,6,15,0.1,0.0
mas,1711,default,68,6,6,33.0,0,2,30.571428571428573,nan,0,38,14,21,E1,6,15,0.1,0.0
mas_iterative,1711,default,65,6,6,32.0,0,2,29.714285714285715,nan,0,34,14,21,E1,6,15,0.1,0.0
hungarian,1711,default,65,6,6,32.0,0,2,29.714285714285715,nan,0,34,18,58,E1,6,15,0.1,0.0
no_coordination,1712,default,74,6,6,37.666666666666664,4,2,36.0,nan,53,8,0,0,E1,6,15,0.1,0.0
claim,1712,default,74,6,6,37.666666666666664,4,2,36.0,nan,53,8,10,10,E1,6,15,0.1,0.0
mas,1712,default,58,6,6,31.5,0,2,30.733333333333334,nan,0,25,14,21,E1,6,15,0.1,0.0
mas_iterative,1712,default,58,6,6,31.333333333333332,0,2,30.533333333333335,nan,0,25,14,21,E1,6,15,0.1,0.0
hungarian,1712,default,58,6,6,31.333333333333332,0,2,30.533333333333335,nan,0,25,18,58,E1,6,15,0.1,0.0
no_coordination,1713,default,93,6,6,45.333333333333336,4,2,41.666666666666664,26.0,72,8,0,0,E1,6,15,0.1,0.0
claim,1713,default,93,6,6,45.333333333333336,4,2,41.666666666666664,26.0,72,8,10,10,E1,6,15,0.1,0.0
mas,1713,default,62,6,6,36.333333333333336,0,2,34.388888888888886,26.0,0,14,14,21,E1,6,15,0.1,0.0
mas_iterative,1713,default,61,6,6,36.0,0,2,34.111111111111114,26.0,0,12,14,21,E1,6,15,0.1,0.0
hungarian,1713,default,61,6,6,36.0,0,2,34.111111111111114,26.0,0,12,18,58,E1,6,15,0.1,0.0
no_coordination,1714,default,133,6,6,64.33333333333333,5,2,54.44444444444444,26.0,88,9,0,0,E1,6,15,0.1,0.0
claim,1714,default,97,6,6,52.333333333333336,1,2,46.111111111111114,26.0,21,33,7,7,E1,6,15,0.1,0.0
mas,1714,default,86,6,6,50.166666666666664,0,2,43.611111111111114,21.5,0,14,14,21,E1,6,15,0.1,0.0
mas_iterative,1714,default,85,6,6,49.666666666666664,0,2,43.111111111111114,21.0,0,12,14,21,E1,6,15,0.1,0.0
hungarian,1714,default,85,6,6,49.666666666666664,0,2,43.111111111111114,21.0,0,12,18,56,E1,6,15,0.1,0.0
no_coordination,1715,default,81,6,6,51.166666666666664,5,2,44.92307692307692,nan,68,9,0,0,E1,6,15,0.1,0.0
claim,1715,default,74,6,6,50.0,3,2,44.38461538461539,nan,49,12,9,9,E1,6,15,0.1,0.0
mas,1715,default,53,6,6,35.5,0,2,32.69230769230769,nan,0,6,14,21,E1,6,15,0.1,0.0
mas_iterative,1715,default,53,6,6,35.0,0,2,32.30769230769231,nan,0,6,16,24,E1,6,15,0.1,0.0
hungarian,1715,default,53,6,6,35.0,0,2,32.30769230769231,nan,0,6,18,58,E1,6,15,0.1,0.0
no_coordination,1716,default,133,6,6,67.0,5,2,51.07692307692308,20.0,84,9,0,0,E1,6,15,0.1,0.0
claim,1716,default,103,6,6,61.0,2,2,48.30769230769231,20.0,45,22,8,8,E1,6,15,0.1,0.0
mas,1716,default,92,6,6,46.833333333333336,0,2,36.92307692307692,20.0,0,36,14,21,E1,6,15,0.1,0.0
mas_iterative,1716,default,91,6,6,46.333333333333336,0,2,36.46153846153846,20.0,0,34,14,21,E1,6,15,0.1,0.0
hungarian,1716,default,91,6,6,46.333333333333336,0,2,36.46153846153846,20.0,0,34,18,56,E1,6,15,0.1,0.0
no_coordination,1717,default,81,6,6,48.0,3,2,42.8235294117647,20.0,40,7,0,0,E1,6,15,0.1,0.0
claim,1717,default,81,6,6,48.0,2,2,42.8235294117647,20.0,36,10,8,8,E1,6,15,0.1,0.0
mas,1717,default,70,6,6,41.0,0,2,37.0,20.0,0,14,14,21,E1,6,15,0.1,0.0
mas_iterative,1717,default,69,6,6,40.666666666666664,0,2,36.705882352941174,20.0,0,12,14,21,E1,6,15,0.1,0.0
hungarian,1717,default,69,6,6,40.666666666666664,0,2,36.705882352941174,20.0,0,12,18,58,E1,6,15,0.1,0.0
no_coordination,1718,default,138,6,6,69.66666666666667,5,2,58.38461538461539,nan,101,9,0,0,E1,6,15,0.1,0.0
claim,1718,default,95,6,6,56.666666666666664,1,2,49.69230769230769,nan,25,20,7,7,E1,6,15,0.1,0.0
mas,1718,default,73,6,6,43.5,0,2,38.69230769230769,nan,0,6,14,21,E1,6,15,0.1,0.0
mas_iterative,1718,default,73,6,6,43.0,0,2,38.30769230769231,nan,0,6,16,24,E1,6,15,0.1,0.0
hungarian,1718,default,73,6,6,43.0,0,2,38.30769230769231,nan,0,6,18,58,E1,6,15,0.1,0.0
no_coordination,1719,default,97,6,6,45.0,4,2,42.0,nan,47,8,0,0,E1,6,15,0.1,0.0
claim,1719,default,69,6,6,37.0,0,2,35.1764705882353,nan,0,20,6,6,E1,6,15,0.1,0.0
mas,1719,default,69,6,6,37.0,0,2,35.1764705882353,nan,0,20,12,18,E1,6,15,0.1,0.0
mas_iterative,1719,default,69,6,6,37.0,0,2,35.1764705882353,nan,0,20,12,18,E1,6,15,0.1,0.0
hungarian,1719,default,69,6,6,37.0,0,2,35.1764705882353,nan,0,20,18,56,E1,6,15,0.1,0.0
no_coordination,1720,default,78,6,6,51.666666666666664,5,2,49.125,nan,59,9,0,0,E1,6,15,0.1,0.0
claim,1720,default,63,6,6,46.0,1,2,44.5625,nan,29,14,7,7,E1,6,15,0.1,0.0
mas,1720,default,48,6,6,32.833333333333336,0,2,31.5,nan,0,12,14,21,E1,6,15,0.1,0.0
mas_iterative,1720,default,47,6,6,32.333333333333336,0,2,31.0,nan,0,10,14,21,E1,6,15,0.1,0.0
hungarian,1720,default,47,6,6,32.333333333333336,0,2,31.0,nan,0,10,18,56,E1,6,15,0.1,0.0
no_coordination,1721,default,94,6,6,49.166666666666664,4,2,39.8,24.0,69,8,0,0,E1,6,15,0.1,0.0
claim,1721,default,56,6,6,38.166666666666664,0,2,33.6,24.0,0,5,6,6,E1,6,15,0.1,0.0
mas,1721,default,56,6,6,38.166666666666664,0,2,33.6,24.0,0,5,12,18,E1,6,15,0.1,0.0
mas_iterative,1721,default,56,6,6,38.166666666666664,0,2,33.6,24.0,0,5,12,18,E1,6,15,0.1,0.0
hungarian,1721,default,56,6,6,38.166666666666664,0,2,33.6,24.0,0,5,18,56,E1,6,15,0.1,0.0
no_coordination,1722,default,153,6,6,81.66666666666667,6,2,65.41176470588235,33.0,153,10,0,0,E1,6,15,0.1,0.0
claim,1722,default,153,6,6,81.66666666666667,6,2,65.41176470588235,33.0,153,10,12,12,E1,6,15,0.1,0.0
mas,1722,default,80,6,6,43.833333333333336,0,2,36.294117647058826,25.0,0,20,14,21,E1,6,15,0.1,0.0
mas_iterative,1722,default,79,6,6,43.333333333333336,0,2,35.88235294117647,25.0,0,18,14,21,E1,6,15,0.1,0.0
hungarian,1722,default,79,6,6,43.333333333333336,0,2,35.88235294117647,25.0,0,18,18,56,E1,6,15,0.1,0.0
no_coordination,1723,default,87,6,6,50.5,3,2,39.666666666666664,20.0,37,7,0,0,E1,6,15,0.1,0.0
claim,1723,default,82,6,6,43.5,0,2,35.083333333333336,20.0,0,25,6,6,E1,6,15,0.1,0.0
mas,1723,default,82,6,6,43.5,0,2,35.083333333333336,20.0,0,25,12,18,E1,6,15,0.1,0.0
mas_iterative,1723,default,82,6,6,43.5,0,2,35.083333333333336,20.0,0,25,12,18,E1,6,15,0.1,0.0
hungarian,1723,default,82,6,6,43.5,0,2,35.083333333333336,20.0,0,25,18,56,E1,6,15,0.1,0.0
no_coordination,1724,default,127,6,6,60.0,4,2,52.0,20.0,67,8,0,0,E1,6,15,0.1,0.0
claim,1724,default,81,6,6,46.333333333333336,0,2,41.411764705882355,20.0,0,14,6,6,E1,6,15,0.1,0.0
mas,1724,default,81,6,6,46.333333333333336,0,2,41.411764705882355,20.0,0,14,12,18,E1,6,15,0.1,0.0
mas_iterative,1724,default,81,6,6,46.333333333333336,0,2,41.411764705882355,20.0,0,14,12,18,E1,6,15,0.1,0.0
hungarian,1724,default,81,6,6,46.333333333333336,0,2,41.411764705882355,20.0,0,14,18,56,E1,6,15,0.1,0.0
no_coordination,1725,default,115,6,6,73.0,5,2,63.142857142857146,34.0,82,9,0,0,E1,6,15,0.1,0.0
claim,1725,default,101,6,6,70.66666666666667,3,2,62.142857142857146,34.0,67,15,9,9,E1,6,15,0.1,0.0
mas,1725,default,63,6,6,37.166666666666664,0,2,32.285714285714285,20.0,0,12,14,21,E1,6,15,0.1,0.0
mas_iterative,1725,default,63,6,6,36.666666666666664,0,2,31.857142857142858,20.0,0,12,18,27,E1,6,15,0.1,0.0
hungarian,1725,default,63,6,6,36.666666666666664,0,2,31.857142857142858,20.0,0,12,18,60,E1,6,15,0.1,0.0
no_coordination,1726,default,118,6,6,50.0,4,2,40.46153846153846,nan,97,8,0,0,E1,6,15,0.1,0.0
claim,1726,default,118,6,6,50.0,4,2,40.46153846153846,nan,97,8,10,10,E1,6,15,0.1,0.0
mas,1726,default,78,6,6,38.666666666666664,0,2,33.07692307692308,nan,0,29,14,21,E1,6,15,0.1,0.0
mas_iterative,1726,default,77,6,6,38.333333333333336,0,2,32.84615384615385,nan,0,27,14,21,E1,6,15,0.1,0.0
hungarian,1726,default,77,6,6,38.333333333333336,0,2,32.84615384615385,nan,0,27,18,58,E1,6,15,0.1,0.0
no_coordination,1727,default,111,6,6,51.0,4,2,44.1,24.666666666666668,90,8,0,0,E1,6,15,0.1,0.0
claim,1727,default,111,6,6,51.0,4,2,44.1,24.666666666666668,90,8,10,10,E1,6,15,0.1,0.0
mas,1727,default,66,6,6,39.0,0,2,35.6,24.666666666666668,0,6,14,21,E1,6,15,0.1,0.0
mas_iterative,1727,default,65,6,6,38.666666666666664,0,2,35.3,24.666666666666668,0,4,14,21,E1,6,15,0.1,0.0
hungarian,1727,default,65,6,6,38.666666666666664,0,2,35.3,24.666666666666668,0,4,18,58,E1,6,15,0.1,0.0
no_coordination,1728,default,113,6,6,74.66666666666667,5,2,61.333333333333336,36.0,86,9,0,0,E1,6,15,0.1,0.0
claim,1728,default,105,6,6,73.33333333333333,3,2,60.666666666666664,36.0,77,21,9,9,E1,6,15,0.1,0.0
mas,1728,default,68,6,6,43.0,0,2,35.666666666666664,21.0,0,15,14,21,E1,6,15,0.1,0.0
mas_iterative,1728,default,68,6,6,42.5,0,2,35.25,21.0,0,15,14,21,E1,6,15,0.1,0.0
hungarian,1728,default,68,6,6,42.5,0,2,35.25,21.0,0,15,18,56,E1,6,15,0.1,0.0
no_coordination,1729,default,125,6,6,61.0,4,2,46.55555555555556,26.666666666666668,69,8,0,0,E1,6,15,0.1,0.0
claim,1729,default,89,6,6,47.333333333333336,1,2,38.77777777777778,26.666666666666668,30,5,7,7,E1,6,15,0.1,0.0
mas,1729,default,89,6,6,47.333333333333336,0,2,38.77777777777778,26.666666666666668,0,34,14,21,E1,6,15,0.1,0.0
mas_iterative,1729,default,89,6,6,47.333333333333336,0,2,38.77777777777778,26.666666666666668,0,34,14,21,E1,6,15,0.1,0.0
hungarian,1729,default,89,6,6,47.333333333333336,0,2,38.77777777777778,26.666666666666668,0,34,20,59,E1,6,15,0.1,0.0
no_coordination,1730,default,101,6,6,48.333333333333336,3,2,39.125,20.0,60,7,0,0,E1,6,15,0.1,0.0
claim,1730,default,87,6,6,46.0,1,2,38.25,20.0,12,25,7,7,E1,6,15,0.1,0.0
mas,1730,default,90,6,6,45.666666666666664,0,2,37.125,20.0,0,36,14,21,E1,6,15,0.1,0.0
mas_iterative,1730,default,89,6,6,45.333333333333336,0,2,36.875,20.0,0,34,14,21,E1,6,15,0.1,0.0
hungarian,1730,default,89,6,6,45.333333333333336,0,2,36.875,20.0,0,34,18,58,E1,6,15,0.1,0.0
no_coordination,1731,default,93,6,6,49.666666666666664,3,2,40.285714285714285,20.0,19,7,0,0,E1,6,15,0.1,0.0
claim,1731,default,91,6,6,49.333333333333336,1,2,40.142857142857146,20.0,16,29,7,7,E1,6,15,0.1,0.0
mas,1731,default,76,6,6,45.333333333333336,0,2,37.785714285714285,20.0,0,8,14,21,E1,6,15,0.1,0.0
mas_iterative,1731,default,75,6,6,45.0,0,2,37.57142857142857,20.0,0,6,14,21,E1,6,15,0.1,0.0
hungarian,1731,default,75,6,6,45.0,0,2,37.57142857142857,20.0,0,6,18,58,E1,6,15,0.1,0.0
no_coordination,1732,default,121,6,6,61.333333333333336,5,2,48.25,21.0,100,9,0,0,E1,6,15,0.1,0.0
claim,1732,default,81,6,6,45.666666666666664,1,2,38.25,21.0,20,5,7,7,E1,6,15,0.1,0.0
mas,1732,default,81,6,6,45.666666666666664,0,2,38.25,21.0,0,24,14,21,E1,6,15,0.1,0.0
mas_iterative,1732,default,81,6,6,45.666666666666664,0,2,38.25,21.0,0,24,14,21,E1,6,15,0.1,0.0
hungarian,1732,default,81,6,6,45.666666666666664,0,2,38.25,21.0,0,24,20,59,E1,6,15,0.1,0.0
no_coordination,1733,default,106,6,6,45.0,4,2,36.470588235294116,20.0,85,8,0,0,E1,6,15,0.1,0.0
claim,1733,default,106,6,6,45.0,4,2,36.470588235294116,20.0,85,8,10,10,E1,6,15,0.1,0.0
mas,1733,default,68,6,6,36.666666666666664,0,2,32.11764705882353,20.0,0,13,14,21,E1,6,15,0.1,0.0
mas_iterative,1733,default,67,6,6,36.333333333333336,0,2,31.88235294117647,20.0,0,11,14,21,E1,6,15,0.1,0.0
hungarian,1733,default,67,6,6,36.333333333333336,0,2,31.88235294117647,20.0,0,11,18,58,E1,6,15,0.1,0.0
no_coordination,1734,default,77,6,6,50.0,3,2,43.42857142857143,28.0,57,7,0,0,E1,6,15,0.1,0.0
claim,1734,default,77,6,6,50.0,3,2,43.42857142857143,28.0,57,7,9,9,E1,6,15,0.1,0.0
mas,1734,default,50,6,6,33.833333333333336,0,2,29.285714285714285,20.0,0,10,14,21,E1,6,15,0.1,0.0
mas_iterative,1734,default,49,6,6,33.333333333333336,0,2,28.857142857142858,20.0,0,8,16,24,E1,6,15,0.1,0.0
hungarian,1734,default,49,6,6,33.333333333333336,0,2,28.857142857142858,20.0,0,8,18,58,E1,6,15,0.1,0.0
no_coordination,1735,default,121,6,6,75.83333333333333,5,2,63.57142857142857,26.0,100,9,0,0,E1,6,15,0.1,0.0
claim,1735,default,112,6,6,74.33333333333333,3,2,62.92857142857143,26.0,71,18,9,9,E1,6,15,0.1,0.0
mas,1735,default,75,6,6,46.166666666666664,0,2,39.142857142857146,20.0,0,10,14,21,E1,6,15,0.1,0.0
mas_iterative,1735,default,75,6,6,45.666666666666664,0,2,38.714285714285715,20.0,0,10,14,21,E1,6,15,0.1,0.0
hungarian,1735,default,75,6,6,45.666666666666664,0,2,38.714285714285715,20.0,0,10,18,56,E1,6,15,0.1,0.0
no_coordination,1736,default,137,6,6,66.0,4,2,48.625,20.0,116,8,0,0,E1,6,15,0.1,0.0
claim,1736,default,137,6,6,66.0,4,2,48.625,20.0,116,8,10,10,E1,6,15,0.1,0.0
mas,1736,default,81,6,6,48.0,0,2,38.8125,20.0,0,8,14,21,E1,6,15,0.1,0.0
mas_iterative,1736,default,81,6,6,47.666666666666664,0,2,38.625,20.0,0,8,14,21,E1,6,15,0.1,0.0
hungarian,1736,default,81,6,6,47.666666666666664,0,2,38.625,20.0,0,8,18,58,E1,6,15,0.1,0.0
no_coordination,1737,default,52,6,6,32.0,5,2,27.0,nan,39,9,0,0,E1,6,15,0.1,0.0
claim,1737,default,40,6,6,27.333333333333332,1,2,24.666666666666668,nan,18,10,7,7,E1,6,15,0.1,0.0
mas,1737,default,36,6,6,24.166666666666668,0,2,21.583333333333332,nan,0,10,16,24,E1,6,15,0.1,0.0
mas_iterative,1737,default,35,6,6,23.5,0,2,21.083333333333332,nan,0,8,16,24,E1,6,15,0.1,0.0
hungarian,1737,default,35,6,6,23.5,0,2,21.083333333333332,nan,0,8,18,58,E1,6,15,0.1,0.0
no_coordination,1738,default,103,6,6,55.5,4,2,46.642857142857146,nan,62,8,0,0,E1,6,15,0.1,0.0
claim,1738,default,69,6,6,40.833333333333336,0,2,36.5,nan,0,17,6,6,E1,6,15,0.1,0.0
mas,1738,default,69,6,6,40.833333333333336,0,2,36.5,nan,0,17,12,18,E1,6,15,0.1,0.0
mas_iterative,1738,default,69,6,6,40.833333333333336,0,2,36.5,nan,0,17,12,18,E1,6,15,0.1,0.0
hungarian,1738,default,69,6,6,40.833333333333336,0,2,36.5,nan,0,17,18,56,E1,6,15,0.1,0.0
no_coordination,1739,default,71,6,6,45.0,3,2,37.125,20.0,33,7,0,0,E1,6,15,0.1,0.0
claim,1739,default,63,6,6,43.666666666666664,1,2,36.625,20.0,24,5,7,7,E1,6,15,0.1,0.0
mas,1739,default,58,6,6,37.333333333333336,0,2,32.5,20.0,0,10,14,21,E1,6,15,0.1,0.0
mas_iterative,1739,default,57,6,6,37.0,0,2,32.25,20.0,0,8,14,21,E1,6,15,0.1,0.0
hungarian,1739,default,57,6,6,37.0,0,2,32.25,20.0,0,8,18,58,E1,6,15,0.1,0.0
no_coordination,1740,default,109,6,6,60.333333333333336,6,2,48.0,28.0,109,10,0,0,E1,6,15,0.1,0.0
claim,1740,default,109,6,6,60.333333333333336,6,2,48.0,28.0,109,10,12,12,E1,6,15,0.1,0.0
mas,1740,default,64,6,6,37.5,0,2,30.8125,20.5,0,18,14,21,E1,6,15,0.1,0.0
mas_iterative,1740,default,63,6,6,37.0,0,2,30.375,20.0,0,16,16,24,E1,6,15,0.1,0.0
hungarian,1740,default,63,6,6,37.0,0,2,30.375,20.0,0,16,18,58,E1,6,15,0.1,0.0
no_coordination,1741,default,82,6,6,51.833333333333336,5,2,42.77777777777778,nan,59,9,0,0,E1,6,15,0.1,0.0
claim,1741,default,82,6,6,51.833333333333336,4,2,42.77777777777778,nan,59,15,10,10,E1,6,15,0.1,0.0
mas,1741,default,70,6,6,38.833333333333336,0,2,33.333333333333336,nan,0,28,14,21,E1,6,15,0.1,0.0
mas_iterative,1741,default,69,6,6,38.333333333333336,0,2,32.888888888888886,nan,0,26,14,21,E1,6,15,0.1,0.0
hungarian,1741,default,69,6,6,38.333333333333336,0,2,32.888888888888886,nan,0,26,18,56,E1,6,15,0.1,0.0
no_coordination,1742,default,122,6,6,68.33333333333333,5,2,57.4375,28.0,89,9,0,0,E1,6,15,0.1,0.0
claim,1742,default,91,6,6,57.333333333333336,1,2,50.4375,28.0,29,22,7,7,E1,6,15,0.1,0.0
mas,1742,default,74,6,6,41.5,0,2,35.3125,20.0,0,22,14,21,E1,6,15,0.1,0.0
mas_iterative,1742,default,73,6,6,41.0,0,2,34.875,20.0,0,20,16,24,E1,6,15,0.1,0.0
hungarian,1742,default,73,6,6,41.0,0,2,34.875,20.0,0,20,18,58,E1,6,15,0.1,0.0
no_coordination,1743,default,132,6,6,73.66666666666667,5,2,59.5,28.0,111,9,0,0,E1,6,15,0.1,0.0
claim,1743,default,129,6,6,73.16666666666667,3,2,59.2,28.0,70,42,9,9,E1,6,15,0.1,0.0
mas,1743,default,83,6,6,42.833333333333336,0,2,38.3,22.0,0,27,14,21,E1,6,15,0.1,0.0
mas_iterative,1743,default,82,6,6,42.166666666666664,0,2,37.9,22.0,0,25,14,21,E1,6,15,0.1,0.0
hungarian,1743,default,86,6,6,43.833333333333336,0,2,36.7,28.0,0,29,18,56,E1,6,15,0.1,0.0
no_coordination,1744,default,95,6,6,62.166666666666664,5,2,54.733333333333334,34.0,80,9,0,0,E1,6,15,0.1,0.0
claim,1744,default,73,6,6,56.166666666666664,1,2,51.46666666666667,34.0,35,6,7,7,E1,6,15,0.1,0.0
mas,1744,default,55,6,6,37.5,0,2,33.4,20.0,0,6,14,21,E1,6,15,0.1,0.0
mas_iterative,1744,default,55,6,6,36.0,0,2,32.0,20.0,0,8,16,24,E1,6,15,0.1,0.0
hungarian,1744,default,55,6,6,36.0,0,2,32.0,20.0,0,8,18,58,E1,6,15,0.1,0.0
no_coordination,1745,default,69,6,6,36.0,3,2,32.0,nan,13,7,0,0,E1,6,15,0.1,0.0
claim,1745,default,65,6,6,35.333333333333336,1,2,31.666666666666668,nan,8,27,7,7,E1,6,15,0.1,0.0
mas,1745,default,58,6,6,33.333333333333336,0,2,30.25,nan,0,18,14,21,E1,6,15,0.1,0.0
mas_iterative,1745,default,57,6,6,33.0,0,2,30.0,nan,0,16,14,21,E1,6,15,0.1,0.0
hungarian,1745,default,57,6,6,33.0,0,2,30.0,nan,0,16,18,58,E1,6,15,0.1,0.0
no_coordination,1746,default,77,6,6,51.0,3,2,44.857142857142854,nan,39,7,0,0,E1,6,15,0.1,0.0
claim,1746,default,73,6,6,50.0,1,2,44.42857142857143,nan,32,7,7,7,E1,6,15,0.1,0.0
mas,1746,default,57,6,6,39.666666666666664,0,2,36.57142857142857,nan,0,6,14,21,E1,6,15,0.1,0.0
mas_iterative,1746,default,57,6,6,39.333333333333336,0,2,36.285714285714285,nan,0,6,14,21,E1,6,15,0.1,0.0
hungarian,1746,default,57,6,6,39.333333333333336,0,2,36.285714285714285,nan,0,6,18,58,E1,6,15,0.1,0.0
no_coordination,1747,default,125,6,6,66.66666666666667,5,2,57.0,32.0,72,9,0,0,E1,6,15,0.1,0.0
claim,1747,default,107,6,6,61.333333333333336,2,2,53.875,32.0,41,40,8,8,E1,6,15,0.1,0.0
mas,1747,default,90,6,6,47.333333333333336,0,2,41.5625,22.5,0,34,14,21,E1,6,15,0.1,0.0
mas_iterative,1747,default,89,6,6,46.666666666666664,0,2,41.0,22.0,0,32,14,21,E1,6,15,0.1,0.0
hungarian,1747,default,89,6,6,46.666666666666664,0,2,41.0,22.0,0,32,18,56,E1,6,15,0.1,0.0
no_coordination,1748,default,109,6,6,55.0,4,2,43.333333333333336,22.0,65,8,0,0,E1,6,15,0.1,0.0
claim,1748,default,73,6,6,44.0,0,2,36.93333333333333,22.0,0,14,6,6,E1,6,15,0.1,0.0
mas,1748,default,73,6,6,44.0,0,2,36.93333333333333,22.0,0,14,12,18,E1,6,15,0.1,0.0
mas_iterative,1748,default,73,6,6,44.0,0,2,36.93333333333333,22.0,0,14,12,18,E1,6,15,0.1,0.0
hungarian,1748,default,73,6,6,44.0,0,2,36.93333333333333,22.0,0,14,18,56,E1,6,15,0.1,0.0
no_coordination,1749,default,129,6,6,69.66666666666667,6,2,56.72727272727273,nan,129,10,0,0,E1,6,15,0.1,0.0
claim,1749,default,129,6,6,69.66666666666667,6,2,56.72727272727273,nan,129,10,12,12,E1,6,15,0.1,0.0
mas,1749,default,68,6,6,41.5,0,2,34.63636363636363,nan,0,8,14,21,E1,6,15,0.1,0.0
mas_iterative,1749,default,67,6,6,41.0,0,2,34.18181818181818,nan,0,6,16,24,E1,6,15,0.1,0.0
hungarian,1749,default,67,6,6,41.0,0,2,34.18181818181818,nan,0,6,18,58,E1,6,15,0.1,0.0
no_coordination,1750,default,119,6,6,56.0,4,2,46.0,nan,96,8,0,0,E1,6,15,0.1,0.0
claim,1750,default,119,6,6,56.0,4,2,46.0,nan,96,8,10,10,E1,6,15,0.1,0.0
mas,1750,default,80,6,6,44.0,0,2,37.92307692307692,nan,0,22,14,21,E1,6,15,0.1,0.0
mas_iterative,1750,default,79,6,6,43.666666666666664,0,2,37.69230769230769,nan,0,20,14,21,E1,6,15,0.1,0.0
hungarian,1750,default,79,6,6,43.666666666666664,0,2,37.69230769230769,nan,0,20,18,58,E1,6,15,0.1,0.0
no_coordination,1751,default,115,6,6,53.333333333333336,4,2,42.25,22.0,63,8,0,0,E1,6,15,0.1,0.0
claim,1751,default,79,6,6,46.833333333333336,1,2,39.625,22.0,23,8,7,7,E1,6,15,0.1,0.0
mas,1751,default,87,6,6,43.5,0,2,35.9375,22.0,0,33,14,21,E1,6,15,0.1,0.0
mas_iterative,1751,default,87,6,6,43.0,0,2,35.4375,22.0,0,33,14,21,E1,6,15,0.1,0.0
hungarian,1751,default,73,6,6,38.333333333333336,0,2,31.9375,22.0,0,19,18,56,E1,6,15,0.1,0.0
no_coordination,1752,default,117,6,6,56.5,4,2,43.2,21.5,68,9,0,0,E1,6,15,0.1,0.0
claim,1752,default,68,6,6,42.166666666666664,0,2,35.06666666666667,21.5,0,5,6,6,E1,6,15,0.1,0.0
mas,1752,default,68,6,6,42.166666666666664,0,2,35.06666666666667,21.5,0,5,12,18,E1,6,15,0.1,0.0
mas_iterative,1752,default,68,6,6,42.166666666666664,0,2,35.06666666666667,21.5,0,5,12,18,E1,6,15,0.1,0.0
hungarian,1752,default,68,6,6,42.166666666666664,0,2,35.06666666666667,21.5,0,5,18,56,E1,6,15,0.1,0.0
no_coordination,1753,default,116,6,6,55.5,4,2,52.1,40.0,56,8,0,0,E1,6,15,0.1,0.0
claim,1753,default,81,6,6,43.5,0,2,41.45,34.333333333333336,0,27,6,6,E1,6,15,0.1,0.0
mas,1753,default,81,6,6,43.5,0,2,41.45,34.333333333333336,0,27,12,18,E1,6,15,0.1,0.0
mas_iterative,1753,default,81,6,6,43.5,0,2,41.45,34.333333333333336,0,27,12,18,E1,6,15,0.1,0.0
hungarian,1753,default,81,6,6,43.5,0,2,41.45,34.333333333333336,0,27,18,56,E1,6,15,0.1,0.0
no_coordination,1754,default,97,6,6,49.5,4,2,47.53846153846154,nan,82,8,0,0,E1,6,15,0.1,0.0
claim,1754,default,87,6,6,46.666666666666664,1,2,44.92307692307692,nan,25,42,7,7,E1,6,15,0.1,0.0
mas,1754,default,78,6,6,40.166666666666664,0,2,38.76923076923077,nan,0,38,14,21,E1,6,15,0.1,0.0
mas_iterative,1754,default,77,6,6,39.666666666666664,0,2,38.30769230769231,nan,0,36,14,21,E1,6,15,0.1,0.0
hungarian,1754,default,61,6,6,35.833333333333336,0,2,34.92307692307692,nan,0,21,18,56,E1,6,15,0.1,0.0
no_coordination,1755,default,94,6,6,50.833333333333336,4,2,41.833333333333336,nan,55,9,0,0,E1,6,15,0.1,0.0
claim,1755,default,74,6,6,47.333333333333336,2,2,40.083333333333336,nan,33,13,8,8,E1,6,15,0.1,0.0
mas,1755,default,66,6,6,38.833333333333336,0,2,32.333333333333336,nan,0,16,14,21,E1,6,15,0.1,0.0
mas_iterative,1755,default,65,6,6,38.333333333333336,0,2,31.833333333333332,nan,0,14,16,24,E1,6,15,0.1,0.0
hungarian,1755,default,65,6,6,38.333333333333336,0,2,31.833333333333332,nan,0,14,18,58,E1,6,15,0.1,0.0
no_coordination,1756,default,113,6,6,53.0,4,2,43.733333333333334,nan,92,8,0,0,E1,6,15,0.1,0.0
claim,1756,default,113,6,6,53.0,4,2,43.733333333333334,nan,92,8,10,10,E1,6,15,0.1,0.0
mas,1756,default,84,6,6,42.0,0,2,36.0,nan,0,38,14,21,E1,6,15,0.1,0.0
mas_iterative,1756,default,83,6,6,41.666666666666664,0,2,35.733333333333334,nan,0,36,14,21,E1,6,15,0.1,0.0
hungarian,1756,default,83,6,6,41.666666666666664,0,2,35.733333333333334,nan,0,36,18,58,E1,6,15,0.1,0.0
no_coordination,1757,default,125,6,6,68.66666666666667,5,2,52.333333333333336,22.0,78,9,0,0,E1,6,15,0.1,0.0
claim,1757,default,115,6,6,67.0,3,2,51.5,22.0,67,37,9,9,E1,6,15,0.1,0.0
mas,1757,default,87,6,6,42.166666666666664,0,2,33.416666666666664,20.0,0,40,14,21,E1,6,15,0.1,0.0
mas_iterative,1757,default,87,6,6,41.666666666666664,0,2,33.0,20.0,0,40,16,24,E1,6,15,0.1,0.0
hungarian,1757,default,87,6,6,41.666666666666664,0,2,33.0,20.0,0,40,18,58,E1,6,15,0.1,0.0
no_coordination,1758,default,117,6,6,53.0,4,2,41.375,20.0,96,8,0,0,E1,6,15,0.1,0.0
claim,1758,default,117,6,6,53.0,4,2,41.375,20.0,96,8,10,10,E1,6,15,0.1,0.0
mas,1758,default,72,6,6,41.0,0,2,34.375,20.0,0,10,14,21,E1,6,15,0.1,0.0
mas_iterative,1758,default,71,6,6,40.666666666666664,0,2,34.125,20.0,0,8,16,24,E1,6,15,0.1,0.0
hungarian,1758,default,71,6,6,40.666666666666664,0,2,34.125,20.0,0,8,18,60,E1,6,15,0.1,0.0
no_coordination,1759,default,95,6,6,54.0,3,2,40.61538461538461,20.0,48,7,0,0,E1,6,15,0.1,0.0
claim,1759,default,95,6,6,54.0,2,2,40.61538461538461,20.0,48,14,8,8,E1,6,15,0.1,0.0
mas,1759,default,88,6,6,45.0,0,2,35.30769230769231,20.0,0,38,14,21,E1,6,15,0.1,0.0
mas_iterative,1759,default,87,6,6,44.666666666666664,0,2,35.07692307692308,20.0,0,36,14,21,E1,6,15,0.1,0.0
hungarian,1759,default,87,6,6,44.666666666666664,0,2,35.07692307692308,20.0,0,36,18,58,E1,6,15,0.1,0.0
no_coordination,1760,default,127,6,6,58.666666666666664,4,2,46.72727272727273,nan,102,8,0,0,E1,6,15,0.1,0.0
claim,1760,default,89,6,6,46.333333333333336,0,2,38.72727272727273,nan,0,30,6,6,E1,6,15,0.1,0.0
mas,1760,default,89,6,6,46.333333333333336,0,2,38.72727272727273,nan,0,30,12,18,E1,6,15,0.1,0.0
mas_iterative,1760,default,89,6,6,46.333333333333336,0,2,38.72727272727273,nan,0,30,12,18,E1,6,15,0.1,0.0
hungarian,1760,default,89,6,6,46.333333333333336,0,2,38.72727272727273,nan,0,30,18,56,E1,6,15,0.1,0.0
no_coordination,1761,default,72,6,6,46.833333333333336,3,2,40.333333333333336,20.0,31,7,0,0,E1,6,15,0.1,0.0
claim,1761,default,83,6,6,45.666666666666664,1,2,40.666666666666664,20.0,21,35,7,7,E1,6,15,0.1,0.0
mas,1761,default,63,6,6,39.0,0,2,33.166666666666664,20.0,0,18,14,21,E1,6,15,0.1,0.0
mas_iterative,1761,default,63,6,6,38.666666666666664,0,2,32.833333333333336,20.0,0,18,18,27,E1,6,15,0.1,0.0
hungarian,1761,default,63,6,6,38.666666666666664,0,2,32.833333333333336,20.0,0,18,20,61,E1,6,15,0.1,0.0
no_coordination,1762,default,80,6,6,47.166666666666664,3,2,43.833333333333336,nan,39,7,0,0,E1,6,15,0.1,0.0
claim,1762,default,79,6,6,44.333333333333336,1,2,42.333333333333336,nan,23,29,7,7,E1,6,15,0.1,0.0
mas,1762,default,68,6,6,37.0,0,2,35.916666666666664,nan,0,22,14,21,E1,6,15,0.1,0.0
mas_iterative,1762,default,67,6,6,36.333333333333336,0,2,35.333333333333336,nan,0,20,14,21,E1,6,15,0.1,0.0
hungarian,1762,default,67,6,6,36.333333333333336,0,2,35.333333333333336,nan,0,20,18,56,E1,6,15,0.1,0.0
no_coordination,1763,default,71,6,6,43.0,4,2,38.22222222222222,22.0,46,8,0,0,E1,6,15,0.1,0.0
claim,1763,default,49,6,6,34.0,0,2,31.88888888888889,22.0,0,6,6,6,E1,6,15,0.1,0.0
mas,1763,default,49,6,6,34.0,0,2,31.88888888888889,22.0,0,6,12,18,E1,6,15,0.1,0.0
mas_iterative,1763,default,49,6,6,34.0,0,2,31.88888888888889,22.0,0,6,12,18,E1,6,15,0.1,0.0
hungarian,1763,default,49,6,6,34.0,0,2,31.88888888888889,22.0,0,6,18,56,E1,6,15,0.1,0.0
no_coordination,1764,default,120,6,6,82.83333333333333,5,2,70.58333333333333,nan,101,9,0,0,E1,6,15,0.1,0.0
claim,1764,default,120,6,6,82.83333333333333,4,2,70.58333333333333,nan,101,11,10,10,E1,6,15,0.1,0.0
mas,1764,default,81,6,6,46.333333333333336,0,2,39.416666666666664,nan,0,30,14,21,E1,6,15,0.1,0.0
mas_iterative,1764,default,81,6,6,46.0,0,2,39.0,nan,0,30,16,24,E1,6,15,0.1,0.0
hungarian,1764,default,79,6,6,45.333333333333336,0,2,38.666666666666664,nan,0,26,18,56,E1,6,15,0.1,0.0
no_coordination,1765,default,137,6,6,62.5,4,2,51.470588235294116,22.0,76,8,0,0,E1,6,15,0.1,0.0
claim,1765,default,86,6,6,47.833333333333336,0,2,41.94117647058823,22.0,0,15,6,6,E1,6,15,0.1,0.0
mas,1765,default,86,6,6,47.833333333333336,0,2,41.94117647058823,22.0,0,15,12,18,E1,6,15,0.1,0.0
mas_iterative,1765,default,86,6,6,47.833333333333336,0,2,41.94117647058823,22.0,0,15,12,18,E1,6,15,0.1,0.0
hungarian,1765,default,86,6,6,47.833333333333336,0,2,41.94117647058823,22.0,0,15,18,56,E1,6,15,0.1,0.0
no_coordination,1766,default,129,6,6,65.33333333333333,4,2,52.714285714285715,nan,106,8,0,0,E1,6,15,0.1,0.0
claim,1766,default,79,6,6,48.0,0,2,41.42857142857143,nan,0,8,6,6,E1,6,15,0.1,0.0
mas,1766,default,79,6,6,48.0,0,2,41.42857142857143,nan,0,8,12,18,E1,6,15,0.1,0.0
mas_iterative,1766,default,79,6,6,48.0,0,2,41.42857142857143,nan,0,8,12,18,E1,6,15,0.1,0.0
hungarian,1766,default,79,6,6,48.0,0,2,41.42857142857143,nan,0,8,18,56,E1,6,15,0.1,0.0
no_coordination,1767,default,86,6,6,41.0,4,2,36.6,26.333333333333332,46,8,0,0,E1,6,15,0.1,0.0
claim,1767,default,68,6,6,37.333333333333336,1,2,34.2,26.333333333333332,21,23,7,7,E1,6,15,0.1,0.0
mas,1767,default,75,6,6,37.166666666666664,0,2,33.8,27.0,0,35,14,21,E1,6,15,0.1,0.0
mas_iterative,1767,default,75,6,6,36.666666666666664,0,2,33.3,26.666666666666668,0,35,16,24,E1,6,15,0.1,0.0
hungarian,1767,default,75,6,6,36.666666666666664,0,2,33.3,26.666666666666668,0,35,18,58,E1,6,15,0.1,0.0
no_coordination,1768,default,141,6,6,69.33333333333333,5,2,53.88235294117647,24.0,81,9,0,0,E1,6,15,0.1,0.0
claim,1768,default,95,6,6,50.666666666666664,0,2,41.529411764705884,24.0,0,32,6,6,E1,6,15,0.1,0.0
mas,1768,default,95,6,6,50.666666666666664,0,2,41.529411764705884,24.0,0,32,12,18,E1,6,15,0.1,0.0
mas_iterative,1768,default,95,6,6,50.666666666666664,0,2,41.529411764705884,24.0,0,32,12,18,E1,6,15,0.1,0.0
hungarian,1768,default,95,6,6,50.666666666666664,0,2,41.529411764705884,24.0,0,32,18,56,E1,6,15,0.1,0.0
no_coordination,1769,default,99,6,6,53.0,5,2,42.23529411764706,21.0,63,9,0,0,E1,6,15,0.1,0.0
claim,1769,default,61,6,6,39.666666666666664,0,2,34.11764705882353,21.0,0,6,6,6,E1,6,15,0.1,0.0
mas,1769,default,61,6,6,39.666666666666664,0,2,34.11764705882353,21.0,0,6,12,18,E1,6,15,0.1,0.0
mas_iterative,1769,default,61,6,6,39.666666666666664,0,2,34.11764705882353,21.0,0,6,12,18,E1,6,15,0.1,0.0
hungarian,1769,default,61,6,6,39.666666666666664,0,2,34.11764705882353,21.0,0,6,18,56,E1,6,15,0.1,0.0
no_coordination,1770,default,104,6,6,53.666666666666664,5,2,44.714285714285715,nan,79,9,0,0,E1,6,15,0.1,0.0
claim,1770,default,73,6,6,42.333333333333336,1,2,38.142857142857146,nan,21,18,7,7,E1,6,15,0.1,0.0
mas,1770,default,72,6,6,41.5,0,2,37.357142857142854,nan,0,18,14,21,E1,6,15,0.1,0.0
mas_iterative,1770,default,71,6,6,41.0,0,2,36.857142857142854,nan,0,16,14,21,E1,6,15,0.1,0.0
hungarian,1770,default,71,6,6,41.0,0,2,36.857142857142854,nan,0,16,18,56,E1,6,15,0.1,0.0
no_coordination,1771,default,83,6,6,41.833333333333336,2,2,37.5,28.0,9,7,0,0,E1,6,15,0.1,0.0
claim,1771,default,77,6,6,40.333333333333336,0,2,36.375,28.0,0,28,6,6,E1,6,15,0.1,0.0
mas,1771,default,77,6,6,40.333333333333336,0,2,36.375,28.0,0,28,12,18,E1,6,15,0.1,0.0
mas_iterative,1771,default,77,6,6,40.333333333333336,0,2,36.375,28.0,0,28,12,18,E1,6,15,0.1,0.0
hungarian,1771,default,77,6,6,40.333333333333336,0,2,36.375,28.0,0,28,18,56,E1,6,15,0.1,0.0
no_coordination,1772,default,133,6,6,64.5,4,2,54.05882352941177,22.0,116,8,0,0,E1,6,15,0.1,0.0
claim,1772,default,93,6,6,55.0,1,2,48.705882352941174,22.0,23,16,7,7,E1,6,15,0.1,0.0
mas,1772,default,89,6,6,51.5,0,2,45.470588235294116,22.0,0,10,14,21,E1,6,15,0.1,0.0
mas_iterative,1772,default,89,6,6,51.0,0,2,44.94117647058823,22.0,0,10,14,21,E1,6,15,0.1,0.0
hungarian,1772,default,89,6,6,50.666666666666664,0,2,44.588235294117645,22.0,0,12,18,58,E1,6,15,0.1,0.0
no_coordination,1773,default,55,6,6,33.5,3,2,31.954545454545453,25.0,17,7,0,0,E1,6,15,0.1,0.0
claim,1773,default,55,6,6,33.5,2,2,31.954545454545453,25.0,17,13,8,8,E1,6,15,0.1,0.0
mas,1773,default,58,6,6,31.333333333333332,0,2,30.09090909090909,24.5,0,27,14,21,E1,6,15,0.1,0.0
mas_iterative,1773,default,58,6,6,31.166666666666668,0,2,29.90909090909091,24.25,0,27,14,21,E1,6,15,0.1,0.0
hungarian,1773,default,58,6,6,31.166666666666668,0,2,29.90909090909091,24.25,0,27,18,58,E1,6,15,0.1,0.0
no_coordination,1774,default,61,6,6,36.333333333333336,3,2,33.714285714285715,26.5,30,7,0,0,E1,6,15,0.1,0.0
claim,1774,default,61,6,6,36.333333333333336,2,2,33.714285714285715,26.5,22,14,8,8,E1,6,15,0.1,0.0
mas,1774,default,59,6,6,34.833333333333336,0,2,32.0,25.75,0,15,14,21,E1,6,15,0.1,0.0
mas_iterative,1774,default,58,6,6,34.5,0,2,31.714285714285715,25.5,0,13,14,21,E1,6,15,0.1,0.0
hungarian,1774,default,58,6,6,34.5,0,2,31.714285714285715,25.5,0,13,18,58,E1,6,15,0.1,0.0
no_coordination,1775,default,89,6,6,51.666666666666664,4,2,44.8,nan,68,8,0,0,E1,6,15,0.1,0.0
claim,1775,default,89,6,6,51.666666666666664,4,2,44.8,nan,68,8,10,10,E1,6,15,0.1,0.0
mas,1775,default,55,6,6,38.0,0,2,35.2,nan,0,8,14,21,E1,6,15,0.1,0.0
mas_iterative,1775,default,55,6,6,37.666666666666664,0,2,34.93333333333333,nan,0,8,14,21,E1,6,15,0.1,0.0
hungarian,1775,default,55,6,6,37.666666666666664,0,2,34.93333333333333,nan,0,8,18,58,E1,6,15,0.1,0.0
no_coordination,1776,default,95,6,6,45.833333333333336,3,2,40.214285714285715,20.0,63,7,0,0,E1,6,15,0.1,0.0
claim,1776,default,84,6,6,44.0,1,2,38.642857142857146,20.0,16,30,7,7,E1,6,15,0.1,0.0
mas,1776,default,75,6,6,42.333333333333336,0,2,36.214285714285715,20.0,0,18,14,21,E1,6,15,0.1,0.0
mas_iterative,1776,default,75,6,6,42.0,0,2,36.0,20.0,0,18,14,21,E1,6,15,0.1,0.0
hungarian,1776,default,75,6,6,42.0,0,2,36.0,20.0,0,18,18,58,E1,6,15,0.1,0.0
no_coordination,1777,default,89,6,6,50.333333333333336,4,2,47.142857142857146,nan,71,8,0,0,E1,6,15,0.1,0.0
claim,1777,default,83,6,6,49.333333333333336,2,2,46.285714285714285,nan,37,28,8,8,E1,6,15,0.1,0.0
mas,1777,default,66,6,6,37.5,0,2,35.07142857142857,nan,0,16,14,21,E1,6,15,0.1,0.0
mas_iterative,1777,default,65,6,6,37.0,0,2,34.57142857142857,nan,0,14,16,24,E1,6,15,0.1,0.0
hungarian,1777,default,65,6,6,37.0,0,2,34.57142857142857,nan,0,14,18,58,E1,6,15,0.1,0.0
no_coordination,1778,default,112,6,6,56.666666666666664,5,2,43.38461538461539,26.0,73,9,0,0,E1,6,15,0.1,0.0
claim,1778,default,87,6,6,49.666666666666664,1,2,40.15384615384615,26.0,27,24,7,7,E1,6,15,0.1,0.0
mas,1778,default,78,6,6,40.5,0,2,31.46153846153846,20.0,0,26,14,21,E1,6,15,0.1,0.0
mas_iterative,1778,default,77,6,6,40.0,0,2,31.076923076923077,20.0,0,24,14,21,E1,6,15,0.1,0.0
hungarian,1778,default,77,6,6,40.0,0,2,31.076923076923077,20.0,0,24,18,56,E1,6,15,0.1,0.0
no_coordination,1779,default,96,6,6,52.333333333333336,2,2,47.86666666666667,nan,54,7,0,0,E1,6,15,0.1,0.0
claim,1779,default,77,6,6,45.666666666666664,0,2,42.53333333333333,nan,0,14,6,6,E1,6,15,0.1,0.0
mas,1779,default,77,6,6,45.666666666666664,0,2,42.53333333333333,nan,0,14,12,18,E1,6,15,0.1,0.0
mas_iterative,1779,default,77,6,6,45.666666666666664,0,2,42.53333333333333,nan,0,14,12,18,E1,6,15,0.1,0.0
hungarian,1779,default,77,6,6,45.666666666666664,0,2,42.53333333333333,nan,0,14,18,56,E1,6,15,0.1,0.0
no_coordination,1780,default,157,6,6,83.0,6,2,64.94117647058823,44.0,157,10,0,0,E1,6,15,0.1,0.0
claim,1780,default,157,6,6,83.0,6,2,64.94117647058823,44.0,157,10,12,12,E1,6,15,0.1,0.0
mas,1780,default,92,6,6,50.5,0,2,41.0,30.333333333333332,0,26,14,21,E1,6,15,0.1,0.0
mas_iterative,1780,default,89,6,6,49.666666666666664,0,2,40.470588235294116,30.0,0,22,14,21,E1,6,15,0.1,0.0
hungarian,1780,default,89,6,6,49.666666666666664,0,2,40.470588235294116,30.0,0,22,18,56,E1,6,15,0.1,0.0
no_coordination,1781,default,129,6,6,69.33333333333333,6,2,54.0,22.0,129,10,0,0,E1,6,15,0.1,0.0
claim,1781,default,129,6,6,69.33333333333333,6,2,54.0,22.0,129,10,12,12,E1,6,15,0.1,0.0
mas,1781,default,79,6,6,41.166666666666664,0,2,33.5,22.0,0,34,14,21,E1,6,15,0.1,0.0
mas_iterative,1781,default,79,6,6,40.666666666666664,0,2,33.0,22.0,0,34,14,21,E1,6,15,0.1,0.0
hungarian,1781,default,79,6,6,40.666666666666664,0,2,33.0,22.0,0,34,18,56,E1,6,15,0.1,0.0
no_coordination,1782,default,121,6,6,56.666666666666664,4,2,48.875,20.0,100,8,0,0,E1,6,15,0.1,0.0
claim,1782,default,121,6,6,56.666666666666664,4,2,48.875,20.0,100,8,10,10,E1,6,15,0.1,0.0
mas,1782,default,79,6,6,42.666666666666664,0,2,38.375,20.0,0,20,14,21,E1,6,15,0.1,0.0
mas_iterative,1782,default,79,6,6,42.333333333333336,0,2,38.125,20.0,0,20,14,21,E1,6,15,0.1,0.0
hungarian,1782,default,79,6,6,42.333333333333336,0,2,38.125,20.0,0,20,18,58,E1,6,15,0.1,0.0
no_coordination,1783,default,125,6,6,80.0,6,2,68.58823529411765,43.0,125,10,0,0,E1,6,15,0.1,0.0
claim,1783,default,125,6,6,80.0,6,2,68.58823529411765,43.0,125,10,12,12,E1,6,15,0.1,0.0
mas,1783,default,63,6,6,40.5,0,2,36.8235294117647,32.5,0,14,14,21,E1,6,15,0.1,0.0
mas_iterative,1783,default,63,6,6,40.0,0,2,36.35294117647059,32.0,0,14,16,24,E1,6,15,0.1,0.0
hungarian,1783,default,63,6,6,40.0,0,2,36.35294117647059,32.0,0,14,18,58,E1,6,15,0.1,0.0
no_coordination,1784,default,73,6,6,50.833333333333336,4,2,46.666666666666664,26.0,46,8,0,0,E1,6,15,0.1,0.0
claim,1784,default,73,6,6,50.666666666666664,2,2,46.53333333333333,26.0,39,10,8,8,E1,6,15,0.1,0.0
mas,1784,default,62,6,6,39.166666666666664,0,2,35.666666666666664,20.0,0,12,14,21,E1,6,15,0.1,0.0
mas_iterative,1784,default,61,6,6,38.666666666666664,0,2,35.2,20.0,0,10,14,21,E1,6,15,0.1,0.0
hungarian,1784,default,61,6,6,38.666666666666664,0,2,35.2,20.0,0,10,18,56,E1,6,15,0.1,0.0
no_coordination,1785,default,97,6,6,62.5,5,2,49.72727272727273,28.0,82,9,0,0,E1,6,15,0.1,0.0
claim,1785,default,97,6,6,62.5,4,2,49.72727272727273,28.0,75,15,10,10,E1,6,15,0.1,0.0
mas,1785,default,67,6,6,38.0,0,2,30.818181818181817,20.0,0,22,14,21,E1,6,15,0.1,0.0
mas_iterative,1785,default,67,6,6,37.666666666666664,0,2,30.545454545454547,20.0,0,22,14,21,E1,6,15,0.1,0.0
hungarian,1785,default,67,6,6,37.666666666666664,0,2,30.545454545454547,20.0,0,22,18,56,E1,6,15,0.1,0.0
no_coordination,1786,default,82,6,6,55.666666666666664,5,2,50.142857142857146,nan,65,9,0,0,E1,6,15,0.1,0.0
claim,1786,default,63,6,6,49.333333333333336,1,2,46.07142857142857,nan,29,6,7,7,E1,6,15,0.1,0.0
mas,1786,default,51,6,6,36.833333333333336,0,2,34.0,nan,0,8,14,21,E1,6,15,0.1,0.0
mas_iterative,1786,default,51,6,6,36.333333333333336,0,2,33.57142857142857,nan,0,8,14,21,E1,6,15,0.1,0.0
hungarian,1786,default,51,6,6,36.333333333333336,0,2,33.57142857142857,nan,0,8,18,56,E1,6,15,0.1,0.0
no_coordination,1787,default,68,6,6,41.666666666666664,5,2,35.733333333333334,30.0,54,9,0,0,E1,6,15,0.1,0.0
claim,1787,default,56,6,6,37.666666666666664,2,2,34.13333333333333,30.0,31,16,8,8,E1,6,15,0.1,0.0
mas,1787,default,43,6,6,28.5,0,2,26.066666666666666,30.0,0,13,14,21,E1,6,15,0.1,0.0
mas_iterative,1787,default,43,6,6,28.0,0,2,25.6,30.0,0,13,16,24,E1,6,15,0.1,0.0
hungarian,1787,default,43,6,6,28.0,0,2,25.6,30.0,0,13,18,58,E1,6,15,0.1,0.0
no_coordination,1788,default,95,6,6,51.666666666666664,4,2,45.666666666666664,21.0,43,8,0,0,E1,6,15,0.1,0.0
claim,1788,default,67,6,6,41.333333333333336,0,2,38.22222222222222,21.0,0,6,6,6,E1,6,15,0.1,0.0
mas,1788,default,67,6,6,41.333333333333336,0,2,38.22222222222222,21.0,0,6,12,18,E1,6,15,0.1,0.0
mas_iterative,1788,default,67,6,6,41.333333333333336,0,2,38.22222222222222,21.0,0,6,12,18,E1,6,15,0.1,0.0
hungarian,1788,default,67,6,6,41.333333333333336,0,2,38.22222222222222,21.0,0,6,18,56,E1,6,15,0.1,0.0
no_coordination,1789,default,111,6,6,54.666666666666664,4,2,45.86666666666667,nan,90,8,0,0,E1,6,15,0.1,0.0
claim,1789,default,111,6,6,54.666666666666664,4,2,45.86666666666667,nan,90,8,10,10,E1,6,15,0.1,0.0
mas,1789,default,82,6,6,42.666666666666664,0,2,37.06666666666667,nan,0,36,14,21,E1,6,15,0.1,0.0
mas_iterative,1789,default,81,6,6,42.333333333333336,0,2,36.8,nan,0,34,14,21,E1,6,15,0.1,0.0
hungarian,1789,default,81,6,6,42.333333333333336,0,2,36.8,nan,0,34,18,58,E1,6,15,0.1,0.0
no_coordination,1790,default,123,6,6,59.0,4,2,43.142857142857146,20.0,102,8,0,0,E1,6,15,0.1,0.0
claim,1790,default,123,6,6,59.0,4,2,43.142857142857146,20.0,102,8,10,10,E1,6,15,0.1,0.0
mas,1790,default,81,6,6,44.333333333333336,0,2,35.214285714285715,20.0,0,22,14,21,E1,6,15,0.1,0.0
mas_iterative,1790,default,81,6,6,44.0,0,2,35.0,20.0,0,22,14,21,E1,6,15,0.1,0.0
hungarian,1790,default,81,6,6,44.0,0,2,35.0,20.0,0,22,18,58,E1,6,15,0.1,0.0
no_coordination,1791,default,79,6,6,42.666666666666664,4,2,37.07692307692308,nan,63,8,0,0,E1,6,15,0.1,0.0
claim,1791,default,65,6,6,39.666666666666664,1,2,35.38461538461539,nan,21,19,7,7,E1,6,15,0.1,0.0
mas,1791,default,61,6,6,37.833333333333336,0,2,33.53846153846154,nan,0,6,14,21,E1,6,15,0.1,0.0
mas_iterative,1791,default,61,6,6,37.333333333333336,0,2,33.07692307692308,nan,0,6,16,24,E1,6,15,0.1,0.0
hungarian,1791,default,61,6,6,37.333333333333336,0,2,33.07692307692308,nan,0,6,18,58,E1,6,15,0.1,0.0
no_coordination,1792,default,75,6,6,45.0,3,2,35.46666666666667,20.0,29,7,0,0,E1,6,15,0.1,0.0
claim,1792,default,71,6,6,44.333333333333336,1,2,35.2,20.0,24,17,7,7,E1,6,15,0.1,0.0
mas,1792,default,61,6,6,36.666666666666664,0,2,30.6,20.0,0,20,14,21,E1,6,15,0.1,0.0
mas_iterative,1792,default,61,6,6,36.333333333333336,0,2,30.4,20.0,0,20,16,24,E1,6,15,0.1,0.0
hungarian,1792,default,61,6,6,36.333333333333336,0,2,30.4,20.0,0,20,20,61,E1,6,15,0.1,0.0
no_coordination,1793,default,118,6,6,54.166666666666664,4,2,41.333333333333336,20.0,57,8,0,0,E1,6,15,0.1,0.0
claim,1793,default,86,6,6,48.333333333333336,1,2,38.416666666666664,20.0,21,16,7,7,E1,6,15,0.1,0.0
mas,1793,default,83,6,6,41.666666666666664,0,2,33.416666666666664,20.0,0,30,14,21,E1,6,15,0.1,0.0
mas_iterative,1793,default,83,6,6,41.333333333333336,0,2,33.166666666666664,20.0,0,30,16,24,E1,6,15,0.1,0.0
hungarian,1793,default,83,6,6,41.333333333333336,0,2,33.166666666666664,20.0,0,30,18,58,E1,6,15,0.1,0.0
no_coordination,1794,default,115,6,6,62.666666666666664,6,2,50.8235294117647,30.0,115,10,0,0,E1,6,15,0.1,0.0
claim,1794,default,115,6,6,62.666666666666664,6,2,50.8235294117647,30.0,115,10,12,12,E1,6,15,0.1,0.0
mas,1794,default,64,6,6,40.0,0,2,34.588235294117645,25.5,0,8,14,21,E1,6,15,0.1,0.0
mas_iterative,1794,default,63,6,6,39.666666666666664,0,2,34.23529411764706,25.0,0,6,14,21,E1,6,15,0.1,0.0
hungarian,1794,default,61,6,6,39.0,0,2,33.529411764705884,24.0,0,4,18,56,E1,6,15,0.1,0.0
no_coordination,1795,default,99,6,6,61.333333333333336,3,2,47.142857142857146,20.0,64,7,0,0,E1,6,15,0.1,0.0
claim,1795,default,99,6,6,61.333333333333336,2,2,47.142857142857146,20.0,60,10,8,8,E1,6,15,0.1,0.0
mas,1795,default,75,6,6,45.666666666666664,0,2,37.92857142857143,20.0,0,20,14,21,E1,6,15,0.1,0.0
mas_iterative,1795,default,75,6,6,45.333333333333336,0,2,37.714285714285715,20.0,0,20,14,21,E1,6,15,0.1,0.0
hungarian,1795,default,75,6,6,45.333333333333336,0,2,37.714285714285715,20.0,0,20,18,58,E1,6,15,0.1,0.0
no_coordination,1796,default,131,6,6,70.33333333333333,6,2,60.125,39.0,131,10,0,0,E1,6,15,0.1,0.0
claim,1796,default,131,6,6,70.33333333333333,6,2,60.125,39.0,131,10,12,12,E1,6,15,0.1,0.0
mas,1796,default,53,6,6,34.0,0,2,30.75,27.0,0,9,14,21,E1,6,15,0.1,0.0
mas_iterative,1796,default,53,6,6,33.5,0,2,30.3125,27.0,0,9,14,21,E1,6,15,0.1,0.0
hungarian,1796,default,53,6,6,33.5,0,2,30.3125,27.0,0,9,18,56,E1,6,15,0.1,0.0
no_coordination,1797,default,113,6,6,59.333333333333336,4,2,47.46666666666667,22.0,101,8,0,0,E1,6,15,0.1,0.0
claim,1797,default,113,6,6,59.333333333333336,4,2,47.46666666666667,22.0,101,8,10,10,E1,6,15,0.1,0.0
mas,1797,default,63,6,6,36.5,0,2,32.8,20.0,0,16,14,21,E1,6,15,0.1,0.0
mas_iterative,1797,default,63,6,6,36.0,0,2,32.4,20.0,0,16,18,27,E1,6,15,0.1,0.0
hungarian,1797,default,67,6,6,41.666666666666664,0,2,35.333333333333336,22.0,0,8,18,56,E1,6,15,0.1,0.0
no_coordination,1798,default,89,6,6,45.0,3,2,39.9,25.333333333333332,19,7,0,0,E1,6,15,0.1,0.0
claim,1798,default,87,6,6,44.666666666666664,1,2,39.7,25.333333333333332,16,37,7,7,E1,6,15,0.1,0.0
mas,1798,default,72,6,6,39.666666666666664,0,2,35.95,25.333333333333332,0,22,14,21,E1,6,15,0.1,0.0
mas_iterative,1798,default,71,6,6,39.333333333333336,0,2,35.7,25.333333333333332,0,20,16,24,E1,6,15,0.1,0.0
hungarian,1798,default,71,6,6,39.333333333333336,0,2,35.7,25.333333333333332,0,20,18,60,E1,6,15,0.1,0.0
no_coordination,1799,default,59,6,6,32.0,2,2,27.785714285714285,nan,5,7,0,0,E1,6,15,0.1,0.0
claim,1799,default,58,6,6,31.833333333333332,1,2,27.714285714285715,nan,3,26,7,7,E1,6,15,0.1,0.0
mas,1799,default,56,6,6,31.333333333333332,0,2,27.428571428571427,nan,0,23,14,21,E1,6,15,0.1,0.0
mas_iterative,1799,default,55,6,6,31.0,0,2,27.214285714285715,nan,0,21,14,21,E1,6,15,0.1,0.0
hungarian,1799,default,55,6,6,31.0,0,2,27.214285714285715,nan,0,21,18,58,E1,6,15,0.1,0.0
no_coordination,1800,default,135,6,6,68.66666666666667,6,2,52.125,25.0,135,10,0,0,E1,6,15,0.1,0.0
claim,1800,default,135,6,6,68.66666666666667,6,2,52.125,25.0,135,10,12,12,E1,6,15,0.1,0.0
mas,1800,default,82,6,6,46.5,0,2,37.3125,21.5,0,20,14,21,E1,6,15,0.1,0.0
mas_iterative,1800,default,81,6,6,46.0,0,2,36.875,21.0,0,18,14,21,E1,6,15,0.1,0.0
hungarian,1800,default,81,6,6,46.0,0,2,36.875,21.0,0,18,18,56,E1,6,15,0.1,0.0
no_coordination,1801,default,85,6,6,43.333333333333336,4,2,35.2,20.0,64,8,0,0,E1,6,15,0.1,0.0
claim,1801,default,85,6,6,43.333333333333336,4,2,35.2,20.0,64,8,10,10,E1,6,15,0.1,0.0
mas,1801,default,54,6,6,34.333333333333336,0,2,30.133333333333333,20.0,0,6,14,21,E1,6,15,0.1,0.0
mas_iterative,1801,default,53,6,6,34.0,0,2,29.866666666666667,20.0,0,4,14,21,E1,6,15,0.1,0.0
hungarian,1801,default,53,6,6,34.0,0,2,29.866666666666667,20.0,0,4,18,58,E1,6,15,0.1,0.0
no_coordination,1802,default,109,6,6,61.666666666666664,6,2,50.0,38.0,109,10,0,0,E1,6,15,0.1,0.0
claim,1802,default,109,6,6,61.666666666666664,6,2,50.0,38.0,109,10,12,12,E1,6,15,0.1,0.0
mas,1802,default,64,6,6,35.5,0,2,28.923076923076923,22.5,0,22,14,21,E1,6,15,0.1,0.0
mas_iterative,1802,default,63,6,6,35.0,0,2,28.46153846153846,22.0,0,20,14,21,E1,6,15,0.1,0.0
hungarian,1802,default,63,6,6,35.0,0,2,28.46153846153846,22.0,0,20,18,56,E1,6,15,0.1,0.0
no_coordination,1803,default,100,6,6,71.16666666666667,5,2,64.53846153846153,nan,84,9,0,0,E1,6,15,0.1,0.0
claim,1803,default,93,6,6,67.16666666666667,2,2,62.38461538461539,nan,59,19,8,8,E1,6,15,0.1,0.0
mas,1803,default,56,6,6,40.5,0,2,37.69230769230769,nan,0,9,14,21,E1,6,15,0.1,0.0
mas_iterative,1803,default,55,6,6,40.166666666666664,0,2,37.30769230769231,nan,0,7,16,24,E1,6,15,0.1,0.0
hungarian,1803,default,59,6,6,38.833333333333336,0,2,36.23076923076923,nan,0,17,18,56,E1,6,15,0.1,0.0
no_coordination,1804,default,141,6,6,64.0,5,2,52.470588235294116,22.0,120,10,0,0,E1,6,15,0.1,0.0
claim,1804,default,97,6,6,48.333333333333336,0,2,41.1764705882353,22.0,0,36,6,6,E1,6,15,0.1,0.0
mas,1804,default,97,6,6,48.333333333333336,0,2,41.1764705882353,22.0,0,36,12,18,E1,6,15,0.1,0.0
mas_iterative,1804,default,97,6,6,48.333333333333336,0,2,41.1764705882353,22.0,0,36,12,18,E1,6,15,0.1,0.0
hungarian,1804,default,97,6,6,48.333333333333336,0,2,41.1764705882353,22.0,0,36,18,56,E1,6,15,0.1,0.0
no_coordination,1805,default,80,6,6,56.666666666666664,2,2,44.416666666666664,20.0,41,21,0,0,E1,6,15,0.1,0.0
claim,1805,default,90,6,6,52.666666666666664,1,2,42.416666666666664,20.0,21,47,7,7,E1,6,15,0.1,0.0
mas,1805,default,91,6,6,53.0,0,2,42.666666666666664,20.0,0,68,14,21,E1,6,15,0.1,0.0
mas_iterative,1805,default,64,6,6,39.166666666666664,0,2,31.083333333333332,20.0,0,38,14,21,E1,6,15,0.1,0.0
hungarian,1805,default,64,6,6,39.166666666666664,0,2,31.083333333333332,20.0,0,38,18,56,E1,6,15,0.1,0.0
no_coordination,1806,default,113,6,6,55.333333333333336,4,2,40.57142857142857,20.0,55,8,0,0,E1,6,15,0.1,0.0
claim,1806,default,83,6,6,45.0,0,2,36.0,20.0,0,28,6,6,E1,6,15,0.1,0.0
mas,1806,default,83,6,6,45.0,0,2,36.0,20.0,0,28,12,18,E1,6,15,0.1,0.0
mas_iterative,1806,default,83,6,6,45.0,0,2,36.0,20.0,0,28,12,18,E1,6,15,0.1,0.0
hungarian,1806,default,83,6,6,45.0,0,2,36.0,20.0,0,28,18,56,E1,6,15,0.1,0.0
no_coordination,1807,default,97,6,6,48.0,4,2,36.266666666666666,20.0,76,8,0,0,E1,6,15,0.1,0.0
claim,1807,default,97,6,6,48.0,4,2,36.266666666666666,20.0,76,8,10,10,E1,6,15,0.1,0.0
mas,1807,default,70,6,6,38.333333333333336,0,2,31.733333333333334,20.0,0,26,14,21,E1,6,15,0.1,0.0
mas_iterative,1807,default,69,6,6,38.0,0,2,31.466666666666665,20.0,0,24,14,21,E1,6,15,0.1,0.0
hungarian,1807,default,69,6,6,38.0,0,2,31.466666666666665,20.0,0,24,18,58,E1,6,15,0.1,0.0
no_coordination,1808,default,103,6,6,49.333333333333336,4,2,34.0,20.0,82,8,0,0,E1,6,15,0.1,0.0
claim,1808,default,103,6,6,49.333333333333336,4,2,34.0,20.0,82,8,10,10,E1,6,15,0.1,0.0
mas,1808,default,70,6,6,39.0,0,2,29.571428571428573,20.0,0,20,14,21,E1,6,15,0.1,0.0
mas_iterative,1808,default,69,6,6,38.666666666666664,0,2,29.428571428571427,20.0,0,18,14,21,E1,6,15,0.1,0.0
hungarian,1808,default,69,6,6,38.666666666666664,0,2,29.428571428571427,20.0,0,18,18,58,E1,6,15,0.1,0.0
no_coordination,1809,default,105,6,6,47.0,4,2,34.375,20.0,84,8,0,0,E1,6,15,0.1,0.0
claim,1809,default,105,6,6,47.0,4,2,34.375,20.0,84,8,10,10,E1,6,15,0.1,0.0
mas,1809,default,78,6,6,39.0,0,2,30.25,20.0,0,30,14,21,E1,6,15,0.1,0.0
mas_iterative,1809,default,79,6,6,39.333333333333336,0,2,30.5,20.0,0,30,14,21,E1,6,15,0.1,0.0
hungarian,1809,default,79,6,6,39.333333333333336,0,2,30.5,20.0,0,30,18,58,E1,6,15,0.1,0.0
no_coordination,1810,default,113,6,6,64.66666666666667,4,2,56.53333333333333,32.0,95,8,0,0,E1,6,15,0.1,0.0
claim,1810,default,95,6,6,58.333333333333336,1,2,52.666666666666664,32.0,33,29,7,7,E1,6,15,0.1,0.0
mas,1810,default,72,6,6,41.5,0,2,36.93333333333333,20.0,0,18,14,21,E1,6,15,0.1,0.0
mas_iterative,1810,default,71,6,6,41.0,0,2,36.53333333333333,20.0,0,16,14,21,E1,6,15,0.1,0.0
hungarian,1810,default,71,6,6,41.0,0,2,36.53333333333333,20.0,0,16,18,56,E1,6,15,0.1,0.0
no_coordination,1811,default,81,6,6,45.666666666666664,4,2,40.15384615384615,22.0,45,8,0,0,E1,6,15,0.1,0.0
claim,1811,default,81,6,6,39.666666666666664,0,2,36.76923076923077,22.0,0,36,6,6,E1,6,15,0.1,0.0
mas,1811,default,81,6,6,39.666666666666664,0,2,36.76923076923077,22.0,0,36,12,18,E1,6,15,0.1,0.0
mas_iterative,1811,default,81,6,6,39.666666666666664,0,2,36.76923076923077,22.0,0,36,12,18,E1,6,15,0.1,0.0
hungarian,1811,default,81,6,6,39.666666666666664,0,2,36.76923076923077,22.0,0,36,18,56,E1,6,15,0.1,0.0
no_coordination,1812,default,109,6,6,56.333333333333336,5,2,50.2,32.666666666666664,60,9,0,0,E1,6,15,0.1,0.0
claim,1812,default,87,6,6,49.666666666666664,1,2,45.3,32.666666666666664,21,31,7,7,E1,6,15,0.1,0.0
mas,1812,default,77,6,6,42.5,0,2,38.7,28.333333333333332,0,24,14,21,E1,6,15,0.1,0.0
mas_iterative,1812,default,77,6,6,42.0,0,2,38.2,28.0,0,24,16,24,E1,6,15,0.1,0.0
hungarian,1812,default,77,6,6,42.0,0,2,38.2,28.0,0,24,18,58,E1,6,15,0.1,0.0
no_coordination,1813,default,112,6,6,58.5,5,2,52.1764705882353,20.0,59,9,0,0,E1,6,15,0.1,0.0
claim,1813,default,96,6,6,54.666666666666664,2,2,49.470588235294116,20.0,35,33,8,8,E1,6,15,0.1,0.0
mas,1813,default,78,6,6,40.5,0,2,36.588235294117645,20.0,0,32,14,21,E1,6,15,0.1,0.0
mas_iterative,1813,default,77,6,6,40.0,0,2,36.11764705882353,20.0,0,30,16,24,E1,6,15,0.1,0.0
hungarian,1813,default,77,6,6,40.0,0,2,36.11764705882353,20.0,0,30,18,58,E1,6,15,0.1,0.0
no_coordination,1814,default,79,6,6,51.0,4,2,43.857142857142854,20.0,63,8,0,0,E1,6,15,0.1,0.0
claim,1814,default,71,6,6,49.666666666666664,2,2,43.285714285714285,20.0,41,12,8,8,E1,6,15,0.1,0.0
mas,1814,default,53,6,6,34.833333333333336,0,2,30.571428571428573,20.0,0,6,14,21,E1,6,15,0.1,0.0
mas_iterative,1814,default,53,6,6,34.333333333333336,0,2,30.142857142857142,20.0,0,6,16,24,E1,6,15,0.1,0.0
hungarian,1814,default,53,6,6,34.333333333333336,0,2,30.142857142857142,20.0,0,6,18,58,E1,6,15,0.1,0.0
no_coordination,1815,default,89,6,6,41.666666666666664,4,2,32.15384615384615,20.0,68,8,0,0,E1,6,15,0.1,0.0
claim,1815,default,89,6,6,41.666666666666664,4,2,32.15384615384615,20.0,68,8,10,10,E1,6,15,0.1,0.0
mas,1815,default,68,6,6,35.0,0,2,28.53846153846154,20.0,0,30,14,21,E1,6,15,0.1,0.0
mas_iterative,1815,default,67,6,6,34.666666666666664,0,2,28.307692307692307,20.0,0,28,14,21,E1,6,15,0.1,0.0
hungarian,1815,default,67,6,6,34.666666666666664,0,2,28.307692307692307,20.0,0,28,18,58,E1,6,15,0.1,0.0
no_coordination,1816,default,98,6,6,45.0,4,2,38.583333333333336,nan,77,8,0,0,E1,6,15,0.1,0.0
claim,1816,default,98,6,6,45.0,4,2,38.583333333333336,nan,77,8,10,10,E1,6,15,0.1,0.0
mas,1816,default,60,6,6,36.0,0,2,32.75,nan,0,5,14,21,E1,6,15,0.1,0.0
mas_iterative,1816,default,60,6,6,35.666666666666664,0,2,32.5,nan,0,5,14,21,E1,6,15,0.1,0.0
hungarian,1816,default,60,6,6,35.666666666666664,0,2,32.5,nan,0,5,18,58,E1,6,15,0.1,0.0
no_coordination,1817,default,108,6,6,53.0,6,2,46.333333333333336,28.0,108,10,0,0,E1,6,15,0.1,0.0
claim,1817,default,108,6,6,53.0,6,2,46.333333333333336,28.0,108,10,12,12,E1,6,15,0.1,0.0
mas,1817,default,68,6,6,34.166666666666664,0,2,30.22222222222222,20.5,0,27,14,21,E1,6,15,0.1,0.0
mas_iterative,1817,default,67,6,6,33.666666666666664,0,2,29.72222222222222,20.0,0,25,16,24,E1,6,15,0.1,0.0
hungarian,1817,default,67,6,6,33.666666666666664,0,2,29.72222222222222,20.0,0,25,18,58,E1,6,15,0.1,0.0
no_coordination,1818,default,109,6,6,51.333333333333336,5,2,45.1578947368421,21.0,88,9,0,0,E1,6,15,0.1,0.0
claim,1818,default,73,6,6,40.0,0,2,36.31578947368421,21.0,0,20,6,6,E1,6,15,0.1,0.0
mas,1818,default,73,6,6,40.0,0,2,36.31578947368421,21.0,0,20,12,18,E1,6,15,0.1,0.0
mas_iterative,1818,default,73,6,6,40.0,0,2,36.31578947368421,21.0,0,20,12,18,E1,6,15,0.1,0.0
hungarian,1818,default,73,6,6,40.0,0,2,36.31578947368421,21.0,0,20,18,56,E1,6,15,0.1,0.0
no_coordination,1819,default,75,6,6,51.166666666666664,3,2,43.07142857142857,36.0,50,8,0,0,E1,6,15,0.1,0.0
claim,1819,default,69,6,6,46.333333333333336,1,2,40.714285714285715,36.0,25,17,7,7,E1,6,15,0.1,0.0
mas,1819,default,61,6,6,38.666666666666664,0,2,33.5,32.0,0,18,14,21,E1,6,15,0.1,0.0
mas_iterative,1819,default,61,6,6,38.333333333333336,0,2,33.142857142857146,32.0,0,18,16,24,E1,6,15,0.1,0.0
hungarian,1819,default,59,6,6,37.333333333333336,0,2,32.285714285714285,32.0,0,16,18,56,E1,6,15,0.1,0.0
no_coordination,1820,default,77,6,6,42.666666666666664,4,2,34.8235294117647,20.0,56,8,0,0,E1,6,15,0.1,0.0
claim,1820,default,77,6,6,42.666666666666664,4,2,34.8235294117647,20.0,56,8,10,10,E1,6,15,0.1,0.0
mas,1820,default,54,6,6,34.333333333333336,0,2,29.88235294117647,20.0,0,14,14,21,E1,6,15,0.1,0.0
mas_iterative,1820,default,53,6,6,34.0,0,2,29.647058823529413,20.0,0,12,14,21,E1,6,15,0.1,0.0
hungarian,1820,default,53,6,6,34.0,0,2,29.647058823529413,20.0,0,12,18,58,E1,6,15,0.1,0.0
no_coordination,1821,default,79,6,6,40.666666666666664,5,2,32.76923076923077,20.0,40,9,0,0,E1,6,15,0.1,0.0
claim,1821,default,71,6,6,38.333333333333336,2,2,31.692307692307693,20.0,25,34,8,8,E1,6,15,0.1,0.0
mas,1821,default,69,6,6,36.333333333333336,0,2,30.076923076923077,20.0,0,32,14,21,E1,6,15,0.1,0.0
mas_iterative,1821,default,69,6,6,36.0,0,2,29.692307692307693,20.0,0,32,16,24,E1,6,15,0.1,0.0
hungarian,1821,default,69,6,6,36.0,0,2,29.692307692307693,20.0,0,32,18,58,E1,6,15,0.1,0.0
no_coordination,1822,default,99,6,6,44.0,4,2,37.55555555555556,22.0,78,8,0,0,E1,6,15,0.1,0.0
claim,1822,default,99,6,6,44.0,4,2,37.55555555555556,22.0,78,8,10,10,E1,6,15,0.1,0.0
mas,1822,default,72,6,6,36.333333333333336,0,2,32.27777777777778,22.0,0,30,14,21,E1,6,15,0.1,0.0
mas_iterative,1822,default,73,6,6,36.666666666666664,0,2,32.55555555555556,22.0,0,30,14,21,E1,6,15,0.1,0.0
hungarian,1822,default,73,6,6,36.666666666666664,0,2,32.55555555555556,22.0,0,30,18,58,E1,6,15,0.1,0.0
no_coordination,1823,default,115,6,6,65.0,6,2,58.23529411764706,39.0,115,10,0,0,E1,6,15,0.1,0.0
claim,1823,default,115,6,6,65.0,6,2,58.23529411764706,39.0,115,10,12,12,E1,6,15,0.1,0.0
mas,1823,default,62,6,6,36.833333333333336,0,2,33.05882352941177,22.5,0,12,14,21,E1,6,15,0.1,0.0
mas_iterative,1823,default,61,6,6,36.333333333333336,0,2,32.588235294117645,22.0,0,10,16,24,E1,6,15,0.1,0.0
hungarian,1823,default,61,6,6,36.333333333333336,0,2,32.588235294117645,22.0,0,10,18,58,E1,6,15,0.1,0.0
no_coordination,1824,default,83,6,6,46.666666666666664,4,2,40.6,34.0,42,8,0,0,E1,6,15,0.1,0.0
claim,1824,default,67,6,6,43.333333333333336,1,2,39.2,34.0,21,13,7,7,E1,6,15,0.1,0.0
mas,1824,default,71,6,6,42.666666666666664,0,2,38.2,34.0,0,16,14,21,E1,6,15,0.1,0.0
mas_iterative,1824,default,71,6,6,42.333333333333336,0,2,37.8,33.5,0,16,14,21,E1,6,15,0.1,0.0
hungarian,1824,default,63,6,6,40.333333333333336,0,2,36.6,32.5,0,16,18,56,E1,6,15,0.1,0.0
no_coordination,1825,default,121,6,6,65.33333333333333,6,2,51.733333333333334,28.0,121,10,0,0,E1,6,15,0.1,0.0
claim,1825,default,121,6,6,65.33333333333333,6,2,51.733333333333334,28.0,121,10,12,12,E1,6,15,0.1,0.0
mas,1825,default,68,6,6,42.5,0,2,35.266666666666666,21.5,0,8,14,21,E1,6,15,0.1,0.0
mas_iterative,1825,default,67,6,6,42.0,0,2,34.8,21.0,0,6,14,21,E1,6,15,0.1,0.0
hungarian,1825,default,67,6,6,42.0,0,2,34.8,21.0,0,6,18,56,E1,6,15,0.1,0.0
no_coordination,1826,default,77,6,6,41.666666666666664,4,2,36.0,nan,43,8,0,0,E1,6,15,0.1,0.0
claim,1826,default,55,6,6,34.333333333333336,0,2,31.53846153846154,nan,0,12,6,6,E1,6,15,0.1,0.0
mas,1826,default,55,6,6,34.333333333333336,0,2,31.53846153846154,nan,0,12,12,18,E1,6,15,0.1,0.0
mas_iterative,1826,default,55,6,6,34.333333333333336,0,2,31.53846153846154,nan,0,12,12,18,E1,6,15,0.1,0.0
hungarian,1826,default,55,6,6,34.333333333333336,0,2,31.53846153846154,nan,0,12,18,56,E1,6,15,0.1,0.0
no_coordination,1827,default,79,6,6,42.666666666666664,4,2,35.529411764705884,26.0,39,8,0,0,E1,6,15,0.1,0.0
claim,1827,default,51,6,6,34.333333333333336,0,2,30.705882352941178,26.0,0,6,6,6,E1,6,15,0.1,0.0
mas,1827,default,51,6,6,34.333333333333336,0,2,30.705882352941178,26.0,0,6,12,18,E1,6,15,0.1,0.0
mas_iterative,1827,default,51,6,6,34.333333333333336,0,2,30.705882352941178,26.0,0,6,12,18,E1,6,15,0.1,0.0
hungarian,1827,default,51,6,6,34.333333333333336,0,2,30.705882352941178,26.0,0,6,18,56,E1,6,15,0.1,0.0
no_coordination,1828,default,74,6,6,36.0,4,2,31.46153846153846,nan,53,8,0,0,E1,6,15,0.1,0.0
claim,1828,default,74,6,6,36.0,4,2,31.46153846153846,nan,53,8,10,10,E1,6,15,0.1,0.0
mas,1828,default,50,6,6,30.333333333333332,0,2,28.23076923076923,nan,0,9,14,21,E1,6,15,0.1,0.0
mas_iterative,1828,default,50,6,6,30.0,0,2,27.923076923076923,nan,0,9,14,21,E1,6,15,0.1,0.0
hungarian,1828,default,50,6,6,30.0,0,2,27.923076923076923,nan,0,9,18,58,E1,6,15,0.1,0.0
no_coordination,1829,default,60,6,6,45.666666666666664,3,2,41.0,20.0,29,8,0,0,E1,6,15,0.1,0.0
claim,1829,default,57,6,6,43.666666666666664,1,2,39.86666666666667,20.0,21,9,7,7,E1,6,15,0.1,0.0
mas,1829,default,52,6,6,33.666666666666664,0,2,31.733333333333334,20.0,0,14,14,21,E1,6,15,0.1,0.0
mas_iterative,1829,default,51,6,6,33.333333333333336,0,2,31.333333333333332,20.0,0,12,14,21,E1,6,15,0.1,0.0
hungarian,1829,default,51,6,6,33.333333333333336,0,2,31.333333333333332,20.0,0,12,18,56,E1,6,15,0.1,0.0
no_coordination,1830,default,111,6,6,52.333333333333336,4,2,37.63636363636363,20.0,90,8,0,0,E1,6,15,0.1,0.0
claim,1830,default,111,6,6,52.333333333333336,4,2,37.63636363636363,20.0,90,8,10,10,E1,6,15,0.1,0.0
mas,1830,default,74,6,6,40.666666666666664,0,2,31.272727272727273,20.0,0,22,14,21,E1,6,15,0.1,0.0
mas_iterative,1830,default,73,6,6,40.333333333333336,0,2,31.09090909090909,20.0,0,20,14,21,E1,6,15,0.1,0.0
hungarian,1830,default,73,6,6,40.333333333333336,0,2,31.09090909090909,20.0,0,20,18,58,E1,6,15,0.1,0.0
no_coordination,1831,default,88,6,6,51.833333333333336,2,2,45.111111111111114,26.0,44,7,0,0,E1,6,15,0.1,0.0
claim,1831,default,89,6,6,45.0,1,2,40.0,26.0,34,5,7,7,E1,6,15,0.1,0.0
mas,1831,default,89,6,6,45.0,0,2,40.0,26.0,0,38,14,21,E1,6,15,0.1,0.0
mas_iterative,1831,default,89,6,6,45.0,0,2,40.0,26.0,0,38,14,21,E1,6,15,0.1,0.0
hungarian,1831,default,89,6,6,45.0,0,2,40.0,26.0,0,38,20,59,E1,6,15,0.1,0.0
no_coordination,1832,default,95,6,6,43.0,4,2,39.714285714285715,nan,74,8,0,0,E1,6,15,0.1,0.0
claim,1832,default,95,6,6,43.0,4,2,39.714285714285715,nan,74,8,10,10,E1,6,15,0.1,0.0
mas,1832,default,66,6,6,35.333333333333336,0,2,33.142857142857146,nan,0,22,14,21,E1,6,15,0.1,0.0
mas_iterative,1832,default,65,6,6,35.0,0,2,32.857142857142854,nan,0,20,14,21,E1,6,15,0.1,0.0
hungarian,1832,default,65,6,6,35.0,0,2,32.857142857142854,nan,0,20,18,58,E1,6,15,0.1,0.0
no_coordination,1833,default,92,6,6,64.83333333333333,4,2,56.666666666666664,nan,69,8,0,0,E1,6,15,0.1,0.0
claim,1833,default,92,6,6,64.83333333333333,3,2,56.666666666666664,nan,69,10,9,9,E1,6,15,0.1,0.0
mas,1833,default,81,6,6,41.666666666666664,0,2,39.083333333333336,nan,0,36,14,21,E1,6,15,0.1,0.0
mas_iterative,1833,default,81,6,6,41.333333333333336,0,2,38.666666666666664,nan,0,36,14,21,E1,6,15,0.1,0.0
hungarian,1833,default,81,6,6,41.333333333333336,0,2,38.666666666666664,nan,0,36,18,56,E1,6,15,0.1,0.0
no_coordination,1834,default,165,6,6,86.0,6,2,61.86666666666667,31.0,165,10,0,0,E1,6,15,0.1,0.0
claim,1834,default,165,6,6,86.0,6,2,61.86666666666667,31.0,165,10,12,12,E1,6,15,0.1,0.0
mas,1834,default,88,6,6,43.5,0,2,34.8,23.0,0,36,14,21,E1,6,15,0.1,0.0
mas_iterative,1834,default,87,6,6,43.0,0,2,34.4,23.0,0,34,16,24,E1,6,15,0.1,0.0
hungarian,1834,default,87,6,6,43.0,0,2,34.4,23.0,0,34,18,58,E1,6,15,0.1,0.0
no_coordination,1835,default,115,6,6,60.0,4,2,54.333333333333336,20.0,101,8,0,0,E1,6,15,0.1,0.0
claim,1835,default,115,6,6,60.0,4,2,54.333333333333336,20.0,101,8,10,10,E1,6,15,0.1,0.0
mas,1835,default,79,6,6,44.666666666666664,0,2,37.0,20.0,0,28,14,21,E1,6,15,0.1,0.0
mas_iterative,1835,default,79,6,6,44.333333333333336,0,2,36.666666666666664,20.0,0,28,18,27,E1,6,15,0.1,0.0
hungarian,1835,default,79,6,6,44.333333333333336,0,2,36.666666666666664,20.0,0,28,20,61,E1,6,15,0.1,0.0
no_coordination,1836,default,78,6,6,42.833333333333336,3,2,35.411764705882355,20.0,30,7,0,0,E1,6,15,0.1,0.0
claim,1836,default,78,6,6,42.833333333333336,2,2,35.411764705882355,20.0,30,17,8,8,E1,6,15,0.1,0.0
mas,1836,default,81,6,6,38.833333333333336,0,2,34.05882352941177,20.0,0,36,14,21,E1,6,15,0.1,0.0
mas_iterative,1836,default,81,6,6,38.666666666666664,0,2,33.88235294117647,20.0,0,36,14,21,E1,6,15,0.1,0.0
hungarian,1836,default,81,6,6,38.666666666666664,0,2,33.88235294117647,20.0,0,36,18,58,E1,6,15,0.1,0.0
no_coordination,1837,default,89,6,6,56.166666666666664,4,2,45.266666666666666,34.0,44,8,0,0,E1,6,15,0.1,0.0
claim,1837,default,81,6,6,52.666666666666664,1,2,43.333333333333336,34.0,21,7,7,7,E1,6,15,0.1,0.0
mas,1837,default,74,6,6,45.166666666666664,0,2,36.333333333333336,26.5,0,12,14,21,E1,6,15,0.1,0.0
mas_iterative,1837,default,73,6,6,44.666666666666664,0,2,35.86666666666667,26.0,0,10,14,21,E1,6,15,0.1,0.0
hungarian,1837,default,73,6,6,44.666666666666664,0,2,35.86666666666667,26.0,0,10,18,56,E1,6,15,0.1,0.0
no_coordination,1838,default,123,6,6,66.83333333333333,5,2,54.8,nan,112,9,0,0,E1,6,15,0.1,0.0
claim,1838,default,92,6,6,57.166666666666664,1,2,49.0,nan,31,24,7,7,E1,6,15,0.1,0.0
mas,1838,default,66,6,6,38.5,0,2,34.2,nan,0,16,14,21,E1,6,15,0.1,0.0
mas_iterative,1838,default,65,6,6,38.0,0,2,33.8,nan,0,14,16,24,E1,6,15,0.1,0.0
hungarian,1838,default,71,6,6,42.333333333333336,0,2,35.2,nan,0,10,18,58,E1,6,15,0.1,0.0
no_coordination,1839,default,91,6,6,53.833333333333336,5,2,43.44444444444444,nan,66,9,0,0,E1,6,15,0.1,0.0
claim,1839,default,91,6,6,53.833333333333336,4,2,43.44444444444444,nan,61,13,10,10,E1,6,15,0.1,0.0
mas,1839,default,64,6,6,35.166666666666664,0,2,31.0,nan,0,22,14,21,E1,6,15,0.1,0.0
mas_iterative,1839,default,63,6,6,34.666666666666664,0,2,30.666666666666668,nan,0,20,16,24,E1,6,15,0.1,0.0
hungarian,1839,default,63,6,6,34.666666666666664,0,2,30.666666666666668,nan,0,20,18,58,E1,6,15,0.1,0.0
no_coordination,1840,default,119,6,6,74.33333333333333,6,2,58.57142857142857,37.0,119,10,0,0,E1,6,15,0.1,0.0
claim,1840,default,119,6,6,74.33333333333333,6,2,58.57142857142857,37.0,119,10,12,12,E1,6,15,0.1,0.0
mas,1840,default,60,6,6,41.166666666666664,0,2,33.357142857142854,22.5,0,6,14,21,E1,6,15,0.1,0.0
mas_iterative,1840,default,59,6,6,40.666666666666664,0,2,32.857142857142854,22.0,0,4,18,27,E1,6,15,0.1,0.0
hungarian,1840,default,59,6,6,40.666666666666664,0,2,32.857142857142854,22.0,0,4,18,60,E1,6,15,0.1,0.0
no_coordination,1841,default,101,6,6,53.666666666666664,4,2,49.45454545454545,nan,76,8,0,0,E1,6,15,0.1,0.0
claim,1841,default,63,6,6,41.666666666666664,0,2,39.81818181818182,nan,0,4,6,6,E1,6,15,0.1,0.0
mas,1841,default,63,6,6,41.666666666666664,0,2,39.81818181818182,nan,0,4,12,18,E1,6,15,0.1,0.0
mas_iterative,1841,default,63,6,6,41.666666666666664,0,2,39.81818181818182,nan,0,4,12,18,E1,6,15,0.1,0.0
hungarian,1841,default,63,6,6,41.666666666666664,0,2,39.81818181818182,nan,0,4,18,56,E1,6,15,0.1,0.0
no_coordination,1842,default,113,6,6,69.16666666666667,4,2,55.61538461538461,36.0,91,8,0,0,E1,6,15,0.1,0.0
claim,1842,default,88,6,6,60.5,1,2,51.61538461538461,36.0,37,11,7,7,E1,6,15,0.1,0.0
mas,1842,default,72,6,6,41.166666666666664,0,2,32.69230769230769,22.0,0,23,14,21,E1,6,15,0.1,0.0
mas_iterative,1842,default,72,6,6,40.833333333333336,0,2,32.38461538461539,22.0,0,23,14,21,E1,6,15,0.1,0.0
hungarian,1842,default,72,6,6,40.833333333333336,0,2,32.38461538461539,22.0,0,23,18,56,E1,6,15,0.1,0.0
no_coordination,1843,default,137,6,6,65.33333333333333,5,2,54.0,nan,121,9,0,0,E1,6,15,0.1,0.0
claim,1843,default,101,6,6,54.666666666666664,1,2,46.0,nan,21,33,7,7,E1,6,15,0.1,0.0
mas,1843,default,79,6,6,45.666666666666664,0,2,39.25,nan,0,15,14,21,E1,6,15,0.1,0.0
mas_iterative,1843,default,78,6,6,45.166666666666664,0,2,38.875,nan,0,13,14,21,E1,6,15,0.1,0.0
hungarian,1843,default,78,6,6,45.166666666666664,0,2,38.875,nan,0,13,18,56,E1,6,15,0.1,0.0
no_coordination,1844,default,84,6,6,49.5,3,2,47.72222222222222,24.0,31,7,0,0,E1,6,15,0.1,0.0
claim,1844,default,87,6,6,49.0,1,2,47.55555555555556,24.0,25,39,7,7,E1,6,15,0.1,0.0
mas,1844,default,72,6,6,37.666666666666664,0,2,36.94444444444444,24.0,0,36,14,21,E1,6,15,0.1,0.0
mas_iterative,1844,default,71,6,6,37.0,0,2,36.333333333333336,24.0,0,34,14,21,E1,6,15,0.1,0.0
hungarian,1844,default,71,6,6,37.0,0,2,36.333333333333336,24.0,0,34,18,56,E1,6,15,0.1,0.0
no_coordination,1845,default,108,6,6,50.166666666666664,4,2,43.55555555555556,28.5,48,8,0,0,E1,6,15,0.1,0.0
claim,1845,default,74,6,6,40.5,0,2,36.388888888888886,28.5,0,19,6,6,E1,6,15,0.1,0.0
mas,1845,default,74,6,6,40.5,0,2,36.388888888888886,28.5,0,19,12,18,E1,6,15,0.1,0.0
mas_iterative,1845,default,74,6,6,40.5,0,2,36.388888888888886,28.5,0,19,12,18,E1,6,15,0.1,0.0
hungarian,1845,default,74,6,6,40.5,0,2,36.388888888888886,28.5,0,19,18,56,E1,6,15,0.1,0.0
no_coordination,1846,default,105,6,6,49.0,4,2,37.26315789473684,28.0,84,8,0,0,E1,6,15,0.1,0.0
claim,1846,default,105,6,6,49.0,4,2,37.26315789473684,28.0,84,8,10,10,E1,6,15,0.1,0.0
mas,1846,default,72,6,6,39.0,0,2,32.36842105263158,27.25,0,22,14,21,E1,6,15,0.1,0.0
mas_iterative,1846,default,71,6,6,38.666666666666664,0,2,32.10526315789474,27.0,0,20,14,21,E1,6,15,0.1,0.0
hungarian,1846,default,71,6,6,38.666666666666664,0,2,32.10526315789474,27.0,0,20,18,58,E1,6,15,0.1,0.0
no_coordination,1847,default,142,6,6,69.83333333333333,4,2,53.666666666666664,31.333333333333332,76,8,0,0,E1,6,15,0.1,0.0
claim,1847,default,101,6,6,53.833333333333336,0,2,44.22222222222222,31.333333333333332,0,37,6,6,E1,6,15,0.1,0.0
mas,1847,default,101,6,6,53.833333333333336,0,2,44.22222222222222,31.333333333333332,0,37,12,18,E1,6,15,0.1,0.0
mas_iterative,1847,default,101,6,6,53.833333333333336,0,2,44.22222222222222,31.333333333333332,0,37,12,18,E1,6,15,0.1,0.0
hungarian,1847,default,101,6,6,53.833333333333336,0,2,44.22222222222222,31.333333333333332,0,37,18,56,E1,6,15,0.1,0.0
no_coordination,1848,default,55,6,6,34.0,3,2,30.666666666666668,22.0,20,7,0,0,E1,6,15,0.1,0.0
claim,1848,default,55,6,6,34.0,2,2,30.666666666666668,22.0,16,10,8,8,E1,6,15,0.1,0.0
mas,1848,default,54,6,6,32.0,0,2,29.166666666666668,22.0,0,16,14,21,E1,6,15,0.1,0.0
mas_iterative,1848,default,53,6,6,31.666666666666668,0,2,28.88888888888889,22.0,0,14,14,21,E1,6,15,0.1,0.0
hungarian,1848,default,53,6,6,31.666666666666668,0,2,28.88888888888889,22.0,0,14,18,58,E1,6,15,0.1,0.0
no_coordination,1849,default,103,6,6,59.666666666666664,6,2,50.42857142857143,36.0,103,10,0,0,E1,6,15,0.1,0.0
claim,1849,default,103,6,6,59.666666666666664,6,2,50.42857142857143,36.0,103,10,12,12,E1,6,15,0.1,0.0
mas,1849,default,63,6,6,43.333333333333336,0,2,39.42857142857143,37.0,0,6,14,21,E1,6,15,0.1,0.0
mas_iterative,1849,default,63,6,6,43.0,0,2,39.0,36.0,0,6,14,21,E1,6,15,0.1,0.0
hungarian,1849,default,61,6,6,39.666666666666664,0,2,35.285714285714285,24.0,0,10,18,58,E1,6,15,0.1,0.0
no_coordination,1850,default,67,6,6,46.0,4,2,40.61538461538461,nan,48,8,0,0,E1,6,15,0.1,0.0
claim,1850,default,65,6,6,43.0,1,2,38.76923076923077,nan,23,21,7,7,E1,6,15,0.1,0.0
mas,1850,default,58,6,6,37.5,0,2,33.69230769230769,nan,0,20,14,21,E1,6,15,0.1,0.0
mas_iterative,1850,default,57,6,6,37.0,0,2,33.23076923076923,nan,0,18,14,21,E1,6,15,0.1,0.0
hungarian,1850,default,57,6,6,35.333333333333336,0,2,31.384615384615383,nan,0,20,18,56,E1,6,15,0.1,0.0
no_coordination,1851,default,83,6,6,39.333333333333336,3,2,38.55555555555556,20.0,27,7,0,0,E1,6,15,0.1,0.0
claim,1851,default,65,6,6,36.333333333333336,1,2,35.55555555555556,20.0,8,17,7,7,E1,6,15,0.1,0.0
mas,1851,default,59,6,6,34.666666666666664,0,2,34.27777777777778,20.0,0,8,14,21,E1,6,15,0.1,0.0
mas_iterative,1851,default,59,6,6,34.333333333333336,0,2,34.0,20.0,0,8,14,21,E1,6,15,0.1,0.0
hungarian,1851,default,59,6,6,34.333333333333336,0,2,34.0,20.0,0,8,18,58,E1,6,15,0.1,0.0
no_coordination,1852,default,80,6,6,43.5,3,2,36.214285714285715,22.0,34,8,0,0,E1,6,15,0.1,0.0
claim,1852,default,65,6,6,38.0,0,2,33.57142857142857,22.0,0,18,6,6,E1,6,15,0.1,0.0
mas,1852,default,65,6,6,38.0,0,2,33.57142857142857,22.0,0,18,12,18,E1,6,15,0.1,0.0
mas_iterative,1852,default,65,6,6,38.0,0,2,33.57142857142857,22.0,0,18,12,18,E1,6,15,0.1,0.0
hungarian,1852,default,65,6,6,38.0,0,2,33.57142857142857,22.0,0,18,18,56,E1,6,15,0.1,0.0
no_coordination,1853,default,79,6,6,48.0,4,2,39.333333333333336,23.0,39,8,0,0,E1,6,15,0.1,0.0
claim,1853,default,65,6,6,41.666666666666664,0,2,35.6,23.0,0,10,6,6,E1,6,15,0.1,0.0
mas,1853,default,65,6,6,41.666666666666664,0,2,35.6,23.0,0,10,12,18,E1,6,15,0.1,0.0
mas_iterative,1853,default,65,6,6,41.666666666666664,0,2,35.6,23.0,0,10,12,18,E1,6,15,0.1,0.0
hungarian,1853,default,65,6,6,41.666666666666664,0,2,35.6,23.0,0,10,18,56,E1,6,15,0.1,0.0
no_coordination,1854,default,81,6,6,49.166666666666664,4,2,46.0,27.0,57,8,0,0,E1,6,15,0.1,0.0
claim,1854,default,74,6,6,42.5,1,2,40.285714285714285,27.0,21,18,7,7,E1,6,15,0.1,0.0
mas,1854,default,65,6,6,35.833333333333336,0,2,34.80952380952381,28.666666666666668,0,27,16,24,E1,6,15,0.1,0.0
mas_iterative,1854,default,64,6,6,35.166666666666664,0,2,34.19047619047619,28.333333333333332,0,25,14,21,E1,6,15,0.1,0.0
hungarian,1854,default,64,6,6,35.166666666666664,0,2,34.19047619047619,28.333333333333332,0,25,18,56,E1,6,15,0.1,0.0
no_coordination,1855,default,106,6,6,52.833333333333336,4,2,44.18181818181818,nan,55,8,0,0,E1,6,15,0.1,0.0
claim,1855,default,82,6,6,48.333333333333336,1,2,41.72727272727273,nan,27,20,7,7,E1,6,15,0.1,0.0
mas,1855,default,72,6,6,37.833333333333336,0,2,32.27272727272727,nan,0,26,14,21,E1,6,15,0.1,0.0
mas_iterative,1855,default,71,6,6,37.333333333333336,0,2,31.818181818181817,nan,0,24,16,24,E1,6,15,0.1,0.0
hungarian,1855,default,71,6,6,37.333333333333336,0,2,31.818181818181817,nan,0,24,18,58,E1,6,15,0.1,0.0
no_coordination,1856,default,139,6,6,91.66666666666667,5,2,79.52941176470588,44.0,119,9,0,0,E1,6,15,0.1,0.0
claim,1856,default,139,6,6,91.66666666666667,4,2,79.52941176470588,44.0,119,22,10,10,E1,6,15,0.1,0.0
mas,1856,default,91,6,6,52.0,0,2,46.1764705882353,25.5,0,30,14,21,E1,6,15,0.1,0.0
mas_iterative,1856,default,83,6,6,47.666666666666664,0,2,43.76470588235294,32.0,0,26,14,21,E1,6,15,0.1,0.0
hungarian,1856,default,83,6,6,47.666666666666664,0,2,43.76470588235294,32.0,0,26,18,56,E1,6,15,0.1,0.0
no_coordination,1857,default,95,6,6,60.333333333333336,4,2,52.166666666666664,nan,70,8,0,0,E1,6,15,0.1,0.0
claim,1857,default,109,6,6,58.0,3,2,49.833333333333336,nan,91,7,9,9,E1,6,15,0.1,0.0
mas,1857,default,75,6,6,38.666666666666664,0,2,32.333333333333336,nan,0,30,14,21,E1,6,15,0.1,0.0
mas_iterative,1857,default,75,6,6,38.333333333333336,0,2,32.0,nan,0,30,14,21,E1,6,15,0.1,0.0
hungarian,1857,default,75,6,6,38.333333333333336,0,2,32.0,nan,0,30,18,56,E1,6,15,0.1,0.0
no_coordination,1858,default,145,6,6,75.16666666666667,5,2,66.5625,30.0,126,9,0,0,E1,6,15,0.1,0.0
claim,1858,default,104,6,6,64.83333333333333,1,2,58.8125,30.0,31,20,7,7,E1,6,15,0.1,0.0
mas,1858,default,93,6,6,51.166666666666664,0,2,45.8125,20.0,0,22,14,21,E1,6,15,0.1,0.0
mas_iterative,1858,default,93,6,6,50.666666666666664,0,2,45.375,20.0,0,22,14,21,E1,6,15,0.1,0.0
hungarian,1858,default,93,6,6,50.666666666666664,0,2,45.375,20.0,0,22,18,56,E1,6,15,0.1,0.0
no_coordination,1859,default,111,6,6,52.666666666666664,4,2,46.22222222222222,20.0,90,8,0,0,E1,6,15,0.1,0.0
claim,1859,default,111,6,6,52.666666666666664,4,2,46.22222222222222,20.0,90,8,10,10,E1,6,15,0.1,0.0
mas,1859,default,74,6,6,39.666666666666664,0,2,36.833333333333336,20.0,0,20,14,21,E1,6,15,0.1,0.0
mas_iterative,1859,default,73,6,6,39.333333333333336,0,2,36.55555555555556,20.0,0,18,14,21,E1,6,15,0.1,0.0
hungarian,1859,default,73,6,6,39.333333333333336,0,2,36.55555555555556,20.0,0,18,18,58,E1,6,15,0.1,0.0
no_coordination,1860,default,109,6,6,59.166666666666664,4,2,49.666666666666664,nan,92,8,0,0,E1,6,15,0.1,0.0
claim,1860,default,89,6,6,54.0,1,2,47.083333333333336,nan,29,28,7,7,E1,6,15,0.1,0.0
mas,1860,default,85,6,6,44.166666666666664,0,2,36.333333333333336,nan,0,36,14,21,E1,6,15,0.1,0.0
mas_iterative,1860,default,85,6,6,43.666666666666664,0,2,35.833333333333336,nan,0,36,16,24,E1,6,15,0.1,0.0
hungarian,1860,default,85,6,6,43.666666666666664,0,2,35.833333333333336,nan,0,36,20,59,E1,6,15,0.1,0.0
no_coordination,1861,default,127,6,6,65.66666666666667,5,2,50.125,23.0,106,9,0,0,E1,6,15,0.1,0.0
claim,1861,default,79,6,6,47.666666666666664,0,2,39.25,23.0,0,14,6,6,E1,6,15,0.1,0.0
mas,1861,default,79,6,6,47.666666666666664,0,2,39.25,23.0,0,14,12,18,E1,6,15,0.1,0.0
mas_iterative,1861,default,79,6,6,47.666666666666664,0,2,39.25,23.0,0,14,12,18,E1,6,15,0.1,0.0
hungarian,1861,default,79,6,6,47.666666666666664,0,2,39.25,23.0,0,14,18,56,E1,6,15,0.1,0.0
no_coordination,1862,default,113,6,6,58.333333333333336,3,2,48.94117647058823,20.0,39,7,0,0,E1,6,15,0.1,0.0
claim,1862,default,109,6,6,57.666666666666664,1,2,48.470588235294116,20.0,32,37,7,7,E1,6,15,0.1,0.0
mas,1862,default,91,6,6,49.666666666666664,0,2,42.8235294117647,20.0,0,18,14,21,E1,6,15,0.1,0.0
mas_iterative,1862,default,91,6,6,49.333333333333336,0,2,42.588235294117645,20.0,0,18,14,21,E1,6,15,0.1,0.0
hungarian,1862,default,91,6,6,49.333333333333336,0,2,42.588235294117645,20.0,0,18,18,58,E1,6,15,0.1,0.0
no_coordination,1863,default,97,6,6,52.166666666666664,4,2,44.07142857142857,nan,75,8,0,0,E1,6,15,0.1,0.0
claim,1863,default,69,6,6,39.166666666666664,0,2,34.92857142857143,nan,0,23,6,6,E1,6,15,0.1,0.0
mas,1863,default,69,6,6,39.166666666666664,0,2,34.92857142857143,nan,0,23,12,18,E1,6,15,0.1,0.0
mas_iterative,1863,default,69,6,6,39.166666666666664,0,2,34.92857142857143,nan,0,23,12,18,E1,6,15,0.1,0.0
hungarian,1863,default,69,6,6,39.166666666666664,0,2,34.92857142857143,nan,0,23,18,56,E1,6,15,0.1,0.0
no_coordination,1864,default,128,6,6,72.16666666666667,5,2,64.6875,22.0,85,9,0,0,E1,6,15,0.1,0.0
claim,1864,default,106,6,6,66.0,2,2,60.0625,22.0,49,29,8,8,E1,6,15,0.1,0.0
mas,1864,default,85,6,6,47.0,0,2,43.25,22.0,0,28,14,21,E1,6,15,0.1,0.0
mas_iterative,1864,default,85,6,6,46.666666666666664,0,2,42.875,22.0,0,28,16,24,E1,6,15,0.1,0.0
hungarian,1864,default,85,6,6,46.666666666666664,0,2,42.875,22.0,0,28,18,58,E1,6,15,0.1,0.0
no_coordination,1865,default,139,6,6,65.0,5,2,46.142857142857146,22.0,118,9,0,0,E1,6,15,0.1,0.0
claim,1865,default,83,6,6,47.666666666666664,0,2,37.0,22.0,0,10,6,6,E1,6,15,0.1,0.0
mas,1865,default,83,6,6,47.666666666666664,0,2,37.0,22.0,0,10,12,18,E1,6,15,0.1,0.0
mas_iterative,1865,default,83,6,6,47.666666666666664,0,2,37.0,22.0,0,10,12,18,E1,6,15,0.1,0.0
hungarian,1865,default,83,6,6,47.666666666666664,0,2,37.0,22.0,0,10,18,56,E1,6,15,0.1,0.0
no_coordination,1866,default,105,6,6,55.166666666666664,5,2,49.5,36.0,69,9,0,0,E1,6,15,0.1,0.0
claim,1866,default,83,6,6,44.5,1,2,41.22222222222222,36.0,25,38,7,7,E1,6,15,0.1,0.0
mas,1866,default,72,6,6,38.166666666666664,0,2,34.888888888888886,26.5,0,35,14,21,E1,6,15,0.1,0.0
mas_iterative,1866,default,72,6,6,37.833333333333336,0,2,34.55555555555556,26.0,0,35,14,21,E1,6,15,0.1,0.0
hungarian,1866,default,68,6,6,33.833333333333336,0,2,30.555555555555557,22.0,0,35,18,56,E1,6,15,0.1,0.0
no_coordination,1867,default,87,6,6,50.0,3,2,41.6,20.0,23,7,0,0,E1,6,15,0.1,0.0
claim,1867,default,73,6,6,45.0,0,2,38.93333333333333,20.0,0,10,6,6,E1,6,15,0.1,0.0
mas,1867,default,73,6,6,45.0,0,2,38.93333333333333,20.0,0,10,12,18,E1,6,15,0.1,0.0
mas_iterative,1867,default,73,6,6,45.0,0,2,38.93333333333333,20.0,0,10,12,18,E1,6,15,0.1,0.0
hungarian,1867,default,73,6,6,45.0,0,2,38.93333333333333,20.0,0,10,18,56,E1,6,15,0.1,0.0
no_coordination,1868,default,129,6,6,70.0,4,2,58.0,20.0,108,9,0,0,E1,6,15,0.1,0.0
claim,1868,default,129,6,6,70.0,4,2,58.0,20.0,108,9,11,11,E1,6,15,0.1,0.0
mas,1868,default,87,6,6,49.0,0,2,44.22222222222222,20.0,0,28,14,21,E1,6,15,0.1,0.0
mas_iterative,1868,default,87,6,6,48.0,0,2,43.55555555555556,20.0,0,30,14,21,E1,6,15,0.1,0.0
hungarian,1868,default,87,6,6,48.0,0,2,43.55555555555556,20.0,0,30,18,58,E1,6,15,0.1,0.0
no_coordination,1869,default,109,6,6,73.66666666666667,5,2,61.285714285714285,26.0,83,9,0,0,E1,6,15,0.1,0.0
claim,1869,default,109,6,6,73.66666666666667,4,2,61.285714285714285,26.0,83,18,10,10,E1,6,15,0.1,0.0
mas,1869,default,85,6,6,41.166666666666664,0,2,33.857142857142854,20.0,0,44,14,21,E1,6,15,0.1,0.0
mas_iterative,1869,default,85,6,6,40.666666666666664,0,2,33.42857142857143,20.0,0,44,16,24,E1,6,15,0.1,0.0
hungarian,1869,default,85,6,6,40.666666666666664,0,2,33.42857142857143,20.0,0,44,20,59,E1,6,15,0.1,0.0
no_coordination,1870,default,141,6,6,76.33333333333333,6,2,61.857142857142854,24.0,141,10,0,0,E1,6,15,0.1,0.0
claim,1870,default,141,6,6,76.33333333333333,6,2,61.857142857142854,24.0,141,10,12,12,E1,6,15,0.1,0.0
mas,1870,default,64,6,6,38.833333333333336,0,2,34.57142857142857,20.0,0,8,14,21,E1,6,15,0.1,0.0
mas_iterative,1870,default,63,6,6,38.333333333333336,0,2,34.142857142857146,20.0,0,6,16,24,E1,6,15,0.1,0.0
hungarian,1870,default,63,6,6,38.333333333333336,0,2,34.142857142857146,20.0,0,6,18,58,E1,6,15,0.1,0.0
no_coordination,1871,default,75,6,6,40.333333333333336,3,2,38.35294117647059,nan,31,7,0,0,E1,6,15,0.1,0.0
claim,1871,default,53,6,6,35.333333333333336,0,2,34.35294117647059,nan,0,6,6,6,E1,6,15,0.1,0.0
mas,1871,default,53,6,6,35.333333333333336,0,2,34.35294117647059,nan,0,6,12,18,E1,6,15,0.1,0.0
mas_iterative,1871,default,53,6,6,35.333333333333336,0,2,34.35294117647059,nan,0,6,12,18,E1,6,15,0.1,0.0
hungarian,1871,default,53,6,6,35.333333333333336,0,2,34.35294117647059,nan,0,6,18,56,E1,6,15,0.1,0.0
no_coordination,1872,default,88,6,6,54.333333333333336,4,2,50.421052631578945,33.5,44,8,0,0,E1,6,15,0.1,0.0
claim,1872,default,93,6,6,50.333333333333336,1,2,48.10526315789474,33.5,23,38,7,7,E1,6,15,0.1,0.0
mas,1872,default,78,6,6,39.333333333333336,0,2,38.78947368421053,35.0,0,34,14,21,E1,6,15,0.1,0.0
mas_iterative,1872,default,77,6,6,38.666666666666664,0,2,38.21052631578947,35.0,0,32,14,21,E1,6,15,0.1,0.0
hungarian,1872,default,77,6,6,39.0,0,2,37.05263157894737,21.0,0,30,18,56,E1,6,15,0.1,0.0
no_coordination,1873,default,91,6,6,45.0,3,2,34.92307692307692,20.0,58,7,0,0,E1,6,15,0.1,0.0
claim,1873,default,71,6,6,41.666666666666664,1,2,33.38461538461539,20.0,12,11,7,7,E1,6,15,0.1,0.0
mas,1873,default,75,6,6,41.166666666666664,0,2,32.30769230769231,20.0,0,26,14,21,E1,6,15,0.1,0.0
mas_iterative,1873,default,75,6,6,41.0,0,2,32.15384615384615,20.0,0,26,14,21,E1,6,15,0.1,0.0
hungarian,1873,default,75,6,6,41.0,0,2,32.15384615384615,20.0,0,26,18,58,E1,6,15,0.1,0.0
no_coordination,1874,default,93,6,6,52.0,3,2,39.23076923076923,nan,50,7,0,0,E1,6,15,0.1,0.0
claim,1874,default,93,6,6,52.0,2,2,39.23076923076923,nan,46,10,8,8,E1,6,15,0.1,0.0
mas,1874,default,87,6,6,44.166666666666664,0,2,35.23076923076923,nan,0,30,14,21,E1,6,15,0.1,0.0
mas_iterative,1874,default,87,6,6,44.0,0,2,35.07692307692308,nan,0,30,14,21,E1,6,15,0.1,0.0
hungarian,1874,default,87,6,6,44.0,0,2,35.07692307692308,nan,0,30,18,58,E1,6,15,0.1,0.0
no_coordination,1875,default,84,6,6,51.5,3,2,41.35294117647059,28.666666666666668,44,7,0,0,E1,6,15,0.1,0.0
claim,1875,default,69,6,6,43.0,0,2,36.23529411764706,28.666666666666668,0,18,6,6,E1,6,15,0.1,0.0
mas,1875,default,69,6,6,43.0,0,2,36.23529411764706,28.666666666666668,0,18,12,18,E1,6,15,0.1,0.0
mas_iterative,1875,default,69,6,6,43.0,0,2,36.23529411764706,28.666666666666668,0,18,12,18,E1,6,15,0.1,0.0
hungarian,1875,default,69,6,6,43.0,0,2,36.23529411764706,28.666666666666668,0,18,18,56,E1,6,15,0.1,0.0
no_coordination,1876,default,79,6,6,47.0,3,2,42.666666666666664,20.0,42,7,0,0,E1,6,15,0.1,0.0
claim,1876,default,79,6,6,47.0,2,2,42.666666666666664,20.0,36,12,8,8,E1,6,15,0.1,0.0
mas,1876,default,66,6,6,40.0,0,2,37.06666666666667,20.0,0,12,14,21,E1,6,15,0.1,0.0
mas_iterative,1876,default,65,6,6,39.666666666666664,0,2,36.8,20.0,0,10,14,21,E1,6,15,0.1,0.0
hungarian,1876,default,65,6,6,39.666666666666664,0,2,36.8,20.0,0,10,18,58,E1,6,15,0.1,0.0
no_coordination,1877,default,113,6,6,60.833333333333336,4,2,55.75,44.0,87,8,0,0,E1,6,15,0.1,0.0
claim,1877,default,72,6,6,46.5,0,2,44.15,39.0,0,9,6,6,E1,6,15,0.1,0.0
mas,1877,default,72,6,6,46.5,0,2,44.15,39.0,0,9,12,18,E1,6,15,0.1,0.0
mas_iterative,1877,default,72,6,6,46.5,0,2,44.15,39.0,0,9,12,18,E1,6,15,0.1,0.0
hungarian,1877,default,72,6,6,46.5,0,2,44.15,39.0,0,9,18,56,E1,6,15,0.1,0.0
no_coordination,1878,default,103,6,6,49.333333333333336,5,2,39.2,22.0,49,9,0,0,E1,6,15,0.1,0.0
claim,1878,default,73,6,6,39.0,0,2,32.8,22.0,0,26,6,6,E1,6,15,0.1,0.0
mas,1878,default,73,6,6,39.0,0,2,32.8,22.0,0,26,12,18,E1,6,15,0.1,0.0
mas_iterative,1878,default,73,6,6,39.0,0,2,32.8,22.0,0,26,12,18,E1,6,15,0.1,0.0
hungarian,1878,default,73,6,6,39.0,0,2,32.8,22.0,0,26,18,56,E1,6,15,0.1,0.0
no_coordination,1879,default,97,6,6,59.0,6,2,51.53846153846154,nan,97,10,0,0,E1,6,15,0.1,0.0
claim,1879,default,97,6,6,59.0,6,2,51.53846153846154,nan,97,10,12,12,E1,6,15,0.1,0.0
mas,1879,default,55,6,6,35.833333333333336,0,2,32.46153846153846,nan,0,10,14,21,E1,6,15,0.1,0.0
mas_iterative,1879,default,55,6,6,35.333333333333336,0,2,32.0,nan,0,10,16,24,E1,6,15,0.1,0.0
hungarian,1879,default,51,6,6,35.333333333333336,0,2,31.846153846153847,nan,0,4,18,58,E1,6,15,0.1,0.0
no_coordination,1880,default,80,6,6,53.833333333333336,5,2,45.57142857142857,20.0,74,9,0,0,E1,6,15,0.1,0.0
claim,1880,default,76,6,6,51.833333333333336,3,2,44.714285714285715,20.0,57,15,9,9,E1,6,15,0.1,0.0
mas,1880,default,49,6,6,31.5,0,2,29.071428571428573,20.0,0,11,14,21,E1,6,15,0.1,0.0
mas_iterative,1880,default,48,6,6,31.0,0,2,28.642857142857142,20.0,0,9,16,24,E1,6,15,0.1,0.0
hungarian,1880,default,48,6,6,31.0,0,2,28.642857142857142,20.0,0,9,18,58,E1,6,15,0.1,0.0
no_coordination,1881,default,119,6,6,61.5,4,2,49.86666666666667,22.0,69,38,0,0,E1,6,15,0.1,0.0
claim,1881,default,119,6,6,61.333333333333336,2,2,49.733333333333334,22.0,51,42,8,8,E1,6,15,0.1,0.0
mas,1881,default,119,6,6,56.5,0,2,45.0,22.0,0,82,16,24,E1,6,15,0.1,0.0
mas_iterative,1881,default,83,6,6,43.833333333333336,0,2,39.13333333333333,22.0,0,37,14,21,E1,6,15,0.1,0.0
hungarian,1881,default,73,6,6,40.833333333333336,0,2,36.2,24.0,0,27,18,56,E1,6,15,0.1,0.0
no_coordination,1882,default,157,6,6,85.0,6,2,69.38461538461539,34.0,157,10,0,0,E1,6,15,0.1,0.0
claim,1882,default,157,6,6,85.0,6,2,69.38461538461539,34.0,157,10,12,12,E1,6,15,0.1,0.0
mas,1882,default,85,6,6,43.333333333333336,0,2,34.53846153846154,20.0,0,38,14,21,E1,6,15,0.1,0.0
mas_iterative,1882,default,85,6,6,43.0,0,2,34.15384615384615,20.0,0,38,16,24,E1,6,15,0.1,0.0
hungarian,1882,default,85,6,6,43.0,0,2,34.15384615384615,20.0,0,38,20,59,E1,6,15,0.1,0.0
no_coordination,1883,default,69,6,6,40.0,4,2,32.90909090909091,nan,23,8,0,0,E1,6,15,0.1,0.0
claim,1883,default,57,6,6,33.333333333333336,0,2,29.09090909090909,nan,0,22,6,6,E1,6,15,0.1,0.0
mas,1883,default,57,6,6,33.333333333333336,0,2,29.09090909090909,nan,0,22,12,18,E1,6,15,0.1,0.0
mas_iterative,1883,default,57,6,6,33.333333333333336,0,2,29.09090909090909,nan,0,22,12,18,E1,6,15,0.1,0.0
hungarian,1883,default,57,6,6,33.333333333333336,0,2,29.09090909090909,nan,0,22,18,56,E1,6,15,0.1,0.0
no_coordination,1884,default,65,6,6,36.0,3,2,33.26315789473684,24.0,13,7,0,0,E1,6,15,0.1,0.0
claim,1884,default,61,6,6,35.333333333333336,1,2,32.8421052631579,24.0,8,21,7,7,E1,6,15,0.1,0.0
mas,1884,default,54,6,6,32.666666666666664,0,2,30.68421052631579,24.0,0,16,14,21,E1,6,15,0.1,0.0
mas_iterative,1884,default,53,6,6,32.333333333333336,0,2,30.42105263157895,24.0,0,14,14,21,E1,6,15,0.1,0.0
hungarian,1884,default,53,6,6,32.333333333333336,0,2,30.42105263157895,24.0,0,14,18,58,E1,6,15,0.1,0.0
no_coordination,1885,default,131,6,6,61.666666666666664,4,2,47.857142857142854,20.0,110,8,0,0,E1,6,15,0.1,0.0
claim,1885,default,131,6,6,61.666666666666664,4,2,47.857142857142854,20.0,110,8,10,10,E1,6,15,0.1,0.0
mas,1885,default,77,6,6,45.666666666666664,0,2,38.07142857142857,20.0,0,6,14,21,E1,6,15,0.1,0.0
mas_iterative,1885,default,77,6,6,45.333333333333336,0,2,37.857142857142854,20.0,0,6,14,21,E1,6,15,0.1,0.0
hungarian,1885,default,77,6,6,45.333333333333336,0,2,37.857142857142854,20.0,0,6,18,58,E1,6,15,0.1,0.0
no_coordination,1886,default,86,6,6,45.0,3,2,40.3125,22.0,63,7,0,0,E1,6,15,0.1,0.0
claim,1886,default,81,6,6,43.666666666666664,1,2,39.3125,22.0,23,32,7,7,E1,6,15,0.1,0.0
mas,1886,default,75,6,6,39.833333333333336,0,2,35.875,22.0,0,28,14,21,E1,6,15,0.1,0.0
mas_iterative,1886,default,75,6,6,39.333333333333336,0,2,35.375,22.0,0,28,14,21,E1,6,15,0.1,0.0
hungarian,1886,default,75,6,6,39.333333333333336,0,2,35.375,22.0,0,28,18,56,E1,6,15,0.1,0.0
no_coordination,1887,default,93,6,6,48.666666666666664,4,2,39.23076923076923,nan,72,8,0,0,E1,6,15,0.1,0.0
claim,1887,default,93,6,6,48.666666666666664,4,2,39.23076923076923,nan,72,8,10,10,E1,6,15,0.1,0.0
mas,1887,default,71,6,6,38.0,0,2,32.69230769230769,nan,0,32,14,21,E1,6,15,0.1,0.0
mas_iterative,1887,default,71,6,6,37.666666666666664,0,2,32.46153846153846,nan,0,32,16,24,E1,6,15,0.1,0.0
hungarian,1887,default,71,6,6,37.666666666666664,0,2,32.46153846153846,nan,0,32,20,61,E1,6,15,0.1,0.0
no_coordination,1888,default,108,6,6,62.333333333333336,4,2,55.583333333333336,nan,45,8,0,0,E1,6,15,0.1,0.0
claim,1888,default,91,6,6,59.0,1,2,53.666666666666664,nan,27,11,7,7,E1,6,15,0.1,0.0
mas,1888,default,75,6,6,47.5,0,2,43.25,nan,0,6,14,21,E1,6,15,0.1,0.0
mas_iterative,1888,default,75,6,6,47.0,0,2,42.833333333333336,nan,0,6,14,21,E1,6,15,0.1,0.0
hungarian,1888,default,77,6,6,46.333333333333336,0,2,42.166666666666664,nan,0,8,18,56,E1,6,15,0.1,0.0
no_coordination,1889,default,76,6,6,47.0,6,2,37.285714285714285,25.0,76,10,0,0,E1,6,15,0.1,0.0
claim,1889,default,76,6,6,47.0,6,2,37.285714285714285,25.0,76,10,12,12,E1,6,15,0.1,0.0
mas,1889,default,52,6,6,36.333333333333336,0,2,31.571428571428573,25.0,0,11,14,21,E1,6,15,0.1,0.0
mas_iterative,1889,default,52,6,6,35.833333333333336,0,2,31.142857142857142,24.5,0,11,14,21,E1,6,15,0.1,0.0
hungarian,1889,default,52,6,6,35.833333333333336,0,2,31.142857142857142,24.5,0,11,18,56,E1,6,15,0.1,0.0
no_coordination,1890,default,85,6,6,44.333333333333336,4,2,36.375,22.0,62,8,0,0,E1,6,15,0.1,0.0
claim,1890,default,59,6,6,36.0,0,2,31.625,22.0,0,14,6,6,E1,6,15,0.1,0.0
mas,1890,default,59,6,6,36.0,0,2,31.625,22.0,0,14,12,18,E1,6,15,0.1,0.0
mas_iterative,1890,default,59,6,6,36.0,0,2,31.625,22.0,0,14,12,18,E1,6,15,0.1,0.0
hungarian,1890,default,59,6,6,36.0,0,2,31.625,22.0,0,14,18,56,E1,6,15,0.1,0.0
no_coordination,1891,default,90,6,6,55.5,4,2,41.666666666666664,23.0,67,9,0,0,E1,6,15,0.1,0.0
claim,1891,default,90,6,6,55.5,4,2,41.666666666666664,23.0,67,9,10,10,E1,6,15,0.1,0.0
mas,1891,default,72,6,6,42.166666666666664,0,2,33.0,20.5,0,16,14,21,E1,6,15,0.1,0.0
mas_iterative,1891,default,71,6,6,41.666666666666664,0,2,32.53333333333333,20.0,0,14,16,24,E1,6,15,0.1,0.0
hungarian,1891,default,71,6,6,41.666666666666664,0,2,32.53333333333333,20.0,0,14,18,58,E1,6,15,0.1,0.0
no_coordination,1892,default,104,6,6,54.333333333333336,5,2,41.84615384615385,20.0,61,9,0,0,E1,6,15,0.1,0.0
claim,1892,default,76,6,6,46.0,1,2,38.0,20.0,21,18,7,7,E1,6,15,0.1,0.0
mas,1892,default,82,6,6,43.0,0,2,36.30769230769231,20.0,0,32,14,21,E1,6,15,0.1,0.0
mas_iterative,1892,default,81,6,6,42.333333333333336,0,2,35.84615384615385,20.0,0,30,14,21,E1,6,15,0.1,0.0
hungarian,1892,default,65,6,6,39.333333333333336,0,2,32.92307692307692,28.0,0,12,18,58,E1,6,15,0.1,0.0
no_coordination,1893,default,85,6,6,51.666666666666664,6,2,47.6,35.333333333333336,85,10,0,0,E1,6,15,0.1,0.0
claim,1893,default,85,6,6,51.666666666666664,6,2,47.6,35.333333333333336,85,10,12,12,E1,6,15,0.1,0.0
mas,1893,default,59,6,6,37.5,0,2,35.3,29.666666666666668,0,20,14,21,E1,6,15,0.1,0.0
mas_iterative,1893,default,59,6,6,37.0,0,2,34.8,29.333333333333332,0,20,14,21,E1,6,15,0.1,0.0
hungarian,1893,default,59,6,6,36.0,0,2,33.8,28.666666666666668,0,22,18,56,E1,6,15,0.1,0.0
no_coordination,1894,default,65,6,6,38.0,3,2,33.5,20.0,36,7,0,0,E1,6,15,0.1,0.0
claim,1894,default,53,6,6,36.0,1,2,32.75,20.0,12,5,7,7,E1,6,15,0.1,0.0
mas,1894,default,51,6,6,33.5,0,2,30.3125,20.0,0,14,14,21,E1,6,15,0.1,0.0
mas_iterative,1894,default,51,6,6,33.333333333333336,0,2,30.125,20.0,0,14,14,21,E1,6,15,0.1,0.0
hungarian,1894,default,51,6,6,33.333333333333336,0,2,30.125,20.0,0,14,18,58,E1,6,15,0.1,0.0
no_coordination,1895,default,126,6,6,62.666666666666664,5,2,48.07692307692308,nan,83,9,0,0,E1,6,15,0.1,0.0
claim,1895,default,95,6,6,52.0,1,2,42.76923076923077,nan,21,34,7,7,E1,6,15,0.1,0.0
mas,1895,default,68,6,6,38.833333333333336,0,2,32.92307692307692,nan,0,14,14,21,E1,6,15,0.1,0.0
mas_iterative,1895,default,67,6,6,38.333333333333336,0,2,32.46153846153846,nan,0,12,16,24,E1,6,15,0.1,0.0
hungarian,1895,default,67,6,6,38.333333333333336,0,2,32.46153846153846,nan,0,12,18,58,E1,6,15,0.1,0.0
no_coordination,1896,default,87,6,6,48.0,4,2,39.375,21.0,34,8,0,0,E1,6,15,0.1,0.0
claim,1896,default,79,6,6,40.666666666666664,0,2,34.875,21.0,0,32,6,6,E1,6,15,0.1,0.0
mas,1896,default,79,6,6,40.666666666666664,0,2,34.875,21.0,0,32,12,18,E1,6,15,0.1,0.0
mas_iterative,1896,default,79,6,6,40.666666666666664,0,2,34.875,21.0,0,32,12,18,E1,6,15,0.1,0.0
hungarian,1896,default,79,6,6,40.666666666666664,0,2,34.875,21.0,0,32,18,56,E1,6,15,0.1,0.0
no_coordination,1897,default,99,6,6,65.33333333333333,4,2,59.05263157894737,47.333333333333336,79,8,0,0,E1,6,15,0.1,0.0
claim,1897,default,99,6,6,65.33333333333333,4,2,59.05263157894737,47.333333333333336,79,8,10,10,E1,6,15,0.1,0.0
mas,1897,default,66,6,6,42.666666666666664,0,2,38.68421052631579,32.333333333333336,0,15,14,21,E1,6,15,0.1,0.0
mas_iterative,1897,default,66,6,6,42.166666666666664,0,2,38.1578947368421,32.0,0,15,14,21,E1,6,15,0.1,0.0
hungarian,1897,default,66,6,6,42.166666666666664,0,2,38.1578947368421,32.0,0,15,18,56,E1,6,15,0.1,0.0
no_coordination,1898,default,86,6,6,53.0,4,2,45.75,nan,45,8,0,0,E1,6,15,0.1,0.0
claim,1898,default,79,6,6,51.833333333333336,2,2,45.166666666666664,nan,37,19,8,8,E1,6,15,0.1,0.0
mas,1898,default,60,6,6,35.833333333333336,0,2,32.25,nan,0,24,14,21,E1,6,15,0.1,0.0
mas_iterative,1898,default,59,6,6,35.333333333333336,0,2,31.833333333333332,nan,0,22,16,24,E1,6,15,0.1,0.0
hungarian,1898,default,59,6,6,35.333333333333336,0,2,31.833333333333332,nan,0,22,18,58,E1,6,15,0.1,0.0
no_coordination,1899,default,110,6,6,60.0,5,2,53.5,33.0,81,9,0,0,E1,6,15,0.1,0.0
claim,1899,default,77,6,6,50.333333333333336,1,2,46.45,33.0,25,12,7,7,E1,6,15,0.1,0.0
mas,1899,default,67,6,6,43.833333333333336,0,2,40.45,28.333333333333332,0,6,14,21,E1,6,15,0.1,0.0
mas_iterative,1899,default,67,6,6,43.333333333333336,0,2,40.0,28.0,0,6,16,24,E1,6,15,0.1,0.0
hungarian,1899,default,67,6,6,43.333333333333336,0,2,40.0,28.0,0,6,18,58,E1,6,15,0.1,0.0
no_coordination,1900,default,107,6,6,64.66666666666667,3,2,56.57142857142857,20.0,79,7,0,0,E1,6,15,0.1,0.0
claim,1900,default,107,6,6,64.66666666666667,2,2,56.57142857142857,20.0,49,36,8,8,E1,6,15,0.1,0.0
mas,1900,default,82,6,6,42.333333333333336,0,2,39.357142857142854,20.0,0,38,14,21,E1,6,15,0.1,0.0
mas_iterative,1900,default,81,6,6,41.666666666666664,0,2,38.857142857142854,20.0,0,36,16,24,E1,6,15,0.1,0.0
hungarian,1900,default,81,6,6,41.666666666666664,0,2,38.857142857142854,20.0,0,36,18,58,E1,6,15,0.1,0.0
no_coordination,1901,default,78,6,6,45.0,3,2,41.36842105263158,26.5,28,7,0,0,E1,6,15,0.1,0.0
claim,1901,default,69,6,6,42.833333333333336,0,2,39.78947368421053,26.5,0,9,6,6,E1,6,15,0.1,0.0
mas,1901,default,69,6,6,42.833333333333336,0,2,39.78947368421053,26.5,0,9,12,18,E1,6,15,0.1,0.0
mas_iterative,1901,default,69,6,6,42.833333333333336,0,2,39.78947368421053,26.5,0,9,12,18,E1,6,15,0.1,0.0
hungarian,1901,default,69,6,6,42.833333333333336,0,2,39.78947368421053,26.5,0,9,18,56,E1,6,15,0.1,0.0
no_coordination,1902,default,91,6,6,55.666666666666664,4,2,48.0,34.0,77,8,0,0,E1,6,15,0.1,0.0
claim,1902,default,89,6,6,55.333333333333336,2,2,47.8,34.0,45,34,8,8,E1,6,15,0.1,0.0
mas,1902,default,64,6,6,33.5,0,2,28.2,20.0,0,28,14,21,E1,6,15,0.1,0.0
mas_iterative,1902,default,63,6,6,33.0,0,2,27.8,20.0,0,26,16,24,E1,6,15,0.1,0.0
hungarian,1902,default,63,6,6,33.0,0,2,27.8,20.0,0,26,18,58,E1,6,15,0.1,0.0
no_coordination,1903,default,84,6,6,44.0,4,2,38.666666666666664,nan,52,8,0,0,E1,6,15,0.1,0.0
claim,1903,default,87,6,6,42.666666666666664,2,2,37.55555555555556,nan,52,6,8,8,E1,6,15,0.1,0.0
mas,1903,default,66,6,6,39.166666666666664,0,2,35.22222222222222,nan,0,14,14,21,E1,6,15,0.1,0.0
mas_iterative,1903,default,65,6,6,39.0,0,2,35.111111111111114,nan,0,12,14,21,E1,6,15,0.1,0.0
hungarian,1903,default,65,6,6,39.0,0,2,35.111111111111114,nan,0,12,18,58,E1,6,15,0.1,0.0
no_coordination,1904,default,136,6,6,68.33333333333333,4,2,54.266666666666666,22.0,81,9,0,0,E1,6,15,0.1,0.0
claim,1904,default,105,6,6,58.666666666666664,1,2,48.6,22.0,23,36,7,7,E1,6,15,0.1,0.0
mas,1904,default,90,6,6,51.833333333333336,0,2,43.4,22.0,0,16,14,21,E1,6,15,0.1,0.0
mas_iterative,1904,default,89,6,6,51.333333333333336,0,2,42.93333333333333,22.0,0,14,14,21,E1,6,15,0.1,0.0
hungarian,1904,default,89,6,6,51.333333333333336,0,2,42.93333333333333,22.0,0,14,18,56,E1,6,15,0.1,0.0
no_coordination,1905,default,85,6,6,44.0,4,2,36.73684210526316,24.666666666666668,64,8,0,0,E1,6,15,0.1,0.0
claim,1905,default,85,6,6,44.0,4,2,36.73684210526316,24.666666666666668,64,8,10,10,E1,6,15,0.1,0.0
mas,1905,default,57,6,6,35.0,0,2,31.157894736842106,24.666666666666668,0,12,14,21,E1,6,15,0.1,0.0
mas_iterative,1905,default,57,6,6,34.666666666666664,0,2,30.842105263157894,24.666666666666668,0,12,14,21,E1,6,15,0.1,0.0
hungarian,1905,default,57,6,6,34.666666666666664,0,2,30.842105263157894,24.666666666666668,0,12,18,58,E1,6,15,0.1,0.0
no_coordination,1906,default,106,6,6,54.0,4,2,42.785714285714285,24.0,74,8,0,0,E1,6,15,0.1,0.0
claim,1906,default,75,6,6,44.0,0,2,37.857142857142854,24.0,0,8,6,6,E1,6,15,0.1,0.0
mas,1906,default,75,6,6,44.0,0,2,37.857142857142854,24.0,0,8,12,18,E1,6,15,0.1,0.0
mas_iterative,1906,default,75,6,6,44.0,0,2,37.857142857142854,24.0,0,8,12,18,E1,6,15,0.1,0.0
hungarian,1906,default,75,6,6,44.0,0,2,37.857142857142854,24.0,0,8,18,56,E1,6,15,0.1,0.0
no_coordination,1907,default,92,6,6,70.0,4,2,61.3125,38.0,83,9,0,0,E1,6,15,0.1,0.0
claim,1907,default,96,6,6,70.66666666666667,3,2,61.5625,38.0,81,15,9,9,E1,6,15,0.1,0.0
mas,1907,default,89,6,6,59.666666666666664,0,2,50.625,29.5,0,7,14,21,E1,6,15,0.1,0.0
mas_iterative,1907,default,89,6,6,59.166666666666664,0,2,50.1875,29.0,0,7,16,24,E1,6,15,0.1,0.0
hungarian,1907,default,81,6,6,52.0,0,2,44.75,37.0,0,4,18,56,E1,6,15,0.1,0.0
no_coordination,1908,default,79,6,6,42.166666666666664,3,2,37.94736842105263,20.0,47,7,0,0,E1,6,15,0.1,0.0
claim,1908,default,74,6,6,41.333333333333336,1,2,37.421052631578945,20.0,16,26,7,7,E1,6,15,0.1,0.0
mas,1908,default,64,6,6,38.333333333333336,0,2,35.10526315789474,20.0,0,14,14,21,E1,6,15,0.1,0.0
mas_iterative,1908,default,63,6,6,38.0,0,2,34.8421052631579,20.0,0,12,16,24,E1,6,15,0.1,0.0
hungarian,1908,default,63,6,6,38.0,0,2,34.8421052631579,20.0,0,12,18,60,E1,6,15,0.1,0.0
no_coordination,1909,default,84,6,6,51.5,3,2,48.6875,nan,51,8,0,0,E1,6,15,0.1,0.0
claim,1909,default,66,6,6,48.333333333333336,1,2,46.3125,nan,31,6,7,7,E1,6,15,0.1,0.0
mas,1909,default,55,6,6,35.666666666666664,0,2,33.8125,nan,0,12,14,21,E1,6,15,0.1,0.0
mas_iterative,1909,default,55,6,6,35.333333333333336,0,2,33.5,nan,0,12,16,24,E1,6,15,0.1,0.0
hungarian,1909,default,55,6,6,35.333333333333336,0,2,33.5,nan,0,12,18,58,E1,6,15,0.1,0.0
no_coordination,1910,default,101,6,6,49.333333333333336,4,2,34.92307692307692,20.0,80,8,0,0,E1,6,15,0.1,0.0
claim,1910,default,101,6,6,49.333333333333336,4,2,34.92307692307692,20.0,80,8,10,10,E1,6,15,0.1,0.0
mas,1910,default,67,6,6,38.0,0,2,29.692307692307693,20.0,0,20,14,21,E1,6,15,0.1,0.0
mas_iterative,1910,default,67,6,6,37.666666666666664,0,2,29.53846153846154,20.0,0,20,14,21,E1,6,15,0.1,0.0
hungarian,1910,default,67,6,6,37.666666666666664,0,2,29.53846153846154,20.0,0,20,18,58,E1,6,15,0.1,0.0
no_coordination,1911,default,89,6,6,42.666666666666664,4,2,37.4,22.666666666666668,68,8,0,0,E1,6,15,0.1,0.0
claim,1911,default,89,6,6,42.666666666666664,4,2,37.4,22.666666666666668,68,8,10,10,E1,6,15,0.1,0.0
mas,1911,default,62,6,6,35.333333333333336,0,2,32.15,22.666666666666668,0,14,14,21,E1,6,15,0.1,0.0
mas_iterative,1911,default,61,6,6,35.0,0,2,31.9,22.666666666666668,0,12,14,21,E1,6,15,0.1,0.0
hungarian,1911,default,61,6,6,35.0,0,2,31.9,22.666666666666668,0,12,18,58,E1,6,15,0.1,0.0
no_coordination,1912,default,79,6,6,48.833333333333336,4,2,42.0625,22.0,45,8,0,0,E1,6,15,0.1,0.0
claim,1912,default,59,6,6,38.666666666666664,0,2,34.5,22.0,0,12,6,6,E1,6,15,0.1,0.0
mas,1912,default,59,6,6,38.666666666666664,0,2,34.5,22.0,0,12,12,18,E1,6,15,0.1,0.0
mas_iterative,1912,default,59,6,6,38.666666666666664,0,2,34.5,22.0,0,12,12,18,E1,6,15,0.1,0.0
hungarian,1912,default,59,6,6,38.666666666666664,0,2,34.5,22.0,0,12,18,56,E1,6,15,0.1,0.0
no_coordination,1913,default,77,6,6,46.666666666666664,3,2,42.0,20.0,40,7,0,0,E1,6,15,0.1,0.0
claim,1913,default,77,6,6,46.666666666666664,2,2,42.0,20.0,40,12,8,8,E1,6,15,0.1,0.0
mas,1913,default,69,6,6,38.833333333333336,0,2,35.705882352941174,20.0,0,26,14,21,E1,6,15,0.1,0.0
mas_iterative,1913,default,69,6,6,38.666666666666664,0,2,35.529411764705884,20.0,0,26,14,21,E1,6,15,0.1,0.0
hungarian,1913,default,69,6,6,38.666666666666664,0,2,35.529411764705884,20.0,0,26,18,58,E1,6,15,0.1,0.0
no_coordination,1914,default,145,6,6,71.33333333333333,5,2,55.111111111111114,34.0,104,9,0,0,E1,6,15,0.1,0.0
claim,1914,default,101,6,6,56.333333333333336,1,2,46.666666666666664,34.0,27,29,7,7,E1,6,15,0.1,0.0
mas,1914,default,79,6,6,40.166666666666664,0,2,33.27777777777778,29.0,0,28,14,21,E1,6,15,0.1,0.0
mas_iterative,1914,default,79,6,6,39.666666666666664,0,2,32.77777777777778,28.666666666666668,0,28,16,24,E1,6,15,0.1,0.0
hungarian,1914,default,97,6,6,46.0,0,2,36.111111111111114,23.333333333333332,0,44,18,56,E1,6,15,0.1,0.0
no_coordination,1915,default,125,6,6,65.5,5,2,52.6,20.0,104,9,0,0,E1,6,15,0.1,0.0
claim,1915,default,86,6,6,55.5,1,2,47.2,20.0,21,8,7,7,E1,6,15,0.1,0.0
mas,1915,default,84,6,6,48.5,0,2,42.8,20.0,0,24,14,21,E1,6,15,0.1,0.0
mas_iterative,1915,default,83,6,6,48.0,0,2,42.4,20.0,0,22,16,24,E1,6,15,0.1,0.0
hungarian,1915,default,83,6,6,49.333333333333336,0,2,42.666666666666664,28.0,0,12,18,58,E1,6,15,0.1,0.0
no_coordination,1917,default,131,6,6,73.0,6,2,59.77777777777778,42.0,131,10,0,0,E1,6,15,0.1,0.0
claim,1917,default,131,6,6,73.0,6,2,59.77777777777778,42.0,131,10,12,12,E1,6,15,0.1,0.0
mas,1917,default,73,6,6,44.833333333333336,0,2,38.388888888888886,31.0,0,12,14,21,E1,6,15,0.1,0.0
mas_iterative,1917,default,73,6,6,44.333333333333336,0,2,37.888888888888886,30.666666666666668,0,12,14,21,E1,6,15,0.1,0.0
hungarian,1917,default,65,6,6,40.333333333333336,0,2,34.22222222222222,26.666666666666668,0,6,18,56,E1,6,15,0.1,0.0
no_coordination,1918,default,89,6,6,43.666666666666664,4,2,32.94117647058823,23.333333333333332,64,8,0,0,E1,6,15,0.1,0.0
claim,1918,default,71,6,6,37.333333333333336,1,2,30.470588235294116,23.333333333333332,28,5,7,7,E1,6,15,0.1,0.0
mas,1918,default,71,6,6,37.333333333333336,0,2,30.470588235294116,23.333333333333332,0,32,14,21,E1,6,15,0.1,0.0
mas_iterative,1918,default,71,6,6,37.333333333333336,0,2,30.470588235294116,23.333333333333332,0,32,14,21,E1,6,15,0.1,0.0
hungarian,1918,default,71,6,6,37.333333333333336,0,2,30.470588235294116,23.333333333333332,0,32,20,59,E1,6,15,0.1,0.0
no_coordination,1919,default,83,6,6,39.333333333333336,4,2,33.07692307692308,nan,62,8,0,0,E1,6,15,0.1,0.0
claim,1919,default,83,6,6,39.333333333333336,4,2,33.07692307692308,nan,62,8,10,10,E1,6,15,0.1,0.0
mas,1919,default,64,6,6,33.666666666666664,0,2,29.307692307692307,nan,0,26,14,21,E1,6,15,0.1,0.0
mas_iterative,1919,default,63,6,6,33.333333333333336,0,2,29.076923076923077,nan,0,24,14,21,E1,6,15,0.1,0.0
hungarian,1919,default,63,6,6,33.333333333333336,0,2,29.076923076923077,nan,0,24,18,58,E1,6,15,0.1,0.0
no_coordination,1920,default,117,6,6,53.333333333333336,4,2,37.125,24.0,96,9,0,0,E1,6,15,0.1,0.0
claim,1920,default,117,6,6,53.333333333333336,4,2,37.125,24.0,96,9,11,11,E1,6,15,0.1,0.0
mas,1920,default,88,6,6,42.333333333333336,0,2,32.3125,24.0,0,44,14,21,E1,6,15,0.1,0.0
mas_iterative,1920,default,87,6,6,42.0,0,2,32.125,24.0,0,42,14,21,E1,6,15,0.1,0.0
hungarian,1920,default,87,6,6,42.0,0,2,32.125,24.0,0,42,18,58,E1,6,15,0.1,0.0
no_coordination,1921,default,107,6,6,53.0,4,2,50.46153846153846,nan,86,8,0,0,E1,6,15,0.1,0.0
claim,1921,default,107,6,6,53.0,4,2,50.46153846153846,nan,86,8,10,10,E1,6,15,0.1,0.0
mas,1921,default,64,6,6,39.333333333333336,0,2,37.84615384615385,nan,0,10,14,21,E1,6,15,0.1,0.0
mas_iterative,1921,default,63,6,6,39.0,0,2,37.53846153846154,nan,0,8,14,21,E1,6,15,0.1,0.0
hungarian,1921,default,63,6,6,39.0,0,2,37.53846153846154,nan,0,8,18,58,E1,6,15,0.1,0.0
no_coordination,1922,default,131,6,6,68.66666666666667,4,2,53.857142857142854,20.0,110,8,0,0,E1,6,15,0.1,0.0
claim,1922,default,131,6,6,68.66666666666667,4,2,53.857142857142854,20.0,110,8,10,10,E1,6,15,0.1,0.0
mas,1922,default,83,6,6,48.666666666666664,0,2,41.07142857142857,20.0,0,18,14,21,E1,6,15,0.1,0.0
mas_iterative,1922,default,83,6,6,48.333333333333336,0,2,40.857142857142854,20.0,0,18,16,24,E1,6,15,0.1,0.0
hungarian,1922,default,83,6,6,48.333333333333336,0,2,40.857142857142854,20.0,0,18,18,60,E1,6,15,0.1,0.0
no_coordination,1923,default,98,6,6,52.166666666666664,3,2,44.38461538461539,24.0,59,8,0,0,E1,6,15,0.1,0.0
claim,1923,default,75,6,6,46.0,1,2,41.46153846153846,24.0,25,18,7,7,E1,6,15,0.1,0.0
mas,1923,default,62,6,6,36.833333333333336,0,2,33.69230769230769,24.0,0,14,14,21,E1,6,15,0.1,0.0
mas_iterative,1923,default,61,6,6,36.333333333333336,0,2,33.23076923076923,24.0,0,12,14,21,E1,6,15,0.1,0.0
hungarian,1923,default,53,6,6,35.0,0,2,32.0,24.0,0,4,18,56,E1,6,15,0.1,0.0
no_coordination,1924,default,83,6,6,49.166666666666664,5,2,40.375,23.0,70,9,0,0,E1,6,15,0.1,0.0
claim,1924,default,80,6,6,48.666666666666664,3,2,40.1875,23.0,47,24,9,9,E1,6,15,0.1,0.0
mas,1924,default,63,6,6,41.5,0,2,35.4375,22.5,0,6,14,21,E1,6,15,0.1,0.0
mas_iterative,1924,default,63,6,6,41.0,0,2,35.0,22.0,0,6,16,24,E1,6,15,0.1,0.0
hungarian,1924,default,63,6,6,41.0,0,2,35.0,22.0,0,6,18,58,E1,6,15,0.1,0.0
no_coordination,1925,default,100,6,6,55.333333333333336,6,2,45.54545454545455,nan,100,10,0,0,E1,6,15,0.1,0.0
claim,1925,default,100,6,6,55.333333333333336,6,2,45.54545454545455,nan,100,10,12,12,E1,6,15,0.1,0.0
mas,1925,default,70,6,6,39.166666666666664,0,2,33.63636363636363,nan,0,29,16,24,E1,6,15,0.1,0.0
mas_iterative,1925,default,67,6,6,38.166666666666664,0,2,32.90909090909091,nan,0,25,14,21,E1,6,15,0.1,0.0
hungarian,1925,default,67,6,6,38.166666666666664,0,2,32.90909090909091,nan,0,25,18,56,E1,6,15,0.1,0.0
no_coordination,1926,default,84,6,6,48.833333333333336,3,2,38.470588235294116,24.0,42,7,0,0,E1,6,15,0.1,0.0
claim,1926,default,84,6,6,48.833333333333336,2,2,38.470588235294116,24.0,42,13,8,8,E1,6,15,0.1,0.0
mas,1926,default,83,6,6,42.166666666666664,0,2,35.411764705882355,24.0,0,36,14,21,E1,6,15,0.1,0.0
mas_iterative,1926,default,83,6,6,42.0,0,2,35.294117647058826,24.0,0,36,14,21,E1,6,15,0.1,0.0
hungarian,1926,default,83,6,6,42.0,0,2,35.294117647058826,24.0,0,36,18,58,E1,6,15,0.1,0.0
no_coordination,1927,default,153,6,6,87.0,6,2,68.57142857142857,30.0,153,10,0,0,E1,6,15,0.1,0.0
claim,1927,default,153,6,6,87.0,6,2,68.57142857142857,30.0,153,10,12,12,E1,6,15,0.1,0.0
mas,1927,default,75,6,6,43.166666666666664,0,2,34.42857142857143,20.0,0,14,14,21,E1,6,15,0.1,0.0
mas_iterative,1927,default,75,6,6,42.666666666666664,0,2,34.0,20.0,0,14,16,24,E1,6,15,0.1,0.0
hungarian,1927,default,75,6,6,42.666666666666664,0,2,34.0,20.0,0,14,18,58,E1,6,15,0.1,0.0
no_coordination,1928,default,91,6,6,51.166666666666664,4,2,43.4375,20.0,66,8,0,0,E1,6,15,0.1,0.0
claim,1928,default,77,6,6,47.666666666666664,1,2,41.6875,20.0,21,22,7,7,E1,6,15,0.1,0.0
mas,1928,default,64,6,6,37.5,0,2,32.5625,20.0,0,20,14,21,E1,6,15,0.1,0.0
mas_iterative,1928,default,65,6,6,37.666666666666664,0,2,32.625,20.0,0,20,16,24,E1,6,15,0.1,0.0
hungarian,1928,default,65,6,6,37.666666666666664,0,2,32.625,20.0,0,20,18,58,E1,6,15,0.1,0.0
no_coordination,1929,default,137,6,6,73.66666666666667,5,2,65.76470588235294,26.0,117,9,0,0,E1,6,15,0.1,0.0
claim,1929,default,111,6,6,68.33333333333333,2,2,62.0,26.0,47,24,8,8,E1,6,15,0.1,0.0
mas,1929,default,84,6,6,47.166666666666664,0,2,42.11764705882353,20.0,0,18,14,21,E1,6,15,0.1,0.0
mas_iterative,1929,default,83,6,6,46.666666666666664,0,2,41.64705882352941,20.0,0,16,18,27,E1,6,15,0.1,0.0
hungarian,1929,default,83,6,6,46.666666666666664,0,2,41.64705882352941,20.0,0,16,18,60,E1,6,15,0.1,0.0
no_coordination,1930,default,81,6,6,48.833333333333336,3,2,42.0,nan,41,7,0,0,E1,6,15,0.1,0.0
claim,1930,default,72,6,6,47.333333333333336,1,2,41.357142857142854,nan,22,6,7,7,E1,6,15,0.1,0.0
mas,1930,default,78,6,6,43.0,0,2,39.0,nan,0,30,14,21,E1,6,15,0.1,0.0
mas_iterative,1930,default,77,6,6,42.666666666666664,0,2,38.714285714285715,nan,0,28,14,21,E1,6,15,0.1,0.0
hungarian,1930,default,77,6,6,42.666666666666664,0,2,38.714285714285715,nan,0,28,18,58,E1,6,15,0.1,0.0
no_coordination,1931,default,84,6,6,53.833333333333336,4,2,44.69230769230769,nan,63,8,0,0,E1,6,15,0.1,0.0
claim,1931,default,83,6,6,48.0,1,2,41.23076923076923,nan,23,31,7,7,E1,6,15,0.1,0.0
mas,1931,default,75,6,6,40.833333333333336,0,2,34.38461538461539,nan,0,32,14,21,E1,6,15,0.1,0.0
mas_iterative,1931,default,75,6,6,40.333333333333336,0,2,33.84615384615385,nan,0,32,16,24,E1,6,15,0.1,0.0
hungarian,1931,default,75,6,6,40.333333333333336,0,2,33.84615384615385,nan,0,32,20,59,E1,6,15,0.1,0.0
no_coordination,1932,default,97,6,6,49.833333333333336,3,2,40.57142857142857,22.0,57,7,0,0,E1,6,15,0.1,0.0
claim,1932,default,92,6,6,49.0,1,2,40.214285714285715,22.0,18,34,7,7,E1,6,15,0.1,0.0
mas,1932,default,80,6,6,45.333333333333336,0,2,37.92857142857143,22.0,0,20,14,21,E1,6,15,0.1,0.0
mas_iterative,1932,default,79,6,6,45.0,0,2,37.714285714285715,22.0,0,18,14,21,E1,6,15,0.1,0.0
hungarian,1932,default,79,6,6,45.0,0,2,37.714285714285715,22.0,0,18,18,58,E1,6,15,0.1,0.0
no_coordination,1933,default,104,6,6,45.333333333333336,4,2,38.23529411764706,21.5,83,8,0,0,E1,6,15,0.1,0.0
claim,1933,default,104,6,6,45.333333333333336,4,2,38.23529411764706,21.5,83,8,10,10,E1,6,15,0.1,0.0
mas,1933,default,70,6,6,37.0,0,2,32.35294117647059,21.5,0,19,14,21,E1,6,15,0.1,0.0
mas_iterative,1933,default,69,6,6,36.666666666666664,0,2,32.11764705882353,21.5,0,17,14,21,E1,6,15,0.1,0.0
hungarian,1933,default,69,6,6,36.666666666666664,0,2,32.11764705882353,21.5,0,17,18,58,E1,6,15,0.1,0.0
no_coordination,1934,default,86,6,6,50.333333333333336,4,2,44.31578947368421,35.333333333333336,77,8,0,0,E1,6,15,0.1,0.0
claim,1934,default,73,6,6,45.0,1,2,40.63157894736842,35.333333333333336,29,23,7,7,E1,6,15,0.1,0.0
mas,1934,default,59,6,6,36.0,0,2,32.1578947368421,26.333333333333332,0,16,14,21,E1,6,15,0.1,0.0
mas_iterative,1934,default,59,6,6,35.666666666666664,0,2,31.789473684210527,26.0,0,16,14,21,E1,6,15,0.1,0.0
hungarian,1934,default,57,6,6,33.666666666666664,0,2,29.789473684210527,24.0,0,16,18,56,E1,6,15,0.1,0.0
no_coordination,1935,default,121,6,6,53.333333333333336,4,2,38.625,24.0,61,8,0,0,E1,6,15,0.1,0.0
claim,1935,default,85,6,6,43.333333333333336,0,2,33.375,24.0,0,30,6,6,E1,6,15,0.1,0.0
mas,1935,default,85,6,6,43.333333333333336,0,2,33.375,24.0,0,30,12,18,E1,6,15,0.1,0.0
mas_iterative,1935,default,85,6,6,43.333333333333336,0,2,33.375,24.0,0,30,12,18,E1,6,15,0.1,0.0
hungarian,1935,default,85,6,6,43.333333333333336,0,2,33.375,24.0,0,30,18,56,E1,6,15,0.1,0.0
no_coordination,1936,default,111,6,6,66.0,4,2,60.0,30.0,97,8,0,0,E1,6,15,0.1,0.0
claim,1936,default,111,6,6,66.0,4,2,60.0,30.0,97,8,10,10,E1,6,15,0.1,0.0
mas,1936,default,74,6,6,40.5,0,2,36.86666666666667,20.0,0,28,14,21,E1,6,15,0.1,0.0
mas_iterative,1936,default,73,6,6,40.0,0,2,36.4,20.0,0,26,14,21,E1,6,15,0.1,0.0
hungarian,1936,default,73,6,6,40.0,0,2,36.4,20.0,0,26,18,56,E1,6,15,0.1,0.0
no_coordination,1937,default,106,6,6,51.5,4,2,42.54545454545455,nan,32,8,0,0,E1,6,15,0.1,0.0
claim,1937,default,89,6,6,46.666666666666664,0,2,39.81818181818182,nan,0,34,6,6,E1,6,15,0.1,0.0
mas,1937,default,89,6,6,46.666666666666664,0,2,39.81818181818182,nan,0,34,12,18,E1,6,15,0.1,0.0
mas_iterative,1937,default,89,6,6,46.666666666666664,0,2,39.81818181818182,nan,0,34,12,18,E1,6,15,0.1,0.0
hungarian,1937,default,89,6,6,46.666666666666664,0,2,39.81818181818182,nan,0,34,18,56,E1,6,15,0.1,0.0
no_coordination,1938,default,117,6,6,71.0,5,2,59.23076923076923,34.0,97,9,0,0,E1,6,15,0.1,0.0
claim,1938,default,97,6,6,64.0,1,2,55.84615384615385,34.0,35,27,7,7,E1,6,15,0.1,0.0
mas,1938,default,84,6,6,46.333333333333336,0,2,37.15384615384615,21.0,0,33,16,24,E1,6,15,0.1,0.0
mas_iterative,1938,default,83,6,6,45.833333333333336,0,2,36.69230769230769,21.0,0,31,14,21,E1,6,15,0.1,0.0
hungarian,1938,default,83,6,6,45.833333333333336,0,2,36.69230769230769,21.0,0,31,18,56,E1,6,15,0.1,0.0
no_coordination,1939,default,100,6,6,59.5,4,2,46.75,nan,60,8,0,0,E1,6,15,0.1,0.0
claim,1939,default,75,6,6,45.666666666666664,0,2,37.833333333333336,nan,0,16,6,6,E1,6,15,0.1,0.0
mas,1939,default,75,6,6,45.666666666666664,0,2,37.833333333333336,nan,0,16,12,18,E1,6,15,0.1,0.0
mas_iterative,1939,default,75,6,6,45.666666666666664,0,2,37.833333333333336,nan,0,16,12,18,E1,6,15,0.1,0.0
hungarian,1939,default,75,6,6,45.666666666666664,0,2,37.833333333333336,nan,0,16,18,56,E1,6,15,0.1,0.0
no_coordination,1940,default,99,6,6,53.833333333333336,4,2,49.10526315789474,31.0,82,8,0,0,E1,6,15,0.1,0.0
claim,1940,default,81,6,6,49.0,1,2,45.473684210526315,31.0,25,26,7,7,E1,6,15,0.1,0.0
mas,1940,default,68,6,6,40.833333333333336,0,2,37.31578947368421,20.5,0,8,14,21,E1,6,15,0.1,0.0
mas_iterative,1940,default,67,6,6,40.333333333333336,0,2,36.8421052631579,20.0,0,6,16,24,E1,6,15,0.1,0.0
hungarian,1940,default,67,6,6,40.333333333333336,0,2,36.8421052631579,20.0,0,6,18,58,E1,6,15,0.1,0.0
no_coordination,1941,default,137,6,6,69.33333333333333,5,2,52.833333333333336,nan,114,9,0,0,E1,6,15,0.1,0.0
claim,1941,default,87,6,6,51.0,0,2,41.666666666666664,nan,0,18,6,6,E1,6,15,0.1,0.0
mas,1941,default,87,6,6,51.0,0,2,41.666666666666664,nan,0,18,12,18,E1,6,15,0.1,0.0
mas_iterative,1941,default,87,6,6,51.0,0,2,41.666666666666664,nan,0,18,12,18,E1,6,15,0.1,0.0
hungarian,1941,default,87,6,6,51.0,0,2,41.666666666666664,nan,0,18,18,56,E1,6,15,0.1,0.0
no_coordination,1943,default,99,6,6,57.166666666666664,4,2,53.714285714285715,nan,86,8,0,0,E1,6,15,0.1,0.0
claim,1943,default,92,6,6,56.0,2,2,52.714285714285715,nan,47,31,8,8,E1,6,15,0.1,0.0
mas,1943,default,60,6,6,36.0,0,2,35.57142857142857,nan,0,18,14,21,E1,6,15,0.1,0.0
mas_iterative,1943,default,59,6,6,35.333333333333336,0,2,35.0,nan,0,16,16,24,E1,6,15,0.1,0.0
hungarian,1943,default,71,6,6,38.0,0,2,35.857142857142854,nan,0,28,18,56,E1,6,15,0.1,0.0
no_coordination,1944,default,72,6,6,41.166666666666664,4,2,38.421052631578945,30.0,49,8,0,0,E1,6,15,0.1,0.0
claim,1944,default,53,6,6,33.666666666666664,0,2,32.21052631578947,29.0,0,9,6,6,E1,6,15,0.1,0.0
mas,1944,default,53,6,6,33.666666666666664,0,2,32.21052631578947,29.0,0,9,12,18,E1,6,15,0.1,0.0
mas_iterative,1944,default,53,6,6,33.666666666666664,0,2,32.21052631578947,29.0,0,9,12,18,E1,6,15,0.1,0.0
hungarian,1944,default,53,6,6,33.666666666666664,0,2,32.21052631578947,29.0,0,9,18,56,E1,6,15,0.1,0.0
no_coordination,1945,default,95,6,6,64.33333333333333,5,2,59.68421052631579,35.0,68,9,0,0,E1,6,15,0.1,0.0
claim,1945,default,91,6,6,63.666666666666664,3,2,59.26315789473684,35.0,63,15,9,9,E1,6,15,0.1,0.0
mas,1945,default,55,6,6,37.833333333333336,0,2,36.26315789473684,31.0,0,6,14,21,E1,6,15,0.1,0.0
mas_iterative,1945,default,55,6,6,37.333333333333336,0,2,35.78947368421053,31.0,0,6,16,24,E1,6,15,0.1,0.0
hungarian,1945,default,63,6,6,39.666666666666664,0,2,37.26315789473684,23.0,0,14,18,56,E1,6,15,0.1,0.0
no_coordination,1946,default,113,6,6,56.666666666666664,5,2,44.25,24.0,63,9,0,0,E1,6,15,0.1,0.0
claim,1946,default,69,6,6,42.333333333333336,0,2,35.75,24.0,0,8,6,6,E1,6,15,0.1,0.0
mas,1946,default,69,6,6,42.333333333333336,0,2,35.75,24.0,0,8,12,18,E1,6,15,0.1,0.0
mas_iterative,1946,default,69,6,6,42.333333333333336,0,2,35.75,24.0,0,8,12,18,E1,6,15,0.1,0.0
hungarian,1946,default,69,6,6,42.333333333333336,0,2,35.75,24.0,0,8,18,56,E1,6,15,0.1,0.0
no_coordination,1947,default,100,6,6,62.5,5,2,53.46666666666667,20.0,77,9,0,0,E1,6,15,0.1,0.0
claim,1947,default,80,6,6,57.0,2,2,50.4,20.0,43,9,8,8,E1,6,15,0.1,0.0
mas,1947,default,65,6,6,41.333333333333336,0,2,36.53333333333333,20.0,0,14,14,21,E1,6,15,0.1,0.0
mas_iterative,1947,default,65,6,6,41.0,0,2,36.13333333333333,20.0,0,14,18,27,E1,6,15,0.1,0.0
hungarian,1947,default,55,6,6,37.0,0,2,32.93333333333333,20.0,0,6,18,58,E1,6,15,0.1,0.0
no_coordination,1948,default,119,6,6,54.333333333333336,4,2,39.77777777777778,21.333333333333332,98,8,0,0,E1,6,15,0.1,0.0
claim,1948,default,119,6,6,54.333333333333336,4,2,39.77777777777778,21.333333333333332,98,8,10,10,E1,6,15,0.1,0.0
mas,1948,default,80,6,6,42.333333333333336,0,2,33.77777777777778,21.333333333333332,0,24,14,21,E1,6,15,0.1,0.0
mas_iterative,1948,default,79,6,6,42.0,0,2,33.55555555555556,21.333333333333332,0,22,14,21,E1,6,15,0.1,0.0
hungarian,1948,default,79,6,6,42.0,0,2,33.55555555555556,21.333333333333332,0,22,18,58,E1,6,15,0.1,0.0
no_coordination,1949,default,103,6,6,57.333333333333336,4,2,46.22222222222222,30.0,82,8,0,0,E1,6,15,0.1,0.0
claim,1949,default,103,6,6,57.333333333333336,4,2,46.22222222222222,30.0,82,8,10,10,E1,6,15,0.1,0.0
mas,1949,default,67,6,6,41.666666666666664,0,2,36.166666666666664,30.0,0,14,14,21,E1,6,15,0.1,0.0
mas_iterative,1949,default,67,6,6,41.333333333333336,0,2,35.888888888888886,30.0,0,14,14,21,E1,6,15,0.1,0.0
hungarian,1949,default,67,6,6,41.333333333333336,0,2,35.888888888888886,30.0,0,14,18,58,E1,6,15,0.1,0.0
no_coordination,1950,default,105,6,6,60.5,3,2,53.470588235294116,22.0,62,8,0,0,E1,6,15,0.1,0.0
claim,1950,default,99,6,6,50.5,0,2,45.294117647058826,22.0,0,39,6,6,E1,6,15,0.1,0.0
mas,1950,default,99,6,6,50.5,0,2,45.294117647058826,22.0,0,39,12,18,E1,6,15,0.1,0.0
mas_iterative,1950,default,99,6,6,50.5,0,2,45.294117647058826,22.0,0,39,12,18,E1,6,15,0.1,0.0
hungarian,1950,default,99,6,6,50.5,0,2,45.294117647058826,22.0,0,39,18,56,E1,6,15,0.1,0.0
no_coordination,1951,default,115,6,6,59.0,5,2,47.333333333333336,26.0,94,9,0,0,E1,6,15,0.1,0.0
claim,1951,default,75,6,6,44.0,0,2,37.6,26.0,0,18,6,6,E1,6,15,0.1,0.0
mas,1951,default,75,6,6,44.0,0,2,37.6,26.0,0,18,12,18,E1,6,15,0.1,0.0
mas_iterative,1951,default,75,6,6,44.0,0,2,37.6,26.0,0,18,12,18,E1,6,15,0.1,0.0
hungarian,1951,default,75,6,6,44.0,0,2,37.6,26.0,0,18,18,56,E1,6,15,0.1,0.0
no_coordination,1952,default,91,6,6,56.5,4,2,45.583333333333336,26.0,58,8,0,0,E1,6,15,0.1,0.0
claim,1952,default,99,6,6,54.666666666666664,2,2,44.666666666666664,26.0,35,36,8,8,E1,6,15,0.1,0.0
mas,1952,default,68,6,6,37.833333333333336,0,2,30.666666666666668,20.0,0,16,14,21,E1,6,15,0.1,0.0
mas_iterative,1952,default,65,6,6,36.333333333333336,0,2,29.666666666666668,20.0,0,12,16,24,E1,6,15,0.1,0.0
hungarian,1952,default,65,6,6,36.333333333333336,0,2,29.666666666666668,20.0,0,12,18,58,E1,6,15,0.1,0.0
no_coordination,1953,default,113,6,6,66.33333333333333,4,2,56.588235294117645,26.0,85,8,0,0,E1,6,15,0.1,0.0
claim,1953,default,113,6,6,66.33333333333333,3,2,56.588235294117645,26.0,63,29,9,9,E1,6,15,0.1,0.0
mas,1953,default,88,6,6,49.5,0,2,43.11764705882353,21.5,0,20,14,21,E1,6,15,0.1,0.0
mas_iterative,1953,default,87,6,6,49.0,0,2,42.588235294117645,21.0,0,18,14,21,E1,6,15,0.1,0.0
hungarian,1953,default,79,6,6,43.0,0,2,37.88235294117647,26.0,0,22,18,56,E1,6,15,0.1,0.0
no_coordination,1954,default,108,6,6,54.666666666666664,5,2,44.5,20.0,91,9,0,0,E1,6,15,0.1,0.0
claim,1954,default,73,6,6,47.166666666666664,1,2,40.92857142857143,20.0,21,5,7,7,E1,6,15,0.1,0.0
mas,1954,default,73,6,6,40.166666666666664,0,2,34.92857142857143,20.0,0,19,14,21,E1,6,15,0.1,0.0
mas_iterative,1954,default,73,6,6,39.666666666666664,0,2,34.5,20.0,0,19,14,21,E1,6,15,0.1,0.0
hungarian,1954,default,73,6,6,39.666666666666664,0,2,34.5,20.0,0,19,18,56,E1,6,15,0.1,0.0
no_coordination,1955,default,79,6,6,45.666666666666664,5,2,39.44444444444444,22.0,58,9,0,0,E1,6,15,0.1,0.0
claim,1955,default,53,6,6,35.0,0,2,32.333333333333336,22.0,0,10,6,6,E1,6,15,0.1,0.0
mas,1955,default,53,6,6,35.0,0,2,32.333333333333336,22.0,0,10,12,18,E1,6,15,0.1,0.0
mas_iterative,1955,default,53,6,6,35.0,0,2,32.333333333333336,22.0,0,10,12,18,E1,6,15,0.1,0.0
hungarian,1955,default,53,6,6,35.0,0,2,32.333333333333336,22.0,0,10,18,56,E1,6,15,0.1,0.0
no_coordination,1956,default,140,6,6,72.66666666666667,5,2,57.588235294117645,41.0,91,9,0,0,E1,6,15,0.1,0.0
claim,1956,default,103,6,6,62.0,1,2,52.23529411764706,41.0,31,26,7,7,E1,6,15,0.1,0.0
mas,1956,default,84,6,6,45.833333333333336,0,2,36.76470588235294,26.333333333333332,0,22,14,21,E1,6,15,0.1,0.0
mas_iterative,1956,default,83,6,6,45.333333333333336,0,2,36.35294117647059,26.0,0,20,14,21,E1,6,15,0.1,0.0
hungarian,1956,default,83,6,6,45.333333333333336,0,2,36.35294117647059,26.0,0,20,18,56,E1,6,15,0.1,0.0
no_coordination,1957,default,85,6,6,45.833333333333336,3,2,40.93333333333333,nan,37,7,0,0,E1,6,15,0.1,0.0
claim,1957,default,85,6,6,45.833333333333336,2,2,40.93333333333333,nan,30,13,8,8,E1,6,15,0.1,0.0
mas,1957,default,88,6,6,42.666666666666664,0,2,38.4,nan,0,34,14,21,E1,6,15,0.1,0.0
mas_iterative,1957,default,87,6,6,42.333333333333336,0,2,38.13333333333333,nan,0,32,14,21,E1,6,15,0.1,0.0
hungarian,1957,default,87,6,6,42.333333333333336,0,2,38.13333333333333,nan,0,32,18,58,E1,6,15,0.1,0.0
no_coordination,1958,default,95,6,6,47.0,4,2,35.64705882352941,22.666666666666668,74,8,0,0,E1,6,15,0.1,0.0
claim,1958,default,95,6,6,47.0,4,2,35.64705882352941,22.666666666666668,74,8,10,10,E1,6,15,0.1,0.0
mas,1958,default,61,6,6,37.333333333333336,0,2,30.88235294117647,22.666666666666668,0,6,14,21,E1,6,15,0.1,0.0
mas_iterative,1958,default,61,6,6,37.0,0,2,30.705882352941178,22.666666666666668,0,6,14,21,E1,6,15,0.1,0.0
hungarian,1958,default,61,6,6,37.0,0,2,30.705882352941178,22.666666666666668,0,6,18,58,E1,6,15,0.1,0.0
no_coordination,1959,default,141,6,6,74.33333333333333,6,2,59.857142857142854,22.0,141,10,0,0,E1,6,15,0.1,0.0
claim,1959,default,141,6,6,74.33333333333333,6,2,59.857142857142854,22.0,141,10,12,12,E1,6,15,0.1,0.0
mas,1959,default,74,6,6,41.833333333333336,0,2,36.714285714285715,22.0,0,22,14,21,E1,6,15,0.1,0.0
mas_iterative,1959,default,73,6,6,41.333333333333336,0,2,36.285714285714285,22.0,0,20,14,21,E1,6,15,0.1,0.0
hungarian,1959,default,73,6,6,41.333333333333336,0,2,36.285714285714285,22.0,0,20,18,56,E1,6,15,0.1,0.0
no_coordination,1960,default,115,6,6,59.666666666666664,4,2,49.125,20.0,97,8,0,0,E1,6,15,0.1,0.0
claim,1960,default,115,6,6,59.666666666666664,4,2,49.125,20.0,97,8,10,10,E1,6,15,0.1,0.0
mas,1960,default,78,6,6,43.833333333333336,0,2,36.9375,20.0,0,18,14,21,E1,6,15,0.1,0.0
mas_iterative,1960,default,77,6,6,43.333333333333336,0,2,36.5,20.0,0,16,16,24,E1,6,15,0.1,0.0
hungarian,1960,default,73,6,6,41.333333333333336,0,2,34.875,20.0,0,14,18,58,E1,6,15,0.1,0.0
no_coordination,1961,default,92,6,6,55.0,5,2,47.93333333333333,20.0,83,9,0,0,E1,6,15,0.1,0.0
claim,1961,default,59,6,6,42.0,1,2,38.6,20.0,21,6,7,7,E1,6,15,0.1,0.0
mas,1961,default,49,6,6,34.166666666666664,0,2,31.733333333333334,20.0,0,6,14,21,E1,6,15,0.1,0.0
mas_iterative,1961,default,49,6,6,33.666666666666664,0,2,31.333333333333332,20.0,0,6,16,24,E1,6,15,0.1,0.0
hungarian,1961,default,49,6,6,33.666666666666664,0,2,31.333333333333332,20.0,0,6,18,58,E1,6,15,0.1,0.0
no_coordination,1962,default,96,6,6,46.333333333333336,3,2,38.214285714285715,nan,20,7,0,0,E1,6,15,0.1,0.0
claim,1962,default,93,6,6,45.833333333333336,1,2,38.0,nan,14,40,7,7,E1,6,15,0.1,0.0
mas,1962,default,78,6,6,42.0,0,2,35.785714285714285,nan,0,20,14,21,E1,6,15,0.1,0.0
mas_iterative,1962,default,77,6,6,41.666666666666664,0,2,35.57142857142857,nan,0,18,14,21,E1,6,15,0.1,0.0
hungarian,1962,default,77,6,6,41.666666666666664,0,2,35.57142857142857,nan,0,18,18,58,E1,6,15,0.1,0.0
no_coordination,1963,default,90,6,6,48.5,5,2,43.375,28.0,57,9,0,0,E1,6,15,0.1,0.0
claim,1963,default,76,6,6,45.0,2,2,40.75,28.0,37,29,8,8,E1,6,15,0.1,0.0
mas,1963,default,60,6,6,31.833333333333332,0,2,29.0,20.5,0,28,14,21,E1,6,15,0.1,0.0
mas_iterative,1963,default,59,6,6,31.333333333333332,0,2,28.5,20.0,0,26,16,24,E1,6,15,0.1,0.0
hungarian,1963,default,59,6,6,31.333333333333332,0,2,28.5,20.0,0,26,18,58,E1,6,15,0.1,0.0
no_coordination,1964,default,97,6,6,56.166666666666664,3,2,51.142857142857146,nan,45,8,0,0,E1,6,15,0.1,0.0
claim,1964,default,81,6,6,45.333333333333336,0,2,41.857142857142854,nan,0,18,6,6,E1,6,15,0.1,0.0
mas,1964,default,81,6,6,45.333333333333336,0,2,41.857142857142854,nan,0,18,12,18,E1,6,15,0.1,0.0
mas_iterative,1964,default,81,6,6,45.333333333333336,0,2,41.857142857142854,nan,0,18,12,18,E1,6,15,0.1,0.0
hungarian,1964,default,81,6,6,45.333333333333336,0,2,41.857142857142854,nan,0,18,18,56,E1,6,15,0.1,0.0
no_coordination,1965,default,123,6,6,66.33333333333333,6,2,53.57142857142857,20.0,123,10,0,0,E1,6,15,0.1,0.0
claim,1965,default,123,6,6,66.33333333333333,6,2,53.57142857142857,20.0,123,10,12,12,E1,6,15,0.1,0.0
mas,1965,default,65,6,6,40.5,0,2,34.57142857142857,20.0,0,6,14,21,E1,6,15,0.1,0.0
mas_iterative,1965,default,65,6,6,40.0,0,2,34.142857142857146,20.0,0,6,16,24,E1,6,15,0.1,0.0
hungarian,1965,default,65,6,6,40.0,0,2,34.142857142857146,20.0,0,6,18,58,E1,6,15,0.1,0.0
no_coordination,1966,default,90,6,6,57.0,4,2,51.411764705882355,24.0,63,8,0,0,E1,6,15,0.1,0.0
claim,1966,default,84,6,6,50.166666666666664,1,2,46.294117647058826,24.0,25,24,7,7,E1,6,15,0.1,0.0
mas,1966,default,78,6,6,44.833333333333336,0,2,41.294117647058826,24.0,0,30,14,21,E1,6,15,0.1,0.0
mas_iterative,1966,default,77,6,6,44.333333333333336,0,2,40.8235294117647,24.0,0,28,14,21,E1,6,15,0.1,0.0
hungarian,1966,default,77,6,6,44.333333333333336,0,2,40.8235294117647,24.0,0,28,18,56,E1,6,15,0.1,0.0
no_coordination,1967,default,121,6,6,55.666666666666664,4,2,48.2,nan,100,8,0,0,E1,6,15,0.1,0.0
claim,1967,default,121,6,6,55.666666666666664,4,2,48.2,nan,100,8,10,10,E1,6,15,0.1,0.0
mas,1967,default,88,6,6,43.666666666666664,0,2,39.7,nan,0,38,14,21,E1,6,15,0.1,0.0
mas_iterative,1967,default,87,6,6,43.333333333333336,0,2,39.4,nan,0,36,14,21,E1,6,15,0.1,0.0
hungarian,1967,default,87,6,6,43.333333333333336,0,2,39.4,nan,0,36,18,58,E1,6,15,0.1,0.0
no_coordination,1968,default,107,6,6,50.333333333333336,4,2,39.857142857142854,20.0,86,8,0,0,E1,6,15,0.1,0.0
claim,1968,default,107,6,6,50.333333333333336,4,2,39.857142857142854,20.0,86,8,10,10,E1,6,15,0.1,0.0
mas,1968,default,72,6,6,39.666666666666664,0,2,33.214285714285715,20.0,0,20,14,21,E1,6,15,0.1,0.0
mas_iterative,1968,default,71,6,6,39.333333333333336,0,2,33.0,20.0,0,18,14,21,E1,6,15,0.1,0.0
hungarian,1968,default,71,6,6,39.333333333333336,0,2,33.0,20.0,0,18,18,58,E1,6,15,0.1,0.0
no_coordination,1969,default,83,6,6,44.166666666666664,4,2,37.714285714285715,20.0,45,8,0,0,E1,6,15,0.1,0.0
claim,1969,default,79,6,6,43.333333333333336,2,2,36.142857142857146,20.0,25,19,8,8,E1,6,15,0.1,0.0
mas,1969,default,58,6,6,33.333333333333336,0,2,29.071428571428573,20.0,0,9,16,24,E1,6,15,0.1,0.0
mas_iterative,1969,default,57,6,6,32.666666666666664,0,2,28.571428571428573,20.0,0,7,16,24,E1,6,15,0.1,0.0
hungarian,1969,default,57,6,6,32.666666666666664,0,2,28.571428571428573,20.0,0,7,18,58,E1,6,15,0.1,0.0
no_coordination,1970,default,83,6,6,43.0,4,2,34.266666666666666,20.0,62,8,0,0,E1,6,15,0.1,0.0
claim,1970,default,83,6,6,43.0,4,2,34.266666666666666,20.0,62,8,10,10,E1,6,15,0.1,0.0
mas,1970,default,56,6,6,34.666666666666664,0,2,29.4,20.0,0,12,14,21,E1,6,15,0.1,0.0
mas_iterative,1970,default,55,6,6,34.333333333333336,0,2,29.2,20.0,0,10,14,21,E1,6,15,0.1,0.0
hungarian,1970,default,55,6,6,34.333333333333336,0,2,29.2,20.0,0,10,18,58,E1,6,15,0.1,0.0
no_coordination,1971,default,97,6,6,52.0,5,2,42.13333333333333,20.0,74,9,0,0,E1,6,15,0.1,0.0
claim,1971,default,67,6,6,42.666666666666664,1,2,37.06666666666667,20.0,21,11,7,7,E1,6,15,0.1,0.0
mas,1971,default,69,6,6,38.833333333333336,0,2,34.13333333333333,20.0,0,22,14,21,E1,6,15,0.1,0.0
mas_iterative,1971,default,69,6,6,38.333333333333336,0,2,33.733333333333334,20.0,0,22,18,27,E1,6,15,0.1,0.0
hungarian,1971,default,69,6,6,38.333333333333336,0,2,33.733333333333334,20.0,0,22,18,60,E1,6,15,0.1,0.0
no_coordination,1973,default,91,6,6,45.166666666666664,4,2,38.07692307692308,nan,69,9,0,0,E1,6,15,0.1,0.0
claim,1973,default,58,6,6,35.833333333333336,0,2,32.23076923076923,nan,0,7,6,6,E1,6,15,0.1,0.0
mas,1973,default,58,6,6,35.833333333333336,0,2,32.23076923076923,nan,0,7,12,18,E1,6,15,0.1,0.0
mas_iterative,1973,default,58,6,6,35.833333333333336,0,2,32.23076923076923,nan,0,7,12,18,E1,6,15,0.1,0.0
hungarian,1973,default,58,6,6,35.833333333333336,0,2,32.23076923076923,nan,0,7,18,56,E1,6,15,0.1,0.0
no_coordination,1974,default,111,6,6,67.0,6,2,55.733333333333334,20.0,111,10,0,0,E1,6,15,0.1,0.0
claim,1974,default,111,6,6,67.0,6,2,55.733333333333334,20.0,111,10,12,12,E1,6,15,0.1,0.0
mas,1974,default,59,6,6,40.166666666666664,0,2,35.4,20.0,0,6,14,21,E1,6,15,0.1,0.0
mas_iterative,1974,default,59,6,6,39.666666666666664,0,2,34.93333333333333,20.0,0,6,14,21,E1,6,15,0.1,0.0
hungarian,1974,default,59,6,6,39.666666666666664,0,2,34.93333333333333,20.0,0,6,18,56,E1,6,15,0.1,0.0
no_coordination,1975,default,115,6,6,64.33333333333333,5,2,52.125,30.0,62,9,0,0,E1,6,15,0.1,0.0
claim,1975,default,111,6,6,63.666666666666664,3,2,51.875,30.0,57,37,9,9,E1,6,15,0.1,0.0
mas,1975,default,78,6,6,43.833333333333336,0,2,36.875,30.0,0,18,14,21,E1,6,15,0.1,0.0
mas_iterative,1975,default,77,6,6,43.333333333333336,0,2,36.5,30.0,0,16,18,27,E1,6,15,0.1,0.0
hungarian,1975,default,81,6,6,45.0,0,2,36.875,23.0,0,22,18,56,E1,6,15,0.1,0.0
no_coordination,1976,default,77,6,6,49.333333333333336,4,2,43.833333333333336,nan,61,8,0,0,E1,6,15,0.1,0.0
claim,1976,default,75,6,6,49.0,2,2,43.666666666666664,nan,37,26,8,8,E1,6,15,0.1,0.0
mas,1976,default,57,6,6,34.5,0,2,31.166666666666668,nan,0,10,14,21,E1,6,15,0.1,0.0
mas_iterative,1976,default,57,6,6,34.0,0,2,30.666666666666668,nan,0,10,16,24,E1,6,15,0.1,0.0
hungarian,1976,default,57,6,6,34.0,0,2,30.666666666666668,nan,0,10,18,58,E1,6,15,0.1,0.0
no_coordination,1977,default,135,6,6,63.0,4,2,47.333333333333336,nan,114,8,0,0,E1,6,15,0.1,0.0
claim,1977,default,135,6,6,63.0,4,2,47.333333333333336,nan,114,8,10,10,E1,6,15,0.1,0.0
mas,1977,default,90,6,6,47.333333333333336,0,2,37.916666666666664,nan,0,30,14,21,E1,6,15,0.1,0.0
mas_iterative,1977,default,89,6,6,47.0,0,2,37.666666666666664,nan,0,28,14,21,E1,6,15,0.1,0.0
hungarian,1977,default,89,6,6,47.0,0,2,37.666666666666664,nan,0,28,18,58,E1,6,15,0.1,0.0
no_coordination,1978,default,105,6,6,47.666666666666664,4,2,40.22222222222222,20.0,84,8,0,0,E1,6,15,0.1,0.0
claim,1978,default,105,6,6,47.666666666666664,4,2,40.22222222222222,20.0,84,8,10,10,E1,6,15,0.1,0.0
mas,1978,default,76,6,6,38.666666666666664,0,2,33.94444444444444,20.0,0,30,14,21,E1,6,15,0.1,0.0
mas_iterative,1978,default,75,6,6,38.333333333333336,0,2,33.666666666666664,20.0,0,28,14,21,E1,6,15,0.1,0.0
hungarian,1978,default,75,6,6,38.333333333333336,0,2,33.666666666666664,20.0,0,28,18,58,E1,6,15,0.1,0.0
no_coordination,1979,default,91,6,6,60.0,4,2,49.666666666666664,nan,77,8,0,0,E1,6,15,0.1,0.0
claim,1979,default,91,6,6,60.0,4,2,49.666666666666664,nan,77,8,10,10,E1,6,15,0.1,0.0
mas,1979,default,71,6,6,43.333333333333336,0,2,37.416666666666664,nan,0,20,14,21,E1,6,15,0.1,0.0
mas_iterative,1979,default,71,6,6,43.0,0,2,37.0,nan,0,20,14,21,E1,6,15,0.1,0.0
hungarian,1979,default,69,6,6,41.0,0,2,35.0,nan,0,20,18,56,E1,6,15,0.1,0.0
no_coordination,1980,default,99,6,6,48.666666666666664,4,2,40.0,nan,76,8,0,0,E1,6,15,0.1,0.0
claim,1980,default,89,6,6,43.666666666666664,2,2,36.42857142857143,nan,56,6,8,8,E1,6,15,0.1,0.0
mas,1980,default,69,6,6,37.833333333333336,0,2,33.92857142857143,nan,0,20,14,21,E1,6,15,0.1,0.0
mas_iterative,1980,default,69,6,6,37.666666666666664,0,2,33.857142857142854,nan,0,20,14,21,E1,6,15,0.1,0.0
hungarian,1980,default,69,6,6,37.666666666666664,0,2,33.857142857142854,nan,0,20,18,58,E1,6,15,0.1,0.0
no_coordination,1981,default,83,6,6,44.666666666666664,2,2,37.733333333333334,34.0,39,6,0,0,E1,6,15,0.1,0.0
claim,1981,default,73,6,6,42.0,0,2,36.266666666666666,34.0,0,18,6,6,E1,6,15,0.1,0.0
mas,1981,default,73,6,6,42.0,0,2,36.266666666666666,34.0,0,18,12,18,E1,6,15,0.1,0.0
mas_iterative,1981,default,73,6,6,42.0,0,2,36.266666666666666,34.0,0,18,12,18,E1,6,15,0.1,0.0
hungarian,1981,default,73,6,6,42.0,0,2,36.266666666666666,34.0,0,18,18,56,E1,6,15,0.1,0.0
no_coordination,1982,default,86,6,6,50.833333333333336,4,2,37.642857142857146,21.0,48,8,0,0,E1,6,15,0.1,0.0
claim,1982,default,75,6,6,41.333333333333336,0,2,32.714285714285715,21.0,0,24,6,6,E1,6,15,0.1,0.0
mas,1982,default,75,6,6,41.333333333333336,0,2,32.714285714285715,21.0,0,24,12,18,E1,6,15,0.1,0.0
mas_iterative,1982,default,75,6,6,41.333333333333336,0,2,32.714285714285715,21.0,0,24,12,18,E1,6,15,0.1,0.0
hungarian,1982,default,75,6,6,41.333333333333336,0,2,32.714285714285715,21.0,0,24,18,56,E1,6,15,0.1,0.0
no_coordination,1983,default,110,6,6,63.5,5,2,54.11764705882353,36.0,67,9,0,0,E1,6,15,0.1,0.0
claim,1983,default,94,6,6,60.333333333333336,2,2,52.8235294117647,36.0,49,25,8,8,E1,6,15,0.1,0.0
mas,1983,default,79,6,6,42.833333333333336,0,2,36.05882352941177,23.5,0,34,14,21,E1,6,15,0.1,0.0
mas_iterative,1983,default,79,6,6,42.333333333333336,0,2,35.529411764705884,23.0,0,34,16,24,E1,6,15,0.1,0.0
hungarian,1983,default,79,6,6,42.333333333333336,0,2,35.529411764705884,23.0,0,34,20,59,E1,6,15,0.1,0.0
no_coordination,1984,default,51,6,6,29.333333333333332,4,2,26.94736842105263,22.0,28,8,0,0,E1,6,15,0.1,0.0
claim,1984,default,45,6,6,27.333333333333332,0,2,25.57894736842105,22.0,0,20,6,6,E1,6,15,0.1,0.0
mas,1984,default,45,6,6,27.333333333333332,0,2,25.57894736842105,22.0,0,20,12,18,E1,6,15,0.1,0.0
mas_iterative,1984,default,45,6,6,27.333333333333332,0,2,25.57894736842105,22.0,0,20,12,18,E1,6,15,0.1,0.0
hungarian,1984,default,45,6,6,27.333333333333332,0,2,25.57894736842105,22.0,0,20,18,56,E1,6,15,0.1,0.0
no_coordination,1985,default,91,6,6,58.0,5,2,53.294117647058826,36.0,68,9,0,0,E1,6,15,0.1,0.0
claim,1985,default,73,6,6,52.0,2,2,49.05882352941177,36.0,43,12,8,8,E1,6,15,0.1,0.0
mas,1985,default,51,6,6,32.666666666666664,0,2,30.647058823529413,20.5,0,8,14,21,E1,6,15,0.1,0.0
mas_iterative,1985,default,51,6,6,32.333333333333336,0,2,30.235294117647058,20.0,0,8,16,24,E1,6,15,0.1,0.0
hungarian,1985,default,51,6,6,32.333333333333336,0,2,30.235294117647058,20.0,0,8,18,58,E1,6,15,0.1,0.0
no_coordination,1986,default,121,6,6,67.0,4,2,54.30769230769231,36.0,95,8,0,0,E1,6,15,0.1,0.0
claim,1986,default,103,6,6,64.0,2,2,52.92307692307692,36.0,45,20,8,8,E1,6,15,0.1,0.0
mas,1986,default,71,6,6,40.5,0,2,33.38461538461539,28.0,0,12,14,21,E1,6,15,0.1,0.0
mas_iterative,1986,default,71,6,6,40.0,0,2,33.07692307692308,28.0,0,12,14,21,E1,6,15,0.1,0.0
hungarian,1986,default,97,6,6,50.0,0,2,39.38461538461539,25.0,0,38,20,59,E1,6,15,0.1,0.0
no_coordination,1987,default,92,6,6,46.333333333333336,2,2,36.4375,20.0,20,7,0,0,E1,6,15,0.1,0.0
claim,1987,default,91,6,6,46.166666666666664,1,2,36.375,20.0,18,40,7,7,E1,6,15,0.1,0.0
mas,1987,default,76,6,6,41.0,0,2,33.4375,20.0,0,26,14,21,E1,6,15,0.1,0.0
mas_iterative,1987,default,75,6,6,40.666666666666664,0,2,33.25,20.0,0,24,16,24,E1,6,15,0.1,0.0
hungarian,1987,default,75,6,6,40.666666666666664,0,2,33.25,20.0,0,24,18,60,E1,6,15,0.1,0.0
no_coordination,1988,default,79,6,6,39.666666666666664,2,2,36.857142857142854,nan,46,6,0,0,E1,6,15,0.1,0.0
claim,1988,default,79,6,6,39.666666666666664,2,2,36.857142857142854,nan,46,6,8,8,E1,6,15,0.1,0.0
mas,1988,default,66,6,6,36.0,0,2,33.714285714285715,nan,0,24,14,21,E1,6,15,0.1,0.0
mas_iterative,1988,default,65,6,6,35.666666666666664,0,2,33.42857142857143,nan,0,22,16,24,E1,6,15,0.1,0.0
hungarian,1988,default,65,6,6,35.666666666666664,0,2,33.42857142857143,nan,0,22,18,60,E1,6,15,0.1,0.0
no_coordination,1989,default,111,6,6,52.0,4,2,42.142857142857146,nan,49,8,0,0,E1,6,15,0.1,0.0
claim,1989,default,83,6,6,43.0,0,2,36.42857142857143,nan,0,34,6,6,E1,6,15,0.1,0.0
mas,1989,default,83,6,6,43.0,0,2,36.42857142857143,nan,0,34,12,18,E1,6,15,0.1,0.0
mas_iterative,1989,default,83,6,6,43.0,0,2,36.42857142857143,nan,0,34,12,18,E1,6,15,0.1,0.0
hungarian,1989,default,83,6,6,43.0,0,2,36.42857142857143,nan,0,34,18,56,E1,6,15,0.1,0.0
no_coordination,1990,default,77,6,6,45.666666666666664,4,2,37.75,27.0,47,8,0,0,E1,6,15,0.1,0.0
claim,1990,default,53,6,6,36.666666666666664,0,2,32.75,27.0,0,8,6,6,E1,6,15,0.1,0.0
mas,1990,default,53,6,6,36.666666666666664,0,2,32.75,27.0,0,8,12,18,E1,6,15,0.1,0.0
mas_iterative,1990,default,53,6,6,36.666666666666664,0,2,32.75,27.0,0,8,12,18,E1,6,15,0.1,0.0
hungarian,1990,default,53,6,6,36.666666666666664,0,2,32.75,27.0,0,8,18,56,E1,6,15,0.1,0.0
no_coordination,1991,default,94,6,6,50.5,3,2,41.0,33.25,59,7,0,0,E1,6,15,0.1,0.0
claim,1991,default,66,6,6,43.666666666666664,0,2,38.1578947368421,33.25,0,5,6,6,E1,6,15,0.1,0.0
mas,1991,default,66,6,6,43.666666666666664,0,2,38.1578947368421,33.25,0,5,12,18,E1,6,15,0.1,0.0
mas_iterative,1991,default,66,6,6,43.666666666666664,0,2,38.1578947368421,33.25,0,5,12,18,E1,6,15,0.1,0.0
hungarian,1991,default,66,6,6,43.666666666666664,0,2,38.1578947368421,33.25,0,5,18,56,E1,6,15,0.1,0.0
no_coordination,1992,default,91,6,6,58.333333333333336,3,2,52.705882352941174,22.0,49,7,0,0,E1,6,15,0.1,0.0
claim,1992,default,87,6,6,53.333333333333336,1,2,49.1764705882353,22.0,23,21,7,7,E1,6,15,0.1,0.0
mas,1992,default,81,6,6,45.333333333333336,0,2,41.411764705882355,22.0,0,30,14,21,E1,6,15,0.1,0.0
mas_iterative,1992,default,81,6,6,45.0,0,2,41.05882352941177,22.0,0,30,18,27,E1,6,15,0.1,0.0
hungarian,1992,default,81,6,6,45.0,0,2,41.05882352941177,22.0,0,30,20,61,E1,6,15,0.1,0.0
no_coordination,1993,default,99,6,6,56.833333333333336,4,2,48.3125,28.0,82,8,0,0,E1,6,15,0.1,0.0
claim,1993,default,76,6,6,50.666666666666664,1,2,45.5625,28.0,29,12,7,7,E1,6,15,0.1,0.0
mas,1993,default,59,6,6,38.166666666666664,0,2,33.4375,20.0,0,6,14,21,E1,6,15,0.1,0.0
mas_iterative,1993,default,59,6,6,37.666666666666664,0,2,33.0,20.0,0,6,14,21,E1,6,15,0.1,0.0
hungarian,1993,default,59,6,6,37.666666666666664,0,2,33.0,20.0,0,6,18,56,E1,6,15,0.1,0.0
no_coordination,1994,default,105,6,6,56.333333333333336,6,2,50.0,nan,105,10,0,0,E1,6,15,0.1,0.0
claim,1994,default,105,6,6,56.333333333333336,6,2,50.0,nan,105,10,12,12,E1,6,15,0.1,0.0
mas,1994,default,73,6,6,37.166666666666664,0,2,33.5,nan,0,34,14,21,E1,6,15,0.1,0.0
mas_iterative,1994,default,73,6,6,36.666666666666664,0,2,33.0,nan,0,34,14,21,E1,6,15,0.1,0.0
hungarian,1994,default,73,6,6,36.666666666666664,0,2,33.0,nan,0,34,18,56,E1,6,15,0.1,0.0
no_coordination,1995,default,84,6,6,49.833333333333336,2,2,41.588235294117645,24.0,38,23,0,0,E1,6,15,0.1,0.0
claim,1995,default,69,6,6,44.333333333333336,0,2,38.470588235294116,24.0,0,8,6,6,E1,6,15,0.1,0.0
mas,1995,default,69,6,6,44.333333333333336,0,2,38.470588235294116,24.0,0,8,12,18,E1,6,15,0.1,0.0
mas_iterative,1995,default,69,6,6,44.333333333333336,0,2,38.470588235294116,24.0,0,8,12,18,E1,6,15,0.1,0.0
hungarian,1995,default,69,6,6,44.333333333333336,0,2,38.470588235294116,24.0,0,8,18,56,E1,6,15,0.1,0.0
no_coordination,1996,default,113,6,6,60.166666666666664,5,2,46.2,27.0,88,9,0,0,E1,6,15,0.1,0.0
claim,1996,default,94,6,6,57.0,3,2,44.93333333333333,27.0,43,14,9,9,E1,6,15,0.1,0.0
mas,1996,default,81,6,6,46.333333333333336,0,2,36.53333333333333,23.5,0,20,14,21,E1,6,15,0.1,0.0
mas_iterative,1996,default,81,6,6,46.0,0,2,36.13333333333333,23.0,0,20,14,21,E1,6,15,0.1,0.0
hungarian,1996,default,81,6,6,46.0,0,2,36.13333333333333,23.0,0,20,18,56,E1,6,15,0.1,0.0
no_coordination,1997,default,87,6,6,53.333333333333336,4,2,41.69230769230769,26.0,46,8,0,0,E1,6,15,0.1,0.0
claim,1997,default,85,6,6,44.333333333333336,0,2,36.15384615384615,26.0,0,34,6,6,E1,6,15,0.1,0.0
mas,1997,default,85,6,6,44.333333333333336,0,2,36.15384615384615,26.0,0,34,12,18,E1,6,15,0.1,0.0
mas_iterative,1997,default,85,6,6,44.333333333333336,0,2,36.15384615384615,26.0,0,34,12,18,E1,6,15,0.1,0.0
hungarian,1997,default,85,6,6,44.333333333333336,0,2,36.15384615384615,26.0,0,34,18,56,E1,6,15,0.1,0.0
no_coordination,1998,default,59,6,6,40.333333333333336,2,2,36.470588235294116,27.0,17,6,0,0,E1,6,15,0.1,0.0
claim,1998,default,57,6,6,37.333333333333336,0,2,34.35294117647059,27.0,0,12,6,6,E1,6,15,0.1,0.0
mas,1998,default,57,6,6,37.333333333333336,0,2,34.35294117647059,27.0,0,12,12,18,E1,6,15,0.1,0.0
mas_iterative,1998,default,57,6,6,37.333333333333336,0,2,34.35294117647059,27.0,0,12,12,18,E1,6,15,0.1,0.0
hungarian,1998,default,57,6,6,37.333333333333336,0,2,34.35294117647059,27.0,0,12,18,56,E1,6,15,0.1,0.0
no_coordination,1999,default,132,6,6,75.5,5,2,64.26666666666667,30.0,91,9,0,0,E1,6,15,0.1,0.0
claim,1999,default,104,6,6,69.0,2,2,60.93333333333333,30.0,55,21,8,8,E1,6,15,0.1,0.0
mas,1999,default,71,6,6,41.833333333333336,0,2,35.93333333333333,20.0,0,16,14,21,E1,6,15,0.1,0.0
mas_iterative,1999,default,71,6,6,41.333333333333336,0,2,35.46666666666667,20.0,0,16,14,21,E1,6,15,0.1,0.0
hungarian,1999,default,71,6,6,41.333333333333336,0,2,35.46666666666667,20.0,0,16,18,56,E1,6,15,0.1,0.0
no_coordination,2000,default,54,6,6,32.833333333333336,2,2,30.466666666666665,26.0,10,6,0,0,E1,6,15,0.1,0.0
claim,2000,default,54,6,6,32.833333333333336,1,2,30.466666666666665,26.0,6,9,7,7,E1,6,15,0.1,0.0
mas,2000,default,53,6,6,31.666666666666668,0,2,29.866666666666667,26.0,0,9,14,21,E1,6,15,0.1,0.0
mas_iterative,2000,default,53,6,6,31.666666666666668,0,2,29.933333333333334,26.0,0,7,14,21,E1,6,15,0.1,0.0
hungarian,2000,default,53,6,6,31.666666666666668,0,2,29.933333333333334,26.0,0,7,18,58,E1,6,15,0.1,0.0
no_coordination,2001,default,118,6,6,68.16666666666667,3,2,48.5,20.0,74,7,0,0,E1,6,15,0.1,0.0
claim,2001,default,118,6,6,68.16666666666667,2,2,48.5,20.0,74,21,8,8,E1,6,15,0.1,0.0
mas,2001,default,83,6,6,49.0,0,2,39.07142857142857,20.0,0,10,14,21,E1,6,15,0.1,0.0
mas_iterative,2001,default,83,6,6,48.666666666666664,0,2,38.857142857142854,20.0,0,10,14,21,E1,6,15,0.1,0.0
hungarian,2001,default,83,6,6,48.666666666666664,0,2,38.857142857142854,20.0,0,10,18,58,E1,6,15,0.1,0.0
no_coordination,2002,default,117,6,6,62.166666666666664,4,2,48.0,21.0,43,8,0,0,E1,6,15,0.1,0.0
claim,2002,default,91,6,6,54.0,0,2,43.75,21.0,0,8,6,6,E1,6,15,0.1,0.0
mas,2002,default,91,6,6,54.0,0,2,43.75,21.0,0,8,12,18,E1,6,15,0.1,0.0
mas_iterative,2002,default,91,6,6,54.0,0,2,43.75,21.0,0,8,12,18,E1,6,15,0.1,0.0
hungarian,2002,default,91,6,6,54.0,0,2,43.75,21.0,0,8,18,56,E1,6,15,0.1,0.0
no_coordination,2003,default,89,6,6,47.0,4,2,39.27272727272727,nan,68,8,0,0,E1,6,15,0.1,0.0
claim,2003,default,89,6,6,47.0,4,2,39.27272727272727,nan,68,8,10,10,E1,6,15,0.1,0.0
mas,2003,default,64,6,6,37.333333333333336,0,2,32.63636363636363,nan,0,22,14,21,E1,6,15,0.1,0.0
mas_iterative,2003,default,63,6,6,37.0,0,2,32.36363636363637,nan,0,20,14,21,E1,6,15,0.1,0.0
hungarian,2003,default,63,6,6,37.0,0,2,32.36363636363637,nan,0,20,18,58,E1,6,15,0.1,0.0
no_coordination,2004,default,73,6,6,41.333333333333336,4,2,34.0,nan,52,8,0,0,E1,6,15,0.1,0.0
claim,2004,default,73,6,6,41.333333333333336,4,2,34.0,nan,52,8,10,10,E1,6,15,0.1,0.0
mas,2004,default,51,6,6,33.333333333333336,0,2,29.307692307692307,nan,0,12,14,21,E1,6,15,0.1,0.0
mas_iterative,2004,default,51,6,6,33.0,0,2,29.076923076923077,nan,0,12,14,21,E1,6,15,0.1,0.0
hungarian,2004,default,51,6,6,33.0,0,2,29.076923076923077,nan,0,12,18,58,E1,6,15,0.1,0.0
no_coordination,2005,default,133,6,6,71.0,6,2,57.166666666666664,nan,133,10,0,0,E1,6,15,0.1,0.0
claim,2005,default,133,6,6,71.0,6,2,57.166666666666664,nan,133,10,12,12,E1,6,15,0.1,0.0
mas,2005,default,88,6,6,45.833333333333336,0,2,37.833333333333336,nan,0,38,14,21,E1,6,15,0.1,0.0
mas_iterative,2005,default,87,6,6,45.333333333333336,0,2,37.333333333333336,nan,0,36,14,21,E1,6,15,0.1,0.0
hungarian,2005,default,87,6,6,45.333333333333336,0,2,37.333333333333336,nan,0,36,18,56,E1,6,15,0.1,0.0
no_coordination,2006,default,112,6,6,54.333333333333336,5,2,42.642857142857146,20.0,61,9,0,0,E1,6,15,0.1,0.0
claim,2006,default,95,6,6,51.5,3,2,41.42857142857143,20.0,43,30,9,9,E1,6,15,0.1,0.0
mas,2006,default,76,6,6,36.5,0,2,30.428571428571427,20.0,0,40,14,21,E1,6,15,0.1,0.0
mas_iterative,2006,default,75,6,6,36.0,0,2,30.0,20.0,0,38,16,24,E1,6,15,0.1,0.0
hungarian,2006,default,75,6,6,36.0,0,2,30.0,20.0,0,38,18,58,E1,6,15,0.1,0.0
no_coordination,2007,default,165,6,6,89.33333333333333,6,2,67.625,26.0,165,10,0,0,E1,6,15,0.1,0.0
claim,2007,default,165,6,6,89.33333333333333,6,2,67.625,26.0,165,10,12,12,E1,6,15,0.1,0.0
mas,2007,default,78,6,6,46.166666666666664,0,2,37.625,26.0,0,12,14,21,E1,6,15,0.1,0.0
mas_iterative,2007,default,77,6,6,45.666666666666664,0,2,37.25,26.0,0,10,16,24,E1,6,15,0.1,0.0
hungarian,2007,default,77,6,6,45.666666666666664,0,2,37.25,26.0,0,10,18,58,E1,6,15,0.1,0.0
no_coordination,2008,default,143,6,6,69.0,6,2,58.333333333333336,28.0,143,10,0,0,E1,6,15,0.1,0.0
claim,2008,default,143,6,6,69.0,6,2,58.333333333333336,28.0,143,10,12,12,E1,6,15,0.1,0.0
mas,2008,default,73,6,6,38.833333333333336,0,2,34.666666666666664,28.0,0,18,14,21,E1,6,15,0.1,0.0
mas_iterative,2008,default,73,6,6,38.333333333333336,0,2,34.22222222222222,28.0,0,18,16,24,E1,6,15,0.1,0.0
hungarian,2008,default,89,6,6,44.0,0,2,38.22222222222222,21.0,0,34,18,56,E1,6,15,0.1,0.0
no_coordination,2009,default,107,6,6,55.333333333333336,4,2,49.375,32.0,95,8,0,0,E1,6,15,0.1,0.0
claim,2009,default,89,6,6,52.0,1,2,47.0,32.0,33,29,7,7,E1,6,15,0.1,0.0
mas,2009,default,78,6,6,37.5,0,2,32.875,20.0,0,36,14,21,E1,6,15,0.1,0.0
mas_iterative,2009,default,77,6,6,37.0,0,2,32.375,20.0,0,34,16,24,E1,6,15,0.1,0.0
hungarian,2009,default,77,6,6,37.0,0,2,32.375,20.0,0,34,18,58,E1,6,15,0.1,0.0
no_coordination,2010,default,93,6,6,49.5,4,2,44.8421052631579,26.5,71,8,0,0,E1,6,15,0.1,0.0
claim,2010,default,61,6,6,37.833333333333336,0,2,35.8421052631579,26.5,0,11,6,6,E1,6,15,0.1,0.0
mas,2010,default,61,6,6,37.833333333333336,0,2,35.8421052631579,26.5,0,11,12,18,E1,6,15,0.1,0.0
mas_iterative,2010,default,61,6,6,37.833333333333336,0,2,35.8421052631579,26.5,0,11,12,18,E1,6,15,0.1,0.0
hungarian,2010,default,61,6,6,37.833333333333336,0,2,35.8421052631579,26.5,0,11,18,56,E1,6,15,0.1,0.0
no_coordination,2011,default,130,6,6,79.83333333333333,4,2,67.54545454545455,nan,87,8,0,0,E1,6,15,0.1,0.0
claim,2011,default,105,6,6,68.66666666666667,1,2,61.27272727272727,nan,33,17,7,7,E1,6,15,0.1,0.0
mas,2011,default,90,6,6,54.5,0,2,46.09090909090909,nan,0,16,14,21,E1,6,15,0.1,0.0
mas_iterative,2011,default,89,6,6,54.0,0,2,45.63636363636363,nan,0,14,14,21,E1,6,15,0.1,0.0
hungarian,2011,default,89,6,6,54.0,0,2,45.63636363636363,nan,0,14,18,56,E1,6,15,0.1,0.0
no_coordination,2012,default,125,6,6,74.83333333333333,5,2,62.3125,29.0,108,9,0,0,E1,6,15,0.1,0.0
claim,2012,default,120,6,6,74.0,3,2,61.6875,29.0,77,28,9,9,E1,6,15,0.1,0.0
mas,2012,default,79,6,6,47.5,0,2,39.25,20.5,0,14,14,21,E1,6,15,0.1,0.0
mas_iterative,2012,default,79,6,6,47.0,0,2,38.75,20.0,0,14,16,24,E1,6,15,0.1,0.0
hungarian,2012,default,79,6,6,47.0,0,2,38.75,20.0,0,14,18,58,E1,6,15,0.1,0.0
no_coordination,2013,default,109,6,6,54.0,3,2,49.714285714285715,nan,68,7,0,0,E1,6,15,0.1,0.0
claim,2013,default,101,6,6,52.666666666666664,1,2,48.57142857142857,nan,18,37,7,7,E1,6,15,0.1,0.0
mas,2013,default,94,6,6,50.333333333333336,0,2,46.57142857142857,nan,0,30,14,21,E1,6,15,0.1,0.0
mas_iterative,2013,default,93,6,6,50.0,0,2,46.285714285714285,nan,0,28,14,21,E1,6,15,0.1,0.0
hungarian,2013,default,93,6,6,50.0,0,2,46.285714285714285,nan,0,28,18,58,E1,6,15,0.1,0.0
no_coordination,2014,default,95,6,6,58.666666666666664,5,2,47.23076923076923,20.0,58,9,0,0,E1,6,15,0.1,0.0
claim,2014,default,81,6,6,56.0,2,2,46.0,20.0,41,12,8,8,E1,6,15,0.1,0.0
mas,2014,default,72,6,6,43.166666666666664,0,2,34.92307692307692,20.0,0,22,14,21,E1,6,15,0.1,0.0
mas_iterative,2014,default,71,6,6,42.666666666666664,0,2,34.46153846153846,20.0,0,20,16,24,E1,6,15,0.1,0.0
hungarian,2014,default,71,6,6,42.666666666666664,0,2,34.46153846153846,20.0,0,20,18,58,E1,6,15,0.1,0.0
no_coordination,2015,default,76,6,6,53.833333333333336,4,2,46.46153846153846,38.0,53,8,0,0,E1,6,15,0.1,0.0
claim,2015,default,76,6,6,52.0,2,2,45.61538461538461,38.0,39,19,8,8,E1,6,15,0.1,0.0
mas,2015,default,61,6,6,39.333333333333336,0,2,34.0,27.0,0,10,14,21,E1,6,15,0.1,0.0
mas_iterative,2015,default,61,6,6,39.0,0,2,33.53846153846154,26.0,0,10,14,21,E1,6,15,0.1,0.0
hungarian,2015,default,61,6,6,39.0,0,2,33.53846153846154,26.0,0,10,18,56,E1,6,15,0.1,0.0
no_coordination,2016,default,51,6,6,33.666666666666664,2,2,32.5,22.0,14,6,0,0,E1,6,15,0.1,0.0
claim,2016,default,51,6,6,33.666666666666664,1,2,32.5,22.0,12,7,7,7,E1,6,15,0.1,0.0
mas,2016,default,53,6,6,32.5,0,2,31.45,22.0,0,18,14,21,E1,6,15,0.1,0.0
mas_iterative,2016,default,53,6,6,32.333333333333336,0,2,31.3,22.0,0,18,14,21,E1,6,15,0.1,0.0
hungarian,2016,default,53,6,6,32.333333333333336,0,2,31.3,22.0,0,18,18,58,E1,6,15,0.1,0.0
no_coordination,2017,default,135,6,6,66.66666666666667,4,2,57.75,20.0,113,8,0,0,E1,6,15,0.1,0.0
claim,2017,default,135,6,6,66.66666666666667,4,2,57.75,20.0,113,8,10,10,E1,6,15,0.1,0.0
mas,2017,default,88,6,6,49.166666666666664,0,2,43.5625,20.0,0,20,14,21,E1,6,15,0.1,0.0
mas_iterative,2017,default,87,6,6,48.666666666666664,0,2,43.125,20.0,0,18,14,21,E1,6,15,0.1,0.0
hungarian,2017,default,87,6,6,48.666666666666664,0,2,43.125,20.0,0,18,18,56,E1,6,15,0.1,0.0
no_coordination,2018,default,77,6,6,44.166666666666664,4,2,35.0,20.0,62,8,0,0,E1,6,15,0.1,0.0
claim,2018,default,66,6,6,42.333333333333336,2,2,34.0,20.0,31,15,8,8,E1,6,15,0.1,0.0
mas,2018,default,67,6,6,39.666666666666664,0,2,32.36363636363637,20.0,0,22,14,21,E1,6,15,0.1,0.0
mas_iterative,2018,default,67,6,6,39.333333333333336,0,2,32.0,20.0,0,22,16,24,E1,6,15,0.1,0.0
hungarian,2018,default,67,6,6,39.333333333333336,0,2,32.72727272727273,28.0,0,22,18,58,E1,6,15,0.1,0.0
