policy,seed,scenario,completion_time,victims_total,victims_rescued,avg_waiting_time,duplicate_conflicts,rescue_agents,weighted_wait,critical_wait,wasted_ticks,idle_ticks,messages,message_payload,consensus_rounds,experiment,victims,grid,blockage,comm_loss,arrival_window,burst_length
claim,1000,default,151,20,20,77.9,3,4,64.91304347826087,32.0,71,75,23,23,0,E3,20,20,0.0,0.0,0,0
mas,1000,default,143,20,20,70.05,0,4,57.97826086956522,27.666666666666668,0,80,50,75,0,E3,20,20,0.0,0.0,0,0
mas_iterative,1000,default,142,20,20,69.15,0,4,57.17391304347826,27.333333333333332,0,76,48,72,0,E3,20,20,0.0,0.0,0,0
cbba,1000,default,142,20,20,69.15,0,4,56.91304347826087,27.333333333333332,0,76,572,3048,138,E3,20,20,0.0,0.0,0,0
claim,1001,default,166,20,20,81.15,2,4,71.44642857142857,40.4,61,99,22,22,0,E3,20,20,0.0,0.0,0,0
mas,1001,default,140,20,20,70.7,0,4,61.714285714285715,36.2,0,57,48,72,0,E3,20,20,0.0,0.0,0,0
mas_iterative,1001,default,139,20,20,69.8,0,4,60.910714285714285,35.8,0,53,50,75,0,E3,20,20,0.0,0.0,0,0
cbba,1001,default,139,20,20,69.8,0,4,60.910714285714285,35.8,0,53,488,2586,117,E3,20,20,0.0,0.0,0,0
claim,1002,default,178,20,20,88.3,2,4,72.71739130434783,47.0,61,122,22,22,0,E3,20,20,0.0,0.0,0,0
mas,1002,default,168,20,20,79.35,0,4,63.80434782608695,35.75,0,128,50,75,0,E3,20,20,0.0,0.0,0,0
mas_iterative,1002,default,167,20,20,78.25,0,4,62.76086956521739,34.75,0,124,48,72,0,E3,20,20,0.0,0.0,0,0
cbba,1002,default,167,20,20,78.25,0,4,62.76086956521739,34.75,0,124,604,3274,146,E3,20,20,0.0,0.0,0,0
claim,1003,default,171,20,20,82.55,5,4,65.54166666666667,44.5,162,74,27,27,0,E3,20,20,0.0,0.0,0,0
mas,1003,default,144,20,20,69.35,0,4,54.958333333333336,36.333333333333336,0,87,50,75,0,E3,20,20,0.0,0.0,0,0
mas_iterative,1003,default,144,20,20,68.3,0,4,54.0625,35.5,0,87,50,75,0,E3,20,20,0.0,0.0,0,0
cbba,1003,default,144,20,20,68.3,0,4,54.0625,35.5,0,87,476,2490,114,E3,20,20,0.0,0.0,0,0
claim,1004,default,181,20,20,96.3,3,4,82.97872340425532,40.0,94,86,23,23,0,E3,20,20,0.0,0.0,0,0
mas,1004,default,161,20,20,77.2,0,4,65.80851063829788,29.333333333333332,0,107,50,75,0,E3,20,20,0.0,0.0,0,0
mas_iterative,1004,default,160,20,20,76.25,0,4,64.91489361702128,29.0,0,103,48,72,0,E3,20,20,0.0,0.0,0,0
cbba,1004,default,160,20,20,76.25,0,4,64.91489361702128,29.0,0,103,564,3030,136,E3,20,20,0.0,0.0,0,0
claim,1005,default,151,20,20,77.3,3,4,69.25454545454545,47.666666666666664,68,111,23,23,0,E3,20,20,0.0,0.0,0,0
mas,1005,default,139,20,20,66.0,0,4,58.10909090909091,38.666666666666664,0,120,48,72,0,E3,20,20,0.0,0.0,0,0
mas_iterative,1005,default,138,20,20,65.25,0,4,57.41818181818182,38.0,0,116,44,66,0,E3,20,20,0.0,0.0,0,0
cbba,1005,default,140,20,20,65.25,0,4,57.45454545454545,38.0,0,124,596,3204,144,E3,20,20,0.0,0.0,0,0
claim,1006,default,184,20,20,99.0,6,4,82.02564102564102,38.0,183,104,29,29,0,E3,20,20,0.0,0.0,0,0
mas,1006,default,150,20,20,68.95,0,4,57.35897435897436,29.0,0,103,46,69,0,E3,20,20,0.0,0.0,0,0
mas_iterative,1006,default,149,20,20,68.3,0,4,56.743589743589745,28.5,0,99,46,69,0,E3,20,20,0.0,0.0,0,0
cbba,1006,default,149,20,20,68.3,0,4,56.743589743589745,28.5,0,99,552,2938,133,E3,20,20,0.0,0.0,0,0
claim,1007,default,142,20,20,80.1,3,4,70.24444444444444,33.0,87,66,23,23,0,E3,20,20,0.0,0.0,0,0
mas,1007,default,126,20,20,68.2,0,4,60.044444444444444,33.0,0,91,46,69,0,E3,20,20,0.0,0.0,0,0
mas_iterative,1007,default,123,20,20,67.25,0,4,59.31111111111111,33.0,0,79,46,69,0,E3,20,20,0.0,0.0,0,0
cbba,1007,default,123,20,20,67.45,0,4,59.044444444444444,28.0,0,73,492,2600,118,E3,20,20,0.0,0.0,0,0
claim,1008,default,181,20,20,100.1,4,4,86.44,36.25,119,64,24,24,0,E3,20,20,0.0,0.0,0,0
mas,1008,default,156,20,20,78.85,0,4,68.26,30.5,0,64,48,72,0,E3,20,20,0.0,0.0,0,0
mas_iterative,1008,default,156,20,20,77.9,0,4,67.42,30.25,0,64,48,72,0,E3,20,20,0.0,0.0,0,0
cbba,1008,default,156,20,20,77.9,0,4,67.42,30.25,0,64,572,3054,138,E3,20,20,0.0,0.0,0,0
claim,1009,default,236,20,20,116.05,6,4,95.0,38.0,209,140,27,27,0,E3,20,20,0.0,0.0,0,0
mas,1009,default,177,20,20,85.75,0,4,70.51063829787235,27.666666666666668,0,90,48,72,0,E3,20,20,0.0,0.0,0,0
mas_iterative,1009,default,175,20,20,84.9,0,4,69.72340425531915,27.333333333333332,0,82,48,72,0,E3,20,20,0.0,0.0,0,0
cbba,1009,default,175,20,20,84.9,0,4,69.72340425531915,27.333333333333332,0,82,520,2732,125,E3,20,20,0.0,0.0,0,0
claim,1010,default,190,20,20,111.5,4,4,98.05660377358491,57.6,206,64,28,28,0,E3,20,20,0.0,0.0,0,0
mas,1010,default,147,20,20,73.0,0,4,62.264150943396224,37.8,0,75,46,70,0,E3,20,20,0.0,0.0,0,0
mas_iterative,1010,default,145,20,20,71.95,0,4,61.283018867924525,37.0,0,67,48,73,0,E3,20,20,0.0,0.0,0,0
cbba,1010,default,145,20,20,71.95,0,4,61.283018867924525,37.0,0,67,556,2990,134,E3,20,20,0.0,0.0,0,0
claim,1011,default,167,20,20,80.9,2,4,67.24074074074075,37.2,57,129,22,22,0,E3,20,20,0.0,0.0,0,0
mas,1011,default,156,20,20,72.35,0,4,59.27777777777778,33.4,0,126,48,72,0,E3,20,20,0.0,0.0,0,0
mas_iterative,1011,default,155,20,20,71.5,0,4,58.48148148148148,33.0,0,122,48,72,0,E3,20,20,0.0,0.0,0,0
cbba,1011,default,155,20,20,71.5,0,4,58.48148148148148,33.0,0,122,520,2774,125,E3,20,20,0.0,0.0,0,0
claim,1012,default,159,20,20,78.25,3,4,70.20754716981132,40.2,67,125,23,23,0,E3,20,20,0.0,0.0,0,0
mas,1012,default,139,20,20,65.35,0,4,57.83018867924528,35.0,0,118,48,72,0,E3,20,20,0.0,0.0,0,0
mas_iterative,1012,default,138,20,20,64.6,0,4,57.18867924528302,34.8,0,114,44,66,0,E3,20,20,0.0,0.0,0,0
cbba,1012,default,138,20,20,64.6,0,4,57.18867924528302,34.8,0,114,584,3166,141,E3,20,20,0.0,0.0,0,0
claim,1013,default,180,20,20,81.85,2,4,74.39024390243902,nan,57,160,22,22,0,E3,20,20,0.0,0.0,0,0
mas,1013,default,167,20,20,73.25,0,4,65.63414634146342,nan,0,151,50,75,0,E3,20,20,0.0,0.0,0,0
mas_iterative,1013,default,165,20,20,72.2,0,4,64.6829268292683,nan,0,143,48,72,0,E3,20,20,0.0,0.0,0,0
cbba,1013,default,165,20,20,72.2,0,4,64.6829268292683,nan,0,143,500,2622,120,E3,20,20,0.0,0.0,0,0
claim,1014,default,178,20,20,84.9,2,4,72.92,28.5,59,120,22,22,0,E3,20,20,0.0,0.0,0,0
mas,1014,default,163,20,20,74.9,0,4,64.02,28.5,0,112,48,72,0,E3,20,20,0.0,0.0,0,0
mas_iterative,1014,default,162,20,20,74.05,0,4,63.24,28.5,0,108,46,69,0,E3,20,20,0.0,0.0,0,0
cbba,1014,default,164,20,20,74.4,0,4,62.32,28.0,0,102,508,2718,122,E3,20,20,0.0,0.0,0,0
claim,1015,default,181,20,20,94.4,3,4,84.04,34.0,89,79,23,23,0,E3,20,20,0.0,0.0,0,0
mas,1015,default,168,20,20,82.5,0,4,73.36,34.0,0,92,52,78,0,E3,20,20,0.0,0.0,0,0
mas_iterative,1015,default,168,20,20,81.4,0,4,72.42,34.0,0,92,48,72,0,E3,20,20,0.0,0.0,0,0
cbba,1015,default,168,20,20,81.4,0,4,72.42,34.0,0,92,496,2646,119,E3,20,20,0.0,0.0,0,0
claim,1016,default,153,20,20,79.25,6,4,64.08,39.833333333333336,133,81,26,26,0,E3,20,20,0.0,0.0,0,0
mas,1016,default,127,20,20,63.05,0,4,51.58,35.666666666666664,0,92,48,72,0,E3,20,20,0.0,0.0,0,0
mas_iterative,1016,default,126,20,20,62.15,0,4,50.76,35.166666666666664,0,88,48,72,0,E3,20,20,0.0,0.0,0,0
cbba,1016,default,126,20,20,62.15,0,4,50.76,35.166666666666664,0,88,552,2932,133,E3,20,20,0.0,0.0,0,0
claim,1017,default,206,20,20,89.8,6,4,78.0,41.666666666666664,269,55,31,31,0,E3,20,20,0.0,0.0,0,0
mas,1017,default,154,20,20,71.6,0,4,62.26923076923077,36.333333333333336,0,120,50,75,0,E3,20,20,0.0,0.0,0,0
mas_iterative,1017,default,152,20,20,70.7,0,4,61.44230769230769,36.0,0,112,48,72,0,E3,20,20,0.0,0.0,0,0
cbba,1017,default,152,20,20,70.7,0,4,61.44230769230769,36.0,0,112,540,2900,130,E3,20,20,0.0,0.0,0,0
claim,1018,default,209,20,20,105.15,3,4,83.70454545454545,32.666666666666664,89,123,23,23,0,E3,20,20,0.0,0.0,0,0
mas,1018,default,184,20,20,91.7,0,4,71.38636363636364,32.666666666666664,0,86,48,72,0,E3,20,20,0.0,0.0,0,0
mas_iterative,1018,default,189,20,20,91.2,0,4,70.79545454545455,32.666666666666664,0,106,48,72,0,E3,20,20,0.0,0.0,0,0
cbba,1018,default,183,20,20,90.8,0,4,70.61363636363636,32.666666666666664,0,82,520,2794,125,E3,20,20,0.0,0.0,0,0
claim,1019,default,163,20,20,88.15,2,4,77.2156862745098,32.0,59,43,22,22,0,E3,20,20,0.0,0.0,0,0
mas,1019,default,156,20,20,77.25,0,4,67.05882352941177,32.0,0,73,48,72,0,E3,20,20,0.0,0.0,0,0
mas_iterative,1019,default,155,20,20,76.6,0,4,66.41176470588235,32.0,0,69,44,66,0,E3,20,20,0.0,0.0,0,0
cbba,1019,default,155,20,20,76.6,0,4,66.41176470588235,32.0,0,69,624,3404,151,E3,20,20,0.0,0.0,0,0
claim,1020,default,187,20,20,95.55,2,4,79.93478260869566,28.5,59,118,22,22,0,E3,20,20,0.0,0.0,0,0
mas,1020,default,176,20,20,84.7,0,4,69.84782608695652,28.5,0,126,48,72,0,E3,20,20,0.0,0.0,0,0
mas_iterative,1020,default,175,20,20,83.85,0,4,69.04347826086956,28.5,0,122,48,72,0,E3,20,20,0.0,0.0,0,0
cbba,1020,default,175,20,20,83.85,0,4,69.04347826086956,28.5,0,122,524,2790,126,E3,20,20,0.0,0.0,0,0
claim,1021,default,158,20,20,82.1,2,4,68.6304347826087,35.666666666666664,59,68,22,22,0,E3,20,20,0.0,0.0,0,0
mas,1021,default,146,20,20,72.5,0,4,59.47826086956522,28.666666666666668,0,66,51,77,0,E3,20,20,0.0,0.0,0,0
mas_iterative,1021,default,144,20,20,71.2,0,4,58.32608695652174,28.333333333333332,0,58,48,72,0,E3,20,20,0.0,0.0,0,0
cbba,1021,default,144,20,20,71.2,0,4,58.32608695652174,28.333333333333332,0,58,512,2728,123,E3,20,20,0.0,0.0,0,0
claim,1022,default,187,20,20,94.85,4,4,81.17647058823529,41.5,117,106,24,24,0,E3,20,20,0.0,0.0,0,0
mas,1022,default,144,20,20,75.15,0,4,64.13725490196079,41.5,0,42,50,75,0,E3,20,20,0.0,0.0,0,0
mas_iterative,1022,default,143,20,20,74.25,0,4,63.27450980392157,41.0,0,38,48,72,0,E3,20,20,0.0,0.0,0,0
cbba,1022,default,156,20,20,76.6,0,4,65.23529411764706,36.25,0,70,508,2680,122,E3,20,20,0.0,0.0,0,0
claim,1023,default,224,20,20,113.95,7,4,95.31372549019608,38.0,253,51,31,31,0,E3,20,20,0.0,0.0,0,0
mas,1023,default,178,20,20,84.15,0,4,70.50980392156863,29.333333333333332,0,115,44,66,0,E3,20,20,0.0,0.0,0,0
mas_iterative,1023,default,177,20,20,83.65,0,4,70.01960784313725,29.0,0,111,46,69,0,E3,20,20,0.0,0.0,0,0
cbba,1023,default,177,20,20,83.65,0,4,70.01960784313725,29.0,0,111,548,2938,132,E3,20,20,0.0,0.0,0,0
claim,1024,default,211,20,20,128.4,4,4,113.61224489795919,54.333333333333336,238,77,29,29,0,E3,20,20,0.0,0.0,0,0
mas,1024,default,165,20,20,80.3,0,4,69.79591836734694,29.666666666666668,0,94,46,70,0,E3,20,20,0.0,0.0,0,0
mas_iterative,1024,default,165,20,20,79.35,0,4,68.85714285714286,29.0,0,94,48,73,0,E3,20,20,0.0,0.0,0,0
cbba,1024,default,168,20,20,80.3,0,4,69.12244897959184,29.0,0,106,572,3062,138,E3,20,20,0.0,0.0,0,0
claim,1025,default,156,20,20,80.5,2,4,66.93877551020408,40.5,59,85,22,22,0,E3,20,20,0.0,0.0,0,0
mas,1025,default,139,20,20,68.2,0,4,55.755102040816325,34.0,0,86,48,72,0,E3,20,20,0.0,0.0,0,0
mas_iterative,1025,default,137,20,20,67.45,0,4,55.06122448979592,33.5,0,78,46,69,0,E3,20,20,0.0,0.0,0,0
cbba,1025,default,131,20,20,64.4,0,4,52.795918367346935,37.5,0,76,560,3004,135,E3,20,20,0.0,0.0,0,0
claim,1026,default,175,20,20,100.95,3,4,86.18867924528301,46.833333333333336,93,41,23,23,0,E3,20,20,0.0,0.0,0,0
mas,1026,default,151,20,20,81.75,0,4,69.32075471698113,41.166666666666664,0,38,46,69,0,E3,20,20,0.0,0.0,0,0
mas_iterative,1026,default,150,20,20,81.2,0,4,68.79245283018868,40.833333333333336,0,34,48,72,0,E3,20,20,0.0,0.0,0,0
cbba,1026,default,150,20,20,81.2,0,4,68.79245283018868,40.833333333333336,0,34,488,2600,117,E3,20,20,0.0,0.0,0,0
claim,1027,default,216,20,20,121.35,5,4,102.34042553191489,54.5,234,119,28,28,0,E3,20,20,0.0,0.0,0,0
mas,1027,default,171,20,20,81.65,0,4,66.34042553191489,33.0,0,114,50,76,0,E3,20,20,0.0,0.0,0,0
mas_iterative,1027,default,170,20,20,80.55,0,4,65.31914893617021,32.25,0,110,52,79,0,E3,20,20,0.0,0.0,0,0
cbba,1027,default,170,20,20,80.55,0,4,65.31914893617021,32.25,0,110,528,2792,127,E3,20,20,0.0,0.0,0,0
claim,1028,default,260,20,20,152.05,7,4,129.5,43.0,358,111,34,34,0,E3,20,20,0.0,0.0,0,0
mas,1028,default,171,20,20,85.9,0,4,69.22727272727273,28.5,0,94,48,73,0,E3,20,20,0.0,0.0,0,0
mas_iterative,1028,default,169,20,20,84.9,0,4,68.25,27.5,0,86,52,79,0,E3,20,20,0.0,0.0,0,0
cbba,1028,default,169,20,20,84.9,0,4,68.25,27.5,0,86,464,2450,111,E3,20,20,0.0,0.0,0,0
claim,1030,default,165,20,20,90.6,5,4,73.76190476190476,43.5,131,48,25,25,0,E3,20,20,0.0,0.0,0,0
mas,1030,default,155,20,20,71.8,0,4,57.785714285714285,34.0,0,102,44,66,0,E3,20,20,0.0,0.0,0,0
mas_iterative,1030,default,154,20,20,71.3,0,4,57.285714285714285,33.5,0,98,48,72,0,E3,20,20,0.0,0.0,0,0
cbba,1030,default,154,20,20,71.3,0,4,57.285714285714285,33.5,0,98,528,2802,127,E3,20,20,0.0,0.0,0,0
claim,1031,default,175,20,20,88.2,2,4,74.12727272727273,42.57142857142857,57,92,22,22,0,E3,20,20,0.0,0.0,0,0
mas,1031,default,164,20,20,78.5,0,4,64.87272727272727,35.42857142857143,0,92,46,69,0,E3,20,20,0.0,0.0,0,0
mas_iterative,1031,default,164,20,20,77.85,0,4,64.25454545454545,34.857142857142854,0,92,46,69,0,E3,20,20,0.0,0.0,0,0
cbba,1031,default,164,20,20,77.85,0,4,64.25454545454545,34.857142857142854,0,92,556,3004,134,E3,20,20,0.0,0.0,0,0
claim,1032,default,185,20,20,98.15,5,4,82.17021276595744,34.0,122,105,26,26,0,E3,20,20,0.0,0.0,0,0
mas,1032,default,150,20,20,75.4,0,4,61.61702127659574,34.0,0,89,54,82,0,E3,20,20,0.0,0.0,0,0
mas_iterative,1032,default,143,20,20,73.5,0,4,60.276595744680854,33.5,0,61,51,77,0,E3,20,20,0.0,0.0,0,0
cbba,1032,default,143,20,20,73.5,0,4,60.276595744680854,33.5,0,61,500,2684,120,E3,20,20,0.0,0.0,0,0
claim,1033,default,196,20,20,97.3,2,4,83.11111111111111,50.4,57,96,22,22,0,E3,20,20,0.0,0.0,0,0
mas,1033,default,185,20,20,82.9,0,4,70.05555555555556,45.6,0,125,48,72,0,E3,20,20,0.0,0.0,0,0
mas_iterative,1033,default,184,20,20,82.1,0,4,69.29629629629629,45.0,0,121,50,75,0,E3,20,20,0.0,0.0,0,0
cbba,1033,default,184,20,20,82.1,0,4,69.29629629629629,45.0,0,121,488,2596,117,E3,20,20,0.0,0.0,0,0
claim,1034,default,187,20,20,93.8,3,4,74.84444444444445,48.5,89,92,23,23,0,E3,20,20,0.0,0.0,0,0
mas,1034,default,168,20,20,81.55,0,4,63.48888888888889,29.0,0,74,48,72,0,E3,20,20,0.0,0.0,0,0
mas_iterative,1034,default,167,20,20,80.6,0,4,62.55555555555556,27.5,0,70,50,75,0,E3,20,20,0.0,0.0,0,0
cbba,1034,default,167,20,20,80.6,0,4,62.55555555555556,27.5,0,70,532,2852,128,E3,20,20,0.0,0.0,0,0
claim,1035,default,174,20,20,89.4,3,4,78.53703703703704,38.6,73,72,23,23,0,E3,20,20,0.0,0.0,0,0
mas,1035,default,159,20,20,75.8,0,4,65.37037037037037,34.0,0,94,51,77,0,E3,20,20,0.0,0.0,0,0
mas_iterative,1035,default,158,20,20,74.5,0,4,64.18518518518519,33.4,0,90,46,69,0,E3,20,20,0.0,0.0,0,0
cbba,1035,default,158,20,20,74.5,0,4,64.18518518518519,33.4,0,90,576,3114,139,E3,20,20,0.0,0.0,0,0
claim,1036,default,203,20,20,108.7,4,4,89.9795918367347,44.5,113,99,24,24,0,E3,20,20,0.0,0.0,0,0
mas,1036,default,180,20,20,89.45,0,4,72.22448979591837,37.75,0,95,46,69,0,E3,20,20,0.0,0.0,0,0
mas_iterative,1036,default,180,20,20,88.8,0,4,71.6734693877551,37.5,0,95,46,69,0,E3,20,20,0.0,0.0,0,0
cbba,1036,default,174,20,20,88.0,0,4,71.89795918367346,35.25,0,60,464,2434,111,E3,20,20,0.0,0.0,0,0
claim,1037,default,192,20,20,95.45,3,4,74.97826086956522,43.2,85,116,23,23,0,E3,20,20,0.0,0.0,0,0
mas,1037,default,178,20,20,87.1,0,4,67.1086956521739,34.4,0,114,48,72,0,E3,20,20,0.0,0.0,0,0
mas_iterative,1037,default,178,20,20,86.25,0,4,66.28260869565217,33.8,0,114,48,72,0,E3,20,20,0.0,0.0,0,0
cbba,1037,default,178,20,20,86.25,0,4,66.28260869565217,33.8,0,114,584,3176,141,E3,20,20,0.0,0.0,0,0
claim,1038,default,176,20,20,88.8,3,4,75.91379310344827,47.0,81,92,23,23,0,E3,20,20,0.0,0.0,0,0
mas,1038,default,161,20,20,74.55,0,4,62.706896551724135,41.5,0,104,46,69,0,E3,20,20,0.0,0.0,0,0
mas_iterative,1038,default,161,20,20,74.05,0,4,62.224137931034484,41.0,0,104,46,69,0,E3,20,20,0.0,0.0,0,0
cbba,1038,default,161,20,20,75.0,0,4,63.39655172413793,42.333333333333336,0,96,532,2828,128,E3,20,20,0.0,0.0,0,0
claim,1039,default,180,20,20,87.25,2,4,73.83928571428571,39.666666666666664,57,107,22,22,0,E3,20,20,0.0,0.0,0,0
mas,1039,default,173,20,20,78.15,0,4,65.21428571428571,32.833333333333336,0,120,46,69,0,E3,20,20,0.0,0.0,0,0
mas_iterative,1039,default,172,20,20,77.55,0,4,64.625,32.5,0,116,46,69,0,E3,20,20,0.0,0.0,0,0
cbba,1039,default,172,20,20,77.55,0,4,64.625,32.5,0,116,572,3058,138,E3,20,20,0.0,0.0,0,0
claim,1040,default,172,20,20,97.8,5,4,85.12244897959184,46.0,156,28,26,26,0,E3,20,20,0.0,0.0,0,0
mas,1040,default,144,20,20,78.2,0,4,68.9795918367347,49.5,0,61,46,69,0,E3,20,20,0.0,0.0,0,0
mas_iterative,1040,default,144,20,20,77.55,0,4,68.34693877551021,49.0,0,61,46,69,0,E3,20,20,0.0,0.0,0,0
cbba,1040,default,144,20,20,77.55,0,4,68.34693877551021,49.0,0,61,532,2848,128,E3,20,20,0.0,0.0,0,0
claim,1041,default,167,20,20,86.65,2,4,71.7,36.5,57,76,22,22,0,E3,20,20,0.0,0.0,0,0
mas,1041,default,155,20,20,76.3,0,4,62.06,31.0,0,86,50,75,0,E3,20,20,0.0,0.0,0,0
mas_iterative,1041,default,153,20,20,75.3,0,4,61.16,30.75,0,78,50,75,0,E3,20,20,0.0,0.0,0,0
cbba,1041,default,153,20,20,75.3,0,4,61.16,30.75,0,78,520,2776,125,E3,20,20,0.0,0.0,0,0
claim,1042,default,169,20,20,80.2,2,4,66.25,38.2,57,122,22,22,0,E3,20,20,0.0,0.0,0,0
mas,1042,default,157,20,20,70.7,0,4,57.05769230769231,29.0,0,120,44,66,0,E3,20,20,0.0,0.0,0,0
mas_iterative,1042,default,156,20,20,70.2,0,4,56.59615384615385,28.6,0,116,46,69,0,E3,20,20,0.0,0.0,0,0
cbba,1042,default,156,20,20,70.2,0,4,56.59615384615385,28.6,0,116,576,3106,139,E3,20,20,0.0,0.0,0,0
claim,1043,default,161,20,20,82.75,3,4,66.15789473684211,31.0,61,70,23,23,0,E3,20,20,0.0,0.0,0,0
mas,1043,default,155,20,20,73.6,0,4,57.18421052631579,31.0,0,84,46,69,0,E3,20,20,0.0,0.0,0,0
mas_iterative,1043,default,154,20,20,72.95,0,4,56.60526315789474,31.0,0,80,44,66,0,E3,20,20,0.0,0.0,0,0
cbba,1043,default,154,20,20,72.95,0,4,56.60526315789474,31.0,0,80,624,3416,151,E3,20,20,0.0,0.0,0,0
claim,1044,default,163,20,20,86.4,2,4,76.28,45.5,57,84,22,22,0,E3,20,20,0.0,0.0,0,0
mas,1044,default,154,20,20,75.0,0,4,65.4,40.0,0,96,50,75,0,E3,20,20,0.0,0.0,0,0
mas_iterative,1044,default,153,20,20,74.05,0,4,64.5,39.5,0,92,48,72,0,E3,20,20,0.0,0.0,0,0
cbba,1044,default,153,20,20,74.05,0,4,64.5,39.5,0,92,492,2578,118,E3,20,20,0.0,0.0,0,0
claim,1045,default,200,20,20,95.25,2,4,78.53846153846153,39.0,57,117,22,22,0,E3,20,20,0.0,0.0,0,0
mas,1045,default,188,20,20,83.3,0,4,68.92307692307692,32.25,0,125,48,72,0,E3,20,20,0.0,0.0,0,0
mas_iterative,1045,default,187,20,20,82.4,0,4,68.0576923076923,32.0,0,121,50,75,0,E3,20,20,0.0,0.0,0,0
cbba,1045,default,187,20,20,82.4,0,4,68.0576923076923,32.0,0,121,512,2722,123,E3,20,20,0.0,0.0,0,0
claim,1046,default,225,20,20,115.95,5,4,100.16981132075472,57.4,253,105,31,31,0,E3,20,20,0.0,0.0,0,0
mas,1046,default,170,20,20,79.45,0,4,67.20754716981132,34.8,0,90,46,70,0,E3,20,20,0.0,0.0,0,0
mas_iterative,1046,default,169,20,20,78.4,0,4,66.18867924528301,33.8,0,86,50,76,0,E3,20,20,0.0,0.0,0,0
cbba,1046,default,169,20,20,78.4,0,4,66.18867924528301,33.8,0,86,524,2810,126,E3,20,20,0.0,0.0,0,0
claim,1047,default,159,20,20,81.8,4,4,69.2,43.0,117,73,24,24,0,E3,20,20,0.0,0.0,0,0
mas,1047,default,144,20,20,70.55,0,4,58.6,28.5,0,114,48,72,0,E3,20,20,0.0,0.0,0,0
mas_iterative,1047,default,143,20,20,69.65,0,4,57.75555555555555,28.0,0,110,52,78,0,E3,20,20,0.0,0.0,0,0
cbba,1047,default,143,20,20,69.65,0,4,57.75555555555555,28.0,0,110,480,2568,115,E3,20,20,0.0,0.0,0,0
claim,1048,default,225,20,20,124.6,5,4,109.8936170212766,56.0,230,121,28,28,0,E3,20,20,0.0,0.0,0,0
mas,1048,default,165,20,20,82.9,0,4,71.7872340425532,30.5,0,86,53,81,0,E3,20,20,0.0,0.0,0,0
mas_iterative,1048,default,163,20,20,81.1,0,4,70.1063829787234,30.0,0,78,46,70,0,E3,20,20,0.0,0.0,0,0
cbba,1048,default,163,20,20,81.1,0,4,70.1063829787234,30.0,0,78,600,3242,145,E3,20,20,0.0,0.0,0,0
claim,1049,default,191,20,20,96.15,3,4,84.78181818181818,39.333333333333336,87,85,23,23,0,E3,20,20,0.0,0.0,0,0
mas,1049,default,180,20,20,84.45,0,4,73.96363636363637,32.0,0,94,48,72,0,E3,20,20,0.0,0.0,0,0
mas_iterative,1049,default,179,20,20,83.65,0,4,73.16363636363636,31.666666666666668,0,90,52,78,0,E3,20,20,0.0,0.0,0,0
cbba,1049,default,179,20,20,83.65,0,4,73.16363636363636,31.666666666666668,0,90,476,2514,114,E3,20,20,0.0,0.0,0,0
claim,1050,default,196,20,20,101.65,4,4,83.9375,44.5,117,125,24,24,0,E3,20,20,0.0,0.0,0,0
mas,1050,default,168,20,20,80.0,0,4,65.0625,39.25,0,122,48,72,0,E3,20,20,0.0,0.0,0,0
mas_iterative,1050,default,167,20,20,79.1,0,4,64.25,38.75,0,118,48,72,0,E3,20,20,0.0,0.0,0,0
cbba,1050,default,167,20,20,79.1,0,4,64.25,38.75,0,118,496,2616,119,E3,20,20,0.0,0.0,0,0
claim,1051,default,219,20,20,118.75,7,4,97.5111111111111,38.5,225,99,29,29,0,E3,20,20,0.0,0.0,0,0
mas,1051,default,167,20,20,83.55,0,4,69.17777777777778,28.5,0,88,44,66,0,E3,20,20,0.0,0.0,0,0
mas_iterative,1051,default,167,20,20,83.05,0,4,68.71111111111111,28.0,0,88,48,72,0,E3,20,20,0.0,0.0,0,0
cbba,1051,default,167,20,20,83.05,0,4,68.71111111111111,28.0,0,88,516,2776,124,E3,20,20,0.0,0.0,0,0
claim,1052,default,192,20,20,104.85,5,4,90.02173913043478,41.0,182,80,28,28,0,E3,20,20,0.0,0.0,0,0
mas,1052,default,168,20,20,80.4,0,4,67.93478260869566,29.0,0,108,48,73,0,E3,20,20,0.0,0.0,0,0
mas_iterative,1052,default,166,20,20,79.3,0,4,66.8913043478261,28.0,0,100,48,73,0,E3,20,20,0.0,0.0,0,0
cbba,1052,default,166,20,20,79.3,0,4,66.8913043478261,28.0,0,100,584,3150,141,E3,20,20,0.0,0.0,0,0
claim,1053,default,174,20,20,94.15,5,4,81.17647058823529,41.8,143,53,25,25,0,E3,20,20,0.0,0.0,0,0
mas,1053,default,143,20,20,74.85,0,4,63.490196078431374,37.8,0,59,46,69,0,E3,20,20,0.0,0.0,0,0
mas_iterative,1053,default,143,20,20,74.15,0,4,62.86274509803921,37.6,0,59,49,74,0,E3,20,20,0.0,0.0,0,0
cbba,1053,default,143,20,20,74.15,0,4,62.86274509803921,37.6,0,59,508,2708,122,E3,20,20,0.0,0.0,0,0
claim,1054,default,182,20,20,99.05,3,4,85.4090909090909,41.0,85,65,23,23,0,E3,20,20,0.0,0.0,0,0
mas,1054,default,175,20,20,84.85,0,4,71.54545454545455,28.5,0,90,46,69,0,E3,20,20,0.0,0.0,0,0
mas_iterative,1054,default,174,20,20,84.15,0,4,70.86363636363636,28.0,0,86,48,72,0,E3,20,20,0.0,0.0,0,0
cbba,1054,default,174,20,20,84.15,0,4,70.86363636363636,28.0,0,86,616,3366,149,E3,20,20,0.0,0.0,0,0
claim,1055,default,166,20,20,87.9,2,4,77.71698113207547,42.5,67,79,22,22,0,E3,20,20,0.0,0.0,0,0
mas,1055,default,157,20,20,79.0,0,4,68.58490566037736,36.5,0,82,46,69,0,E3,20,20,0.0,0.0,0,0
mas_iterative,1055,default,154,20,20,77.5,0,4,67.62264150943396,36.0,0,70,46,69,0,E3,20,20,0.0,0.0,0,0
cbba,1055,default,152,20,20,74.95,0,4,64.98113207547169,33.25,0,72,524,2788,126,E3,20,20,0.0,0.0,0,0
claim,1056,default,157,20,20,84.55,2,4,72.09433962264151,44.4,59,87,22,22,0,E3,20,20,0.0,0.0,0,0
mas,1056,default,151,20,20,76.45,0,4,63.679245283018865,35.8,0,92,44,66,0,E3,20,20,0.0,0.0,0,0
mas_iterative,1056,default,151,20,20,75.95,0,4,63.20754716981132,35.4,0,92,44,66,0,E3,20,20,0.0,0.0,0,0
cbba,1056,default,151,20,20,75.95,0,4,63.20754716981132,35.4,0,92,624,3350,151,E3,20,20,0.0,0.0,0,0
claim,1057,default,170,20,20,91.25,2,4,78.45614035087719,45.333333333333336,57,68,22,22,0,E3,20,20,0.0,0.0,0,0
mas,1057,default,157,20,20,78.5,0,4,66.89473684210526,38.5,0,86,48,72,0,E3,20,20,0.0,0.0,0,0
mas_iterative,1057,default,156,20,20,77.6,0,4,66.03508771929825,38.0,0,82,48,72,0,E3,20,20,0.0,0.0,0,0
cbba,1057,default,156,20,20,77.6,0,4,66.03508771929825,38.0,0,82,508,2652,122,E3,20,20,0.0,0.0,0,0
claim,1058,default,205,20,20,107.45,4,4,92.82352941176471,41.0,111,105,24,24,0,E3,20,20,0.0,0.0,0,0
mas,1058,default,169,20,20,83.0,0,4,70.17647058823529,32.25,0,74,48,72,0,E3,20,20,0.0,0.0,0,0
mas_iterative,1058,default,168,20,20,82.1,0,4,69.37254901960785,32.0,0,70,48,72,0,E3,20,20,0.0,0.0,0,0
cbba,1058,default,168,20,20,82.1,0,4,69.37254901960785,32.0,0,70,524,2806,126,E3,20,20,0.0,0.0,0,0
claim,1059,default,175,20,20,85.75,3,4,72.88461538461539,45.6,95,116,23,23,0,E3,20,20,0.0,0.0,0,0
mas,1059,default,162,20,20,72.15,0,4,60.78846153846154,35.4,0,136,48,72,0,E3,20,20,0.0,0.0,0,0
mas_iterative,1059,default,161,20,20,71.25,0,4,59.92307692307692,34.6,0,132,44,66,0,E3,20,20,0.0,0.0,0,0
cbba,1059,default,161,20,20,71.25,0,4,59.92307692307692,34.6,0,132,592,3216,143,E3,20,20,0.0,0.0,0,0
claim,1060,default,168,20,20,80.3,3,4,66.65217391304348,41.0,65,128,23,23,0,E3,20,20,0.0,0.0,0,0
mas,1060,default,153,20,20,69.2,0,4,56.608695652173914,33.333333333333336,0,118,48,72,0,E3,20,20,0.0,0.0,0,0
mas_iterative,1060,default,151,20,20,68.15,0,4,55.73913043478261,33.0,0,110,48,72,0,E3,20,20,0.0,0.0,0,0
cbba,1060,default,151,20,20,68.15,0,4,55.73913043478261,33.0,0,110,480,2488,115,E3,20,20,0.0,0.0,0,0
claim,1061,default,181,20,20,90.55,2,4,79.35416666666667,48.333333333333336,57,101,22,22,0,E3,20,20,0.0,0.0,0,0
mas,1061,default,169,20,20,81.15,0,4,69.66666666666667,32.0,0,95,50,75,0,E3,20,20,0.0,0.0,0,0
mas_iterative,1061,default,168,20,20,80.2,0,4,68.79166666666667,31.333333333333332,0,91,48,72,0,E3,20,20,0.0,0.0,0,0
cbba,1061,default,168,20,20,80.2,0,4,68.79166666666667,31.333333333333332,0,91,520,2776,125,E3,20,20,0.0,0.0,0,0
claim,1062,default,198,20,20,104.7,4,4,94.16949152542372,46.2,113,99,24,24,0,E3,20,20,0.0,0.0,0,0
mas,1062,default,171,20,20,85.15,0,4,76.0677966101695,35.4,0,80,46,69,0,E3,20,20,0.0,0.0,0,0
mas_iterative,1062,default,170,20,20,84.55,0,4,75.49152542372882,34.8,0,76,46,69,0,E3,20,20,0.0,0.0,0,0
cbba,1062,default,170,20,20,84.55,0,4,75.49152542372882,34.8,0,76,564,3008,136,E3,20,20,0.0,0.0,0,0
claim,1063,default,184,20,20,103.3,3,4,89.33962264150944,50.4,184,93,26,26,0,E3,20,20,0.0,0.0,0,0
mas,1063,default,150,20,20,67.15,0,4,57.132075471698116,35.4,0,127,50,76,0,E3,20,20,0.0,0.0,0,0
mas_iterative,1063,default,149,20,20,65.8,0,4,55.81132075471698,34.0,0,123,48,73,0,E3,20,20,0.0,0.0,0,0
cbba,1063,default,149,20,20,65.8,0,4,55.81132075471698,34.0,0,123,540,2886,130,E3,20,20,0.0,0.0,0,0
claim,1064,default,169,20,20,80.05,3,4,67.82142857142857,48.833333333333336,109,59,26,26,0,E3,20,20,0.0,0.0,0,0
mas,1064,default,157,20,20,70.1,0,4,58.285714285714285,41.833333333333336,0,128,50,75,0,E3,20,20,0.0,0.0,0,0
mas_iterative,1064,default,156,20,20,69.35,0,4,57.589285714285715,41.166666666666664,0,124,50,75,0,E3,20,20,0.0,0.0,0,0
cbba,1064,default,156,20,20,69.35,0,4,57.589285714285715,41.166666666666664,0,124,516,2724,124,E3,20,20,0.0,0.0,0,0
claim,1065,default,144,20,20,75.7,4,4,65.10416666666667,38.0,83,70,24,24,0,E3,20,20,0.0,0.0,0,0
mas,1065,default,131,20,20,64.7,0,4,55.5625,34.333333333333336,0,76,48,72,0,E3,20,20,0.0,0.0,0,0
mas_iterative,1065,default,131,20,20,64.65,0,4,55.375,31.666666666666668,0,70,48,72,0,E3,20,20,0.0,0.0,0,0
cbba,1065,default,131,20,20,64.65,0,4,55.375,31.666666666666668,0,70,568,3046,137,E3,20,20,0.0,0.0,0,0
claim,1066,default,198,20,20,93.7,7,4,77.45454545454545,42.57142857142857,189,87,28,28,0,E3,20,20,0.0,0.0,0,0
mas,1066,default,138,20,20,74.0,0,4,61.527272727272724,37.0,0,28,48,72,0,E3,20,20,0.0,0.0,0,0
mas_iterative,1066,default,138,20,20,73.15,0,4,60.70909090909091,36.285714285714285,0,28,48,72,0,E3,20,20,0.0,0.0,0,0
cbba,1066,default,138,20,20,73.15,0,4,60.70909090909091,36.285714285714285,0,28,488,2572,117,E3,20,20,0.0,0.0,0,0
claim,1067,default,179,20,20,98.2,2,4,83.625,41.0,65,59,22,22,0,E3,20,20,0.0,0.0,0,0
mas,1067,default,175,20,20,88.9,0,4,73.97916666666667,31.0,0,85,46,69,0,E3,20,20,0.0,0.0,0,0
mas_iterative,1067,default,174,20,20,88.15,0,4,73.29166666666667,30.5,0,81,44,66,0,E3,20,20,0.0,0.0,0,0
cbba,1067,default,172,20,20,85.1,0,4,70.95833333333333,35.5,0,87,580,3116,140,E3,20,20,0.0,0.0,0,0
claim,1068,default,263,20,20,106.25,8,4,87.03703703703704,38.0,476,48,38,38,0,E3,20,20,0.0,0.0,0,0
mas,1068,default,159,20,20,73.85,0,4,62.75925925925926,28.6,0,82,48,72,0,E3,20,20,0.0,0.0,0,0
mas_iterative,1068,default,158,20,20,73.05,0,4,62.0,28.2,0,78,48,72,0,E3,20,20,0.0,0.0,0,0
cbba,1068,default,158,20,20,73.05,0,4,62.0,28.2,0,78,508,2704,122,E3,20,20,0.0,0.0,0,0
claim,1069,default,167,20,20,86.95,4,4,74.07692307692308,44.6,71,79,24,24,0,E3,20,20,0.0,0.0,0,0
mas,1069,default,165,20,20,77.25,0,4,64.32692307692308,32.0,0,122,51,77,0,E3,20,20,0.0,0.0,0,0
mas_iterative,1069,default,154,20,20,75.25,0,4,62.88461538461539,31.2,0,78,48,72,0,E3,20,20,0.0,0.0,0,0
cbba,1069,default,154,20,20,75.25,0,4,62.88461538461539,31.2,0,78,540,2910,130,E3,20,20,0.0,0.0,0,0
claim,1070,default,186,20,20,92.6,5,4,80.40983606557377,45.57142857142857,149,65,26,26,0,E3,20,20,0.0,0.0,0,0
mas,1070,default,159,20,20,78.45,0,4,68.34426229508196,42.714285714285715,0,80,48,72,0,E3,20,20,0.0,0.0,0,0
mas_iterative,1070,default,164,20,20,79.9,0,4,69.0327868852459,39.42857142857143,0,84,44,66,0,E3,20,20,0.0,0.0,0,0
cbba,1070,default,164,20,20,79.9,0,4,69.0327868852459,39.42857142857143,0,84,628,3430,152,E3,20,20,0.0,0.0,0,0
claim,1071,default,179,20,20,94.1,3,4,75.66666666666667,37.2,73,86,23,23,0,E3,20,20,0.0,0.0,0,0
mas,1071,default,171,20,20,82.4,0,4,65.07843137254902,33.6,0,108,48,72,0,E3,20,20,0.0,0.0,0,0
mas_iterative,1071,default,169,20,20,81.5,0,4,64.27450980392157,33.2,0,100,48,72,0,E3,20,20,0.0,0.0,0,0
cbba,1071,default,169,20,20,81.5,0,4,64.27450980392157,33.2,0,100,520,2796,125,E3,20,20,0.0,0.0,0,0
claim,1072,default,213,20,20,118.1,4,4,107.9090909090909,62.75,252,136,30,30,0,E3,20,20,0.0,0.0,0,0
mas,1072,default,133,20,20,64.35,0,4,58.6,35.25,0,84,48,73,0,E3,20,20,0.0,0.0,0,0
mas_iterative,1072,default,131,20,20,63.15,0,4,57.43636363636364,34.5,0,76,46,70,0,E3,20,20,0.0,0.0,0,0
cbba,1072,default,131,20,20,63.15,0,4,57.43636363636364,34.5,0,76,588,3198,142,E3,20,20,0.0,0.0,0,0
claim,1073,default,172,20,20,88.05,3,4,75.10204081632654,39.0,87,104,23,23,0,E3,20,20,0.0,0.0,0,0
mas,1073,default,151,20,20,76.65,0,4,64.87755102040816,33.0,0,95,48,72,0,E3,20,20,0.0,0.0,0,0
mas_iterative,1073,default,150,20,20,75.8,0,4,64.06122448979592,32.75,0,91,48,72,0,E3,20,20,0.0,0.0,0,0
cbba,1073,default,150,20,20,75.8,0,4,64.06122448979592,32.75,0,91,480,2482,115,E3,20,20,0.0,0.0,0,0
claim,1074,default,166,20,20,89.85,2,4,76.53846153846153,43.6,61,74,22,22,0,E3,20,20,0.0,0.0,0,0
mas,1074,default,145,20,20,76.5,0,4,63.92307692307692,39.2,0,65,48,72,0,E3,20,20,0.0,0.0,0,0
mas_iterative,1074,default,144,20,20,75.6,0,4,63.07692307692308,38.6,0,61,44,66,0,E3,20,20,0.0,0.0,0,0
cbba,1074,default,144,20,20,75.6,0,4,63.07692307692308,38.6,0,61,628,3436,152,E3,20,20,0.0,0.0,0,0
claim,1075,default,190,20,20,96.2,2,4,78.14893617021276,43.0,57,118,22,22,0,E3,20,20,0.0,0.0,0,0
mas,1075,default,181,20,20,87.65,0,4,69.51063829787235,28.666666666666668,0,114,50,75,0,E3,20,20,0.0,0.0,0,0
mas_iterative,1075,default,180,20,20,86.6,0,4,68.55319148936171,27.666666666666668,0,110,54,81,0,E3,20,20,0.0,0.0,0,0
cbba,1075,default,180,20,20,86.6,0,4,68.55319148936171,27.666666666666668,0,110,424,2198,101,E3,20,20,0.0,0.0,0,0
claim,1076,default,182,20,20,99.65,3,4,80.97916666666667,43.4,107,45,24,24,0,E3,20,20,0.0,0.0,0,0
mas,1076,default,187,20,20,86.4,0,4,69.25,32.4,0,120,48,72,0,E3,20,20,0.0,0.0,0,0
mas_iterative,1076,default,186,20,20,85.5,0,4,68.375,31.8,0,116,46,69,0,E3,20,20,0.0,0.0,0,0
cbba,1076,default,186,20,20,86.5,0,4,69.29166666666667,32.6,0,112,596,3218,144,E3,20,20,0.0,0.0,0,0
claim,1077,default,176,20,20,90.35,3,4,73.50909090909092,45.75,67,95,23,23,0,E3,20,20,0.0,0.0,0,0
mas,1077,default,156,20,20,77.15,0,4,62.36363636363637,41.375,0,80,44,66,0,E3,20,20,0.0,0.0,0,0
mas_iterative,1077,default,157,20,20,76.25,0,4,62.018181818181816,41.0,0,84,46,69,0,E3,20,20,0.0,0.0,0,0
cbba,1077,default,155,20,20,76.7,0,4,61.89090909090909,41.0,0,76,568,3038,137,E3,20,20,0.0,0.0,0,0
claim,1078,default,176,20,20,94.0,3,4,77.02173913043478,40.666666666666664,77,97,23,23,0,E3,20,20,0.0,0.0,0,0
mas,1078,default,156,20,20,76.6,0,4,61.43478260869565,40.666666666666664,0,102,52,78,0,E3,20,20,0.0,0.0,0,0
mas_iterative,1078,default,155,20,20,75.45,0,4,60.43478260869565,40.333333333333336,0,98,50,75,0,E3,20,20,0.0,0.0,0,0
cbba,1078,default,155,20,20,75.45,0,4,60.43478260869565,40.333333333333336,0,98,476,2532,114,E3,20,20,0.0,0.0,0,0
claim,1079,default,192,20,20,91.95,5,4,74.26,38.5,139,121,25,25,0,E3,20,20,0.0,0.0,0,0
mas,1079,default,151,20,20,77.65,0,4,62.36,29.25,0,68,46,69,0,E3,20,20,0.0,0.0,0,0
mas_iterative,1079,default,150,20,20,76.9,0,4,61.66,28.5,0,64,50,75,0,E3,20,20,0.0,0.0,0,0
cbba,1079,default,150,20,20,76.9,0,4,61.66,28.5,0,64,532,2840,128,E3,20,20,0.0,0.0,0,0
claim,1080,default,163,20,20,84.9,5,4,74.0,36.0,102,47,25,25,0,E3,20,20,0.0,0.0,0,0
mas,1080,default,142,20,20,66.75,0,4,57.6,36.0,0,77,54,81,0,E3,20,20,0.0,0.0,0,0
mas_iterative,1080,default,141,20,20,65.55,0,4,56.55555555555556,35.666666666666664,0,73,50,75,0,E3,20,20,0.0,0.0,0,0
cbba,1080,default,141,20,20,65.55,0,4,56.55555555555556,35.666666666666664,0,73,464,2406,111,E3,20,20,0.0,0.0,0,0
claim,1081,default,164,20,20,86.35,2,4,70.19148936170212,29.333333333333332,57,70,22,22,0,E3,20,20,0.0,0.0,0,0
mas,1081,default,151,20,20,75.15,0,4,61.38297872340426,29.333333333333332,0,80,48,72,0,E3,20,20,0.0,0.0,0,0
mas_iterative,1081,default,150,20,20,74.35,0,4,60.702127659574465,29.333333333333332,0,76,46,69,0,E3,20,20,0.0,0.0,0,0
cbba,1081,default,150,20,20,74.35,0,4,60.702127659574465,29.333333333333332,0,76,568,3054,137,E3,20,20,0.0,0.0,0,0
claim,1082,default,184,20,20,89.4,4,4,71.375,35.25,105,118,24,24,0,E3,20,20,0.0,0.0,0,0
mas,1082,default,172,20,20,79.8,0,4,63.895833333333336,28.25,0,124,48,72,0,E3,20,20,0.0,0.0,0,0
mas_iterative,1082,default,172,20,20,78.95,0,4,63.041666666666664,27.5,0,124,50,75,0,E3,20,20,0.0,0.0,0,0
cbba,1082,default,172,20,20,78.95,0,4,63.041666666666664,27.5,0,124,532,2818,128,E3,20,20,0.0,0.0,0,0
claim,1083,default,211,20,20,97.7,5,4,77.35555555555555,35.75,185,103,26,26,0,E3,20,20,0.0,0.0,0,0
mas,1083,default,160,20,20,76.45,0,4,61.46666666666667,30.0,0,75,48,72,0,E3,20,20,0.0,0.0,0,0
mas_iterative,1083,default,160,20,20,75.55,0,4,60.68888888888889,29.75,0,75,50,75,0,E3,20,20,0.0,0.0,0,0
cbba,1083,default,160,20,20,75.55,0,4,60.68888888888889,29.75,0,75,452,2370,108,E3,20,20,0.0,0.0,0,0
claim,1084,default,196,20,20,103.95,4,4,91.53571428571429,51.666666666666664,113,117,24,24,0,E3,20,20,0.0,0.0,0,0
mas,1084,default,170,20,20,82.55,0,4,71.82142857142857,37.833333333333336,0,112,44,66,0,E3,20,20,0.0,0.0,0,0
mas_iterative,1084,default,169,20,20,82.05,0,4,71.32142857142857,37.5,0,108,46,69,0,E3,20,20,0.0,0.0,0,0
cbba,1084,default,169,20,20,82.05,0,4,71.32142857142857,37.5,0,108,564,3034,136,E3,20,20,0.0,0.0,0,0
claim,1085,default,165,20,20,83.7,4,4,71.52941176470588,36.5,87,95,24,24,0,E3,20,20,0.0,0.0,0,0
mas,1085,default,154,20,20,69.5,0,4,58.8235294117647,32.0,0,117,50,75,0,E3,20,20,0.0,0.0,0,0
mas_iterative,1085,default,153,20,20,68.5,0,4,57.94117647058823,31.75,0,113,50,75,0,E3,20,20,0.0,0.0,0,0
cbba,1085,default,153,20,20,68.5,0,4,57.94117647058823,31.75,0,113,496,2612,119,E3,20,20,0.0,0.0,0,0
claim,1086,default,180,20,20,89.15,6,4,74.27083333333333,39.25,175,45,28,28,0,E3,20,20,0.0,0.0,0,0
mas,1086,default,152,20,20,71.6,0,4,59.833333333333336,34.0,0,109,48,72,0,E3,20,20,0.0,0.0,0,0
mas_iterative,1086,default,151,20,20,70.85,0,4,59.1875,33.75,0,105,46,69,0,E3,20,20,0.0,0.0,0,0
cbba,1086,default,151,20,20,70.85,0,4,59.1875,33.75,0,105,596,3252,144,E3,20,20,0.0,0.0,0,0
claim,1087,default,153,20,20,73.9,4,4,63.8780487804878,30.0,81,101,24,24,0,E3,20,20,0.0,0.0,0,0
mas,1087,default,143,20,20,64.0,0,4,55.24390243902439,30.0,0,112,52,78,0,E3,20,20,0.0,0.0,0,0
mas_iterative,1087,default,141,20,20,62.85,0,4,54.24390243902439,30.0,0,104,48,72,0,E3,20,20,0.0,0.0,0,0
cbba,1087,default,141,20,20,62.85,0,4,54.24390243902439,30.0,0,104,472,2492,113,E3,20,20,0.0,0.0,0,0
claim,1088,default,189,20,20,103.7,6,4,86.06521739130434,49.0,244,83,29,29,0,E3,20,20,0.0,0.0,0,0
mas,1088,default,142,20,20,65.4,0,4,52.91304347826087,36.25,0,116,48,73,0,E3,20,20,0.0,0.0,0,0
mas_iterative,1088,default,141,20,20,64.15,0,4,51.73913043478261,35.5,0,112,48,73,0,E3,20,20,0.0,0.0,0,0
cbba,1088,default,141,20,20,64.15,0,4,51.73913043478261,35.5,0,112,560,3002,135,E3,20,20,0.0,0.0,0,0
claim,1090,default,197,20,20,93.2,4,4,78.33333333333333,27.0,109,150,24,24,0,E3,20,20,0.0,0.0,0,0
mas,1090,default,152,20,20,71.95,0,4,60.07692307692308,27.0,0,86,44,66,0,E3,20,20,0.0,0.0,0,0
mas_iterative,1090,default,152,20,20,71.5,0,4,59.64102564102564,27.0,0,86,46,69,0,E3,20,20,0.0,0.0,0,0
cbba,1090,default,152,20,20,71.5,0,4,59.64102564102564,27.0,0,86,572,3080,138,E3,20,20,0.0,0.0,0,0
claim,1091,default,189,20,20,102.65,2,4,86.59574468085107,47.0,61,83,22,22,0,E3,20,20,0.0,0.0,0,0
mas,1091,default,176,20,20,90.6,0,4,75.17021276595744,40.0,0,84,44,66,0,E3,20,20,0.0,0.0,0,0
mas_iterative,1091,default,176,20,20,90.1,0,4,74.68085106382979,39.5,0,84,46,69,0,E3,20,20,0.0,0.0,0,0
cbba,1091,default,176,20,20,90.1,0,4,74.68085106382979,39.5,0,84,576,3108,139,E3,20,20,0.0,0.0,0,0
claim,1092,default,153,20,20,87.85,3,4,79.61538461538461,37.666666666666664,87,64,23,23,0,E3,20,20,0.0,0.0,0,0
mas,1092,default,137,20,20,71.5,0,4,63.63461538461539,28.333333333333332,0,76,51,77,0,E3,20,20,0.0,0.0,0,0
mas_iterative,1092,default,135,20,20,70.2,0,4,62.44230769230769,28.0,0,68,46,69,0,E3,20,20,0.0,0.0,0,0
cbba,1092,default,135,20,20,70.2,0,4,62.44230769230769,28.0,0,68,576,3108,139,E3,20,20,0.0,0.0,0,0
claim,1093,default,178,20,20,89.0,2,4,76.8076923076923,35.0,57,96,22,22,0,E3,20,20,0.0,0.0,0,0
mas,1093,default,168,20,20,80.3,0,4,67.57692307692308,28.0,0,110,50,75,0,E3,20,20,0.0,0.0,0,0
mas_iterative,1093,default,167,20,20,79.4,0,4,66.73076923076923,27.666666666666668,0,106,48,72,0,E3,20,20,0.0,0.0,0,0
cbba,1093,default,167,20,20,79.4,0,4,66.73076923076923,27.666666666666668,0,106,488,2570,117,E3,20,20,0.0,0.0,0,0
claim,1094,default,217,20,20,124.0,5,4,110.15094339622641,51.333333333333336,223,75,28,28,0,E3,20,20,0.0,0.0,0,0
mas,1094,default,170,20,20,83.7,0,4,72.83018867924528,30.333333333333332,0,74,50,76,0,E3,20,20,0.0,0.0,0,0
mas_iterative,1094,default,168,20,20,82.4,0,4,71.58490566037736,29.666666666666668,0,66,48,73,0,E3,20,20,0.0,0.0,0,0
cbba,1094,default,168,20,20,82.4,0,4,71.58490566037736,29.666666666666668,0,66,580,3144,140,E3,20,20,0.0,0.0,0,0
claim,1095,default,182,20,20,86.25,4,4,74.78947368421052,39.333333333333336,134,67,27,27,0,E3,20,20,0.0,0.0,0,0
mas,1095,default,164,20,20,74.35,0,4,64.35087719298245,37.5,0,130,44,66,0,E3,20,20,0.0,0.0,0,0
mas_iterative,1095,default,166,20,20,73.85,0,4,63.78947368421053,36.833333333333336,0,134,50,75,0,E3,20,20,0.0,0.0,0,0
cbba,1095,default,166,20,20,73.85,0,4,63.78947368421053,36.833333333333336,0,134,524,2768,126,E3,20,20,0.0,0.0,0,0
claim,1096,default,220,20,20,110.1,5,4,87.16666666666667,43.2,139,117,26,26,0,E3,20,20,0.0,0.0,0,0
mas,1096,default,185,20,20,89.8,0,4,70.125,38.4,0,104,52,78,0,E3,20,20,0.0,0.0,0,0
mas_iterative,1096,default,184,20,20,88.6,0,4,69.02083333333333,37.8,0,100,48,72,0,E3,20,20,0.0,0.0,0,0
cbba,1096,default,184,20,20,88.6,0,4,69.02083333333333,37.8,0,100,572,3104,138,E3,20,20,0.0,0.0,0,0
claim,1097,default,184,20,20,92.25,2,4,73.3409090909091,38.0,57,112,22,22,0,E3,20,20,0.0,0.0,0,0
mas,1097,default,169,20,20,80.05,0,4,62.36363636363637,32.5,0,108,48,72,0,E3,20,20,0.0,0.0,0,0
mas_iterative,1097,default,167,20,20,79.15,0,4,61.61363636363637,32.25,0,100,48,72,0,E3,20,20,0.0,0.0,0,0
cbba,1097,default,167,20,20,79.15,0,4,61.61363636363637,32.25,0,100,516,2730,124,E3,20,20,0.0,0.0,0,0
claim,1098,default,198,20,20,101.1,3,4,82.49019607843137,44.166666666666664,99,95,23,23,0,E3,20,20,0.0,0.0,0,0
mas,1098,default,176,20,20,86.65,0,4,70.80392156862744,36.833333333333336,0,70,46,69,0,E3,20,20,0.0,0.0,0,0
mas_iterative,1098,default,175,20,20,86.0,0,4,70.19607843137256,36.333333333333336,0,66,48,72,0,E3,20,20,0.0,0.0,0,0
cbba,1098,default,175,20,20,86.0,0,4,70.19607843137256,36.333333333333336,0,66,476,2508,114,E3,20,20,0.0,0.0,0,0
claim,1099,default,186,20,20,100.5,5,4,82.91489361702128,39.666666666666664,143,95,26,26,0,E3,20,20,0.0,0.0,0,0
mas,1099,default,155,20,20,77.65,0,4,63.93617021276596,33.333333333333336,0,92,44,66,0,E3,20,20,0.0,0.0,0,0
mas_iterative,1099,default,154,20,20,77.15,0,4,63.4468085106383,33.0,0,88,44,66,0,E3,20,20,0.0,0.0,0,0
cbba,1099,default,154,20,20,77.15,0,4,63.4468085106383,33.0,0,88,624,3392,151,E3,20,20,0.0,0.0,0,0
claim,1101,default,204,20,20,109.0,5,4,86.75510204081633,49.8,137,76,25,25,0,E3,20,20,0.0,0.0,0,0
mas,1101,default,180,20,20,88.45,0,4,68.61224489795919,36.2,0,84,48,72,0,E3,20,20,0.0,0.0,0,0
mas_iterative,1101,default,179,20,20,87.65,0,4,67.85714285714286,35.4,0,80,50,75,0,E3,20,20,0.0,0.0,0,0
cbba,1101,default,179,20,20,87.65,0,4,67.85714285714286,35.4,0,80,528,2870,127,E3,20,20,0.0,0.0,0,0
claim,1102,default,172,20,20,85.95,2,4,76.55932203389831,51.166666666666664,59,133,22,22,0,E3,20,20,0.0,0.0,0,0
mas,1102,default,161,20,20,75.15,0,4,65.76271186440678,40.333333333333336,0,140,48,72,0,E3,20,20,0.0,0.0,0,0
mas_iterative,1102,default,160,20,20,74.35,0,4,65.0,39.666666666666664,0,136,46,69,0,E3,20,20,0.0,0.0,0,0
cbba,1102,default,160,20,20,74.35,0,4,65.0,39.666666666666664,0,136,572,3054,138,E3,20,20,0.0,0.0,0,0
claim,1103,default,170,20,20,89.8,2,4,78.18518518518519,40.0,65,85,22,22,0,E3,20,20,0.0,0.0,0,0
mas,1103,default,159,20,20,77.35,0,4,66.5,34.0,0,102,44,66,0,E3,20,20,0.0,0.0,0,0
mas_iterative,1103,default,158,20,20,76.8,0,4,65.98148148148148,33.75,0,98,46,69,0,E3,20,20,0.0,0.0,0,0
cbba,1103,default,158,20,20,76.8,0,4,65.98148148148148,33.75,0,98,548,2956,132,E3,20,20,0.0,0.0,0,0
claim,1104,default,203,20,20,92.7,5,4,75.04347826086956,34.5,161,106,25,25,0,E3,20,20,0.0,0.0,0,0
mas,1104,default,170,20,20,78.65,0,4,63.91304347826087,30.0,0,116,50,75,0,E3,20,20,0.0,0.0,0,0
mas_iterative,1104,default,170,20,20,77.6,0,4,63.06521739130435,29.75,0,116,48,72,0,E3,20,20,0.0,0.0,0,0
cbba,1104,default,170,20,20,77.6,0,4,63.06521739130435,29.75,0,116,492,2574,118,E3,20,20,0.0,0.0,0,0
claim,1106,default,253,20,20,128.6,8,4,109.16981132075472,56.8,385,90,36,36,0,E3,20,20,0.0,0.0,0,0
mas,1106,default,153,20,20,78.2,0,4,65.79245283018868,37.4,0,52,46,70,0,E3,20,20,0.0,0.0,0,0
mas_iterative,1106,default,151,20,20,77.2,0,4,64.84905660377359,36.6,0,44,48,73,0,E3,20,20,0.0,0.0,0,0
cbba,1106,default,151,20,20,77.2,0,4,64.84905660377359,36.6,0,44,612,3350,148,E3,20,20,0.0,0.0,0,0
claim,1107,default,146,20,20,75.25,2,4,67.04081632653062,47.0,57,79,22,22,0,E3,20,20,0.0,0.0,0,0
mas,1107,default,137,20,20,65.6,0,4,57.83673469387755,35.5,0,92,54,81,0,E3,20,20,0.0,0.0,0,0
mas_iterative,1107,default,135,20,20,64.3,0,4,56.69387755102041,35.0,0,84,48,72,0,E3,20,20,0.0,0.0,0,0
cbba,1107,default,135,20,20,64.3,0,4,56.69387755102041,35.0,0,84,556,2954,134,E3,20,20,0.0,0.0,0,0
claim,1108,default,183,20,20,91.8,3,4,78.61111111111111,38.2,81,103,23,23,0,E3,20,20,0.0,0.0,0,0
mas,1108,default,155,20,20,73.45,0,4,62.074074074074076,38.2,0,102,44,66,0,E3,20,20,0.0,0.0,0,0
mas_iterative,1108,default,155,20,20,72.95,0,4,61.592592592592595,38.0,0,102,46,69,0,E3,20,20,0.0,0.0,0,0
cbba,1108,default,155,20,20,72.95,0,4,61.592592592592595,38.0,0,102,556,2994,134,E3,20,20,0.0,0.0,0,0
claim,1109,default,175,20,20,83.0,5,4,67.86046511627907,33.5,139,86,25,25,0,E3,20,20,0.0,0.0,0,0
mas,1109,default,151,20,20,70.4,0,4,58.2093023255814,28.0,0,89,52,78,0,E3,20,20,0.0,0.0,0,0
mas_iterative,1109,default,150,20,20,69.2,0,4,57.18604651162791,27.5,0,85,52,78,0,E3,20,20,0.0,0.0,0,0
cbba,1109,default,150,20,20,69.2,0,4,57.18604651162791,27.5,0,85,488,2590,117,E3,20,20,0.0,0.0,0,0
claim,1110,default,179,20,20,87.95,4,4,77.39344262295081,46.714285714285715,134,66,26,26,0,E3,20,20,0.0,0.0,0,0
mas,1110,default,160,20,20,75.1,0,4,65.21311475409836,36.57142857142857,0,100,50,75,0,E3,20,20,0.0,0.0,0,0
mas_iterative,1110,default,159,20,20,74.05,0,4,64.21311475409836,36.0,0,96,50,75,0,E3,20,20,0.0,0.0,0,0
cbba,1110,default,159,20,20,74.05,0,4,64.21311475409836,36.0,0,96,500,2666,120,E3,20,20,0.0,0.0,0,0
claim,1111,default,222,20,20,101.6,10,4,80.26,42.2,341,74,33,33,0,E3,20,20,0.0,0.0,0,0
mas,1111,default,160,20,20,74.7,0,4,60.58,39.0,0,116,46,69,0,E3,20,20,0.0,0.0,0,0
mas_iterative,1111,default,159,20,20,74.0,0,4,59.92,38.6,0,112,44,66,0,E3,20,20,0.0,0.0,0,0
cbba,1111,default,159,20,20,74.0,0,4,59.92,38.6,0,112,628,3444,152,E3,20,20,0.0,0.0,0,0
claim,1112,default,279,20,20,168.85,9,4,144.7111111111111,41.0,528,82,42,42,0,E3,20,20,0.0,0.0,0,0
mas,1112,default,148,20,20,75.55,0,4,63.48888888888889,37.5,0,76,48,73,0,E3,20,20,0.0,0.0,0,0
mas_iterative,1112,default,140,20,20,74.5,0,4,62.333333333333336,37.0,0,44,46,70,0,E3,20,20,0.0,0.0,0,0
cbba,1112,default,140,20,20,74.5,0,4,62.333333333333336,37.0,0,44,596,3216,144,E3,20,20,0.0,0.0,0,0
claim,1113,default,212,20,20,108.6,7,4,85.50943396226415,43.8,257,83,30,30,0,E3,20,20,0.0,0.0,0,0
mas,1113,default,162,20,20,74.6,0,4,60.75471698113208,42.6,0,115,46,69,0,E3,20,20,0.0,0.0,0,0
mas_iterative,1113,default,161,20,20,73.85,0,4,60.0377358490566,42.0,0,111,44,66,0,E3,20,20,0.0,0.0,0,0
cbba,1113,default,169,20,20,77.05,0,4,61.58490566037736,36.6,0,119,580,3130,140,E3,20,20,0.0,0.0,0,0
claim,1114,default,196,20,20,103.05,4,4,82.71153846153847,55.833333333333336,117,76,24,24,0,E3,20,20,0.0,0.0,0,0
mas,1114,default,180,20,20,83.85,0,4,65.09615384615384,40.666666666666664,0,110,46,69,0,E3,20,20,0.0,0.0,0,0
mas_iterative,1114,default,180,20,20,83.2,0,4,64.48076923076923,40.166666666666664,0,110,48,72,0,E3,20,20,0.0,0.0,0,0
cbba,1114,default,180,20,20,83.2,0,4,64.48076923076923,40.166666666666664,0,110,548,2992,132,E3,20,20,0.0,0.0,0,0
claim,1115,default,187,20,20,97.35,5,4,79.9375,51.2,199,126,28,28,0,E3,20,20,0.0,0.0,0,0
mas,1115,default,147,20,20,65.55,0,4,52.145833333333336,35.2,0,118,48,73,0,E3,20,20,0.0,0.0,0,0
mas_iterative,1115,default,146,20,20,64.35,0,4,51.0,34.4,0,114,48,73,0,E3,20,20,0.0,0.0,0,0
cbba,1115,default,146,20,20,64.35,0,4,51.0,34.4,0,114,580,3116,140,E3,20,20,0.0,0.0,0,0
claim,1116,default,142,20,20,74.35,2,4,62.04761904761905,27.5,57,93,22,22,0,E3,20,20,0.0,0.0,0,0
mas,1116,default,134,20,20,65.95,0,4,54.642857142857146,27.5,0,98,48,72,0,E3,20,20,0.0,0.0,0,0
mas_iterative,1116,default,133,20,20,65.15,0,4,53.904761904761905,27.5,0,94,48,72,0,E3,20,20,0.0,0.0,0,0
cbba,1116,default,133,20,20,66.95,0,4,55.57142857142857,27.0,0,86,568,3028,137,E3,20,20,0.0,0.0,0,0
claim,1117,default,161,20,20,77.05,2,4,65.01886792452831,37.2,57,114,22,22,0,E3,20,20,0.0,0.0,0,0
mas,1117,default,149,20,20,67.05,0,4,55.886792452830186,32.0,0,116,50,75,0,E3,20,20,0.0,0.0,0,0
mas_iterative,1117,default,148,20,20,65.75,0,4,54.905660377358494,31.8,0,112,48,72,0,E3,20,20,0.0,0.0,0,0
cbba,1117,default,148,20,20,66.05,0,4,54.905660377358494,31.8,0,112,540,2876,130,E3,20,20,0.0,0.0,0,0
claim,1118,default,208,20,20,104.5,3,4,88.60377358490567,45.25,71,102,23,23,0,E3,20,20,0.0,0.0,0,0
mas,1118,default,195,20,20,88.7,0,4,74.0754716981132,42.25,0,133,46,69,0,E3,20,20,0.0,0.0,0,0
mas_iterative,1118,default,193,20,20,87.95,0,4,73.41509433962264,42.0,0,125,49,74,0,E3,20,20,0.0,0.0,0,0
cbba,1118,default,193,20,20,87.95,0,4,73.41509433962264,42.0,0,125,520,2790,125,E3,20,20,0.0,0.0,0,0
claim,1119,default,168,20,20,89.35,3,4,78.42857142857143,39.0,81,82,23,23,0,E3,20,20,0.0,0.0,0,0
mas,1119,default,151,20,20,74.4,0,4,63.97959183673469,27.5,0,82,48,72,0,E3,20,20,0.0,0.0,0,0
mas_iterative,1119,default,149,20,20,73.5,0,4,63.12244897959184,27.0,0,74,50,75,0,E3,20,20,0.0,0.0,0,0
cbba,1119,default,149,20,20,73.5,0,4,63.12244897959184,27.0,0,74,480,2516,115,E3,20,20,0.0,0.0,0,0
claim,1120,default,161,20,20,84.95,2,4,74.86363636363636,50.5,57,85,22,22,0,E3,20,20,0.0,0.0,0,0
mas,1120,default,148,20,20,74.4,0,4,64.54545454545455,38.5,0,82,46,69,0,E3,20,20,0.0,0.0,0,0
mas_iterative,1120,default,148,20,20,73.8,0,4,63.86363636363637,38.0,0,82,48,72,0,E3,20,20,0.0,0.0,0,0
cbba,1120,default,148,20,20,73.8,0,4,63.86363636363637,38.0,0,82,560,2980,135,E3,20,20,0.0,0.0,0,0
claim,1121,default,194,20,20,97.7,2,4,79.91304347826087,43.5,65,99,22,22,0,E3,20,20,0.0,0.0,0,0
mas,1121,default,178,20,20,83.9,0,4,67.1086956521739,37.0,0,105,48,72,0,E3,20,20,0.0,0.0,0,0
mas_iterative,1121,default,177,20,20,83.1,0,4,66.3913043478261,36.5,0,101,46,69,0,E3,20,20,0.0,0.0,0,0
cbba,1121,default,177,20,20,82.65,0,4,65.91304347826087,36.0,0,103,580,3110,140,E3,20,20,0.0,0.0,0,0
claim,1123,default,160,20,20,83.9,3,4,71.10416666666667,39.8,79,80,23,23,0,E3,20,20,0.0,0.0,0,0
mas,1123,default,144,20,20,71.2,0,4,59.375,31.4,0,72,48,72,0,E3,20,20,0.0,0.0,0,0
mas_iterative,1123,default,144,20,20,70.35,0,4,58.604166666666664,31.0,0,72,50,75,0,E3,20,20,0.0,0.0,0,0
cbba,1123,default,144,20,20,70.35,0,4,58.604166666666664,31.0,0,72,424,2182,101,E3,20,20,0.0,0.0,0,0
claim,1124,default,150,20,20,78.45,2,4,69.12962962962963,34.0,57,76,22,22,0,E3,20,20,0.0,0.0,0,0
mas,1124,default,140,20,20,70.15,0,4,61.148148148148145,28.333333333333332,0,77,50,75,0,E3,20,20,0.0,0.0,0,0
mas_iterative,1124,default,139,20,20,69.15,0,4,60.2037037037037,28.0,0,73,48,72,0,E3,20,20,0.0,0.0,0,0
cbba,1124,default,139,20,20,69.15,0,4,60.2037037037037,28.0,0,73,504,2684,121,E3,20,20,0.0,0.0,0,0
claim,1125,default,215,20,20,104.5,7,4,82.8936170212766,36.0,227,67,29,29,0,E3,20,20,0.0,0.0,0,0
mas,1125,default,177,20,20,79.4,0,4,63.08510638297872,28.0,0,118,48,72,0,E3,20,20,0.0,0.0,0,0
mas_iterative,1125,default,176,20,20,78.6,0,4,62.340425531914896,27.666666666666668,0,114,50,75,0,E3,20,20,0.0,0.0,0,0
cbba,1125,default,176,20,20,78.6,0,4,62.340425531914896,27.666666666666668,0,114,444,2296,106,E3,20,20,0.0,0.0,0,0
claim,1126,default,137,20,20,70.45,2,4,59.1,44.75,57,88,22,22,0,E3,20,20,0.0,0.0,0,0
mas,1126,default,127,20,20,62.05,0,4,51.12,38.25,0,86,46,69,0,E3,20,20,0.0,0.0,0,0
mas_iterative,1126,default,126,20,20,61.35,0,4,50.44,37.5,0,82,50,75,0,E3,20,20,0.0,0.0,0,0
cbba,1126,default,126,20,20,61.35,0,4,50.44,37.5,0,82,484,2574,116,E3,20,20,0.0,0.0,0,0
claim,1127,default,162,20,20,84.6,3,4,75.38775510204081,28.333333333333332,95,89,23,23,0,E3,20,20,0.0,0.0,0,0
mas,1127,default,144,20,20,69.65,0,4,62.326530612244895,28.333333333333332,0,89,50,75,0,E3,20,20,0.0,0.0,0,0
mas_iterative,1127,default,143,20,20,68.6,0,4,61.40816326530612,28.333333333333332,0,85,50,75,0,E3,20,20,0.0,0.0,0,0
cbba,1127,default,143,20,20,68.6,0,4,61.40816326530612,28.333333333333332,0,85,452,2376,108,E3,20,20,0.0,0.0,0,0
claim,1128,default,166,20,20,85.8,2,4,71.3913043478261,33.333333333333336,57,97,22,22,0,E3,20,20,0.0,0.0,0,0
mas,1128,default,154,20,20,75.85,0,4,61.891304347826086,33.333333333333336,0,105,44,66,0,E3,20,20,0.0,0.0,0,0
mas_iterative,1128,default,154,20,20,75.35,0,4,61.45652173913044,33.333333333333336,0,105,50,75,0,E3,20,20,0.0,0.0,0,0
cbba,1128,default,154,20,20,75.35,0,4,61.45652173913044,33.333333333333336,0,105,484,2558,116,E3,20,20,0.0,0.0,0,0
claim,1129,default,178,20,20,93.6,2,4,83.16326530612245,27.0,58,82,22,22,0,E3,20,20,0.0,0.0,0,0
mas,1129,default,163,20,20,82.25,0,4,72.16326530612245,27.0,0,75,46,69,0,E3,20,20,0.0,0.0,0,0
mas_iterative,1129,default,162,20,20,81.65,0,4,71.63265306122449,27.0,0,71,44,66,0,E3,20,20,0.0,0.0,0,0
cbba,1129,default,162,20,20,81.65,0,4,71.63265306122449,27.0,0,71,624,3412,151,E3,20,20,0.0,0.0,0,0
claim,1130,default,169,20,20,87.6,2,4,74.75,45.0,57,71,22,22,0,E3,20,20,0.0,0.0,0,0
mas,1130,default,163,20,20,76.05,0,4,64.23214285714286,40.2,0,112,48,72,0,E3,20,20,0.0,0.0,0,0
mas_iterative,1130,default,161,20,20,75.15,0,4,63.375,39.4,0,104,48,72,0,E3,20,20,0.0,0.0,0,0
cbba,1130,default,161,20,20,75.15,0,4,63.375,39.4,0,104,520,2764,125,E3,20,20,0.0,0.0,0,0
claim,1131,default,163,20,20,86.15,2,4,75.22033898305085,54.5,57,94,22,22,0,E3,20,20,0.0,0.0,0,0
mas,1131,default,151,20,20,75.35,0,4,64.94915254237289,46.0,0,96,50,75,0,E3,20,20,0.0,0.0,0,0
mas_iterative,1131,default,149,20,20,74.3,0,4,64.01694915254237,45.25,0,88,52,78,0,E3,20,20,0.0,0.0,0,0
cbba,1131,default,149,20,20,74.95,0,4,64.30508474576271,44.125,0,88,516,2716,124,E3,20,20,0.0,0.0,0,0
claim,1132,default,169,20,20,94.8,5,4,83.37735849056604,38.666666666666664,110,69,25,25,0,E3,20,20,0.0,0.0,0,0
mas,1132,default,148,20,20,76.65,0,4,66.9622641509434,36.333333333333336,0,75,52,79,0,E3,20,20,0.0,0.0,0,0
mas_iterative,1132,default,145,20,20,75.15,0,4,65.58490566037736,35.666666666666664,0,63,49,74,0,E3,20,20,0.0,0.0,0,0
cbba,1132,default,145,20,20,75.15,0,4,65.58490566037736,35.666666666666664,0,63,488,2582,117,E3,20,20,0.0,0.0,0,0
claim,1133,default,180,20,20,88.9,3,4,76.84905660377359,36.0,75,109,23,23,0,E3,20,20,0.0,0.0,0,0
mas,1133,default,155,20,20,73.55,0,4,63.094339622641506,35.5,0,84,44,66,0,E3,20,20,0.0,0.0,0,0
mas_iterative,1133,default,154,20,20,73.05,0,4,62.60377358490566,35.25,0,80,48,72,0,E3,20,20,0.0,0.0,0,0
cbba,1133,default,154,20,20,73.05,0,4,62.60377358490566,35.25,0,80,516,2784,124,E3,20,20,0.0,0.0,0,0
claim,1134,default,198,20,20,91.8,6,4,78.36734693877551,28.5,207,59,29,29,0,E3,20,20,0.0,0.0,0,0
mas,1134,default,152,20,20,70.75,0,4,61.48979591836735,28.5,0,106,48,72,0,E3,20,20,0.0,0.0,0,0
mas_iterative,1134,default,151,20,20,69.85,0,4,60.673469387755105,28.5,0,102,50,75,0,E3,20,20,0.0,0.0,0,0
cbba,1134,default,151,20,20,69.85,0,4,60.673469387755105,28.5,0,102,520,2770,125,E3,20,20,0.0,0.0,0,0
claim,1135,default,160,20,20,83.85,2,4,71.3125,42.0,57,41,22,22,0,E3,20,20,0.0,0.0,0,0
mas,1135,default,148,20,20,73.8,0,4,61.875,32.8,0,40,48,72,0,E3,20,20,0.0,0.0,0,0
mas_iterative,1135,default,148,20,20,72.75,0,4,61.020833333333336,32.2,0,40,46,69,0,E3,20,20,0.0,0.0,0,0
cbba,1135,default,148,20,20,72.75,0,4,61.020833333333336,32.2,0,40,604,3240,146,E3,20,20,0.0,0.0,0,0
claim,1136,default,202,20,20,118.85,6,4,102.31372549019608,62.2,172,73,26,26,0,E3,20,20,0.0,0.0,0,0
mas,1136,default,172,20,20,88.35,0,4,74.43137254901961,41.2,0,85,48,72,0,E3,20,20,0.0,0.0,0,0
mas_iterative,1136,default,170,20,20,87.35,0,4,73.49019607843137,40.4,0,77,48,72,0,E3,20,20,0.0,0.0,0,0
cbba,1136,default,170,20,20,87.35,0,4,73.49019607843137,40.4,0,77,576,3104,139,E3,20,20,0.0,0.0,0,0
claim,1137,default,200,20,20,99.4,5,4,80.08510638297872,38.75,113,138,25,25,0,E3,20,20,0.0,0.0,0,0
mas,1137,default,177,20,20,83.4,0,4,66.1063829787234,30.25,0,122,46,69,0,E3,20,20,0.0,0.0,0,0
mas_iterative,1137,default,177,20,20,82.7,0,4,65.38297872340425,29.5,0,122,46,69,0,E3,20,20,0.0,0.0,0,0
cbba,1137,default,177,20,20,82.7,0,4,65.38297872340425,29.5,0,122,636,3464,154,E3,20,20,0.0,0.0,0,0
claim,1138,default,175,20,20,84.65,3,4,74.31481481481481,37.0,101,102,23,23,0,E3,20,20,0.0,0.0,0,0
mas,1138,default,157,20,20,71.55,0,4,62.68518518518518,31.0,0,124,44,66,0,E3,20,20,0.0,0.0,0,0
mas_iterative,1138,default,156,20,20,71.0,0,4,62.166666666666664,30.75,0,120,44,66,0,E3,20,20,0.0,0.0,0,0
cbba,1138,default,152,20,20,70.75,0,4,62.407407407407405,38.75,0,110,564,3060,136,E3,20,20,0.0,0.0,0,0
claim,1139,default,172,20,20,89.45,4,4,79.46296296296296,48.0,94,122,24,24,0,E3,20,20,0.0,0.0,0,0
mas,1139,default,155,20,20,75.2,0,4,66.12962962962963,39.0,0,130,52,79,0,E3,20,20,0.0,0.0,0,0
mas_iterative,1139,default,154,20,20,73.8,0,4,64.77777777777777,38.0,0,126,49,74,0,E3,20,20,0.0,0.0,0,0
cbba,1139,default,154,20,20,73.8,0,4,64.77777777777777,38.0,0,126,488,2552,117,E3,20,20,0.0,0.0,0,0
claim,1140,default,168,20,20,82.65,2,4,68.33333333333333,36.25,57,109,22,22,0,E3,20,20,0.0,0.0,0,0
mas,1140,default,159,20,20,72.75,0,4,59.145833333333336,31.5,0,118,50,75,0,E3,20,20,0.0,0.0,0,0
mas_iterative,1140,default,157,20,20,71.8,0,4,58.3125,31.25,0,110,48,72,0,E3,20,20,0.0,0.0,0,0
cbba,1140,default,157,20,20,71.8,0,4,58.3125,31.25,0,110,508,2716,122,E3,20,20,0.0,0.0,0,0
claim,1141,default,184,20,20,91.8,3,4,77.67272727272727,54.0,101,77,24,24,0,E3,20,20,0.0,0.0,0,0
mas,1141,default,158,20,20,79.6,0,4,66.8,43.25,0,64,48,72,0,E3,20,20,0.0,0.0,0,0
mas_iterative,1141,default,157,20,20,79.25,0,4,66.03636363636363,42.5,0,60,48,72,0,E3,20,20,0.0,0.0,0,0
cbba,1141,default,157,20,20,78.7,0,4,65.98181818181818,42.5,0,60,460,2410,110,E3,20,20,0.0,0.0,0,0
claim,1142,default,183,20,20,92.05,2,4,78.84,40.25,57,106,22,22,0,E3,20,20,0.0,0.0,0,0
mas,1142,default,155,20,20,79.75,0,4,67.26,34.25,0,54,46,69,0,E3,20,20,0.0,0.0,0,0
mas_iterative,1142,default,154,20,20,79.0,0,4,66.56,34.0,0,50,48,72,0,E3,20,20,0.0,0.0,0,0
cbba,1142,default,154,20,20,79.0,0,4,66.56,34.0,0,50,576,3110,139,E3,20,20,0.0,0.0,0,0
claim,1143,default,185,20,20,89.25,3,4,69.37209302325581,42.0,75,109,23,23,0,E3,20,20,0.0,0.0,0,0
mas,1143,default,176,20,20,77.95,0,4,59.51162790697674,41.333333333333336,0,130,48,72,0,E3,20,20,0.0,0.0,0,0
mas_iterative,1143,default,175,20,20,77.15,0,4,58.72093023255814,40.666666666666664,0,126,48,72,0,E3,20,20,0.0,0.0,0,0
cbba,1143,default,175,20,20,77.15,0,4,58.72093023255814,40.666666666666664,0,126,520,2788,125,E3,20,20,0.0,0.0,0,0
claim,1144,default,204,20,20,118.55,4,4,97.70588235294117,56.666666666666664,207,96,28,28,0,E3,20,20,0.0,0.0,0,0
mas,1144,default,155,20,20,79.55,0,4,63.35294117647059,38.666666666666664,0,84,50,76,0,E3,20,20,0.0,0.0,0,0
mas_iterative,1144,default,154,20,20,78.2,0,4,62.03921568627451,37.5,0,80,48,73,0,E3,20,20,0.0,0.0,0,0
cbba,1144,default,154,20,20,78.2,0,4,62.03921568627451,37.5,0,80,580,3140,140,E3,20,20,0.0,0.0,0,0
claim,1145,default,163,20,20,84.8,2,4,70.14285714285714,48.375,57,84,22,22,0,E3,20,20,0.0,0.0,0,0
mas,1145,default,156,20,20,75.7,0,4,61.214285714285715,39.25,0,98,48,72,0,E3,20,20,0.0,0.0,0,0
mas_iterative,1145,default,155,20,20,74.8,0,4,60.42857142857143,38.5,0,94,48,72,0,E3,20,20,0.0,0.0,0,0
cbba,1145,default,155,20,20,74.8,0,4,60.42857142857143,38.5,0,94,520,2768,125,E3,20,20,0.0,0.0,0,0
claim,1146,default,180,20,20,93.5,3,4,83.0909090909091,46.25,101,95,24,24,0,E3,20,20,0.0,0.0,0,0
mas,1146,default,150,20,20,80.7,0,4,71.41818181818182,35.25,0,54,51,77,0,E3,20,20,0.0,0.0,0,0
mas_iterative,1146,default,148,20,20,79.4,0,4,70.2,34.5,0,46,52,78,0,E3,20,20,0.0,0.0,0,0
cbba,1146,default,148,20,20,79.4,0,4,70.2,34.5,0,46,512,2802,123,E3,20,20,0.0,0.0,0,0
claim,1147,default,177,20,20,92.55,3,4,76.42553191489361,38.666666666666664,87,76,23,23,0,E3,20,20,0.0,0.0,0,0
mas,1147,default,160,20,20,79.8,0,4,65.74468085106383,31.333333333333332,0,82,46,69,0,E3,20,20,0.0,0.0,0,0
mas_iterative,1147,default,159,20,20,79.15,0,4,65.17021276595744,31.0,0,78,46,69,0,E3,20,20,0.0,0.0,0,0
cbba,1147,default,163,20,20,79.8,0,4,64.23404255319149,29.333333333333332,0,78,580,3108,140,E3,20,20,0.0,0.0,0,0
claim,1149,default,186,20,20,91.95,7,4,78.5576923076923,40.333333333333336,201,91,28,28,0,E3,20,20,0.0,0.0,0,0
mas,1149,default,138,20,20,66.3,0,4,57.42307692307692,39.333333333333336,0,104,44,66,0,E3,20,20,0.0,0.0,0,0
mas_iterative,1149,default,138,20,20,65.8,0,4,56.90384615384615,39.0,0,104,44,66,0,E3,20,20,0.0,0.0,0,0
cbba,1149,default,138,20,20,65.8,0,4,56.90384615384615,39.0,0,104,616,3320,149,E3,20,20,0.0,0.0,0,0
claim,1150,default,175,20,20,91.2,5,4,75.02083333333333,39.6,108,116,25,25,0,E3,20,20,0.0,0.0,0,0
mas,1150,default,153,20,20,75.1,0,4,60.333333333333336,30.0,0,100,55,83,0,E3,20,20,0.0,0.0,0,0
mas_iterative,1150,default,151,20,20,73.45,0,4,58.895833333333336,29.2,0,92,51,77,0,E3,20,20,0.0,0.0,0,0
cbba,1150,default,151,20,20,73.45,0,4,58.895833333333336,29.2,0,92,500,2634,120,E3,20,20,0.0,0.0,0,0
claim,1152,default,172,20,20,90.75,3,4,76.39583333333333,42.75,75,73,23,23,0,E3,20,20,0.0,0.0,0,0
mas,1152,default,161,20,20,79.35,0,4,65.52083333333333,32.5,0,78,48,72,0,E3,20,20,0.0,0.0,0,0
mas_iterative,1152,default,159,20,20,78.4,0,4,64.64583333333333,31.75,0,70,48,72,0,E3,20,20,0.0,0.0,0,0
cbba,1152,default,158,20,20,78.95,0,4,64.77083333333333,31.75,0,66,580,3090,140,E3,20,20,0.0,0.0,0,0
claim,1153,default,247,20,20,121.25,7,4,101.77358490566037,46.2,225,142,27,27,0,E3,20,20,0.0,0.0,0,0
mas,1153,default,188,20,20,87.7,0,4,74.32075471698113,41.6,0,138,46,69,0,E3,20,20,0.0,0.0,0,0
mas_iterative,1153,default,185,20,20,86.75,0,4,73.69811320754717,41.2,0,126,46,69,0,E3,20,20,0.0,0.0,0,0
cbba,1153,default,187,20,20,87.05,0,4,73.66037735849056,41.2,0,134,556,2966,134,E3,20,20,0.0,0.0,0,0
claim,1155,default,185,20,20,89.1,4,4,69.27083333333333,40.0,119,98,25,25,0,E3,20,20,0.0,0.0,0,0
mas,1155,default,170,20,20,78.75,0,4,60.375,30.0,0,94,48,72,0,E3,20,20,0.0,0.0,0,0
mas_iterative,1155,default,169,20,20,77.85,0,4,59.541666666666664,29.4,0,90,44,66,0,E3,20,20,0.0,0.0,0,0
cbba,1155,default,160,20,20,74.55,0,4,57.479166666666664,33.4,0,76,608,3294,147,E3,20,20,0.0,0.0,0,0
claim,1156,default,223,20,20,118.1,6,4,105.61702127659575,30.0,269,73,33,33,0,E3,20,20,0.0,0.0,0,0
mas,1156,default,164,20,20,83.35,0,4,72.44680851063829,29.0,0,92,53,81,0,E3,20,20,0.0,0.0,0,0
mas_iterative,1156,default,159,20,20,80.75,0,4,70.55319148936171,29.0,0,72,50,76,0,E3,20,20,0.0,0.0,0,0
cbba,1156,default,159,20,20,80.75,0,4,70.55319148936171,29.0,0,72,488,2598,117,E3,20,20,0.0,0.0,0,0
claim,1157,default,181,20,20,97.2,5,4,81.6875,38.333333333333336,162,30,27,27,0,E3,20,20,0.0,0.0,0,0
mas,1157,default,154,20,20,80.0,0,4,66.8125,30.0,0,69,46,69,0,E3,20,20,0.0,0.0,0,0
mas_iterative,1157,default,153,20,20,79.25,0,4,66.14583333333333,29.666666666666668,0,65,46,69,0,E3,20,20,0.0,0.0,0,0
cbba,1157,default,153,20,20,79.25,0,4,66.14583333333333,29.666666666666668,0,65,528,2810,127,E3,20,20,0.0,0.0,0,0
claim,1000,default,160,20,20,79.45,4,4,66.5,32.0,89,100,24,24,0,E3,20,20,0.0,0.05,0,0
mas,1000,default,149,20,20,72.6,2,4,59.97826086956522,27.666666666666668,36,66,52,78,0,E3,20,20,0.0,0.05,0,0
mas_iterative,1000,default,147,20,20,70.55,2,4,58.21739130434783,27.333333333333332,36,64,52,78,0,E3,20,20,0.0,0.05,0,0
cbba,1000,default,142,20,20,69.5,1,4,57.21739130434783,27.333333333333332,12,70,589,3141,142,E3,20,20,0.0,0.05,0,0
claim,1001,default,166,20,20,81.15,2,4,71.44642857142857,40.4,61,99,22,22,0,E3,20,20,0.0,0.05,0,0
mas,1001,default,140,20,20,70.7,0,4,61.714285714285715,36.2,0,57,48,72,0,E3,20,20,0.0,0.05,0,0
mas_iterative,1001,default,139,20,20,69.8,0,4,60.910714285714285,35.8,0,53,50,75,0,E3,20,20,0.0,0.05,0,0
cbba,1001,default,139,20,20,69.8,0,4,60.910714285714285,35.8,0,53,508,2682,122,E3,20,20,0.0,0.05,0,0
claim,1002,default,178,20,20,88.3,2,4,72.71739130434783,47.0,61,122,22,22,0,E3,20,20,0.0,0.05,0,0
mas,1002,default,174,20,20,81.9,1,4,65.34782608695652,35.75,30,139,52,78,0,E3,20,20,0.0,0.05,0,0
mas_iterative,1002,default,168,20,20,79.5,1,4,63.45652173913044,34.75,17,123,48,72,0,E3,20,20,0.0,0.05,0,0
cbba,1002,default,168,20,20,79.3,2,4,63.73913043478261,34.75,53,77,667,3521,161,E3,20,20,0.0,0.05,0,0
claim,1003,default,157,20,20,80.9,5,4,64.4375,44.5,99,84,25,25,0,E3,20,20,0.0,0.05,0,0
mas,1003,default,150,20,20,73.95,1,4,59.229166666666664,40.0,29,88,44,66,0,E3,20,20,0.0,0.05,0,0
mas_iterative,1003,default,150,20,20,73.75,1,4,58.979166666666664,39.666666666666664,29,88,44,66,0,E3,20,20,0.0,0.05,0,0
cbba,1003,default,144,20,20,68.3,0,4,54.0625,35.5,0,87,496,2602,119,E3,20,20,0.0,0.05,0,0
claim,1004,default,181,20,20,96.3,3,4,82.97872340425532,40.0,94,86,23,23,0,E3,20,20,0.0,0.05,0,0
mas,1004,default,159,20,20,78.1,1,4,66.53191489361703,29.333333333333332,22,91,52,78,0,E3,20,20,0.0,0.05,0,0
mas_iterative,1004,default,158,20,20,77.35,1,4,65.7872340425532,29.0,24,85,52,78,0,E3,20,20,0.0,0.05,0,0
cbba,1004,default,160,20,20,76.25,1,4,64.91489361702128,29.0,41,62,602,3150,145,E3,20,20,0.0,0.05,0,0
claim,1005,default,151,20,20,77.3,3,4,69.25454545454545,47.666666666666664,68,111,23,23,0,E3,20,20,0.0,0.05,0,0
mas,1005,default,141,20,20,67.3,1,4,59.163636363636364,38.666666666666664,22,116,50,75,0,E3,20,20,0.0,0.05,0,0
mas_iterative,1005,default,138,20,20,65.25,0,4,57.41818181818182,38.0,0,116,44,66,0,E3,20,20,0.0,0.05,0,0
cbba,1005,default,140,20,20,65.25,0,4,57.45454545454545,38.0,0,124,616,3314,149,E3,20,20,0.0,0.05,0,0
claim,1006,default,184,20,20,99.0,6,4,82.02564102564102,38.0,183,104,29,29,0,E3,20,20,0.0,0.05,0,0
mas,1006,default,150,20,20,68.95,0,4,57.35897435897436,29.0,0,103,46,69,0,E3,20,20,0.0,0.05,0,0
mas_iterative,1006,default,149,20,20,68.3,0,4,56.743589743589745,28.5,0,99,46,69,0,E3,20,20,0.0,0.05,0,0
cbba,1006,default,153,20,20,69.9,2,4,57.717948717948715,28.5,39,97,558,2958,134,E3,20,20,0.0,0.05,0,0
claim,1007,default,142,20,20,80.1,3,4,70.24444444444444,33.0,87,66,23,23,0,E3,20,20,0.0,0.05,0,0
mas,1007,default,126,20,20,68.2,0,4,60.044444444444444,33.0,0,91,46,69,0,E3,20,20,0.0,0.05,0,0
mas_iterative,1007,default,123,20,20,67.25,0,4,59.31111111111111,33.0,0,79,46,69,0,E3,20,20,0.0,0.05,0,0
cbba,1007,default,123,20,20,67.45,0,4,59.044444444444444,28.0,0,73,496,2622,119,E3,20,20,0.0,0.05,0,0
claim,1008,default,214,20,20,104.55,8,4,89.1,36.25,289,51,31,31,0,E3,20,20,0.0,0.05,0,0
mas,1008,default,176,20,20,87.55,2,4,75.72,32.25,68,78,48,72,0,E3,20,20,0.0,0.05,0,0
mas_iterative,1008,default,167,20,20,88.35,2,4,76.38,32.0,57,56,50,75,0,E3,20,20,0.0,0.05,0,0
cbba,1008,default,156,20,20,77.9,0,4,67.42,30.25,0,64,616,3300,149,E3,20,20,0.0,0.05,0,0
claim,1009,default,214,20,20,119.5,5,4,98.34042553191489,38.0,212,65,27,27,0,E3,20,20,0.0,0.05,0,0
mas,1009,default,182,20,20,93.0,3,4,77.23404255319149,33.333333333333336,99,69,54,81,0,E3,20,20,0.0,0.05,0,0
mas_iterative,1009,default,176,20,20,89.5,3,4,74.38297872340425,33.333333333333336,63,66,54,81,0,E3,20,20,0.0,0.05,0,0
cbba,1009,default,175,20,20,84.9,0,4,69.72340425531915,27.333333333333332,0,82,556,2946,134,E3,20,20,0.0,0.05,0,0
claim,1010,default,201,20,20,115.45,7,4,100.66037735849056,57.6,272,65,31,31,0,E3,20,20,0.0,0.05,0,0
mas,1010,default,150,20,20,73.35,1,4,62.528301886792455,37.8,8,86,48,73,0,E3,20,20,0.0,0.05,0,0
mas_iterative,1010,default,162,20,20,74.5,3,4,62.83018867924528,37.0,78,65,54,82,0,E3,20,20,0.0,0.05,0,0
cbba,1010,default,148,20,20,74.25,2,4,62.81132075471698,37.0,40,60,658,3586,159,E3,20,20,0.0,0.05,0,0
claim,1011,default,169,20,20,83.0,3,4,69.25925925925925,39.4,69,128,23,23,0,E3,20,20,0.0,0.05,0,0
mas,1011,default,160,20,20,76.2,2,4,63.111111111111114,37.2,69,81,55,83,0,E3,20,20,0.0,0.05,0,0
mas_iterative,1011,default,155,20,20,71.5,0,4,58.48148148148148,33.0,0,122,48,72,0,E3,20,20,0.0,0.05,0,0
cbba,1011,default,149,20,20,71.65,1,4,58.53703703703704,33.0,9,96,545,2895,131,E3,20,20,0.0,0.05,0,0
claim,1012,default,159,20,20,78.15,4,4,70.28301886792453,40.2,71,125,24,24,0,E3,20,20,0.0,0.05,0,0
mas,1012,default,139,20,20,65.35,0,4,57.83018867924528,35.0,0,118,48,72,0,E3,20,20,0.0,0.05,0,0
mas_iterative,1012,default,138,20,20,64.6,0,4,57.18867924528302,34.8,0,114,44,66,0,E3,20,20,0.0,0.05,0,0
cbba,1012,default,140,20,20,65.75,2,4,57.9811320754717,34.8,14,119,746,4008,181,E3,20,20,0.0,0.05,0,0
claim,1013,default,176,20,20,84.3,3,4,76.92682926829268,nan,75,134,23,23,0,E3,20,20,0.0,0.05,0,0
mas,1013,default,170,20,20,77.45,1,4,70.04878048780488,nan,28,142,55,83,0,E3,20,20,0.0,0.05,0,0
mas_iterative,1013,default,165,20,20,72.2,0,4,64.6829268292683,nan,0,143,48,72,0,E3,20,20,0.0,0.05,0,0
cbba,1013,default,165,20,20,72.2,0,4,64.6829268292683,nan,0,143,528,2776,127,E3,20,20,0.0,0.05,0,0
claim,1014,default,202,20,20,89.2,6,4,74.86,28.5,250,44,32,32,0,E3,20,20,0.0,0.05,0,0
mas,1014,default,179,20,20,81.35,4,4,68.74,28.5,74,108,54,81,0,E3,20,20,0.0,0.05,0,0
mas_iterative,1014,default,177,20,20,77.1,3,4,65.8,28.5,52,132,52,78,0,E3,20,20,0.0,0.05,0,0
cbba,1014,default,164,20,20,74.55,1,4,62.46,28.0,5,102,541,2869,130,E3,20,20,0.0,0.05,0,0
claim,1015,default,189,20,20,97.05,4,4,85.78,34.0,116,99,24,24,0,E3,20,20,0.0,0.05,0,0
mas,1015,default,168,20,20,82.5,0,4,73.36,34.0,0,92,52,78,0,E3,20,20,0.0,0.05,0,0
mas_iterative,1015,default,168,20,20,81.4,0,4,72.42,34.0,0,92,48,72,0,E3,20,20,0.0,0.05,0,0
cbba,1015,default,177,20,20,84.0,2,4,73.96,34.0,31,119,614,3310,148,E3,20,20,0.0,0.05,0,0
claim,1016,default,153,20,20,79.25,6,4,64.08,39.833333333333336,133,81,26,26,0,E3,20,20,0.0,0.05,0,0
mas,1016,default,127,20,20,63.05,0,4,51.58,35.666666666666664,0,92,48,72,0,E3,20,20,0.0,0.05,0,0
mas_iterative,1016,default,126,20,20,62.15,0,4,50.76,35.166666666666664,0,88,48,72,0,E3,20,20,0.0,0.05,0,0
cbba,1016,default,126,20,20,62.15,0,4,50.76,35.166666666666664,0,88,576,3038,139,E3,20,20,0.0,0.05,0,0
claim,1017,default,184,20,20,90.6,5,4,79.11538461538461,41.666666666666664,136,129,27,27,0,E3,20,20,0.0,0.05,0,0
mas,1017,default,167,20,20,76.25,3,4,65.88461538461539,36.333333333333336,49,140,56,84,0,E3,20,20,0.0,0.05,0,0
mas_iterative,1017,default,153,20,20,73.3,2,4,63.69230769230769,36.0,27,104,52,78,0,E3,20,20,0.0,0.05,0,0
cbba,1017,default,140,20,20,72.4,1,4,62.01923076923077,36.0,30,53,637,3401,154,E3,20,20,0.0,0.05,0,0
claim,1018,default,209,20,20,105.15,3,4,83.70454545454545,32.666666666666664,89,123,23,23,0,E3,20,20,0.0,0.05,0,0
mas,1018,default,184,20,20,91.7,0,4,71.38636363636364,32.666666666666664,0,86,48,72,0,E3,20,20,0.0,0.05,0,0
mas_iterative,1018,default,189,20,20,91.2,0,4,70.79545454545455,32.666666666666664,0,106,48,72,0,E3,20,20,0.0,0.05,0,0
cbba,1018,default,199,20,20,94.2,2,4,72.97727272727273,32.666666666666664,68,120,606,3214,146,E3,20,20,0.0,0.05,0,0
claim,1019,default,163,20,20,88.15,2,4,77.2156862745098,32.0,59,43,22,22,0,E3,20,20,0.0,0.05,0,0
mas,1019,default,172,20,20,78.8,1,4,68.3529411764706,32.0,41,106,48,72,0,E3,20,20,0.0,0.05,0,0
mas_iterative,1019,default,155,20,20,76.6,0,4,66.41176470588235,32.0,0,69,44,66,0,E3,20,20,0.0,0.05,0,0
cbba,1019,default,160,20,20,77.2,2,4,66.82352941176471,32.0,32,60,582,3106,140,E3,20,20,0.0,0.05,0,0
claim,1020,default,187,20,20,95.55,2,4,79.93478260869566,28.5,59,118,22,22,0,E3,20,20,0.0,0.05,0,0
mas,1020,default,173,20,20,90.6,3,4,75.02173913043478,28.5,81,51,52,78,0,E3,20,20,0.0,0.05,0,0
mas_iterative,1020,default,192,20,20,93.25,4,4,76.3695652173913,28.5,121,90,54,81,0,E3,20,20,0.0,0.05,0,0
cbba,1020,default,175,20,20,83.85,0,4,69.04347826086956,28.5,0,122,544,2888,131,E3,20,20,0.0,0.05,0,0
claim,1021,default,173,20,20,83.75,3,4,70.0,35.666666666666664,89,116,23,23,0,E3,20,20,0.0,0.05,0,0
mas,1021,default,151,20,20,74.05,1,4,60.76086956521739,28.666666666666668,14,78,54,81,0,E3,20,20,0.0,0.05,0,0
mas_iterative,1021,default,158,20,20,74.3,2,4,59.69565217391305,28.333333333333332,42,89,52,78,0,E3,20,20,0.0,0.05,0,0
cbba,1021,default,146,20,20,71.35,1,4,58.391304347826086,28.333333333333332,39,28,549,2893,132,E3,20,20,0.0,0.05,0,0
claim,1022,default,172,20,20,94.25,5,4,81.54901960784314,41.5,101,44,25,25,0,E3,20,20,0.0,0.05,0,0
mas,1022,default,149,20,20,75.9,1,4,64.56862745098039,41.5,9,60,52,78,0,E3,20,20,0.0,0.05,0,0
mas_iterative,1022,default,147,20,20,75.05,1,4,63.78431372549019,41.0,10,51,50,75,0,E3,20,20,0.0,0.05,0,0
cbba,1022,default,156,20,20,76.6,0,4,65.23529411764706,36.25,0,70,536,2832,129,E3,20,20,0.0,0.05,0,0
claim,1023,default,217,20,20,111.4,6,4,93.88235294117646,38.0,185,119,28,28,0,E3,20,20,0.0,0.05,0,0
mas,1023,default,196,20,20,97.95,4,4,83.43137254901961,33.333333333333336,93,115,56,84,0,E3,20,20,0.0,0.05,0,0
mas_iterative,1023,default,193,20,20,94.9,3,4,80.54901960784314,33.333333333333336,108,74,52,78,0,E3,20,20,0.0,0.05,0,0
cbba,1023,default,180,20,20,83.9,2,4,70.11764705882354,29.0,49,81,615,3265,148,E3,20,20,0.0,0.05,0,0
claim,1024,default,221,20,20,130.25,5,4,114.34693877551021,54.333333333333336,255,113,30,30,0,E3,20,20,0.0,0.05,0,0
mas,1024,default,165,20,20,80.3,0,4,69.79591836734694,29.666666666666668,0,94,46,70,0,E3,20,20,0.0,0.05,0,0
mas_iterative,1024,default,164,20,20,83.3,2,4,70.77551020408163,29.0,70,38,57,87,0,E3,20,20,0.0,0.05,0,0
cbba,1024,default,168,20,20,80.3,0,4,69.12244897959184,29.0,0,106,584,3122,141,E3,20,20,0.0,0.05,0,0
claim,1025,default,156,20,20,80.5,2,4,66.93877551020408,40.5,59,85,22,22,0,E3,20,20,0.0,0.05,0,0
mas,1025,default,148,20,20,69.15,1,4,56.142857142857146,34.0,20,103,50,75,0,E3,20,20,0.0,0.05,0,0
mas_iterative,1025,default,148,20,20,68.45,1,4,55.46938775510204,33.5,20,103,50,75,0,E3,20,20,0.0,0.05,0,0
cbba,1025,default,133,20,20,66.3,1,4,54.42857142857143,37.75,9,75,638,3454,154,E3,20,20,0.0,0.05,0,0
claim,1026,default,175,20,20,100.95,3,4,86.18867924528301,46.833333333333336,93,41,23,23,0,E3,20,20,0.0,0.05,0,0
mas,1026,default,151,20,20,81.75,0,4,69.32075471698113,41.166666666666664,0,38,46,69,0,E3,20,20,0.0,0.05,0,0
mas_iterative,1026,default,150,20,20,81.2,0,4,68.79245283018868,40.833333333333336,0,34,48,72,0,E3,20,20,0.0,0.05,0,0
cbba,1026,default,176,20,20,82.85,1,4,69.41509433962264,40.833333333333336,46,94,538,2796,129,E3,20,20,0.0,0.05,0,0
claim,1027,default,227,20,20,127.25,7,4,107.27659574468085,54.5,255,138,32,32,0,E3,20,20,0.0,0.05,0,0
mas,1027,default,177,20,20,85.2,1,4,68.87234042553192,33.0,22,126,50,76,0,E3,20,20,0.0,0.05,0,0
mas_iterative,1027,default,170,20,20,80.75,0,4,65.48936170212765,32.25,1,110,55,84,0,E3,20,20,0.0,0.05,0,0
cbba,1027,default,170,20,20,80.55,0,4,65.31914893617021,32.25,0,110,564,2998,136,E3,20,20,0.0,0.05,0,0
claim,1028,default,260,20,20,152.05,7,4,129.5,43.0,358,111,34,34,0,E3,20,20,0.0,0.05,0,0
mas,1028,default,171,20,20,85.9,0,4,69.22727272727273,28.5,0,94,48,73,0,E3,20,20,0.0,0.05,0,0
mas_iterative,1028,default,169,20,20,85.75,1,4,68.63636363636364,27.5,24,75,54,82,0,E3,20,20,0.0,0.05,0,0
cbba,1028,default,191,20,20,93.05,3,4,74.04545454545455,27.5,106,106,632,3396,152,E3,20,20,0.0,0.05,0,0
claim,1030,default,166,20,20,90.1,5,4,73.71428571428571,43.5,132,59,26,26,0,E3,20,20,0.0,0.05,0,0
mas,1030,default,158,20,20,76.7,3,4,60.92857142857143,34.0,62,78,54,81,0,E3,20,20,0.0,0.05,0,0
mas_iterative,1030,default,161,20,20,75.7,3,4,59.69047619047619,33.5,60,100,54,81,0,E3,20,20,0.0,0.05,0,0
cbba,1030,default,143,20,20,71.65,2,4,57.523809523809526,33.5,27,37,538,2854,129,E3,20,20,0.0,0.05,0,0
claim,1031,default,188,20,20,91.7,5,4,76.23636363636363,43.142857142857146,147,82,27,27,0,E3,20,20,0.0,0.05,0,0
mas,1031,default,169,20,20,86.0,2,4,71.7090909090909,39.857142857142854,47,82,53,80,0,E3,20,20,0.0,0.05,0,0
mas_iterative,1031,default,164,20,20,77.85,0,4,64.25454545454545,34.857142857142854,0,92,46,69,0,E3,20,20,0.0,0.05,0,0
cbba,1031,default,164,20,20,77.85,0,4,64.25454545454545,34.857142857142854,0,92,580,3134,140,E3,20,20,0.0,0.05,0,0
claim,1032,default,187,20,20,98.6,6,4,82.36170212765957,34.0,137,99,27,27,0,E3,20,20,0.0,0.05,0,0
mas,1032,default,160,20,20,77.35,1,4,63.48936170212766,34.0,27,110,54,82,0,E3,20,20,0.0,0.05,0,0
mas_iterative,1032,default,159,20,20,74.9,1,4,61.57446808510638,33.5,18,114,53,80,0,E3,20,20,0.0,0.05,0,0
cbba,1032,default,159,20,20,76.9,2,4,62.659574468085104,33.5,42,101,554,2962,133,E3,20,20,0.0,0.05,0,0
claim,1033,default,196,20,20,97.3,2,4,83.11111111111111,50.4,57,96,22,22,0,E3,20,20,0.0,0.05,0,0
mas,1033,default,189,20,20,86.2,2,4,72.35185185185185,45.6,59,117,52,78,0,E3,20,20,0.0,0.05,0,0
mas_iterative,1033,default,179,20,20,85.95,2,4,72.81481481481481,45.0,71,66,60,90,0,E3,20,20,0.0,0.05,0,0
cbba,1033,default,184,20,20,82.1,0,4,69.29629629629629,45.0,0,121,500,2670,120,E3,20,20,0.0,0.05,0,0
claim,1034,default,187,20,20,93.8,3,4,74.84444444444445,48.5,89,92,23,23,0,E3,20,20,0.0,0.05,0,0
mas,1034,default,168,20,20,81.55,0,4,63.48888888888889,29.0,0,74,48,72,0,E3,20,20,0.0,0.05,0,0
mas_iterative,1034,default,170,20,20,81.8,2,4,63.08888888888889,27.5,73,28,56,84,0,E3,20,20,0.0,0.05,0,0
cbba,1034,default,171,20,20,82.55,1,4,64.04444444444445,27.5,11,74,561,3023,135,E3,20,20,0.0,0.05,0,0
claim,1035,default,182,20,20,92.3,5,4,80.37037037037037,38.6,119,88,25,25,0,E3,20,20,0.0,0.05,0,0
mas,1035,default,165,20,20,80.3,1,4,69.77777777777777,38.6,30,95,46,69,0,E3,20,20,0.0,0.05,0,0
mas_iterative,1035,default,165,20,20,82.15,3,4,71.61111111111111,38.6,78,79,52,78,0,E3,20,20,0.0,0.05,0,0
cbba,1035,default,159,20,20,79.65,2,4,68.07407407407408,33.4,42,66,662,3624,160,E3,20,20,0.0,0.05,0,0
claim,1036,default,203,20,20,108.7,4,4,89.9795918367347,44.5,113,99,24,24,0,E3,20,20,0.0,0.05,0,0
mas,1036,default,180,20,20,89.45,0,4,72.22448979591837,37.75,0,95,46,69,0,E3,20,20,0.0,0.05,0,0
mas_iterative,1036,default,180,20,20,88.8,0,4,71.6734693877551,37.5,0,95,46,69,0,E3,20,20,0.0,0.05,0,0
cbba,1036,default,207,20,20,89.75,1,4,72.61224489795919,35.25,37,156,493,2559,118,E3,20,20,0.0,0.05,0,0
claim,1037,default,192,20,20,95.45,3,4,74.97826086956522,43.2,85,116,23,23,0,E3,20,20,0.0,0.05,0,0
mas,1037,default,178,20,20,87.1,0,4,67.1086956521739,34.4,0,114,48,72,0,E3,20,20,0.0,0.05,0,0
mas_iterative,1037,default,178,20,20,86.25,0,4,66.28260869565217,33.8,0,114,48,72,0,E3,20,20,0.0,0.05,0,0
cbba,1037,default,182,20,20,90.05,1,4,69.34782608695652,33.8,30,110,625,3397,151,E3,20,20,0.0,0.05,0,0
claim,1038,default,176,20,20,88.8,3,4,75.91379310344827,47.0,81,92,23,23,0,E3,20,20,0.0,0.05,0,0
mas,1038,default,172,20,20,81.35,2,4,69.17241379310344,45.166666666666664,50,112,50,75,0,E3,20,20,0.0,0.05,0,0
mas_iterative,1038,default,161,20,20,74.05,0,4,62.224137931034484,41.0,0,104,46,69,0,E3,20,20,0.0,0.05,0,0
cbba,1038,default,166,20,20,75.95,1,4,64.12068965517241,42.333333333333336,8,110,605,3227,146,E3,20,20,0.0,0.05,0,0
claim,1039,default,174,20,20,87.3,3,4,73.67857142857143,39.666666666666664,71,83,23,23,0,E3,20,20,0.0,0.05,0,0
mas,1039,default,173,20,20,78.15,0,4,65.21428571428571,32.833333333333336,0,120,46,69,0,E3,20,20,0.0,0.05,0,0
mas_iterative,1039,default,176,20,20,80.15,1,4,66.48214285714286,32.5,12,117,50,75,0,E3,20,20,0.0,0.05,0,0
cbba,1039,default,172,20,20,77.55,0,4,64.625,32.5,0,116,592,3178,143,E3,20,20,0.0,0.05,0,0
claim,1040,default,172,20,20,97.8,5,4,85.12244897959184,46.0,156,28,26,26,0,E3,20,20,0.0,0.05,0,0
mas,1040,default,143,20,20,78.7,1,4,69.42857142857143,50.5,5,56,50,75,0,E3,20,20,0.0,0.05,0,0
mas_iterative,1040,default,142,20,20,77.9,1,4,68.6938775510204,50.0,5,52,46,69,0,E3,20,20,0.0,0.05,0,0
cbba,1040,default,158,20,20,83.85,2,4,71.61224489795919,49.0,66,57,611,3285,147,E3,20,20,0.0,0.05,0,0
claim,1041,default,167,20,20,86.65,2,4,71.7,36.5,57,76,22,22,0,E3,20,20,0.0,0.05,0,0
mas,1041,default,155,20,20,76.3,0,4,62.06,31.0,0,86,50,75,0,E3,20,20,0.0,0.05,0,0
mas_iterative,1041,default,153,20,20,75.3,0,4,61.16,30.75,0,78,50,75,0,E3,20,20,0.0,0.05,0,0
cbba,1041,default,153,20,20,75.35,2,4,61.2,30.75,4,49,570,3028,137,E3,20,20,0.0,0.05,0,0
claim,1042,default,176,20,20,88.1,5,4,72.84615384615384,38.2,122,100,25,25,0,E3,20,20,0.0,0.05,0,0
mas,1042,default,164,20,20,75.15,2,4,61.28846153846154,33.4,68,87,48,72,0,E3,20,20,0.0,0.05,0,0
mas_iterative,1042,default,156,20,20,70.2,0,4,56.59615384615385,28.6,0,116,46,69,0,E3,20,20,0.0,0.05,0,0
cbba,1042,default,156,20,20,72.4,2,4,58.01923076923077,28.6,28,102,626,3354,151,E3,20,20,0.0,0.05,0,0
claim,1043,default,188,20,20,89.45,7,4,70.3157894736842,31.0,156,101,28,28,0,E3,20,20,0.0,0.05,0,0
mas,1043,default,163,20,20,75.85,2,4,58.60526315789474,31.0,24,104,52,78,0,E3,20,20,0.0,0.05,0,0
mas_iterative,1043,default,164,20,20,77.1,2,4,58.973684210526315,31.0,44,97,48,72,0,E3,20,20,0.0,0.05,0,0
cbba,1043,default,169,20,20,73.7,1,4,57.0,31.0,39,102,673,3623,163,E3,20,20,0.0,0.05,0,0
claim,1044,default,163,20,20,86.4,2,4,76.28,45.5,57,84,22,22,0,E3,20,20,0.0,0.05,0,0
mas,1044,default,154,20,20,75.0,0,4,65.4,40.0,0,96,50,75,0,E3,20,20,0.0,0.05,0,0
mas_iterative,1044,default,153,20,20,74.05,0,4,64.5,39.5,0,92,48,72,0,E3,20,20,0.0,0.05,0,0
cbba,1044,default,155,20,20,75.65,2,4,65.14,39.5,33,91,546,2902,131,E3,20,20,0.0,0.05,0,0
claim,1045,default,200,20,20,95.25,2,4,78.53846153846153,39.0,57,117,22,22,0,E3,20,20,0.0,0.05,0,0
mas,1045,default,188,20,20,83.3,0,4,68.92307692307692,32.25,0,125,48,72,0,E3,20,20,0.0,0.05,0,0
mas_iterative,1045,default,187,20,20,82.4,0,4,68.0576923076923,32.0,0,121,50,75,0,E3,20,20,0.0,0.05,0,0
cbba,1045,default,187,20,20,82.4,0,4,68.0576923076923,32.0,0,121,544,2860,131,E3,20,20,0.0,0.05,0,0
claim,1046,default,215,20,20,116.4,5,4,100.69811320754717,57.4,217,107,29,29,0,E3,20,20,0.0,0.05,0,0
mas,1046,default,179,20,20,83.75,2,4,70.16981132075472,34.8,35,107,52,79,0,E3,20,20,0.0,0.05,0,0
mas_iterative,1046,default,178,20,20,82.0,2,4,68.67924528301887,33.8,31,110,54,82,0,E3,20,20,0.0,0.05,0,0
cbba,1046,default,169,20,20,78.4,0,4,66.18867924528301,33.8,0,86,540,2898,130,E3,20,20,0.0,0.05,0,0
claim,1047,default,159,20,20,81.8,4,4,69.2,43.0,117,73,24,24,0,E3,20,20,0.0,0.05,0,0
mas,1047,default,147,20,20,73.6,1,4,60.15555555555556,28.5,31,105,50,75,0,E3,20,20,0.0,0.05,0,0
mas_iterative,1047,default,143,20,20,69.65,0,4,57.75555555555555,28.0,0,110,52,78,0,E3,20,20,0.0,0.05,0,0
cbba,1047,default,146,20,20,72.9,2,4,60.13333333333333,28.0,22,96,606,3266,146,E3,20,20,0.0,0.05,0,0
claim,1048,default,225,20,20,124.6,5,4,109.8936170212766,56.0,230,121,28,28,0,E3,20,20,0.0,0.05,0,0
mas,1048,default,172,20,20,86.2,1,4,75.85106382978724,45.0,32,100,49,74,0,E3,20,20,0.0,0.05,0,0
mas_iterative,1048,default,171,20,20,85.15,1,4,74.85106382978724,44.5,32,96,47,71,0,E3,20,20,0.0,0.05,0,0
cbba,1048,default,163,20,20,81.8,1,4,70.46808510638297,30.0,29,69,661,3529,160,E3,20,20,0.0,0.05,0,0
claim,1049,default,234,20,20,117.6,9,4,103.32727272727273,39.333333333333336,323,48,34,34,0,E3,20,20,0.0,0.05,0,0
mas,1049,default,188,20,20,88.7,3,4,77.69090909090909,32.0,87,54,54,81,0,E3,20,20,0.0,0.05,0,0
mas_iterative,1049,default,179,20,20,84.5,2,4,74.10909090909091,31.666666666666668,55,44,62,93,0,E3,20,20,0.0,0.05,0,0
cbba,1049,default,179,20,20,83.65,0,4,73.16363636363636,31.666666666666668,0,90,488,2558,117,E3,20,20,0.0,0.05,0,0
claim,1050,default,217,20,20,99.2,7,4,80.8125,44.0,275,56,32,32,0,E3,20,20,0.0,0.05,0,0
mas,1050,default,174,20,20,84.35,1,4,69.4375,44.5,28,125,44,66,0,E3,20,20,0.0,0.05,0,0
mas_iterative,1050,default,171,20,20,84.05,2,4,69.33333333333333,44.5,35,113,50,75,0,E3,20,20,0.0,0.05,0,0
cbba,1050,default,167,20,20,79.1,0,4,64.25,38.75,0,118,504,2644,121,E3,20,20,0.0,0.05,0,0
claim,1051,default,218,20,20,111.55,9,4,92.4,38.5,254,85,30,30,0,E3,20,20,0.0,0.05,0,0
mas,1051,default,179,20,20,87.5,2,4,71.8,28.5,59,106,50,75,0,E3,20,20,0.0,0.05,0,0
mas_iterative,1051,default,179,20,20,86.9,2,4,71.24444444444444,28.0,59,106,50,75,0,E3,20,20,0.0,0.05,0,0
cbba,1051,default,167,20,20,83.05,0,4,68.71111111111111,28.0,0,88,528,2848,127,E3,20,20,0.0,0.05,0,0
claim,1052,default,192,20,20,104.85,5,4,90.02173913043478,41.0,182,80,28,28,0,E3,20,20,0.0,0.05,0,0
mas,1052,default,168,20,20,80.4,0,4,67.93478260869566,29.0,0,108,48,73,0,E3,20,20,0.0,0.05,0,0
mas_iterative,1052,default,166,20,20,79.3,0,4,66.8913043478261,28.0,0,100,48,73,0,E3,20,20,0.0,0.05,0,0
cbba,1052,default,166,20,20,79.3,0,4,66.8913043478261,28.0,0,100,608,3278,147,E3,20,20,0.0,0.05,0,0
claim,1053,default,190,20,20,95.7,7,4,82.07843137254902,41.8,192,73,28,28,0,E3,20,20,0.0,0.05,0,0
mas,1053,default,156,20,20,81.2,2,4,68.27450980392157,37.8,59,76,50,75,0,E3,20,20,0.0,0.05,0,0
mas_iterative,1053,default,156,20,20,80.4,2,4,67.54901960784314,37.6,58,77,50,75,0,E3,20,20,0.0,0.05,0,0
cbba,1053,default,143,20,20,74.15,0,4,62.86274509803921,37.6,0,59,536,2860,129,E3,20,20,0.0,0.05,0,0
claim,1054,default,182,20,20,99.05,3,4,85.4090909090909,41.0,85,65,23,23,0,E3,20,20,0.0,0.05,0,0
mas,1054,default,183,20,20,89.55,4,4,74.70454545454545,28.5,104,74,60,90,0,E3,20,20,0.0,0.05,0,0
mas_iterative,1054,default,180,20,20,87.8,3,4,73.0909090909091,28.0,85,77,56,84,0,E3,20,20,0.0,0.05,0,0
cbba,1054,default,174,20,20,84.15,0,4,70.86363636363636,28.0,0,86,648,3546,157,E3,20,20,0.0,0.05,0,0
claim,1055,default,164,20,20,88.95,3,4,78.01886792452831,42.5,70,69,23,23,0,E3,20,20,0.0,0.05,0,0
mas,1055,default,155,20,20,79.85,1,4,69.49056603773585,37.25,6,74,50,75,0,E3,20,20,0.0,0.05,0,0
mas_iterative,1055,default,161,20,20,81.0,2,4,69.86792452830188,36.5,39,76,50,75,0,E3,20,20,0.0,0.05,0,0
cbba,1055,default,159,20,20,75.7,1,4,65.26415094339623,33.25,47,55,554,2878,133,E3,20,20,0.0,0.05,0,0
claim,1056,default,157,20,20,84.55,2,4,72.09433962264151,44.4,59,87,22,22,0,E3,20,20,0.0,0.05,0,0
mas,1056,default,153,20,20,78.2,2,4,64.90566037735849,35.8,47,61,48,72,0,E3,20,20,0.0,0.05,0,0
mas_iterative,1056,default,152,20,20,77.55,1,4,64.28301886792453,35.4,13,90,48,72,0,E3,20,20,0.0,0.05,0,0
cbba,1056,default,151,20,20,76.45,1,4,63.490566037735846,35.4,5,88,665,3603,161,E3,20,20,0.0,0.05,0,0
claim,1057,default,173,20,20,91.4,3,4,78.50877192982456,45.333333333333336,87,51,23,23,0,E3,20,20,0.0,0.05,0,0
mas,1057,default,157,20,20,78.5,0,4,66.89473684210526,38.5,0,86,48,72,0,E3,20,20,0.0,0.05,0,0
mas_iterative,1057,default,156,20,20,77.6,0,4,66.03508771929825,38.0,0,82,48,72,0,E3,20,20,0.0,0.05,0,0
cbba,1057,default,156,20,20,79.3,1,4,67.29824561403508,38.0,24,66,529,2813,127,E3,20,20,0.0,0.05,0,0
claim,1058,default,211,20,20,110.05,6,4,94.45098039215686,41.0,190,53,27,27,0,E3,20,20,0.0,0.05,0,0
mas,1058,default,182,20,20,93.5,2,4,79.2156862745098,31.25,54,75,52,78,0,E3,20,20,0.0,0.05,0,0
mas_iterative,1058,default,186,20,20,90.7,2,4,77.3921568627451,31.0,67,82,50,75,0,E3,20,20,0.0,0.05,0,0
cbba,1058,default,168,20,20,82.1,0,4,69.37254901960785,32.0,0,70,540,2884,130,E3,20,20,0.0,0.05,0,0
claim,1059,default,175,20,20,85.75,3,4,72.88461538461539,45.6,95,116,23,23,0,E3,20,20,0.0,0.05,0,0
mas,1059,default,156,20,20,71.9,1,4,60.98076923076923,35.4,7,110,50,75,0,E3,20,20,0.0,0.05,0,0
mas_iterative,1059,default,163,20,20,73.75,1,4,61.21153846153846,34.6,34,121,46,69,0,E3,20,20,0.0,0.05,0,0
cbba,1059,default,161,20,20,71.25,0,4,59.92307692307692,34.6,0,132,612,3324,148,E3,20,20,0.0,0.05,0,0
claim,1060,default,168,20,20,80.3,3,4,66.65217391304348,41.0,65,128,23,23,0,E3,20,20,0.0,0.05,0,0
mas,1060,default,153,20,20,69.2,0,4,56.608695652173914,33.333333333333336,0,118,48,72,0,E3,20,20,0.0,0.05,0,0
mas_iterative,1060,default,151,20,20,68.15,0,4,55.73913043478261,33.0,0,110,48,72,0,E3,20,20,0.0,0.05,0,0
cbba,1060,default,157,20,20,71.3,1,4,57.108695652173914,33.0,37,122,538,2834,129,E3,20,20,0.0,0.05,0,0
claim,1061,default,181,20,20,90.55,2,4,79.35416666666667,48.333333333333336,57,101,22,22,0,E3,20,20,0.0,0.05,0,0
mas,1061,default,192,20,20,87.5,1,4,73.97916666666667,32.0,79,138,56,84,0,E3,20,20,0.0,0.05,0,0
mas_iterative,1061,default,168,20,20,80.2,0,4,68.79166666666667,31.333333333333332,0,91,48,72,0,E3,20,20,0.0,0.05,0,0
cbba,1061,default,168,20,20,80.65,1,4,68.9375,31.333333333333332,21,83,573,3047,138,E3,20,20,0.0,0.05,0,0
claim,1062,default,197,20,20,106.65,5,4,95.44067796610169,46.2,136,87,25,25,0,E3,20,20,0.0,0.05,0,0
mas,1062,default,173,20,20,88.15,1,4,78.55932203389831,35.4,29,73,48,72,0,E3,20,20,0.0,0.05,0,0
mas_iterative,1062,default,170,20,20,84.55,0,4,75.49152542372882,34.8,0,76,46,69,0,E3,20,20,0.0,0.05,0,0
cbba,1062,default,170,20,20,84.55,0,4,75.49152542372882,34.8,0,76,584,3104,141,E3,20,20,0.0,0.05,0,0
claim,1063,default,184,20,20,103.3,3,4,89.33962264150944,50.4,184,93,26,26,0,E3,20,20,0.0,0.05,0,0
mas,1063,default,156,20,20,72.5,1,4,62.20754716981132,35.6,37,119,53,80,0,E3,20,20,0.0,0.05,0,0
mas_iterative,1063,default,155,20,20,71.45,1,4,61.15094339622642,34.4,35,115,51,77,0,E3,20,20,0.0,0.05,0,0
cbba,1063,default,149,20,20,65.8,0,4,55.81132075471698,34.0,0,123,568,3054,137,E3,20,20,0.0,0.05,0,0
claim,1064,default,169,20,20,80.05,3,4,67.82142857142857,48.833333333333336,109,59,26,26,0,E3,20,20,0.0,0.05,0,0
mas,1064,default,169,20,20,75.25,2,4,63.125,46.666666666666664,44,142,48,72,0,E3,20,20,0.0,0.05,0,0
mas_iterative,1064,default,170,20,20,75.5,3,4,63.07142857142857,46.333333333333336,112,97,59,89,0,E3,20,20,0.0,0.05,0,0
cbba,1064,default,164,20,20,70.85,1,4,58.607142857142854,41.166666666666664,28,146,561,2989,135,E3,20,20,0.0,0.05,0,0
claim,1065,default,144,20,20,75.7,5,4,65.10416666666667,38.0,114,40,25,25,0,E3,20,20,0.0,0.05,0,0
mas,1065,default,133,20,20,67.65,1,4,58.229166666666664,39.333333333333336,29,80,47,71,0,E3,20,20,0.0,0.05,0,0
mas_iterative,1065,default,140,20,20,68.8,2,4,58.895833333333336,31.666666666666668,33,85,50,75,0,E3,20,20,0.0,0.05,0,0
cbba,1065,default,131,20,20,64.65,0,4,55.375,31.666666666666668,0,70,576,3094,139,E3,20,20,0.0,0.05,0,0
claim,1066,default,198,20,20,93.7,7,4,77.45454545454545,42.57142857142857,189,87,28,28,0,E3,20,20,0.0,0.05,0,0
mas,1066,default,145,20,20,75.15,2,4,62.30909090909091,37.0,16,36,52,78,0,E3,20,20,0.0,0.05,0,0
mas_iterative,1066,default,143,20,20,73.95,2,4,61.236363636363635,36.285714285714285,14,31,52,78,0,E3,20,20,0.0,0.05,0,0
cbba,1066,default,142,20,20,73.2,1,4,60.85454545454545,36.285714285714285,8,44,525,2793,126,E3,20,20,0.0,0.05,0,0
claim,1067,default,179,20,20,98.2,2,4,83.625,41.0,65,59,22,22,0,E3,20,20,0.0,0.05,0,0
mas,1067,default,183,20,20,92.8,2,4,76.27083333333333,31.0,65,81,50,75,0,E3,20,20,0.0,0.05,0,0
mas_iterative,1067,default,174,20,20,88.15,1,4,73.29166666666667,30.5,26,56,46,69,0,E3,20,20,0.0,0.05,0,0
cbba,1067,default,171,20,20,86.35,1,4,71.83333333333333,35.5,18,76,645,3509,156,E3,20,20,0.0,0.05,0,0
claim,1068,default,247,20,20,96.5,8,4,79.96296296296296,38.0,307,158,33,33,0,E3,20,20,0.0,0.05,0,0
mas,1068,default,171,20,20,82.55,3,4,70.46296296296296,34.4,41,88,54,81,0,E3,20,20,0.0,0.05,0,0
mas_iterative,1068,default,159,20,20,74.05,1,4,62.648148148148145,28.2,14,76,50,75,0,E3,20,20,0.0,0.05,0,0
cbba,1068,default,185,20,20,74.7,1,4,62.629629629629626,28.2,34,153,557,2949,134,E3,20,20,0.0,0.05,0,0
claim,1069,default,202,20,20,90.8,6,4,75.88461538461539,44.6,165,128,27,27,0,E3,20,20,0.0,0.05,0,0
mas,1069,default,155,20,20,77.95,1,4,65.42307692307692,32.0,12,75,53,80,0,E3,20,20,0.0,0.05,0,0
mas_iterative,1069,default,160,20,20,78.15,1,4,64.88461538461539,31.2,25,91,50,75,0,E3,20,20,0.0,0.05,0,0
cbba,1069,default,164,20,20,82.35,1,4,67.84615384615384,31.2,64,72,630,3458,152,E3,20,20,0.0,0.05,0,0
claim,1070,default,186,20,20,92.6,6,4,80.40983606557377,45.57142857142857,183,33,28,28,0,E3,20,20,0.0,0.05,0,0
mas,1070,default,187,20,20,86.2,4,4,74.0,41.42857142857143,107,101,54,81,0,E3,20,20,0.0,0.05,0,0
mas_iterative,1070,default,186,20,20,85.75,4,4,73.62295081967213,41.142857142857146,106,98,54,81,0,E3,20,20,0.0,0.05,0,0
cbba,1070,default,185,20,20,84.15,3,4,72.18032786885246,39.57142857142857,55,150,667,3623,161,E3,20,20,0.0,0.05,0,0
claim,1071,default,179,20,20,94.1,3,4,75.66666666666667,37.2,73,86,23,23,0,E3,20,20,0.0,0.05,0,0
mas,1071,default,202,20,20,91.55,4,4,69.66666666666667,33.6,144,107,62,93,0,E3,20,20,0.0,0.05,0,0
mas_iterative,1071,default,182,20,20,84.9,2,4,66.86274509803921,33.2,66,109,52,78,0,E3,20,20,0.0,0.05,0,0
cbba,1071,default,174,20,20,84.3,1,4,66.25490196078431,33.2,28,100,553,2983,133,E3,20,20,0.0,0.05,0,0
claim,1072,default,215,20,20,118.25,5,4,108.01818181818182,62.75,264,144,31,31,0,E3,20,20,0.0,0.05,0,0
mas,1072,default,154,20,20,78.5,2,4,71.7090909090909,40.0,58,103,56,85,0,E3,20,20,0.0,0.05,0,0
mas_iterative,1072,default,148,20,20,76.25,1,4,69.7090909090909,39.25,47,83,47,71,0,E3,20,20,0.0,0.05,0,0
cbba,1072,default,131,20,20,63.15,0,4,57.43636363636364,34.5,0,76,616,3346,149,E3,20,20,0.0,0.05,0,0
claim,1073,default,172,20,20,88.05,3,4,75.10204081632654,39.0,87,104,23,23,0,E3,20,20,0.0,0.05,0,0
mas,1073,default,153,20,20,81.2,1,4,69.71428571428571,39.0,28,79,44,66,0,E3,20,20,0.0,0.05,0,0
mas_iterative,1073,default,169,20,20,81.8,2,4,69.87755102040816,39.0,56,117,52,78,0,E3,20,20,0.0,0.05,0,0
cbba,1073,default,150,20,20,75.8,0,4,64.06122448979592,32.75,0,91,508,2644,122,E3,20,20,0.0,0.05,0,0
claim,1074,default,166,20,20,89.85,2,4,76.53846153846153,43.6,61,74,22,22,0,E3,20,20,0.0,0.05,0,0
mas,1074,default,166,20,20,89.85,2,4,76.53846153846153,43.6,61,74,44,66,0,E3,20,20,0.0,0.05,0,0
mas_iterative,1074,default,166,20,20,89.85,2,4,76.53846153846153,43.6,61,74,44,66,0,E3,20,20,0.0,0.05,0,0
cbba,1074,default,154,20,20,76.1,1,4,63.26923076923077,38.6,23,79,677,3659,164,E3,20,20,0.0,0.05,0,0
claim,1075,default,190,20,20,96.2,2,4,78.14893617021276,43.0,57,118,22,22,0,E3,20,20,0.0,0.05,0,0
mas,1075,default,185,20,20,90.85,1,4,72.7872340425532,35.666666666666664,29,120,44,66,0,E3,20,20,0.0,0.05,0,0
mas_iterative,1075,default,185,20,20,90.6,1,4,72.53191489361703,35.333333333333336,29,120,46,69,0,E3,20,20,0.0,0.05,0,0
cbba,1075,default,180,20,20,86.6,0,4,68.55319148936171,27.666666666666668,0,110,456,2338,109,E3,20,20,0.0,0.05,0,0
claim,1076,default,182,20,20,99.65,3,4,80.97916666666667,43.4,107,45,24,24,0,E3,20,20,0.0,0.05,0,0
mas,1076,default,187,20,20,86.4,0,4,69.25,32.4,0,120,48,72,0,E3,20,20,0.0,0.05,0,0
mas_iterative,1076,default,188,20,20,87.9,2,4,69.5,31.8,55,89,52,78,0,E3,20,20,0.0,0.05,0,0
cbba,1076,default,186,20,20,86.5,0,4,69.29166666666667,32.6,0,112,608,3290,147,E3,20,20,0.0,0.05,0,0
claim,1077,default,191,20,20,95.1,6,4,75.18181818181819,45.75,128,130,26,26,0,E3,20,20,0.0,0.05,0,0
mas,1077,default,161,20,20,80.9,3,4,65.85454545454546,44.375,35,84,59,89,0,E3,20,20,0.0,0.05,0,0
mas_iterative,1077,default,158,20,20,77.8,1,4,63.09090909090909,41.875,10,82,52,78,0,E3,20,20,0.0,0.05,0,0
cbba,1077,default,152,20,20,76.75,1,4,61.78181818181818,41.0,4,64,609,3255,147,E3,20,20,0.0,0.05,0,0
claim,1078,default,174,20,20,94.1,4,4,77.19565217391305,40.666666666666664,84,88,24,24,0,E3,20,20,0.0,0.05,0,0
mas,1078,default,167,20,20,82.9,2,4,67.1086956521739,40.666666666666664,60,85,52,78,0,E3,20,20,0.0,0.05,0,0
mas_iterative,1078,default,161,20,20,81.75,1,4,66.23913043478261,40.333333333333336,29,91,48,72,0,E3,20,20,0.0,0.05,0,0
cbba,1078,default,155,20,20,75.45,0,4,60.43478260869565,40.333333333333336,0,98,480,2552,115,E3,20,20,0.0,0.05,0,0
claim,1079,default,192,20,20,91.95,5,4,74.26,38.5,139,121,25,25,0,E3,20,20,0.0,0.05,0,0
mas,1079,default,154,20,20,80.2,1,4,65.02,32.0,31,68,46,69,0,E3,20,20,0.0,0.05,0,0
mas_iterative,1079,default,153,20,20,79.85,1,4,64.7,31.75,31,64,46,69,0,E3,20,20,0.0,0.05,0,0
cbba,1079,default,150,20,20,76.9,0,4,61.66,28.5,0,64,568,2994,137,E3,20,20,0.0,0.05,0,0
claim,1080,default,198,20,20,86.7,7,4,75.82222222222222,36.0,164,139,29,29,0,E3,20,20,0.0,0.05,0,0
mas,1080,default,171,20,20,77.65,3,4,66.35555555555555,35.333333333333336,93,106,59,89,0,E3,20,20,0.0,0.05,0,0
mas_iterative,1080,default,152,20,20,67.65,3,4,57.733333333333334,35.666666666666664,47,99,56,84,0,E3,20,20,0.0,0.05,0,0
cbba,1080,default,141,20,20,65.55,0,4,56.55555555555556,35.666666666666664,0,73,492,2528,118,E3,20,20,0.0,0.05,0,0
claim,1081,default,164,20,20,87.15,3,4,70.53191489361703,29.333333333333332,78,55,23,23,0,E3,20,20,0.0,0.05,0,0
mas,1081,default,154,20,20,77.8,1,4,63.276595744680854,29.333333333333332,23,78,48,72,0,E3,20,20,0.0,0.05,0,0
mas_iterative,1081,default,153,20,20,76.95,1,4,62.53191489361702,29.333333333333332,22,75,48,72,0,E3,20,20,0.0,0.05,0,0
cbba,1081,default,148,20,20,76.25,2,4,61.93617021276596,29.333333333333332,36,59,642,3476,155,E3,20,20,0.0,0.05,0,0
claim,1082,default,191,20,20,90.65,5,4,71.89583333333333,35.25,133,119,25,25,0,E3,20,20,0.0,0.05,0,0
mas,1082,default,163,20,20,82.55,1,4,65.27083333333333,28.25,24,80,50,75,0,E3,20,20,0.0,0.05,0,0
mas_iterative,1082,default,172,20,20,78.95,0,4,63.041666666666664,27.5,0,124,50,75,0,E3,20,20,0.0,0.05,0,0
cbba,1082,default,175,20,20,79.1,1,4,63.104166666666664,27.5,15,122,561,2925,135,E3,20,20,0.0,0.05,0,0
claim,1083,default,202,20,20,98.75,6,4,80.35555555555555,35.75,203,70,28,28,0,E3,20,20,0.0,0.05,0,0
mas,1083,default,171,20,20,82.85,2,4,66.82222222222222,30.0,59,61,52,78,0,E3,20,20,0.0,0.05,0,0
mas_iterative,1083,default,170,20,20,82.2,2,4,66.26666666666667,29.75,60,56,52,78,0,E3,20,20,0.0,0.05,0,0
cbba,1083,default,160,20,20,75.55,0,4,60.68888888888889,29.75,0,75,468,2470,112,E3,20,20,0.0,0.05,0,0
claim,1084,default,206,20,20,105.6,6,4,92.71428571428571,51.666666666666664,188,49,27,27,0,E3,20,20,0.0,0.05,0,0
mas,1084,default,181,20,20,86.55,2,4,74.48214285714286,37.833333333333336,65,105,48,72,0,E3,20,20,0.0,0.05,0,0
mas_iterative,1084,default,176,20,20,86.55,2,4,74.96428571428571,37.5,55,104,50,75,0,E3,20,20,0.0,0.05,0,0
cbba,1084,default,169,20,20,82.05,0,4,71.32142857142857,37.5,0,108,616,3312,149,E3,20,20,0.0,0.05,0,0
claim,1085,default,191,20,20,85.35,5,4,72.68627450980392,36.5,132,157,27,27,0,E3,20,20,0.0,0.05,0,0
mas,1085,default,159,20,20,70.45,2,4,59.490196078431374,32.0,42,106,54,81,0,E3,20,20,0.0,0.05,0,0
mas_iterative,1085,default,158,20,20,69.45,2,4,58.588235294117645,31.75,41,103,54,81,0,E3,20,20,0.0,0.05,0,0
cbba,1085,default,154,20,20,70.35,1,4,59.09803921568628,31.75,25,107,586,3152,141,E3,20,20,0.0,0.05,0,0
claim,1086,default,180,20,20,89.15,7,4,74.27083333333333,39.25,190,41,28,28,0,E3,20,20,0.0,0.05,0,0
mas,1086,default,152,20,20,71.6,0,4,59.833333333333336,34.0,0,109,48,72,0,E3,20,20,0.0,0.05,0,0
mas_iterative,1086,default,160,20,20,72.05,2,4,60.0625,33.75,28,119,50,75,0,E3,20,20,0.0,0.05,0,0
cbba,1086,default,151,20,20,70.85,0,4,59.1875,33.75,0,105,576,3128,139,E3,20,20,0.0,0.05,0,0
claim,1087,default,153,20,20,73.9,4,4,63.8780487804878,30.0,81,101,24,24,0,E3,20,20,0.0,0.05,0,0
mas,1087,default,143,20,20,64.0,0,4,55.24390243902439,30.0,0,112,52,78,0,E3,20,20,0.0,0.05,0,0
mas_iterative,1087,default,141,20,20,62.85,0,4,54.24390243902439,30.0,0,104,48,72,0,E3,20,20,0.0,0.05,0,0
cbba,1087,default,142,20,20,65.0,1,4,55.951219512195124,30.0,14,100,557,2951,134,E3,20,20,0.0,0.05,0,0
claim,1088,default,200,20,20,105.5,7,4,87.08695652173913,49.0,303,64,33,33,0,E3,20,20,0.0,0.05,0,0
mas,1088,default,152,20,20,72.0,2,4,58.630434782608695,36.25,36,125,55,83,0,E3,20,20,0.0,0.05,0,0
mas_iterative,1088,default,150,20,20,71.5,3,4,57.67391304347826,35.5,51,112,55,83,0,E3,20,20,0.0,0.05,0,0
cbba,1088,default,141,20,20,64.15,0,4,51.73913043478261,35.5,0,112,576,3082,139,E3,20,20,0.0,0.05,0,0
claim,1090,default,197,20,20,93.2,4,4,78.33333333333333,27.0,109,150,24,24,0,E3,20,20,0.0,0.05,0,0
mas,1090,default,152,20,20,71.95,0,4,60.07692307692308,27.0,0,86,44,66,0,E3,20,20,0.0,0.05,0,0
mas_iterative,1090,default,165,20,20,74.25,2,4,61.76923076923077,27.0,65,84,50,75,0,E3,20,20,0.0,0.05,0,0
cbba,1090,default,152,20,20,71.5,0,4,59.64102564102564,27.0,0,86,588,3182,142,E3,20,20,0.0,0.05,0,0
claim,1091,default,217,20,20,110.05,7,4,91.12765957446808,47.0,207,82,27,27,0,E3,20,20,0.0,0.05,0,0
mas,1091,default,176,20,20,90.6,0,4,75.17021276595744,40.0,0,84,44,66,0,E3,20,20,0.0,0.05,0,0
mas_iterative,1091,default,190,20,20,94.2,3,4,77.7872340425532,39.5,54,100,58,87,0,E3,20,20,0.0,0.05,0,0
cbba,1091,default,180,20,20,91.4,2,4,75.34042553191489,39.5,28,84,654,3512,158,E3,20,20,0.0,0.05,0,0
claim,1092,default,213,20,20,124.4,10,4,110.8076923076923,37.666666666666664,341,68,35,35,0,E3,20,20,0.0,0.05,0,0
mas,1092,default,155,20,20,84.7,3,4,76.17307692307692,37.333333333333336,74,76,54,81,0,E3,20,20,0.0,0.05,0,0
mas_iterative,1092,default,141,20,20,76.85,2,4,68.96153846153847,37.666666666666664,62,35,50,75,0,E3,20,20,0.0,0.05,0,0
cbba,1092,default,135,20,20,70.2,0,4,62.44230769230769,28.0,0,68,588,3180,142,E3,20,20,0.0,0.05,0,0
claim,1093,default,178,20,20,89.0,2,4,76.8076923076923,35.0,57,96,22,22,0,E3,20,20,0.0,0.05,0,0
mas,1093,default,168,20,20,80.3,0,4,67.57692307692308,28.0,0,110,50,75,0,E3,20,20,0.0,0.05,0,0
mas_iterative,1093,default,167,20,20,79.4,0,4,66.73076923076923,27.666666666666668,0,106,48,72,0,E3,20,20,0.0,0.05,0,0
cbba,1093,default,167,20,20,79.4,0,4,66.73076923076923,27.666666666666668,0,106,500,2630,120,E3,20,20,0.0,0.05,0,0
claim,1094,default,273,20,20,144.4,9,4,124.86792452830188,51.333333333333336,489,60,38,38,0,E3,20,20,0.0,0.05,0,0
mas,1094,default,170,20,20,83.7,0,4,72.83018867924528,30.333333333333332,0,74,50,76,0,E3,20,20,0.0,0.05,0,0
mas_iterative,1094,default,172,20,20,82.95,1,4,72.30188679245283,29.666666666666668,27,72,50,76,0,E3,20,20,0.0,0.05,0,0
cbba,1094,default,182,20,20,84.6,2,4,73.11320754716981,29.666666666666668,33,100,626,3384,151,E3,20,20,0.0,0.05,0,0
claim,1095,default,182,20,20,86.25,4,4,74.78947368421052,39.333333333333336,134,67,27,27,0,E3,20,20,0.0,0.05,0,0
mas,1095,default,164,20,20,74.35,0,4,64.35087719298245,37.5,0,130,44,66,0,E3,20,20,0.0,0.05,0,0
mas_iterative,1095,default,163,20,20,74.35,1,4,64.33333333333333,37.0,6,120,54,81,0,E3,20,20,0.0,0.05,0,0
cbba,1095,default,183,20,20,77.75,2,4,66.08771929824562,36.833333333333336,67,137,606,3200,146,E3,20,20,0.0,0.05,0,0
claim,1096,default,216,20,20,111.05,5,4,87.5625,43.2,137,121,25,25,0,E3,20,20,0.0,0.05,0,0
mas,1096,default,198,20,20,93.05,2,4,72.125,38.4,56,113,56,84,0,E3,20,20,0.0,0.05,0,0
mas_iterative,1096,default,184,20,20,88.6,1,4,69.02083333333333,37.8,44,58,55,83,0,E3,20,20,0.0,0.05,0,0
cbba,1096,default,197,20,20,90.05,2,4,69.625,37.8,44,128,610,3280,147,E3,20,20,0.0,0.05,0,0
claim,1097,default,184,20,20,92.25,2,4,73.3409090909091,38.0,57,112,22,22,0,E3,20,20,0.0,0.05,0,0
mas,1097,default,174,20,20,81.4,1,4,63.25,32.5,22,118,50,75,0,E3,20,20,0.0,0.05,0,0
mas_iterative,1097,default,174,20,20,80.5,1,4,62.45454545454545,32.25,21,119,50,75,0,E3,20,20,0.0,0.05,0,0
cbba,1097,default,167,20,20,79.15,0,4,61.61363636363637,32.25,0,100,524,2776,126,E3,20,20,0.0,0.05,0,0
claim,1098,default,198,20,20,101.1,3,4,82.49019607843137,44.166666666666664,99,95,23,23,0,E3,20,20,0.0,0.05,0,0
mas,1098,default,198,20,20,101.1,3,4,82.49019607843137,44.166666666666664,98,96,48,72,0,E3,20,20,0.0,0.05,0,0
mas_iterative,1098,default,209,20,20,102.7,4,4,83.29411764705883,44.166666666666664,139,120,54,81,0,E3,20,20,0.0,0.05,0,0
cbba,1098,default,174,20,20,87.3,1,4,71.03921568627452,36.333333333333336,12,58,581,3083,140,E3,20,20,0.0,0.05,0,0
claim,1099,default,190,20,20,100.75,6,4,83.1063829787234,39.666666666666664,149,107,27,27,0,E3,20,20,0.0,0.05,0,0
mas,1099,default,160,20,20,83.0,1,4,68.68085106382979,33.333333333333336,27,88,46,69,0,E3,20,20,0.0,0.05,0,0
mas_iterative,1099,default,154,20,20,77.15,0,4,63.4468085106383,33.0,0,88,44,66,0,E3,20,20,0.0,0.05,0,0
cbba,1099,default,163,20,20,78.95,2,4,64.08510638297872,33.0,42,95,702,3776,170,E3,20,20,0.0,0.05,0,0
claim,1101,default,204,20,20,109.0,5,4,86.75510204081633,49.8,137,76,25,25,0,E3,20,20,0.0,0.05,0,0
mas,1101,default,191,20,20,89.0,1,4,68.83673469387755,36.2,46,84,54,81,0,E3,20,20,0.0,0.05,0,0
mas_iterative,1101,default,179,20,20,87.65,0,4,67.85714285714286,35.4,0,80,50,75,0,E3,20,20,0.0,0.05,0,0
cbba,1101,default,189,20,20,88.3,1,4,68.12244897959184,35.4,39,82,573,3085,138,E3,20,20,0.0,0.05,0,0
claim,1102,default,172,20,20,85.95,2,4,76.55932203389831,51.166666666666664,59,133,22,22,0,E3,20,20,0.0,0.05,0,0
mas,1102,default,160,20,20,76.4,2,4,66.86440677966101,40.333333333333336,47,110,55,83,0,E3,20,20,0.0,0.05,0,0
mas_iterative,1102,default,170,20,20,75.9,2,4,66.30508474576271,39.666666666666664,38,143,50,75,0,E3,20,20,0.0,0.05,0,0
cbba,1102,default,160,20,20,74.35,0,4,65.0,39.666666666666664,0,136,608,3242,147,E3,20,20,0.0,0.05,0,0
claim,1103,default,206,20,20,114.65,5,4,100.77777777777777,43.5,199,100,28,28,0,E3,20,20,0.0,0.05,0,0
mas,1103,default,163,20,20,83.9,1,4,72.33333333333333,34.0,36,81,44,66,0,E3,20,20,0.0,0.05,0,0
mas_iterative,1103,default,163,20,20,83.65,1,4,72.07407407407408,33.75,36,81,46,69,0,E3,20,20,0.0,0.05,0,0
cbba,1103,default,158,20,20,76.8,0,4,65.98148148148148,33.75,0,98,588,3176,142,E3,20,20,0.0,0.05,0,0
claim,1104,default,203,20,20,92.7,5,4,75.04347826086956,34.5,161,106,25,25,0,E3,20,20,0.0,0.05,0,0
mas,1104,default,170,20,20,78.65,0,4,63.91304347826087,30.0,0,116,50,75,0,E3,20,20,0.0,0.05,0,0
mas_iterative,1104,default,177,20,20,79.4,1,4,64.43478260869566,29.75,34,121,54,81,0,E3,20,20,0.0,0.05,0,0
cbba,1104,default,175,20,20,77.75,1,4,63.28260869565217,29.75,10,136,525,2763,126,E3,20,20,0.0,0.05,0,0
claim,1106,default,253,20,20,128.6,8,4,109.16981132075472,56.8,385,90,36,36,0,E3,20,20,0.0,0.05,0,0
mas,1106,default,153,20,20,78.2,0,4,65.79245283018868,37.4,0,52,46,70,0,E3,20,20,0.0,0.05,0,0
mas_iterative,1106,default,151,20,20,77.2,0,4,64.84905660377359,36.6,0,44,48,73,0,E3,20,20,0.0,0.05,0,0
cbba,1106,default,162,20,20,79.25,1,4,65.49056603773585,36.6,28,76,661,3633,160,E3,20,20,0.0,0.05,0,0
claim,1107,default,150,20,20,76.35,3,4,67.91836734693878,47.0,91,81,23,23,0,E3,20,20,0.0,0.05,0,0
mas,1107,default,139,20,20,66.8,2,4,58.59183673469388,35.5,66,37,58,87,0,E3,20,20,0.0,0.05,0,0
mas_iterative,1107,default,135,20,20,64.3,0,4,56.69387755102041,35.0,0,84,48,72,0,E3,20,20,0.0,0.05,0,0
cbba,1107,default,140,20,20,66.15,3,4,57.83673469387755,35.0,73,24,624,3248,150,E3,20,20,0.0,0.05,0,0
claim,1108,default,183,20,20,91.8,3,4,78.61111111111111,38.2,81,103,23,23,0,E3,20,20,0.0,0.05,0,0
mas,1108,default,186,20,20,84.45,3,4,71.66666666666667,38.4,87,126,50,75,0,E3,20,20,0.0,0.05,0,0
mas_iterative,1108,default,185,20,20,84.1,3,4,71.35185185185185,38.2,86,123,50,75,0,E3,20,20,0.0,0.05,0,0
cbba,1108,default,155,20,20,73.1,1,4,61.611111111111114,38.0,11,100,605,3207,146,E3,20,20,0.0,0.05,0,0
claim,1109,default,177,20,20,86.55,7,4,70.48837209302326,33.5,137,104,27,27,0,E3,20,20,0.0,0.05,0,0
mas,1109,default,178,20,20,82.75,4,4,67.65116279069767,33.5,145,88,54,81,0,E3,20,20,0.0,0.05,0,0
mas_iterative,1109,default,171,20,20,79.6,4,4,64.65116279069767,28.0,117,73,62,93,0,E3,20,20,0.0,0.05,0,0
cbba,1109,default,143,20,20,70.1,1,4,57.651162790697676,27.5,24,52,525,2797,126,E3,20,20,0.0,0.05,0,0
claim,1110,default,179,20,20,87.95,4,4,77.39344262295081,46.714285714285715,134,66,26,26,0,E3,20,20,0.0,0.05,0,0
mas,1110,default,167,20,20,77.65,2,4,66.81967213114754,36.57142857142857,58,83,56,84,0,E3,20,20,0.0,0.05,0,0
mas_iterative,1110,default,160,20,20,75.3,1,4,65.11475409836065,36.0,15,86,52,78,0,E3,20,20,0.0,0.05,0,0
cbba,1110,default,164,20,20,76.15,1,4,65.40983606557377,36.0,38,79,549,2871,132,E3,20,20,0.0,0.05,0,0
claim,1111,default,240,20,20,105.75,10,4,82.38,42.2,428,62,36,36,0,E3,20,20,0.0,0.05,0,0
mas,1111,default,160,20,20,74.95,2,4,60.74,39.0,51,70,57,86,0,E3,20,20,0.0,0.05,0,0
mas_iterative,1111,default,159,20,20,74.0,0,4,59.92,38.6,0,112,44,66,0,E3,20,20,0.0,0.05,0,0
cbba,1111,default,159,20,20,74.0,0,4,59.92,38.6,0,112,652,3572,158,E3,20,20,0.0,0.05,0,0
claim,1112,default,279,20,20,168.85,9,4,144.7111111111111,41.0,528,82,42,42,0,E3,20,20,0.0,0.05,0,0
mas,1112,default,148,20,20,75.55,0,4,63.48888888888889,37.5,0,76,48,73,0,E3,20,20,0.0,0.05,0,0
mas_iterative,1112,default,140,20,20,74.5,0,4,62.333333333333336,37.0,0,44,46,70,0,E3,20,20,0.0,0.05,0,0
cbba,1112,default,153,20,20,80.0,2,4,65.97777777777777,37.0,79,57,667,3639,161,E3,20,20,0.0,0.05,0,0
claim,1113,default,228,20,20,109.55,8,4,85.86792452830188,43.8,277,128,31,31,0,E3,20,20,0.0,0.05,0,0
mas,1113,default,165,20,20,77.4,2,4,62.264150943396224,42.6,78,61,55,83,0,E3,20,20,0.0,0.05,0,0
mas_iterative,1113,default,161,20,20,73.85,0,4,60.0377358490566,42.0,0,111,44,66,0,E3,20,20,0.0,0.05,0,0
cbba,1113,default,169,20,20,77.05,0,4,61.58490566037736,36.6,0,119,604,3276,146,E3,20,20,0.0,0.05,0,0
claim,1114,default,200,20,20,105.75,5,4,84.6923076923077,55.833333333333336,144,79,25,25,0,E3,20,20,0.0,0.05,0,0
mas,1114,default,180,20,20,83.85,0,4,65.09615384615384,40.666666666666664,0,110,46,69,0,E3,20,20,0.0,0.05,0,0
mas_iterative,1114,default,180,20,20,84.2,1,4,65.3076923076923,39.5,8,107,46,69,0,E3,20,20,0.0,0.05,0,0
cbba,1114,default,176,20,20,84.75,2,4,66.0576923076923,41.166666666666664,24,83,646,3536,156,E3,20,20,0.0,0.05,0,0
claim,1115,default,248,20,20,108.0,8,4,84.5625,51.2,502,56,40,40,0,E3,20,20,0.0,0.05,0,0
mas,1115,default,147,20,20,65.8,1,4,52.333333333333336,35.2,5,118,50,76,0,E3,20,20,0.0,0.05,0,0
mas_iterative,1115,default,155,20,20,69.45,3,4,53.833333333333336,34.4,60,100,56,85,0,E3,20,20,0.0,0.05,0,0
cbba,1115,default,146,20,20,64.35,0,4,51.0,34.4,0,114,600,3200,145,E3,20,20,0.0,0.05,0,0
claim,1116,default,147,20,20,76.5,5,4,63.92857142857143,27.5,123,65,25,25,0,E3,20,20,0.0,0.05,0,0
mas,1116,default,138,20,20,70.05,2,4,57.23809523809524,27.5,40,92,48,72,0,E3,20,20,0.0,0.05,0,0
mas_iterative,1116,default,135,20,20,66.3,1,4,54.904761904761905,27.5,12,98,50,75,0,E3,20,20,0.0,0.05,0,0
cbba,1116,default,138,20,20,68.85,1,4,56.88095238095238,27.0,13,96,593,3143,143,E3,20,20,0.0,0.05,0,0
claim,1117,default,161,20,20,77.05,2,4,65.01886792452831,37.2,57,114,22,22,0,E3,20,20,0.0,0.05,0,0
mas,1117,default,155,20,20,72.1,2,4,59.943396226415096,32.0,32,115,48,72,0,E3,20,20,0.0,0.05,0,0
mas_iterative,1117,default,154,20,20,71.5,1,4,59.471698113207545,31.8,31,112,46,69,0,E3,20,20,0.0,0.05,0,0
cbba,1117,default,153,20,20,67.75,1,4,55.716981132075475,31.8,19,114,581,3129,140,E3,20,20,0.0,0.05,0,0
claim,1118,default,208,20,20,104.5,3,4,88.60377358490567,45.25,71,102,23,23,0,E3,20,20,0.0,0.05,0,0
mas,1118,default,195,20,20,88.7,0,4,74.0754716981132,42.25,0,133,46,69,0,E3,20,20,0.0,0.05,0,0
mas_iterative,1118,default,193,20,20,87.95,0,4,73.41509433962264,42.0,0,125,49,74,0,E3,20,20,0.0,0.05,0,0
cbba,1118,default,197,20,20,90.9,1,4,75.52830188679245,42.0,79,84,574,3080,138,E3,20,20,0.0,0.05,0,0
claim,1119,default,176,20,20,90.4,5,4,79.0204081632653,39.0,144,53,25,25,0,E3,20,20,0.0,0.05,0,0
mas,1119,default,163,20,20,84.2,2,4,73.71428571428571,37.5,56,87,50,75,0,E3,20,20,0.0,0.05,0,0
mas_iterative,1119,default,163,20,20,81.5,3,4,70.22448979591837,27.0,60,92,52,78,0,E3,20,20,0.0,0.05,0,0
cbba,1119,default,153,20,20,74.75,1,4,63.673469387755105,27.0,17,83,489,2625,117,E3,20,20,0.0,0.05,0,0
claim,1120,default,161,20,20,84.95,2,4,74.86363636363636,50.5,57,85,22,22,0,E3,20,20,0.0,0.05,0,0
mas,1120,default,148,20,20,74.4,0,4,64.54545454545455,38.5,0,82,46,69,0,E3,20,20,0.0,0.05,0,0
mas_iterative,1120,default,148,20,20,73.8,0,4,63.86363636363637,38.0,0,82,48,72,0,E3,20,20,0.0,0.05,0,0
cbba,1120,default,161,20,20,74.45,1,4,64.1590909090909,38.0,37,98,593,3097,143,E3,20,20,0.0,0.05,0,0
claim,1121,default,194,20,20,98.45,3,4,80.21739130434783,43.5,80,99,23,23,0,E3,20,20,0.0,0.05,0,0
mas,1121,default,197,20,20,96.35,5,4,77.06521739130434,37.5,140,57,54,81,0,E3,20,20,0.0,0.05,0,0
mas_iterative,1121,default,203,20,20,95.15,3,4,76.1304347826087,37.25,74,139,52,78,0,E3,20,20,0.0,0.05,0,0
cbba,1121,default,177,20,20,83.0,1,4,66.06521739130434,36.0,21,97,577,3097,139,E3,20,20,0.0,0.05,0,0
claim,1123,default,156,20,20,81.75,3,4,69.04166666666667,38.8,71,75,23,23,0,E3,20,20,0.0,0.05,0,0
mas,1123,default,157,20,20,78.7,3,4,64.4375,33.8,76,83,55,83,0,E3,20,20,0.0,0.05,0,0
mas_iterative,1123,default,154,20,20,70.85,1,4,58.8125,31.0,26,87,52,78,0,E3,20,20,0.0,0.05,0,0
cbba,1123,default,144,20,20,70.35,0,4,58.604166666666664,31.0,0,72,436,2254,104,E3,20,20,0.0,0.05,0,0
claim,1124,default,150,20,20,78.85,4,4,69.53703703703704,34.0,80,56,24,24,0,E3,20,20,0.0,0.05,0,0
mas,1124,default,152,20,20,76.45,3,4,66.83333333333333,28.333333333333332,64,91,52,78,0,E3,20,20,0.0,0.05,0,0
mas_iterative,1124,default,140,20,20,70.0,1,4,60.870370370370374,28.0,20,65,50,75,0,E3,20,20,0.0,0.05,0,0
cbba,1124,default,139,20,20,69.15,0,4,60.2037037037037,28.0,0,73,508,2708,122,E3,20,20,0.0,0.05,0,0
claim,1125,default,215,20,20,104.5,7,4,82.8936170212766,36.0,227,67,29,29,0,E3,20,20,0.0,0.05,0,0
mas,1125,default,177,20,20,80.6,2,4,63.765957446808514,28.0,28,105,56,84,0,E3,20,20,0.0,0.05,0,0
mas_iterative,1125,default,179,20,20,80.65,1,4,63.48936170212766,27.666666666666668,43,104,52,78,0,E3,20,20,0.0,0.05,0,0
cbba,1125,default,176,20,20,78.6,0,4,62.340425531914896,27.666666666666668,0,114,460,2378,110,E3,20,20,0.0,0.05,0,0
claim,1126,default,142,20,20,70.7,3,4,59.2,44.75,78,88,23,23,0,E3,20,20,0.0,0.05,0,0
mas,1126,default,131,20,20,64.25,2,4,52.46,38.25,20,84,52,78,0,E3,20,20,0.0,0.05,0,0
mas_iterative,1126,default,125,20,20,62.55,1,4,51.08,37.5,6,72,50,75,0,E3,20,20,0.0,0.05,0,0
cbba,1126,default,126,20,20,61.35,0,4,50.44,37.5,0,82,536,2866,129,E3,20,20,0.0,0.05,0,0
claim,1127,default,181,20,20,87.9,6,4,78.89795918367346,28.333333333333332,176,75,29,29,0,E3,20,20,0.0,0.05,0,0
mas,1127,default,138,20,20,70.4,1,4,63.69387755102041,28.333333333333332,18,55,54,81,0,E3,20,20,0.0,0.05,0,0
mas_iterative,1127,default,144,20,20,72.4,2,4,64.46938775510205,28.333333333333332,44,68,52,78,0,E3,20,20,0.0,0.05,0,0
cbba,1127,default,143,20,20,68.6,0,4,61.40816326530612,28.333333333333332,0,85,472,2490,113,E3,20,20,0.0,0.05,0,0
claim,1128,default,166,20,20,85.8,2,4,71.3913043478261,33.333333333333336,57,97,22,22,0,E3,20,20,0.0,0.05,0,0
mas,1128,default,154,20,20,75.85,0,4,61.891304347826086,33.333333333333336,0,105,44,66,0,E3,20,20,0.0,0.05,0,0
mas_iterative,1128,default,154,20,20,75.35,0,4,61.45652173913044,33.333333333333336,0,105,50,75,0,E3,20,20,0.0,0.05,0,0
cbba,1128,default,154,20,20,75.35,0,4,61.45652173913044,33.333333333333336,0,105,504,2638,121,E3,20,20,0.0,0.05,0,0
claim,1129,default,178,20,20,93.6,2,4,83.16326530612245,27.0,58,82,22,22,0,E3,20,20,0.0,0.05,0,0
mas,1129,default,172,20,20,87.3,1,4,77.0,27.0,28,86,44,66,0,E3,20,20,0.0,0.05,0,0
mas_iterative,1129,default,171,20,20,87.05,1,4,76.73469387755102,27.0,28,82,44,66,0,E3,20,20,0.0,0.05,0,0
cbba,1129,default,162,20,20,81.65,0,4,71.63265306122449,27.0,0,71,660,3594,160,E3,20,20,0.0,0.05,0,0
claim,1130,default,169,20,20,87.6,2,4,74.75,45.0,57,71,22,22,0,E3,20,20,0.0,0.05,0,0
mas,1130,default,163,20,20,76.05,0,4,64.23214285714286,40.2,0,112,48,72,0,E3,20,20,0.0,0.05,0,0
mas_iterative,1130,default,161,20,20,75.15,0,4,63.375,39.4,0,104,48,72,0,E3,20,20,0.0,0.05,0,0
cbba,1130,default,161,20,20,75.15,0,4,63.375,39.4,0,104,544,2912,131,E3,20,20,0.0,0.05,0,0
claim,1131,default,163,20,20,86.15,2,4,75.22033898305085,54.5,57,94,22,22,0,E3,20,20,0.0,0.05,0,0
mas,1131,default,151,20,20,75.35,0,4,64.94915254237289,46.0,0,96,50,75,0,E3,20,20,0.0,0.05,0,0
mas_iterative,1131,default,158,20,20,75.9,1,4,64.76271186440678,45.25,26,100,54,81,0,E3,20,20,0.0,0.05,0,0
cbba,1131,default,149,20,20,74.95,0,4,64.30508474576271,44.125,0,88,528,2774,127,E3,20,20,0.0,0.05,0,0
claim,1132,default,170,20,20,96.65,6,4,84.24528301886792,38.666666666666664,136,62,26,26,0,E3,20,20,0.0,0.05,0,0
mas,1132,default,165,20,20,85.4,3,4,73.88679245283019,36.333333333333336,72,98,64,97,0,E3,20,20,0.0,0.05,0,0
mas_iterative,1132,default,159,20,20,79.15,3,4,68.56603773584905,35.666666666666664,50,103,53,80,0,E3,20,20,0.0,0.05,0,0
cbba,1132,default,151,20,20,76.7,1,4,66.77358490566037,35.666666666666664,15,84,525,2803,126,E3,20,20,0.0,0.05,0,0
claim,1133,default,180,20,20,88.9,3,4,76.84905660377359,36.0,75,109,23,23,0,E3,20,20,0.0,0.05,0,0
mas,1133,default,155,20,20,73.55,0,4,63.094339622641506,35.5,0,84,44,66,0,E3,20,20,0.0,0.05,0,0
mas_iterative,1133,default,173,20,20,78.75,3,4,67.35849056603773,35.25,77,91,58,87,0,E3,20,20,0.0,0.05,0,0
cbba,1133,default,154,20,20,73.05,0,4,62.60377358490566,35.25,0,80,532,2866,128,E3,20,20,0.0,0.05,0,0
claim,1134,default,198,20,20,91.8,6,4,78.36734693877551,28.5,207,59,29,29,0,E3,20,20,0.0,0.05,0,0
mas,1134,default,163,20,20,76.8,1,4,66.10204081632654,28.5,29,104,44,66,0,E3,20,20,0.0,0.05,0,0
mas_iterative,1134,default,162,20,20,76.55,1,4,65.85714285714286,28.5,29,100,50,75,0,E3,20,20,0.0,0.05,0,0
cbba,1134,default,157,20,20,72.75,1,4,62.95918367346939,28.5,30,108,573,3059,138,E3,20,20,0.0,0.05,0,0
claim,1135,default,160,20,20,83.85,2,4,71.3125,42.0,57,41,22,22,0,E3,20,20,0.0,0.05,0,0
mas,1135,default,161,20,20,81.4,2,4,67.85416666666667,38.6,58,65,52,78,0,E3,20,20,0.0,0.05,0,0
mas_iterative,1135,default,161,20,20,80.75,2,4,67.29166666666667,38.4,59,64,48,72,0,E3,20,20,0.0,0.05,0,0
cbba,1135,default,151,20,20,73.35,1,4,61.270833333333336,32.2,11,51,653,3573,158,E3,20,20,0.0,0.05,0,0
claim,1136,default,223,20,20,126.5,9,4,107.01960784313725,60.4,310,53,31,31,0,E3,20,20,0.0,0.05,0,0
mas,1136,default,172,20,20,88.35,0,4,74.43137254901961,41.2,0,85,48,72,0,E3,20,20,0.0,0.05,0,0
mas_iterative,1136,default,170,20,20,87.35,0,4,73.49019607843137,40.4,0,77,48,72,0,E3,20,20,0.0,0.05,0,0
cbba,1136,default,170,20,20,87.9,1,4,73.70588235294117,40.4,41,37,605,3211,146,E3,20,20,0.0,0.05,0,0
claim,1137,default,200,20,20,99.4,5,4,80.08510638297872,38.75,113,138,25,25,0,E3,20,20,0.0,0.05,0,0
mas,1137,default,177,20,20,83.4,0,4,66.1063829787234,30.25,0,122,46,69,0,E3,20,20,0.0,0.05,0,0
mas_iterative,1137,default,177,20,20,82.7,0,4,65.38297872340425,29.5,0,122,46,69,0,E3,20,20,0.0,0.05,0,0
cbba,1137,default,177,20,20,82.7,0,4,65.38297872340425,29.5,0,122,668,3608,162,E3,20,20,0.0,0.05,0,0
claim,1138,default,175,20,20,84.65,3,4,74.31481481481481,37.0,101,102,23,23,0,E3,20,20,0.0,0.05,0,0
mas,1138,default,155,20,20,76.9,2,4,66.27777777777777,31.0,60,87,50,75,0,E3,20,20,0.0,0.05,0,0
mas_iterative,1138,default,155,20,20,76.5,2,4,65.88888888888889,30.75,61,86,48,72,0,E3,20,20,0.0,0.05,0,0
cbba,1138,default,148,20,20,70.95,1,4,63.01851851851852,38.75,12,91,625,3363,151,E3,20,20,0.0,0.05,0,0
claim,1139,default,176,20,20,89.65,6,4,79.61111111111111,48.0,155,82,29,29,0,E3,20,20,0.0,0.05,0,0
mas,1139,default,165,20,20,79.2,2,4,70.03703703703704,39.0,41,134,60,91,0,E3,20,20,0.0,0.05,0,0
mas_iterative,1139,default,155,20,20,73.0,1,4,64.87037037037037,38.0,8,130,53,80,0,E3,20,20,0.0,0.05,0,0
cbba,1139,default,137,20,20,74.9,1,4,65.07407407407408,38.0,18,49,509,2699,122,E3,20,20,0.0,0.05,0,0
claim,1140,default,168,20,20,82.65,2,4,68.33333333333333,36.25,57,109,22,22,0,E3,20,20,0.0,0.05,0,0
mas,1140,default,160,20,20,79.55,2,4,64.45833333333333,31.5,61,78,52,78,0,E3,20,20,0.0,0.05,0,0
mas_iterative,1140,default,158,20,20,78.7,2,4,63.854166666666664,31.25,59,72,48,72,0,E3,20,20,0.0,0.05,0,0
cbba,1140,default,147,20,20,73.5,1,4,60.145833333333336,31.25,21,47,565,3035,136,E3,20,20,0.0,0.05,0,0
claim,1141,default,192,20,20,93.35,5,4,78.49090909090908,54.0,155,58,27,27,0,E3,20,20,0.0,0.05,0,0
mas,1141,default,174,20,20,91.15,3,4,76.47272727272727,50.375,89,69,50,75,0,E3,20,20,0.0,0.05,0,0
mas_iterative,1141,default,171,20,20,87.5,2,4,72.72727272727273,47.75,57,76,48,72,0,E3,20,20,0.0,0.05,0,0
cbba,1141,default,157,20,20,78.7,0,4,65.98181818181818,42.5,0,60,488,2566,117,E3,20,20,0.0,0.05,0,0
claim,1142,default,183,20,20,92.05,2,4,78.84,40.25,57,106,22,22,0,E3,20,20,0.0,0.05,0,0
mas,1142,default,180,20,20,81.0,1,4,67.76,34.25,28,127,48,72,0,E3,20,20,0.0,0.05,0,0
mas_iterative,1142,default,154,20,20,79.0,0,4,66.56,34.0,0,50,48,72,0,E3,20,20,0.0,0.05,0,0
cbba,1142,default,154,20,20,80.15,1,4,67.32,34.0,14,43,605,3285,146,E3,20,20,0.0,0.05,0,0
claim,1143,default,185,20,20,89.25,3,4,69.37209302325581,42.0,75,109,23,23,0,E3,20,20,0.0,0.05,0,0
mas,1143,default,176,20,20,77.95,0,4,59.51162790697674,41.333333333333336,0,130,48,72,0,E3,20,20,0.0,0.05,0,0
mas_iterative,1143,default,175,20,20,77.15,0,4,58.72093023255814,40.666666666666664,0,126,48,72,0,E3,20,20,0.0,0.05,0,0
cbba,1143,default,182,20,20,77.5,1,4,58.883720930232556,40.666666666666664,34,121,541,2867,130,E3,20,20,0.0,0.05,0,0
claim,1144,default,204,20,20,118.55,4,4,97.70588235294117,56.666666666666664,207,96,28,28,0,E3,20,20,0.0,0.05,0,0
mas,1144,default,168,20,20,88.1,2,4,71.23529411764706,45.0,49,98,49,74,0,E3,20,20,0.0,0.05,0,0
mas_iterative,1144,default,161,20,20,84.3,1,4,67.94117647058823,42.5,29,81,47,71,0,E3,20,20,0.0,0.05,0,0
cbba,1144,default,169,20,20,81.15,2,4,63.88235294117647,37.5,49,103,678,3660,164,E3,20,20,0.0,0.05,0,0
claim,1145,default,170,20,20,87.8,3,4,72.625,48.375,85,93,23,23,0,E3,20,20,0.0,0.05,0,0
mas,1145,default,161,20,20,76.55,1,4,61.589285714285715,39.25,11,114,52,78,0,E3,20,20,0.0,0.05,0,0
mas_iterative,1145,default,159,20,20,75.65,1,4,60.767857142857146,38.5,9,106,52,78,0,E3,20,20,0.0,0.05,0,0
cbba,1145,default,155,20,20,75.4,1,4,60.839285714285715,38.5,9,92,545,2879,131,E3,20,20,0.0,0.05,0,0
claim,1146,default,180,20,20,93.5,3,4,83.0909090909091,46.25,101,95,24,24,0,E3,20,20,0.0,0.05,0,0
mas,1146,default,151,20,20,80.95,1,4,71.58181818181818,35.25,9,56,57,86,0,E3,20,20,0.0,0.05,0,0
mas_iterative,1146,default,164,20,20,80.65,1,4,70.81818181818181,34.5,30,86,54,81,0,E3,20,20,0.0,0.05,0,0
cbba,1146,default,148,20,20,79.4,0,4,70.2,34.5,0,46,536,2938,129,E3,20,20,0.0,0.05,0,0
claim,1147,default,177,20,20,92.55,3,4,76.42553191489361,38.666666666666664,87,76,23,23,0,E3,20,20,0.0,0.05,0,0
mas,1147,default,160,20,20,79.8,0,4,65.74468085106383,31.333333333333332,0,82,46,69,0,E3,20,20,0.0,0.05,0,0
mas_iterative,1147,default,159,20,20,79.15,0,4,65.17021276595744,31.0,0,78,46,69,0,E3,20,20,0.0,0.05,0,0
cbba,1147,default,162,20,20,81.15,1,4,65.19148936170212,29.333333333333332,22,64,633,3431,153,E3,20,20,0.0,0.05,0,0
claim,1149,default,186,20,20,91.95,7,4,78.5576923076923,40.333333333333336,201,91,28,28,0,E3,20,20,0.0,0.05,0,0
mas,1149,default,138,20,20,66.3,0,4,57.42307692307692,39.333333333333336,0,104,44,66,0,E3,20,20,0.0,0.05,0,0
mas_iterative,1149,default,138,20,20,65.8,0,4,56.90384615384615,39.0,0,104,44,66,0,E3,20,20,0.0,0.05,0,0
cbba,1149,default,138,20,20,65.8,0,4,56.90384615384615,39.0,0,104,632,3424,153,E3,20,20,0.0,0.05,0,0
claim,1150,default,175,20,20,91.2,5,4,75.02083333333333,39.6,108,116,25,25,0,E3,20,20,0.0,0.05,0,0
mas,1150,default,160,20,20,78.65,1,4,62.083333333333336,30.0,33,111,55,83,0,E3,20,20,0.0,0.05,0,0
mas_iterative,1150,default,151,20,20,73.45,0,4,58.895833333333336,29.2,0,92,51,77,0,E3,20,20,0.0,0.05,0,0
cbba,1150,default,151,20,20,73.45,0,4,58.895833333333336,29.2,0,92,508,2684,122,E3,20,20,0.0,0.05,0,0
claim,1152,default,192,20,20,96.3,5,4,79.6875,42.75,148,98,26,26,0,E3,20,20,0.0,0.05,0,0
mas,1152,default,167,20,20,83.0,1,4,69.14583333333333,36.5,29,86,46,69,0,E3,20,20,0.0,0.05,0,0
mas_iterative,1152,default,166,20,20,82.55,1,4,68.72916666666667,36.25,29,82,46,69,0,E3,20,20,0.0,0.05,0,0
cbba,1152,default,170,20,20,80.65,1,4,65.3125,31.75,33,102,613,3307,148,E3,20,20,0.0,0.05,0,0
claim,1153,default,227,20,20,118.5,6,4,99.98113207547169,46.2,205,106,28,28,0,E3,20,20,0.0,0.05,0,0
mas,1153,default,188,20,20,87.7,0,4,74.32075471698113,41.6,0,138,46,69,0,E3,20,20,0.0,0.05,0,0
mas_iterative,1153,default,185,20,20,86.75,0,4,73.69811320754717,41.2,0,126,46,69,0,E3,20,20,0.0,0.05,0,0
cbba,1153,default,188,20,20,87.1,1,4,73.67924528301887,41.2,41,98,585,3091,141,E3,20,20,0.0,0.05,0,0
claim,1155,default,213,20,20,96.9,7,4,73.5625,40.0,243,105,30,30,0,E3,20,20,0.0,0.05,0,0
mas,1155,default,171,20,20,79.65,1,4,61.104166666666664,30.0,5,94,50,75,0,E3,20,20,0.0,0.05,0,0
mas_iterative,1155,default,170,20,20,78.75,1,4,60.270833333333336,29.4,5,90,46,69,0,E3,20,20,0.0,0.05,0,0
cbba,1155,default,165,20,20,75.95,1,4,58.4375,33.4,26,86,685,3719,166,E3,20,20,0.0,0.05,0,0
claim,1156,default,212,20,20,118.05,5,4,106.12765957446808,30.0,203,100,28,28,0,E3,20,20,0.0,0.05,0,0
mas,1156,default,185,20,20,96.2,4,4,83.38297872340425,29.0,118,86,61,92,0,E3,20,20,0.0,0.05,0,0
mas_iterative,1156,default,182,20,20,88.35,5,4,77.08510638297872,29.0,79,104,57,86,0,E3,20,20,0.0,0.05,0,0
cbba,1156,default,159,20,20,80.75,0,4,70.55319148936171,29.0,0,72,500,2626,120,E3,20,20,0.0,0.05,0,0
claim,1157,default,177,20,20,98.45,4,4,84.02083333333333,35.666666666666664,101,76,26,26,0,E3,20,20,0.0,0.05,0,0
mas,1157,default,160,20,20,84.2,1,4,70.70833333333333,35.666666666666664,29,76,49,74,0,E3,20,20,0.0,0.05,0,0
mas_iterative,1157,default,158,20,20,84.7,1,4,71.89583333333333,40.666666666666664,29,64,48,72,0,E3,20,20,0.0,0.05,0,0
cbba,1157,default,156,20,20,81.0,1,4,67.83333333333333,29.666666666666668,18,69,593,3257,143,E3,20,20,0.0,0.05,0,0
claim,1000,default,166,20,20,86.15,5,4,72.17391304347827,32.0,131,106,28,28,0,E3,20,20,0.0,0.1,0,0
mas,1000,default,152,20,20,79.65,6,4,66.28260869565217,32.0,158,45,66,99,0,E3,20,20,0.0,0.1,0,0
mas_iterative,1000,default,147,20,20,70.55,2,4,58.21739130434783,27.333333333333332,36,64,52,78,0,E3,20,20,0.0,0.1,0,0
cbba,1000,default,158,20,20,72.25,3,4,58.95652173913044,27.333333333333332,59,103,631,3381,152,E3,20,20,0.0,0.1,0,0
claim,1001,default,166,20,20,81.15,2,4,71.44642857142857,40.4,61,99,22,22,0,E3,20,20,0.0,0.1,0,0
mas,1001,default,140,20,20,70.7,0,4,61.714285714285715,36.2,0,57,48,72,0,E3,20,20,0.0,0.1,0,0
mas_iterative,1001,default,139,20,20,69.8,0,4,60.910714285714285,35.8,0,53,50,75,0,E3,20,20,0.0,0.1,0,0
cbba,1001,default,151,20,20,73.8,2,4,63.607142857142854,35.8,55,63,615,3275,148,E3,20,20,0.0,0.1,0,0
claim,1002,default,178,20,20,88.3,2,4,72.71739130434783,47.0,61,122,22,22,0,E3,20,20,0.0,0.1,0,0
mas,1002,default,174,20,20,81.9,1,4,65.34782608695652,35.75,30,139,52,78,0,E3,20,20,0.0,0.1,0,0
mas_iterative,1002,default,168,20,20,79.5,1,4,63.45652173913044,34.75,17,123,48,72,0,E3,20,20,0.0,0.1,0,0
cbba,1002,default,164,20,20,80.6,3,4,64.21739130434783,34.75,46,94,695,3769,168,E3,20,20,0.0,0.1,0,0
claim,1003,default,157,20,20,80.9,5,4,64.4375,44.5,99,84,25,25,0,E3,20,20,0.0,0.1,0,0
mas,1003,default,168,20,20,80.2,5,4,64.4375,44.5,106,115,54,81,0,E3,20,20,0.0,0.1,0,0
mas_iterative,1003,default,168,20,20,80.1,5,4,64.39583333333333,44.5,108,113,54,81,0,E3,20,20,0.0,0.1,0,0
cbba,1003,default,152,20,20,72.0,2,4,57.0,37.666666666666664,27,103,578,3060,139,E3,20,20,0.0,0.1,0,0
claim,1004,default,201,20,20,98.75,6,4,85.1063829787234,40.0,194,92,28,28,0,E3,20,20,0.0,0.1,0,0
mas,1004,default,159,20,20,78.1,1,4,66.53191489361703,29.333333333333332,22,91,52,78,0,E3,20,20,0.0,0.1,0,0
mas_iterative,1004,default,158,20,20,77.35,1,4,65.7872340425532,29.0,24,85,52,78,0,E3,20,20,0.0,0.1,0,0
cbba,1004,default,163,20,20,79.25,1,4,66.53191489361703,29.0,35,98,637,3443,154,E3,20,20,0.0,0.1,0,0
claim,1005,default,160,20,20,79.0,6,4,70.10909090909091,47.666666666666664,114,47,27,27,0,E3,20,20,0.0,0.1,0,0
mas,1005,default,147,20,20,67.75,1,4,60.018181818181816,38.666666666666664,18,140,50,75,0,E3,20,20,0.0,0.1,0,0
mas_iterative,1005,default,142,20,20,65.8,1,4,57.90909090909091,38.0,6,127,46,69,0,E3,20,20,0.0,0.1,0,0
cbba,1005,default,156,20,20,72.7,4,4,62.78181818181818,38.0,88,109,740,3946,179,E3,20,20,0.0,0.1,0,0
claim,1006,default,184,20,20,99.0,6,4,82.02564102564102,38.0,183,104,29,29,0,E3,20,20,0.0,0.1,0,0
mas,1006,default,150,20,20,68.95,0,4,57.35897435897436,29.0,0,103,46,69,0,E3,20,20,0.0,0.1,0,0
mas_iterative,1006,default,149,20,20,68.3,0,4,56.743589743589745,28.5,0,99,46,69,0,E3,20,20,0.0,0.1,0,0
cbba,1006,default,149,20,20,68.45,1,4,56.82051282051282,28.5,13,97,625,3301,151,E3,20,20,0.0,0.1,0,0
claim,1007,default,142,20,20,80.1,4,4,70.24444444444444,33.0,87,43,24,24,0,E3,20,20,0.0,0.1,0,0
mas,1007,default,120,20,20,71.2,2,4,63.022222222222226,33.0,35,52,50,75,0,E3,20,20,0.0,0.1,0,0
mas_iterative,1007,default,119,20,20,70.65,2,4,62.48888888888889,33.0,36,47,50,75,0,E3,20,20,0.0,0.1,0,0
cbba,1007,default,123,20,20,67.45,0,4,59.044444444444444,28.0,0,73,508,2696,122,E3,20,20,0.0,0.1,0,0
claim,1008,default,206,20,20,102.55,8,4,87.98,36.25,270,39,30,30,0,E3,20,20,0.0,0.1,0,0
mas,1008,default,167,20,20,87.6,3,4,75.7,30.5,55,62,52,78,0,E3,20,20,0.0,0.1,0,0
mas_iterative,1008,default,166,20,20,86.85,2,4,75.02,30.25,41,63,50,75,0,E3,20,20,0.0,0.1,0,0
cbba,1008,default,158,20,20,79.4,1,4,68.36,30.25,14,56,673,3599,163,E3,20,20,0.0,0.1,0,0
claim,1009,default,215,20,20,107.5,7,4,87.8936170212766,33.333333333333336,257,45,32,32,0,E3,20,20,0.0,0.1,0,0
mas,1009,default,186,20,20,98.7,4,4,82.38297872340425,33.333333333333336,99,61,54,81,0,E3,20,20,0.0,0.1,0,0
mas_iterative,1009,default,185,20,20,98.3,4,4,82.04255319148936,33.333333333333336,99,57,54,81,0,E3,20,20,0.0,0.1,0,0
cbba,1009,default,175,20,20,85.25,1,4,70.02127659574468,27.333333333333332,6,82,566,3008,136,E3,20,20,0.0,0.1,0,0
claim,1010,default,246,20,20,122.1,10,4,104.79245283018868,57.6,431,83,35,35,0,E3,20,20,0.0,0.1,0,0
mas,1010,default,180,20,20,80.2,4,4,66.86792452830188,37.8,125,105,58,88,0,E3,20,20,0.0,0.1,0,0
mas_iterative,1010,default,158,20,20,76.65,5,4,64.71698113207547,37.0,74,86,58,88,0,E3,20,20,0.0,0.1,0,0
cbba,1010,default,147,20,20,72.85,2,4,61.77358490566038,37.0,18,71,678,3664,164,E3,20,20,0.0,0.1,0,0
claim,1011,default,176,20,20,84.0,4,4,69.70370370370371,39.4,81,144,24,24,0,E3,20,20,0.0,0.1,0,0
mas,1011,default,162,20,20,77.55,3,4,64.05555555555556,37.2,46,124,50,75,0,E3,20,20,0.0,0.1,0,0
mas_iterative,1011,default,170,20,20,78.4,4,4,64.46296296296296,37.0,62,144,54,81,0,E3,20,20,0.0,0.1,0,0
cbba,1011,default,163,20,20,73.75,2,4,60.111111111111114,33.0,22,135,594,3134,143,E3,20,20,0.0,0.1,0,0
claim,1012,default,159,20,20,78.15,4,4,70.28301886792453,40.2,71,125,24,24,0,E3,20,20,0.0,0.1,0,0
mas,1012,default,150,20,20,72.6,2,4,64.62264150943396,35.0,38,115,48,72,0,E3,20,20,0.0,0.1,0,0
mas_iterative,1012,default,161,20,20,73.95,3,4,65.37735849056604,34.8,62,146,52,78,0,E3,20,20,0.0,0.1,0,0
cbba,1012,default,152,20,20,67.6,3,4,59.37735849056604,34.8,61,128,756,4078,183,E3,20,20,0.0,0.1,0,0
claim,1013,default,176,20,20,84.3,3,4,76.92682926829268,nan,75,134,23,23,0,E3,20,20,0.0,0.1,0,0
mas,1013,default,170,20,20,77.45,1,4,70.04878048780488,nan,28,142,55,83,0,E3,20,20,0.0,0.1,0,0
mas_iterative,1013,default,165,20,20,72.2,0,4,64.6829268292683,nan,0,143,48,72,0,E3,20,20,0.0,0.1,0,0
cbba,1013,default,165,20,20,72.2,0,4,64.6829268292683,nan,0,143,548,2890,132,E3,20,20,0.0,0.1,0,0
claim,1014,default,237,20,20,95.9,8,4,78.6,28.5,389,73,38,38,0,E3,20,20,0.0,0.1,0,0
mas,1014,default,191,20,20,88.3,5,4,75.22,28.5,124,121,54,81,0,E3,20,20,0.0,0.1,0,0
mas_iterative,1014,default,174,20,20,85.85,4,4,73.36,28.5,115,78,59,89,0,E3,20,20,0.0,0.1,0,0
cbba,1014,default,164,20,20,74.55,1,4,62.46,28.0,5,102,561,3017,135,E3,20,20,0.0,0.1,0,0
claim,1015,default,189,20,20,97.05,4,4,85.78,34.0,116,99,24,24,0,E3,20,20,0.0,0.1,0,0
mas,1015,default,178,20,20,85.4,2,4,75.68,34.0,72,92,60,90,0,E3,20,20,0.0,0.1,0,0
mas_iterative,1015,default,193,20,20,84.55,2,4,74.94,34.0,84,128,57,86,0,E3,20,20,0.0,0.1,0,0
cbba,1015,default,185,20,20,87.65,3,4,76.88,34.0,88,87,651,3479,157,E3,20,20,0.0,0.1,0,0
claim,1016,default,153,20,20,79.25,6,4,64.08,39.833333333333336,133,81,26,26,0,E3,20,20,0.0,0.1,0,0
mas,1016,default,127,20,20,63.05,0,4,51.58,35.666666666666664,0,92,48,72,0,E3,20,20,0.0,0.1,0,0
mas_iterative,1016,default,126,20,20,62.15,0,4,50.76,35.166666666666664,0,88,48,72,0,E3,20,20,0.0,0.1,0,0
cbba,1016,default,126,20,20,62.15,0,4,50.76,35.166666666666664,0,88,604,3194,146,E3,20,20,0.0,0.1,0,0
claim,1017,default,184,20,20,90.6,5,4,79.11538461538461,41.666666666666664,136,129,27,27,0,E3,20,20,0.0,0.1,0,0
mas,1017,default,167,20,20,76.25,3,4,65.88461538461539,36.333333333333336,49,140,56,84,0,E3,20,20,0.0,0.1,0,0
mas_iterative,1017,default,153,20,20,73.3,2,4,63.69230769230769,36.0,27,104,52,78,0,E3,20,20,0.0,0.1,0,0
cbba,1017,default,140,20,20,72.4,1,4,62.01923076923077,36.0,30,53,637,3407,154,E3,20,20,0.0,0.1,0,0
claim,1018,default,219,20,20,106.85,5,4,84.38636363636364,32.666666666666664,128,142,25,25,0,E3,20,20,0.0,0.1,0,0
mas,1018,default,211,20,20,105.0,4,4,81.8409090909091,32.666666666666664,154,69,56,84,0,E3,20,20,0.0,0.1,0,0
mas_iterative,1018,default,200,20,20,99.65,4,4,77.5909090909091,32.666666666666664,98,80,52,78,0,E3,20,20,0.0,0.1,0,0
cbba,1018,default,197,20,20,93.6,2,4,72.31818181818181,32.666666666666664,48,115,606,3284,146,E3,20,20,0.0,0.1,0,0
claim,1019,default,163,20,20,88.15,2,4,77.2156862745098,32.0,59,43,22,22,0,E3,20,20,0.0,0.1,0,0
mas,1019,default,172,20,20,78.8,1,4,68.3529411764706,32.0,41,106,48,72,0,E3,20,20,0.0,0.1,0,0
mas_iterative,1019,default,155,20,20,76.6,0,4,66.41176470588235,32.0,0,69,44,66,0,E3,20,20,0.0,0.1,0,0
cbba,1019,default,172,20,20,79.7,3,4,68.76470588235294,32.0,72,88,640,3434,154,E3,20,20,0.0,0.1,0,0
claim,1020,default,220,20,20,104.15,6,4,84.67391304347827,28.5,242,88,32,32,0,E3,20,20,0.0,0.1,0,0
mas,1020,default,209,20,20,96.9,6,4,79.91304347826087,28.5,156,134,56,84,0,E3,20,20,0.0,0.1,0,0
mas_iterative,1020,default,191,20,20,94.0,6,4,77.73913043478261,28.5,97,138,60,90,0,E3,20,20,0.0,0.1,0,0
cbba,1020,default,175,20,20,83.85,0,4,69.04347826086956,28.5,0,122,572,3048,138,E3,20,20,0.0,0.1,0,0
claim,1021,default,180,20,20,90.05,6,4,74.73913043478261,35.666666666666664,147,95,26,26,0,E3,20,20,0.0,0.1,0,0
mas,1021,default,157,20,20,78.35,2,4,65.23913043478261,35.666666666666664,42,82,50,75,0,E3,20,20,0.0,0.1,0,0
mas_iterative,1021,default,158,20,20,74.3,2,4,59.69565217391305,28.333333333333332,42,89,52,78,0,E3,20,20,0.0,0.1,0,0
cbba,1021,default,146,20,20,71.65,1,4,59.23913043478261,28.333333333333332,14,58,601,3235,145,E3,20,20,0.0,0.1,0,0
claim,1022,default,172,20,20,94.25,5,4,81.54901960784314,41.5,101,44,25,25,0,E3,20,20,0.0,0.1,0,0
mas,1022,default,166,20,20,76.75,2,4,64.90196078431373,41.5,31,107,54,81,0,E3,20,20,0.0,0.1,0,0
mas_iterative,1022,default,147,20,20,75.05,1,4,63.78431372549019,41.0,10,51,50,75,0,E3,20,20,0.0,0.1,0,0
cbba,1022,default,157,20,20,78.0,3,4,65.82352941176471,36.25,17,46,623,3321,150,E3,20,20,0.0,0.1,0,0
claim,1023,default,238,20,20,123.0,7,4,105.31372549019608,38.0,260,141,30,30,0,E3,20,20,0.0,0.1,0,0
mas,1023,default,202,20,20,103.3,5,4,86.7843137254902,33.333333333333336,150,111,61,92,0,E3,20,20,0.0,0.1,0,0
mas_iterative,1023,default,200,20,20,95.65,4,4,80.66666666666667,33.333333333333336,104,118,50,75,0,E3,20,20,0.0,0.1,0,0
cbba,1023,default,189,20,20,90.1,4,4,75.0,29.0,64,120,764,4184,185,E3,20,20,0.0,0.1,0,0
claim,1024,default,221,20,20,130.25,5,4,114.34693877551021,54.333333333333336,255,113,30,30,0,E3,20,20,0.0,0.1,0,0
mas,1024,default,165,20,20,80.3,0,4,69.79591836734694,29.666666666666668,0,94,46,70,0,E3,20,20,0.0,0.1,0,0
mas_iterative,1024,default,164,20,20,83.3,2,4,70.77551020408163,29.0,71,38,58,88,0,E3,20,20,0.0,0.1,0,0
cbba,1024,default,168,20,20,80.35,1,4,69.14285714285714,29.0,33,74,621,3261,150,E3,20,20,0.0,0.1,0,0
claim,1025,default,184,20,20,87.0,6,4,70.79591836734694,40.5,204,76,27,27,0,E3,20,20,0.0,0.1,0,0
mas,1025,default,144,20,20,70.4,2,4,56.6530612244898,34.0,54,66,52,78,0,E3,20,20,0.0,0.1,0,0
mas_iterative,1025,default,149,20,20,69.95,1,4,56.08163265306123,33.5,64,78,52,78,0,E3,20,20,0.0,0.1,0,0
cbba,1025,default,145,20,20,66.5,1,4,53.734693877551024,37.5,31,114,633,3365,153,E3,20,20,0.0,0.1,0,0
claim,1026,default,191,20,20,104.2,6,4,88.0377358490566,46.833333333333336,150,58,27,27,0,E3,20,20,0.0,0.1,0,0
mas,1026,default,163,20,20,89.0,1,4,75.52830188679245,39.833333333333336,28,44,44,66,0,E3,20,20,0.0,0.1,0,0
mas_iterative,1026,default,163,20,20,88.7,1,4,75.26415094339623,39.666666666666664,28,44,48,72,0,E3,20,20,0.0,0.1,0,0
cbba,1026,default,150,20,20,81.2,0,4,68.79245283018868,40.833333333333336,0,34,544,2894,131,E3,20,20,0.0,0.1,0,0
claim,1027,default,227,20,20,127.25,7,4,107.27659574468085,54.5,255,138,32,32,0,E3,20,20,0.0,0.1,0,0
mas,1027,default,177,20,20,85.2,1,4,68.87234042553192,33.0,22,126,50,76,0,E3,20,20,0.0,0.1,0,0
mas_iterative,1027,default,170,20,20,80.55,0,4,65.31914893617021,32.25,0,110,52,79,0,E3,20,20,0.0,0.1,0,0
cbba,1027,default,170,20,20,80.55,0,4,65.31914893617021,32.25,0,110,568,3008,137,E3,20,20,0.0,0.1,0,0
claim,1028,default,260,20,20,152.05,7,4,129.5,43.0,358,111,34,34,0,E3,20,20,0.0,0.1,0,0
mas,1028,default,171,20,20,85.9,0,4,69.22727272727273,28.5,0,94,48,73,0,E3,20,20,0.0,0.1,0,0
mas_iterative,1028,default,169,20,20,85.75,1,4,68.63636363636364,27.5,24,75,54,82,0,E3,20,20,0.0,0.1,0,0
cbba,1028,default,184,20,20,94.65,3,4,75.31818181818181,27.5,93,88,685,3713,165,E3,20,20,0.0,0.1,0,0
claim,1030,default,178,20,20,89.95,4,4,73.85714285714286,43.5,107,111,25,25,0,E3,20,20,0.0,0.1,0,0
mas,1030,default,158,20,20,76.7,3,4,60.92857142857143,34.0,62,78,54,81,0,E3,20,20,0.0,0.1,0,0
mas_iterative,1030,default,161,20,20,75.7,3,4,59.69047619047619,33.5,60,100,54,81,0,E3,20,20,0.0,0.1,0,0
cbba,1030,default,154,20,20,71.3,0,4,57.285714285714285,33.5,0,98,568,3010,137,E3,20,20,0.0,0.1,0,0
claim,1031,default,230,20,20,109.35,10,4,89.18181818181819,46.714285714285715,288,141,33,33,0,E3,20,20,0.0,0.1,0,0
mas,1031,default,183,20,20,89.35,5,4,73.92727272727272,38.857142857142854,131,69,57,86,0,E3,20,20,0.0,0.1,0,0
mas_iterative,1031,default,180,20,20,89.05,3,4,72.74545454545455,38.285714285714285,88,104,54,81,0,E3,20,20,0.0,0.1,0,0
cbba,1031,default,164,20,20,77.85,0,4,64.25454545454545,34.857142857142854,0,92,588,3192,142,E3,20,20,0.0,0.1,0,0
claim,1032,default,191,20,20,99.6,6,4,82.7872340425532,34.0,150,102,28,28,0,E3,20,20,0.0,0.1,0,0
mas,1032,default,171,20,20,83.95,5,4,68.85106382978724,34.0,118,71,60,90,0,E3,20,20,0.0,0.1,0,0
mas_iterative,1032,default,165,20,20,78.75,3,4,64.08510638297872,33.5,45,108,57,86,0,E3,20,20,0.0,0.1,0,0
cbba,1032,default,156,20,20,78.95,3,4,63.97872340425532,33.5,68,73,608,3330,146,E3,20,20,0.0,0.1,0,0
claim,1033,default,190,20,20,99.45,4,4,84.85185185185185,50.4,107,49,24,24,0,E3,20,20,0.0,0.1,0,0
mas,1033,default,189,20,20,86.2,2,4,72.35185185185185,45.6,59,117,52,78,0,E3,20,20,0.0,0.1,0,0
mas_iterative,1033,default,179,20,20,85.95,2,4,72.81481481481481,45.0,71,66,60,90,0,E3,20,20,0.0,0.1,0,0
cbba,1033,default,183,20,20,86.65,1,4,73.33333333333333,45.0,66,77,586,3122,141,E3,20,20,0.0,0.1,0,0
claim,1034,default,191,20,20,95.1,4,4,76.11111111111111,48.5,84,100,24,24,0,E3,20,20,0.0,0.1,0,0
mas,1034,default,174,20,20,86.3,2,4,68.22222222222223,37.5,32,77,48,72,0,E3,20,20,0.0,0.1,0,0
mas_iterative,1034,default,174,20,20,85.8,1,4,67.73333333333333,37.0,31,77,48,72,0,E3,20,20,0.0,0.1,0,0
cbba,1034,default,167,20,20,80.6,0,4,62.55555555555556,27.5,0,70,588,3144,142,E3,20,20,0.0,0.1,0,0
claim,1035,default,182,20,20,92.3,5,4,80.37037037037037,38.6,119,88,25,25,0,E3,20,20,0.0,0.1,0,0
mas,1035,default,190,20,20,94.8,6,4,83.0,38.6,122,102,52,78,0,E3,20,20,0.0,0.1,0,0
mas_iterative,1035,default,190,20,20,94.8,6,4,83.0,38.6,122,102,52,78,0,E3,20,20,0.0,0.1,0,0
cbba,1035,default,160,20,20,75.3,2,4,64.77777777777777,33.4,55,55,666,3554,161,E3,20,20,0.0,0.1,0,0
claim,1036,default,247,20,20,115.8,8,4,93.48979591836735,44.5,360,42,35,35,0,E3,20,20,0.0,0.1,0,0
mas,1036,default,188,20,20,98.6,3,4,80.16326530612245,37.75,78,59,48,72,0,E3,20,20,0.0,0.1,0,0
mas_iterative,1036,default,188,20,20,98.5,3,4,80.0204081632653,37.5,79,58,48,72,0,E3,20,20,0.0,0.1,0,0
cbba,1036,default,198,20,20,91.2,1,4,73.16326530612245,35.25,41,133,521,2767,125,E3,20,20,0.0,0.1,0,0
claim,1037,default,215,20,20,97.65,4,4,75.93478260869566,43.2,199,99,28,28,0,E3,20,20,0.0,0.1,0,0
mas,1037,default,188,20,20,96.15,3,4,75.1086956521739,39.0,85,104,52,78,0,E3,20,20,0.0,0.1,0,0
mas_iterative,1037,default,187,20,20,95.15,2,4,74.41304347826087,38.8,65,107,50,75,0,E3,20,20,0.0,0.1,0,0
cbba,1037,default,181,20,20,88.15,2,4,67.95652173913044,33.8,30,116,578,3128,139,E3,20,20,0.0,0.1,0,0
claim,1038,default,176,20,20,88.8,3,4,75.91379310344827,47.0,81,92,23,23,0,E3,20,20,0.0,0.1,0,0
mas,1038,default,184,20,20,86.65,3,4,73.36206896551724,45.0,90,107,52,78,0,E3,20,20,0.0,0.1,0,0
mas_iterative,1038,default,171,20,20,80.45,3,4,67.74137931034483,45.0,77,79,54,81,0,E3,20,20,0.0,0.1,0,0
cbba,1038,default,163,20,20,79.55,1,4,66.70689655172414,42.333333333333336,34,78,625,3453,151,E3,20,20,0.0,0.1,0,0
claim,1039,default,211,20,20,99.2,6,4,81.92857142857143,39.666666666666664,164,141,27,27,0,E3,20,20,0.0,0.1,0,0
mas,1039,default,182,20,20,85.8,2,4,71.75,36.333333333333336,42,118,52,78,0,E3,20,20,0.0,0.1,0,0
mas_iterative,1039,default,176,20,20,80.15,1,4,66.48214285714286,32.5,12,117,50,75,0,E3,20,20,0.0,0.1,0,0
cbba,1039,default,172,20,20,77.55,0,4,64.625,32.5,0,116,620,3320,150,E3,20,20,0.0,0.1,0,0
claim,1040,default,176,20,20,93.5,4,4,84.12244897959184,46.0,92,106,24,24,0,E3,20,20,0.0,0.1,0,0
mas,1040,default,163,20,20,82.3,3,4,71.40816326530613,50.5,92,39,60,90,0,E3,20,20,0.0,0.1,0,0
mas_iterative,1040,default,163,20,20,80.6,3,4,69.79591836734694,50.0,78,62,56,84,0,E3,20,20,0.0,0.1,0,0
cbba,1040,default,158,20,20,83.85,2,4,71.61224489795919,49.0,66,57,615,3295,148,E3,20,20,0.0,0.1,0,0
claim,1041,default,182,20,20,88.6,4,4,72.56,36.5,130,67,26,26,0,E3,20,20,0.0,0.1,0,0
mas,1041,default,155,20,20,76.3,0,4,62.06,31.0,0,86,50,75,0,E3,20,20,0.0,0.1,0,0
mas_iterative,1041,default,169,20,20,79.85,3,4,64.14,30.75,60,101,56,84,0,E3,20,20,0.0,0.1,0,0
cbba,1041,default,152,20,20,76.7,2,4,62.22,30.75,33,69,622,3326,150,E3,20,20,0.0,0.1,0,0
claim,1042,default,176,20,20,88.1,5,4,72.84615384615384,38.2,122,100,25,25,0,E3,20,20,0.0,0.1,0,0
mas,1042,default,169,20,20,76.35,3,4,61.90384615384615,33.4,93,96,56,84,0,E3,20,20,0.0,0.1,0,0
mas_iterative,1042,default,175,20,20,75.05,3,4,59.0,28.6,93,120,58,87,0,E3,20,20,0.0,0.1,0,0
cbba,1042,default,168,20,20,71.75,1,4,57.67307692307692,28.6,24,155,718,3866,174,E3,20,20,0.0,0.1,0,0
claim,1043,default,195,20,20,93.3,8,4,72.34210526315789,31.0,170,132,31,31,0,E3,20,20,0.0,0.1,0,0
mas,1043,default,173,20,20,77.3,4,4,59.5,31.0,74,102,54,81,0,E3,20,20,0.0,0.1,0,0
mas_iterative,1043,default,164,20,20,77.1,2,4,58.973684210526315,31.0,44,97,48,72,0,E3,20,20,0.0,0.1,0,0
cbba,1043,default,154,20,20,72.95,1,4,56.60526315789474,31.0,31,50,701,3773,170,E3,20,20,0.0,0.1,0,0
claim,1044,default,163,20,20,86.4,2,4,76.28,45.5,57,84,22,22,0,E3,20,20,0.0,0.1,0,0
mas,1044,default,154,20,20,76.65,1,4,66.74,40.0,12,89,50,75,0,E3,20,20,0.0,0.1,0,0
mas_iterative,1044,default,154,20,20,75.9,1,4,66.0,39.5,12,89,50,75,0,E3,20,20,0.0,0.1,0,0
cbba,1044,default,153,20,20,74.05,0,4,64.5,39.5,0,92,552,2910,133,E3,20,20,0.0,0.1,0,0
claim,1045,default,200,20,20,95.25,2,4,78.53846153846153,39.0,57,117,22,22,0,E3,20,20,0.0,0.1,0,0
mas,1045,default,188,20,20,83.3,0,4,68.92307692307692,32.25,0,125,48,72,0,E3,20,20,0.0,0.1,0,0
mas_iterative,1045,default,176,20,20,84.7,1,4,70.21153846153847,32.0,34,58,54,81,0,E3,20,20,0.0,0.1,0,0
cbba,1045,default,206,20,20,86.55,2,4,70.57692307692308,32.0,115,100,640,3366,154,E3,20,20,0.0,0.1,0,0
claim,1046,default,215,20,20,117.5,7,4,101.22641509433963,57.4,226,74,31,31,0,E3,20,20,0.0,0.1,0,0
mas,1046,default,177,20,20,83.05,2,4,70.0377358490566,35.0,26,104,54,82,0,E3,20,20,0.0,0.1,0,0
mas_iterative,1046,default,176,20,20,82.2,2,4,69.20754716981132,34.4,28,98,54,82,0,E3,20,20,0.0,0.1,0,0
cbba,1046,default,172,20,20,79.5,1,4,66.75471698113208,33.8,45,78,594,3128,143,E3,20,20,0.0,0.1,0,0
claim,1047,default,158,20,20,84.55,4,4,71.4,43.0,91,112,24,24,0,E3,20,20,0.0,0.1,0,0
mas,1047,default,145,20,20,75.45,1,4,63.333333333333336,31.0,29,99,44,66,0,E3,20,20,0.0,0.1,0,0
mas_iterative,1047,default,144,20,20,75.15,1,4,63.044444444444444,30.5,29,95,44,66,0,E3,20,20,0.0,0.1,0,0
cbba,1047,default,136,20,20,73.85,3,4,60.62222222222222,28.0,51,50,696,3674,168,E3,20,20,0.0,0.1,0,0
claim,1048,default,225,20,20,124.6,6,4,109.8936170212766,56.0,230,82,29,29,0,E3,20,20,0.0,0.1,0,0
mas,1048,default,170,20,20,87.7,2,4,76.72340425531915,45.0,49,87,53,80,0,E3,20,20,0.0,0.1,0,0
mas_iterative,1048,default,171,20,20,85.15,1,4,74.85106382978724,44.5,32,96,47,71,0,E3,20,20,0.0,0.1,0,0
cbba,1048,default,163,20,20,81.1,0,4,70.1063829787234,30.0,0,78,660,3548,160,E3,20,20,0.0,0.1,0,0
claim,1049,default,248,20,20,122.15,10,4,106.36363636363636,39.333333333333336,375,75,39,39,0,E3,20,20,0.0,0.1,0,0
mas,1049,default,192,20,20,91.2,2,4,80.16363636363636,32.0,57,106,50,75,0,E3,20,20,0.0,0.1,0,0
mas_iterative,1049,default,184,20,20,92.25,4,4,80.89090909090909,31.666666666666668,86,43,54,81,0,E3,20,20,0.0,0.1,0,0
cbba,1049,default,187,20,20,84.75,2,4,74.10909090909091,31.666666666666668,17,120,542,2846,130,E3,20,20,0.0,0.1,0,0
claim,1050,default,217,20,20,99.2,7,4,80.8125,44.0,275,56,32,32,0,E3,20,20,0.0,0.1,0,0
mas,1050,default,174,20,20,84.35,1,4,69.4375,44.5,28,125,44,66,0,E3,20,20,0.0,0.1,0,0
mas_iterative,1050,default,171,20,20,84.05,2,4,69.33333333333333,44.5,35,113,50,75,0,E3,20,20,0.0,0.1,0,0
cbba,1050,default,167,20,20,79.1,0,4,64.25,38.75,0,118,540,2868,130,E3,20,20,0.0,0.1,0,0
claim,1051,default,218,20,20,111.55,9,4,92.4,38.5,254,85,30,30,0,E3,20,20,0.0,0.1,0,0
mas,1051,default,179,20,20,87.5,3,4,71.8,28.5,90,76,52,78,0,E3,20,20,0.0,0.1,0,0
mas_iterative,1051,default,170,20,20,86.5,3,4,71.6,28.0,37,50,54,81,0,E3,20,20,0.0,0.1,0,0
cbba,1051,default,167,20,20,84.3,1,4,69.4888888888889,28.0,18,83,598,3292,144,E3,20,20,0.0,0.1,0,0
claim,1052,default,220,20,20,116.65,11,4,98.73913043478261,41.0,295,105,35,35,0,E3,20,20,0.0,0.1,0,0
mas,1052,default,183,20,20,93.25,3,4,78.04347826086956,35.666666666666664,104,107,63,96,0,E3,20,20,0.0,0.1,0,0
mas_iterative,1052,default,169,20,20,81.4,1,4,68.84782608695652,28.0,18,100,48,73,0,E3,20,20,0.0,0.1,0,0
cbba,1052,default,176,20,20,81.8,2,4,68.1304347826087,28.0,56,96,739,3935,179,E3,20,20,0.0,0.1,0,0
claim,1053,default,212,20,20,97.85,8,4,82.92156862745098,41.8,262,83,30,30,0,E3,20,20,0.0,0.1,0,0
mas,1053,default,156,20,20,81.2,2,4,68.27450980392157,37.8,59,76,50,75,0,E3,20,20,0.0,0.1,0,0
mas_iterative,1053,default,156,20,20,80.4,2,4,67.54901960784314,37.6,58,77,50,75,0,E3,20,20,0.0,0.1,0,0
cbba,1053,default,137,20,20,76.15,2,4,64.58823529411765,37.6,33,23,586,3186,141,E3,20,20,0.0,0.1,0,0
claim,1054,default,182,20,20,99.05,3,4,85.4090909090909,41.0,85,65,23,23,0,E3,20,20,0.0,0.1,0,0
mas,1054,default,205,20,20,95.35,4,4,78.93181818181819,29.0,121,122,54,81,0,E3,20,20,0.0,0.1,0,0
mas_iterative,1054,default,205,20,20,94.9,4,4,78.52272727272727,28.5,121,121,54,81,0,E3,20,20,0.0,0.1,0,0
cbba,1054,default,174,20,20,84.15,0,4,70.86363636363636,28.0,0,86,648,3516,157,E3,20,20,0.0,0.1,0,0
claim,1055,default,178,20,20,95.8,4,4,84.09433962264151,42.5,115,93,25,25,0,E3,20,20,0.0,0.1,0,0
mas,1055,default,158,20,20,84.9,2,4,74.37735849056604,42.5,54,63,48,72,0,E3,20,20,0.0,0.1,0,0
mas_iterative,1055,default,158,20,20,84.7,2,4,74.16981132075472,42.5,55,62,48,72,0,E3,20,20,0.0,0.1,0,0
cbba,1055,default,146,20,20,75.0,1,4,65.01886792452831,33.25,11,48,581,3091,140,E3,20,20,0.0,0.1,0,0
claim,1056,default,157,20,20,84.55,2,4,72.09433962264151,44.4,59,87,22,22,0,E3,20,20,0.0,0.1,0,0
mas,1056,default,169,20,20,82.8,2,4,68.9622641509434,40.2,57,114,46,69,0,E3,20,20,0.0,0.1,0,0
mas_iterative,1056,default,169,20,20,82.55,2,4,68.71698113207547,40.0,58,113,46,69,0,E3,20,20,0.0,0.1,0,0
cbba,1056,default,155,20,20,77.45,1,4,63.9622641509434,35.4,18,90,713,3827,173,E3,20,20,0.0,0.1,0,0
claim,1057,default,173,20,20,91.4,3,4,78.50877192982456,45.333333333333336,87,51,23,23,0,E3,20,20,0.0,0.1,0,0
mas,1057,default,163,20,20,87.35,2,4,74.50877192982456,38.5,43,57,49,74,0,E3,20,20,0.0,0.1,0,0
mas_iterative,1057,default,172,20,20,86.65,2,4,73.75438596491227,38.0,51,85,50,75,0,E3,20,20,0.0,0.1,0,0
cbba,1057,default,156,20,20,79.3,1,4,67.29824561403508,38.0,24,66,529,2813,127,E3,20,20,0.0,0.1,0,0
claim,1058,default,228,20,20,118.8,9,4,101.2156862745098,41.0,292,30,31,31,0,E3,20,20,0.0,0.1,0,0
mas,1058,default,192,20,20,97.1,5,4,82.01960784313725,31.25,111,72,56,84,0,E3,20,20,0.0,0.1,0,0
mas_iterative,1058,default,180,20,20,93.4,4,4,78.98039215686275,31.0,84,44,54,81,0,E3,20,20,0.0,0.1,0,0
cbba,1058,default,183,20,20,82.5,1,4,69.94117647058823,32.0,18,127,609,3243,147,E3,20,20,0.0,0.1,0,0
claim,1059,default,165,20,20,84.45,3,4,72.07692307692308,45.6,71,96,23,23,0,E3,20,20,0.0,0.1,0,0
mas,1059,default,156,20,20,71.9,1,4,60.98076923076923,35.4,7,110,50,75,0,E3,20,20,0.0,0.1,0,0
mas_iterative,1059,default,163,20,20,73.75,1,4,61.21153846153846,34.6,34,121,46,69,0,E3,20,20,0.0,0.1,0,0
cbba,1059,default,156,20,20,74.05,2,4,61.26923076923077,34.6,43,88,686,3734,166,E3,20,20,0.0,0.1,0,0
claim,1060,default,164,20,20,83.05,4,4,67.82608695652173,41.0,89,99,24,24,0,E3,20,20,0.0,0.1,0,0
mas,1060,default,153,20,20,69.8,1,4,57.04347826086956,33.333333333333336,8,115,46,69,0,E3,20,20,0.0,0.1,0,0
mas_iterative,1060,default,156,20,20,70.8,1,4,58.08695652173913,33.0,18,112,50,75,0,E3,20,20,0.0,0.1,0,0
cbba,1060,default,156,20,20,70.15,1,4,56.869565217391305,33.0,24,118,557,2919,134,E3,20,20,0.0,0.1,0,0
claim,1061,default,181,20,20,90.55,2,4,79.35416666666667,48.333333333333336,57,101,22,22,0,E3,20,20,0.0,0.1,0,0
mas,1061,default,203,20,20,88.6,2,4,74.66666666666667,32.0,102,160,58,87,0,E3,20,20,0.0,0.1,0,0
mas_iterative,1061,default,168,20,20,80.45,1,4,68.89583333333333,31.333333333333332,50,43,55,83,0,E3,20,20,0.0,0.1,0,0
cbba,1061,default,164,20,20,80.6,2,4,69.22916666666667,31.333333333333332,49,43,627,3359,151,E3,20,20,0.0,0.1,0,0
claim,1062,default,225,20,20,117.85,7,4,104.37288135593221,46.2,239,120,29,29,0,E3,20,20,0.0,0.1,0,0
mas,1062,default,185,20,20,99.3,2,4,89.08474576271186,41.4,85,70,52,78,0,E3,20,20,0.0,0.1,0,0
mas_iterative,1062,default,187,20,20,98.2,2,4,88.10169491525424,41.0,83,84,54,81,0,E3,20,20,0.0,0.1,0,0
cbba,1062,default,179,20,20,88.65,2,4,78.72881355932203,34.8,37,84,690,3716,167,E3,20,20,0.0,0.1,0,0
claim,1063,default,204,20,20,110.0,8,4,93.79245283018868,50.4,330,55,34,34,0,E3,20,20,0.0,0.1,0,0
mas,1063,default,156,20,20,72.5,1,4,62.20754716981132,35.6,37,119,53,80,0,E3,20,20,0.0,0.1,0,0
mas_iterative,1063,default,155,20,20,71.45,1,4,61.15094339622642,34.4,35,115,51,77,0,E3,20,20,0.0,0.1,0,0
cbba,1063,default,149,20,20,65.8,0,4,55.81132075471698,34.0,0,123,580,3120,140,E3,20,20,0.0,0.1,0,0
claim,1064,default,169,20,20,80.05,3,4,67.82142857142857,48.833333333333336,109,59,26,26,0,E3,20,20,0.0,0.1,0,0
mas,1064,default,169,20,20,77.3,4,4,63.785714285714285,46.666666666666664,122,70,52,78,0,E3,20,20,0.0,0.1,0,0
mas_iterative,1064,default,170,20,20,75.5,3,4,63.07142857142857,46.333333333333336,112,97,59,89,0,E3,20,20,0.0,0.1,0,0
cbba,1064,default,156,20,20,69.35,0,4,57.589285714285715,41.166666666666664,0,124,552,2936,133,E3,20,20,0.0,0.1,0,0
claim,1065,default,144,20,20,75.7,5,4,65.10416666666667,38.0,114,40,25,25,0,E3,20,20,0.0,0.1,0,0
mas,1065,default,133,20,20,67.65,1,4,58.229166666666664,39.333333333333336,29,80,47,71,0,E3,20,20,0.0,0.1,0,0
mas_iterative,1065,default,140,20,20,69.35,3,4,59.3125,31.666666666666668,45,74,52,78,0,E3,20,20,0.0,0.1,0,0
cbba,1065,default,136,20,20,65.0,1,4,55.625,31.666666666666668,11,88,617,3325,149,E3,20,20,0.0,0.1,0,0
claim,1066,default,198,20,20,93.7,7,4,77.45454545454545,42.57142857142857,189,87,28,28,0,E3,20,20,0.0,0.1,0,0
mas,1066,default,145,20,20,75.15,2,4,62.30909090909091,37.0,16,36,52,78,0,E3,20,20,0.0,0.1,0,0
mas_iterative,1066,default,143,20,20,73.95,2,4,61.236363636363635,36.285714285714285,14,31,52,78,0,E3,20,20,0.0,0.1,0,0
cbba,1066,default,142,20,20,73.2,1,4,60.85454545454545,36.285714285714285,8,44,537,2821,129,E3,20,20,0.0,0.1,0,0
claim,1067,default,179,20,20,98.2,2,4,83.625,41.0,65,59,22,22,0,E3,20,20,0.0,0.1,0,0
mas,1067,default,183,20,20,92.8,2,4,76.27083333333333,31.0,65,81,50,75,0,E3,20,20,0.0,0.1,0,0
mas_iterative,1067,default,174,20,20,88.15,1,4,73.29166666666667,30.5,26,56,46,69,0,E3,20,20,0.0,0.1,0,0
cbba,1067,default,168,20,20,86.35,2,4,72.0625,35.5,33,57,654,3578,158,E3,20,20,0.0,0.1,0,0
claim,1068,default,189,20,20,91.75,7,4,78.5925925925926,38.0,175,79,29,29,0,E3,20,20,0.0,0.1,0,0
mas,1068,default,178,20,20,86.2,5,4,73.31481481481481,34.4,108,89,62,93,0,E3,20,20,0.0,0.1,0,0
mas_iterative,1068,default,186,20,20,84.1,7,4,71.46296296296296,28.2,168,80,68,102,0,E3,20,20,0.0,0.1,0,0
cbba,1068,default,174,20,20,80.2,2,4,67.77777777777777,28.2,70,102,607,3265,146,E3,20,20,0.0,0.1,0,0
claim,1069,default,183,20,20,90.1,7,4,76.46153846153847,44.6,157,81,28,28,0,E3,20,20,0.0,0.1,0,0
mas,1069,default,161,20,20,81.05,3,4,68.25,38.6,42,85,57,86,0,E3,20,20,0.0,0.1,0,0
mas_iterative,1069,default,160,20,20,78.15,1,4,64.88461538461539,31.2,25,91,50,75,0,E3,20,20,0.0,0.1,0,0
cbba,1069,default,164,20,20,76.15,2,4,63.23076923076923,31.2,53,81,646,3394,156,E3,20,20,0.0,0.1,0,0
claim,1070,default,186,20,20,92.6,6,4,80.40983606557377,45.57142857142857,183,33,28,28,0,E3,20,20,0.0,0.1,0,0
mas,1070,default,184,20,20,87.5,4,4,74.88524590163935,41.42857142857143,142,74,56,84,0,E3,20,20,0.0,0.1,0,0
mas_iterative,1070,default,184,20,20,87.2,4,4,74.59016393442623,41.142857142857146,143,73,56,84,0,E3,20,20,0.0,0.1,0,0
cbba,1070,default,185,20,20,84.15,3,4,72.18032786885246,39.57142857142857,55,150,671,3645,162,E3,20,20,0.0,0.1,0,0
claim,1071,default,189,20,20,95.55,6,4,76.68627450980392,37.2,137,43,27,27,0,E3,20,20,0.0,0.1,0,0
mas,1071,default,182,20,20,89.7,4,4,68.90196078431373,33.6,141,63,63,95,0,E3,20,20,0.0,0.1,0,0
mas_iterative,1071,default,181,20,20,91.0,4,4,70.13725490196079,33.4,124,64,60,90,0,E3,20,20,0.0,0.1,0,0
cbba,1071,default,177,20,20,84.0,2,4,65.72549019607843,33.2,53,96,598,3202,144,E3,20,20,0.0,0.1,0,0
claim,1072,default,215,20,20,118.25,5,4,108.01818181818182,62.75,264,144,31,31,0,E3,20,20,0.0,0.1,0,0
mas,1072,default,156,20,20,79.65,3,4,72.54545454545455,40.0,73,103,60,91,0,E3,20,20,0.0,0.1,0,0
mas_iterative,1072,default,158,20,20,77.7,2,4,70.76363636363637,39.25,77,94,49,74,0,E3,20,20,0.0,0.1,0,0
cbba,1072,default,131,20,20,64.0,1,4,58.054545454545455,34.5,21,60,649,3553,157,E3,20,20,0.0,0.1,0,0
claim,1073,default,178,20,20,89.75,4,4,75.57142857142857,39.0,105,123,24,24,0,E3,20,20,0.0,0.1,0,0
mas,1073,default,153,20,20,81.2,1,4,69.71428571428571,39.0,28,79,44,66,0,E3,20,20,0.0,0.1,0,0
mas_iterative,1073,default,155,20,20,84.85,3,4,72.3265306122449,39.0,46,43,48,72,0,E3,20,20,0.0,0.1,0,0
cbba,1073,default,157,20,20,77.75,2,4,65.06122448979592,32.75,46,86,562,2910,135,E3,20,20,0.0,0.1,0,0
claim,1074,default,190,20,20,101.4,6,4,86.13461538461539,44.6,153,100,27,27,0,E3,20,20,0.0,0.1,0,0
mas,1074,default,170,20,20,92.15,3,4,78.65384615384616,43.6,97,63,46,69,0,E3,20,20,0.0,0.1,0,0
mas_iterative,1074,default,170,20,20,92.15,3,4,78.65384615384616,43.6,97,63,46,69,0,E3,20,20,0.0,0.1,0,0
cbba,1074,default,147,20,20,76.15,2,4,63.38461538461539,38.6,8,47,763,4137,185,E3,20,20,0.0,0.1,0,0
claim,1075,default,177,20,20,97.85,3,4,78.85106382978724,43.0,95,48,23,23,0,E3,20,20,0.0,0.1,0,0
mas,1075,default,186,20,20,91.35,2,4,73.17021276595744,35.666666666666664,32,122,46,69,0,E3,20,20,0.0,0.1,0,0
mas_iterative,1075,default,186,20,20,91.1,1,4,72.8936170212766,35.333333333333336,31,122,50,75,0,E3,20,20,0.0,0.1,0,0
cbba,1075,default,195,20,20,94.55,2,4,73.91489361702128,27.666666666666668,60,128,558,2982,134,E3,20,20,0.0,0.1,0,0
claim,1076,default,217,20,20,101.6,4,4,81.79166666666667,43.4,155,139,26,26,0,E3,20,20,0.0,0.1,0,0
mas,1076,default,174,20,20,90.55,1,4,71.39583333333333,32.4,41,50,50,75,0,E3,20,20,0.0,0.1,0,0
mas_iterative,1076,default,180,20,20,88.7,2,4,70.125,31.8,69,52,54,81,0,E3,20,20,0.0,0.1,0,0
cbba,1076,default,190,20,20,87.4,1,4,69.75,32.6,18,122,657,3541,159,E3,20,20,0.0,0.1,0,0
claim,1077,default,191,20,20,95.1,6,4,75.18181818181819,45.75,128,130,26,26,0,E3,20,20,0.0,0.1,0,0
mas,1077,default,161,20,20,80.9,3,4,65.85454545454546,44.375,35,84,59,89,0,E3,20,20,0.0,0.1,0,0
mas_iterative,1077,default,158,20,20,77.8,1,4,63.09090909090909,41.875,10,82,52,78,0,E3,20,20,0.0,0.1,0,0
cbba,1077,default,157,20,20,78.0,1,4,63.0,42.0,11,77,621,3347,150,E3,20,20,0.0,0.1,0,0
claim,1078,default,184,20,20,95.6,5,4,77.84782608695652,40.666666666666664,102,116,25,25,0,E3,20,20,0.0,0.1,0,0
mas,1078,default,177,20,20,85.35,4,4,68.52173913043478,40.666666666666664,90,114,58,87,0,E3,20,20,0.0,0.1,0,0
mas_iterative,1078,default,167,20,20,84.0,4,4,67.6304347826087,40.333333333333336,71,85,58,87,0,E3,20,20,0.0,0.1,0,0
cbba,1078,default,154,20,20,76.95,1,4,61.08695652173913,40.333333333333336,31,76,554,2920,133,E3,20,20,0.0,0.1,0,0
claim,1079,default,182,20,20,94.3,6,4,75.96,38.5,156,75,26,26,0,E3,20,20,0.0,0.1,0,0
mas,1079,default,154,20,20,80.2,1,4,65.02,32.0,31,68,46,69,0,E3,20,20,0.0,0.1,0,0
mas_iterative,1079,default,153,20,20,79.85,1,4,64.7,31.75,31,64,46,69,0,E3,20,20,0.0,0.1,0,0
cbba,1079,default,153,20,20,78.55,2,4,62.2,28.5,21,70,630,3370,152,E3,20,20,0.0,0.1,0,0
claim,1080,default,198,20,20,86.7,7,4,75.82222222222222,36.0,164,139,29,29,0,E3,20,20,0.0,0.1,0,0
mas,1080,default,159,20,20,77.1,3,4,66.57777777777778,35.333333333333336,88,70,59,89,0,E3,20,20,0.0,0.1,0,0
mas_iterative,1080,default,152,20,20,67.65,4,4,57.733333333333334,35.666666666666664,61,86,58,87,0,E3,20,20,0.0,0.1,0,0
cbba,1080,default,141,20,20,65.55,0,4,56.55555555555556,35.666666666666664,0,73,492,2566,118,E3,20,20,0.0,0.1,0,0
claim,1081,default,178,20,20,90.4,5,4,72.2127659574468,29.333333333333332,154,49,25,25,0,E3,20,20,0.0,0.1,0,0
mas,1081,default,162,20,20,85.35,5,4,68.38297872340425,29.333333333333332,96,61,54,81,0,E3,20,20,0.0,0.1,0,0
mas_iterative,1081,default,161,20,20,84.85,5,4,68.02127659574468,29.333333333333332,95,58,54,81,0,E3,20,20,0.0,0.1,0,0
cbba,1081,default,156,20,20,77.0,1,4,62.765957446808514,29.333333333333332,10,86,681,3675,165,E3,20,20,0.0,0.1,0,0
claim,1082,default,208,20,20,95.25,7,4,74.58333333333333,35.25,216,114,30,30,0,E3,20,20,0.0,0.1,0,0
mas,1082,default,178,20,20,83.85,2,4,66.70833333333333,28.25,37,127,54,81,0,E3,20,20,0.0,0.1,0,0
mas_iterative,1082,default,174,20,20,81.7,1,4,65.27083333333333,27.5,20,115,52,78,0,E3,20,20,0.0,0.1,0,0
cbba,1082,default,176,20,20,81.95,3,4,64.77083333333333,27.5,94,64,625,3337,150,E3,20,20,0.0,0.1,0,0
claim,1083,default,202,20,20,98.75,6,4,80.35555555555555,35.75,203,70,28,28,0,E3,20,20,0.0,0.1,0,0
mas,1083,default,182,20,20,92.15,5,4,73.93333333333334,35.75,124,65,52,78,0,E3,20,20,0.0,0.1,0,0
mas_iterative,1083,default,182,20,20,91.85,5,4,73.73333333333333,35.75,124,66,52,78,0,E3,20,20,0.0,0.1,0,0
cbba,1083,default,164,20,20,77.05,2,4,61.644444444444446,29.75,40,58,566,2960,136,E3,20,20,0.0,0.1,0,0
claim,1084,default,206,20,20,105.6,6,4,92.71428571428571,51.666666666666664,188,49,27,27,0,E3,20,20,0.0,0.1,0,0
mas,1084,default,176,20,20,90.65,3,4,79.26785714285714,44.666666666666664,68,91,52,78,0,E3,20,20,0.0,0.1,0,0
mas_iterative,1084,default,168,20,20,89.6,3,4,78.39285714285714,44.333333333333336,38,71,56,84,0,E3,20,20,0.0,0.1,0,0
cbba,1084,default,176,20,20,87.75,1,4,75.0,37.5,60,96,670,3648,162,E3,20,20,0.0,0.1,0,0
claim,1085,default,165,20,20,83.75,4,4,71.56862745098039,36.5,89,95,25,25,0,E3,20,20,0.0,0.1,0,0
mas,1085,default,172,20,20,73.4,3,4,61.254901960784316,32.0,50,154,56,84,0,E3,20,20,0.0,0.1,0,0
mas_iterative,1085,default,187,20,20,76.45,4,4,63.03921568627451,31.75,106,152,62,93,0,E3,20,20,0.0,0.1,0,0
cbba,1085,default,153,20,20,68.5,0,4,57.94117647058823,31.75,0,113,524,2768,126,E3,20,20,0.0,0.1,0,0
claim,1086,default,180,20,20,89.15,7,4,74.27083333333333,39.25,190,41,28,28,0,E3,20,20,0.0,0.1,0,0
mas,1086,default,172,20,20,79.45,3,4,63.4375,34.0,142,94,58,87,0,E3,20,20,0.0,0.1,0,0
mas_iterative,1086,default,158,20,20,76.8,3,4,61.75,33.75,121,61,61,92,0,E3,20,20,0.0,0.1,0,0
cbba,1086,default,159,20,20,74.05,2,4,61.791666666666664,33.75,107,39,675,3635,163,E3,20,20,0.0,0.1,0,0
claim,1087,default,153,20,20,73.9,4,4,63.8780487804878,30.0,81,101,24,24,0,E3,20,20,0.0,0.1,0,0
mas,1087,default,144,20,20,65.25,1,4,55.97560975609756,30.0,36,95,54,81,0,E3,20,20,0.0,0.1,0,0
mas_iterative,1087,default,141,20,20,62.85,0,4,54.24390243902439,30.0,0,104,48,72,0,E3,20,20,0.0,0.1,0,0
cbba,1087,default,142,20,20,65.1,2,4,56.048780487804876,30.0,16,100,602,3182,145,E3,20,20,0.0,0.1,0,0
claim,1088,default,200,20,20,105.5,7,4,87.08695652173913,49.0,303,64,33,33,0,E3,20,20,0.0,0.1,0,0
mas,1088,default,152,20,20,72.0,2,4,58.630434782608695,36.25,36,125,55,83,0,E3,20,20,0.0,0.1,0,0
mas_iterative,1088,default,150,20,20,71.5,3,4,57.67391304347826,35.5,51,112,55,83,0,E3,20,20,0.0,0.1,0,0
cbba,1088,default,142,20,20,67.0,2,4,54.108695652173914,35.5,26,101,694,3766,168,E3,20,20,0.0,0.1,0,0
claim,1090,default,197,20,20,93.2,4,4,78.33333333333333,27.0,109,150,24,24,0,E3,20,20,0.0,0.1,0,0
mas,1090,default,179,20,20,78.95,1,4,66.33333333333333,27.0,28,148,46,69,0,E3,20,20,0.0,0.1,0,0
mas_iterative,1090,default,157,20,20,73.7,1,4,61.51282051282051,27.0,25,92,54,81,0,E3,20,20,0.0,0.1,0,0
cbba,1090,default,154,20,20,74.35,1,4,61.87179487179487,27.0,25,79,629,3369,152,E3,20,20,0.0,0.1,0,0
claim,1091,default,217,20,20,110.05,7,4,91.12765957446808,47.0,207,82,27,27,0,E3,20,20,0.0,0.1,0,0
mas,1091,default,187,20,20,91.7,2,4,75.63829787234043,40.0,97,34,50,75,0,E3,20,20,0.0,0.1,0,0
mas_iterative,1091,default,194,20,20,95.1,5,4,78.1063829787234,39.5,86,103,64,96,0,E3,20,20,0.0,0.1,0,0
cbba,1091,default,173,20,20,91.05,2,4,76.14893617021276,39.5,30,64,686,3762,166,E3,20,20,0.0,0.1,0,0
claim,1092,default,201,20,20,122.9,8,4,109.88461538461539,37.666666666666664,295,76,33,33,0,E3,20,20,0.0,0.1,0,0
mas,1092,default,148,20,20,78.2,3,4,70.0576923076923,37.666666666666664,89,50,50,75,0,E3,20,20,0.0,0.1,0,0
mas_iterative,1092,default,147,20,20,77.45,3,4,69.40384615384616,37.666666666666664,81,50,52,78,0,E3,20,20,0.0,0.1,0,0
cbba,1092,default,136,20,20,72.5,3,4,64.40384615384616,28.0,31,62,651,3529,157,E3,20,20,0.0,0.1,0,0
claim,1093,default,178,20,20,89.0,2,4,76.8076923076923,35.0,57,96,22,22,0,E3,20,20,0.0,0.1,0,0
mas,1093,default,169,20,20,83.95,1,4,70.38461538461539,28.0,33,88,52,78,0,E3,20,20,0.0,0.1,0,0
mas_iterative,1093,default,167,20,20,83.1,1,4,69.59615384615384,27.666666666666668,34,79,50,75,0,E3,20,20,0.0,0.1,0,0
cbba,1093,default,166,20,20,81.6,1,4,68.0,27.666666666666668,30,87,589,3127,142,E3,20,20,0.0,0.1,0,0
claim,1094,default,273,20,20,144.4,9,4,124.86792452830188,51.333333333333336,489,60,38,38,0,E3,20,20,0.0,0.1,0,0
mas,1094,default,198,20,20,88.55,3,4,75.94339622641509,30.333333333333332,104,126,62,94,0,E3,20,20,0.0,0.1,0,0
mas_iterative,1094,default,179,20,20,83.75,3,4,72.28301886792453,29.666666666666668,72,43,61,93,0,E3,20,20,0.0,0.1,0,0
cbba,1094,default,182,20,20,84.6,2,4,73.11320754716981,29.666666666666668,33,100,630,3402,152,E3,20,20,0.0,0.1,0,0
claim,1095,default,188,20,20,91.35,4,4,79.35087719298245,41.166666666666664,108,139,24,24,0,E3,20,20,0.0,0.1,0,0
mas,1095,default,174,20,20,81.4,1,4,70.47368421052632,37.0,27,127,50,75,0,E3,20,20,0.0,0.1,0,0
mas_iterative,1095,default,163,20,20,74.35,1,4,64.33333333333333,37.0,6,120,54,81,0,E3,20,20,0.0,0.1,0,0
cbba,1095,default,173,20,20,76.85,2,4,65.63157894736842,36.833333333333336,60,121,627,3355,151,E3,20,20,0.0,0.1,0,0
claim,1096,default,218,20,20,118.7,6,4,93.9375,43.2,172,101,27,27,0,E3,20,20,0.0,0.1,0,0
mas,1096,default,204,20,20,102.45,3,4,80.22916666666667,38.0,86,116,58,87,0,E3,20,20,0.0,0.1,0,0
mas_iterative,1096,default,200,20,20,102.75,6,4,79.66666666666667,37.4,119,87,60,90,0,E3,20,20,0.0,0.1,0,0
cbba,1096,default,194,20,20,91.65,2,4,71.20833333333333,37.8,47,119,731,3925,177,E3,20,20,0.0,0.1,0,0
claim,1097,default,184,20,20,92.25,3,4,73.3409090909091,38.0,109,42,26,26,0,E3,20,20,0.0,0.1,0,0
mas,1097,default,178,20,20,84.3,2,4,64.25,32.5,31,123,54,81,0,E3,20,20,0.0,0.1,0,0
mas_iterative,1097,default,197,20,20,84.15,3,4,63.79545454545455,32.25,101,131,56,84,0,E3,20,20,0.0,0.1,0,0
cbba,1097,default,170,20,20,80.45,1,4,62.52272727272727,32.25,10,108,601,3263,145,E3,20,20,0.0,0.1,0,0
claim,1098,default,196,20,20,100.75,4,4,83.43137254901961,44.166666666666664,99,83,24,24,0,E3,20,20,0.0,0.1,0,0
mas,1098,default,198,20,20,101.1,3,4,82.49019607843137,44.166666666666664,98,96,48,72,0,E3,20,20,0.0,0.1,0,0
mas_iterative,1098,default,209,20,20,102.7,4,4,83.29411764705883,44.166666666666664,139,120,54,81,0,E3,20,20,0.0,0.1,0,0
cbba,1098,default,174,20,20,87.3,1,4,71.03921568627452,36.333333333333336,12,58,613,3299,148,E3,20,20,0.0,0.1,0,0
claim,1099,default,190,20,20,100.75,6,4,83.1063829787234,39.666666666666664,149,107,27,27,0,E3,20,20,0.0,0.1,0,0
mas,1099,default,160,20,20,83.0,1,4,68.68085106382979,33.333333333333336,27,88,46,69,0,E3,20,20,0.0,0.1,0,0
mas_iterative,1099,default,154,20,20,77.15,0,4,63.4468085106383,33.0,0,88,44,66,0,E3,20,20,0.0,0.1,0,0
cbba,1099,default,155,20,20,78.1,1,4,63.723404255319146,33.0,21,79,697,3783,169,E3,20,20,0.0,0.1,0,0
claim,1101,default,204,20,20,109.0,5,4,86.75510204081633,49.8,137,76,25,25,0,E3,20,20,0.0,0.1,0,0
mas,1101,default,183,20,20,93.65,1,4,73.65306122448979,41.0,28,71,44,66,0,E3,20,20,0.0,0.1,0,0
mas_iterative,1101,default,183,20,20,93.4,1,4,73.40816326530613,40.8,28,71,44,66,0,E3,20,20,0.0,0.1,0,0
cbba,1101,default,179,20,20,89.55,1,4,69.6938775510204,35.4,37,71,666,3632,161,E3,20,20,0.0,0.1,0,0
claim,1102,default,175,20,20,86.8,3,4,77.30508474576271,51.166666666666664,80,137,23,23,0,E3,20,20,0.0,0.1,0,0
mas,1102,default,154,20,20,78.55,2,4,68.33898305084746,41.333333333333336,44,85,52,78,0,E3,20,20,0.0,0.1,0,0
mas_iterative,1102,default,151,20,20,78.1,3,4,67.77966101694915,40.666666666666664,53,72,54,81,0,E3,20,20,0.0,0.1,0,0
cbba,1102,default,156,20,20,74.8,2,4,65.47457627118644,39.666666666666664,29,112,674,3588,163,E3,20,20,0.0,0.1,0,0
claim,1103,default,206,20,20,114.65,5,4,100.77777777777777,43.5,199,100,28,28,0,E3,20,20,0.0,0.1,0,0
mas,1103,default,163,20,20,83.9,1,4,72.33333333333333,34.0,36,81,44,66,0,E3,20,20,0.0,0.1,0,0
mas_iterative,1103,default,167,20,20,83.95,2,4,72.29629629629629,33.75,41,97,48,72,0,E3,20,20,0.0,0.1,0,0
cbba,1103,default,158,20,20,76.8,0,4,65.98148148148148,33.75,0,98,608,3268,147,E3,20,20,0.0,0.1,0,0
claim,1104,default,203,20,20,92.85,5,4,75.17391304347827,34.5,163,106,26,26,0,E3,20,20,0.0,0.1,0,0
mas,1104,default,170,20,20,78.65,0,4,63.91304347826087,30.0,0,116,50,75,0,E3,20,20,0.0,0.1,0,0
mas_iterative,1104,default,177,20,20,79.4,1,4,64.43478260869566,29.75,34,121,54,81,0,E3,20,20,0.0,0.1,0,0
cbba,1104,default,175,20,20,80.1,3,4,64.45652173913044,29.75,53,113,563,2965,135,E3,20,20,0.0,0.1,0,0
claim,1106,default,253,20,20,128.6,8,4,109.16981132075472,56.8,440,34,35,35,0,E3,20,20,0.0,0.1,0,0
mas,1106,default,162,20,20,80.9,1,4,66.98113207547169,37.4,27,60,48,73,0,E3,20,20,0.0,0.1,0,0
mas_iterative,1106,default,162,20,20,80.05,1,4,66.09433962264151,36.6,28,59,50,76,0,E3,20,20,0.0,0.1,0,0
cbba,1106,default,183,20,20,83.45,5,4,68.39622641509433,36.6,82,79,810,4388,196,E3,20,20,0.0,0.1,0,0
claim,1107,default,150,20,20,80.05,5,4,70.34693877551021,47.0,104,73,25,25,0,E3,20,20,0.0,0.1,0,0
mas,1107,default,145,20,20,69.4,3,4,60.755102040816325,35.5,101,36,62,93,0,E3,20,20,0.0,0.1,0,0
mas_iterative,1107,default,137,20,20,65.95,2,4,58.3469387755102,35.0,18,85,56,84,0,E3,20,20,0.0,0.1,0,0
cbba,1107,default,135,20,20,64.3,0,4,56.69387755102041,35.0,0,84,592,3140,143,E3,20,20,0.0,0.1,0,0
claim,1108,default,197,20,20,100.3,7,4,84.4074074074074,38.2,227,42,29,29,0,E3,20,20,0.0,0.1,0,0
mas,1108,default,186,20,20,84.45,3,4,71.66666666666667,38.4,87,126,50,75,0,E3,20,20,0.0,0.1,0,0
mas_iterative,1108,default,189,20,20,87.1,4,4,74.12962962962963,40.4,110,123,56,84,0,E3,20,20,0.0,0.1,0,0
cbba,1108,default,148,20,20,73.2,1,4,61.907407407407405,38.0,15,70,629,3355,152,E3,20,20,0.0,0.1,0,0
claim,1109,default,202,20,20,87.8,9,4,71.06976744186046,33.5,230,103,32,32,0,E3,20,20,0.0,0.1,0,0
mas,1109,default,193,20,20,82.75,5,4,67.72093023255815,33.5,135,158,56,84,0,E3,20,20,0.0,0.1,0,0
mas_iterative,1109,default,177,20,20,82.75,7,4,67.23255813953489,28.0,141,90,66,99,0,E3,20,20,0.0,0.1,0,0
cbba,1109,default,167,20,20,73.85,3,4,60.23255813953488,27.5,79,85,615,3271,148,E3,20,20,0.0,0.1,0,0
claim,1110,default,177,20,20,91.05,6,4,79.95081967213115,46.714285714285715,111,92,26,26,0,E3,20,20,0.0,0.1,0,0
mas,1110,default,169,20,20,78.9,4,4,67.59016393442623,36.57142857142857,110,60,62,93,0,E3,20,20,0.0,0.1,0,0
mas_iterative,1110,default,181,20,20,81.3,4,4,69.78688524590164,36.142857142857146,141,87,56,84,0,E3,20,20,0.0,0.1,0,0
cbba,1110,default,162,20,20,76.3,3,4,66.1639344262295,36.0,57,72,571,3085,137,E3,20,20,0.0,0.1,0,0
claim,1111,default,181,20,20,89.85,5,4,74.0,42.2,134,99,25,25,0,E3,20,20,0.0,0.1,0,0
mas,1111,default,172,20,20,77.75,3,4,62.34,39.0,53,127,56,84,0,E3,20,20,0.0,0.1,0,0
mas_iterative,1111,default,159,20,20,74.0,0,4,59.92,38.6,0,112,44,66,0,E3,20,20,0.0,0.1,0,0
cbba,1111,default,157,20,20,77.3,1,4,62.88,38.6,27,89,665,3623,161,E3,20,20,0.0,0.1,0,0
claim,1112,default,276,20,20,170.3,8,4,144.95555555555555,41.0,511,120,40,40,0,E3,20,20,0.0,0.1,0,0
mas,1112,default,152,20,20,82.7,1,4,69.93333333333334,39.0,33,57,47,71,0,E3,20,20,0.0,0.1,0,0
mas_iterative,1112,default,160,20,20,83.7,2,4,70.22222222222223,38.5,61,73,47,71,0,E3,20,20,0.0,0.1,0,0
cbba,1112,default,154,20,20,78.2,1,4,64.71111111111111,37.0,36,72,670,3660,162,E3,20,20,0.0,0.1,0,0
claim,1113,default,216,20,20,106.25,9,4,84.13207547169812,43.8,306,58,35,35,0,E3,20,20,0.0,0.1,0,0
mas,1113,default,188,20,20,89.6,5,4,71.9245283018868,43.6,151,80,66,100,0,E3,20,20,0.0,0.1,0,0
mas_iterative,1113,default,197,20,20,92.4,6,4,74.0754716981132,43.4,191,80,66,100,0,E3,20,20,0.0,0.1,0,0
cbba,1113,default,172,20,20,78.25,1,4,62.283018867924525,36.6,33,111,661,3573,160,E3,20,20,0.0,0.1,0,0
claim,1114,default,232,20,20,123.45,6,4,97.78846153846153,61.666666666666664,285,87,29,29,0,E3,20,20,0.0,0.1,0,0
mas,1114,default,191,20,20,88.1,3,4,68.59615384615384,41.166666666666664,52,137,56,84,0,E3,20,20,0.0,0.1,0,0
mas_iterative,1114,default,204,20,20,96.85,3,4,75.5,40.666666666666664,114,141,56,84,0,E3,20,20,0.0,0.1,0,0
cbba,1114,default,205,20,20,86.35,3,4,66.46153846153847,41.166666666666664,116,120,644,3408,155,E3,20,20,0.0,0.1,0,0
claim,1115,default,195,20,20,100.65,8,4,81.89583333333333,51.2,246,108,32,32,0,E3,20,20,0.0,0.1,0,0
mas,1115,default,165,20,20,78.3,5,4,60.916666666666664,35.2,108,103,59,89,0,E3,20,20,0.0,0.1,0,0
mas_iterative,1115,default,169,20,20,78.55,5,4,61.9375,34.6,75,131,61,92,0,E3,20,20,0.0,0.1,0,0
cbba,1115,default,153,20,20,66.25,1,4,52.375,34.4,19,135,617,3363,149,E3,20,20,0.0,0.1,0,0
claim,1116,default,147,20,20,76.5,5,4,63.92857142857143,27.5,123,65,25,25,0,E3,20,20,0.0,0.1,0,0
mas,1116,default,138,20,20,70.05,2,4,57.23809523809524,27.5,40,92,48,72,0,E3,20,20,0.0,0.1,0,0
mas_iterative,1116,default,135,20,20,66.3,1,4,54.904761904761905,27.5,12,98,50,75,0,E3,20,20,0.0,0.1,0,0
cbba,1116,default,133,20,20,68.05,1,4,56.095238095238095,27.0,16,80,609,3315,147,E3,20,20,0.0,0.1,0,0
claim,1117,default,161,20,20,77.05,2,4,65.01886792452831,37.2,57,114,22,22,0,E3,20,20,0.0,0.1,0,0
mas,1117,default,161,20,20,73.8,3,4,60.924528301886795,32.0,57,133,48,72,0,E3,20,20,0.0,0.1,0,0
mas_iterative,1117,default,161,20,20,73.5,2,4,60.58490566037736,31.8,57,133,48,72,0,E3,20,20,0.0,0.1,0,0
cbba,1117,default,149,20,20,68.85,1,4,56.56603773584906,31.8,15,110,581,3167,140,E3,20,20,0.0,0.1,0,0
claim,1118,default,208,20,20,104.5,3,4,88.60377358490567,45.25,71,102,23,23,0,E3,20,20,0.0,0.1,0,0
mas,1118,default,195,20,20,88.7,0,4,74.0754716981132,42.25,0,133,46,69,0,E3,20,20,0.0,0.1,0,0
mas_iterative,1118,default,193,20,20,87.95,0,4,73.41509433962264,42.0,0,125,49,74,0,E3,20,20,0.0,0.1,0,0
cbba,1118,default,190,20,20,91.5,2,4,75.98113207547169,42.0,55,75,618,3298,149,E3,20,20,0.0,0.1,0,0
claim,1119,default,203,20,20,98.5,7,4,84.48979591836735,39.0,191,130,27,27,0,E3,20,20,0.0,0.1,0,0
mas,1119,default,181,20,20,91.9,5,4,80.55102040816327,39.0,119,112,56,84,0,E3,20,20,0.0,0.1,0,0
mas_iterative,1119,default,171,20,20,83.75,5,4,72.08163265306122,27.0,80,111,56,84,0,E3,20,20,0.0,0.1,0,0
cbba,1119,default,156,20,20,77.7,3,4,66.40816326530613,27.0,43,82,624,3384,150,E3,20,20,0.0,0.1,0,0
claim,1120,default,161,20,20,84.95,2,4,74.86363636363636,50.5,57,85,22,22,0,E3,20,20,0.0,0.1,0,0
mas,1120,default,146,20,20,76.05,1,4,65.6590909090909,38.5,21,65,50,75,0,E3,20,20,0.0,0.1,0,0
mas_iterative,1120,default,148,20,20,73.8,0,4,63.86363636363637,38.0,0,82,48,72,0,E3,20,20,0.0,0.1,0,0
cbba,1120,default,155,20,20,75.7,3,4,64.68181818181819,38.0,29,104,687,3763,166,E3,20,20,0.0,0.1,0,0
claim,1121,default,212,20,20,100.8,7,4,81.32608695652173,43.5,220,38,30,30,0,E3,20,20,0.0,0.1,0,0
mas,1121,default,192,20,20,93.95,3,4,75.76086956521739,37.5,62,110,56,84,0,E3,20,20,0.0,0.1,0,0
mas_iterative,1121,default,201,20,20,94.15,3,4,75.8695652173913,37.25,85,138,54,81,0,E3,20,20,0.0,0.1,0,0
cbba,1121,default,177,20,20,83.0,1,4,66.06521739130434,36.0,21,97,645,3477,156,E3,20,20,0.0,0.1,0,0
claim,1123,default,156,20,20,81.75,3,4,69.04166666666667,38.8,71,75,23,23,0,E3,20,20,0.0,0.1,0,0
mas,1123,default,148,20,20,74.0,1,4,62.020833333333336,33.8,29,76,49,74,0,E3,20,20,0.0,0.1,0,0
mas_iterative,1123,default,148,20,20,73.15,1,4,61.229166666666664,34.4,29,80,46,69,0,E3,20,20,0.0,0.1,0,0
cbba,1123,default,144,20,20,70.35,0,4,58.604166666666664,31.0,0,72,484,2516,116,E3,20,20,0.0,0.1,0,0
claim,1124,default,164,20,20,85.65,9,4,74.48148148148148,34.0,168,62,29,29,0,E3,20,20,0.0,0.1,0,0
mas,1124,default,154,20,20,80.3,3,4,70.31481481481481,34.0,82,65,50,75,0,E3,20,20,0.0,0.1,0,0
mas_iterative,1124,default,138,20,20,71.2,2,4,61.7037037037037,28.0,25,48,52,78,0,E3,20,20,0.0,0.1,0,0
cbba,1124,default,142,20,20,71.9,3,4,62.05555555555556,28.0,43,26,584,3080,140,E3,20,20,0.0,0.1,0,0
claim,1125,default,215,20,20,104.5,7,4,82.8936170212766,36.0,227,67,29,29,0,E3,20,20,0.0,0.1,0,0
mas,1125,default,177,20,20,80.6,2,4,63.765957446808514,28.0,28,105,56,84,0,E3,20,20,0.0,0.1,0,0
mas_iterative,1125,default,179,20,20,80.65,1,4,63.48936170212766,27.666666666666668,43,104,52,78,0,E3,20,20,0.0,0.1,0,0
cbba,1125,default,185,20,20,81.6,3,4,65.02127659574468,27.666666666666668,38,132,599,3255,144,E3,20,20,0.0,0.1,0,0
claim,1126,default,142,20,20,70.7,3,4,59.2,44.75,78,88,23,23,0,E3,20,20,0.0,0.1,0,0
mas,1126,default,131,20,20,64.25,3,4,52.46,38.25,20,54,54,81,0,E3,20,20,0.0,0.1,0,0
mas_iterative,1126,default,126,20,20,62.95,3,4,51.38,37.5,49,42,54,81,0,E3,20,20,0.0,0.1,0,0
cbba,1126,default,124,20,20,64.1,2,4,52.08,37.5,52,52,602,3234,145,E3,20,20,0.0,0.1,0,0
claim,1127,default,180,20,20,90.7,7,4,80.40816326530613,28.333333333333332,161,110,27,27,0,E3,20,20,0.0,0.1,0,0
mas,1127,default,149,20,20,70.55,1,4,63.12244897959184,28.333333333333332,11,105,54,81,0,E3,20,20,0.0,0.1,0,0
mas_iterative,1127,default,138,20,20,68.55,2,4,61.93877551020408,28.333333333333332,13,61,50,75,0,E3,20,20,0.0,0.1,0,0
cbba,1127,default,157,20,20,69.95,2,4,62.51020408163265,28.333333333333332,71,72,514,2644,123,E3,20,20,0.0,0.1,0,0
claim,1128,default,166,20,20,85.8,2,4,71.3913043478261,33.333333333333336,57,97,22,22,0,E3,20,20,0.0,0.1,0,0
mas,1128,default,148,20,20,77.05,1,4,62.41304347826087,33.333333333333336,34,66,46,69,0,E3,20,20,0.0,0.1,0,0
mas_iterative,1128,default,154,20,20,75.35,0,4,61.45652173913044,33.333333333333336,0,105,50,75,0,E3,20,20,0.0,0.1,0,0
cbba,1128,default,154,20,20,75.35,0,4,61.45652173913044,33.333333333333336,0,105,524,2768,126,E3,20,20,0.0,0.1,0,0
claim,1129,default,184,20,20,95.5,3,4,84.42857142857143,27.0,97,68,23,23,0,E3,20,20,0.0,0.1,0,0
mas,1129,default,163,20,20,89.4,2,4,78.73469387755102,27.0,49,43,48,72,0,E3,20,20,0.0,0.1,0,0
mas_iterative,1129,default,162,20,20,89.05,2,4,78.40816326530613,27.0,49,39,48,72,0,E3,20,20,0.0,0.1,0,0
cbba,1129,default,162,20,20,81.65,0,4,71.63265306122449,27.0,0,71,680,3708,165,E3,20,20,0.0,0.1,0,0
claim,1130,default,181,20,20,88.75,3,4,75.82142857142857,45.0,71,112,23,23,0,E3,20,20,0.0,0.1,0,0
mas,1130,default,172,20,20,79.35,2,4,66.89285714285714,41.2,49,104,50,75,0,E3,20,20,0.0,0.1,0,0
mas_iterative,1130,default,168,20,20,76.45,1,4,63.839285714285715,39.4,27,106,50,75,0,E3,20,20,0.0,0.1,0,0
cbba,1130,default,168,20,20,76.45,1,4,63.839285714285715,39.4,27,106,597,3165,144,E3,20,20,0.0,0.1,0,0
claim,1131,default,163,20,20,86.15,2,4,75.22033898305085,54.5,57,94,22,22,0,E3,20,20,0.0,0.1,0,0
mas,1131,default,167,20,20,82.0,4,4,70.47457627118644,50.0,96,77,52,78,0,E3,20,20,0.0,0.1,0,0
mas_iterative,1131,default,149,20,20,81.65,3,4,70.27118644067797,49.875,65,53,56,84,0,E3,20,20,0.0,0.1,0,0
cbba,1131,default,155,20,20,76.35,1,4,64.89830508474576,44.125,23,91,577,3025,139,E3,20,20,0.0,0.1,0,0
claim,1132,default,169,20,20,96.7,7,4,84.28301886792453,38.666666666666664,139,58,27,27,0,E3,20,20,0.0,0.1,0,0
mas,1132,default,164,20,20,85.95,5,4,74.11320754716981,36.333333333333336,114,62,68,103,0,E3,20,20,0.0,0.1,0,0
mas_iterative,1132,default,164,20,20,85.55,4,4,73.15094339622641,35.666666666666664,98,79,55,83,0,E3,20,20,0.0,0.1,0,0
cbba,1132,default,151,20,20,80.9,3,4,69.49056603773585,35.666666666666664,67,52,591,3173,142,E3,20,20,0.0,0.1,0,0
claim,1133,default,180,20,20,88.9,3,4,76.84905660377359,36.0,75,109,23,23,0,E3,20,20,0.0,0.1,0,0
mas,1133,default,177,20,20,81.85,4,4,69.60377358490567,35.75,124,67,58,87,0,E3,20,20,0.0,0.1,0,0
mas_iterative,1133,default,173,20,20,78.4,4,4,67.22641509433963,35.25,123,55,65,98,0,E3,20,20,0.0,0.1,0,0
cbba,1133,default,154,20,20,73.05,0,4,62.60377358490566,35.25,0,80,564,3036,136,E3,20,20,0.0,0.1,0,0
claim,1134,default,180,20,20,88.7,5,4,76.12244897959184,28.5,134,94,25,25,0,E3,20,20,0.0,0.1,0,0
mas,1134,default,172,20,20,80.4,3,4,68.59183673469387,28.5,68,112,52,78,0,E3,20,20,0.0,0.1,0,0
mas_iterative,1134,default,178,20,20,78.3,3,4,66.71428571428571,28.5,73,137,52,78,0,E3,20,20,0.0,0.1,0,0
cbba,1134,default,152,20,20,69.9,1,4,60.816326530612244,28.5,6,105,565,3059,136,E3,20,20,0.0,0.1,0,0
claim,1135,default,160,20,20,83.85,2,4,71.3125,42.0,57,41,22,22,0,E3,20,20,0.0,0.1,0,0
mas,1135,default,169,20,20,80.85,3,4,66.91666666666667,36.0,78,69,52,78,0,E3,20,20,0.0,0.1,0,0
mas_iterative,1135,default,160,20,20,80.2,3,4,66.625,35.8,83,28,50,75,0,E3,20,20,0.0,0.1,0,0
cbba,1135,default,154,20,20,74.05,2,4,61.541666666666664,32.2,23,61,706,3834,171,E3,20,20,0.0,0.1,0,0
claim,1136,default,223,20,20,126.5,9,4,107.01960784313725,60.4,310,53,31,31,0,E3,20,20,0.0,0.1,0,0
mas,1136,default,175,20,20,92.35,1,4,78.29411764705883,44.6,31,80,50,75,0,E3,20,20,0.0,0.1,0,0
mas_iterative,1136,default,190,20,20,96.75,3,4,80.86274509803921,44.0,93,100,60,90,0,E3,20,20,0.0,0.1,0,0
cbba,1136,default,172,20,20,88.6,1,4,74.2156862745098,40.4,25,74,677,3647,164,E3,20,20,0.0,0.1,0,0
claim,1137,default,200,20,20,99.4,5,4,80.08510638297872,38.75,113,138,25,25,0,E3,20,20,0.0,0.1,0,0
mas,1137,default,180,20,20,85.65,1,4,68.34042553191489,32.25,28,124,46,69,0,E3,20,20,0.0,0.1,0,0
mas_iterative,1137,default,179,20,20,85.15,2,4,67.91489361702128,32.0,69,75,57,86,0,E3,20,20,0.0,0.1,0,0
cbba,1137,default,181,20,20,82.9,1,4,65.46808510638297,29.5,34,105,745,3993,181,E3,20,20,0.0,0.1,0,0
claim,1138,default,175,20,20,84.65,3,4,74.31481481481481,37.0,101,102,23,23,0,E3,20,20,0.0,0.1,0,0
mas,1138,default,151,20,20,77.2,3,4,66.5,31.0,72,69,52,78,0,E3,20,20,0.0,0.1,0,0
mas_iterative,1138,default,160,20,20,77.3,4,4,66.46296296296296,30.75,99,79,54,81,0,E3,20,20,0.0,0.1,0,0
cbba,1138,default,145,20,20,73.2,1,4,63.7962962962963,38.75,35,66,673,3663,163,E3,20,20,0.0,0.1,0,0
claim,1139,default,176,20,20,89.65,6,4,79.61111111111111,48.0,182,53,27,27,0,E3,20,20,0.0,0.1,0,0
mas,1139,default,165,20,20,79.2,2,4,70.03703703703704,39.0,41,134,60,91,0,E3,20,20,0.0,0.1,0,0
mas_iterative,1139,default,157,20,20,73.1,2,4,64.94444444444444,38.0,16,131,55,83,0,E3,20,20,0.0,0.1,0,0
cbba,1139,default,161,20,20,76.85,1,4,67.0925925925926,38.0,32,126,557,2999,134,E3,20,20,0.0,0.1,0,0
claim,1140,default,172,20,20,84.25,5,4,69.77083333333333,36.25,102,88,25,25,0,E3,20,20,0.0,0.1,0,0
mas,1140,default,177,20,20,86.1,5,4,70.27083333333333,36.25,130,91,54,81,0,E3,20,20,0.0,0.1,0,0
mas_iterative,1140,default,177,20,20,86.05,5,4,70.25,36.25,130,91,54,81,0,E3,20,20,0.0,0.1,0,0
cbba,1140,default,163,20,20,73.75,1,4,59.479166666666664,31.25,33,102,581,3137,140,E3,20,20,0.0,0.1,0,0
claim,1141,default,192,20,20,93.35,5,4,78.49090909090908,54.0,155,58,27,27,0,E3,20,20,0.0,0.1,0,0
mas,1141,default,174,20,20,91.15,3,4,76.47272727272727,50.375,89,69,50,75,0,E3,20,20,0.0,0.1,0,0
mas_iterative,1141,default,171,20,20,87.5,2,4,72.72727272727273,47.75,57,76,48,72,0,E3,20,20,0.0,0.1,0,0
cbba,1141,default,165,20,20,82.2,1,4,68.56363636363636,44.25,29,76,541,2865,130,E3,20,20,0.0,0.1,0,0
claim,1142,default,200,20,20,99.15,5,4,83.54,40.25,155,96,25,25,0,E3,20,20,0.0,0.1,0,0
mas,1142,default,172,20,20,89.8,4,4,75.48,34.25,96,57,54,81,0,E3,20,20,0.0,0.1,0,0
mas_iterative,1142,default,172,20,20,88.95,4,4,74.74,34.0,91,61,54,81,0,E3,20,20,0.0,0.1,0,0
cbba,1142,default,181,20,20,82.5,2,4,69.02,34.0,53,111,678,3628,164,E3,20,20,0.0,0.1,0,0
claim,1143,default,213,20,20,105.0,7,4,77.72093023255815,43.333333333333336,249,83,31,31,0,E3,20,20,0.0,0.1,0,0
mas,1143,default,184,20,20,85.0,2,4,65.62790697674419,42.0,45,128,50,75,0,E3,20,20,0.0,0.1,0,0
mas_iterative,1143,default,182,20,20,80.3,2,4,60.72093023255814,40.666666666666664,55,106,52,78,0,E3,20,20,0.0,0.1,0,0
cbba,1143,default,183,20,20,78.55,2,4,59.395348837209305,40.666666666666664,40,123,586,3108,141,E3,20,20,0.0,0.1,0,0
claim,1144,default,227,20,20,131.8,5,4,108.88235294117646,58.5,291,120,32,32,0,E3,20,20,0.0,0.1,0,0
mas,1144,default,168,20,20,88.1,2,4,71.23529411764706,45.0,49,98,49,74,0,E3,20,20,0.0,0.1,0,0
mas_iterative,1144,default,177,20,20,90.65,6,4,71.86274509803921,46.0,149,66,59,89,0,E3,20,20,0.0,0.1,0,0
cbba,1144,default,154,20,20,78.2,0,4,62.03921568627451,37.5,0,80,628,3404,152,E3,20,20,0.0,0.1,0,0
claim,1145,default,171,20,20,89.7,4,4,74.01785714285714,48.375,105,83,24,24,0,E3,20,20,0.0,0.1,0,0
mas,1145,default,180,20,20,79.75,4,4,63.80357142857143,40.875,108,95,58,87,0,E3,20,20,0.0,0.1,0,0
mas_iterative,1145,default,179,20,20,78.95,3,4,63.125,40.375,74,138,56,84,0,E3,20,20,0.0,0.1,0,0
cbba,1145,default,160,20,20,77.85,3,4,62.517857142857146,38.5,36,92,668,3624,161,E3,20,20,0.0,0.1,0,0
claim,1146,default,180,20,20,93.5,3,4,83.0909090909091,46.25,101,95,24,24,0,E3,20,20,0.0,0.1,0,0
mas,1146,default,151,20,20,80.95,1,4,71.58181818181818,35.25,9,56,57,86,0,E3,20,20,0.0,0.1,0,0
mas_iterative,1146,default,164,20,20,80.65,1,4,70.81818181818181,34.5,30,86,54,81,0,E3,20,20,0.0,0.1,0,0
cbba,1146,default,169,20,20,82.2,2,4,72.21818181818182,34.5,53,90,618,3286,149,E3,20,20,0.0,0.1,0,0
claim,1147,default,189,20,20,93.25,5,4,76.72340425531915,38.666666666666664,145,71,28,28,0,E3,20,20,0.0,0.1,0,0
mas,1147,default,160,20,20,79.8,0,4,65.74468085106383,31.333333333333332,0,82,46,69,0,E3,20,20,0.0,0.1,0,0
mas_iterative,1147,default,164,20,20,81.9,1,4,67.17021276595744,31.0,26,84,48,72,0,E3,20,20,0.0,0.1,0,0
cbba,1147,default,166,20,20,80.35,1,4,64.72340425531915,29.333333333333332,20,87,645,3473,156,E3,20,20,0.0,0.1,0,0
claim,1149,default,208,20,20,98.9,8,4,82.76923076923077,40.333333333333336,281,126,31,31,0,E3,20,20,0.0,0.1,0,0
mas,1149,default,147,20,20,72.9,3,4,63.51923076923077,39.333333333333336,47,108,52,78,0,E3,20,20,0.0,0.1,0,0
mas_iterative,1149,default,141,20,20,68.15,3,4,59.07692307692308,39.333333333333336,29,105,52,78,0,E3,20,20,0.0,0.1,0,0
cbba,1149,default,148,20,20,67.9,4,4,58.01923076923077,39.0,71,86,736,3862,178,E3,20,20,0.0,0.1,0,0
claim,1150,default,175,20,20,91.2,5,4,75.02083333333333,39.6,108,116,25,25,0,E3,20,20,0.0,0.1,0,0
mas,1150,default,160,20,20,78.65,1,4,62.083333333333336,30.0,33,111,55,83,0,E3,20,20,0.0,0.1,0,0
mas_iterative,1150,default,151,20,20,73.45,0,4,58.895833333333336,29.2,0,92,51,77,0,E3,20,20,0.0,0.1,0,0
cbba,1150,default,154,20,20,76.25,2,4,60.5,29.2,32,91,590,3110,142,E3,20,20,0.0,0.1,0,0
claim,1152,default,192,20,20,96.3,5,4,79.6875,42.75,148,98,26,26,0,E3,20,20,0.0,0.1,0,0
mas,1152,default,166,20,20,84.5,3,4,70.0,36.5,83,44,54,81,0,E3,20,20,0.0,0.1,0,0
mas_iterative,1152,default,160,20,20,83.55,3,4,69.33333333333333,36.25,52,26,54,81,0,E3,20,20,0.0,0.1,0,0
cbba,1152,default,170,20,20,81.1,1,4,65.6875,31.75,34,101,698,3800,169,E3,20,20,0.0,0.1,0,0
claim,1153,default,245,20,20,121.45,8,4,102.28301886792453,46.2,254,128,30,30,0,E3,20,20,0.0,0.1,0,0
mas,1153,default,188,20,20,87.7,0,4,74.32075471698113,41.6,0,138,46,69,0,E3,20,20,0.0,0.1,0,0
mas_iterative,1153,default,185,20,20,86.75,0,4,73.69811320754717,41.2,0,126,46,69,0,E3,20,20,0.0,0.1,0,0
cbba,1153,default,188,20,20,87.1,1,4,73.67924528301887,41.2,41,98,593,3083,143,E3,20,20,0.0,0.1,0,0
claim,1155,default,213,20,20,96.9,7,4,73.5625,40.0,243,105,30,30,0,E3,20,20,0.0,0.1,0,0
mas,1155,default,171,20,20,79.65,2,4,61.104166666666664,30.0,46,54,57,86,0,E3,20,20,0.0,0.1,0,0
mas_iterative,1155,default,170,20,20,78.75,1,4,60.270833333333336,29.4,5,90,46,69,0,E3,20,20,0.0,0.1,0,0
cbba,1155,default,165,20,20,75.95,1,4,58.458333333333336,33.4,10,91,681,3697,165,E3,20,20,0.0,0.1,0,0
claim,1156,default,212,20,20,118.05,5,4,106.12765957446808,30.0,203,100,28,28,0,E3,20,20,0.0,0.1,0,0
mas,1156,default,185,20,20,96.2,4,4,83.38297872340425,29.0,118,86,61,92,0,E3,20,20,0.0,0.1,0,0
mas_iterative,1156,default,182,20,20,88.35,5,4,77.08510638297872,29.0,79,104,57,86,0,E3,20,20,0.0,0.1,0,0
cbba,1156,default,167,20,20,86.45,2,4,75.1063829787234,29.0,52,68,562,2994,135,E3,20,20,0.0,0.1,0,0
claim,1157,default,180,20,20,99.9,5,4,84.6875,35.666666666666664,122,65,27,27,0,E3,20,20,0.0,0.1,0,0
mas,1157,default,158,20,20,85.55,2,4,71.91666666666667,35.666666666666664,46,66,53,80,0,E3,20,20,0.0,0.1,0,0
mas_iterative,1157,default,161,20,20,87.9,2,4,73.91666666666667,40.666666666666664,57,63,48,72,0,E3,20,20,0.0,0.1,0,0
cbba,1157,default,153,20,20,79.25,0,4,66.14583333333333,29.666666666666668,0,65,596,3210,144,E3,20,20,0.0,0.1,0,0
claim,1000,default,178,20,20,87.35,7,4,73.06521739130434,32.0,163,131,30,30,0,E3,20,20,0.0,0.2,0,0
mas,1000,default,175,20,20,86.85,8,4,70.80434782608695,32.0,204,84,66,99,0,E3,20,20,0.0,0.2,0,0
mas_iterative,1000,default,161,20,20,77.9,6,4,62.71739130434783,28.333333333333332,130,89,64,96,0,E3,20,20,0.0,0.2,0,0
cbba,1000,default,150,20,20,73.5,6,4,60.04347826086956,27.333333333333332,100,55,826,4480,200,E3,20,20,0.0,0.2,0,0
claim,1001,default,157,20,20,84.0,4,4,74.32142857142857,40.4,91,48,24,24,0,E3,20,20,0.0,0.2,0,0
mas,1001,default,154,20,20,77.15,4,4,66.85714285714286,36.6,74,80,54,81,0,E3,20,20,0.0,0.2,0,0
mas_iterative,1001,default,154,20,20,77.0,4,4,66.67857142857143,36.4,77,77,54,81,0,E3,20,20,0.0,0.2,0,0
cbba,1001,default,153,20,20,76.35,5,4,65.53571428571429,35.8,124,24,672,3510,161,E3,20,20,0.0,0.2,0,0
claim,1002,default,202,20,20,92.35,6,4,74.69565217391305,47.0,242,37,31,31,0,E3,20,20,0.0,0.2,0,0
mas,1002,default,191,20,20,90.45,6,4,72.21739130434783,41.75,175,76,60,90,0,E3,20,20,0.0,0.2,0,0
mas_iterative,1002,default,173,20,20,85.9,4,4,68.91304347826087,41.25,108,67,50,75,0,E3,20,20,0.0,0.2,0,0
cbba,1002,default,186,20,20,85.8,5,4,67.78260869565217,34.75,97,138,882,4738,214,E3,20,20,0.0,0.2,0,0
claim,1003,default,178,20,20,87.15,7,4,69.60416666666667,46.666666666666664,166,111,27,27,0,E3,20,20,0.0,0.2,0,0
mas,1003,default,175,20,20,81.8,8,4,64.75,44.5,192,78,60,90,0,E3,20,20,0.0,0.2,0,0
mas_iterative,1003,default,168,20,20,81.95,7,4,64.79166666666667,44.5,160,68,67,101,0,E3,20,20,0.0,0.2,0,0
cbba,1003,default,148,20,20,70.0,2,4,55.3125,35.5,54,30,635,3301,153,E3,20,20,0.0,0.2,0,0
claim,1004,default,227,20,20,101.35,8,4,86.2127659574468,40.0,301,66,33,33,0,E3,20,20,0.0,0.2,0,0
mas,1004,default,187,20,20,87.9,5,4,74.57446808510639,29.333333333333332,104,138,64,96,0,E3,20,20,0.0,0.2,0,0
mas_iterative,1004,default,184,20,20,90.75,6,4,76.80851063829788,31.333333333333332,123,79,60,90,0,E3,20,20,0.0,0.2,0,0
cbba,1004,default,167,20,20,77.45,2,4,65.19148936170212,29.0,49,94,650,3424,157,E3,20,20,0.0,0.2,0,0
claim,1005,default,171,20,20,87.95,7,4,75.14545454545454,47.666666666666664,254,44,31,31,0,E3,20,20,0.0,0.2,0,0
mas,1005,default,164,20,20,79.05,7,4,69.38181818181818,43.0,126,120,68,102,0,E3,20,20,0.0,0.2,0,0
mas_iterative,1005,default,156,20,20,72.85,3,4,64.27272727272727,42.0,81,116,52,78,0,E3,20,20,0.0,0.2,0,0
cbba,1005,default,140,20,20,65.25,0,4,57.45454545454545,38.0,0,124,680,3664,165,E3,20,20,0.0,0.2,0,0
claim,1006,default,184,20,20,99.0,6,4,82.02564102564102,38.0,183,104,29,29,0,E3,20,20,0.0,0.2,0,0
mas,1006,default,160,20,20,74.6,2,4,62.1025641025641,29.0,72,78,58,87,0,E3,20,20,0.0,0.2,0,0
mas_iterative,1006,default,150,20,20,68.55,2,4,57.23076923076923,28.5,15,61,50,75,0,E3,20,20,0.0,0.2,0,0
cbba,1006,default,152,20,20,69.25,2,4,57.256410256410255,28.5,63,60,721,3793,174,E3,20,20,0.0,0.2,0,0
claim,1007,default,142,20,20,80.1,4,4,70.24444444444444,33.0,87,43,24,24,0,E3,20,20,0.0,0.2,0,0
mas,1007,default,128,20,20,76.6,3,4,67.8,33.0,68,50,48,72,0,E3,20,20,0.0,0.2,0,0
mas_iterative,1007,default,127,20,20,76.25,3,4,67.4888888888889,33.0,67,47,48,72,0,E3,20,20,0.0,0.2,0,0
cbba,1007,default,133,20,20,70.2,2,4,60.93333333333333,28.0,27,85,606,3176,146,E3,20,20,0.0,0.2,0,0
claim,1008,default,226,20,20,104.3,7,4,88.9,36.25,294,107,33,33,0,E3,20,20,0.0,0.2,0,0
mas,1008,default,176,20,20,91.75,8,4,78.34,30.5,140,39,62,93,0,E3,20,20,0.0,0.2,0,0
mas_iterative,1008,default,196,20,20,92.35,9,4,78.02,30.25,200,85,70,105,0,E3,20,20,0.0,0.2,0,0
cbba,1008,default,177,20,20,83.7,3,4,70.64,30.25,93,99,797,4343,193,E3,20,20,0.0,0.2,0,0
claim,1009,default,215,20,20,107.8,8,4,88.38297872340425,33.333333333333336,266,48,32,32,0,E3,20,20,0.0,0.2,0,0
mas,1009,default,220,20,20,102.8,8,4,85.12765957446808,33.333333333333336,200,77,60,90,0,E3,20,20,0.0,0.2,0,0
mas_iterative,1009,default,212,20,20,104.05,6,4,85.12765957446808,33.333333333333336,215,67,60,90,0,E3,20,20,0.0,0.2,0,0
cbba,1009,default,198,20,20,88.0,3,4,72.2127659574468,27.333333333333332,72,127,723,3907,175,E3,20,20,0.0,0.2,0,0
claim,1010,default,236,20,20,117.9,11,4,101.9622641509434,56.8,409,61,38,38,0,E3,20,20,0.0,0.2,0,0
mas,1010,default,165,20,20,89.9,7,4,75.73584905660377,40.8,137,47,71,108,0,E3,20,20,0.0,0.2,0,0
mas_iterative,1010,default,164,20,20,87.25,7,4,73.88679245283019,40.2,174,29,71,108,0,E3,20,20,0.0,0.2,0,0
cbba,1010,default,161,20,20,74.8,2,4,62.79245283018868,37.0,49,85,642,3438,155,E3,20,20,0.0,0.2,0,0
claim,1011,default,174,20,20,93.15,7,4,76.83333333333333,39.4,196,65,29,29,0,E3,20,20,0.0,0.2,0,0
mas,1011,default,175,20,20,82.7,6,4,67.98148148148148,37.2,138,84,58,87,0,E3,20,20,0.0,0.2,0,0
mas_iterative,1011,default,164,20,20,82.95,6,4,67.9074074074074,37.2,103,59,56,84,0,E3,20,20,0.0,0.2,0,0
cbba,1011,default,171,20,20,75.7,4,4,61.074074074074076,33.0,74,139,700,3756,169,E3,20,20,0.0,0.2,0,0
claim,1012,default,159,20,20,79.75,5,4,71.26415094339623,40.2,85,119,25,25,0,E3,20,20,0.0,0.2,0,0
mas,1012,default,168,20,20,78.15,5,4,68.77358490566037,35.0,157,75,58,87,0,E3,20,20,0.0,0.2,0,0
mas_iterative,1012,default,168,20,20,78.1,5,4,68.69811320754717,34.8,158,74,58,87,0,E3,20,20,0.0,0.2,0,0
cbba,1012,default,147,20,20,67.75,3,4,59.41509433962264,34.8,55,125,796,4346,193,E3,20,20,0.0,0.2,0,0
claim,1013,default,176,20,20,84.3,3,4,76.92682926829268,nan,75,134,23,23,0,E3,20,20,0.0,0.2,0,0
mas,1013,default,162,20,20,80.5,2,4,71.48780487804878,nan,110,52,52,78,0,E3,20,20,0.0,0.2,0,0
mas_iterative,1013,default,161,20,20,78.15,2,4,69.85365853658537,nan,69,85,50,75,0,E3,20,20,0.0,0.2,0,0
cbba,1013,default,158,20,20,75.4,4,4,67.1951219512195,nan,52,85,616,3306,148,E3,20,20,0.0,0.2,0,0
claim,1014,default,237,20,20,95.9,9,4,78.6,28.5,428,37,41,41,0,E3,20,20,0.0,0.2,0,0
mas,1014,default,191,20,20,88.3,5,4,75.22,28.5,124,121,54,81,0,E3,20,20,0.0,0.2,0,0
mas_iterative,1014,default,198,20,20,96.9,5,4,80.62,28.5,210,95,63,95,0,E3,20,20,0.0,0.2,0,0
cbba,1014,default,170,20,20,76.55,2,4,64.04,28.0,57,77,686,3628,166,E3,20,20,0.0,0.2,0,0
claim,1015,default,191,20,20,100.8,4,4,88.6,34.0,127,94,25,25,0,E3,20,20,0.0,0.2,0,0
mas,1015,default,200,20,20,96.85,5,4,86.0,34.0,178,86,60,90,0,E3,20,20,0.0,0.2,0,0
mas_iterative,1015,default,181,20,20,87.3,3,4,77.96,34.0,96,33,56,84,0,E3,20,20,0.0,0.2,0,0
cbba,1015,default,172,20,20,85.45,2,4,75.5,34.0,32,93,695,3769,168,E3,20,20,0.0,0.2,0,0
claim,1016,default,172,20,20,82.95,11,4,65.56,40.166666666666664,242,62,34,34,0,E3,20,20,0.0,0.2,0,0
mas,1016,default,148,20,20,70.3,4,4,57.28,36.166666666666664,73,114,54,81,0,E3,20,20,0.0,0.2,0,0
mas_iterative,1016,default,146,20,20,63.65,3,4,51.36,35.166666666666664,119,59,60,90,0,E3,20,20,0.0,0.2,0,0
cbba,1016,default,134,20,20,66.75,4,4,53.78,35.166666666666664,78,53,749,3947,181,E3,20,20,0.0,0.2,0,0
claim,1017,default,195,20,20,92.65,7,4,80.11538461538461,41.666666666666664,210,62,32,32,0,E3,20,20,0.0,0.2,0,0
mas,1017,default,170,20,20,88.45,6,4,75.4423076923077,36.333333333333336,156,40,56,84,0,E3,20,20,0.0,0.2,0,0
mas_iterative,1017,default,177,20,20,82.05,5,4,70.96153846153847,36.0,76,124,52,78,0,E3,20,20,0.0,0.2,0,0
cbba,1017,default,152,20,20,70.7,0,4,61.44230769230769,36.0,0,112,648,3484,157,E3,20,20,0.0,0.2,0,0
claim,1018,default,202,20,20,110.1,6,4,87.22727272727273,32.666666666666664,142,71,26,26,0,E3,20,20,0.0,0.2,0,0
mas,1018,default,230,20,20,109.25,7,4,85.79545454545455,32.666666666666664,161,163,58,87,0,E3,20,20,0.0,0.2,0,0
mas_iterative,1018,default,226,20,20,102.5,7,4,79.38636363636364,32.666666666666664,221,79,64,96,0,E3,20,20,0.0,0.2,0,0
cbba,1018,default,203,20,20,96.35,4,4,75.29545454545455,32.666666666666664,108,131,781,4253,189,E3,20,20,0.0,0.2,0,0
claim,1019,default,195,20,20,96.7,5,4,83.52941176470588,32.0,175,105,26,26,0,E3,20,20,0.0,0.2,0,0
mas,1019,default,172,20,20,78.8,1,4,68.3529411764706,32.0,41,106,48,72,0,E3,20,20,0.0,0.2,0,0
mas_iterative,1019,default,184,20,20,83.65,4,4,72.41176470588235,32.0,172,44,60,90,0,E3,20,20,0.0,0.2,0,0
cbba,1019,default,176,20,20,81.35,5,4,69.56862745098039,32.0,93,92,817,4399,198,E3,20,20,0.0,0.2,0,0
claim,1020,default,226,20,20,121.65,7,4,98.1086956521739,28.5,277,116,31,31,0,E3,20,20,0.0,0.2,0,0
mas,1020,default,210,20,20,104.3,6,4,86.32608695652173,28.5,177,125,62,93,0,E3,20,20,0.0,0.2,0,0
mas_iterative,1020,default,212,20,20,106.1,7,4,85.78260869565217,28.5,229,106,70,105,0,E3,20,20,0.0,0.2,0,0
cbba,1020,default,173,20,20,85.3,2,4,70.1304347826087,28.5,40,93,658,3542,159,E3,20,20,0.0,0.2,0,0
claim,1021,default,181,20,20,88.6,8,4,73.97826086956522,35.666666666666664,137,38,30,30,0,E3,20,20,0.0,0.2,0,0
mas,1021,default,168,20,20,79.9,5,4,66.26086956521739,35.666666666666664,93,114,68,102,0,E3,20,20,0.0,0.2,0,0
mas_iterative,1021,default,158,20,20,74.3,2,4,59.69565217391305,28.333333333333332,42,89,52,78,0,E3,20,20,0.0,0.2,0,0
cbba,1021,default,144,20,20,71.2,1,4,58.32608695652174,28.333333333333332,37,22,617,3237,149,E3,20,20,0.0,0.2,0,0
claim,1022,default,172,20,20,94.25,5,4,81.54901960784314,41.5,101,44,25,25,0,E3,20,20,0.0,0.2,0,0
mas,1022,default,181,20,20,82.6,5,4,68.41176470588235,41.5,117,102,60,90,0,E3,20,20,0.0,0.2,0,0
mas_iterative,1022,default,185,20,20,80.6,4,4,66.6470588235294,41.0,110,117,60,90,0,E3,20,20,0.0,0.2,0,0
cbba,1022,default,155,20,20,79.35,2,4,67.54901960784314,36.25,28,58,578,3084,139,E3,20,20,0.0,0.2,0,0
claim,1023,default,238,20,20,123.0,7,4,105.31372549019608,38.0,260,141,30,30,0,E3,20,20,0.0,0.2,0,0
mas,1023,default,200,20,20,103.05,6,4,86.33333333333333,33.333333333333336,141,114,58,87,0,E3,20,20,0.0,0.2,0,0
mas_iterative,1023,default,200,20,20,95.65,4,4,80.66666666666667,33.333333333333336,104,118,50,75,0,E3,20,20,0.0,0.2,0,0
cbba,1023,default,180,20,20,88.05,2,4,73.66666666666667,29.0,67,63,776,4086,188,E3,20,20,0.0,0.2,0,0
claim,1024,default,221,20,20,130.25,5,4,114.34693877551021,54.333333333333336,255,113,30,30,0,E3,20,20,0.0,0.2,0,0
mas,1024,default,170,20,20,80.75,1,4,69.9795918367347,29.666666666666668,8,113,48,73,0,E3,20,20,0.0,0.2,0,0
mas_iterative,1024,default,164,20,20,83.3,2,4,70.77551020408163,29.0,83,25,54,82,0,E3,20,20,0.0,0.2,0,0
cbba,1024,default,169,20,20,82.35,1,4,70.3265306122449,29.0,37,93,677,3631,164,E3,20,20,0.0,0.2,0,0
claim,1025,default,174,20,20,86.0,6,4,71.57142857142857,40.5,193,48,28,28,0,E3,20,20,0.0,0.2,0,0
mas,1025,default,164,20,20,81.55,5,4,66.34693877551021,40.25,120,106,52,78,0,E3,20,20,0.0,0.2,0,0
mas_iterative,1025,default,180,20,20,84.15,8,4,67.59183673469387,40.0,182,98,62,93,0,E3,20,20,0.0,0.2,0,0
cbba,1025,default,131,20,20,65.45,1,4,53.69387755102041,37.5,11,72,641,3427,155,E3,20,20,0.0,0.2,0,0
claim,1026,default,194,20,20,111.15,6,4,94.24528301886792,46.833333333333336,196,57,28,28,0,E3,20,20,0.0,0.2,0,0
mas,1026,default,163,20,20,89.85,1,4,76.18867924528301,40.0,30,42,50,75,0,E3,20,20,0.0,0.2,0,0
mas_iterative,1026,default,173,20,20,90.55,2,4,76.24528301886792,39.666666666666664,53,75,50,75,0,E3,20,20,0.0,0.2,0,0
cbba,1026,default,153,20,20,82.25,1,4,69.71698113207547,40.833333333333336,10,40,601,3175,145,E3,20,20,0.0,0.2,0,0
claim,1027,default,259,20,20,137.55,12,4,112.95744680851064,54.5,456,100,39,39,0,E3,20,20,0.0,0.2,0,0
mas,1027,default,189,20,20,100.3,5,4,82.70212765957447,39.25,203,33,63,95,0,E3,20,20,0.0,0.2,0,0
mas_iterative,1027,default,180,20,20,91.05,3,4,74.0,31.75,89,89,54,82,0,E3,20,20,0.0,0.2,0,0
cbba,1027,default,170,20,20,80.65,1,4,65.38297872340425,32.25,7,110,585,3165,141,E3,20,20,0.0,0.2,0,0
claim,1028,default,295,20,20,155.85,10,4,131.38636363636363,43.0,596,39,43,43,0,E3,20,20,0.0,0.2,0,0
mas,1028,default,191,20,20,98.35,3,4,76.13636363636364,28.5,123,82,56,85,0,E3,20,20,0.0,0.2,0,0
mas_iterative,1028,default,174,20,20,88.65,3,4,71.11363636363636,27.5,62,90,56,85,0,E3,20,20,0.0,0.2,0,0
cbba,1028,default,187,20,20,90.3,5,4,72.3409090909091,27.5,115,91,798,4212,193,E3,20,20,0.0,0.2,0,0
claim,1030,default,176,20,20,92.6,6,4,76.0952380952381,43.5,148,81,28,28,0,E3,20,20,0.0,0.2,0,0
mas,1030,default,161,20,20,76.65,3,4,61.04761904761905,34.0,76,103,58,87,0,E3,20,20,0.0,0.2,0,0
mas_iterative,1030,default,159,20,20,77.4,2,4,61.666666666666664,33.5,62,76,56,84,0,E3,20,20,0.0,0.2,0,0
cbba,1030,default,154,20,20,71.3,0,4,57.285714285714285,33.5,0,98,628,3362,152,E3,20,20,0.0,0.2,0,0
claim,1031,default,226,20,20,103.7,10,4,85.14545454545454,46.714285714285715,257,142,33,33,0,E3,20,20,0.0,0.2,0,0
mas,1031,default,192,20,20,102.8,6,4,85.25454545454545,47.142857142857146,199,79,68,102,0,E3,20,20,0.0,0.2,0,0
mas_iterative,1031,default,198,20,20,101.25,6,4,84.14545454545454,46.57142857142857,218,57,68,102,0,E3,20,20,0.0,0.2,0,0
cbba,1031,default,165,20,20,80.75,2,4,66.49090909090908,34.857142857142854,40,79,663,3645,160,E3,20,20,0.0,0.2,0,0
claim,1032,default,201,20,20,104.25,9,4,85.38297872340425,34.0,232,82,31,31,0,E3,20,20,0.0,0.2,0,0
mas,1032,default,181,20,20,91.25,8,4,76.06382978723404,34.0,197,51,64,96,0,E3,20,20,0.0,0.2,0,0
mas_iterative,1032,default,169,20,20,87.8,6,4,71.44680851063829,34.0,144,23,60,90,0,E3,20,20,0.0,0.2,0,0
cbba,1032,default,161,20,20,78.4,3,4,63.148936170212764,33.5,46,105,692,3828,167,E3,20,20,0.0,0.2,0,0
claim,1033,default,190,20,20,99.45,4,4,84.85185185185185,50.4,107,49,24,24,0,E3,20,20,0.0,0.2,0,0
mas,1033,default,226,20,20,94.35,7,4,78.24074074074075,45.6,217,142,68,102,0,E3,20,20,0.0,0.2,0,0
mas_iterative,1033,default,179,20,20,85.95,2,4,72.81481481481481,45.0,71,66,60,90,0,E3,20,20,0.0,0.2,0,0
cbba,1033,default,208,20,20,92.9,3,4,78.55555555555556,50.0,89,156,704,3784,170,E3,20,20,0.0,0.2,0,0
claim,1034,default,193,20,20,98.5,7,4,77.84444444444445,48.5,166,64,28,28,0,E3,20,20,0.0,0.2,0,0
mas,1034,default,202,20,20,96.0,9,4,74.0,37.5,156,77,70,105,0,E3,20,20,0.0,0.2,0,0
mas_iterative,1034,default,196,20,20,92.3,7,4,72.06666666666666,37.0,148,93,68,102,0,E3,20,20,0.0,0.2,0,0
cbba,1034,default,169,20,20,82.1,2,4,63.91111111111111,27.5,39,46,703,3797,170,E3,20,20,0.0,0.2,0,0
claim,1035,default,180,20,20,92.45,7,4,80.72222222222223,38.6,151,64,27,27,0,E3,20,20,0.0,0.2,0,0
mas,1035,default,225,20,20,104.1,10,4,89.07407407407408,38.6,326,98,70,105,0,E3,20,20,0.0,0.2,0,0
mas_iterative,1035,default,203,20,20,99.35,9,4,85.96296296296296,38.6,286,46,73,110,0,E3,20,20,0.0,0.2,0,0
cbba,1035,default,165,20,20,78.65,4,4,67.25925925925925,33.4,88,74,845,4579,205,E3,20,20,0.0,0.2,0,0
claim,1036,default,236,20,20,117.6,10,4,94.87755102040816,44.5,276,111,30,30,0,E3,20,20,0.0,0.2,0,0
mas,1036,default,195,20,20,100.7,4,4,82.04081632653062,37.75,97,92,50,75,0,E3,20,20,0.0,0.2,0,0
mas_iterative,1036,default,195,20,20,100.65,4,4,81.95918367346938,37.5,98,91,50,75,0,E3,20,20,0.0,0.2,0,0
cbba,1036,default,181,20,20,93.15,2,4,76.0,35.25,53,63,671,3635,162,E3,20,20,0.0,0.2,0,0
claim,1037,default,213,20,20,103.5,7,4,79.56521739130434,43.2,256,31,32,32,0,E3,20,20,0.0,0.2,0,0
mas,1037,default,184,20,20,96.2,4,4,74.6304347826087,38.6,91,86,52,78,0,E3,20,20,0.0,0.2,0,0
mas_iterative,1037,default,207,20,20,102.25,5,4,78.1304347826087,39.6,171,77,64,96,0,E3,20,20,0.0,0.2,0,0
cbba,1037,default,178,20,20,87.4,2,4,66.78260869565217,33.8,25,102,718,3850,174,E3,20,20,0.0,0.2,0,0
claim,1038,default,183,20,20,90.45,4,4,77.17241379310344,47.0,96,110,24,24,0,E3,20,20,0.0,0.2,0,0
mas,1038,default,173,20,20,86.0,3,4,73.29310344827586,45.833333333333336,65,93,52,78,0,E3,20,20,0.0,0.2,0,0
mas_iterative,1038,default,183,20,20,86.1,4,4,73.08620689655173,45.833333333333336,90,110,50,75,0,E3,20,20,0.0,0.2,0,0
cbba,1038,default,170,20,20,77.7,2,4,65.05172413793103,42.333333333333336,55,109,666,3526,161,E3,20,20,0.0,0.2,0,0
claim,1039,default,211,20,20,99.2,6,4,81.92857142857143,39.666666666666664,164,141,27,27,0,E3,20,20,0.0,0.2,0,0
mas,1039,default,188,20,20,88.0,4,4,73.30357142857143,36.333333333333336,133,86,69,104,0,E3,20,20,0.0,0.2,0,0
mas_iterative,1039,default,188,20,20,84.55,2,4,68.19642857142857,32.5,85,129,58,87,0,E3,20,20,0.0,0.2,0,0
cbba,1039,default,194,20,20,81.3,3,4,67.05357142857143,32.5,141,110,741,3873,179,E3,20,20,0.0,0.2,0,0
claim,1040,default,177,20,20,102.3,7,4,89.3265306122449,46.0,174,55,28,28,0,E3,20,20,0.0,0.2,0,0
mas,1040,default,179,20,20,99.9,7,4,85.61224489795919,46.0,172,78,73,111,0,E3,20,20,0.0,0.2,0,0
mas_iterative,1040,default,175,20,20,83.75,5,4,71.95918367346938,50.0,153,43,60,90,0,E3,20,20,0.0,0.2,0,0
cbba,1040,default,162,20,20,89.45,3,4,76.55102040816327,50.0,88,59,872,4788,212,E3,20,20,0.0,0.2,0,0
claim,1041,default,218,20,20,101.05,7,4,79.98,36.5,275,88,35,35,0,E3,20,20,0.0,0.2,0,0
mas,1041,default,192,20,20,98.1,6,4,79.72,36.5,174,102,56,84,0,E3,20,20,0.0,0.2,0,0
mas_iterative,1041,default,191,20,20,98.05,6,4,79.7,36.5,174,98,56,84,0,E3,20,20,0.0,0.2,0,0
cbba,1041,default,152,20,20,77.25,3,4,62.7,30.75,34,67,787,4227,191,E3,20,20,0.0,0.2,0,0
claim,1042,default,262,20,20,102.25,10,4,80.48076923076923,38.2,530,76,41,41,0,E3,20,20,0.0,0.2,0,0
mas,1042,default,177,20,20,86.5,7,4,70.9423076923077,38.2,162,101,60,90,0,E3,20,20,0.0,0.2,0,0
mas_iterative,1042,default,187,20,20,84.75,8,4,68.07692307692308,31.6,199,62,74,111,0,E3,20,20,0.0,0.2,0,0
cbba,1042,default,164,20,20,76.05,6,4,60.65384615384615,28.6,106,96,850,4532,206,E3,20,20,0.0,0.2,0,0
claim,1043,default,204,20,20,94.95,10,4,73.21052631578948,31.0,259,80,37,37,0,E3,20,20,0.0,0.2,0,0
mas,1043,default,176,20,20,80.5,6,4,61.31578947368421,31.0,154,81,68,102,0,E3,20,20,0.0,0.2,0,0
mas_iterative,1043,default,169,20,20,80.9,6,4,61.5,31.0,175,36,64,96,0,E3,20,20,0.0,0.2,0,0
cbba,1043,default,161,20,20,77.2,4,4,59.0,31.0,67,72,813,4429,197,E3,20,20,0.0,0.2,0,0
claim,1044,default,191,20,20,98.3,9,4,84.08,45.5,216,77,31,31,0,E3,20,20,0.0,0.2,0,0
mas,1044,default,176,20,20,89.85,5,4,77.02,45.5,148,73,62,93,0,E3,20,20,0.0,0.2,0,0
mas_iterative,1044,default,177,20,20,85.15,6,4,72.74,39.75,100,125,62,93,0,E3,20,20,0.0,0.2,0,0
cbba,1044,default,180,20,20,83.1,4,4,70.44,39.5,150,83,678,3526,163,E3,20,20,0.0,0.2,0,0
claim,1045,default,247,20,20,111.95,7,4,89.5576923076923,39.0,280,145,30,30,0,E3,20,20,0.0,0.2,0,0
mas,1045,default,194,20,20,88.8,2,4,73.28846153846153,32.25,30,125,48,72,0,E3,20,20,0.0,0.2,0,0
mas_iterative,1045,default,194,20,20,88.6,2,4,73.0576923076923,32.0,31,124,48,72,0,E3,20,20,0.0,0.2,0,0
cbba,1045,default,177,20,20,86.0,3,4,71.03846153846153,32.0,75,62,657,3597,158,E3,20,20,0.0,0.2,0,0
claim,1046,default,231,20,20,120.65,10,4,102.88679245283019,57.4,351,77,35,35,0,E3,20,20,0.0,0.2,0,0
mas,1046,default,222,20,20,90.55,4,4,75.24528301886792,40.6,159,162,61,93,0,E3,20,20,0.0,0.2,0,0
mas_iterative,1046,default,189,20,20,84.65,4,4,70.83018867924528,34.4,53,138,58,88,0,E3,20,20,0.0,0.2,0,0
cbba,1046,default,185,20,20,80.25,2,4,67.58490566037736,33.8,34,135,626,3344,151,E3,20,20,0.0,0.2,0,0
claim,1047,default,174,20,20,86.95,7,4,72.64444444444445,43.0,229,27,31,31,0,E3,20,20,0.0,0.2,0,0
mas,1047,default,140,20,20,75.95,2,4,63.6,31.0,40,75,46,69,0,E3,20,20,0.0,0.2,0,0
mas_iterative,1047,default,140,20,20,75.7,2,4,63.31111111111111,30.5,40,75,46,69,0,E3,20,20,0.0,0.2,0,0
cbba,1047,default,149,20,20,74.1,2,4,60.44444444444444,28.0,42,99,682,3652,165,E3,20,20,0.0,0.2,0,0
claim,1048,default,232,20,20,139.65,9,4,122.06382978723404,56.0,357,63,34,34,0,E3,20,20,0.0,0.2,0,0
mas,1048,default,181,20,20,94.7,3,4,82.42553191489361,45.5,82,89,55,83,0,E3,20,20,0.0,0.2,0,0
mas_iterative,1048,default,179,20,20,90.35,4,4,78.42553191489361,44.5,99,86,53,80,0,E3,20,20,0.0,0.2,0,0
cbba,1048,default,183,20,20,91.2,4,4,76.8936170212766,30.0,136,66,782,4244,189,E3,20,20,0.0,0.2,0,0
claim,1049,default,248,20,20,122.15,10,4,106.36363636363636,39.333333333333336,375,75,39,39,0,E3,20,20,0.0,0.2,0,0
mas,1049,default,192,20,20,91.2,2,4,80.16363636363636,32.0,57,106,50,75,0,E3,20,20,0.0,0.2,0,0
mas_iterative,1049,default,184,20,20,92.25,4,4,80.89090909090909,31.666666666666668,86,43,54,81,0,E3,20,20,0.0,0.2,0,0
cbba,1049,default,184,20,20,87.5,2,4,76.18181818181819,31.666666666666668,71,52,611,3231,147,E3,20,20,0.0,0.2,0,0
claim,1050,default,217,20,20,99.2,7,4,80.8125,44.0,275,56,32,32,0,E3,20,20,0.0,0.2,0,0
mas,1050,default,190,20,20,93.4,3,4,77.47916666666667,44.0,84,131,48,72,0,E3,20,20,0.0,0.2,0,0
mas_iterative,1050,default,190,20,20,93.3,3,4,77.35416666666667,44.0,85,130,48,72,0,E3,20,20,0.0,0.2,0,0
cbba,1050,default,185,20,20,82.6,3,4,65.95833333333333,38.75,75,138,683,3597,165,E3,20,20,0.0,0.2,0,0
claim,1051,default,200,20,20,111.15,8,4,92.53333333333333,38.5,203,67,30,30,0,E3,20,20,0.0,0.2,0,0
mas,1051,default,186,20,20,93.3,5,4,78.06666666666666,38.5,97,103,54,81,0,E3,20,20,0.0,0.2,0,0
mas_iterative,1051,default,186,20,20,93.1,5,4,77.82222222222222,38.5,97,102,54,81,0,E3,20,20,0.0,0.2,0,0
cbba,1051,default,167,20,20,84.35,2,4,70.11111111111111,28.0,33,83,695,3821,168,E3,20,20,0.0,0.2,0,0
claim,1052,default,238,20,20,121.6,11,4,103.34782608695652,41.0,334,139,37,37,0,E3,20,20,0.0,0.2,0,0
mas,1052,default,200,20,20,90.7,6,4,76.43478260869566,38.0,156,142,63,95,0,E3,20,20,0.0,0.2,0,0
mas_iterative,1052,default,183,20,20,92.1,2,4,77.95652173913044,33.666666666666664,68,106,49,74,0,E3,20,20,0.0,0.2,0,0
cbba,1052,default,191,20,20,88.95,4,4,73.17391304347827,28.0,131,110,799,4309,193,E3,20,20,0.0,0.2,0,0
claim,1053,default,204,20,20,110.65,8,4,95.62745098039215,50.8,281,53,32,32,0,E3,20,20,0.0,0.2,0,0
mas,1053,default,184,20,20,91.55,5,4,77.6470588235294,37.4,160,81,58,87,0,E3,20,20,0.0,0.2,0,0
mas_iterative,1053,default,179,20,20,82.5,4,4,68.52941176470588,37.6,124,106,56,84,0,E3,20,20,0.0,0.2,0,0
cbba,1053,default,149,20,20,76.3,2,4,64.66666666666667,37.6,33,64,666,3580,161,E3,20,20,0.0,0.2,0,0
claim,1054,default,182,20,20,99.05,3,4,85.4090909090909,41.0,85,65,23,23,0,E3,20,20,0.0,0.2,0,0
mas,1054,default,199,20,20,98.0,5,4,81.29545454545455,28.5,156,90,56,84,0,E3,20,20,0.0,0.2,0,0
mas_iterative,1054,default,222,20,20,102.45,7,4,83.72727272727273,28.5,256,90,73,110,0,E3,20,20,0.0,0.2,0,0
cbba,1054,default,188,20,20,85.9,2,4,71.47727272727273,28.0,65,95,763,4147,185,E3,20,20,0.0,0.2,0,0
claim,1055,default,207,20,20,106.3,9,4,90.9622641509434,42.5,275,80,32,32,0,E3,20,20,0.0,0.2,0,0
mas,1055,default,165,20,20,88.4,4,4,78.15094339622641,44.25,118,34,52,78,0,E3,20,20,0.0,0.2,0,0
mas_iterative,1055,default,165,20,20,88.4,4,4,78.15094339622641,44.25,118,34,52,78,0,E3,20,20,0.0,0.2,0,0
cbba,1055,default,152,20,20,74.95,0,4,64.98113207547169,33.25,0,72,604,3188,146,E3,20,20,0.0,0.2,0,0
claim,1056,default,157,20,20,84.55,2,4,72.09433962264151,44.4,59,87,22,22,0,E3,20,20,0.0,0.2,0,0
mas,1056,default,169,20,20,82.8,2,4,68.9622641509434,40.2,57,114,46,69,0,E3,20,20,0.0,0.2,0,0
mas_iterative,1056,default,169,20,20,82.55,2,4,68.71698113207547,40.0,58,113,46,69,0,E3,20,20,0.0,0.2,0,0
cbba,1056,default,161,20,20,81.8,2,4,67.49056603773585,35.4,48,94,766,4140,186,E3,20,20,0.0,0.2,0,0
claim,1057,default,200,20,20,96.75,7,4,82.56140350877193,45.333333333333336,213,44,30,30,0,E3,20,20,0.0,0.2,0,0
mas,1057,default,179,20,20,93.0,4,4,78.29824561403508,38.5,113,59,60,90,0,E3,20,20,0.0,0.2,0,0
mas_iterative,1057,default,169,20,20,89.9,4,4,76.75438596491227,41.166666666666664,67,68,54,81,0,E3,20,20,0.0,0.2,0,0
cbba,1057,default,185,20,20,88.45,6,4,74.0,41.166666666666664,145,78,747,3935,180,E3,20,20,0.0,0.2,0,0
claim,1058,default,241,20,20,124.1,9,4,105.54901960784314,41.0,300,98,34,34,0,E3,20,20,0.0,0.2,0,0
mas,1058,default,204,20,20,98.85,6,4,82.90196078431373,31.25,131,102,60,90,0,E3,20,20,0.0,0.2,0,0
mas_iterative,1058,default,203,20,20,98.8,6,4,82.66666666666667,31.0,182,47,66,99,0,E3,20,20,0.0,0.2,0,0
cbba,1058,default,176,20,20,88.05,5,4,73.74509803921569,32.0,88,51,758,4080,183,E3,20,20,0.0,0.2,0,0
claim,1059,default,165,20,20,84.45,3,4,72.07692307692308,45.6,71,96,23,23,0,E3,20,20,0.0,0.2,0,0
mas,1059,default,178,20,20,78.2,3,4,64.0,35.4,104,131,56,84,0,E3,20,20,0.0,0.2,0,0
mas_iterative,1059,default,170,20,20,77.7,3,4,63.32692307692308,34.6,122,81,52,78,0,E3,20,20,0.0,0.2,0,0
cbba,1059,default,156,20,20,75.8,2,4,63.30769230769231,34.6,40,88,674,3690,163,E3,20,20,0.0,0.2,0,0
claim,1060,default,164,20,20,83.05,4,4,67.82608695652173,41.0,89,99,24,24,0,E3,20,20,0.0,0.2,0,0
mas,1060,default,169,20,20,81.8,6,4,66.45652173913044,41.0,95,54,62,93,0,E3,20,20,0.0,0.2,0,0
mas_iterative,1060,default,168,20,20,80.9,6,4,65.76086956521739,41.0,92,49,62,93,0,E3,20,20,0.0,0.2,0,0
cbba,1060,default,151,20,20,68.15,0,4,55.73913043478261,33.0,0,110,564,2984,136,E3,20,20,0.0,0.2,0,0
claim,1061,default,199,20,20,96.15,4,4,82.89583333333333,48.333333333333336,121,125,24,24,0,E3,20,20,0.0,0.2,0,0
mas,1061,default,186,20,20,87.75,3,4,73.95833333333333,32.0,121,92,60,90,0,E3,20,20,0.0,0.2,0,0
mas_iterative,1061,default,197,20,20,91.5,6,4,76.35416666666667,31.333333333333332,179,58,66,99,0,E3,20,20,0.0,0.2,0,0
cbba,1061,default,174,20,20,82.8,3,4,70.70833333333333,31.333333333333332,80,48,672,3512,162,E3,20,20,0.0,0.2,0,0
claim,1062,default,248,20,20,119.65,9,4,105.59322033898304,46.2,372,103,33,33,0,E3,20,20,0.0,0.2,0,0
mas,1062,default,222,20,20,105.3,7,4,93.52542372881356,41.4,278,71,72,108,0,E3,20,20,0.0,0.2,0,0
mas_iterative,1062,default,195,20,20,101.65,4,4,90.23728813559322,41.0,126,91,56,84,0,E3,20,20,0.0,0.2,0,0
cbba,1062,default,202,20,20,89.9,7,4,79.13559322033899,34.8,184,64,732,3858,176,E3,20,20,0.0,0.2,0,0
claim,1063,default,231,20,20,111.35,9,4,94.30188679245283,50.4,363,110,36,36,0,E3,20,20,0.0,0.2,0,0
mas,1063,default,164,20,20,83.8,5,4,70.71698113207547,42.2,169,64,60,90,0,E3,20,20,0.0,0.2,0,0
mas_iterative,1063,default,191,20,20,86.35,7,4,72.77358490566037,35.8,226,99,72,108,0,E3,20,20,0.0,0.2,0,0
cbba,1063,default,145,20,20,71.85,3,4,59.81132075471698,34.0,92,32,745,3961,180,E3,20,20,0.0,0.2,0,0
claim,1064,default,195,20,20,88.1,7,4,72.03571428571429,48.833333333333336,199,132,28,28,0,E3,20,20,0.0,0.2,0,0
mas,1064,default,180,20,20,80.75,6,4,67.66071428571429,48.833333333333336,84,153,58,87,0,E3,20,20,0.0,0.2,0,0
mas_iterative,1064,default,172,20,20,78.1,5,4,64.82142857142857,46.333333333333336,89,130,60,90,0,E3,20,20,0.0,0.2,0,0
cbba,1064,default,148,20,20,70.45,1,4,57.982142857142854,41.166666666666664,30,80,585,3117,141,E3,20,20,0.0,0.2,0,0
claim,1065,default,144,20,20,75.7,5,4,65.10416666666667,38.0,114,26,26,26,0,E3,20,20,0.0,0.2,0,0
mas,1065,default,185,20,20,79.25,8,4,66.85416666666667,38.0,218,112,72,108,0,E3,20,20,0.0,0.2,0,0
mas_iterative,1065,default,148,20,20,71.5,5,4,60.333333333333336,31.666666666666668,120,48,62,93,0,E3,20,20,0.0,0.2,0,0
cbba,1065,default,141,20,20,66.6,4,4,56.729166666666664,31.666666666666668,67,49,676,3574,163,E3,20,20,0.0,0.2,0,0
claim,1066,default,206,20,20,110.1,7,4,88.52727272727273,42.57142857142857,282,77,30,30,0,E3,20,20,0.0,0.2,0,0
mas,1066,default,179,20,20,80.4,5,4,64.98181818181818,37.0,127,93,58,87,0,E3,20,20,0.0,0.2,0,0
mas_iterative,1066,default,165,20,20,76.8,5,4,62.70909090909091,37.0,117,24,62,93,0,E3,20,20,0.0,0.2,0,0
cbba,1066,default,143,20,20,75.55,2,4,62.018181818181816,36.285714285714285,45,32,634,3476,153,E3,20,20,0.0,0.2,0,0
claim,1067,default,179,20,20,98.2,3,4,83.625,41.0,65,40,23,23,0,E3,20,20,0.0,0.2,0,0
mas,1067,default,180,20,20,95.8,3,4,79.1875,31.0,83,43,52,78,0,E3,20,20,0.0,0.2,0,0
mas_iterative,1067,default,195,20,20,92.4,3,4,76.4375,30.5,132,48,52,78,0,E3,20,20,0.0,0.2,0,0
cbba,1067,default,186,20,20,86.6,2,4,71.58333333333333,35.5,63,99,727,3799,176,E3,20,20,0.0,0.2,0,0
claim,1068,default,252,20,20,101.05,10,4,82.94444444444444,38.0,438,51,39,39,0,E3,20,20,0.0,0.2,0,0
mas,1068,default,192,20,20,88.95,7,4,75.25925925925925,34.4,192,103,66,99,0,E3,20,20,0.0,0.2,0,0
mas_iterative,1068,default,182,20,20,84.75,6,4,71.9074074074074,34.2,153,60,58,87,0,E3,20,20,0.0,0.2,0,0
cbba,1068,default,175,20,20,80.3,5,4,67.53703703703704,28.2,129,41,719,3815,173,E3,20,20,0.0,0.2,0,0
claim,1069,default,207,20,20,93.8,9,4,78.07692307692308,44.6,291,44,36,36,0,E3,20,20,0.0,0.2,0,0
mas,1069,default,188,20,20,91.6,6,4,75.98076923076923,37.0,174,94,66,99,0,E3,20,20,0.0,0.2,0,0
mas_iterative,1069,default,191,20,20,90.65,7,4,75.46153846153847,36.8,159,109,64,96,0,E3,20,20,0.0,0.2,0,0
cbba,1069,default,165,20,20,76.9,1,4,64.23076923076923,31.2,42,102,638,3466,154,E3,20,20,0.0,0.2,0,0
claim,1070,default,199,20,20,93.25,6,4,80.60655737704919,45.57142857142857,227,57,30,30,0,E3,20,20,0.0,0.2,0,0
mas,1070,default,187,20,20,87.3,5,4,75.0327868852459,41.42857142857143,139,93,62,93,0,E3,20,20,0.0,0.2,0,0
mas_iterative,1070,default,185,20,20,86.65,5,4,74.54098360655738,41.142857142857146,144,84,70,106,0,E3,20,20,0.0,0.2,0,0
cbba,1070,default,167,20,20,83.0,4,4,71.59016393442623,39.42857142857143,74,47,824,4430,200,E3,20,20,0.0,0.2,0,0
claim,1071,default,233,20,20,111.85,10,4,85.94117647058823,37.2,307,108,33,33,0,E3,20,20,0.0,0.2,0,0
mas,1071,default,239,20,20,124.1,8,4,96.47058823529412,39.4,348,91,72,108,0,E3,20,20,0.0,0.2,0,0
mas_iterative,1071,default,189,20,20,97.65,5,4,77.88235294117646,35.6,117,99,56,84,0,E3,20,20,0.0,0.2,0,0
cbba,1071,default,176,20,20,83.4,2,4,65.58823529411765,33.2,37,112,654,3500,158,E3,20,20,0.0,0.2,0,0
claim,1072,default,242,20,20,122.25,7,4,110.94545454545455,62.75,350,185,36,36,0,E3,20,20,0.0,0.2,0,0
mas,1072,default,172,20,20,82.7,7,4,75.03636363636363,40.0,173,86,62,94,0,E3,20,20,0.0,0.2,0,0
mas_iterative,1072,default,153,20,20,77.45,4,4,70.58181818181818,39.25,125,34,53,80,0,E3,20,20,0.0,0.2,0,0
cbba,1072,default,131,20,20,64.0,1,4,58.054545454545455,34.5,21,60,685,3753,166,E3,20,20,0.0,0.2,0,0
claim,1073,default,171,20,20,92.55,5,4,78.16326530612245,39.0,163,44,26,26,0,E3,20,20,0.0,0.2,0,0
mas,1073,default,165,20,20,85.85,4,4,71.22448979591837,39.0,114,71,56,84,0,E3,20,20,0.0,0.2,0,0
mas_iterative,1073,default,191,20,20,89.6,4,4,74.3265306122449,39.0,139,136,56,84,0,E3,20,20,0.0,0.2,0,0
cbba,1073,default,157,20,20,77.75,2,4,65.06122448979592,32.75,46,86,598,3090,144,E3,20,20,0.0,0.2,0,0
claim,1074,default,218,20,20,103.7,8,4,87.01923076923077,44.6,249,120,31,31,0,E3,20,20,0.0,0.2,0,0
mas,1074,default,190,20,20,93.3,6,4,79.25,43.6,223,25,58,87,0,E3,20,20,0.0,0.2,0,0
mas_iterative,1074,default,190,20,20,93.3,6,4,79.25,43.6,223,25,58,87,0,E3,20,20,0.0,0.2,0,0
cbba,1074,default,155,20,20,77.25,3,4,63.88461538461539,38.8,68,50,784,4226,190,E3,20,20,0.0,0.2,0,0
claim,1075,default,194,20,20,104.7,5,4,83.02127659574468,43.0,178,49,26,26,0,E3,20,20,0.0,0.2,0,0
mas,1075,default,193,20,20,91.7,3,4,73.31914893617021,35.666666666666664,61,122,48,72,0,E3,20,20,0.0,0.2,0,0
mas_iterative,1075,default,192,20,20,91.8,2,4,73.19148936170212,35.333333333333336,57,121,52,78,0,E3,20,20,0.0,0.2,0,0
cbba,1075,default,184,20,20,90.35,2,4,71.27659574468085,27.666666666666668,25,111,634,3434,153,E3,20,20,0.0,0.2,0,0
claim,1076,default,235,20,20,110.8,9,4,88.4375,45.6,311,73,35,35,0,E3,20,20,0.0,0.2,0,0
mas,1076,default,213,20,20,97.75,4,4,77.29166666666667,37.6,125,134,54,81,0,E3,20,20,0.0,0.2,0,0
mas_iterative,1076,default,205,20,20,98.2,6,4,77.0625,37.2,166,63,64,96,0,E3,20,20,0.0,0.2,0,0
cbba,1076,default,219,20,20,95.65,5,4,74.125,32.6,127,152,790,4178,191,E3,20,20,0.0,0.2,0,0
claim,1077,default,193,20,20,96.2,7,4,76.69090909090909,45.75,152,122,28,28,0,E3,20,20,0.0,0.2,0,0
mas,1077,default,169,20,20,83.0,3,4,67.81818181818181,45.0,65,100,60,90,0,E3,20,20,0.0,0.2,0,0
mas_iterative,1077,default,169,20,20,82.4,3,4,67.34545454545454,44.75,65,100,60,90,0,E3,20,20,0.0,0.2,0,0
cbba,1077,default,166,20,20,83.1,5,4,66.36363636363636,42.625,76,47,815,4441,197,E3,20,20,0.0,0.2,0,0
claim,1078,default,214,20,20,105.8,8,4,82.78260869565217,40.666666666666664,269,77,30,30,0,E3,20,20,0.0,0.2,0,0
mas,1078,default,189,20,20,91.05,5,4,71.8695652173913,40.666666666666664,133,111,54,81,0,E3,20,20,0.0,0.2,0,0
mas_iterative,1078,default,172,20,20,88.6,5,4,70.5,40.333333333333336,104,28,58,87,0,E3,20,20,0.0,0.2,0,0
cbba,1078,default,151,20,20,76.3,1,4,60.80434782608695,40.333333333333336,25,66,561,3001,135,E3,20,20,0.0,0.2,0,0
claim,1079,default,193,20,20,96.45,8,4,76.82,38.5,207,70,28,28,0,E3,20,20,0.0,0.2,0,0
mas,1079,default,166,20,20,85.95,6,4,68.42,32.0,105,72,54,81,0,E3,20,20,0.0,0.2,0,0
mas_iterative,1079,default,166,20,20,85.9,6,4,68.34,31.75,106,71,54,81,0,E3,20,20,0.0,0.2,0,0
cbba,1079,default,164,20,20,80.75,2,4,63.4,28.5,68,83,755,4163,183,E3,20,20,0.0,0.2,0,0
claim,1080,default,200,20,20,87.25,9,4,73.86666666666666,35.333333333333336,267,44,32,32,0,E3,20,20,0.0,0.2,0,0
mas,1080,default,207,20,20,88.15,9,4,75.42222222222222,36.0,259,68,68,102,0,E3,20,20,0.0,0.2,0,0
mas_iterative,1080,default,167,20,20,70.05,3,4,60.24444444444445,35.666666666666664,97,64,60,90,0,E3,20,20,0.0,0.2,0,0
cbba,1080,default,144,20,20,66.2,1,4,57.22222222222222,35.666666666666664,11,85,601,3153,145,E3,20,20,0.0,0.2,0,0
claim,1081,default,202,20,20,93.6,7,4,75.38297872340425,29.333333333333332,282,28,32,32,0,E3,20,20,0.0,0.2,0,0
mas,1081,default,172,20,20,89.55,4,4,72.23404255319149,29.333333333333332,133,59,54,81,0,E3,20,20,0.0,0.2,0,0
mas_iterative,1081,default,172,20,20,89.45,4,4,72.17021276595744,29.333333333333332,134,58,52,78,0,E3,20,20,0.0,0.2,0,0
cbba,1081,default,154,20,20,76.85,4,4,62.191489361702125,29.333333333333332,75,46,760,4100,184,E3,20,20,0.0,0.2,0,0
claim,1082,default,205,20,20,95.45,7,4,75.41666666666667,35.25,199,127,29,29,0,E3,20,20,0.0,0.2,0,0
mas,1082,default,177,20,20,84.6,2,4,68.33333333333333,32.5,47,121,50,75,0,E3,20,20,0.0,0.2,0,0
mas_iterative,1082,default,180,20,20,83.5,2,4,66.79166666666667,27.5,38,131,58,87,0,E3,20,20,0.0,0.2,0,0
cbba,1082,default,182,20,20,89.3,3,4,70.10416666666667,27.5,107,107,762,4164,184,E3,20,20,0.0,0.2,0,0
claim,1083,default,201,20,20,100.5,7,4,81.13333333333334,35.75,222,69,30,30,0,E3,20,20,0.0,0.2,0,0
mas,1083,default,182,20,20,93.25,6,4,75.13333333333334,35.75,146,51,54,81,0,E3,20,20,0.0,0.2,0,0
mas_iterative,1083,default,182,20,20,92.95,6,4,74.93333333333334,35.75,145,52,54,81,0,E3,20,20,0.0,0.2,0,0
cbba,1083,default,175,20,20,80.2,5,4,64.26666666666667,29.75,139,46,622,3258,149,E3,20,20,0.0,0.2,0,0
claim,1084,default,206,20,20,105.6,6,4,92.71428571428571,51.666666666666664,188,49,27,27,0,E3,20,20,0.0,0.2,0,0
mas,1084,default,180,20,20,98.15,8,4,85.41071428571429,46.666666666666664,115,52,62,93,0,E3,20,20,0.0,0.2,0,0
mas_iterative,1084,default,186,20,20,98.0,8,4,85.19642857142857,46.333333333333336,127,72,68,102,0,E3,20,20,0.0,0.2,0,0
cbba,1084,default,198,20,20,85.85,2,4,73.78571428571429,37.5,81,153,736,3916,178,E3,20,20,0.0,0.2,0,0
claim,1085,default,195,20,20,89.3,10,4,74.3921568627451,36.5,256,29,33,33,0,E3,20,20,0.0,0.2,0,0
mas,1085,default,179,20,20,83.5,6,4,69.23529411764706,32.0,143,132,66,99,0,E3,20,20,0.0,0.2,0,0
mas_iterative,1085,default,187,20,20,77.65,5,4,63.509803921568626,31.75,131,129,62,93,0,E3,20,20,0.0,0.2,0,0
cbba,1085,default,170,20,20,69.9,2,4,58.84313725490196,31.75,35,155,574,3018,138,E3,20,20,0.0,0.2,0,0
claim,1086,default,173,20,20,88.5,7,4,73.77083333333333,39.25,164,64,28,28,0,E3,20,20,0.0,0.2,0,0
mas,1086,default,175,20,20,88.25,9,4,73.8125,39.25,202,63,70,105,0,E3,20,20,0.0,0.2,0,0
mas_iterative,1086,default,170,20,20,87.95,7,4,73.33333333333333,39.25,168,54,63,95,0,E3,20,20,0.0,0.2,0,0
cbba,1086,default,145,20,20,74.1,2,4,60.520833333333336,33.75,71,33,731,3935,177,E3,20,20,0.0,0.2,0,0
claim,1087,default,150,20,20,73.95,3,4,64.34146341463415,30.0,69,93,23,23,0,E3,20,20,0.0,0.2,0,0
mas,1087,default,172,20,20,69.7,4,4,58.58536585365854,30.0,164,86,68,102,0,E3,20,20,0.0,0.2,0,0
mas_iterative,1087,default,150,20,20,63.3,1,4,54.46341463414634,30.0,25,116,50,75,0,E3,20,20,0.0,0.2,0,0
cbba,1087,default,155,20,20,66.95,3,4,56.951219512195124,30.0,54,115,631,3345,152,E3,20,20,0.0,0.2,0,0
claim,1088,default,198,20,20,106.75,8,4,88.23913043478261,49.0,336,55,35,35,0,E3,20,20,0.0,0.2,0,0
mas,1088,default,174,20,20,95.9,3,4,79.8913043478261,49.0,147,115,65,98,0,E3,20,20,0.0,0.2,0,0
mas_iterative,1088,default,181,20,20,85.55,4,4,70.21739130434783,38.75,178,96,59,89,0,E3,20,20,0.0,0.2,0,0
cbba,1088,default,153,20,20,67.1,2,4,53.73913043478261,35.5,53,114,710,3756,172,E3,20,20,0.0,0.2,0,0
claim,1090,default,213,20,20,95.45,5,4,80.02564102564102,27.0,224,97,30,30,0,E3,20,20,0.0,0.2,0,0
mas,1090,default,195,20,20,89.0,4,4,74.71794871794872,27.0,110,144,52,78,0,E3,20,20,0.0,0.2,0,0
mas_iterative,1090,default,182,20,20,87.8,7,4,72.87179487179488,27.0,177,48,66,99,0,E3,20,20,0.0,0.2,0,0
cbba,1090,default,175,20,20,76.5,5,4,62.58974358974359,27.0,76,130,813,4415,197,E3,20,20,0.0,0.2,0,0
claim,1091,default,221,20,20,113.2,8,4,93.14893617021276,47.0,258,54,29,29,0,E3,20,20,0.0,0.2,0,0
mas,1091,default,219,20,20,97.2,4,4,79.51063829787235,40.0,153,138,56,84,0,E3,20,20,0.0,0.2,0,0
mas_iterative,1091,default,202,20,20,107.35,5,4,88.29787234042553,39.5,153,90,65,98,0,E3,20,20,0.0,0.2,0,0
cbba,1091,default,192,20,20,100.7,4,4,82.55319148936171,39.5,111,88,777,4269,188,E3,20,20,0.0,0.2,0,0
claim,1092,default,195,20,20,114.4,9,4,103.21153846153847,37.666666666666664,283,53,33,33,0,E3,20,20,0.0,0.2,0,0
mas,1092,default,186,20,20,96.9,8,4,85.5,37.333333333333336,189,134,64,96,0,E3,20,20,0.0,0.2,0,0
mas_iterative,1092,default,161,20,20,87.9,6,4,78.71153846153847,37.333333333333336,115,77,58,87,0,E3,20,20,0.0,0.2,0,0
cbba,1092,default,141,20,20,71.95,3,4,63.78846153846154,28.0,69,44,741,4053,179,E3,20,20,0.0,0.2,0,0
claim,1093,default,184,20,20,91.55,5,4,78.75,35.0,102,72,25,25,0,E3,20,20,0.0,0.2,0,0
mas,1093,default,171,20,20,88.75,3,4,75.0,35.333333333333336,81,65,52,78,0,E3,20,20,0.0,0.2,0,0
mas_iterative,1093,default,172,20,20,85.7,3,4,72.84615384615384,35.333333333333336,55,96,52,78,0,E3,20,20,0.0,0.2,0,0
cbba,1093,default,178,20,20,82.2,3,4,68.28846153846153,27.666666666666668,70,25,650,3282,156,E3,20,20,0.0,0.2,0,0
claim,1094,default,262,20,20,137.1,11,4,119.24528301886792,51.333333333333336,491,52,41,41,0,E3,20,20,0.0,0.2,0,0
mas,1094,default,200,20,20,93.95,5,4,81.58490566037736,30.333333333333332,132,95,58,88,0,E3,20,20,0.0,0.2,0,0
mas_iterative,1094,default,200,20,20,88.55,5,4,75.81132075471699,29.666666666666668,119,120,64,97,0,E3,20,20,0.0,0.2,0,0
cbba,1094,default,205,20,20,87.15,5,4,74.94339622641509,29.666666666666668,150,83,818,4242,198,E3,20,20,0.0,0.2,0,0
claim,1095,default,194,20,20,92.1,6,4,79.49122807017544,41.166666666666664,171,99,28,28,0,E3,20,20,0.0,0.2,0,0
mas,1095,default,202,20,20,94.6,6,4,81.47368421052632,42.0,194,154,64,96,0,E3,20,20,0.0,0.2,0,0
mas_iterative,1095,default,157,20,20,82.2,4,4,70.82456140350877,36.166666666666664,104,31,54,81,0,E3,20,20,0.0,0.2,0,0
cbba,1095,default,166,20,20,75.3,3,4,64.78947368421052,36.833333333333336,25,127,664,3566,160,E3,20,20,0.0,0.2,0,0
claim,1096,default,217,20,20,120.25,7,4,94.58333333333333,43.2,213,76,28,28,0,E3,20,20,0.0,0.2,0,0
mas,1096,default,219,20,20,111.05,6,4,85.3125,38.0,158,111,64,96,0,E3,20,20,0.0,0.2,0,0
mas_iterative,1096,default,211,20,20,104.3,9,4,80.3125,37.4,233,37,74,111,0,E3,20,20,0.0,0.2,0,0
cbba,1096,default,182,20,20,90.6,2,4,70.35416666666667,37.8,21,43,706,3836,171,E3,20,20,0.0,0.2,0,0
claim,1097,default,240,20,20,99.6,7,4,77.13636363636364,38.0,412,29,33,33,0,E3,20,20,0.0,0.2,0,0
mas,1097,default,188,20,20,90.6,2,4,70.04545454545455,32.5,59,138,59,89,0,E3,20,20,0.0,0.2,0,0
mas_iterative,1097,default,185,20,20,91.1,3,4,70.0,32.25,98,96,61,92,0,E3,20,20,0.0,0.2,0,0
cbba,1097,default,196,20,20,92.8,5,4,69.36363636363636,32.25,149,109,866,4796,210,E3,20,20,0.0,0.2,0,0
claim,1098,default,214,20,20,102.55,7,4,83.15686274509804,46.0,163,115,29,29,0,E3,20,20,0.0,0.2,0,0
mas,1098,default,208,20,20,101.45,5,4,83.23529411764706,44.166666666666664,137,121,50,75,0,E3,20,20,0.0,0.2,0,0
mas_iterative,1098,default,208,20,20,101.45,5,4,83.23529411764706,44.166666666666664,137,121,50,75,0,E3,20,20,0.0,0.2,0,0
cbba,1098,default,193,20,20,87.15,1,4,70.6470588235294,36.333333333333336,53,87,590,3026,142,E3,20,20,0.0,0.2,0,0
claim,1099,default,192,20,20,103.0,8,4,84.02127659574468,39.666666666666664,189,93,29,29,0,E3,20,20,0.0,0.2,0,0
mas,1099,default,169,20,20,87.1,3,4,71.31914893617021,33.333333333333336,70,85,52,78,0,E3,20,20,0.0,0.2,0,0
mas_iterative,1099,default,160,20,20,80.0,2,4,65.65957446808511,33.0,38,87,48,72,0,E3,20,20,0.0,0.2,0,0
cbba,1099,default,154,20,20,78.75,2,4,64.42553191489361,33.0,51,49,750,4078,182,E3,20,20,0.0,0.2,0,0
claim,1101,default,199,20,20,107.1,4,4,85.75510204081633,49.8,101,74,24,24,0,E3,20,20,0.0,0.2,0,0
mas,1101,default,220,20,20,107.95,7,4,83.40816326530613,49.8,264,38,68,102,0,E3,20,20,0.0,0.2,0,0
mas_iterative,1101,default,242,20,20,110.2,9,4,84.65306122448979,49.8,300,98,74,111,0,E3,20,20,0.0,0.2,0,0
cbba,1101,default,185,20,20,89.0,1,4,68.63265306122449,35.4,33,89,641,3485,155,E3,20,20,0.0,0.2,0,0
claim,1102,default,189,20,20,89.7,6,4,79.49152542372882,51.166666666666664,179,89,29,29,0,E3,20,20,0.0,0.2,0,0
mas,1102,default,176,20,20,89.45,7,4,77.38983050847457,47.0,157,88,64,96,0,E3,20,20,0.0,0.2,0,0
mas_iterative,1102,default,175,20,20,82.05,3,4,71.62711864406779,44.166666666666664,75,134,54,81,0,E3,20,20,0.0,0.2,0,0
cbba,1102,default,149,20,20,74.55,1,4,64.88135593220339,39.666666666666664,19,90,673,3557,163,E3,20,20,0.0,0.2,0,0
claim,1103,default,205,20,20,114.75,10,4,99.68518518518519,43.5,291,31,33,33,0,E3,20,20,0.0,0.2,0,0
mas,1103,default,178,20,20,92.2,7,4,79.31481481481481,34.0,162,32,62,93,0,E3,20,20,0.0,0.2,0,0
mas_iterative,1103,default,178,20,20,92.05,7,4,79.16666666666667,33.75,164,30,62,93,0,E3,20,20,0.0,0.2,0,0
cbba,1103,default,171,20,20,80.4,4,4,68.35185185185185,33.75,71,110,732,3844,177,E3,20,20,0.0,0.2,0,0
claim,1104,default,217,20,20,96.0,6,4,76.3913043478261,34.5,230,118,29,29,0,E3,20,20,0.0,0.2,0,0
mas,1104,default,176,20,20,82.15,1,4,67.41304347826087,34.5,28,122,44,66,0,E3,20,20,0.0,0.2,0,0
mas_iterative,1104,default,179,20,20,83.5,3,4,68.04347826086956,34.5,49,130,52,78,0,E3,20,20,0.0,0.2,0,0
cbba,1104,default,192,20,20,82.15,2,4,65.6304347826087,29.75,72,134,594,3168,143,E3,20,20,0.0,0.2,0,0
claim,1106,default,253,20,20,128.6,8,4,109.16981132075472,56.8,440,34,35,35,0,E3,20,20,0.0,0.2,0,0
mas,1106,default,167,20,20,84.35,1,4,71.22641509433963,38.0,30,73,47,71,0,E3,20,20,0.0,0.2,0,0
mas_iterative,1106,default,165,20,20,83.55,1,4,70.41509433962264,37.2,30,65,47,71,0,E3,20,20,0.0,0.2,0,0
cbba,1106,default,169,20,20,80.75,3,4,66.64150943396227,36.6,75,88,796,4374,193,E3,20,20,0.0,0.2,0,0
claim,1107,default,158,20,20,80.4,6,4,70.6734693877551,47.0,116,99,26,26,0,E3,20,20,0.0,0.2,0,0
mas,1107,default,140,20,20,69.05,4,4,60.816326530612244,35.5,85,45,56,84,0,E3,20,20,0.0,0.2,0,0
mas_iterative,1107,default,158,20,20,75.85,7,4,64.53061224489795,35.0,152,71,73,110,0,E3,20,20,0.0,0.2,0,0
cbba,1107,default,143,20,20,67.45,3,4,59.40816326530612,35.0,81,65,707,3769,171,E3,20,20,0.0,0.2,0,0
claim,1108,default,238,20,20,111.9,11,4,91.42592592592592,36.8,311,171,36,36,0,E3,20,20,0.0,0.2,0,0
mas,1108,default,239,20,20,104.7,9,4,87.88888888888889,38.2,288,138,68,102,0,E3,20,20,0.0,0.2,0,0
mas_iterative,1108,default,195,20,20,97.65,9,4,83.37037037037037,38.2,217,76,64,96,0,E3,20,20,0.0,0.2,0,0
cbba,1108,default,162,20,20,77.85,5,4,65.5925925925926,40.2,114,52,790,4292,191,E3,20,20,0.0,0.2,0,0
claim,1109,default,188,20,20,87.65,8,4,70.81395348837209,33.5,170,116,28,28,0,E3,20,20,0.0,0.2,0,0
mas,1109,default,193,20,20,82.75,5,4,67.72093023255815,33.5,135,158,56,84,0,E3,20,20,0.0,0.2,0,0
mas_iterative,1109,default,200,20,20,84.25,8,4,67.93023255813954,28.0,184,135,70,105,0,E3,20,20,0.0,0.2,0,0
cbba,1109,default,162,20,20,76.9,5,4,62.0,27.5,140,24,787,4167,190,E3,20,20,0.0,0.2,0,0
claim,1110,default,221,20,20,97.05,11,4,83.34426229508196,46.714285714285715,285,102,34,34,0,E3,20,20,0.0,0.2,0,0
mas,1110,default,187,20,20,88.2,7,4,76.22950819672131,41.142857142857146,192,65,62,93,0,E3,20,20,0.0,0.2,0,0
mas_iterative,1110,default,174,20,20,85.35,7,4,74.37704918032787,40.857142857142854,167,25,62,93,0,E3,20,20,0.0,0.2,0,0
cbba,1110,default,172,20,20,82.4,4,4,70.85245901639344,36.0,88,90,729,3963,176,E3,20,20,0.0,0.2,0,0
claim,1111,default,220,20,20,97.9,8,4,77.98,42.2,259,159,31,31,0,E3,20,20,0.0,0.2,0,0
mas,1111,default,170,20,20,80.65,3,4,65.78,42.0,53,125,48,72,0,E3,20,20,0.0,0.2,0,0
mas_iterative,1111,default,170,20,20,80.3,4,4,65.48,41.8,102,78,55,83,0,E3,20,20,0.0,0.2,0,0
cbba,1111,default,169,20,20,78.65,2,4,63.48,38.6,59,123,754,4074,183,E3,20,20,0.0,0.2,0,0
claim,1112,default,274,20,20,164.4,10,4,141.7111111111111,41.0,546,82,42,42,0,E3,20,20,0.0,0.2,0,0
mas,1112,default,152,20,20,82.7,1,4,69.93333333333334,39.0,33,57,47,71,0,E3,20,20,0.0,0.2,0,0
mas_iterative,1112,default,160,20,20,83.7,2,4,70.22222222222223,38.5,61,73,47,71,0,E3,20,20,0.0,0.2,0,0
cbba,1112,default,174,20,20,84.55,4,4,69.06666666666666,37.0,109,115,823,4483,199,E3,20,20,0.0,0.2,0,0
claim,1113,default,216,20,20,106.25,9,4,84.13207547169812,43.8,306,58,35,35,0,E3,20,20,0.0,0.2,0,0
mas,1113,default,211,20,20,95.6,8,4,76.09433962264151,43.8,225,105,68,102,0,E3,20,20,0.0,0.2,0,0
mas_iterative,1113,default,194,20,20,94.2,6,4,75.0,43.4,173,56,60,90,0,E3,20,20,0.0,0.2,0,0
cbba,1113,default,169,20,20,77.05,0,4,61.58490566037736,36.6,0,119,724,3864,176,E3,20,20,0.0,0.2,0,0
claim,1114,default,241,20,20,123.9,7,4,97.96153846153847,61.666666666666664,334,77,32,32,0,E3,20,20,0.0,0.2,0,0
mas,1114,default,191,20,20,95.5,3,4,75.71153846153847,48.0,90,95,50,75,0,E3,20,20,0.0,0.2,0,0
mas_iterative,1114,default,218,20,20,107.55,6,4,85.13461538461539,47.833333333333336,216,106,58,87,0,E3,20,20,0.0,0.2,0,0
cbba,1114,default,180,20,20,85.7,2,4,65.92307692307692,40.166666666666664,69,50,670,3596,162,E3,20,20,0.0,0.2,0,0
claim,1115,default,195,20,20,103.7,11,4,84.85416666666667,51.2,326,35,39,39,0,E3,20,20,0.0,0.2,0,0
mas,1115,default,168,20,20,76.55,6,4,60.875,35.2,115,94,61,92,0,E3,20,20,0.0,0.2,0,0
mas_iterative,1115,default,194,20,20,82.8,9,4,63.645833333333336,34.6,196,143,69,104,0,E3,20,20,0.0,0.2,0,0
cbba,1115,default,157,20,20,68.2,2,4,53.6875,34.4,27,142,662,3626,160,E3,20,20,0.0,0.2,0,0
claim,1116,default,175,20,20,91.05,10,4,73.33333333333333,27.5,218,82,31,31,0,E3,20,20,0.0,0.2,0,0
mas,1116,default,139,20,20,74.25,3,4,61.30952380952381,27.5,63,73,50,75,0,E3,20,20,0.0,0.2,0,0
mas_iterative,1116,default,142,20,20,73.2,3,4,60.80952380952381,27.5,49,89,50,75,0,E3,20,20,0.0,0.2,0,0
cbba,1116,default,138,20,20,69.7,4,4,57.04761904761905,27.0,58,67,732,3896,177,E3,20,20,0.0,0.2,0,0
claim,1117,default,188,20,20,82.55,7,4,67.22641509433963,37.2,226,36,29,29,0,E3,20,20,0.0,0.2,0,0
mas,1117,default,162,20,20,75.5,4,4,62.54716981132076,32.0,64,121,54,81,0,E3,20,20,0.0,0.2,0,0
mas_iterative,1117,default,162,20,20,74.9,3,4,62.056603773584904,31.8,63,122,54,81,0,E3,20,20,0.0,0.2,0,0
cbba,1117,default,157,20,20,69.75,2,4,56.905660377358494,31.8,25,142,654,3506,158,E3,20,20,0.0,0.2,0,0
claim,1118,default,232,20,20,117.85,7,4,100.37735849056604,48.5,172,131,28,28,0,E3,20,20,0.0,0.2,0,0
mas,1118,default,199,20,20,100.6,5,4,85.05660377358491,42.5,127,51,62,93,0,E3,20,20,0.0,0.2,0,0
mas_iterative,1118,default,187,20,20,92.8,4,4,77.32075471698113,42.0,100,46,61,92,0,E3,20,20,0.0,0.2,0,0
cbba,1118,default,202,20,20,92.75,4,4,77.05660377358491,42.0,96,120,757,4087,183,E3,20,20,0.0,0.2,0,0
claim,1119,default,200,20,20,97.05,8,4,83.87755102040816,39.0,198,130,28,28,0,E3,20,20,0.0,0.2,0,0
mas,1119,default,200,20,20,100.2,8,4,86.0,39.0,243,74,64,96,0,E3,20,20,0.0,0.2,0,0
mas_iterative,1119,default,169,20,20,83.7,5,4,71.91836734693878,27.0,77,108,54,81,0,E3,20,20,0.0,0.2,0,0
cbba,1119,default,161,20,20,79.5,5,4,66.93877551020408,27.0,108,51,613,3239,147,E3,20,20,0.0,0.2,0,0
claim,1120,default,163,20,20,86.1,5,4,75.75,50.5,82,46,25,25,0,E3,20,20,0.0,0.2,0,0
mas,1120,default,171,20,20,81.1,6,4,69.02272727272727,38.5,93,122,63,95,0,E3,20,20,0.0,0.2,0,0
mas_iterative,1120,default,165,20,20,82.7,7,4,69.31818181818181,38.0,104,100,62,93,0,E3,20,20,0.0,0.2,0,0
cbba,1120,default,158,20,20,80.6,3,4,67.31818181818181,38.0,65,93,732,4060,177,E3,20,20,0.0,0.2,0,0
claim,1121,default,241,20,20,113.45,9,4,88.65217391304348,43.5,305,114,33,33,0,E3,20,20,0.0,0.2,0,0
mas,1121,default,204,20,20,99.7,6,4,79.73913043478261,37.5,135,123,66,99,0,E3,20,20,0.0,0.2,0,0
mas_iterative,1121,default,207,20,20,107.1,6,4,85.1304347826087,37.25,195,90,60,90,0,E3,20,20,0.0,0.2,0,0
cbba,1121,default,191,20,20,85.55,3,4,67.08695652173913,36.0,65,119,792,4344,192,E3,20,20,0.0,0.2,0,0
claim,1123,default,170,20,20,84.65,6,4,70.58333333333333,38.8,142,68,26,26,0,E3,20,20,0.0,0.2,0,0
mas,1123,default,159,20,20,80.35,4,4,65.8125,33.8,75,96,59,89,0,E3,20,20,0.0,0.2,0,0
mas_iterative,1123,default,164,20,20,84.45,5,4,69.25,34.4,113,97,62,93,0,E3,20,20,0.0,0.2,0,0
cbba,1123,default,155,20,20,75.85,4,4,61.291666666666664,31.0,77,64,593,3085,142,E3,20,20,0.0,0.2,0,0
claim,1124,default,165,20,20,86.8,8,4,75.64814814814815,34.0,174,78,31,31,0,E3,20,20,0.0,0.2,0,0
mas,1124,default,170,20,20,82.9,7,4,72.12962962962963,34.0,140,96,58,87,0,E3,20,20,0.0,0.2,0,0
mas_iterative,1124,default,159,20,20,78.4,5,4,68.92592592592592,34.0,92,92,58,87,0,E3,20,20,0.0,0.2,0,0
cbba,1124,default,139,20,20,71.1,1,4,62.629629629629626,28.0,30,58,650,3506,157,E3,20,20,0.0,0.2,0,0
claim,1125,default,215,20,20,104.5,7,4,82.8936170212766,36.0,227,67,29,29,0,E3,20,20,0.0,0.2,0,0
mas,1125,default,177,20,20,80.6,2,4,63.765957446808514,28.0,28,105,56,84,0,E3,20,20,0.0,0.2,0,0
mas_iterative,1125,default,179,20,20,80.65,1,4,63.48936170212766,27.666666666666668,43,104,52,78,0,E3,20,20,0.0,0.2,0,0
cbba,1125,default,175,20,20,80.7,2,4,63.51063829787234,27.666666666666668,29,102,714,3858,173,E3,20,20,0.0,0.2,0,0
claim,1126,default,150,20,20,72.35,4,4,60.24,44.75,116,100,25,25,0,E3,20,20,0.0,0.2,0,0
mas,1126,default,161,20,20,78.7,7,4,64.32,45.0,147,55,70,105,0,E3,20,20,0.0,0.2,0,0
mas_iterative,1126,default,148,20,20,74.05,6,4,61.74,45.0,113,89,62,93,0,E3,20,20,0.0,0.2,0,0
cbba,1126,default,128,20,20,65.2,5,4,53.62,38.0,70,46,717,3885,173,E3,20,20,0.0,0.2,0,0
claim,1127,default,180,20,20,90.7,7,4,80.40816326530613,28.333333333333332,161,110,27,27,0,E3,20,20,0.0,0.2,0,0
mas,1127,default,169,20,20,83.9,4,4,73.59183673469387,28.333333333333332,111,118,52,78,0,E3,20,20,0.0,0.2,0,0
mas_iterative,1127,default,165,20,20,82.3,4,4,72.93877551020408,28.333333333333332,125,75,52,78,0,E3,20,20,0.0,0.2,0,0
cbba,1127,default,143,20,20,73.4,2,4,64.63265306122449,28.333333333333332,46,62,582,3120,140,E3,20,20,0.0,0.2,0,0
claim,1128,default,166,20,20,85.8,2,4,71.3913043478261,33.333333333333336,57,97,22,22,0,E3,20,20,0.0,0.2,0,0
mas,1128,default,148,20,20,77.05,1,4,62.41304347826087,33.333333333333336,34,66,46,69,0,E3,20,20,0.0,0.2,0,0
mas_iterative,1128,default,154,20,20,75.35,0,4,61.45652173913044,33.333333333333336,0,105,50,75,0,E3,20,20,0.0,0.2,0,0
cbba,1128,default,158,20,20,77.55,3,4,62.41304347826087,33.333333333333336,64,88,575,3075,138,E3,20,20,0.0,0.2,0,0
claim,1129,default,198,20,20,100.75,7,4,88.38775510204081,27.0,204,50,29,29,0,E3,20,20,0.0,0.2,0,0
mas,1129,default,163,20,20,89.4,2,4,78.73469387755102,27.0,49,43,48,72,0,E3,20,20,0.0,0.2,0,0
mas_iterative,1129,default,162,20,20,89.05,2,4,78.40816326530613,27.0,49,39,48,72,0,E3,20,20,0.0,0.2,0,0
cbba,1129,default,166,20,20,83.5,2,4,72.75510204081633,27.0,32,81,754,4118,183,E3,20,20,0.0,0.2,0,0
claim,1130,default,191,20,20,95.15,5,4,81.07142857142857,45.0,137,113,27,27,0,E3,20,20,0.0,0.2,0,0
mas,1130,default,166,20,20,81.15,2,4,69.05357142857143,42.8,51,90,50,75,0,E3,20,20,0.0,0.2,0,0
mas_iterative,1130,default,166,20,20,80.85,4,4,67.94642857142857,43.0,59,52,58,87,0,E3,20,20,0.0,0.2,0,0
cbba,1130,default,161,20,20,79.15,3,4,66.5,39.4,108,27,657,3461,158,E3,20,20,0.0,0.2,0,0
claim,1131,default,163,20,20,86.15,3,4,75.22033898305085,54.5,92,60,23,23,0,E3,20,20,0.0,0.2,0,0
mas,1131,default,179,20,20,85.0,4,4,72.59322033898304,50.0,121,111,54,81,0,E3,20,20,0.0,0.2,0,0
mas_iterative,1131,default,191,20,20,93.35,6,4,78.28813559322033,53.125,149,95,58,87,0,E3,20,20,0.0,0.2,0,0
cbba,1131,default,168,20,20,80.35,4,4,67.94915254237289,44.25,76,104,769,4067,186,E3,20,20,0.0,0.2,0,0
claim,1132,default,183,20,20,100.3,10,4,87.16981132075472,38.666666666666664,224,31,34,34,0,E3,20,20,0.0,0.2,0,0
mas,1132,default,166,20,20,83.65,5,4,72.37735849056604,36.333333333333336,85,111,60,90,0,E3,20,20,0.0,0.2,0,0
mas_iterative,1132,default,167,20,20,85.55,4,4,74.09433962264151,35.666666666666664,110,62,58,87,0,E3,20,20,0.0,0.2,0,0
cbba,1132,default,151,20,20,76.7,1,4,66.77358490566037,35.666666666666664,15,84,549,2913,132,E3,20,20,0.0,0.2,0,0
claim,1133,default,188,20,20,90.7,4,4,78.11320754716981,36.0,118,100,25,25,0,E3,20,20,0.0,0.2,0,0
mas,1133,default,197,20,20,91.8,5,4,78.41509433962264,36.0,154,121,60,90,0,E3,20,20,0.0,0.2,0,0
mas_iterative,1133,default,182,20,20,88.35,5,4,74.67924528301887,35.5,166,83,62,93,0,E3,20,20,0.0,0.2,0,0
cbba,1133,default,157,20,20,74.8,1,4,64.18867924528301,35.25,22,79,661,3583,160,E3,20,20,0.0,0.2,0,0
claim,1134,default,184,20,20,92.95,5,4,80.48979591836735,28.5,155,101,26,26,0,E3,20,20,0.0,0.2,0,0
mas,1134,default,184,20,20,91.45,5,4,79.59183673469387,28.5,142,118,58,87,0,E3,20,20,0.0,0.2,0,0
mas_iterative,1134,default,173,20,20,82.75,8,4,70.95918367346938,28.5,171,49,64,96,0,E3,20,20,0.0,0.2,0,0
cbba,1134,default,150,20,20,70.35,1,4,61.04081632653061,28.5,8,98,665,3545,161,E3,20,20,0.0,0.2,0,0
claim,1135,default,224,20,20,108.35,10,4,87.95833333333333,45.6,373,57,35,35,0,E3,20,20,0.0,0.2,0,0
mas,1135,default,220,20,20,97.4,7,4,80.625,42.0,244,122,70,105,0,E3,20,20,0.0,0.2,0,0
mas_iterative,1135,default,164,20,20,84.4,4,4,70.16666666666667,37.8,95,41,52,78,0,E3,20,20,0.0,0.2,0,0
cbba,1135,default,176,20,20,74.9,4,4,62.166666666666664,32.2,81,98,798,4188,193,E3,20,20,0.0,0.2,0,0
claim,1136,default,213,20,20,121.45,9,4,103.74509803921569,60.4,238,77,30,30,0,E3,20,20,0.0,0.2,0,0
mas,1136,default,193,20,20,102.7,5,4,85.52941176470588,45.4,130,74,56,84,0,E3,20,20,0.0,0.2,0,0
mas_iterative,1136,default,191,20,20,101.25,5,4,84.82352941176471,45.0,136,86,63,95,0,E3,20,20,0.0,0.2,0,0
cbba,1136,default,176,20,20,87.75,1,4,73.82352941176471,40.4,18,97,754,4050,183,E3,20,20,0.0,0.2,0,0
claim,1137,default,200,20,20,102.15,7,4,81.1063829787234,38.75,137,114,27,27,0,E3,20,20,0.0,0.2,0,0
mas,1137,default,197,20,20,97.1,7,4,77.76595744680851,38.75,145,124,62,93,0,E3,20,20,0.0,0.2,0,0
mas_iterative,1137,default,206,20,20,97.85,7,4,78.53191489361703,38.75,141,150,61,92,0,E3,20,20,0.0,0.2,0,0
cbba,1137,default,192,20,20,86.25,2,4,67.23404255319149,29.5,82,129,779,4273,189,E3,20,20,0.0,0.2,0,0
claim,1138,default,175,20,20,88.1,7,4,76.66666666666667,37.0,155,89,28,28,0,E3,20,20,0.0,0.2,0,0
mas,1138,default,170,20,20,78.75,6,4,69.29629629629629,37.0,107,100,71,107,0,E3,20,20,0.0,0.2,0,0
mas_iterative,1138,default,162,20,20,81.4,5,4,71.18518518518519,37.0,95,92,58,87,0,E3,20,20,0.0,0.2,0,0
cbba,1138,default,163,20,20,72.8,2,4,63.77777777777778,38.75,33,134,666,3574,161,E3,20,20,0.0,0.2,0,0
claim,1139,default,161,20,20,89.45,6,4,79.25925925925925,48.0,121,67,27,27,0,E3,20,20,0.0,0.2,0,0
mas,1139,default,172,20,20,82.2,5,4,71.81481481481481,39.0,77,138,66,100,0,E3,20,20,0.0,0.2,0,0
mas_iterative,1139,default,157,20,20,73.1,3,4,64.94444444444444,38.0,128,22,63,95,0,E3,20,20,0.0,0.2,0,0
cbba,1139,default,144,20,20,75.95,1,4,65.72222222222223,38.0,35,63,577,3077,139,E3,20,20,0.0,0.2,0,0
claim,1140,default,264,20,20,110.4,12,4,88.5625,36.25,487,85,49,49,0,E3,20,20,0.0,0.2,0,0
mas,1140,default,190,20,20,87.75,7,4,70.95833333333333,36.25,187,60,62,93,0,E3,20,20,0.0,0.2,0,0
mas_iterative,1140,default,188,20,20,86.9,6,4,70.60416666666667,36.25,173,92,58,87,0,E3,20,20,0.0,0.2,0,0
cbba,1140,default,152,20,20,72.6,2,4,58.645833333333336,31.25,45,58,642,3372,155,E3,20,20,0.0,0.2,0,0
claim,1141,default,228,20,20,111.25,9,4,89.65454545454546,55.0,312,112,32,32,0,E3,20,20,0.0,0.2,0,0
mas,1141,default,170,20,20,87.25,2,4,73.54545454545455,50.875,46,77,46,69,0,E3,20,20,0.0,0.2,0,0
mas_iterative,1141,default,188,20,20,96.2,3,4,79.07272727272728,50.625,117,100,54,81,0,E3,20,20,0.0,0.2,0,0
cbba,1141,default,157,20,20,78.7,1,4,66.58181818181818,42.5,6,60,525,2827,126,E3,20,20,0.0,0.2,0,0
claim,1142,default,203,20,20,111.65,7,4,92.68,40.25,249,50,31,31,0,E3,20,20,0.0,0.2,0,0
mas,1142,default,170,20,20,91.2,4,4,76.9,34.25,85,42,57,86,0,E3,20,20,0.0,0.2,0,0
mas_iterative,1142,default,169,20,20,90.85,5,4,76.58,34.0,86,38,57,86,0,E3,20,20,0.0,0.2,0,0
cbba,1142,default,170,20,20,88.45,6,4,73.76,34.0,86,41,774,4284,187,E3,20,20,0.0,0.2,0,0
claim,1143,default,210,20,20,108.4,8,4,79.30232558139535,43.333333333333336,287,35,31,31,0,E3,20,20,0.0,0.2,0,0
mas,1143,default,200,20,20,89.25,7,4,68.34883720930233,42.0,177,80,76,114,0,E3,20,20,0.0,0.2,0,0
mas_iterative,1143,default,193,20,20,84.35,5,4,62.95348837209303,40.666666666666664,228,27,62,93,0,E3,20,20,0.0,0.2,0,0
cbba,1143,default,181,20,20,79.7,1,4,60.651162790697676,40.666666666666664,22,135,645,3525,156,E3,20,20,0.0,0.2,0,0
claim,1144,default,231,20,20,134.85,9,4,110.2156862745098,58.5,384,60,37,37,0,E3,20,20,0.0,0.2,0,0
mas,1144,default,170,20,20,91.05,4,4,72.47058823529412,45.0,93,73,53,80,0,E3,20,20,0.0,0.2,0,0
mas_iterative,1144,default,177,20,20,90.65,6,4,71.86274509803921,46.0,149,66,59,89,0,E3,20,20,0.0,0.2,0,0
cbba,1144,default,154,20,20,78.5,1,4,62.15686274509804,37.5,16,75,697,3779,169,E3,20,20,0.0,0.2,0,0
claim,1145,default,203,20,20,91.85,5,4,74.57142857142857,49.0,205,120,28,28,0,E3,20,20,0.0,0.2,0,0
mas,1145,default,184,20,20,82.7,4,4,66.78571428571429,43.125,87,149,54,81,0,E3,20,20,0.0,0.2,0,0
mas_iterative,1145,default,196,20,20,90.15,5,4,72.73214285714286,46.125,155,143,60,90,0,E3,20,20,0.0,0.2,0,0
cbba,1145,default,172,20,20,79.25,3,4,63.0,38.5,74,111,696,3652,168,E3,20,20,0.0,0.2,0,0
claim,1146,default,210,20,20,101.95,5,4,88.96363636363637,46.25,217,101,27,27,0,E3,20,20,0.0,0.2,0,0
mas,1146,default,182,20,20,91.9,4,4,79.63636363636364,35.25,121,84,62,93,0,E3,20,20,0.0,0.2,0,0
mas_iterative,1146,default,178,20,20,82.8,3,4,72.49090909090908,34.5,63,125,58,87,0,E3,20,20,0.0,0.2,0,0
cbba,1146,default,154,20,20,79.5,1,4,70.54545454545455,34.5,6,69,661,3613,160,E3,20,20,0.0,0.2,0,0
claim,1147,default,187,20,20,94.6,6,4,77.72340425531915,38.666666666666664,157,61,29,29,0,E3,20,20,0.0,0.2,0,0
mas,1147,default,173,20,20,97.05,6,4,81.12765957446808,38.666666666666664,157,45,64,96,0,E3,20,20,0.0,0.2,0,0
mas_iterative,1147,default,172,20,20,96.65,6,4,80.82978723404256,38.666666666666664,159,40,64,96,0,E3,20,20,0.0,0.2,0,0
cbba,1147,default,173,20,20,85.85,4,4,68.12765957446808,29.333333333333332,133,29,743,4017,179,E3,20,20,0.0,0.2,0,0
claim,1149,default,203,20,20,97.05,10,4,82.6923076923077,40.333333333333336,367,36,40,40,0,E3,20,20,0.0,0.2,0,0
mas,1149,default,158,20,20,77.25,4,4,66.25,39.333333333333336,96,129,58,87,0,E3,20,20,0.0,0.2,0,0
mas_iterative,1149,default,146,20,20,70.5,4,4,60.61538461538461,39.333333333333336,95,69,54,81,0,E3,20,20,0.0,0.2,0,0
cbba,1149,default,138,20,20,65.8,0,4,56.90384615384615,39.0,0,104,700,3828,170,E3,20,20,0.0,0.2,0,0
claim,1150,default,175,20,20,91.2,5,4,75.02083333333333,39.6,108,116,25,25,0,E3,20,20,0.0,0.2,0,0
mas,1150,default,164,20,20,78.75,2,4,62.354166666666664,30.0,44,124,59,89,0,E3,20,20,0.0,0.2,0,0
mas_iterative,1150,default,152,20,20,78.8,2,4,61.5625,29.2,66,61,55,83,0,E3,20,20,0.0,0.2,0,0
cbba,1150,default,180,20,20,83.3,5,4,64.10416666666667,29.2,126,131,658,3588,158,E3,20,20,0.0,0.2,0,0
claim,1152,default,173,20,20,91.45,6,4,76.95833333333333,42.75,108,76,26,26,0,E3,20,20,0.0,0.2,0,0
mas,1152,default,180,20,20,93.05,6,4,77.625,42.75,161,35,56,84,0,E3,20,20,0.0,0.2,0,0
mas_iterative,1152,default,178,20,20,91.35,5,4,75.45833333333333,38.5,115,65,54,81,0,E3,20,20,0.0,0.2,0,0
cbba,1152,default,188,20,20,95.3,6,4,76.375,31.75,163,84,896,5024,217,E3,20,20,0.0,0.2,0,0
claim,1153,default,302,20,20,141.5,11,4,114.18867924528301,46.2,563,106,43,43,0,E3,20,20,0.0,0.2,0,0
mas,1153,default,192,20,20,92.55,3,4,77.47169811320755,41.6,104,67,58,87,0,E3,20,20,0.0,0.2,0,0
mas_iterative,1153,default,182,20,20,87.35,2,4,74.20754716981132,41.2,18,103,52,78,0,E3,20,20,0.0,0.2,0,0
cbba,1153,default,196,20,20,95.3,2,4,80.79245283018868,41.2,81,131,675,3591,163,E3,20,20,0.0,0.2,0,0
claim,1155,default,239,20,20,105.85,13,4,79.6875,43.4,359,94,36,36,0,E3,20,20,0.0,0.2,0,0
mas,1155,default,203,20,20,94.1,8,4,72.20833333333333,40.4,218,114,71,107,0,E3,20,20,0.0,0.2,0,0
mas_iterative,1155,default,177,20,20,82.1,3,4,63.604166666666664,34.6,99,50,59,89,0,E3,20,20,0.0,0.2,0,0
cbba,1155,default,182,20,20,85.3,4,4,63.6875,33.4,146,89,915,5121,222,E3,20,20,0.0,0.2,0,0
claim,1156,default,245,20,20,126.1,7,4,110.7872340425532,30.0,328,137,32,32,0,E3,20,20,0.0,0.2,0,0
mas,1156,default,199,20,20,100.4,8,4,87.48936170212765,29.0,256,48,73,110,0,E3,20,20,0.0,0.2,0,0
mas_iterative,1156,default,204,20,20,93.25,8,4,80.57446808510639,29.0,196,87,67,101,0,E3,20,20,0.0,0.2,0,0
cbba,1156,default,178,20,20,85.2,5,4,73.31914893617021,29.0,106,73,722,3784,174,E3,20,20,0.0,0.2,0,0
claim,1157,default,203,20,20,103.85,6,4,86.4375,35.666666666666664,208,84,31,31,0,E3,20,20,0.0,0.2,0,0
mas,1157,default,182,20,20,96.75,4,4,81.52083333333333,38.333333333333336,113,86,52,78,0,E3,20,20,0.0,0.2,0,0
mas_iterative,1157,default,181,20,20,95.55,4,4,80.70833333333333,38.333333333333336,110,85,50,75,0,E3,20,20,0.0,0.2,0,0
cbba,1157,default,158,20,20,83.15,2,4,68.3125,29.666666666666668,45,67,702,3810,170,E3,20,20,0.0,0.2,0,0
claim,1000,default,196,20,20,94.55,8,4,77.15217391304348,32.0,286,92,34,34,0,E3,20,20,0.0,0.3,0,0
mas,1000,default,175,20,20,86.85,8,4,70.80434782608695,32.0,204,84,66,99,0,E3,20,20,0.0,0.3,0,0
mas_iterative,1000,default,168,20,20,81.2,9,4,65.80434782608695,28.333333333333332,152,30,72,108,0,E3,20,20,0.0,0.3,0,0
cbba,1000,default,169,20,20,78.7,6,4,63.71739130434783,27.333333333333332,122,110,825,4451,199,E3,20,20,0.0,0.3,0,0
claim,1001,default,212,20,20,95.55,8,4,81.67857142857143,40.4,335,36,32,32,0,E3,20,20,0.0,0.3,0,0
mas,1001,default,160,20,20,82.1,5,4,71.44642857142857,36.2,92,86,58,87,0,E3,20,20,0.0,0.3,0,0
mas_iterative,1001,default,153,20,20,80.85,3,4,70.41071428571429,38.2,90,58,53,80,0,E3,20,20,0.0,0.3,0,0
cbba,1001,default,156,20,20,72.5,3,4,62.75,35.8,50,90,651,3429,157,E3,20,20,0.0,0.3,0,0
claim,1002,default,184,20,20,89.1,6,4,72.97826086956522,47.0,182,37,29,29,0,E3,20,20,0.0,0.3,0,0
mas,1002,default,220,20,20,96.7,9,4,76.02173913043478,41.75,350,69,78,117,0,E3,20,20,0.0,0.3,0,0
mas_iterative,1002,default,184,20,20,92.8,7,4,73.04347826086956,41.25,191,64,66,99,0,E3,20,20,0.0,0.3,0,0
cbba,1002,default,175,20,20,83.3,4,4,66.26086956521739,34.75,112,37,843,4389,204,E3,20,20,0.0,0.3,0,0
claim,1003,default,195,20,20,91.6,10,4,71.66666666666667,46.666666666666664,306,48,32,32,0,E3,20,20,0.0,0.3,0,0
mas,1003,default,150,20,20,82.25,4,4,65.3125,44.5,122,36,57,86,0,E3,20,20,0.0,0.3,0,0
mas_iterative,1003,default,189,20,20,85.6,7,4,66.6875,44.5,207,111,67,101,0,E3,20,20,0.0,0.3,0,0
cbba,1003,default,155,20,20,71.95,5,4,55.479166666666664,35.5,131,31,694,3588,167,E3,20,20,0.0,0.3,0,0
claim,1004,default,215,20,20,106.35,12,4,88.2127659574468,38.333333333333336,310,65,35,35,0,E3,20,20,0.0,0.3,0,0
mas,1004,default,203,20,20,106.15,7,4,90.2127659574468,40.0,189,109,62,93,0,E3,20,20,0.0,0.3,0,0
mas_iterative,1004,default,179,20,20,89.0,4,4,74.08510638297872,29.0,142,55,56,84,0,E3,20,20,0.0,0.3,0,0
cbba,1004,default,175,20,20,84.55,6,4,70.55319148936171,29.0,125,71,856,4574,207,E3,20,20,0.0,0.3,0,0
claim,1005,default,171,20,20,87.95,7,4,75.14545454545454,47.666666666666664,254,29,33,33,0,E3,20,20,0.0,0.3,0,0
mas,1005,default,173,20,20,87.1,8,4,75.9090909090909,47.666666666666664,210,77,62,93,0,E3,20,20,0.0,0.3,0,0
mas_iterative,1005,default,174,20,20,87.1,8,4,75.89090909090909,47.666666666666664,212,78,62,93,0,E3,20,20,0.0,0.3,0,0
cbba,1005,default,140,20,20,65.7,1,4,57.78181818181818,38.0,11,116,681,3715,165,E3,20,20,0.0,0.3,0,0
claim,1006,default,200,20,20,100.2,8,4,82.74358974358974,38.0,306,53,36,36,0,E3,20,20,0.0,0.3,0,0
mas,1006,default,152,20,20,78.55,5,4,64.46153846153847,29.0,126,28,62,93,0,E3,20,20,0.0,0.3,0,0
mas_iterative,1006,default,154,20,20,71.3,3,4,58.56410256410256,28.5,60,75,54,81,0,E3,20,20,0.0,0.3,0,0
cbba,1006,default,156,20,20,76.7,4,4,62.64102564102564,28.5,147,24,880,4736,213,E3,20,20,0.0,0.3,0,0
claim,1007,default,173,20,20,83.15,6,4,72.88888888888889,33.0,133,155,27,27,0,E3,20,20,0.0,0.3,0,0
mas,1007,default,146,20,20,78.55,7,4,68.0,33.0,171,32,72,108,0,E3,20,20,0.0,0.3,0,0
mas_iterative,1007,default,147,20,20,79.55,8,4,68.5111111111111,33.0,106,55,62,93,0,E3,20,20,0.0,0.3,0,0
cbba,1007,default,134,20,20,72.95,4,4,62.24444444444445,28.0,82,53,741,3799,179,E3,20,20,0.0,0.3,0,0
claim,1008,default,217,20,20,117.05,11,4,97.72,36.25,349,34,38,38,0,E3,20,20,0.0,0.3,0,0
mas,1008,default,227,20,20,105.2,11,4,86.96,30.5,362,56,80,120,0,E3,20,20,0.0,0.3,0,0
mas_iterative,1008,default,195,20,20,98.15,11,4,82.84,30.25,213,59,68,102,0,E3,20,20,0.0,0.3,0,0
cbba,1008,default,165,20,20,85.3,4,4,72.3,30.25,94,45,778,4176,188,E3,20,20,0.0,0.3,0,0
claim,1009,default,215,20,20,107.8,8,4,88.38297872340425,33.333333333333336,266,48,32,32,0,E3,20,20,0.0,0.3,0,0
mas,1009,default,238,20,20,108.85,8,4,88.02127659574468,33.333333333333336,309,92,67,101,0,E3,20,20,0.0,0.3,0,0
mas_iterative,1009,default,247,20,20,107.25,6,4,87.63829787234043,33.333333333333336,282,141,64,96,0,E3,20,20,0.0,0.3,0,0
cbba,1009,default,179,20,20,87.0,4,4,70.91489361702128,27.333333333333332,59,83,741,4001,179,E3,20,20,0.0,0.3,0,0
claim,1010,default,236,20,20,117.9,11,4,101.9622641509434,56.8,409,61,38,38,0,E3,20,20,0.0,0.3,0,0
mas,1010,default,184,20,20,92.75,9,4,78.35849056603773,40.6,237,49,73,110,0,E3,20,20,0.0,0.3,0,0
mas_iterative,1010,default,202,20,20,93.15,7,4,79.01886792452831,40.2,261,91,69,104,0,E3,20,20,0.0,0.3,0,0
cbba,1010,default,158,20,20,76.0,4,4,63.905660377358494,37.2,60,86,832,4448,202,E3,20,20,0.0,0.3,0,0
claim,1011,default,192,20,20,93.7,8,4,77.62962962962963,39.4,193,141,30,30,0,E3,20,20,0.0,0.3,0,0
mas,1011,default,165,20,20,82.85,5,4,68.03703703703704,37.2,140,64,60,91,0,E3,20,20,0.0,0.3,0,0
mas_iterative,1011,default,164,20,20,82.95,6,4,67.9074074074074,37.2,103,59,56,84,0,E3,20,20,0.0,0.3,0,0
cbba,1011,default,163,20,20,75.7,3,4,62.2037037037037,33.0,66,100,728,3898,176,E3,20,20,0.0,0.3,0,0
claim,1012,default,171,20,20,89.0,8,4,78.15094339622641,40.2,232,53,31,31,0,E3,20,20,0.0,0.3,0,0
mas,1012,default,168,20,20,77.3,5,4,68.35849056603773,35.0,177,58,66,99,0,E3,20,20,0.0,0.3,0,0
mas_iterative,1012,default,168,20,20,77.25,5,4,68.28301886792453,34.8,178,57,66,99,0,E3,20,20,0.0,0.3,0,0
cbba,1012,default,145,20,20,65.85,2,4,58.056603773584904,34.8,35,117,814,4408,198,E3,20,20,0.0,0.3,0,0
claim,1013,default,179,20,20,90.6,8,4,80.63414634146342,nan,193,57,31,31,0,E3,20,20,0.0,0.3,0,0
mas,1013,default,190,20,20,101.05,8,4,87.29268292682927,nan,258,61,69,104,0,E3,20,20,0.0,0.3,0,0
mas_iterative,1013,default,169,20,20,82.65,4,4,73.14634146341463,nan,104,108,56,84,0,E3,20,20,0.0,0.3,0,0
cbba,1013,default,164,20,20,75.85,5,4,66.97560975609755,nan,57,98,782,4150,189,E3,20,20,0.0,0.3,0,0
claim,1014,default,208,20,20,93.95,7,4,78.04,28.5,296,34,32,32,0,E3,20,20,0.0,0.3,0,0
mas,1014,default,197,20,20,90.05,5,4,75.92,28.5,164,111,56,84,0,E3,20,20,0.0,0.3,0,0
mas_iterative,1014,default,207,20,20,98.6,8,4,81.58,28.5,262,77,71,107,0,E3,20,20,0.0,0.3,0,0
cbba,1014,default,167,20,20,76.8,2,4,63.86,28.0,32,97,590,3196,142,E3,20,20,0.0,0.3,0,0
claim,1015,default,191,20,20,100.8,4,4,88.6,34.0,127,94,25,25,0,E3,20,20,0.0,0.3,0,0
mas,1015,default,210,20,20,98.2,4,4,87.08,34.0,185,122,63,95,0,E3,20,20,0.0,0.3,0,0
mas_iterative,1015,default,181,20,20,87.3,3,4,77.96,34.0,96,22,58,87,0,E3,20,20,0.0,0.3,0,0
cbba,1015,default,177,20,20,86.25,4,4,76.06,34.0,53,109,825,4513,200,E3,20,20,0.0,0.3,0,0
claim,1016,default,172,20,20,82.95,11,4,65.56,40.166666666666664,242,62,34,34,0,E3,20,20,0.0,0.3,0,0
mas,1016,default,176,20,20,93.6,9,4,70.1,36.166666666666664,262,36,79,119,0,E3,20,20,0.0,0.3,0,0
mas_iterative,1016,default,144,20,20,70.7,5,4,56.9,35.666666666666664,103,75,66,99,0,E3,20,20,0.0,0.3,0,0
cbba,1016,default,133,20,20,65.9,5,4,53.0,35.166666666666664,48,83,757,4101,183,E3,20,20,0.0,0.3,0,0
claim,1017,default,224,20,20,100.7,12,4,86.01923076923077,41.666666666666664,359,85,39,39,0,E3,20,20,0.0,0.3,0,0
mas,1017,default,181,20,20,89.6,8,4,76.28846153846153,36.333333333333336,195,75,68,102,0,E3,20,20,0.0,0.3,0,0
mas_iterative,1017,default,176,20,20,89.05,8,4,75.82692307692308,36.0,192,56,68,102,0,E3,20,20,0.0,0.3,0,0
cbba,1017,default,169,20,20,81.7,3,4,71.0576923076923,36.0,128,83,766,4140,185,E3,20,20,0.0,0.3,0,0
claim,1018,default,214,20,20,112.85,9,4,88.93181818181819,32.666666666666664,246,44,30,30,0,E3,20,20,0.0,0.3,0,0
mas,1018,default,257,20,20,129.35,11,4,98.27272727272727,32.666666666666664,375,122,89,134,0,E3,20,20,0.0,0.3,0,0
mas_iterative,1018,default,226,20,20,102.5,7,4,79.38636363636364,32.666666666666664,221,79,64,96,0,E3,20,20,0.0,0.3,0,0
cbba,1018,default,204,20,20,96.9,5,4,75.18181818181819,32.666666666666664,107,127,830,4488,201,E3,20,20,0.0,0.3,0,0
claim,1019,default,204,20,20,98.35,8,4,85.49019607843137,32.0,208,95,30,30,0,E3,20,20,0.0,0.3,0,0
mas,1019,default,172,20,20,78.85,2,4,68.37254901960785,32.0,63,86,54,81,0,E3,20,20,0.0,0.3,0,0
mas_iterative,1019,default,188,20,20,85.95,6,4,73.01960784313725,32.0,201,54,68,102,0,E3,20,20,0.0,0.3,0,0
cbba,1019,default,160,20,20,82.1,4,4,70.03921568627452,32.0,103,26,929,5101,226,E3,20,20,0.0,0.3,0,0
claim,1020,default,226,20,20,121.65,7,4,98.1086956521739,28.5,277,116,31,31,0,E3,20,20,0.0,0.3,0,0
mas,1020,default,212,20,20,106.2,7,4,86.3695652173913,28.5,208,123,68,102,0,E3,20,20,0.0,0.3,0,0
mas_iterative,1020,default,186,20,20,104.2,7,4,84.69565217391305,28.5,194,58,68,102,0,E3,20,20,0.0,0.3,0,0
cbba,1020,default,180,20,20,93.9,3,4,75.3913043478261,28.5,91,100,852,4666,207,E3,20,20,0.0,0.3,0,0
claim,1021,default,181,20,20,88.6,8,4,73.97826086956522,35.666666666666664,137,38,30,30,0,E3,20,20,0.0,0.3,0,0
mas,1021,default,217,20,20,99.35,8,4,78.15217391304348,35.666666666666664,330,90,79,119,0,E3,20,20,0.0,0.3,0,0
mas_iterative,1021,default,155,20,20,73.25,4,4,60.26086956521739,28.333333333333332,99,42,56,84,0,E3,20,20,0.0,0.3,0,0
cbba,1021,default,157,20,20,73.3,5,4,60.45652173913044,28.333333333333332,101,28,844,4548,204,E3,20,20,0.0,0.3,0,0
claim,1022,default,243,20,20,127.6,10,4,105.96078431372548,41.5,455,45,38,38,0,E3,20,20,0.0,0.3,0,0
mas,1022,default,190,20,20,94.65,6,4,79.92156862745098,45.25,193,80,64,96,0,E3,20,20,0.0,0.3,0,0
mas_iterative,1022,default,190,20,20,94.55,6,4,79.82352941176471,45.25,192,81,64,96,0,E3,20,20,0.0,0.3,0,0
cbba,1022,default,165,20,20,82.15,4,4,69.56862745098039,36.25,61,68,805,4405,195,E3,20,20,0.0,0.3,0,0
claim,1023,default,238,20,20,123.0,7,4,105.31372549019608,38.0,260,141,30,30,0,E3,20,20,0.0,0.3,0,0
mas,1023,default,221,20,20,107.8,8,4,90.25490196078431,33.333333333333336,222,141,64,96,0,E3,20,20,0.0,0.3,0,0
mas_iterative,1023,default,208,20,20,98.2,6,4,82.50980392156863,33.333333333333336,161,119,54,81,0,E3,20,20,0.0,0.3,0,0
cbba,1023,default,179,20,20,88.45,2,4,73.31372549019608,29.0,54,100,849,4667,206,E3,20,20,0.0,0.3,0,0
claim,1024,default,235,20,20,139.0,8,4,119.65306122448979,54.333333333333336,367,61,35,35,0,E3,20,20,0.0,0.3,0,0
mas,1024,default,203,20,20,103.05,9,4,85.59183673469387,29.666666666666668,212,51,77,116,0,E3,20,20,0.0,0.3,0,0
mas_iterative,1024,default,202,20,20,101.75,9,4,84.3265306122449,29.0,214,45,76,115,0,E3,20,20,0.0,0.3,0,0
cbba,1024,default,166,20,20,84.3,2,4,71.34693877551021,29.0,39,82,782,4274,190,E3,20,20,0.0,0.3,0,0
claim,1025,default,166,20,20,88.25,4,4,71.59183673469387,40.5,118,81,24,24,0,E3,20,20,0.0,0.3,0,0
mas,1025,default,191,20,20,92.65,8,4,71.79591836734694,40.25,267,90,66,99,0,E3,20,20,0.0,0.3,0,0
mas_iterative,1025,default,190,20,20,91.95,8,4,71.18367346938776,40.0,264,89,66,99,0,E3,20,20,0.0,0.3,0,0
cbba,1025,default,155,20,20,70.25,5,4,56.816326530612244,39.25,63,114,845,4429,205,E3,20,20,0.0,0.3,0,0
claim,1026,default,210,20,20,112.45,9,4,93.13207547169812,46.333333333333336,291,34,33,33,0,E3,20,20,0.0,0.3,0,0
mas,1026,default,190,20,20,104.55,8,4,87.39622641509433,44.5,189,46,58,87,0,E3,20,20,0.0,0.3,0,0
mas_iterative,1026,default,190,20,20,104.5,8,4,87.35849056603773,44.5,190,45,58,87,0,E3,20,20,0.0,0.3,0,0
cbba,1026,default,177,20,20,88.35,6,4,72.98113207547169,40.833333333333336,182,32,813,4251,196,E3,20,20,0.0,0.3,0,0
claim,1027,default,238,20,20,141.65,12,4,115.27659574468085,54.5,440,45,40,40,0,E3,20,20,0.0,0.3,0,0
mas,1027,default,206,20,20,102.55,8,4,82.65957446808511,39.25,257,96,68,102,0,E3,20,20,0.0,0.3,0,0
mas_iterative,1027,default,192,20,20,95.45,4,4,78.34042553191489,37.25,130,104,58,87,0,E3,20,20,0.0,0.3,0,0
cbba,1027,default,169,20,20,85.6,3,4,68.48936170212765,32.25,87,55,720,3870,174,E3,20,20,0.0,0.3,0,0
claim,1028,default,295,20,20,155.85,10,4,131.38636363636363,43.0,596,39,43,43,0,E3,20,20,0.0,0.3,0,0
mas,1028,default,197,20,20,102.8,4,4,80.63636363636364,42.0,161,86,55,83,0,E3,20,20,0.0,0.3,0,0
mas_iterative,1028,default,197,20,20,102.25,4,4,80.0909090909091,41.5,162,85,55,83,0,E3,20,20,0.0,0.3,0,0
cbba,1028,default,174,20,20,92.45,3,4,73.22727272727273,27.5,106,49,836,4558,203,E3,20,20,0.0,0.3,0,0
claim,1030,default,223,20,20,106.5,15,4,85.71428571428571,48.5,340,86,38,38,0,E3,20,20,0.0,0.3,0,0
mas,1030,default,185,20,20,84.95,5,4,66.61904761904762,34.0,143,99,60,90,0,E3,20,20,0.0,0.3,0,0
mas_iterative,1030,default,178,20,20,80.55,4,4,63.166666666666664,33.5,131,81,64,96,0,E3,20,20,0.0,0.3,0,0
cbba,1030,default,162,20,20,72.45,1,4,57.976190476190474,33.5,14,120,774,4168,188,E3,20,20,0.0,0.3,0,0
claim,1031,default,275,20,20,111.3,14,4,89.78181818181818,46.714285714285715,563,42,46,46,0,E3,20,20,0.0,0.3,0,0
mas,1031,default,200,20,20,100.3,7,4,82.67272727272727,44.0,208,62,56,84,0,E3,20,20,0.0,0.3,0,0
mas_iterative,1031,default,234,20,20,115.45,9,4,93.07272727272728,46.57142857142857,355,73,80,120,0,E3,20,20,0.0,0.3,0,0
cbba,1031,default,182,20,20,85.55,8,4,69.54545454545455,35.42857142857143,166,50,907,4809,219,E3,20,20,0.0,0.3,0,0
claim,1032,default,224,20,20,105.5,12,4,85.91489361702128,34.0,301,108,34,34,0,E3,20,20,0.0,0.3,0,0
mas,1032,default,192,20,20,100.4,11,4,82.65957446808511,34.0,251,66,74,111,0,E3,20,20,0.0,0.3,0,0
mas_iterative,1032,default,218,20,20,102.7,10,4,83.36170212765957,34.0,338,71,82,123,0,E3,20,20,0.0,0.3,0,0
cbba,1032,default,167,20,20,82.75,6,4,66.08510638297872,33.5,92,29,875,4653,212,E3,20,20,0.0,0.3,0,0
claim,1033,default,190,20,20,99.45,4,4,84.85185185185185,50.4,107,49,24,24,0,E3,20,20,0.0,0.3,0,0
mas,1033,default,209,20,20,95.3,5,4,78.9074074074074,45.6,205,97,66,99,0,E3,20,20,0.0,0.3,0,0
mas_iterative,1033,default,215,20,20,90.6,4,4,75.18518518518519,45.0,165,132,68,102,0,E3,20,20,0.0,0.3,0,0
cbba,1033,default,184,20,20,82.4,1,4,69.62962962962963,45.4,3,120,645,3453,156,E3,20,20,0.0,0.3,0,0
claim,1034,default,209,20,20,103.9,8,4,82.31111111111112,48.5,226,91,31,31,0,E3,20,20,0.0,0.3,0,0
mas,1034,default,214,20,20,96.8,11,4,74.04444444444445,37.5,221,111,74,111,0,E3,20,20,0.0,0.3,0,0
mas_iterative,1034,default,215,20,20,95.25,10,4,73.37777777777778,37.0,232,102,72,108,0,E3,20,20,0.0,0.3,0,0
cbba,1034,default,184,20,20,90.25,7,4,69.17777777777778,27.5,163,27,1045,5647,254,E3,20,20,0.0,0.3,0,0
claim,1035,default,237,20,20,118.0,10,4,100.03703703703704,41.2,410,35,39,39,0,E3,20,20,0.0,0.3,0,0
mas,1035,default,198,20,20,97.55,8,4,83.70370370370371,38.6,223,51,60,90,0,E3,20,20,0.0,0.3,0,0
mas_iterative,1035,default,198,20,20,97.55,8,4,83.70370370370371,38.6,223,51,60,90,0,E3,20,20,0.0,0.3,0,0
cbba,1035,default,162,20,20,77.7,4,4,66.79629629629629,33.4,76,71,784,4254,190,E3,20,20,0.0,0.3,0,0
claim,1036,default,251,20,20,119.35,12,4,95.59183673469387,44.5,408,56,36,36,0,E3,20,20,0.0,0.3,0,0
mas,1036,default,203,20,20,100.9,6,4,82.14285714285714,37.75,130,99,59,89,0,E3,20,20,0.0,0.3,0,0
mas_iterative,1036,default,201,20,20,100.4,6,4,81.81632653061224,37.5,130,91,59,89,0,E3,20,20,0.0,0.3,0,0
cbba,1036,default,200,20,20,97.55,3,4,77.57142857142857,35.25,103,105,680,3666,164,E3,20,20,0.0,0.3,0,0
claim,1037,default,257,20,20,121.1,12,4,89.8695652173913,43.2,427,86,37,37,0,E3,20,20,0.0,0.3,0,0
mas,1037,default,204,20,20,108.35,11,4,84.1086956521739,40.0,266,48,74,111,0,E3,20,20,0.0,0.3,0,0
mas_iterative,1037,default,207,20,20,100.05,7,4,77.28260869565217,39.6,197,86,66,99,0,E3,20,20,0.0,0.3,0,0
cbba,1037,default,178,20,20,87.15,1,4,66.67391304347827,33.8,18,106,777,4179,189,E3,20,20,0.0,0.3,0,0
claim,1038,default,262,20,20,103.95,8,4,85.94827586206897,46.166666666666664,511,34,38,38,0,E3,20,20,0.0,0.3,0,0
mas,1038,default,177,20,20,89.2,9,4,75.5,45.833333333333336,172,50,64,96,0,E3,20,20,0.0,0.3,0,0
mas_iterative,1038,default,210,20,20,93.1,7,4,77.36206896551724,45.833333333333336,209,135,60,90,0,E3,20,20,0.0,0.3,0,0
cbba,1038,default,165,20,20,79.7,3,4,66.72413793103448,42.5,86,39,741,4021,179,E3,20,20,0.0,0.3,0,0
claim,1039,default,212,20,20,100.25,6,4,82.80357142857143,39.666666666666664,189,140,28,28,0,E3,20,20,0.0,0.3,0,0
mas,1039,default,201,20,20,90.3,5,4,74.78571428571429,36.333333333333336,120,143,67,101,0,E3,20,20,0.0,0.3,0,0
mas_iterative,1039,default,177,20,20,78.85,1,4,65.44642857142857,32.5,10,132,48,72,0,E3,20,20,0.0,0.3,0,0
cbba,1039,default,194,20,20,85.2,5,4,69.92857142857143,32.5,78,143,847,4559,205,E3,20,20,0.0,0.3,0,0
claim,1040,default,183,20,20,105.3,8,4,91.77551020408163,46.0,198,72,31,31,0,E3,20,20,0.0,0.3,0,0
mas,1040,default,179,20,20,100.0,8,4,85.65306122448979,46.0,193,58,75,114,0,E3,20,20,0.0,0.3,0,0
mas_iterative,1040,default,186,20,20,89.65,7,4,76.36734693877551,51.0,223,42,64,96,0,E3,20,20,0.0,0.3,0,0
cbba,1040,default,172,20,20,85.85,7,4,72.81632653061224,49.5,126,70,785,4245,189,E3,20,20,0.0,0.3,0,0
claim,1041,default,208,20,20,111.5,7,4,89.42,36.5,288,78,31,31,0,E3,20,20,0.0,0.3,0,0
mas,1041,default,199,20,20,98.6,7,4,79.92,36.5,204,98,56,84,0,E3,20,20,0.0,0.3,0,0
mas_iterative,1041,default,199,20,20,98.6,7,4,79.92,36.5,204,98,56,84,0,E3,20,20,0.0,0.3,0,0
cbba,1041,default,169,20,20,81.95,6,4,66.3,30.75,131,60,863,4631,209,E3,20,20,0.0,0.3,0,0
claim,1042,default,262,20,20,102.25,10,4,80.48076923076923,38.2,530,76,41,41,0,E3,20,20,0.0,0.3,0,0
mas,1042,default,227,20,20,92.75,9,4,74.38461538461539,38.2,320,115,78,117,0,E3,20,20,0.0,0.3,0,0
mas_iterative,1042,default,206,20,20,87.85,8,4,69.4423076923077,31.6,349,36,84,126,0,E3,20,20,0.0,0.3,0,0
cbba,1042,default,160,20,20,72.55,4,4,58.92307692307692,28.6,53,113,892,4950,217,E3,20,20,0.0,0.3,0,0
claim,1043,default,217,20,20,101.5,10,4,77.1842105263158,31.0,361,59,38,38,0,E3,20,20,0.0,0.3,0,0
mas,1043,default,198,20,20,93.1,6,4,72.78947368421052,31.0,200,121,63,95,0,E3,20,20,0.0,0.3,0,0
mas_iterative,1043,default,182,20,20,92.9,8,4,72.6842105263158,31.0,243,37,74,112,0,E3,20,20,0.0,0.3,0,0
cbba,1043,default,167,20,20,75.35,2,4,58.36842105263158,31.0,28,119,726,4002,176,E3,20,20,0.0,0.3,0,0
claim,1044,default,192,20,20,105.1,8,4,90.44,51.25,232,62,30,30,0,E3,20,20,0.0,0.3,0,0
mas,1044,default,183,20,20,98.3,9,4,84.06,45.5,196,61,72,108,0,E3,20,20,0.0,0.3,0,0
mas_iterative,1044,default,196,20,20,87.75,9,4,74.74,39.75,165,125,72,108,0,E3,20,20,0.0,0.3,0,0
cbba,1044,default,169,20,20,86.4,6,4,74.34,39.5,169,26,841,4461,203,E3,20,20,0.0,0.3,0,0
claim,1045,default,252,20,20,124.1,8,4,98.75,39.0,354,96,34,34,0,E3,20,20,0.0,0.3,0,0
mas,1045,default,206,20,20,100.05,5,4,81.53846153846153,39.0,165,70,54,81,0,E3,20,20,0.0,0.3,0,0
mas_iterative,1045,default,200,20,20,90.9,4,4,74.0,32.0,115,68,56,84,0,E3,20,20,0.0,0.3,0,0
cbba,1045,default,208,20,20,90.4,4,4,73.76923076923077,32.0,132,121,818,4386,198,E3,20,20,0.0,0.3,0,0
claim,1046,default,231,20,20,120.65,10,4,102.88679245283019,57.4,351,77,35,35,0,E3,20,20,0.0,0.3,0,0
mas,1046,default,222,20,20,90.55,4,4,75.24528301886792,40.6,159,162,61,93,0,E3,20,20,0.0,0.3,0,0
mas_iterative,1046,default,191,20,20,85.75,4,4,71.15094339622641,34.4,119,104,65,99,0,E3,20,20,0.0,0.3,0,0
cbba,1046,default,169,20,20,80.4,4,4,68.01886792452831,33.8,80,38,665,3523,160,E3,20,20,0.0,0.3,0,0
claim,1047,default,190,20,20,100.3,11,4,80.4888888888889,43.0,312,49,37,37,0,E3,20,20,0.0,0.3,0,0
mas,1047,default,140,20,20,75.95,2,4,63.6,31.0,40,75,46,69,0,E3,20,20,0.0,0.3,0,0
mas_iterative,1047,default,140,20,20,75.7,2,4,63.31111111111111,30.5,40,75,46,69,0,E3,20,20,0.0,0.3,0,0
cbba,1047,default,152,20,20,71.6,1,4,58.62222222222222,28.0,52,108,686,3630,166,E3,20,20,0.0,0.3,0,0
claim,1048,default,232,20,20,139.65,9,4,122.06382978723404,56.0,357,63,34,34,0,E3,20,20,0.0,0.3,0,0
mas,1048,default,214,20,20,104.5,6,4,88.55319148936171,45.5,213,116,63,95,0,E3,20,20,0.0,0.3,0,0
mas_iterative,1048,default,205,20,20,102.55,7,4,87.7872340425532,45.0,189,107,63,95,0,E3,20,20,0.0,0.3,0,0
cbba,1048,default,190,20,20,95.4,7,4,80.87234042553192,30.0,205,56,963,5133,233,E3,20,20,0.0,0.3,0,0
claim,1049,default,254,20,20,118.45,14,4,103.2,39.333333333333336,402,38,42,42,0,E3,20,20,0.0,0.3,0,0
mas,1049,default,232,20,20,113.5,11,4,99.30909090909091,39.333333333333336,317,96,80,120,0,E3,20,20,0.0,0.3,0,0
mas_iterative,1049,default,218,20,20,99.55,7,4,86.34545454545454,31.666666666666668,264,34,64,96,0,E3,20,20,0.0,0.3,0,0
cbba,1049,default,194,20,20,89.5,5,4,77.49090909090908,31.666666666666668,114,52,731,3825,176,E3,20,20,0.0,0.3,0,0
claim,1050,default,216,20,20,99.25,7,4,80.83333333333333,44.0,253,110,29,29,0,E3,20,20,0.0,0.3,0,0
mas,1050,default,210,20,20,101.05,8,4,82.77083333333333,44.0,253,49,60,90,0,E3,20,20,0.0,0.3,0,0
mas_iterative,1050,default,210,20,20,101.05,8,4,82.77083333333333,44.0,253,49,60,90,0,E3,20,20,0.0,0.3,0,0
cbba,1050,default,206,20,20,81.65,2,4,65.5,38.75,102,180,729,3713,176,E3,20,20,0.0,0.3,0,0
claim,1051,default,223,20,20,117.45,13,4,95.33333333333333,38.5,348,38,38,38,0,E3,20,20,0.0,0.3,0,0
mas,1051,default,197,20,20,105.2,8,4,85.93333333333334,38.5,204,85,64,96,0,E3,20,20,0.0,0.3,0,0
mas_iterative,1051,default,197,20,20,104.8,8,4,85.55555555555556,38.5,203,86,64,96,0,E3,20,20,0.0,0.3,0,0
cbba,1051,default,169,20,20,86.8,3,4,71.37777777777778,28.0,66,68,676,3644,163,E3,20,20,0.0,0.3,0,0
claim,1052,default,222,20,20,122.6,12,4,103.34782608695652,41.0,374,46,38,38,0,E3,20,20,0.0,0.3,0,0
mas,1052,default,193,20,20,94.15,9,4,79.43478260869566,38.0,221,65,77,116,0,E3,20,20,0.0,0.3,0,0
mas_iterative,1052,default,209,20,20,97.3,6,4,80.67391304347827,33.666666666666664,179,132,63,95,0,E3,20,20,0.0,0.3,0,0
cbba,1052,default,174,20,20,86.05,5,4,71.41304347826087,28.0,127,23,891,4857,216,E3,20,20,0.0,0.3,0,0
claim,1053,default,243,20,20,119.35,14,4,100.25490196078431,50.8,476,41,45,45,0,E3,20,20,0.0,0.3,0,0
mas,1053,default,186,20,20,91.6,5,4,79.23529411764706,37.4,138,105,64,96,0,E3,20,20,0.0,0.3,0,0
mas_iterative,1053,default,190,20,20,84.55,4,4,69.58823529411765,37.6,160,115,58,87,0,E3,20,20,0.0,0.3,0,0
cbba,1053,default,165,20,20,75.95,2,4,63.76470588235294,37.6,53,108,682,3622,165,E3,20,20,0.0,0.3,0,0
claim,1054,default,193,20,20,102.75,5,4,87.47727272727273,41.0,128,91,25,25,0,E3,20,20,0.0,0.3,0,0
mas,1054,default,209,20,20,101.75,4,4,84.29545454545455,28.5,178,91,56,84,0,E3,20,20,0.0,0.3,0,0
mas_iterative,1054,default,230,20,20,109.25,8,4,88.20454545454545,28.5,259,127,68,102,0,E3,20,20,0.0,0.3,0,0
cbba,1054,default,186,20,20,86.25,4,4,73.61363636363636,28.0,109,50,882,4800,214,E3,20,20,0.0,0.3,0,0
claim,1055,default,224,20,20,109.65,9,4,92.84905660377359,42.5,346,81,34,34,0,E3,20,20,0.0,0.3,0,0
mas,1055,default,199,20,20,99.15,9,4,85.84905660377359,44.25,237,85,72,108,0,E3,20,20,0.0,0.3,0,0
mas_iterative,1055,default,215,20,20,100.3,7,4,86.58490566037736,44.25,226,168,65,98,0,E3,20,20,0.0,0.3,0,0
cbba,1055,default,170,20,20,81.9,4,4,69.0377358490566,33.25,82,109,749,4051,181,E3,20,20,0.0,0.3,0,0
claim,1056,default,221,20,20,109.15,9,4,89.30188679245283,44.4,297,142,36,36,0,E3,20,20,0.0,0.3,0,0
mas,1056,default,183,20,20,89.3,7,4,74.75471698113208,44.4,174,100,69,104,0,E3,20,20,0.0,0.3,0,0
mas_iterative,1056,default,190,20,20,89.8,8,4,73.13207547169812,40.6,179,92,67,101,0,E3,20,20,0.0,0.3,0,0
cbba,1056,default,174,20,20,85.8,6,4,70.75471698113208,35.4,92,119,1002,5550,244,E3,20,20,0.0,0.3,0,0
claim,1057,default,229,20,20,119.1,10,4,98.12280701754386,45.333333333333336,376,83,36,36,0,E3,20,20,0.0,0.3,0,0
mas,1057,default,185,20,20,100.1,4,4,85.10526315789474,40.166666666666664,125,81,62,93,0,E3,20,20,0.0,0.3,0,0
mas_iterative,1057,default,188,20,20,98.1,6,4,83.3157894736842,40.0,156,84,64,96,0,E3,20,20,0.0,0.3,0,0
cbba,1057,default,166,20,20,81.7,4,4,68.05263157894737,38.0,71,80,676,3618,163,E3,20,20,0.0,0.3,0,0
claim,1058,default,241,20,20,124.1,9,4,105.54901960784314,41.0,300,98,34,34,0,E3,20,20,0.0,0.3,0,0
mas,1058,default,242,20,20,113.6,10,4,97.2156862745098,41.0,394,34,76,114,0,E3,20,20,0.0,0.3,0,0
mas_iterative,1058,default,215,20,20,110.7,10,4,94.98039215686275,41.0,245,35,66,99,0,E3,20,20,0.0,0.3,0,0
cbba,1058,default,208,20,20,92.3,5,4,76.3921568627451,32.0,133,149,846,4600,204,E3,20,20,0.0,0.3,0,0
claim,1059,default,165,20,20,84.45,3,4,72.07692307692308,45.6,71,96,23,23,0,E3,20,20,0.0,0.3,0,0
mas,1059,default,182,20,20,82.1,6,4,68.63461538461539,40.4,171,91,71,107,0,E3,20,20,0.0,0.3,0,0
mas_iterative,1059,default,178,20,20,81.1,4,4,67.46153846153847,39.8,96,132,52,78,0,E3,20,20,0.0,0.3,0,0
cbba,1059,default,156,20,20,75.8,3,4,63.30769230769231,34.6,40,58,731,3995,177,E3,20,20,0.0,0.3,0,0
claim,1060,default,164,20,20,83.05,4,4,67.82608695652173,41.0,89,99,24,24,0,E3,20,20,0.0,0.3,0,0
mas,1060,default,174,20,20,82.05,6,4,66.56521739130434,41.0,129,124,68,103,0,E3,20,20,0.0,0.3,0,0
mas_iterative,1060,default,173,20,20,81.15,6,4,65.8695652173913,41.0,133,117,68,103,0,E3,20,20,0.0,0.3,0,0
cbba,1060,default,167,20,20,74.55,7,4,59.108695652173914,33.0,127,82,776,4106,187,E3,20,20,0.0,0.3,0,0
claim,1061,default,194,20,20,100.05,6,4,86.1875,48.333333333333336,167,100,27,27,0,E3,20,20,0.0,0.3,0,0
mas,1061,default,176,20,20,91.85,4,4,79.5625,39.333333333333336,99,56,52,78,0,E3,20,20,0.0,0.3,0,0
mas_iterative,1061,default,195,20,20,90.9,6,4,77.58333333333333,39.0,171,76,64,96,0,E3,20,20,0.0,0.3,0,0
cbba,1061,default,168,20,20,80.4,1,4,68.95833333333333,31.333333333333332,31,62,642,3394,155,E3,20,20,0.0,0.3,0,0
claim,1062,default,279,20,20,121.7,10,4,106.98305084745763,46.2,550,40,44,44,0,E3,20,20,0.0,0.3,0,0
mas,1062,default,221,20,20,110.25,8,4,97.32203389830508,41.4,285,34,76,114,0,E3,20,20,0.0,0.3,0,0
mas_iterative,1062,default,195,20,20,101.65,4,4,90.23728813559322,41.0,126,91,56,84,0,E3,20,20,0.0,0.3,0,0
cbba,1062,default,188,20,20,88.8,4,4,78.42372881355932,34.8,85,95,801,4325,194,E3,20,20,0.0,0.3,0,0
claim,1063,default,231,20,20,111.35,9,4,94.30188679245283,50.4,363,110,36,36,0,E3,20,20,0.0,0.3,0,0
mas,1063,default,198,20,20,87.9,6,4,73.09433962264151,42.2,217,149,60,90,0,E3,20,20,0.0,0.3,0,0
mas_iterative,1063,default,202,20,20,95.6,8,4,79.37735849056604,35.8,241,92,70,105,0,E3,20,20,0.0,0.3,0,0
cbba,1063,default,148,20,20,72.75,6,4,60.132075471698116,34.0,123,27,881,4593,213,E3,20,20,0.0,0.3,0,0
claim,1064,default,186,20,20,86.35,7,4,71.39285714285714,48.833333333333336,202,40,33,33,0,E3,20,20,0.0,0.3,0,0
mas,1064,default,183,20,20,86.5,7,4,70.44642857142857,48.833333333333336,209,106,66,99,0,E3,20,20,0.0,0.3,0,0
mas_iterative,1064,default,190,20,20,85.1,7,4,68.28571428571429,46.333333333333336,240,76,70,105,0,E3,20,20,0.0,0.3,0,0
cbba,1064,default,167,20,20,72.6,3,4,59.55357142857143,41.166666666666664,64,116,756,3988,183,E3,20,20,0.0,0.3,0,0
claim,1065,default,172,20,20,77.15,7,4,65.70833333333333,38.0,183,87,30,30,0,E3,20,20,0.0,0.3,0,0
mas,1065,default,167,20,20,81.5,9,4,68.79166666666667,38.0,179,92,78,118,0,E3,20,20,0.0,0.3,0,0
mas_iterative,1065,default,169,20,20,77.35,8,4,64.125,31.666666666666668,240,29,70,105,0,E3,20,20,0.0,0.3,0,0
cbba,1065,default,146,20,20,68.55,5,4,57.666666666666664,31.666666666666668,64,101,829,4529,201,E3,20,20,0.0,0.3,0,0
claim,1066,default,206,20,20,110.1,7,4,88.52727272727273,42.57142857142857,282,77,30,30,0,E3,20,20,0.0,0.3,0,0
mas,1066,default,180,20,20,82.7,5,4,67.72727272727273,40.714285714285715,174,65,58,87,0,E3,20,20,0.0,0.3,0,0
mas_iterative,1066,default,181,20,20,85.4,8,4,69.25454545454545,40.57142857142857,194,42,70,105,0,E3,20,20,0.0,0.3,0,0
cbba,1066,default,154,20,20,76.4,3,4,62.054545454545455,36.285714285714285,43,72,672,3588,162,E3,20,20,0.0,0.3,0,0
claim,1067,default,201,20,20,103.8,5,4,86.70833333333333,41.0,189,56,27,27,0,E3,20,20,0.0,0.3,0,0
mas,1067,default,193,20,20,100.2,5,4,82.625,35.5,166,41,58,87,0,E3,20,20,0.0,0.3,0,0
mas_iterative,1067,default,236,20,20,107.1,7,4,86.77083333333333,35.25,306,63,73,110,0,E3,20,20,0.0,0.3,0,0
cbba,1067,default,182,20,20,101.5,4,4,83.47916666666667,35.5,132,48,843,4721,204,E3,20,20,0.0,0.3,0,0
claim,1068,default,291,20,20,108.3,12,4,86.61111111111111,38.0,609,39,43,43,0,E3,20,20,0.0,0.3,0,0
mas,1068,default,252,20,20,105.8,11,4,87.87037037037037,38.0,396,117,86,129,0,E3,20,20,0.0,0.3,0,0
mas_iterative,1068,default,251,20,20,105.7,11,4,87.83333333333333,38.0,395,115,86,129,0,E3,20,20,0.0,0.3,0,0
cbba,1068,default,214,20,20,88.5,5,4,73.81481481481481,28.2,173,158,773,4177,186,E3,20,20,0.0,0.3,0,0
claim,1069,default,207,20,20,93.8,9,4,78.07692307692308,44.6,291,44,36,36,0,E3,20,20,0.0,0.3,0,0
mas,1069,default,188,20,20,91.6,6,4,75.98076923076923,37.0,174,94,66,99,0,E3,20,20,0.0,0.3,0,0
mas_iterative,1069,default,191,20,20,90.65,7,4,75.46153846153847,36.8,159,109,64,96,0,E3,20,20,0.0,0.3,0,0
cbba,1069,default,187,20,20,86.0,6,4,70.5,31.2,158,62,715,3759,172,E3,20,20,0.0,0.3,0,0
claim,1070,default,208,20,20,104.9,8,4,90.34426229508196,45.57142857142857,299,42,34,34,0,E3,20,20,0.0,0.3,0,0
mas,1070,default,187,20,20,87.3,5,4,75.0327868852459,41.42857142857143,139,93,62,93,0,E3,20,20,0.0,0.3,0,0
mas_iterative,1070,default,185,20,20,86.65,5,4,74.54098360655738,41.142857142857146,144,84,70,106,0,E3,20,20,0.0,0.3,0,0
cbba,1070,default,167,20,20,84.15,4,4,72.55737704918033,40.0,64,65,920,5082,224,E3,20,20,0.0,0.3,0,0
claim,1071,default,201,20,20,102.05,8,4,80.94117647058823,37.2,159,74,29,29,0,E3,20,20,0.0,0.3,0,0
mas,1071,default,219,20,20,113.65,12,4,89.11764705882354,39.8,304,69,70,105,0,E3,20,20,0.0,0.3,0,0
mas_iterative,1071,default,224,20,20,112.55,11,4,88.7843137254902,39.8,292,68,72,108,0,E3,20,20,0.0,0.3,0,0
cbba,1071,default,179,20,20,88.65,4,4,69.09803921568627,33.2,116,57,833,4545,202,E3,20,20,0.0,0.3,0,0
claim,1072,default,242,20,20,122.25,7,4,110.94545454545455,62.75,350,185,36,36,0,E3,20,20,0.0,0.3,0,0
mas,1072,default,185,20,20,84.8,9,4,76.56363636363636,40.0,201,64,66,100,0,E3,20,20,0.0,0.3,0,0
mas_iterative,1072,default,193,20,20,83.75,6,4,75.16363636363636,39.25,258,65,74,112,0,E3,20,20,0.0,0.3,0,0
cbba,1072,default,139,20,20,65.0,1,4,58.81818181818182,34.5,21,96,717,3927,174,E3,20,20,0.0,0.3,0,0
claim,1073,default,190,20,20,105.55,8,4,87.55102040816327,39.0,195,100,29,29,0,E3,20,20,0.0,0.3,0,0
mas,1073,default,193,20,20,109.6,6,4,88.40816326530613,39.0,232,71,70,105,0,E3,20,20,0.0,0.3,0,0
mas_iterative,1073,default,182,20,20,103.45,7,4,85.44897959183673,39.0,155,100,62,93,0,E3,20,20,0.0,0.3,0,0
cbba,1073,default,162,20,20,82.2,2,4,67.3265306122449,32.75,38,106,630,3260,152,E3,20,20,0.0,0.3,0,0
claim,1074,default,218,20,20,103.7,8,4,87.01923076923077,44.6,249,120,31,31,0,E3,20,20,0.0,0.3,0,0
mas,1074,default,218,20,20,106.15,9,4,86.92307692307692,43.6,353,31,70,105,0,E3,20,20,0.0,0.3,0,0
mas_iterative,1074,default,218,20,20,106.05,9,4,86.88461538461539,43.6,354,30,70,105,0,E3,20,20,0.0,0.3,0,0
cbba,1074,default,169,20,20,82.15,5,4,67.73076923076923,38.6,143,25,997,5339,242,E3,20,20,0.0,0.3,0,0
claim,1075,default,210,20,20,111.75,9,4,88.1063829787234,43.0,268,34,31,31,0,E3,20,20,0.0,0.3,0,0
mas,1075,default,192,20,20,93.5,5,4,74.12765957446808,35.666666666666664,118,86,60,90,0,E3,20,20,0.0,0.3,0,0
mas_iterative,1075,default,182,20,20,93.8,4,4,74.68085106382979,35.333333333333336,101,61,56,84,0,E3,20,20,0.0,0.3,0,0
cbba,1075,default,179,20,20,90.0,3,4,70.14893617021276,27.666666666666668,68,78,639,3393,154,E3,20,20,0.0,0.3,0,0
claim,1076,default,266,20,20,117.95,11,4,92.89583333333333,45.6,447,74,39,39,0,E3,20,20,0.0,0.3,0,0
mas,1076,default,212,20,20,99.0,5,4,77.8125,37.6,163,78,58,87,0,E3,20,20,0.0,0.3,0,0
mas_iterative,1076,default,216,20,20,105.4,7,4,81.04166666666667,37.2,199,92,63,95,0,E3,20,20,0.0,0.3,0,0
cbba,1076,default,206,20,20,99.3,6,4,75.75,32.6,168,80,910,4940,220,E3,20,20,0.0,0.3,0,0
claim,1077,default,202,20,20,96.8,9,4,76.9090909090909,45.75,171,147,30,30,0,E3,20,20,0.0,0.3,0,0
mas,1077,default,201,20,20,102.9,7,4,83.43636363636364,53.0,166,130,60,90,0,E3,20,20,0.0,0.3,0,0
mas_iterative,1077,default,177,20,20,89.1,6,4,70.96363636363637,47.125,89,64,68,102,0,E3,20,20,0.0,0.3,0,0
cbba,1077,default,193,20,20,85.5,5,4,66.30909090909091,41.0,151,100,871,4615,211,E3,20,20,0.0,0.3,0,0
claim,1078,default,207,20,20,107.65,9,4,85.15217391304348,40.666666666666664,296,45,33,33,0,E3,20,20,0.0,0.3,0,0
mas,1078,default,198,20,20,94.7,6,4,73.54347826086956,40.666666666666664,186,101,58,87,0,E3,20,20,0.0,0.3,0,0
mas_iterative,1078,default,194,20,20,110.2,7,4,89.5,47.0,216,44,72,108,0,E3,20,20,0.0,0.3,0,0
cbba,1078,default,182,20,20,83.75,4,4,66.6304347826087,40.333333333333336,163,82,682,3682,164,E3,20,20,0.0,0.3,0,0
claim,1079,default,192,20,20,100.5,8,4,79.24,38.5,216,75,29,29,0,E3,20,20,0.0,0.3,0,0
mas,1079,default,166,20,20,85.95,7,4,68.42,32.0,125,53,56,84,0,E3,20,20,0.0,0.3,0,0
mas_iterative,1079,default,166,20,20,85.9,7,4,68.34,31.75,126,52,56,84,0,E3,20,20,0.0,0.3,0,0
cbba,1079,default,174,20,20,85.3,5,4,66.5,28.5,108,89,945,5231,230,E3,20,20,0.0,0.3,0,0
claim,1080,default,190,20,20,86.7,7,4,72.66666666666667,35.333333333333336,174,113,28,28,0,E3,20,20,0.0,0.3,0,0
mas,1080,default,193,20,20,97.1,10,4,83.37777777777778,36.0,249,38,82,124,0,E3,20,20,0.0,0.3,0,0
mas_iterative,1080,default,192,20,20,81.75,7,4,67.77777777777777,35.666666666666664,189,112,73,110,0,E3,20,20,0.0,0.3,0,0
cbba,1080,default,167,20,20,69.7,5,4,58.51111111111111,35.666666666666664,96,87,719,3619,173,E3,20,20,0.0,0.3,0,0
claim,1081,default,180,20,20,92.65,10,4,74.76595744680851,29.333333333333332,211,32,32,32,0,E3,20,20,0.0,0.3,0,0
mas,1081,default,198,20,20,97.4,7,4,77.34042553191489,29.333333333333332,288,37,66,99,0,E3,20,20,0.0,0.3,0,0
mas_iterative,1081,default,198,20,20,97.35,7,4,77.31914893617021,29.333333333333332,289,36,66,99,0,E3,20,20,0.0,0.3,0,0
cbba,1081,default,159,20,20,78.2,3,4,63.212765957446805,29.333333333333332,67,59,808,4388,196,E3,20,20,0.0,0.3,0,0
claim,1082,default,250,20,20,117.9,12,4,88.75,35.25,422,90,40,40,0,E3,20,20,0.0,0.3,0,0
mas,1082,default,184,20,20,94.05,8,4,74.625,35.25,202,55,69,104,0,E3,20,20,0.0,0.3,0,0
mas_iterative,1082,default,176,20,20,83.0,2,4,66.9375,32.0,46,124,46,69,0,E3,20,20,0.0,0.3,0,0
cbba,1082,default,191,20,20,87.8,7,4,69.5,27.5,142,90,791,4185,191,E3,20,20,0.0,0.3,0,0
claim,1083,default,316,20,20,115.05,11,4,87.91111111111111,35.75,725,46,50,50,0,E3,20,20,0.0,0.3,0,0
mas,1083,default,192,20,20,94.8,6,4,76.28888888888889,35.75,166,97,58,87,0,E3,20,20,0.0,0.3,0,0
mas_iterative,1083,default,202,20,20,98.9,6,4,78.44444444444444,35.75,243,63,66,99,0,E3,20,20,0.0,0.3,0,0
cbba,1083,default,181,20,20,83.9,4,4,65.4888888888889,29.75,125,87,797,4259,193,E3,20,20,0.0,0.3,0,0
claim,1084,default,206,20,20,105.6,6,4,92.71428571428571,51.666666666666664,188,49,27,27,0,E3,20,20,0.0,0.3,0,0
mas,1084,default,216,20,20,100.1,9,4,86.80357142857143,46.666666666666664,162,164,64,96,0,E3,20,20,0.0,0.3,0,0
mas_iterative,1084,default,214,20,20,99.4,9,4,86.19642857142857,46.333333333333336,163,157,68,102,0,E3,20,20,0.0,0.3,0,0
cbba,1084,default,185,20,20,86.0,3,4,74.26785714285714,37.5,69,124,779,4233,189,E3,20,20,0.0,0.3,0,0
claim,1085,default,245,20,20,116.6,12,4,94.07843137254902,40.75,467,100,44,44,0,E3,20,20,0.0,0.3,0,0
mas,1085,default,180,20,20,91.2,8,4,76.09803921568627,36.5,253,32,72,108,0,E3,20,20,0.0,0.3,0,0
mas_iterative,1085,default,163,20,20,76.9,5,4,63.21568627450981,31.75,95,116,62,93,0,E3,20,20,0.0,0.3,0,0
cbba,1085,default,184,20,20,76.9,4,4,63.07843137254902,31.75,114,129,728,3882,176,E3,20,20,0.0,0.3,0,0
claim,1086,default,193,20,20,92.8,9,4,75.72916666666667,39.25,247,76,32,32,0,E3,20,20,0.0,0.3,0,0
mas,1086,default,171,20,20,88.7,8,4,74.02083333333333,39.25,188,35,60,90,0,E3,20,20,0.0,0.3,0,0
mas_iterative,1086,default,171,20,20,88.7,8,4,74.02083333333333,39.25,188,35,60,90,0,E3,20,20,0.0,0.3,0,0
cbba,1086,default,154,20,20,75.95,5,4,62.0625,33.75,98,64,838,4608,203,E3,20,20,0.0,0.3,0,0
claim,1087,default,150,20,20,74.65,4,4,64.8780487804878,30.0,81,91,24,24,0,E3,20,20,0.0,0.3,0,0
mas,1087,default,155,20,20,74.0,4,4,63.97560975609756,30.0,69,78,52,78,0,E3,20,20,0.0,0.3,0,0
mas_iterative,1087,default,157,20,20,73.45,6,4,62.48780487804878,30.0,124,55,66,99,0,E3,20,20,0.0,0.3,0,0
cbba,1087,default,141,20,20,65.75,2,4,56.170731707317074,30.0,31,91,675,3521,163,E3,20,20,0.0,0.3,0,0
claim,1088,default,215,20,20,110.3,9,4,90.08695652173913,49.0,358,93,34,34,0,E3,20,20,0.0,0.3,0,0
mas,1088,default,176,20,20,95.15,5,4,78.65217391304348,45.25,182,111,71,107,0,E3,20,20,0.0,0.3,0,0
mas_iterative,1088,default,165,20,20,90.05,3,4,76.26086956521739,45.0,121,66,57,86,0,E3,20,20,0.0,0.3,0,0
cbba,1088,default,175,20,20,75.25,6,4,59.21739130434783,35.5,130,138,943,5019,229,E3,20,20,0.0,0.3,0,0
claim,1090,default,213,20,20,95.45,5,4,80.02564102564102,27.0,224,97,30,30,0,E3,20,20,0.0,0.3,0,0
mas,1090,default,217,20,20,92.15,8,4,76.3076923076923,27.0,312,47,79,119,0,E3,20,20,0.0,0.3,0,0
mas_iterative,1090,default,196,20,20,91.55,5,4,75.58974358974359,27.0,155,111,58,87,0,E3,20,20,0.0,0.3,0,0
cbba,1090,default,196,20,20,86.6,6,4,70.23076923076923,27.0,159,134,857,4627,207,E3,20,20,0.0,0.3,0,0
claim,1091,default,239,20,20,112.0,8,4,92.80851063829788,47.0,376,30,34,34,0,E3,20,20,0.0,0.3,0,0
mas,1091,default,220,20,20,117.2,7,4,95.42553191489361,40.0,233,83,66,99,0,E3,20,20,0.0,0.3,0,0
mas_iterative,1091,default,219,20,20,115.3,5,4,94.27659574468085,39.5,192,99,62,93,0,E3,20,20,0.0,0.3,0,0
cbba,1091,default,196,20,20,96.7,6,4,79.34042553191489,39.5,189,28,820,4330,198,E3,20,20,0.0,0.3,0,0
claim,1092,default,195,20,20,114.4,9,4,103.21153846153847,37.666666666666664,283,53,33,33,0,E3,20,20,0.0,0.3,0,0
mas,1092,default,195,20,20,101.7,9,4,88.84615384615384,37.333333333333336,248,114,70,105,0,E3,20,20,0.0,0.3,0,0
mas_iterative,1092,default,162,20,20,88.4,9,4,79.07692307692308,37.333333333333336,147,44,69,104,0,E3,20,20,0.0,0.3,0,0
cbba,1092,default,147,20,20,76.8,4,4,67.0,28.0,85,86,899,4899,218,E3,20,20,0.0,0.3,0,0
claim,1093,default,195,20,20,99.95,9,4,84.34615384615384,35.0,232,45,30,30,0,E3,20,20,0.0,0.3,0,0
mas,1093,default,191,20,20,91.5,6,4,76.63461538461539,35.333333333333336,115,116,56,84,0,E3,20,20,0.0,0.3,0,0
mas_iterative,1093,default,204,20,20,94.65,7,4,79.07692307692308,35.333333333333336,197,99,69,104,0,E3,20,20,0.0,0.3,0,0
cbba,1093,default,170,20,20,83.95,3,4,69.61538461538461,27.666666666666668,79,52,716,3714,173,E3,20,20,0.0,0.3,0,0
claim,1094,default,252,20,20,139.0,10,4,123.16981132075472,51.333333333333336,427,37,41,41,0,E3,20,20,0.0,0.3,0,0
mas,1094,default,196,20,20,95.0,6,4,82.13207547169812,30.333333333333332,154,54,69,104,0,E3,20,20,0.0,0.3,0,0
mas_iterative,1094,default,194,20,20,92.8,6,4,80.73584905660377,29.666666666666668,191,49,69,104,0,E3,20,20,0.0,0.3,0,0
cbba,1094,default,212,20,20,93.85,7,4,80.11320754716981,29.666666666666668,183,129,1042,5608,253,E3,20,20,0.0,0.3,0,0
claim,1095,default,185,20,20,92.55,7,4,80.36842105263158,41.166666666666664,142,116,28,28,0,E3,20,20,0.0,0.3,0,0
mas,1095,default,205,20,20,94.15,6,4,80.6140350877193,39.333333333333336,184,140,62,93,0,E3,20,20,0.0,0.3,0,0
mas_iterative,1095,default,181,20,20,87.6,4,4,76.14035087719299,39.333333333333336,86,132,50,75,0,E3,20,20,0.0,0.3,0,0
cbba,1095,default,181,20,20,81.35,5,4,69.57894736842105,36.833333333333336,192,40,736,3894,177,E3,20,20,0.0,0.3,0,0
claim,1096,default,265,20,20,136.1,13,4,104.25,43.2,441,51,40,40,0,E3,20,20,0.0,0.3,0,0
mas,1096,default,222,20,20,117.1,9,4,91.29166666666667,45.8,229,60,76,114,0,E3,20,20,0.0,0.3,0,0
mas_iterative,1096,default,239,20,20,118.65,12,4,89.54166666666667,38.0,344,49,91,137,0,E3,20,20,0.0,0.3,0,0
cbba,1096,default,195,20,20,94.05,5,4,72.20833333333333,37.8,104,75,870,4762,211,E3,20,20,0.0,0.3,0,0
claim,1097,default,236,20,20,101.95,8,4,78.5909090909091,38.0,347,61,35,35,0,E3,20,20,0.0,0.3,0,0
mas,1097,default,189,20,20,91.45,3,4,70.43181818181819,32.5,87,128,64,97,0,E3,20,20,0.0,0.3,0,0
mas_iterative,1097,default,190,20,20,91.95,6,4,71.36363636363636,32.25,129,86,58,87,0,E3,20,20,0.0,0.3,0,0
cbba,1097,default,197,20,20,85.95,8,4,65.27272727272727,32.25,205,30,891,4603,215,E3,20,20,0.0,0.3,0,0
claim,1098,default,214,20,20,102.65,9,4,83.19607843137256,46.0,183,105,30,30,0,E3,20,20,0.0,0.3,0,0
mas,1098,default,210,20,20,101.85,8,4,83.0,44.166666666666664,192,89,60,90,0,E3,20,20,0.0,0.3,0,0
mas_iterative,1098,default,209,20,20,101.55,8,4,82.82352941176471,44.166666666666664,191,87,60,90,0,E3,20,20,0.0,0.3,0,0
cbba,1098,default,210,20,20,90.5,4,4,72.15686274509804,36.333333333333336,92,153,729,3779,176,E3,20,20,0.0,0.3,0,0
claim,1099,default,268,20,20,147.05,11,4,113.76595744680851,39.666666666666664,540,78,46,46,0,E3,20,20,0.0,0.3,0,0
mas,1099,default,176,20,20,95.25,4,4,78.95744680851064,38.666666666666664,113,96,52,78,0,E3,20,20,0.0,0.3,0,0
mas_iterative,1099,default,194,20,20,103.15,6,4,82.82978723404256,38.666666666666664,182,70,62,93,0,E3,20,20,0.0,0.3,0,0
cbba,1099,default,185,20,20,87.0,5,4,70.34042553191489,33.0,201,36,920,4936,223,E3,20,20,0.0,0.3,0,0
claim,1101,default,258,20,20,112.65,8,4,88.36734693877551,49.8,306,110,34,34,0,E3,20,20,0.0,0.3,0,0
mas,1101,default,227,20,20,107.7,8,4,83.3061224489796,49.8,262,45,70,105,0,E3,20,20,0.0,0.3,0,0
mas_iterative,1101,default,226,20,20,116.45,9,4,89.08163265306122,49.8,310,41,70,105,0,E3,20,20,0.0,0.3,0,0
cbba,1101,default,219,20,20,105.6,5,4,79.40816326530613,35.4,198,92,941,5087,228,E3,20,20,0.0,0.3,0,0
claim,1102,default,189,20,20,89.7,6,4,79.49152542372882,51.166666666666664,179,89,29,29,0,E3,20,20,0.0,0.3,0,0
mas,1102,default,193,20,20,96.95,8,4,82.7457627118644,47.0,293,36,80,120,0,E3,20,20,0.0,0.3,0,0
mas_iterative,1102,default,196,20,20,95.0,5,4,79.9322033898305,44.166666666666664,226,73,66,99,0,E3,20,20,0.0,0.3,0,0
cbba,1102,default,163,20,20,77.5,4,4,67.86440677966101,39.666666666666664,76,85,727,3873,175,E3,20,20,0.0,0.3,0,0
claim,1103,default,309,20,20,128.75,12,4,109.24074074074075,43.5,695,47,51,51,0,E3,20,20,0.0,0.3,0,0
mas,1103,default,187,20,20,98.35,7,4,85.85185185185185,40.0,210,35,62,93,0,E3,20,20,0.0,0.3,0,0
mas_iterative,1103,default,187,20,20,98.3,7,4,85.83333333333333,40.0,211,34,62,93,0,E3,20,20,0.0,0.3,0,0
cbba,1103,default,170,20,20,81.8,5,4,69.85185185185185,33.75,160,29,853,4487,206,E3,20,20,0.0,0.3,0,0
claim,1104,default,209,20,20,95.8,5,4,77.15217391304348,34.5,198,114,27,27,0,E3,20,20,0.0,0.3,0,0
mas,1104,default,188,20,20,82.75,2,4,67.67391304347827,34.5,48,151,46,69,0,E3,20,20,0.0,0.3,0,0
mas_iterative,1104,default,179,20,20,87.5,7,4,70.45652173913044,34.5,138,91,62,93,0,E3,20,20,0.0,0.3,0,0
cbba,1104,default,170,20,20,77.6,1,4,63.06521739130435,29.75,40,77,617,3201,149,E3,20,20,0.0,0.3,0,0
claim,1106,default,265,20,20,130.55,8,4,109.90566037735849,56.8,403,130,34,34,0,E3,20,20,0.0,0.3,0,0
mas,1106,default,207,20,20,95.95,6,4,78.9245283018868,41.0,264,34,64,96,0,E3,20,20,0.0,0.3,0,0
mas_iterative,1106,default,206,20,20,91.85,5,4,76.41509433962264,40.6,261,30,72,108,0,E3,20,20,0.0,0.3,0,0
cbba,1106,default,177,20,20,87.85,3,4,72.75471698113208,36.6,102,95,830,4604,201,E3,20,20,0.0,0.3,0,0
claim,1107,default,158,20,20,80.4,6,4,70.6734693877551,47.0,116,99,26,26,0,E3,20,20,0.0,0.3,0,0
mas,1107,default,168,20,20,80.55,7,4,68.48979591836735,39.0,176,77,68,102,0,E3,20,20,0.0,0.3,0,0
mas_iterative,1107,default,165,20,20,78.0,7,4,66.44897959183673,38.5,191,58,66,99,0,E3,20,20,0.0,0.3,0,0
cbba,1107,default,141,20,20,68.0,3,4,59.55102040816327,35.0,48,94,740,4006,179,E3,20,20,0.0,0.3,0,0
claim,1108,default,251,20,20,118.0,11,4,94.5925925925926,36.8,382,154,37,37,0,E3,20,20,0.0,0.3,0,0
mas,1108,default,234,20,20,103.3,8,4,85.87037037037037,38.2,336,91,77,116,0,E3,20,20,0.0,0.3,0,0
mas_iterative,1108,default,207,20,20,101.2,10,4,85.05555555555556,38.2,248,89,76,114,0,E3,20,20,0.0,0.3,0,0
cbba,1108,default,167,20,20,78.15,5,4,65.53703703703704,40.2,69,98,805,4321,195,E3,20,20,0.0,0.3,0,0
claim,1109,default,196,20,20,94.15,10,4,74.81395348837209,33.5,288,38,35,35,0,E3,20,20,0.0,0.3,0,0
mas,1109,default,193,20,20,82.75,5,4,67.72093023255815,33.5,135,158,56,84,0,E3,20,20,0.0,0.3,0,0
mas_iterative,1109,default,188,20,20,84.4,9,4,68.0,28.0,222,69,70,105,0,E3,20,20,0.0,0.3,0,0
cbba,1109,default,177,20,20,73.55,3,4,59.48837209302326,27.5,76,145,738,3852,178,E3,20,20,0.0,0.3,0,0
claim,1110,default,221,20,20,97.05,11,4,83.34426229508196,46.714285714285715,285,102,34,34,0,E3,20,20,0.0,0.3,0,0
mas,1110,default,238,20,20,94.6,9,4,79.78688524590164,41.142857142857146,367,116,79,119,0,E3,20,20,0.0,0.3,0,0
mas_iterative,1110,default,224,20,20,94.35,10,4,80.42622950819673,40.857142857142854,312,95,83,125,0,E3,20,20,0.0,0.3,0,0
cbba,1110,default,160,20,20,75.6,1,4,65.73770491803279,36.0,16,92,669,3617,162,E3,20,20,0.0,0.3,0,0
claim,1111,default,230,20,20,102.45,9,4,80.8,42.2,292,170,33,33,0,E3,20,20,0.0,0.3,0,0
mas,1111,default,176,20,20,88.9,6,4,71.64,42.0,158,71,67,101,0,E3,20,20,0.0,0.3,0,0
mas_iterative,1111,default,174,20,20,88.55,6,4,71.38,41.8,157,64,67,101,0,E3,20,20,0.0,0.3,0,0
cbba,1111,default,171,20,20,79.5,3,4,63.88,38.6,74,110,851,4591,207,E3,20,20,0.0,0.3,0,0
claim,1112,default,274,20,20,164.4,10,4,141.7111111111111,41.0,546,82,42,42,0,E3,20,20,0.0,0.3,0,0
mas,1112,default,201,20,20,100.4,6,4,84.42222222222222,40.5,229,91,70,105,0,E3,20,20,0.0,0.3,0,0
mas_iterative,1112,default,196,20,20,93.85,6,4,79.8,40.0,196,109,73,110,0,E3,20,20,0.0,0.3,0,0
cbba,1112,default,164,20,20,79.4,5,4,65.33333333333333,37.0,96,86,812,4392,196,E3,20,20,0.0,0.3,0,0
claim,1113,default,216,20,20,106.25,9,4,84.13207547169812,43.8,306,58,35,35,0,E3,20,20,0.0,0.3,0,0
mas,1113,default,232,20,20,105.15,11,4,82.0377358490566,43.8,354,91,86,129,0,E3,20,20,0.0,0.3,0,0
mas_iterative,1113,default,193,20,20,94.2,8,4,75.20754716981132,43.4,239,59,68,102,0,E3,20,20,0.0,0.3,0,0
cbba,1113,default,169,20,20,77.7,3,4,61.905660377358494,36.6,99,31,781,4167,189,E3,20,20,0.0,0.3,0,0
claim,1114,default,241,20,20,123.9,7,4,97.96153846153847,61.666666666666664,334,77,32,32,0,E3,20,20,0.0,0.3,0,0
mas,1114,default,232,20,20,114.55,9,4,90.36538461538461,56.166666666666664,318,72,64,96,0,E3,20,20,0.0,0.3,0,0
mas_iterative,1114,default,232,20,20,114.55,9,4,90.36538461538461,56.166666666666664,318,72,64,96,0,E3,20,20,0.0,0.3,0,0
cbba,1114,default,181,20,20,84.95,3,4,65.6923076923077,40.166666666666664,58,82,720,3862,174,E3,20,20,0.0,0.3,0,0
claim,1115,default,195,20,20,103.75,13,4,84.875,51.2,317,37,41,41,0,E3,20,20,0.0,0.3,0,0
mas,1115,default,176,20,20,85.55,10,4,65.35416666666667,35.2,199,87,73,110,0,E3,20,20,0.0,0.3,0,0
mas_iterative,1115,default,194,20,20,82.8,9,4,63.645833333333336,34.6,196,143,69,104,0,E3,20,20,0.0,0.3,0,0
cbba,1115,default,159,20,20,73.3,5,4,56.5625,34.4,98,98,951,5395,231,E3,20,20,0.0,0.3,0,0
claim,1116,default,209,20,20,100.05,11,4,78.16666666666667,27.5,366,44,37,37,0,E3,20,20,0.0,0.3,0,0
mas,1116,default,156,20,20,82.35,11,4,67.71428571428571,27.5,210,30,68,102,0,E3,20,20,0.0,0.3,0,0
mas_iterative,1116,default,173,20,20,84.25,11,4,69.21428571428571,27.5,243,49,73,110,0,E3,20,20,0.0,0.3,0,0
cbba,1116,default,133,20,20,73.05,6,4,60.023809523809526,27.0,72,58,651,3503,156,E3,20,20,0.0,0.3,0,0
claim,1117,default,183,20,20,87.55,5,4,71.64150943396227,37.2,151,140,26,26,0,E3,20,20,0.0,0.3,0,0
mas,1117,default,192,20,20,86.7,6,4,70.39622641509433,37.2,184,145,58,87,0,E3,20,20,0.0,0.3,0,0
mas_iterative,1117,default,177,20,20,80.05,6,4,64.75471698113208,31.8,139,123,60,90,0,E3,20,20,0.0,0.3,0,0
cbba,1117,default,174,20,20,71.8,5,4,58.41509433962264,31.8,111,142,742,3968,179,E3,20,20,0.0,0.3,0,0
claim,1118,default,232,20,20,117.85,7,4,100.37735849056604,48.5,172,131,28,28,0,E3,20,20,0.0,0.3,0,0
mas,1118,default,259,20,20,125.35,5,4,104.83018867924528,47.25,248,139,75,113,0,E3,20,20,0.0,0.3,0,0
mas_iterative,1118,default,208,20,20,96.55,6,4,79.33962264150944,42.0,193,70,72,109,0,E3,20,20,0.0,0.3,0,0
cbba,1118,default,202,20,20,92.25,4,4,76.39622641509433,42.0,124,36,733,3795,177,E3,20,20,0.0,0.3,0,0
claim,1119,default,176,20,20,96.4,9,4,83.46938775510205,39.0,187,61,29,29,0,E3,20,20,0.0,0.3,0,0
mas,1119,default,167,20,20,93.6,6,4,81.65306122448979,39.0,156,41,60,90,0,E3,20,20,0.0,0.3,0,0
mas_iterative,1119,default,195,20,20,92.75,9,4,78.14285714285714,27.0,220,44,66,99,0,E3,20,20,0.0,0.3,0,0
cbba,1119,default,166,20,20,76.45,4,4,65.34693877551021,27.0,66,97,680,3698,164,E3,20,20,0.0,0.3,0,0
claim,1120,default,181,20,20,94.1,8,4,80.95454545454545,50.5,190,74,31,31,0,E3,20,20,0.0,0.3,0,0
mas,1120,default,168,20,20,91.85,9,4,74.5909090909091,38.5,158,72,68,102,0,E3,20,20,0.0,0.3,0,0
mas_iterative,1120,default,167,20,20,86.6,10,4,71.22727272727273,38.0,166,64,68,102,0,E3,20,20,0.0,0.3,0,0
cbba,1120,default,178,20,20,83.6,6,4,70.43181818181819,38.0,177,64,952,5130,231,E3,20,20,0.0,0.3,0,0
claim,1121,default,245,20,20,115.2,11,4,89.41304347826087,43.5,403,34,38,38,0,E3,20,20,0.0,0.3,0,0
mas,1121,default,214,20,20,111.65,8,4,89.23913043478261,43.5,200,107,62,93,0,E3,20,20,0.0,0.3,0,0
mas_iterative,1121,default,214,20,20,111.6,8,4,89.21739130434783,43.5,200,107,62,93,0,E3,20,20,0.0,0.3,0,0
cbba,1121,default,213,20,20,97.65,6,4,75.47826086956522,36.0,205,106,919,4825,222,E3,20,20,0.0,0.3,0,0
claim,1123,default,174,20,20,85.3,7,4,71.14583333333333,38.8,206,33,29,29,0,E3,20,20,0.0,0.3,0,0
mas,1123,default,176,20,20,86.35,6,4,69.5,33.8,175,120,70,105,0,E3,20,20,0.0,0.3,0,0
mas_iterative,1123,default,163,20,20,85.6,7,4,70.29166666666667,34.4,143,68,71,107,0,E3,20,20,0.0,0.3,0,0
cbba,1123,default,168,20,20,74.7,5,4,60.729166666666664,31.0,83,123,594,3070,142,E3,20,20,0.0,0.3,0,0
claim,1124,default,165,20,20,86.8,8,4,75.64814814814815,34.0,174,78,31,31,0,E3,20,20,0.0,0.3,0,0
mas,1124,default,170,20,20,82.9,8,4,72.12962962962963,34.0,140,68,60,90,0,E3,20,20,0.0,0.3,0,0
mas_iterative,1124,default,161,20,20,79.35,5,4,69.24074074074075,34.0,112,79,60,90,0,E3,20,20,0.0,0.3,0,0
cbba,1124,default,147,20,20,74.05,3,4,63.75925925925926,28.0,82,43,743,4075,180,E3,20,20,0.0,0.3,0,0
claim,1125,default,214,20,20,103.5,8,4,82.46808510638297,36.0,246,78,30,30,0,E3,20,20,0.0,0.3,0,0
mas,1125,default,189,20,20,86.6,6,4,67.65957446808511,28.0,132,64,64,96,0,E3,20,20,0.0,0.3,0,0
mas_iterative,1125,default,193,20,20,87.35,6,4,67.74468085106383,27.666666666666668,150,87,68,102,0,E3,20,20,0.0,0.3,0,0
cbba,1125,default,230,20,20,91.1,7,4,69.36170212765957,27.666666666666668,259,103,892,4734,215,E3,20,20,0.0,0.3,0,0
claim,1126,default,149,20,20,76.2,6,4,62.86,45.0,102,25,29,29,0,E3,20,20,0.0,0.3,0,0
mas,1126,default,199,20,20,88.9,9,4,68.88,45.0,318,99,89,135,0,E3,20,20,0.0,0.3,0,0
mas_iterative,1126,default,153,20,20,78.1,6,4,64.18,45.0,159,89,68,102,0,E3,20,20,0.0,0.3,0,0
cbba,1126,default,134,20,20,65.95,3,4,54.06,40.25,32,90,679,3725,164,E3,20,20,0.0,0.3,0,0
claim,1127,default,176,20,20,90.95,6,4,80.53061224489795,28.333333333333332,139,114,27,27,0,E3,20,20,0.0,0.3,0,0
mas,1127,default,155,20,20,77.75,3,4,69.42857142857143,28.333333333333332,82,75,56,84,0,E3,20,20,0.0,0.3,0,0
mas_iterative,1127,default,162,20,20,81.85,4,4,72.55102040816327,28.333333333333332,94,94,54,81,0,E3,20,20,0.0,0.3,0,0
cbba,1127,default,156,20,20,73.05,5,4,64.93877551020408,28.333333333333332,99,63,769,4077,186,E3,20,20,0.0,0.3,0,0
claim,1128,default,166,20,20,85.8,2,4,71.3913043478261,33.333333333333336,57,97,22,22,0,E3,20,20,0.0,0.3,0,0
mas,1128,default,166,20,20,87.35,3,4,69.95652173913044,33.333333333333336,124,56,52,78,0,E3,20,20,0.0,0.3,0,0
mas_iterative,1128,default,158,20,20,83.0,4,4,67.6304347826087,33.333333333333336,98,28,56,84,0,E3,20,20,0.0,0.3,0,0
cbba,1128,default,161,20,20,79.8,5,4,64.0,33.333333333333336,89,67,709,3823,171,E3,20,20,0.0,0.3,0,0
claim,1129,default,204,20,20,102.55,7,4,90.06122448979592,27.0,209,89,31,31,0,E3,20,20,0.0,0.3,0,0
mas,1129,default,177,20,20,90.5,3,4,79.34693877551021,27.0,69,90,50,75,0,E3,20,20,0.0,0.3,0,0
mas_iterative,1129,default,177,20,20,90.25,4,4,79.08163265306122,27.0,70,89,50,75,0,E3,20,20,0.0,0.3,0,0
cbba,1129,default,174,20,20,89.05,4,4,77.61224489795919,27.0,115,78,966,5328,235,E3,20,20,0.0,0.3,0,0
claim,1130,default,191,20,20,95.15,5,4,81.07142857142857,45.0,137,113,27,27,0,E3,20,20,0.0,0.3,0,0
mas,1130,default,189,20,20,91.65,7,4,76.5,38.6,193,39,62,93,0,E3,20,20,0.0,0.3,0,0
mas_iterative,1130,default,210,20,20,91.65,9,4,75.5,38.2,231,100,66,99,0,E3,20,20,0.0,0.3,0,0
cbba,1130,default,169,20,20,79.75,3,4,66.64285714285714,39.4,63,98,699,3773,169,E3,20,20,0.0,0.3,0,0
claim,1131,default,183,20,20,92.75,7,4,79.62711864406779,55.5,177,59,27,27,0,E3,20,20,0.0,0.3,0,0
mas,1131,default,187,20,20,97.65,8,4,83.37288135593221,59.625,159,114,58,87,0,E3,20,20,0.0,0.3,0,0
mas_iterative,1131,default,154,20,20,88.05,6,4,75.2542372881356,50.5,112,42,60,90,0,E3,20,20,0.0,0.3,0,0
cbba,1131,default,156,20,20,76.45,1,4,64.94915254237289,44.125,35,95,662,3432,160,E3,20,20,0.0,0.3,0,0
claim,1132,default,258,20,20,123.3,11,4,101.88679245283019,38.666666666666664,452,127,38,38,0,E3,20,20,0.0,0.3,0,0
mas,1132,default,174,20,20,88.7,8,4,77.0,37.333333333333336,129,104,70,105,0,E3,20,20,0.0,0.3,0,0
mas_iterative,1132,default,178,20,20,91.9,6,4,77.58490566037736,35.666666666666664,188,54,64,96,0,E3,20,20,0.0,0.3,0,0
cbba,1132,default,163,20,20,81.15,5,4,69.83018867924528,35.666666666666664,97,84,775,4095,187,E3,20,20,0.0,0.3,0,0
claim,1133,default,193,20,20,90.35,5,4,78.0754716981132,36.0,175,82,27,27,0,E3,20,20,0.0,0.3,0,0
mas,1133,default,197,20,20,92.2,6,4,78.71698113207547,36.0,171,104,58,87,0,E3,20,20,0.0,0.3,0,0
mas_iterative,1133,default,194,20,20,91.55,6,4,76.86792452830188,35.5,207,85,60,90,0,E3,20,20,0.0,0.3,0,0
cbba,1133,default,165,20,20,83.35,4,4,70.0377358490566,35.25,139,28,787,4197,190,E3,20,20,0.0,0.3,0,0
claim,1134,default,202,20,20,97.45,6,4,83.40816326530613,28.5,198,142,28,28,0,E3,20,20,0.0,0.3,0,0
mas,1134,default,197,20,20,92.9,7,4,80.36734693877551,28.5,182,142,62,93,0,E3,20,20,0.0,0.3,0,0
mas_iterative,1134,default,204,20,20,86.6,9,4,73.79591836734694,28.5,203,140,66,99,0,E3,20,20,0.0,0.3,0,0
cbba,1134,default,162,20,20,74.65,3,4,64.40816326530613,28.5,71,105,802,4290,194,E3,20,20,0.0,0.3,0,0
claim,1135,default,239,20,20,108.15,10,4,87.91666666666667,45.6,435,37,41,41,0,E3,20,20,0.0,0.3,0,0
mas,1135,default,220,20,20,97.4,7,4,80.625,42.0,244,122,70,105,0,E3,20,20,0.0,0.3,0,0
mas_iterative,1135,default,194,20,20,94.0,7,4,76.35416666666667,37.8,234,63,64,96,0,E3,20,20,0.0,0.3,0,0
cbba,1135,default,156,20,20,75.1,2,4,61.875,32.2,37,67,764,4206,185,E3,20,20,0.0,0.3,0,0
claim,1136,default,228,20,20,124.65,11,4,104.86274509803921,60.4,335,55,34,34,0,E3,20,20,0.0,0.3,0,0
mas,1136,default,213,20,20,112.5,8,4,92.3921568627451,45.4,241,69,62,93,0,E3,20,20,0.0,0.3,0,0
mas_iterative,1136,default,205,20,20,107.85,7,4,88.84313725490196,45.0,190,89,60,90,0,E3,20,20,0.0,0.3,0,0
cbba,1136,default,177,20,20,90.95,3,4,75.62745098039215,40.4,90,23,899,4749,218,E3,20,20,0.0,0.3,0,0
claim,1137,default,261,20,20,109.05,12,4,84.70212765957447,38.75,486,37,41,41,0,E3,20,20,0.0,0.3,0,0
mas,1137,default,195,20,20,97.8,8,4,78.46808510638297,38.75,152,117,63,95,0,E3,20,20,0.0,0.3,0,0
mas_iterative,1137,default,198,20,20,99.15,9,4,78.70212765957447,38.75,162,121,63,95,0,E3,20,20,0.0,0.3,0,0
cbba,1137,default,196,20,20,90.85,7,4,71.31914893617021,29.5,133,62,982,5358,238,E3,20,20,0.0,0.3,0,0
claim,1138,default,182,20,20,94.25,8,4,82.75925925925925,39.5,224,56,31,31,0,E3,20,20,0.0,0.3,0,0
mas,1138,default,174,20,20,91.2,7,4,79.5925925925926,37.0,132,95,56,84,0,E3,20,20,0.0,0.3,0,0
mas_iterative,1138,default,174,20,20,90.1,7,4,78.48148148148148,37.0,124,100,60,90,0,E3,20,20,0.0,0.3,0,0
cbba,1138,default,148,20,20,76.05,5,4,66.62962962962963,39.0,83,51,921,5097,224,E3,20,20,0.0,0.3,0,0
claim,1139,default,161,20,20,89.45,6,4,79.25925925925925,48.0,121,67,27,27,0,E3,20,20,0.0,0.3,0,0
mas,1139,default,181,20,20,93.3,7,4,78.5,39.0,216,48,70,106,0,E3,20,20,0.0,0.3,0,0
mas_iterative,1139,default,166,20,20,82.55,5,4,69.62962962962963,38.0,163,37,67,101,0,E3,20,20,0.0,0.3,0,0
cbba,1139,default,169,20,20,81.6,5,4,71.77777777777777,38.0,81,128,702,3762,169,E3,20,20,0.0,0.3,0,0
claim,1140,default,248,20,20,113.6,12,4,89.89583333333333,36.25,450,75,46,46,0,E3,20,20,0.0,0.3,0,0
mas,1140,default,178,20,20,87.15,7,4,70.70833333333333,36.25,177,31,60,90,0,E3,20,20,0.0,0.3,0,0
mas_iterative,1140,default,177,20,20,87.1,7,4,70.6875,36.25,177,29,60,90,0,E3,20,20,0.0,0.3,0,0
cbba,1140,default,187,20,20,82.05,8,4,64.45833333333333,31.25,139,84,890,4814,215,E3,20,20,0.0,0.3,0,0
claim,1141,default,288,20,20,144.65,11,4,111.43636363636364,58.75,568,86,39,39,0,E3,20,20,0.0,0.3,0,0
mas,1141,default,188,20,20,98.35,7,4,81.32727272727273,52.375,196,41,63,95,0,E3,20,20,0.0,0.3,0,0
mas_iterative,1141,default,188,20,20,98.1,7,4,81.12727272727273,52.25,198,39,63,95,0,E3,20,20,0.0,0.3,0,0
cbba,1141,default,172,20,20,84.6,4,4,69.21818181818182,42.75,64,74,752,4030,182,E3,20,20,0.0,0.3,0,0
claim,1142,default,203,20,20,111.65,7,4,92.68,40.25,249,50,31,31,0,E3,20,20,0.0,0.3,0,0
mas,1142,default,215,20,20,107.2,10,4,89.16,34.25,267,67,74,111,0,E3,20,20,0.0,0.3,0,0
mas_iterative,1142,default,196,20,20,101.8,7,4,85.14,34.0,144,106,62,93,0,E3,20,20,0.0,0.3,0,0
cbba,1142,default,185,20,20,87.15,4,4,72.08,34.0,122,104,799,4273,193,E3,20,20,0.0,0.3,0,0
claim,1143,default,223,20,20,103.7,11,4,76.88372093023256,43.333333333333336,333,32,36,36,0,E3,20,20,0.0,0.3,0,0
mas,1143,default,226,20,20,95.75,10,4,71.97674418604652,42.0,315,78,84,126,0,E3,20,20,0.0,0.3,0,0
mas_iterative,1143,default,219,20,20,88.7,7,4,65.3953488372093,40.666666666666664,292,98,75,113,0,E3,20,20,0.0,0.3,0,0
cbba,1143,default,188,20,20,81.4,3,4,61.093023255813954,40.666666666666664,96,95,681,3543,164,E3,20,20,0.0,0.3,0,0
claim,1144,default,228,20,20,135.55,9,4,110.62745098039215,58.5,356,56,36,36,0,E3,20,20,0.0,0.3,0,0
mas,1144,default,176,20,20,91.95,5,4,73.80392156862744,46.166666666666664,86,73,55,83,0,E3,20,20,0.0,0.3,0,0
mas_iterative,1144,default,183,20,20,93.2,7,4,74.45098039215686,47.833333333333336,223,26,69,104,0,E3,20,20,0.0,0.3,0,0
cbba,1144,default,179,20,20,84.0,3,4,65.86274509803921,37.5,128,75,841,4465,204,E3,20,20,0.0,0.3,0,0
claim,1145,default,203,20,20,91.85,5,4,74.57142857142857,49.0,205,120,28,28,0,E3,20,20,0.0,0.3,0,0
mas,1145,default,184,20,20,82.7,4,4,66.78571428571429,43.125,87,149,54,81,0,E3,20,20,0.0,0.3,0,0
mas_iterative,1145,default,210,20,20,98.7,9,4,76.73214285714286,46.125,320,34,80,120,0,E3,20,20,0.0,0.3,0,0
cbba,1145,default,170,20,20,82.0,3,4,65.55357142857143,42.125,70,109,842,4688,204,E3,20,20,0.0,0.3,0,0
claim,1146,default,184,20,20,97.35,6,4,86.4,46.25,141,94,26,26,0,E3,20,20,0.0,0.3,0,0
mas,1146,default,158,20,20,86.8,3,4,77.05454545454545,40.0,62,56,54,81,0,E3,20,20,0.0,0.3,0,0
mas_iterative,1146,default,163,20,20,82.55,2,4,72.58181818181818,34.5,36,85,52,78,0,E3,20,20,0.0,0.3,0,0
cbba,1146,default,162,20,20,82.95,1,4,73.10909090909091,34.5,45,81,658,3548,159,E3,20,20,0.0,0.3,0,0
claim,1147,default,187,20,20,94.6,6,4,77.72340425531915,38.666666666666664,157,61,29,29,0,E3,20,20,0.0,0.3,0,0
mas,1147,default,173,20,20,97.05,6,4,81.12765957446808,38.666666666666664,157,45,64,96,0,E3,20,20,0.0,0.3,0,0
mas_iterative,1147,default,172,20,20,96.65,6,4,80.82978723404256,38.666666666666664,159,40,64,96,0,E3,20,20,0.0,0.3,0,0
cbba,1147,default,168,20,20,83.3,3,4,66.85106382978724,29.333333333333332,43,75,796,4396,193,E3,20,20,0.0,0.3,0,0
claim,1149,default,203,20,20,97.05,10,4,82.6923076923077,40.333333333333336,367,36,40,40,0,E3,20,20,0.0,0.3,0,0
mas,1149,default,172,20,20,91.05,7,4,79.32692307692308,42.0,184,102,68,102,0,E3,20,20,0.0,0.3,0,0
mas_iterative,1149,default,171,20,20,92.7,8,4,79.13461538461539,42.0,213,71,66,99,0,E3,20,20,0.0,0.3,0,0
cbba,1149,default,161,20,20,71.2,4,4,60.5,39.0,112,101,801,4323,194,E3,20,20,0.0,0.3,0,0
claim,1150,default,175,20,20,91.2,5,4,75.02083333333333,39.6,108,116,25,25,0,E3,20,20,0.0,0.3,0,0
mas,1150,default,158,20,20,77.6,3,4,62.583333333333336,33.0,50,115,57,86,0,E3,20,20,0.0,0.3,0,0
mas_iterative,1150,default,152,20,20,78.8,2,4,61.5625,29.2,66,61,55,83,0,E3,20,20,0.0,0.3,0,0
cbba,1150,default,169,20,20,80.65,4,4,62.8125,29.2,84,117,750,4084,181,E3,20,20,0.0,0.3,0,0
claim,1152,default,222,20,20,112.2,8,4,91.22916666666667,42.75,277,102,32,32,0,E3,20,20,0.0,0.3,0,0
mas,1152,default,185,20,20,98.4,7,4,81.35416666666667,45.0,123,53,58,87,0,E3,20,20,0.0,0.3,0,0
mas_iterative,1152,default,203,20,20,101.45,9,4,83.66666666666667,45.0,261,28,68,102,0,E3,20,20,0.0,0.3,0,0
cbba,1152,default,192,20,20,96.85,6,4,77.66666666666667,31.75,153,78,1095,6045,267,E3,20,20,0.0,0.3,0,0
claim,1153,default,212,20,20,106.45,5,4,91.47169811320755,46.2,165,85,28,28,0,E3,20,20,0.0,0.3,0,0
mas,1153,default,221,20,20,100.2,4,4,84.30188679245283,46.4,168,143,58,87,0,E3,20,20,0.0,0.3,0,0
mas_iterative,1153,default,186,20,20,87.55,3,4,74.28301886792453,41.2,83,57,58,87,0,E3,20,20,0.0,0.3,0,0
cbba,1153,default,197,20,20,92.2,4,4,76.62264150943396,41.2,99,112,773,4117,187,E3,20,20,0.0,0.3,0,0
claim,1155,default,246,20,20,109.35,13,4,81.14583333333333,43.4,451,38,42,42,0,E3,20,20,0.0,0.3,0,0
mas,1155,default,221,20,20,102.5,6,4,76.60416666666667,40.0,299,111,77,117,0,E3,20,20,0.0,0.3,0,0
mas_iterative,1155,default,231,20,20,103.05,9,4,75.79166666666667,40.0,365,78,88,133,0,E3,20,20,0.0,0.3,0,0
cbba,1155,default,189,20,20,81.45,6,4,61.0625,33.6,124,99,906,4906,220,E3,20,20,0.0,0.3,0,0
claim,1156,default,243,20,20,127.25,9,4,111.31914893617021,30.0,418,48,38,38,0,E3,20,20,0.0,0.3,0,0
mas,1156,default,211,20,20,107.2,8,4,92.7872340425532,30.0,279,71,68,102,0,E3,20,20,0.0,0.3,0,0
mas_iterative,1156,default,211,20,20,107.0,8,4,92.55319148936171,30.0,281,69,68,102,0,E3,20,20,0.0,0.3,0,0
cbba,1156,default,181,20,20,89.5,5,4,78.23404255319149,29.0,107,90,757,4131,183,E3,20,20,0.0,0.3,0,0
claim,1157,default,215,20,20,107.65,8,4,88.02083333333333,35.666666666666664,269,83,33,33,0,E3,20,20,0.0,0.3,0,0
mas,1157,default,209,20,20,112.7,7,4,91.875,38.333333333333336,272,81,70,105,0,E3,20,20,0.0,0.3,0,0
mas_iterative,1157,default,190,20,20,102.25,7,4,84.35416666666667,38.333333333333336,170,92,62,93,0,E3,20,20,0.0,0.3,0,0
cbba,1157,default,160,20,20,85.0,6,4,70.85416666666667,29.666666666666668,108,29,835,4409,202,E3,20,20,0.0,0.3,0,0
claim,1000,default,204,20,20,95.95,12,4,78.41304347826087,32.0,393,37,41,41,0,E3,20,20,0.0,0.5,0,0
mas,1000,default,213,20,20,101.2,13,4,81.52173913043478,32.0,395,40,88,132,0,E3,20,20,0.0,0.5,0,0
mas_iterative,1000,default,198,20,20,97.0,11,4,78.76086956521739,32.0,316,81,80,120,0,E3,20,20,0.0,0.5,0,0
cbba,1000,default,182,20,20,81.05,9,4,64.15217391304348,27.333333333333332,150,132,941,4995,227,E3,20,20,0.0,0.5,0,0
claim,1001,default,257,20,20,105.8,12,4,88.66071428571429,40.4,561,41,45,45,0,E3,20,20,0.0,0.5,0,0
mas,1001,default,184,20,20,92.15,9,4,79.57142857142857,40.4,237,61,66,99,0,E3,20,20,0.0,0.5,0,0
mas_iterative,1001,default,183,20,20,92.05,9,4,79.5,40.4,236,57,66,99,0,E3,20,20,0.0,0.5,0,0
cbba,1001,default,155,20,20,77.3,6,4,66.58928571428571,35.8,131,33,747,3967,180,E3,20,20,0.0,0.5,0,0
claim,1002,default,200,20,20,98.65,11,4,80.1304347826087,47.0,261,32,36,36,0,E3,20,20,0.0,0.5,0,0
mas,1002,default,194,20,20,98.7,8,4,78.0,41.75,216,61,70,105,0,E3,20,20,0.0,0.5,0,0
mas_iterative,1002,default,219,20,20,103.55,10,4,78.8913043478261,41.25,353,41,74,111,0,E3,20,20,0.0,0.5,0,0
cbba,1002,default,171,20,20,86.45,3,4,68.6304347826087,34.75,74,96,740,4068,179,E3,20,20,0.0,0.5,0,0
claim,1003,default,202,20,20,106.7,14,4,80.0625,46.666666666666664,392,40,44,44,0,E3,20,20,0.0,0.5,0,0
mas,1003,default,182,20,20,94.7,9,4,73.3125,46.666666666666664,287,32,68,102,0,E3,20,20,0.0,0.5,0,0
mas_iterative,1003,default,182,20,20,94.7,9,4,73.3125,46.666666666666664,287,32,68,102,0,E3,20,20,0.0,0.5,0,0
cbba,1003,default,194,20,20,90.75,10,4,69.83333333333333,44.5,247,137,889,4697,213,E3,20,20,0.0,0.5,0,0
claim,1004,default,237,20,20,117.45,14,4,94.80851063829788,38.333333333333336,436,47,43,43,0,E3,20,20,0.0,0.5,0,0
mas,1004,default,206,20,20,117.05,11,4,96.76595744680851,38.333333333333336,337,39,78,117,0,E3,20,20,0.0,0.5,0,0
mas_iterative,1004,default,233,20,20,113.55,11,4,94.02127659574468,38.333333333333336,308,164,81,122,0,E3,20,20,0.0,0.5,0,0
cbba,1004,default,196,20,20,87.55,7,4,73.0,29.0,232,58,1076,5856,261,E3,20,20,0.0,0.5,0,0
claim,1005,default,192,20,20,95.15,10,4,82.12727272727273,48.666666666666664,245,128,34,34,0,E3,20,20,0.0,0.5,0,0
mas,1005,default,173,20,20,89.05,7,4,76.38181818181818,47.666666666666664,231,66,62,93,0,E3,20,20,0.0,0.5,0,0
mas_iterative,1005,default,173,20,20,89.05,7,4,76.38181818181818,47.666666666666664,231,66,62,93,0,E3,20,20,0.0,0.5,0,0
cbba,1005,default,164,20,20,77.25,5,4,66.72727272727273,41.0,138,103,814,4320,196,E3,20,20,0.0,0.5,0,0
claim,1006,default,203,20,20,104.35,11,4,85.17948717948718,38.0,301,74,37,37,0,E3,20,20,0.0,0.5,0,0
mas,1006,default,179,20,20,78.9,6,4,64.48717948717949,29.0,131,144,62,93,0,E3,20,20,0.0,0.5,0,0
mas_iterative,1006,default,174,20,20,73.0,3,4,59.51282051282051,28.5,73,136,56,84,0,E3,20,20,0.0,0.5,0,0
cbba,1006,default,159,20,20,76.85,6,4,62.794871794871796,28.5,171,29,900,4784,217,E3,20,20,0.0,0.5,0,0
claim,1007,default,169,20,20,94.5,10,4,80.55555555555556,33.0,260,35,34,34,0,E3,20,20,0.0,0.5,0,0
mas,1007,default,189,20,20,99.05,12,4,81.68888888888888,33.0,312,82,90,135,0,E3,20,20,0.0,0.5,0,0
mas_iterative,1007,default,190,20,20,98.6,11,4,81.71111111111111,33.0,331,63,86,129,0,E3,20,20,0.0,0.5,0,0
cbba,1007,default,140,20,20,76.5,7,4,67.04444444444445,28.0,113,65,793,4305,191,E3,20,20,0.0,0.5,0,0
claim,1008,default,231,20,20,121.4,14,4,99.94,36.25,400,83,40,40,0,E3,20,20,0.0,0.5,0,0
mas,1008,default,267,20,20,107.1,9,4,89.32,36.25,427,139,76,114,0,E3,20,20,0.0,0.5,0,0
mas_iterative,1008,default,235,20,20,109.2,10,4,90.12,30.25,384,47,76,114,0,E3,20,20,0.0,0.5,0,0
cbba,1008,default,193,20,20,96.3,6,4,81.32,30.25,221,72,765,4131,184,E3,20,20,0.0,0.5,0,0
claim,1009,default,272,20,20,144.1,9,4,116.82978723404256,33.333333333333336,457,94,40,40,0,E3,20,20,0.0,0.5,0,0
mas,1009,default,238,20,20,107.0,8,4,86.93617021276596,33.333333333333336,287,110,67,101,0,E3,20,20,0.0,0.5,0,0
mas_iterative,1009,default,228,20,20,113.45,9,4,91.04255319148936,33.333333333333336,311,78,71,107,0,E3,20,20,0.0,0.5,0,0
cbba,1009,default,194,20,20,95.15,7,4,75.04255319148936,27.333333333333332,158,71,726,3860,174,E3,20,20,0.0,0.5,0,0
claim,1010,default,325,20,20,152.2,14,4,127.88679245283019,62.8,806,51,55,55,0,E3,20,20,0.0,0.5,0,0
mas,1010,default,230,20,20,109.25,9,4,91.60377358490567,40.6,354,112,81,122,0,E3,20,20,0.0,0.5,0,0
mas_iterative,1010,default,225,20,20,109.75,13,4,91.49056603773585,40.2,389,66,89,134,0,E3,20,20,0.0,0.5,0,0
cbba,1010,default,168,20,20,79.25,7,4,66.13207547169812,37.0,179,38,853,4553,206,E3,20,20,0.0,0.5,0,0
claim,1011,default,196,20,20,93.9,10,4,77.70370370370371,39.4,298,31,35,35,0,E3,20,20,0.0,0.5,0,0
mas,1011,default,175,20,20,89.2,9,4,72.25925925925925,37.2,243,39,73,110,0,E3,20,20,0.0,0.5,0,0
mas_iterative,1011,default,206,20,20,89.75,8,4,71.77777777777777,37.2,251,107,74,111,0,E3,20,20,0.0,0.5,0,0
cbba,1011,default,179,20,20,81.0,7,4,65.5,33.0,131,127,622,3310,148,E3,20,20,0.0,0.5,0,0
claim,1012,default,163,20,20,89.45,10,4,78.71698113207547,42.0,209,68,33,33,0,E3,20,20,0.0,0.5,0,0
mas,1012,default,157,20,20,88.25,9,4,77.20754716981132,40.2,193,41,66,99,0,E3,20,20,0.0,0.5,0,0
mas_iterative,1012,default,157,20,20,88.25,9,4,77.20754716981132,40.2,193,41,66,99,0,E3,20,20,0.0,0.5,0,0
cbba,1012,default,152,20,20,69.3,5,4,60.339622641509436,34.8,66,136,713,3997,172,E3,20,20,0.0,0.5,0,0
claim,1013,default,224,20,20,96.9,10,4,84.51219512195122,nan,364,64,38,38,0,E3,20,20,0.0,0.5,0,0
mas,1013,default,186,20,20,98.8,9,4,83.8048780487805,nan,288,32,72,108,0,E3,20,20,0.0,0.5,0,0
mas_iterative,1013,default,188,20,20,99.2,10,4,84.0,nan,274,34,70,105,0,E3,20,20,0.0,0.5,0,0
cbba,1013,default,175,20,20,82.95,7,4,73.14634146341463,nan,149,53,957,5169,232,E3,20,20,0.0,0.5,0,0
claim,1014,default,195,20,20,92.85,11,4,78.36,28.5,224,77,34,34,0,E3,20,20,0.0,0.5,0,0
mas,1014,default,223,20,20,110.0,10,4,90.18,28.5,382,37,82,123,0,E3,20,20,0.0,0.5,0,0
mas_iterative,1014,default,223,20,20,107.7,10,4,87.96,28.5,380,36,82,123,0,E3,20,20,0.0,0.5,0,0
cbba,1014,default,178,20,20,83.75,7,4,69.18,28.0,186,32,794,4312,191,E3,20,20,0.0,0.5,0,0
claim,1015,default,225,20,20,107.15,8,4,92.82,34.0,246,134,31,31,0,E3,20,20,0.0,0.5,0,0
mas,1015,default,245,20,20,110.45,9,4,97.26,34.0,347,59,74,111,0,E3,20,20,0.0,0.5,0,0
mas_iterative,1015,default,231,20,20,110.75,8,4,97.5,34.0,341,81,73,110,0,E3,20,20,0.0,0.5,0,0
cbba,1015,default,180,20,20,91.0,5,4,79.58,34.0,118,23,595,3043,142,E3,20,20,0.0,0.5,0,0
claim,1016,default,189,20,20,93.25,12,4,71.78,40.166666666666664,343,43,42,42,0,E3,20,20,0.0,0.5,0,0
mas,1016,default,187,20,20,97.9,12,4,73.32,39.666666666666664,292,55,78,117,0,E3,20,20,0.0,0.5,0,0
mas_iterative,1016,default,146,20,20,81.6,10,4,64.18,36.166666666666664,165,48,66,99,0,E3,20,20,0.0,0.5,0,0
cbba,1016,default,143,20,20,68.55,5,4,54.12,35.166666666666664,104,80,871,4531,211,E3,20,20,0.0,0.5,0,0
claim,1017,default,242,20,20,114.7,12,4,95.6923076923077,41.666666666666664,490,52,48,48,0,E3,20,20,0.0,0.5,0,0
mas,1017,default,201,20,20,109.3,10,4,93.38461538461539,41.666666666666664,287,71,72,108,0,E3,20,20,0.0,0.5,0,0
mas_iterative,1017,default,252,20,20,111.85,14,4,94.36538461538461,41.666666666666664,460,90,92,138,0,E3,20,20,0.0,0.5,0,0
cbba,1017,default,163,20,20,76.55,5,4,65.98076923076923,36.0,132,57,894,4770,217,E3,20,20,0.0,0.5,0,0
claim,1018,default,240,20,20,126.75,11,4,96.11363636363636,32.666666666666664,405,36,40,40,0,E3,20,20,0.0,0.5,0,0
mas,1018,default,264,20,20,134.65,14,4,100.5,32.666666666666664,472,51,92,138,0,E3,20,20,0.0,0.5,0,0
mas_iterative,1018,default,247,20,20,116.05,12,4,86.68181818181819,32.666666666666664,382,67,82,123,0,E3,20,20,0.0,0.5,0,0
cbba,1018,default,199,20,20,102.2,7,4,78.43181818181819,32.666666666666664,207,38,1025,5707,249,E3,20,20,0.0,0.5,0,0
claim,1019,default,225,20,20,104.95,9,4,89.58823529411765,32.0,301,95,33,33,0,E3,20,20,0.0,0.5,0,0
mas,1019,default,192,20,20,98.45,11,4,85.62745098039215,32.0,238,33,74,111,0,E3,20,20,0.0,0.5,0,0
mas_iterative,1019,default,202,20,20,102.0,10,4,87.47058823529412,32.0,262,67,72,108,0,E3,20,20,0.0,0.5,0,0
cbba,1019,default,215,20,20,88.05,7,4,74.2156862745098,32.0,315,39,937,4789,225,E3,20,20,0.0,0.5,0,0
claim,1020,default,243,20,20,125.3,11,4,100.71739130434783,28.5,373,113,39,39,0,E3,20,20,0.0,0.5,0,0
mas,1020,default,246,20,20,127.65,11,4,101.41304347826087,28.5,386,108,78,117,0,E3,20,20,0.0,0.5,0,0
mas_iterative,1020,default,246,20,20,127.65,11,4,101.41304347826087,28.5,386,108,78,117,0,E3,20,20,0.0,0.5,0,0
cbba,1020,default,192,20,20,98.45,6,4,79.54347826086956,28.5,180,74,841,4535,203,E3,20,20,0.0,0.5,0,0
claim,1021,default,187,20,20,91.55,9,4,75.02173913043478,35.666666666666664,253,36,34,34,0,E3,20,20,0.0,0.5,0,0
mas,1021,default,219,20,20,97.0,10,4,76.15217391304348,28.666666666666668,362,38,84,126,0,E3,20,20,0.0,0.5,0,0
mas_iterative,1021,default,187,20,20,81.7,7,4,66.8913043478261,28.333333333333332,220,27,66,99,0,E3,20,20,0.0,0.5,0,0
cbba,1021,default,183,20,20,80.85,10,4,64.52173913043478,28.333333333333332,153,135,972,5356,235,E3,20,20,0.0,0.5,0,0
claim,1022,default,227,20,20,112.9,14,4,93.6470588235294,42.25,358,37,41,41,0,E3,20,20,0.0,0.5,0,0
mas,1022,default,202,20,20,100.2,7,4,83.80392156862744,45.25,217,111,64,96,0,E3,20,20,0.0,0.5,0,0
mas_iterative,1022,default,223,20,20,99.25,8,4,82.62745098039215,45.25,303,115,74,111,0,E3,20,20,0.0,0.5,0,0
cbba,1022,default,179,20,20,85.55,9,4,71.88235294117646,36.25,156,41,790,4230,190,E3,20,20,0.0,0.5,0,0
claim,1023,default,242,20,20,129.3,12,4,108.72549019607843,38.0,378,82,38,38,0,E3,20,20,0.0,0.5,0,0
mas,1023,default,278,20,20,126.25,14,4,101.92156862745098,33.333333333333336,525,130,117,177,0,E3,20,20,0.0,0.5,0,0
mas_iterative,1023,default,204,20,20,98.85,7,4,82.7843137254902,33.333333333333336,223,64,64,96,0,E3,20,20,0.0,0.5,0,0
cbba,1023,default,215,20,20,103.4,6,4,83.6470588235294,29.0,244,79,1047,5711,254,E3,20,20,0.0,0.5,0,0
claim,1024,default,239,20,20,144.75,10,4,125.08163265306122,54.333333333333336,418,69,38,38,0,E3,20,20,0.0,0.5,0,0
mas,1024,default,259,20,20,137.05,9,4,119.36734693877551,54.333333333333336,455,77,85,128,0,E3,20,20,0.0,0.5,0,0
mas_iterative,1024,default,224,20,20,119.75,11,4,100.34693877551021,41.0,310,82,74,111,0,E3,20,20,0.0,0.5,0,0
cbba,1024,default,165,20,20,91.7,5,4,75.44897959183673,29.0,161,35,897,4905,217,E3,20,20,0.0,0.5,0,0
claim,1025,default,166,20,20,87.55,8,4,72.91836734693878,41.75,129,54,28,28,0,E3,20,20,0.0,0.5,0,0
mas,1025,default,192,20,20,93.05,10,4,74.57142857142857,40.5,325,34,75,113,0,E3,20,20,0.0,0.5,0,0
mas_iterative,1025,default,191,20,20,92.9,10,4,74.46938775510205,40.5,324,31,75,113,0,E3,20,20,0.0,0.5,0,0
cbba,1025,default,156,20,20,68.55,5,4,55.16326530612245,37.5,144,31,793,4185,191,E3,20,20,0.0,0.5,0,0
claim,1026,default,232,20,20,113.55,12,4,93.15094339622641,46.333333333333336,353,91,37,37,0,E3,20,20,0.0,0.5,0,0
mas,1026,default,222,20,20,109.95,14,4,90.0,44.666666666666664,336,82,82,123,0,E3,20,20,0.0,0.5,0,0
mas_iterative,1026,default,228,20,20,109.3,14,4,89.60377358490567,44.666666666666664,351,38,90,135,0,E3,20,20,0.0,0.5,0,0
cbba,1026,default,199,20,20,94.45,7,4,77.84905660377359,42.333333333333336,208,93,904,4834,218,E3,20,20,0.0,0.5,0,0
claim,1027,default,235,20,20,135.9,12,4,112.14893617021276,54.5,447,39,43,43,0,E3,20,20,0.0,0.5,0,0
mas,1027,default,223,20,20,126.75,12,4,103.8936170212766,52.25,402,42,83,125,0,E3,20,20,0.0,0.5,0,0
mas_iterative,1027,default,226,20,20,120.2,9,4,100.55319148936171,52.0,351,48,77,116,0,E3,20,20,0.0,0.5,0,0
cbba,1027,default,186,20,20,92.05,11,4,72.51063829787235,32.25,190,69,982,5272,237,E3,20,20,0.0,0.5,0,0
claim,1028,default,258,20,20,155.4,8,4,133.0909090909091,43.0,405,99,36,36,0,E3,20,20,0.0,0.5,0,0
mas,1028,default,242,20,20,113.0,7,4,87.70454545454545,42.0,339,111,73,110,0,E3,20,20,0.0,0.5,0,0
mas_iterative,1028,default,242,20,20,112.6,7,4,87.29545454545455,41.5,343,107,73,110,0,E3,20,20,0.0,0.5,0,0
cbba,1028,default,195,20,20,95.15,6,4,73.88636363636364,27.5,141,27,927,4955,224,E3,20,20,0.0,0.5,0,0
claim,1030,default,276,20,20,126.7,16,4,96.35714285714286,48.5,631,44,48,48,0,E3,20,20,0.0,0.5,0,0
mas,1030,default,193,20,20,87.45,11,4,67.64285714285714,34.0,213,33,74,111,0,E3,20,20,0.0,0.5,0,0
mas_iterative,1030,default,210,20,20,98.2,12,4,75.42857142857143,33.5,260,64,82,123,0,E3,20,20,0.0,0.5,0,0
cbba,1030,default,171,20,20,75.35,3,4,60.04761904761905,33.5,105,70,693,3465,167,E3,20,20,0.0,0.5,0,0
claim,1031,default,247,20,20,119.95,16,4,97.65454545454546,50.285714285714285,434,41,45,45,0,E3,20,20,0.0,0.5,0,0
mas,1031,default,259,20,20,122.4,11,4,99.61818181818182,46.42857142857143,534,42,92,138,0,E3,20,20,0.0,0.5,0,0
mas_iterative,1031,default,212,20,20,99.5,12,4,80.56363636363636,42.142857142857146,287,48,76,114,0,E3,20,20,0.0,0.5,0,0
cbba,1031,default,179,20,20,86.35,6,4,70.16363636363636,34.857142857142854,128,68,834,4514,202,E3,20,20,0.0,0.5,0,0
claim,1032,default,257,20,20,118.15,15,4,93.97872340425532,34.0,531,41,45,45,0,E3,20,20,0.0,0.5,0,0
mas,1032,default,271,20,20,129.75,14,4,101.36170212765957,34.0,517,114,92,138,0,E3,20,20,0.0,0.5,0,0
mas_iterative,1032,default,228,20,20,119.5,12,4,95.38297872340425,34.0,387,85,84,126,0,E3,20,20,0.0,0.5,0,0
cbba,1032,default,176,20,20,85.05,7,4,66.82978723404256,33.5,194,53,940,5128,227,E3,20,20,0.0,0.5,0,0
claim,1033,default,250,20,20,108.4,8,4,91.55555555555556,55.8,378,33,35,35,0,E3,20,20,0.0,0.5,0,0
mas,1033,default,236,20,20,108.7,9,4,90.03703703703704,45.0,295,111,80,120,0,E3,20,20,0.0,0.5,0,0
mas_iterative,1033,default,239,20,20,100.3,8,4,83.5,44.6,291,92,81,122,0,E3,20,20,0.0,0.5,0,0
cbba,1033,default,203,20,20,93.8,9,4,77.94444444444444,45.4,213,64,1037,5481,251,E3,20,20,0.0,0.5,0,0
claim,1034,default,243,20,20,118.55,12,4,92.8,48.5,374,55,37,37,0,E3,20,20,0.0,0.5,0,0
mas,1034,default,247,20,20,113.65,12,4,86.62222222222222,48.5,352,37,82,123,0,E3,20,20,0.0,0.5,0,0
mas_iterative,1034,default,265,20,20,112.15,12,4,85.86666666666666,48.5,460,79,90,135,0,E3,20,20,0.0,0.5,0,0
cbba,1034,default,208,20,20,90.7,8,4,68.95555555555555,27.5,244,67,1025,5523,248,E3,20,20,0.0,0.5,0,0
claim,1035,default,275,20,20,139.45,13,4,116.5,41.2,521,99,42,42,0,E3,20,20,0.0,0.5,0,0
mas,1035,default,210,20,20,104.3,10,4,89.55555555555556,38.6,240,74,74,111,0,E3,20,20,0.0,0.5,0,0
mas_iterative,1035,default,209,20,20,104.1,10,4,89.44444444444444,38.6,238,72,74,111,0,E3,20,20,0.0,0.5,0,0
cbba,1035,default,183,20,20,88.35,11,4,75.16666666666667,38.4,230,34,869,4683,209,E3,20,20,0.0,0.5,0,0
claim,1036,default,343,20,20,149.3,15,4,113.61224489795919,44.25,780,48,52,52,0,E3,20,20,0.0,0.5,0,0
mas,1036,default,260,20,20,121.45,9,4,93.87755102040816,37.75,368,82,80,120,0,E3,20,20,0.0,0.5,0,0
mas_iterative,1036,default,217,20,20,109.5,9,4,86.51020408163265,37.5,252,49,72,108,0,E3,20,20,0.0,0.5,0,0
cbba,1036,default,197,20,20,91.5,4,4,74.0,35.25,121,24,775,4049,187,E3,20,20,0.0,0.5,0,0
claim,1037,default,294,20,20,122.95,14,4,90.67391304347827,43.2,594,44,48,48,0,E3,20,20,0.0,0.5,0,0
mas,1037,default,233,20,20,112.25,10,4,85.43478260869566,38.6,373,33,74,111,0,E3,20,20,0.0,0.5,0,0
mas_iterative,1037,default,233,20,20,112.2,10,4,85.34782608695652,38.4,374,32,74,111,0,E3,20,20,0.0,0.5,0,0
cbba,1037,default,201,20,20,96.15,6,4,73.28260869565217,34.0,130,145,901,5019,218,E3,20,20,0.0,0.5,0,0
claim,1038,default,230,20,20,102.7,8,4,85.87931034482759,46.166666666666664,272,150,34,34,0,E3,20,20,0.0,0.5,0,0
mas,1038,default,207,20,20,97.15,9,4,79.65517241379311,45.833333333333336,297,35,72,108,0,E3,20,20,0.0,0.5,0,0
mas_iterative,1038,default,227,20,20,91.65,10,4,76.01724137931035,45.833333333333336,389,35,80,120,0,E3,20,20,0.0,0.5,0,0
cbba,1038,default,182,20,20,86.55,5,4,71.91379310344827,44.333333333333336,113,100,884,4876,214,E3,20,20,0.0,0.5,0,0
claim,1039,default,242,20,20,108.95,11,4,89.55357142857143,39.666666666666664,274,173,37,37,0,E3,20,20,0.0,0.5,0,0
mas,1039,default,238,20,20,104.35,11,4,86.32142857142857,41.166666666666664,340,64,87,131,0,E3,20,20,0.0,0.5,0,0
mas_iterative,1039,default,233,20,20,103.0,11,4,84.75,41.166666666666664,312,117,87,131,0,E3,20,20,0.0,0.5,0,0
cbba,1039,default,197,20,20,89.1,7,4,71.76785714285714,32.5,190,72,1145,6397,279,E3,20,20,0.0,0.5,0,0
claim,1040,default,198,20,20,113.55,12,4,97.14285714285714,46.0,275,63,35,35,0,E3,20,20,0.0,0.5,0,0
mas,1040,default,187,20,20,95.0,8,4,82.0,57.5,217,89,72,108,0,E3,20,20,0.0,0.5,0,0
mas_iterative,1040,default,158,20,20,89.6,7,4,77.28571428571429,49.5,110,42,60,90,0,E3,20,20,0.0,0.5,0,0
cbba,1040,default,170,20,20,88.5,6,4,74.65306122448979,49.5,165,28,806,4350,194,E3,20,20,0.0,0.5,0,0
claim,1041,default,232,20,20,115.85,12,4,91.38,36.5,410,56,39,39,0,E3,20,20,0.0,0.5,0,0
mas,1041,default,204,20,20,98.5,9,4,80.2,36.5,278,57,70,105,0,E3,20,20,0.0,0.5,0,0
mas_iterative,1041,default,208,20,20,98.1,10,4,80.26,36.5,240,107,74,111,0,E3,20,20,0.0,0.5,0,0
cbba,1041,default,209,20,20,89.4,9,4,69.98,30.75,210,33,971,4991,234,E3,20,20,0.0,0.5,0,0
claim,1042,default,224,20,20,106.1,12,4,84.84615384615384,36.6,333,121,38,38,0,E3,20,20,0.0,0.5,0,0
mas,1042,default,222,20,20,102.15,10,4,81.11538461538461,36.6,412,36,80,120,0,E3,20,20,0.0,0.5,0,0
mas_iterative,1042,default,222,20,20,102.15,10,4,81.11538461538461,36.6,412,36,80,120,0,E3,20,20,0.0,0.5,0,0
cbba,1042,default,175,20,20,77.95,3,4,61.30769230769231,28.6,85,119,733,4039,177,E3,20,20,0.0,0.5,0,0
claim,1043,default,217,20,20,101.5,10,4,77.1842105263158,31.0,361,59,38,38,0,E3,20,20,0.0,0.5,0,0
mas,1043,default,223,20,20,102.5,12,4,78.26315789473684,31.0,410,45,87,131,0,E3,20,20,0.0,0.5,0,0
mas_iterative,1043,default,222,20,20,101.95,12,4,77.94736842105263,31.0,407,44,87,131,0,E3,20,20,0.0,0.5,0,0
cbba,1043,default,189,20,20,89.2,6,4,66.84210526315789,31.0,200,62,1061,5777,257,E3,20,20,0.0,0.5,0,0
claim,1044,default,243,20,20,120.15,11,4,101.96,51.25,412,99,39,39,0,E3,20,20,0.0,0.5,0,0
mas,1044,default,168,20,20,89.35,7,4,78.26,45.5,116,82,56,84,0,E3,20,20,0.0,0.5,0,0
mas_iterative,1044,default,216,20,20,95.85,6,4,81.4,45.5,245,143,60,90,0,E3,20,20,0.0,0.5,0,0
cbba,1044,default,190,20,20,89.3,7,4,75.74,39.5,170,116,847,4479,204,E3,20,20,0.0,0.5,0,0
claim,1045,default,252,20,20,124.4,10,4,99.09615384615384,39.0,364,88,36,36,0,E3,20,20,0.0,0.5,0,0
mas,1045,default,224,20,20,107.45,10,4,86.11538461538461,37.75,323,34,76,114,0,E3,20,20,0.0,0.5,0,0
mas_iterative,1045,default,278,20,20,118.15,13,4,92.42307692307692,32.0,528,53,102,154,0,E3,20,20,0.0,0.5,0,0
cbba,1045,default,202,20,20,89.8,6,4,73.53846153846153,32.0,131,120,909,5003,220,E3,20,20,0.0,0.5,0,0
claim,1046,default,259,20,20,125.4,14,4,106.0,55.8,501,64,49,49,0,E3,20,20,0.0,0.5,0,0
mas,1046,default,268,20,20,140.4,12,4,118.0,60.4,524,76,99,149,0,E3,20,20,0.0,0.5,0,0
mas_iterative,1046,default,215,20,20,105.7,11,4,86.79245283018868,34.4,314,36,91,137,0,E3,20,20,0.0,0.5,0,0
cbba,1046,default,189,20,20,84.05,4,4,69.58490566037736,33.8,87,111,797,4315,193,E3,20,20,0.0,0.5,0,0
claim,1047,default,184,20,20,97.3,13,4,78.84444444444445,43.0,266,43,36,36,0,E3,20,20,0.0,0.5,0,0
mas,1047,default,197,20,20,107.85,12,4,86.53333333333333,43.0,305,71,90,135,0,E3,20,20,0.0,0.5,0,0
mas_iterative,1047,default,173,20,20,90.7,11,4,75.17777777777778,43.0,248,63,86,130,0,E3,20,20,0.0,0.5,0,0
cbba,1047,default,144,20,20,73.1,2,4,59.31111111111111,28.0,45,84,608,3266,146,E3,20,20,0.0,0.5,0,0
claim,1048,default,268,20,20,144.15,11,4,124.08510638297872,56.0,444,110,37,37,0,E3,20,20,0.0,0.5,0,0
mas,1048,default,221,20,20,116.55,11,4,98.93617021276596,49.0,351,42,82,123,0,E3,20,20,0.0,0.5,0,0
mas_iterative,1048,default,230,20,20,114.9,12,4,98.12765957446808,48.5,373,43,80,120,0,E3,20,20,0.0,0.5,0,0
cbba,1048,default,220,20,20,98.95,6,4,82.87234042553192,30.0,282,46,1029,5549,249,E3,20,20,0.0,0.5,0,0
claim,1049,default,273,20,20,132.1,16,4,114.27272727272727,39.333333333333336,523,49,45,45,0,E3,20,20,0.0,0.5,0,0
mas,1049,default,251,20,20,104.2,10,4,89.63636363636364,38.0,361,108,74,111,0,E3,20,20,0.0,0.5,0,0
mas_iterative,1049,default,232,20,20,106.75,9,4,92.63636363636364,33.333333333333336,254,145,78,117,0,E3,20,20,0.0,0.5,0,0
cbba,1049,default,206,20,20,89.8,7,4,77.72727272727273,31.666666666666668,133,60,890,4714,215,E3,20,20,0.0,0.5,0,0
claim,1050,default,217,20,20,103.15,11,4,83.0,44.0,249,137,32,32,0,E3,20,20,0.0,0.5,0,0
mas,1050,default,210,20,20,109.05,10,4,89.10416666666667,44.0,257,66,66,99,0,E3,20,20,0.0,0.5,0,0
mas_iterative,1050,default,209,20,20,108.75,10,4,88.9375,44.0,255,63,66,99,0,E3,20,20,0.0,0.5,0,0
cbba,1050,default,186,20,20,90.0,8,4,71.72916666666667,38.75,205,35,1101,5969,267,E3,20,20,0.0,0.5,0,0
claim,1051,default,298,20,20,152.45,12,4,119.55555555555556,38.5,602,98,44,44,0,E3,20,20,0.0,0.5,0,0
mas,1051,default,235,20,20,126.3,13,4,102.77777777777777,38.5,374,52,92,138,0,E3,20,20,0.0,0.5,0,0
mas_iterative,1051,default,222,20,20,117.5,11,4,96.11111111111111,38.5,289,73,78,117,0,E3,20,20,0.0,0.5,0,0
cbba,1051,default,179,20,20,88.3,5,4,74.22222222222223,28.0,179,27,867,4477,209,E3,20,20,0.0,0.5,0,0
claim,1052,default,219,20,20,128.75,11,4,107.84782608695652,41.0,338,65,38,38,0,E3,20,20,0.0,0.5,0,0
mas,1052,default,214,20,20,110.45,12,4,90.84782608695652,38.0,317,36,80,120,0,E3,20,20,0.0,0.5,0,0
mas_iterative,1052,default,194,20,20,98.6,9,4,82.21739130434783,38.0,221,52,72,108,0,E3,20,20,0.0,0.5,0,0
cbba,1052,default,176,20,20,89.35,4,4,73.8695652173913,28.0,130,55,952,5284,231,E3,20,20,0.0,0.5,0,0
claim,1053,default,246,20,20,110.6,11,4,91.70588235294117,41.8,470,36,40,40,0,E3,20,20,0.0,0.5,0,0
mas,1053,default,234,20,20,125.55,11,4,104.70588235294117,41.4,429,43,93,140,0,E3,20,20,0.0,0.5,0,0
mas_iterative,1053,default,255,20,20,119.9,13,4,100.13725490196079,41.2,478,47,106,159,0,E3,20,20,0.0,0.5,0,0
cbba,1053,default,176,20,20,88.45,6,4,74.0,37.6,133,102,844,4586,204,E3,20,20,0.0,0.5,0,0
claim,1054,default,231,20,20,109.65,12,4,92.43181818181819,41.0,389,35,39,39,0,E3,20,20,0.0,0.5,0,0
mas,1054,default,210,20,20,104.3,9,4,89.5909090909091,41.0,172,131,60,90,0,E3,20,20,0.0,0.5,0,0
mas_iterative,1054,default,210,20,20,104.3,9,4,89.5909090909091,41.0,172,131,60,90,0,E3,20,20,0.0,0.5,0,0
cbba,1054,default,194,20,20,95.4,9,4,80.5909090909091,28.0,188,49,1117,6231,271,E3,20,20,0.0,0.5,0,0
claim,1055,default,228,20,20,118.65,11,4,100.18867924528301,42.5,409,48,38,38,0,E3,20,20,0.0,0.5,0,0
mas,1055,default,196,20,20,102.05,9,4,87.69811320754717,44.25,289,55,76,114,0,E3,20,20,0.0,0.5,0,0
mas_iterative,1055,default,204,20,20,99.55,7,4,86.24528301886792,44.25,227,140,70,105,0,E3,20,20,0.0,0.5,0,0
cbba,1055,default,184,20,20,88.9,7,4,75.94339622641509,33.25,178,80,989,5401,239,E3,20,20,0.0,0.5,0,0
claim,1056,default,248,20,20,113.2,11,4,90.73584905660377,44.4,488,82,46,46,0,E3,20,20,0.0,0.5,0,0
mas,1056,default,206,20,20,107.6,11,4,88.24528301886792,44.4,286,37,82,123,0,E3,20,20,0.0,0.5,0,0
mas_iterative,1056,default,206,20,20,102.55,10,4,82.56603773584905,40.6,293,70,72,108,0,E3,20,20,0.0,0.5,0,0
cbba,1056,default,190,20,20,97.8,9,4,79.33962264150944,36.2,252,71,1154,6276,280,E3,20,20,0.0,0.5,0,0
claim,1057,default,242,20,20,122.75,10,4,100.3157894736842,45.333333333333336,427,59,37,37,0,E3,20,20,0.0,0.5,0,0
mas,1057,default,194,20,20,112.05,8,4,94.6140350877193,48.666666666666664,263,43,64,96,0,E3,20,20,0.0,0.5,0,0
mas_iterative,1057,default,194,20,20,112.05,8,4,94.6140350877193,48.666666666666664,263,43,64,96,0,E3,20,20,0.0,0.5,0,0
cbba,1057,default,173,20,20,92.85,9,4,77.3859649122807,41.166666666666664,181,28,936,5178,226,E3,20,20,0.0,0.5,0,0
claim,1058,default,310,20,20,135.55,14,4,113.23529411764706,41.0,660,41,45,45,0,E3,20,20,0.0,0.5,0,0
mas,1058,default,237,20,20,117.9,10,4,99.27450980392157,41.0,340,48,72,108,0,E3,20,20,0.0,0.5,0,0
mas_iterative,1058,default,237,20,20,117.9,10,4,99.27450980392157,41.0,340,48,72,108,0,E3,20,20,0.0,0.5,0,0
cbba,1058,default,196,20,20,87.7,7,4,73.41176470588235,32.0,174,29,736,3776,176,E3,20,20,0.0,0.5,0,0
claim,1059,default,271,20,20,129.45,11,4,103.23076923076923,47.8,517,111,42,42,0,E3,20,20,0.0,0.5,0,0
mas,1059,default,228,20,20,90.45,8,4,75.03846153846153,45.6,303,134,62,93,0,E3,20,20,0.0,0.5,0,0
mas_iterative,1059,default,228,20,20,90.45,8,4,75.03846153846153,45.6,303,134,62,93,0,E3,20,20,0.0,0.5,0,0
cbba,1059,default,157,20,20,85.05,6,4,69.8076923076923,35.2,103,46,769,4307,185,E3,20,20,0.0,0.5,0,0
claim,1060,default,195,20,20,104.2,11,4,82.8695652173913,41.0,324,54,35,35,0,E3,20,20,0.0,0.5,0,0
mas,1060,default,194,20,20,87.35,10,4,69.69565217391305,41.0,300,32,72,108,0,E3,20,20,0.0,0.5,0,0
mas_iterative,1060,default,194,20,20,87.35,10,4,69.69565217391305,41.0,300,32,72,108,0,E3,20,20,0.0,0.5,0,0
cbba,1060,default,178,20,20,76.9,5,4,61.04347826086956,33.0,184,60,775,4045,187,E3,20,20,0.0,0.5,0,0
claim,1061,default,233,20,20,114.05,8,4,96.04166666666667,48.333333333333336,309,126,33,33,0,E3,20,20,0.0,0.5,0,0
mas,1061,default,193,20,20,98.3,8,4,83.47916666666667,39.333333333333336,213,62,66,99,0,E3,20,20,0.0,0.5,0,0
mas_iterative,1061,default,210,20,20,101.35,7,4,85.5,39.0,227,112,70,105,0,E3,20,20,0.0,0.5,0,0
cbba,1061,default,192,20,20,84.75,4,4,71.66666666666667,31.333333333333332,134,96,807,4283,195,E3,20,20,0.0,0.5,0,0
claim,1062,default,229,20,20,111.7,13,4,98.64406779661017,46.2,354,43,41,41,0,E3,20,20,0.0,0.5,0,0
mas,1062,default,234,20,20,111.95,11,4,99.50847457627118,46.2,275,117,66,99,0,E3,20,20,0.0,0.5,0,0
mas_iterative,1062,default,233,20,20,111.8,11,4,99.38983050847457,46.2,275,114,66,99,0,E3,20,20,0.0,0.5,0,0
cbba,1062,default,214,20,20,95.85,8,4,83.83050847457628,35.0,210,72,953,5171,230,E3,20,20,0.0,0.5,0,0
claim,1063,default,226,20,20,114.7,12,4,96.0754716981132,50.4,422,62,37,37,0,E3,20,20,0.0,0.5,0,0
mas,1063,default,251,20,20,125.45,12,4,104.73584905660377,51.2,509,101,86,129,0,E3,20,20,0.0,0.5,0,0
mas_iterative,1063,default,247,20,20,127.05,11,4,106.39622641509433,52.2,520,61,102,153,0,E3,20,20,0.0,0.5,0,0
cbba,1063,default,193,20,20,78.3,8,4,63.64150943396226,34.4,308,41,998,5362,241,E3,20,20,0.0,0.5,0,0
claim,1064,default,187,20,20,89.55,9,4,73.35714285714286,48.833333333333336,285,46,35,35,0,E3,20,20,0.0,0.5,0,0
mas,1064,default,183,20,20,86.5,8,4,70.44642857142857,48.833333333333336,231,32,72,108,0,E3,20,20,0.0,0.5,0,0
mas_iterative,1064,default,187,20,20,90.25,9,4,73.64285714285714,46.333333333333336,278,34,87,131,0,E3,20,20,0.0,0.5,0,0
cbba,1064,default,179,20,20,84.15,8,4,69.07142857142857,44.833333333333336,189,84,1009,5485,244,E3,20,20,0.0,0.5,0,0
claim,1065,default,184,20,20,88.55,14,4,73.16666666666667,38.0,337,37,41,41,0,E3,20,20,0.0,0.5,0,0
mas,1065,default,195,20,20,97.05,12,4,79.16666666666667,38.0,370,40,82,123,0,E3,20,20,0.0,0.5,0,0
mas_iterative,1065,default,209,20,20,92.7,12,4,76.375,38.0,391,65,88,132,0,E3,20,20,0.0,0.5,0,0
cbba,1065,default,165,20,20,71.95,6,4,60.354166666666664,31.666666666666668,96,121,735,4019,177,E3,20,20,0.0,0.5,0,0
claim,1066,default,207,20,20,107.75,10,4,87.10909090909091,44.142857142857146,326,34,35,35,0,E3,20,20,0.0,0.5,0,0
mas,1066,default,188,20,20,86.35,8,4,69.98181818181818,40.714285714285715,220,74,70,105,0,E3,20,20,0.0,0.5,0,0
mas_iterative,1066,default,213,20,20,98.7,11,4,77.56363636363636,43.285714285714285,334,83,87,131,0,E3,20,20,0.0,0.5,0,0
cbba,1066,default,175,20,20,84.75,8,4,68.07272727272728,38.857142857142854,135,104,745,3969,179,E3,20,20,0.0,0.5,0,0
claim,1067,default,249,20,20,119.75,14,4,98.54166666666667,44.25,379,95,41,41,0,E3,20,20,0.0,0.5,0,0
mas,1067,default,234,20,20,110.7,9,4,90.0,35.5,240,153,64,96,0,E3,20,20,0.0,0.5,0,0
mas_iterative,1067,default,234,20,20,110.65,9,4,89.91666666666667,35.25,241,152,64,96,0,E3,20,20,0.0,0.5,0,0
cbba,1067,default,201,20,20,100.35,4,4,82.04166666666667,35.5,129,131,803,4453,194,E3,20,20,0.0,0.5,0,0
claim,1068,default,325,20,20,123.15,14,4,98.75925925925925,38.0,770,47,51,51,0,E3,20,20,0.0,0.5,0,0
mas,1068,default,263,20,20,113.3,16,4,93.01851851851852,38.0,401,171,88,132,0,E3,20,20,0.0,0.5,0,0
mas_iterative,1068,default,256,20,20,110.05,15,4,91.16666666666667,38.0,439,40,89,134,0,E3,20,20,0.0,0.5,0,0
cbba,1068,default,206,20,20,87.95,8,4,72.72222222222223,28.2,186,131,814,4470,196,E3,20,20,0.0,0.5,0,0
claim,1069,default,205,20,20,97.25,10,4,80.9423076923077,44.6,320,38,33,33,0,E3,20,20,0.0,0.5,0,0
mas,1069,default,220,20,20,97.65,10,4,79.28846153846153,37.0,322,87,78,117,0,E3,20,20,0.0,0.5,0,0
mas_iterative,1069,default,217,20,20,96.55,9,4,78.5,36.8,301,32,78,117,0,E3,20,20,0.0,0.5,0,0
cbba,1069,default,209,20,20,91.35,6,4,73.8076923076923,31.2,252,103,907,4839,219,E3,20,20,0.0,0.5,0,0
claim,1070,default,256,20,20,101.8,10,4,86.50819672131148,49.285714285714285,504,40,42,42,0,E3,20,20,0.0,0.5,0,0
mas,1070,default,284,20,20,108.8,13,4,90.90163934426229,47.57142857142857,595,60,96,145,0,E3,20,20,0.0,0.5,0,0
mas_iterative,1070,default,214,20,20,99.0,10,4,85.04918032786885,47.57142857142857,277,88,68,102,0,E3,20,20,0.0,0.5,0,0
cbba,1070,default,189,20,20,89.6,6,4,76.39344262295081,40.0,189,45,1137,6173,277,E3,20,20,0.0,0.5,0,0
claim,1071,default,220,20,20,108.9,11,4,84.88235294117646,37.2,293,34,38,38,0,E3,20,20,0.0,0.5,0,0
mas,1071,default,274,20,20,134.05,15,4,101.7843137254902,39.8,545,51,86,129,0,E3,20,20,0.0,0.5,0,0
mas_iterative,1071,default,274,20,20,134.05,15,4,101.7843137254902,39.8,545,51,86,129,0,E3,20,20,0.0,0.5,0,0
cbba,1071,default,198,20,20,91.55,6,4,70.27450980392157,33.2,173,31,756,4020,182,E3,20,20,0.0,0.5,0,0
claim,1072,default,300,20,20,129.8,14,4,116.6,62.75,709,63,53,53,0,E3,20,20,0.0,0.5,0,0
mas,1072,default,224,20,20,122.0,9,4,111.2,62.75,352,98,90,135,0,E3,20,20,0.0,0.5,0,0
mas_iterative,1072,default,214,20,20,121.6,9,4,109.9090909090909,61.25,401,40,80,120,0,E3,20,20,0.0,0.5,0,0
cbba,1072,default,154,20,20,72.35,8,4,65.21818181818182,35.0,127,71,1054,5840,256,E3,20,20,0.0,0.5,0,0
claim,1073,default,195,20,20,107.7,10,4,88.6734693877551,39.0,310,35,39,39,0,E3,20,20,0.0,0.5,0,0
mas,1073,default,185,20,20,110.0,9,4,90.59183673469387,39.0,232,53,62,93,0,E3,20,20,0.0,0.5,0,0
mas_iterative,1073,default,185,20,20,110.0,9,4,90.59183673469387,39.0,232,53,62,93,0,E3,20,20,0.0,0.5,0,0
cbba,1073,default,178,20,20,99.9,8,4,78.89795918367346,32.75,202,29,953,5149,230,E3,20,20,0.0,0.5,0,0
claim,1074,default,237,20,20,109.2,12,4,89.65384615384616,44.6,412,65,38,38,0,E3,20,20,0.0,0.5,0,0
mas,1074,default,280,20,20,115.9,12,4,92.32692307692308,44.6,627,42,92,138,0,E3,20,20,0.0,0.5,0,0
mas_iterative,1074,default,280,20,20,115.9,12,4,92.32692307692308,44.6,627,42,92,138,0,E3,20,20,0.0,0.5,0,0
cbba,1074,default,166,20,20,87.9,6,4,73.48076923076923,40.6,146,49,755,4095,181,E3,20,20,0.0,0.5,0,0
claim,1075,default,230,20,20,120.0,11,4,95.12765957446808,43.0,303,61,35,35,0,E3,20,20,0.0,0.5,0,0
mas,1075,default,212,20,20,104.5,8,4,83.36170212765957,43.0,252,67,64,96,0,E3,20,20,0.0,0.5,0,0
mas_iterative,1075,default,212,20,20,104.5,8,4,83.36170212765957,43.0,252,67,64,96,0,E3,20,20,0.0,0.5,0,0
cbba,1075,default,214,20,20,101.9,7,4,79.97872340425532,35.333333333333336,209,129,730,3910,175,E3,20,20,0.0,0.5,0,0
claim,1076,default,248,20,20,118.25,11,4,94.16666666666667,46.2,375,35,39,39,0,E3,20,20,0.0,0.5,0,0
mas,1076,default,238,20,20,124.4,7,4,94.875,44.0,368,59,74,111,0,E3,20,20,0.0,0.5,0,0
mas_iterative,1076,default,222,20,20,110.2,7,4,86.3125,44.0,249,108,68,102,0,E3,20,20,0.0,0.5,0,0
cbba,1076,default,229,20,20,102.6,9,4,78.35416666666667,32.6,311,67,1203,6623,292,E3,20,20,0.0,0.5,0,0
claim,1077,default,227,20,20,115.55,14,4,85.72727272727273,46.625,409,38,42,42,0,E3,20,20,0.0,0.5,0,0
mas,1077,default,220,20,20,115.55,11,4,90.76363636363637,53.5,362,36,80,120,0,E3,20,20,0.0,0.5,0,0
mas_iterative,1077,default,195,20,20,95.55,9,4,74.92727272727272,48.5,262,32,82,123,0,E3,20,20,0.0,0.5,0,0
cbba,1077,default,165,20,20,87.15,9,4,68.21818181818182,43.625,145,30,996,5406,241,E3,20,20,0.0,0.5,0,0
claim,1078,default,248,20,20,118.7,15,4,91.02173913043478,40.666666666666664,445,73,43,43,0,E3,20,20,0.0,0.5,0,0
mas,1078,default,229,20,20,114.0,13,4,89.17391304347827,40.666666666666664,359,37,82,123,0,E3,20,20,0.0,0.5,0,0
mas_iterative,1078,default,223,20,20,113.65,13,4,89.02173913043478,40.666666666666664,370,36,82,123,0,E3,20,20,0.0,0.5,0,0
cbba,1078,default,185,20,20,86.1,5,4,67.32608695652173,40.333333333333336,157,101,831,4433,201,E3,20,20,0.0,0.5,0,0
claim,1079,default,317,20,20,128.3,14,4,94.2,38.5,772,47,51,51,0,E3,20,20,0.0,0.5,0,0
mas,1079,default,190,20,20,98.3,9,4,77.54,38.5,244,48,64,96,0,E3,20,20,0.0,0.5,0,0
mas_iterative,1079,default,216,20,20,100.8,10,4,79.82,38.5,292,90,68,102,0,E3,20,20,0.0,0.5,0,0
cbba,1079,default,158,20,20,79.35,5,4,63.48,28.5,72,79,901,4917,219,E3,20,20,0.0,0.5,0,0
claim,1080,default,231,20,20,100.0,10,4,80.46666666666667,35.333333333333336,389,98,39,39,0,E3,20,20,0.0,0.5,0,0
mas,1080,default,190,20,20,94.15,13,4,78.57777777777778,35.333333333333336,292,63,80,120,0,E3,20,20,0.0,0.5,0,0
mas_iterative,1080,default,199,20,20,90.75,9,4,75.62222222222222,35.333333333333336,264,95,72,108,0,E3,20,20,0.0,0.5,0,0
cbba,1080,default,170,20,20,77.15,10,4,64.95555555555555,35.666666666666664,206,31,1033,5567,250,E3,20,20,0.0,0.5,0,0
claim,1081,default,213,20,20,108.1,12,4,85.04255319148936,29.333333333333332,367,43,41,41,0,E3,20,20,0.0,0.5,0,0
mas,1081,default,209,20,20,110.85,11,4,88.42553191489361,29.333333333333332,296,43,76,114,0,E3,20,20,0.0,0.5,0,0
mas_iterative,1081,default,208,20,20,110.7,11,4,88.31914893617021,29.333333333333332,294,41,76,114,0,E3,20,20,0.0,0.5,0,0
cbba,1081,default,184,20,20,87.95,9,4,69.95744680851064,29.333333333333332,189,35,1097,6045,266,E3,20,20,0.0,0.5,0,0
claim,1082,default,246,20,20,118.4,13,4,88.95833333333333,35.25,425,53,40,40,0,E3,20,20,0.0,0.5,0,0
mas,1082,default,190,20,20,92.5,7,4,74.47916666666667,35.25,189,27,62,93,0,E3,20,20,0.0,0.5,0,0
mas_iterative,1082,default,190,20,20,92.5,7,4,74.47916666666667,35.25,189,27,62,93,0,E3,20,20,0.0,0.5,0,0
cbba,1082,default,187,20,20,95.65,6,4,74.125,27.5,190,29,917,4877,221,E3,20,20,0.0,0.5,0,0
claim,1083,default,316,20,20,115.05,11,4,87.91111111111111,35.75,725,46,50,50,0,E3,20,20,0.0,0.5,0,0
mas,1083,default,259,20,20,101.35,11,4,79.04444444444445,35.75,456,73,74,111,0,E3,20,20,0.0,0.5,0,0
mas_iterative,1083,default,259,20,20,101.35,11,4,79.04444444444445,35.75,456,73,74,111,0,E3,20,20,0.0,0.5,0,0
cbba,1083,default,177,20,20,80.2,6,4,63.08888888888889,29.75,120,27,673,3367,161,E3,20,20,0.0,0.5,0,0
claim,1084,default,240,20,20,115.7,9,4,99.94642857142857,52.5,299,119,32,32,0,E3,20,20,0.0,0.5,0,0
mas,1084,default,195,20,20,103.85,4,4,89.94642857142857,46.666666666666664,129,108,52,78,0,E3,20,20,0.0,0.5,0,0
mas_iterative,1084,default,195,20,20,103.6,4,4,89.66071428571429,46.333333333333336,129,108,52,78,0,E3,20,20,0.0,0.5,0,0
cbba,1084,default,195,20,20,93.6,6,4,79.73214285714286,37.5,205,61,888,4576,214,E3,20,20,0.0,0.5,0,0
claim,1085,default,240,20,20,110.2,12,4,90.49019607843137,40.75,498,42,46,46,0,E3,20,20,0.0,0.5,0,0
mas,1085,default,205,20,20,106.0,12,4,86.80392156862744,40.75,298,101,74,111,0,E3,20,20,0.0,0.5,0,0
mas_iterative,1085,default,205,20,20,105.95,12,4,86.76470588235294,40.75,299,100,74,111,0,E3,20,20,0.0,0.5,0,0
cbba,1085,default,169,20,20,76.8,7,4,62.68627450980392,31.75,142,44,902,4722,218,E3,20,20,0.0,0.5,0,0
claim,1086,default,227,20,20,111.25,9,4,91.95833333333333,39.25,364,81,36,36,0,E3,20,20,0.0,0.5,0,0
mas,1086,default,264,20,20,116.1,11,4,91.6875,39.25,512,99,85,128,0,E3,20,20,0.0,0.5,0,0
mas_iterative,1086,default,216,20,20,102.55,12,4,83.9375,39.25,374,63,78,117,0,E3,20,20,0.0,0.5,0,0
cbba,1086,default,192,20,20,88.25,8,4,71.08333333333333,33.75,225,104,1129,6113,274,E3,20,20,0.0,0.5,0,0
claim,1087,default,168,20,20,77.85,6,4,66.63414634146342,30.0,126,130,26,26,0,E3,20,20,0.0,0.5,0,0
mas,1087,default,155,20,20,78.55,7,4,66.8780487804878,30.0,165,56,60,90,0,E3,20,20,0.0,0.5,0,0
mas_iterative,1087,default,173,20,20,76.85,9,4,64.85365853658537,30.0,231,39,72,108,0,E3,20,20,0.0,0.5,0,0
cbba,1087,default,147,20,20,64.9,4,4,55.65853658536585,30.0,24,22,730,3768,176,E3,20,20,0.0,0.5,0,0
claim,1088,default,203,20,20,117.1,12,4,93.26086956521739,49.0,413,47,40,40,0,E3,20,20,0.0,0.5,0,0
mas,1088,default,225,20,20,112.9,13,4,90.1086956521739,45.25,371,146,89,134,0,E3,20,20,0.0,0.5,0,0
mas_iterative,1088,default,245,20,20,106.65,11,4,84.71739130434783,45.0,476,82,97,146,0,E3,20,20,0.0,0.5,0,0
cbba,1088,default,176,20,20,76.9,9,4,59.630434782608695,35.5,201,99,1002,5444,241,E3,20,20,0.0,0.5,0,0
claim,1090,default,246,20,20,105.7,13,4,86.07692307692308,27.0,467,43,46,46,0,E3,20,20,0.0,0.5,0,0
mas,1090,default,194,20,20,99.05,11,4,80.97435897435898,27.0,279,31,70,105,0,E3,20,20,0.0,0.5,0,0
mas_iterative,1090,default,194,20,20,99.05,11,4,80.97435897435898,27.0,279,31,70,105,0,E3,20,20,0.0,0.5,0,0
cbba,1090,default,201,20,20,98.15,11,4,79.71794871794872,27.0,250,105,919,4991,221,E3,20,20,0.0,0.5,0,0
claim,1091,default,319,20,20,172.6,14,4,138.7872340425532,47.0,644,72,45,45,0,E3,20,20,0.0,0.5,0,0
mas,1091,default,226,20,20,115.75,8,4,95.65957446808511,47.0,232,33,74,111,0,E3,20,20,0.0,0.5,0,0
mas_iterative,1091,default,211,20,20,113.75,9,4,94.23404255319149,47.0,231,30,74,111,0,E3,20,20,0.0,0.5,0,0
cbba,1091,default,200,20,20,96.45,6,4,78.85106382978724,39.5,165,77,871,4713,211,E3,20,20,0.0,0.5,0,0
claim,1092,default,200,20,20,117.8,9,4,105.36538461538461,37.666666666666664,286,107,33,33,0,E3,20,20,0.0,0.5,0,0
mas,1092,default,249,20,20,126.9,10,4,110.76923076923077,37.666666666666664,449,144,91,137,0,E3,20,20,0.0,0.5,0,0
mas_iterative,1092,default,188,20,20,106.05,10,4,94.92307692307692,37.666666666666664,272,84,77,116,0,E3,20,20,0.0,0.5,0,0
cbba,1092,default,174,20,20,92.05,8,4,82.09615384615384,37.333333333333336,193,75,746,3996,179,E3,20,20,0.0,0.5,0,0
claim,1093,default,226,20,20,101.7,10,4,85.01923076923077,35.0,285,101,35,35,0,E3,20,20,0.0,0.5,0,0
mas,1093,default,197,20,20,92.9,8,4,77.73076923076923,35.333333333333336,168,37,68,102,0,E3,20,20,0.0,0.5,0,0
mas_iterative,1093,default,237,20,20,104.2,10,4,84.5,35.333333333333336,404,33,80,120,0,E3,20,20,0.0,0.5,0,0
cbba,1093,default,175,20,20,84.45,5,4,72.13461538461539,27.666666666666668,145,57,755,4201,182,E3,20,20,0.0,0.5,0,0
claim,1094,default,322,20,20,153.5,13,4,132.9811320754717,51.333333333333336,725,52,56,56,0,E3,20,20,0.0,0.5,0,0
mas,1094,default,287,20,20,142.5,9,4,124.73584905660377,51.333333333333336,586,48,95,143,0,E3,20,20,0.0,0.5,0,0
mas_iterative,1094,default,293,20,20,122.55,10,4,103.69811320754717,36.666666666666664,516,135,90,135,0,E3,20,20,0.0,0.5,0,0
cbba,1094,default,196,20,20,94.2,9,4,80.88679245283019,29.666666666666668,192,30,1013,5453,245,E3,20,20,0.0,0.5,0,0
claim,1095,default,190,20,20,93.45,8,4,81.50877192982456,41.666666666666664,226,71,31,31,0,E3,20,20,0.0,0.5,0,0
mas,1095,default,209,20,20,101.95,10,4,86.47368421052632,39.333333333333336,282,101,81,122,0,E3,20,20,0.0,0.5,0,0
mas_iterative,1095,default,184,20,20,94.4,7,4,81.0,39.333333333333336,212,62,67,101,0,E3,20,20,0.0,0.5,0,0
cbba,1095,default,202,20,20,90.2,6,4,77.45614035087719,40.333333333333336,157,145,805,4311,194,E3,20,20,0.0,0.5,0,0
claim,1096,default,289,20,20,145.65,14,4,108.20833333333333,43.2,596,39,42,42,0,E3,20,20,0.0,0.5,0,0
mas,1096,default,309,20,20,166.65,12,4,123.8125,38.4,639,59,102,154,0,E3,20,20,0.0,0.5,0,0
mas_iterative,1096,default,238,20,20,119.75,8,4,91.10416666666667,41.0,372,35,84,126,0,E3,20,20,0.0,0.5,0,0
cbba,1096,default,186,20,20,94.0,7,4,72.79166666666667,37.8,139,32,803,4289,193,E3,20,20,0.0,0.5,0,0
claim,1097,default,312,20,20,145.7,13,4,108.86363636363636,38.0,723,50,54,54,0,E3,20,20,0.0,0.5,0,0
mas,1097,default,240,20,20,119.85,12,4,92.63636363636364,39.0,301,158,83,125,0,E3,20,20,0.0,0.5,0,0
mas_iterative,1097,default,203,20,20,99.8,8,4,76.0,32.25,223,87,70,105,0,E3,20,20,0.0,0.5,0,0
cbba,1097,default,207,20,20,88.15,9,4,66.1590909090909,32.25,236,104,982,5196,237,E3,20,20,0.0,0.5,0,0
claim,1098,default,255,20,20,131.4,14,4,104.72549019607843,46.0,504,39,43,43,0,E3,20,20,0.0,0.5,0,0
mas,1098,default,231,20,20,114.4,9,4,93.19607843137256,46.0,269,103,74,111,0,E3,20,20,0.0,0.5,0,0
mas_iterative,1098,default,266,20,20,118.2,10,4,95.50980392156863,46.0,353,153,78,117,0,E3,20,20,0.0,0.5,0,0
cbba,1098,default,212,20,20,96.85,4,4,77.09803921568627,36.333333333333336,154,134,659,3601,158,E3,20,20,0.0,0.5,0,0
claim,1099,default,274,20,20,147.0,13,4,113.72340425531915,39.666666666666664,517,124,44,44,0,E3,20,20,0.0,0.5,0,0
mas,1099,default,280,20,20,130.15,12,4,102.1063829787234,44.0,632,49,103,155,0,E3,20,20,0.0,0.5,0,0
mas_iterative,1099,default,208,20,20,112.05,13,4,90.65957446808511,44.0,352,37,90,135,0,E3,20,20,0.0,0.5,0,0
cbba,1099,default,199,20,20,98.75,8,4,78.2127659574468,33.0,261,98,916,5032,220,E3,20,20,0.0,0.5,0,0
claim,1101,default,278,20,20,132.2,14,4,101.6734693877551,57.2,575,41,45,45,0,E3,20,20,0.0,0.5,0,0
mas,1101,default,254,20,20,126.45,12,4,95.3061224489796,49.8,432,49,78,117,0,E3,20,20,0.0,0.5,0,0
mas_iterative,1101,default,254,20,20,126.35,12,4,95.26530612244898,49.8,432,48,78,117,0,E3,20,20,0.0,0.5,0,0
cbba,1101,default,221,20,20,102.95,11,4,79.75510204081633,45.2,256,84,1054,5790,255,E3,20,20,0.0,0.5,0,0
claim,1102,default,271,20,20,113.0,11,4,91.98305084745763,51.166666666666664,586,41,45,45,0,E3,20,20,0.0,0.5,0,0
mas,1102,default,199,20,20,101.95,8,4,87.2542372881356,47.0,257,81,68,102,0,E3,20,20,0.0,0.5,0,0
mas_iterative,1102,default,188,20,20,93.35,10,4,79.61016949152543,44.166666666666664,248,47,74,111,0,E3,20,20,0.0,0.5,0,0
cbba,1102,default,177,20,20,87.1,9,4,74.38983050847457,42.166666666666664,170,84,937,5115,226,E3,20,20,0.0,0.5,0,0
claim,1103,default,253,20,20,132.1,13,4,112.27777777777777,43.5,499,80,46,46,0,E3,20,20,0.0,0.5,0,0
mas,1103,default,240,20,20,120.2,13,4,100.94444444444444,40.0,471,36,80,120,0,E3,20,20,0.0,0.5,0,0
mas_iterative,1103,default,240,20,20,120.2,13,4,100.94444444444444,40.0,471,36,80,120,0,E3,20,20,0.0,0.5,0,0
cbba,1103,default,171,20,20,84.1,6,4,71.81481481481481,33.75,103,95,896,4906,217,E3,20,20,0.0,0.5,0,0
claim,1104,default,216,20,20,105.95,9,4,82.97826086956522,34.5,347,31,33,33,0,E3,20,20,0.0,0.5,0,0
mas,1104,default,218,20,20,90.1,5,4,71.23913043478261,34.5,206,138,56,84,0,E3,20,20,0.0,0.5,0,0
mas_iterative,1104,default,169,20,20,87.65,10,4,70.3695652173913,34.5,168,41,64,96,0,E3,20,20,0.0,0.5,0,0
cbba,1104,default,209,20,20,84.25,5,4,66.6304347826087,29.75,170,174,855,4509,206,E3,20,20,0.0,0.5,0,0
claim,1106,default,284,20,20,137.7,14,4,114.26415094339623,56.8,524,117,46,46,0,E3,20,20,0.0,0.5,0,0
mas,1106,default,281,20,20,117.55,13,4,93.56603773584905,43.4,595,44,96,144,0,E3,20,20,0.0,0.5,0,0
mas_iterative,1106,default,281,20,20,117.45,13,4,93.43396226415095,43.2,597,42,96,144,0,E3,20,20,0.0,0.5,0,0
cbba,1106,default,203,20,20,86.9,8,4,70.20754716981132,36.8,218,29,907,4799,219,E3,20,20,0.0,0.5,0,0
claim,1107,default,186,20,20,102.5,9,4,88.89795918367346,47.0,258,81,35,35,0,E3,20,20,0.0,0.5,0,0
mas,1107,default,160,20,20,83.05,9,4,73.0,47.0,197,35,62,93,0,E3,20,20,0.0,0.5,0,0
mas_iterative,1107,default,160,20,20,83.05,9,4,73.0,47.0,197,35,62,93,0,E3,20,20,0.0,0.5,0,0
cbba,1107,default,156,20,20,73.55,4,4,63.224489795918366,35.0,151,37,894,4856,216,E3,20,20,0.0,0.5,0,0
claim,1108,default,230,20,20,117.9,14,4,94.66666666666667,36.8,406,70,41,41,0,E3,20,20,0.0,0.5,0,0
mas,1108,default,209,20,20,104.25,9,4,87.87037037037037,38.2,279,67,76,114,0,E3,20,20,0.0,0.5,0,0
mas_iterative,1108,default,224,20,20,108.85,9,4,91.22222222222223,38.2,291,105,70,105,0,E3,20,20,0.0,0.5,0,0
cbba,1108,default,178,20,20,79.95,7,4,66.44444444444444,38.2,139,113,966,5258,234,E3,20,20,0.0,0.5,0,0
claim,1109,default,259,20,20,117.9,11,4,93.46511627906976,33.5,533,42,45,45,0,E3,20,20,0.0,0.5,0,0
mas,1109,default,236,20,20,107.9,11,4,85.32558139534883,33.5,415,99,92,138,0,E3,20,20,0.0,0.5,0,0
mas_iterative,1109,default,222,20,20,101.05,11,4,81.30232558139535,33.5,374,62,86,129,0,E3,20,20,0.0,0.5,0,0
cbba,1109,default,176,20,20,76.7,6,4,62.16279069767442,27.5,114,140,867,4757,209,E3,20,20,0.0,0.5,0,0
claim,1110,default,265,20,20,116.9,13,4,97.81967213114754,46.714285714285715,554,77,46,46,0,E3,20,20,0.0,0.5,0,0
mas,1110,default,282,20,20,114.6,11,4,94.78688524590164,42.42857142857143,551,47,102,153,0,E3,20,20,0.0,0.5,0,0
mas_iterative,1110,default,257,20,20,103.35,17,4,86.49180327868852,40.857142857142854,421,123,101,152,0,E3,20,20,0.0,0.5,0,0
cbba,1110,default,174,20,20,84.3,6,4,73.21311475409836,38.714285714285715,144,47,941,5149,228,E3,20,20,0.0,0.5,0,0
claim,1111,default,245,20,20,118.7,15,4,94.56,45.2,472,49,45,45,0,E3,20,20,0.0,0.5,0,0
mas,1111,default,191,20,20,97.55,12,4,77.5,42.0,216,63,74,111,0,E3,20,20,0.0,0.5,0,0
mas_iterative,1111,default,201,20,20,98.35,11,4,77.26,41.8,289,37,76,114,0,E3,20,20,0.0,0.5,0,0
cbba,1111,default,224,20,20,87.95,9,4,68.92,38.6,262,154,1266,6836,308,E3,20,20,0.0,0.5,0,0
claim,1112,default,276,20,20,172.55,14,4,145.6888888888889,41.0,591,69,47,47,0,E3,20,20,0.0,0.5,0,0
mas,1112,default,194,20,20,108.15,8,4,88.8,40.5,228,63,68,102,0,E3,20,20,0.0,0.5,0,0
mas_iterative,1112,default,194,20,20,108.05,8,4,88.64444444444445,40.0,229,62,68,102,0,E3,20,20,0.0,0.5,0,0
cbba,1112,default,180,20,20,85.35,7,4,69.95555555555555,37.0,120,42,1004,5446,244,E3,20,20,0.0,0.5,0,0
claim,1113,default,196,20,20,102.5,10,4,82.67924528301887,46.6,242,73,33,33,0,E3,20,20,0.0,0.5,0,0
mas,1113,default,265,20,20,122.3,11,4,96.98113207547169,46.2,465,47,100,151,0,E3,20,20,0.0,0.5,0,0
mas_iterative,1113,default,225,20,20,104.05,12,4,81.18867924528301,45.6,338,115,80,120,0,E3,20,20,0.0,0.5,0,0
cbba,1113,default,174,20,20,82.85,4,4,65.64150943396227,37.4,70,102,793,4351,192,E3,20,20,0.0,0.5,0,0
claim,1114,default,252,20,20,114.05,12,4,89.4423076923077,57.666666666666664,401,92,39,39,0,E3,20,20,0.0,0.5,0,0
mas,1114,default,289,20,20,135.6,13,4,102.65384615384616,57.666666666666664,556,48,88,132,0,E3,20,20,0.0,0.5,0,0
mas_iterative,1114,default,289,20,20,135.6,13,4,102.65384615384616,57.666666666666664,556,48,88,132,0,E3,20,20,0.0,0.5,0,0
cbba,1114,default,215,20,20,96.7,7,4,74.98076923076923,46.5,290,37,939,4943,227,E3,20,20,0.0,0.5,0,0
claim,1115,default,306,20,20,132.3,16,4,99.52083333333333,51.2,773,55,59,59,0,E3,20,20,0.0,0.5,0,0
mas,1115,default,256,20,20,118.35,12,4,92.33333333333333,51.2,477,149,96,144,0,E3,20,20,0.0,0.5,0,0
mas_iterative,1115,default,276,20,20,123.65,11,4,94.25,51.2,549,146,95,143,0,E3,20,20,0.0,0.5,0,0
cbba,1115,default,164,20,20,74.85,6,4,58.416666666666664,34.4,142,90,948,5050,229,E3,20,20,0.0,0.5,0,0
claim,1116,default,232,20,20,104.95,13,4,80.92857142857143,27.5,481,42,46,46,0,E3,20,20,0.0,0.5,0,0
mas,1116,default,204,20,20,92.45,15,4,74.19047619047619,27.5,383,77,88,132,0,E3,20,20,0.0,0.5,0,0
mas_iterative,1116,default,204,20,20,92.45,15,4,74.19047619047619,27.5,383,77,88,132,0,E3,20,20,0.0,0.5,0,0
cbba,1116,default,146,20,20,72.4,8,4,58.666666666666664,27.0,76,64,926,5096,224,E3,20,20,0.0,0.5,0,0
claim,1117,default,289,20,20,115.0,11,4,89.0754716981132,37.2,661,43,46,46,0,E3,20,20,0.0,0.5,0,0
mas,1117,default,264,20,20,114.55,13,4,87.84905660377359,37.2,492,48,104,156,0,E3,20,20,0.0,0.5,0,0
mas_iterative,1117,default,185,20,20,94.9,6,4,74.81132075471699,31.8,248,30,75,113,0,E3,20,20,0.0,0.5,0,0
cbba,1117,default,152,20,20,69.95,3,4,58.24528301886792,31.8,79,59,779,4155,188,E3,20,20,0.0,0.5,0,0
claim,1118,default,287,20,20,132.55,11,4,111.47169811320755,51.5,474,93,41,41,0,E3,20,20,0.0,0.5,0,0
mas,1118,default,261,20,20,129.7,10,4,109.16981132075472,45.5,347,100,77,116,0,E3,20,20,0.0,0.5,0,0
mas_iterative,1118,default,258,20,20,120.95,12,4,100.90566037735849,45.0,404,36,84,127,0,E3,20,20,0.0,0.5,0,0
cbba,1118,default,200,20,20,98.2,8,4,81.33962264150944,42.0,202,27,855,4623,206,E3,20,20,0.0,0.5,0,0
claim,1119,default,214,20,20,106.9,11,4,90.73469387755102,39.0,319,79,37,37,0,E3,20,20,0.0,0.5,0,0
mas,1119,default,225,20,20,115.65,11,4,99.26530612244898,39.0,348,115,83,125,0,E3,20,20,0.0,0.5,0,0
mas_iterative,1119,default,215,20,20,101.9,12,4,85.75510204081633,27.0,346,64,95,143,0,E3,20,20,0.0,0.5,0,0
cbba,1119,default,191,20,20,90.3,10,4,75.14285714285714,27.0,247,73,1026,5586,248,E3,20,20,0.0,0.5,0,0
claim,1120,default,198,20,20,96.4,8,4,82.3409090909091,50.5,220,126,31,31,0,E3,20,20,0.0,0.5,0,0
mas,1120,default,207,20,20,96.3,8,4,84.47727272727273,50.5,215,142,62,93,0,E3,20,20,0.0,0.5,0,0
mas_iterative,1120,default,207,20,20,96.3,8,4,84.47727272727273,50.5,215,142,62,93,0,E3,20,20,0.0,0.5,0,0
cbba,1120,default,189,20,20,83.9,6,4,68.72727272727273,38.0,256,37,949,4907,229,E3,20,20,0.0,0.5,0,0
claim,1121,default,254,20,20,131.1,14,4,104.06521739130434,43.5,386,122,39,39,0,E3,20,20,0.0,0.5,0,0
mas,1121,default,238,20,20,113.2,10,4,89.91304347826087,43.5,279,128,70,105,0,E3,20,20,0.0,0.5,0,0
mas_iterative,1121,default,233,20,20,112.55,9,4,89.6304347826087,43.5,244,146,68,102,0,E3,20,20,0.0,0.5,0,0
cbba,1121,default,228,20,20,96.55,7,4,74.8695652173913,36.0,277,116,1032,5434,249,E3,20,20,0.0,0.5,0,0
claim,1123,default,203,20,20,99.85,9,4,80.14583333333333,38.8,306,66,35,35,0,E3,20,20,0.0,0.5,0,0
mas,1123,default,190,20,20,90.1,8,4,72.8125,34.8,221,93,64,96,0,E3,20,20,0.0,0.5,0,0
mas_iterative,1123,default,172,20,20,86.15,9,4,70.04166666666667,34.6,216,53,66,99,0,E3,20,20,0.0,0.5,0,0
cbba,1123,default,179,20,20,81.2,9,4,63.75,31.0,209,31,791,4057,189,E3,20,20,0.0,0.5,0,0
claim,1124,default,180,20,20,88.75,12,4,76.64814814814815,34.0,261,57,35,35,0,E3,20,20,0.0,0.5,0,0
mas,1124,default,186,20,20,86.8,8,4,74.37037037037037,34.0,285,34,66,99,0,E3,20,20,0.0,0.5,0,0
mas_iterative,1124,default,186,20,20,86.7,8,4,74.27777777777777,34.0,286,33,66,99,0,E3,20,20,0.0,0.5,0,0
cbba,1124,default,166,20,20,77.9,6,4,66.77777777777777,28.0,140,71,913,4881,221,E3,20,20,0.0,0.5,0,0
claim,1125,default,303,20,20,133.7,10,4,100.74468085106383,36.0,515,167,39,39,0,E3,20,20,0.0,0.5,0,0
mas,1125,default,216,20,20,98.8,8,4,77.8936170212766,36.0,292,31,70,105,0,E3,20,20,0.0,0.5,0,0
mas_iterative,1125,default,211,20,20,104.15,9,4,81.53191489361703,36.0,282,52,71,107,0,E3,20,20,0.0,0.5,0,0
cbba,1125,default,209,20,20,84.25,5,4,64.87234042553192,27.666666666666668,247,58,910,4724,220,E3,20,20,0.0,0.5,0,0
claim,1126,default,167,20,20,80.6,8,4,65.04,45.0,229,60,32,32,0,E3,20,20,0.0,0.5,0,0
mas,1126,default,143,20,20,79.05,6,4,64.9,45.0,150,48,64,96,0,E3,20,20,0.0,0.5,0,0
mas_iterative,1126,default,192,20,20,84.45,10,4,67.1,45.0,239,139,80,120,0,E3,20,20,0.0,0.5,0,0
cbba,1126,default,140,20,20,64.9,8,4,52.2,37.5,94,78,806,4308,194,E3,20,20,0.0,0.5,0,0
claim,1127,default,234,20,20,112.65,11,4,96.79591836734694,28.333333333333332,419,92,39,39,0,E3,20,20,0.0,0.5,0,0
mas,1127,default,177,20,20,88.1,7,4,77.36734693877551,28.333333333333332,161,114,62,93,0,E3,20,20,0.0,0.5,0,0
mas_iterative,1127,default,186,20,20,88.4,7,4,77.61224489795919,28.333333333333332,160,142,60,90,0,E3,20,20,0.0,0.5,0,0
cbba,1127,default,154,20,20,72.8,6,4,64.38775510204081,28.333333333333332,105,65,699,3661,168,E3,20,20,0.0,0.5,0,0
claim,1128,default,171,20,20,97.65,5,4,78.76086956521739,33.333333333333336,200,39,29,29,0,E3,20,20,0.0,0.5,0,0
mas,1128,default,198,20,20,104.4,11,4,84.76086956521739,33.333333333333336,273,67,76,114,0,E3,20,20,0.0,0.5,0,0
mas_iterative,1128,default,177,20,20,93.5,4,4,75.17391304347827,33.333333333333336,150,85,58,87,0,E3,20,20,0.0,0.5,0,0
cbba,1128,default,182,20,20,87.85,8,4,69.28260869565217,33.333333333333336,218,33,915,4905,220,E3,20,20,0.0,0.5,0,0
claim,1129,default,198,20,20,107.5,11,4,93.34693877551021,27.0,269,33,37,37,0,E3,20,20,0.0,0.5,0,0
mas,1129,default,195,20,20,99.75,7,4,87.24489795918367,27.0,203,61,64,96,0,E3,20,20,0.0,0.5,0,0
mas_iterative,1129,default,220,20,20,99.6,8,4,86.46938775510205,27.0,197,148,70,105,0,E3,20,20,0.0,0.5,0,0
cbba,1129,default,186,20,20,93.0,7,4,81.08163265306122,27.0,122,97,1032,5688,251,E3,20,20,0.0,0.5,0,0
claim,1130,default,220,20,20,98.7,9,4,82.26785714285714,45.0,312,64,36,36,0,E3,20,20,0.0,0.5,0,0
mas,1130,default,266,20,20,114.0,13,4,92.35714285714286,47.2,506,73,85,128,0,E3,20,20,0.0,0.5,0,0
mas_iterative,1130,default,249,20,20,108.0,10,4,88.89285714285714,47.2,335,144,74,111,0,E3,20,20,0.0,0.5,0,0
cbba,1130,default,181,20,20,82.0,7,4,67.91071428571429,39.4,167,48,934,4984,226,E3,20,20,0.0,0.5,0,0
claim,1131,default,231,20,20,121.45,11,4,100.9322033898305,59.75,445,55,44,44,0,E3,20,20,0.0,0.5,0,0
mas,1131,default,223,20,20,101.35,10,4,84.20338983050847,57.25,399,35,78,117,0,E3,20,20,0.0,0.5,0,0
mas_iterative,1131,default,223,20,20,101.35,10,4,84.20338983050847,57.25,399,35,78,117,0,E3,20,20,0.0,0.5,0,0
cbba,1131,default,160,20,20,81.5,7,4,69.64406779661017,45.75,113,77,954,5184,231,E3,20,20,0.0,0.5,0,0
claim,1132,default,234,20,20,122.1,13,4,101.43396226415095,38.666666666666664,440,49,39,39,0,E3,20,20,0.0,0.5,0,0
mas,1132,default,213,20,20,109.25,12,4,91.39622641509433,38.666666666666664,347,37,80,120,0,E3,20,20,0.0,0.5,0,0
mas_iterative,1132,default,180,20,20,101.1,9,4,86.50943396226415,38.666666666666664,229,36,66,99,0,E3,20,20,0.0,0.5,0,0
cbba,1132,default,153,20,20,83.25,5,4,70.52830188679245,35.666666666666664,127,33,759,4195,183,E3,20,20,0.0,0.5,0,0
claim,1133,default,229,20,20,107.75,11,4,88.11320754716981,36.0,405,32,36,36,0,E3,20,20,0.0,0.5,0,0
mas,1133,default,217,20,20,108.2,11,4,90.26415094339623,38.75,354,41,84,126,0,E3,20,20,0.0,0.5,0,0
mas_iterative,1133,default,219,20,20,106.25,11,4,89.28301886792453,38.75,366,63,80,120,0,E3,20,20,0.0,0.5,0,0
cbba,1133,default,172,20,20,77.75,4,4,65.67924528301887,35.25,91,101,846,4592,205,E3,20,20,0.0,0.5,0,0
claim,1134,default,203,20,20,100.65,10,4,87.3265306122449,28.5,249,104,33,33,0,E3,20,20,0.0,0.5,0,0
mas,1134,default,210,20,20,103.15,13,4,87.81632653061224,28.5,348,53,74,111,0,E3,20,20,0.0,0.5,0,0
mas_iterative,1134,default,184,20,20,85.7,8,4,72.55102040816327,28.5,199,49,74,111,0,E3,20,20,0.0,0.5,0,0
cbba,1134,default,173,20,20,84.15,9,4,71.77551020408163,28.5,203,50,819,4447,197,E3,20,20,0.0,0.5,0,0
claim,1135,default,247,20,20,114.05,14,4,92.33333333333333,47.6,480,39,43,43,0,E3,20,20,0.0,0.5,0,0
mas,1135,default,214,20,20,100.65,10,4,83.52083333333333,45.6,355,35,78,117,0,E3,20,20,0.0,0.5,0,0
mas_iterative,1135,default,210,20,20,97.05,11,4,78.60416666666667,35.8,308,30,72,108,0,E3,20,20,0.0,0.5,0,0
cbba,1135,default,172,20,20,83.85,8,4,68.625,32.2,127,47,1017,5691,247,E3,20,20,0.0,0.5,0,0
claim,1136,default,260,20,20,137.0,15,4,112.62745098039215,60.4,494,69,44,44,0,E3,20,20,0.0,0.5,0,0
mas,1136,default,251,20,20,129.05,13,4,107.27450980392157,60.4,399,35,78,117,0,E3,20,20,0.0,0.5,0,0
mas_iterative,1136,default,233,20,20,126.05,13,4,106.07843137254902,60.4,344,52,82,123,0,E3,20,20,0.0,0.5,0,0
cbba,1136,default,202,20,20,104.35,7,4,84.76470588235294,40.4,236,41,817,4273,196,E3,20,20,0.0,0.5,0,0
claim,1137,default,243,20,20,110.65,12,4,85.34042553191489,38.75,403,79,38,38,0,E3,20,20,0.0,0.5,0,0
mas,1137,default,240,20,20,109.25,11,4,84.87234042553192,38.75,390,64,84,126,0,E3,20,20,0.0,0.5,0,0
mas_iterative,1137,default,240,20,20,109.2,11,4,84.85106382978724,38.75,390,64,84,126,0,E3,20,20,0.0,0.5,0,0
cbba,1137,default,182,20,20,88.15,7,4,69.55319148936171,29.5,110,43,970,5308,235,E3,20,20,0.0,0.5,0,0
claim,1138,default,193,20,20,97.7,9,4,85.5925925925926,39.5,212,80,33,33,0,E3,20,20,0.0,0.5,0,0
mas,1138,default,194,20,20,94.55,9,4,82.74074074074075,39.5,208,58,66,99,0,E3,20,20,0.0,0.5,0,0
mas_iterative,1138,default,194,20,20,94.55,9,4,82.74074074074075,39.5,208,58,66,99,0,E3,20,20,0.0,0.5,0,0
cbba,1138,default,201,20,20,88.1,8,4,75.07407407407408,39.0,276,59,1147,6011,278,E3,20,20,0.0,0.5,0,0
claim,1139,default,249,20,20,119.5,12,4,98.22222222222223,48.0,499,41,45,45,0,E3,20,20,0.0,0.5,0,0
mas,1139,default,178,20,20,96.85,9,4,83.57407407407408,46.25,207,30,68,102,0,E3,20,20,0.0,0.5,0,0
mas_iterative,1139,default,180,20,20,98.25,8,4,84.16666666666667,46.0,219,29,60,90,0,E3,20,20,0.0,0.5,0,0
cbba,1139,default,183,20,20,92.55,7,4,78.27777777777777,38.0,210,70,1005,5553,243,E3,20,20,0.0,0.5,0,0
claim,1140,default,224,20,20,111.4,15,4,89.89583333333333,36.25,389,64,46,46,0,E3,20,20,0.0,0.5,0,0
mas,1140,default,222,20,20,99.35,11,4,78.70833333333333,36.25,384,74,76,114,0,E3,20,20,0.0,0.5,0,0
mas_iterative,1140,default,221,20,20,100.55,9,4,79.04166666666667,36.25,380,68,76,114,0,E3,20,20,0.0,0.5,0,0
cbba,1140,default,165,20,20,78.7,7,4,63.4375,31.25,100,64,708,3828,170,E3,20,20,0.0,0.5,0,0
claim,1141,default,292,20,20,145.35,12,4,115.74545454545455,66.875,620,54,46,46,0,E3,20,20,0.0,0.5,0,0
mas,1141,default,217,20,20,110.95,13,4,90.45454545454545,56.75,332,46,80,120,0,E3,20,20,0.0,0.5,0,0
mas_iterative,1141,default,245,20,20,110.3,11,4,90.05454545454545,56.75,381,107,78,117,0,E3,20,20,0.0,0.5,0,0
cbba,1141,default,205,20,20,94.55,7,4,76.25454545454545,47.25,240,87,767,4121,184,E3,20,20,0.0,0.5,0,0
claim,1142,default,226,20,20,117.7,12,4,98.54,40.25,355,66,36,36,0,E3,20,20,0.0,0.5,0,0
mas,1142,default,247,20,20,118.85,12,4,99.06,40.25,398,61,80,120,0,E3,20,20,0.0,0.5,0,0
mas_iterative,1142,default,246,20,20,118.4,12,4,98.72,40.25,395,60,80,120,0,E3,20,20,0.0,0.5,0,0
cbba,1142,default,214,20,20,100.15,9,4,81.26,34.0,224,88,1199,6561,291,E3,20,20,0.0,0.5,0,0
claim,1143,default,248,20,20,109.45,10,4,81.06976744186046,43.333333333333336,403,34,38,38,0,E3,20,20,0.0,0.5,0,0
mas,1143,default,234,20,20,101.25,12,4,74.16279069767442,42.666666666666664,410,36,80,120,0,E3,20,20,0.0,0.5,0,0
mas_iterative,1143,default,227,20,20,95.0,10,4,71.46511627906976,43.0,328,69,78,117,0,E3,20,20,0.0,0.5,0,0
cbba,1143,default,215,20,20,93.1,8,4,68.16279069767442,40.666666666666664,300,56,926,5012,223,E3,20,20,0.0,0.5,0,0
claim,1144,default,221,20,20,120.75,12,4,97.90196078431373,54.833333333333336,357,35,39,39,0,E3,20,20,0.0,0.5,0,0
mas,1144,default,247,20,20,131.65,11,4,104.13725490196079,54.833333333333336,425,60,93,140,0,E3,20,20,0.0,0.5,0,0
mas_iterative,1144,default,209,20,20,101.85,9,4,80.0,49.5,248,89,71,107,0,E3,20,20,0.0,0.5,0,0
cbba,1144,default,185,20,20,87.2,6,4,68.3529411764706,37.5,122,142,894,4798,216,E3,20,20,0.0,0.5,0,0
claim,1145,default,245,20,20,115.7,10,4,91.28571428571429,53.375,379,141,38,38,0,E3,20,20,0.0,0.5,0,0
mas,1145,default,214,20,20,97.8,11,4,76.67857142857143,49.0,376,35,78,117,0,E3,20,20,0.0,0.5,0,0
mas_iterative,1145,default,233,20,20,98.35,10,4,76.89285714285714,49.0,374,34,78,117,0,E3,20,20,0.0,0.5,0,0
cbba,1145,default,174,20,20,83.0,6,4,66.07142857142857,38.5,96,113,916,5038,222,E3,20,20,0.0,0.5,0,0
claim,1146,default,195,20,20,97.9,7,4,86.6,46.25,190,91,28,28,0,E3,20,20,0.0,0.5,0,0
mas,1146,default,200,20,20,99.65,9,4,87.8,46.25,221,86,72,108,0,E3,20,20,0.0,0.5,0,0
mas_iterative,1146,default,199,20,20,99.5,10,4,86.76363636363637,39.75,300,32,78,117,0,E3,20,20,0.0,0.5,0,0
cbba,1146,default,180,20,20,88.25,5,4,77.92727272727272,34.5,124,88,868,4738,210,E3,20,20,0.0,0.5,0,0
claim,1147,default,225,20,20,111.4,13,4,90.74468085106383,38.666666666666664,275,34,38,38,0,E3,20,20,0.0,0.5,0,0
mas,1147,default,231,20,20,103.0,10,4,81.31914893617021,38.666666666666664,390,36,80,120,0,E3,20,20,0.0,0.5,0,0
mas_iterative,1147,default,231,20,20,103.0,10,4,81.31914893617021,38.666666666666664,390,36,80,120,0,E3,20,20,0.0,0.5,0,0
cbba,1147,default,175,20,20,85.3,3,4,68.29787234042553,29.333333333333332,77,87,845,4691,205,E3,20,20,0.0,0.5,0,0
claim,1149,default,178,20,20,98.55,10,4,83.6923076923077,42.0,266,47,35,35,0,E3,20,20,0.0,0.5,0,0
mas,1149,default,180,20,20,92.05,10,4,78.9423076923077,42.0,216,85,70,105,0,E3,20,20,0.0,0.5,0,0
mas_iterative,1149,default,200,20,20,97.1,9,4,81.71153846153847,42.0,280,107,72,108,0,E3,20,20,0.0,0.5,0,0
cbba,1149,default,153,20,20,74.85,12,4,63.42307692307692,39.0,166,57,1087,5767,263,E3,20,20,0.0,0.5,0,0
claim,1150,default,199,20,20,93.45,9,4,76.35416666666667,39.6,304,28,31,31,0,E3,20,20,0.0,0.5,0,0
mas,1150,default,198,20,20,91.9,7,4,71.45833333333333,33.6,223,115,77,116,0,E3,20,20,0.0,0.5,0,0
mas_iterative,1150,default,200,20,20,88.0,8,4,66.95833333333333,29.2,177,150,73,110,0,E3,20,20,0.0,0.5,0,0
cbba,1150,default,152,20,20,76.8,6,4,60.729166666666664,29.2,85,61,763,4153,184,E3,20,20,0.0,0.5,0,0
claim,1152,default,254,20,20,127.2,14,4,101.4375,45.0,454,41,45,45,0,E3,20,20,0.0,0.5,0,0
mas,1152,default,316,20,20,134.5,14,4,103.5625,45.0,690,120,111,167,0,E3,20,20,0.0,0.5,0,0
mas_iterative,1152,default,258,20,20,124.1,13,4,97.95833333333333,45.0,436,41,95,143,0,E3,20,20,0.0,0.5,0,0
cbba,1152,default,218,20,20,96.2,9,4,76.66666666666667,31.75,245,114,1192,6578,289,E3,20,20,0.0,0.5,0,0
claim,1153,default,236,20,20,113.95,9,4,96.05660377358491,46.2,278,81,33,33,0,E3,20,20,0.0,0.5,0,0
mas,1153,default,271,20,20,123.25,11,4,100.0377358490566,44.4,387,143,70,105,0,E3,20,20,0.0,0.5,0,0
mas_iterative,1153,default,271,20,20,123.25,11,4,100.0377358490566,44.4,387,143,70,105,0,E3,20,20,0.0,0.5,0,0
cbba,1153,default,212,20,20,106.0,7,4,87.18867924528301,41.2,270,41,903,4819,218,E3,20,20,0.0,0.5,0,0
claim,1155,default,246,20,20,109.4,13,4,81.20833333333333,43.4,451,38,42,42,0,E3,20,20,0.0,0.5,0,0
mas,1155,default,243,20,20,102.65,11,4,77.3125,43.4,345,36,80,120,0,E3,20,20,0.0,0.5,0,0
mas_iterative,1155,default,243,20,20,102.6,11,4,77.27083333333333,43.4,346,35,80,120,0,E3,20,20,0.0,0.5,0,0
cbba,1155,default,199,20,20,86.9,8,4,64.91666666666667,34.0,240,36,904,4676,217,E3,20,20,0.0,0.5,0,0
claim,1156,default,226,20,20,120.5,9,4,107.12765957446808,30.0,270,128,32,32,0,E3,20,20,0.0,0.5,0,0
mas,1156,default,237,20,20,133.55,7,4,116.34042553191489,30.0,346,111,68,102,0,E3,20,20,0.0,0.5,0,0
mas_iterative,1156,default,237,20,20,133.55,7,4,116.34042553191489,30.0,346,111,68,102,0,E3,20,20,0.0,0.5,0,0
cbba,1156,default,206,20,20,103.55,9,4,88.27659574468085,29.0,305,40,844,4458,203,E3,20,20,0.0,0.5,0,0
claim,1157,default,228,20,20,110.1,11,4,89.375,35.666666666666664,378,36,40,40,0,E3,20,20,0.0,0.5,0,0
mas,1157,default,266,20,20,126.8,12,4,101.33333333333333,38.333333333333336,455,88,79,119,0,E3,20,20,0.0,0.5,0,0
mas_iterative,1157,default,244,20,20,123.2,11,4,99.83333333333333,38.333333333333336,336,94,75,113,0,E3,20,20,0.0,0.5,0,0
cbba,1157,default,188,20,20,85.7,6,4,69.22916666666667,29.666666666666668,132,89,927,4929,224,E3,20,20,0.0,0.5,0,0
claim,1000,default,263,20,20,112.55,16,4,87.47826086956522,32.0,622,46,50,50,0,E3,20,20,0.0,0.7,0,0
mas,1000,default,235,20,20,101.7,12,4,81.41304347826087,32.0,523,40,88,132,0,E3,20,20,0.0,0.7,0,0
mas_iterative,1000,default,235,20,20,101.7,12,4,81.41304347826087,32.0,523,40,88,132,0,E3,20,20,0.0,0.7,0,0
cbba,1000,default,178,20,20,80.55,9,4,64.54347826086956,28.333333333333332,262,33,556,2964,130,E3,20,20,0.0,0.7,0,0
claim,1001,default,221,20,20,93.75,15,4,81.07142857142857,40.4,413,38,42,42,0,E3,20,20,0.0,0.7,0,0
mas,1001,default,278,20,20,113.25,12,4,93.16071428571429,40.4,638,46,99,149,0,E3,20,20,0.0,0.7,0,0
mas_iterative,1001,default,255,20,20,112.1,12,4,92.75,40.4,549,43,97,146,0,E3,20,20,0.0,0.7,0,0
cbba,1001,default,193,20,20,89.9,11,4,77.55357142857143,35.6,244,35,743,3905,177,E3,20,20,0.0,0.7,0,0
claim,1002,default,244,20,20,119.6,15,4,92.80434782608695,50.0,463,39,43,43,0,E3,20,20,0.0,0.7,0,0
mas,1002,default,220,20,20,109.05,13,4,87.21739130434783,50.0,347,98,82,123,0,E3,20,20,0.0,0.7,0,0
mas_iterative,1002,default,235,20,20,106.15,10,4,83.56521739130434,41.5,412,70,84,126,0,E3,20,20,0.0,0.7,0,0
cbba,1002,default,188,20,20,91.85,9,4,71.5,34.75,226,61,806,4448,193,E3,20,20,0.0,0.7,0,0
claim,1003,default,229,20,20,102.9,12,4,77.66666666666667,46.666666666666664,482,40,44,44,0,E3,20,20,0.0,0.7,0,0
mas,1003,default,230,20,20,100.85,11,4,76.27083333333333,46.666666666666664,480,45,97,146,0,E3,20,20,0.0,0.7,0,0
mas_iterative,1003,default,205,20,20,99.6,10,4,75.75,46.666666666666664,328,89,78,117,0,E3,20,20,0.0,0.7,0,0
cbba,1003,default,188,20,20,93.3,13,4,72.60416666666667,46.666666666666664,289,44,783,4271,186,E3,20,20,0.0,0.7,0,0
claim,1004,default,283,20,20,130.6,12,4,108.95744680851064,38.333333333333336,620,45,49,49,0,E3,20,20,0.0,0.7,0,0
mas,1004,default,256,20,20,130.8,13,4,108.38297872340425,38.333333333333336,508,44,96,144,0,E3,20,20,0.0,0.7,0,0
mas_iterative,1004,default,229,20,20,115.25,13,4,96.51063829787235,38.333333333333336,406,39,88,132,0,E3,20,20,0.0,0.7,0,0
cbba,1004,default,226,20,20,112.7,12,4,92.29787234042553,38.333333333333336,341,37,929,4985,222,E3,20,20,0.0,0.7,0,0
claim,1005,default,206,20,20,103.45,14,4,88.36363636363636,52.0,341,40,44,44,0,E3,20,20,0.0,0.7,0,0
mas,1005,default,203,20,20,94.25,9,4,81.56363636363636,52.0,244,172,70,105,0,E3,20,20,0.0,0.7,0,0
mas_iterative,1005,default,203,20,20,94.25,9,4,81.56363636363636,52.0,244,172,70,105,0,E3,20,20,0.0,0.7,0,0
cbba,1005,default,172,20,20,81.05,10,4,69.36363636363636,39.5,236,59,618,3240,146,E3,20,20,0.0,0.7,0,0
claim,1006,default,239,20,20,108.75,13,4,87.41025641025641,38.0,503,43,47,47,0,E3,20,20,0.0,0.7,0,0
mas,1006,default,242,20,20,106.35,13,4,86.0,38.0,488,82,96,144,0,E3,20,20,0.0,0.7,0,0
mas_iterative,1006,default,189,20,20,95.9,13,4,75.64102564102564,28.5,287,35,78,117,0,E3,20,20,0.0,0.7,0,0
cbba,1006,default,160,20,20,76.25,8,4,61.64102564102564,28.5,114,28,544,2876,128,E3,20,20,0.0,0.7,0,0
claim,1007,default,204,20,20,103.5,11,4,86.95555555555555,33.0,398,38,42,42,0,E3,20,20,0.0,0.7,0,0
mas,1007,default,218,20,20,113.25,13,4,93.24444444444444,33.0,397,42,92,138,0,E3,20,20,0.0,0.7,0,0
mas_iterative,1007,default,218,20,20,113.25,13,4,93.24444444444444,33.0,397,42,92,138,0,E3,20,20,0.0,0.7,0,0
cbba,1007,default,137,20,20,78.55,6,4,68.13333333333334,28.0,126,27,551,2853,130,E3,20,20,0.0,0.7,0,0
claim,1008,default,265,20,20,125.25,17,4,102.2,36.25,521,43,47,47,0,E3,20,20,0.0,0.7,0,0
mas,1008,default,252,20,20,116.05,16,4,95.48,36.25,519,40,88,132,0,E3,20,20,0.0,0.7,0,0
mas_iterative,1008,default,227,20,20,114.5,15,4,94.86,36.25,323,36,82,123,0,E3,20,20,0.0,0.7,0,0
cbba,1008,default,200,20,20,103.35,9,4,86.24,30.25,245,76,578,3082,136,E3,20,20,0.0,0.7,0,0
claim,1009,default,362,20,20,155.0,13,4,122.27659574468085,33.333333333333336,726,194,51,51,0,E3,20,20,0.0,0.7,0,0
mas,1009,default,256,20,20,141.1,11,4,113.0,33.333333333333336,483,42,86,129,0,E3,20,20,0.0,0.7,0,0
mas_iterative,1009,default,308,20,20,153.5,14,4,120.51063829787235,33.333333333333336,674,42,94,141,0,E3,20,20,0.0,0.7,0,0
cbba,1009,default,234,20,20,122.0,15,4,98.17021276595744,33.333333333333336,360,39,794,4186,188,E3,20,20,0.0,0.7,0,0
claim,1010,default,305,20,20,154.3,14,4,129.8490566037736,62.8,720,56,54,54,0,E3,20,20,0.0,0.7,0,0
mas,1010,default,270,20,20,139.65,13,4,118.16981132075472,58.2,516,61,108,162,0,E3,20,20,0.0,0.7,0,0
mas_iterative,1010,default,276,20,20,131.9,15,4,109.11320754716981,47.6,616,44,98,147,0,E3,20,20,0.0,0.7,0,0
cbba,1010,default,162,20,20,78.0,6,4,65.37735849056604,37.0,155,26,578,3062,137,E3,20,20,0.0,0.7,0,0
claim,1011,default,197,20,20,96.9,13,4,78.96296296296296,39.4,305,36,40,40,0,E3,20,20,0.0,0.7,0,0
mas,1011,default,211,20,20,98.95,15,4,78.16666666666667,37.2,389,45,98,147,0,E3,20,20,0.0,0.7,0,0
mas_iterative,1011,default,199,20,20,93.4,11,4,73.66666666666667,37.2,343,45,86,129,0,E3,20,20,0.0,0.7,0,0
cbba,1011,default,160,20,20,83.1,9,4,67.25925925925925,33.0,180,34,818,4342,195,E3,20,20,0.0,0.7,0,0
claim,1012,default,194,20,20,95.9,11,4,84.43396226415095,42.0,321,52,39,39,0,E3,20,20,0.0,0.7,0,0
mas,1012,default,228,20,20,99.95,14,4,87.05660377358491,42.0,469,63,94,141,0,E3,20,20,0.0,0.7,0,0
mas_iterative,1012,default,228,20,20,99.95,14,4,87.05660377358491,42.0,469,63,94,141,0,E3,20,20,0.0,0.7,0,0
cbba,1012,default,175,20,20,86.1,10,4,76.01886792452831,41.2,238,63,675,3541,160,E3,20,20,0.0,0.7,0,0
claim,1013,default,229,20,20,121.15,14,4,99.78048780487805,nan,426,58,39,39,0,E3,20,20,0.0,0.7,0,0
mas,1013,default,178,20,20,98.95,9,4,84.04878048780488,nan,244,30,68,102,0,E3,20,20,0.0,0.7,0,0
mas_iterative,1013,default,178,20,20,98.95,9,4,84.04878048780488,nan,244,30,68,102,0,E3,20,20,0.0,0.7,0,0
cbba,1013,default,195,20,20,99.55,8,4,81.6829268292683,nan,283,38,730,3986,174,E3,20,20,0.0,0.7,0,0
claim,1014,default,252,20,20,120.05,13,4,97.92,28.5,449,117,46,46,0,E3,20,20,0.0,0.7,0,0
mas,1014,default,225,20,20,109.8,14,4,90.84,28.5,372,52,88,132,0,E3,20,20,0.0,0.7,0,0
mas_iterative,1014,default,314,20,20,126.75,14,4,100.46,28.5,756,49,110,165,0,E3,20,20,0.0,0.7,0,0
cbba,1014,default,222,20,20,100.4,11,4,82.38,28.5,387,45,799,4401,190,E3,20,20,0.0,0.7,0,0
claim,1015,default,210,20,20,108.85,11,4,94.04,34.0,286,73,34,34,0,E3,20,20,0.0,0.7,0,0
mas,1015,default,243,20,20,116.4,10,4,101.48,34.0,340,131,68,102,0,E3,20,20,0.0,0.7,0,0
mas_iterative,1015,default,243,20,20,116.4,10,4,101.48,34.0,340,131,68,102,0,E3,20,20,0.0,0.7,0,0
cbba,1015,default,222,20,20,104.45,10,4,89.7,34.0,322,77,866,4614,207,E3,20,20,0.0,0.7,0,0
claim,1016,default,189,20,20,93.25,12,4,71.78,40.166666666666664,343,40,44,44,0,E3,20,20,0.0,0.7,0,0
mas,1016,default,226,20,20,102.2,14,4,76.38,43.333333333333336,430,44,96,144,0,E3,20,20,0.0,0.7,0,0
mas_iterative,1016,default,203,20,20,99.8,15,4,75.5,43.333333333333336,405,38,86,129,0,E3,20,20,0.0,0.7,0,0
cbba,1016,default,142,20,20,70.2,5,4,55.86,35.166666666666664,76,63,696,3692,167,E3,20,20,0.0,0.7,0,0
claim,1017,default,234,20,20,101.15,12,4,88.4423076923077,41.666666666666664,446,37,41,41,0,E3,20,20,0.0,0.7,0,0
mas,1017,default,204,20,20,111.65,11,4,94.98076923076923,41.666666666666664,315,72,70,105,0,E3,20,20,0.0,0.7,0,0
mas_iterative,1017,default,204,20,20,111.65,11,4,94.98076923076923,41.666666666666664,315,72,70,105,0,E3,20,20,0.0,0.7,0,0
cbba,1017,default,185,20,20,83.2,11,4,70.78846153846153,36.0,197,122,727,3905,173,E3,20,20,0.0,0.7,0,0
claim,1018,default,293,20,20,137.4,13,4,102.79545454545455,32.666666666666664,604,42,46,46,0,E3,20,20,0.0,0.7,0,0
mas,1018,default,289,20,20,147.65,15,4,111.95454545454545,32.666666666666664,530,49,88,132,0,E3,20,20,0.0,0.7,0,0
mas_iterative,1018,default,289,20,20,147.65,15,4,111.95454545454545,32.666666666666664,530,49,88,132,0,E3,20,20,0.0,0.7,0,0
cbba,1018,default,230,20,20,110.45,9,4,85.81818181818181,32.666666666666664,252,80,694,3868,165,E3,20,20,0.0,0.7,0,0
claim,1019,default,246,20,20,107.75,12,4,92.52941176470588,32.0,474,39,43,43,0,E3,20,20,0.0,0.7,0,0
mas,1019,default,280,20,20,125.4,15,4,104.7843137254902,32.0,623,47,102,153,0,E3,20,20,0.0,0.7,0,0
mas_iterative,1019,default,286,20,20,125.7,13,4,104.76470588235294,32.0,644,46,102,153,0,E3,20,20,0.0,0.7,0,0
cbba,1019,default,210,20,20,101.25,12,4,84.98039215686275,32.0,357,37,889,4803,212,E3,20,20,0.0,0.7,0,0
claim,1020,default,295,20,20,123.6,15,4,98.6086956521739,28.5,656,53,57,57,0,E3,20,20,0.0,0.7,0,0
mas,1020,default,232,20,20,120.4,13,4,96.56521739130434,28.5,361,41,90,135,0,E3,20,20,0.0,0.7,0,0
mas_iterative,1020,default,232,20,20,119.35,13,4,96.1086956521739,28.5,343,39,90,135,0,E3,20,20,0.0,0.7,0,0
cbba,1020,default,205,20,20,111.95,11,4,91.08695652173913,28.5,285,35,620,3178,146,E3,20,20,0.0,0.7,0,0
claim,1021,default,291,20,20,116.0,14,4,92.15217391304348,35.666666666666664,643,87,52,52,0,E3,20,20,0.0,0.7,0,0
mas,1021,default,236,20,20,97.6,11,4,77.54347826086956,35.666666666666664,352,151,76,114,0,E3,20,20,0.0,0.7,0,0
mas_iterative,1021,default,236,20,20,97.6,11,4,77.54347826086956,35.666666666666664,352,151,76,114,0,E3,20,20,0.0,0.7,0,0
cbba,1021,default,190,20,20,90.55,10,4,75.8695652173913,35.666666666666664,252,33,669,3549,158,E3,20,20,0.0,0.7,0,0
claim,1022,default,278,20,20,126.9,15,4,102.27450980392157,42.25,586,73,47,47,0,E3,20,20,0.0,0.7,0,0
mas,1022,default,286,20,20,134.8,12,4,110.31372549019608,46.25,628,44,96,144,0,E3,20,20,0.0,0.7,0,0
mas_iterative,1022,default,286,20,20,134.75,12,4,110.25490196078431,46.25,629,43,96,144,0,E3,20,20,0.0,0.7,0,0
cbba,1022,default,192,20,20,89.45,9,4,73.15686274509804,36.5,236,32,520,2646,121,E3,20,20,0.0,0.7,0,0
claim,1023,default,286,20,20,149.1,16,4,122.88235294117646,38.0,584,51,47,47,0,E3,20,20,0.0,0.7,0,0
mas,1023,default,293,20,20,146.0,14,4,120.41176470588235,38.0,605,70,90,135,0,E3,20,20,0.0,0.7,0,0
mas_iterative,1023,default,293,20,20,146.0,14,4,120.41176470588235,38.0,605,70,90,135,0,E3,20,20,0.0,0.7,0,0
cbba,1023,default,230,20,20,108.0,12,4,89.13725490196079,33.333333333333336,372,38,754,4060,178,E3,20,20,0.0,0.7,0,0
claim,1024,default,258,20,20,145.5,9,4,125.83673469387755,54.333333333333336,464,97,41,41,0,E3,20,20,0.0,0.7,0,0
mas,1024,default,278,20,20,152.45,11,4,128.0612244897959,54.333333333333336,561,45,97,146,0,E3,20,20,0.0,0.7,0,0
mas_iterative,1024,default,232,20,20,113.3,11,4,95.83673469387755,41.0,404,50,88,132,0,E3,20,20,0.0,0.7,0,0
cbba,1024,default,204,20,20,107.6,7,4,89.04081632653062,29.0,288,51,682,3620,162,E3,20,20,0.0,0.7,0,0
claim,1025,default,223,20,20,105.75,13,4,84.0204081632653,41.75,452,40,44,44,0,E3,20,20,0.0,0.7,0,0
mas,1025,default,213,20,20,102.65,12,4,81.95918367346938,41.75,347,85,78,117,0,E3,20,20,0.0,0.7,0,0
mas_iterative,1025,default,213,20,20,102.65,12,4,81.95918367346938,41.75,347,85,78,117,0,E3,20,20,0.0,0.7,0,0
cbba,1025,default,151,20,20,75.6,11,4,61.42857142857143,38.5,146,46,787,4249,188,E3,20,20,0.0,0.7,0,0
claim,1026,default,278,20,20,146.75,14,4,117.58490566037736,46.333333333333336,565,92,47,47,0,E3,20,20,0.0,0.7,0,0
mas,1026,default,244,20,20,123.95,13,4,101.60377358490567,44.166666666666664,466,44,92,138,0,E3,20,20,0.0,0.7,0,0
mas_iterative,1026,default,236,20,20,121.45,14,4,99.54716981132076,44.166666666666664,410,57,88,132,0,E3,20,20,0.0,0.7,0,0
cbba,1026,default,220,20,20,107.7,10,4,87.52830188679245,40.5,358,34,766,3924,182,E3,20,20,0.0,0.7,0,0
claim,1027,default,338,20,20,164.7,15,4,129.08510638297872,54.5,741,166,53,53,0,E3,20,20,0.0,0.7,0,0
mas,1027,default,293,20,20,140.15,15,4,111.65957446808511,52.25,693,50,107,161,0,E3,20,20,0.0,0.7,0,0
mas_iterative,1027,default,258,20,20,129.3,14,4,105.36170212765957,52.0,497,43,96,144,0,E3,20,20,0.0,0.7,0,0
cbba,1027,default,214,20,20,91.55,9,4,72.34042553191489,32.5,325,36,606,3122,142,E3,20,20,0.0,0.7,0,0
claim,1028,default,318,20,20,174.9,11,4,142.1818181818182,43.0,688,68,45,45,0,E3,20,20,0.0,0.7,0,0
mas,1028,default,268,20,20,128.6,11,4,99.0909090909091,42.0,517,61,78,117,0,E3,20,20,0.0,0.7,0,0
mas_iterative,1028,default,238,20,20,125.8,10,4,98.45454545454545,41.5,437,38,82,123,0,E3,20,20,0.0,0.7,0,0
cbba,1028,default,241,20,20,110.6,8,4,85.75,27.5,350,36,580,3002,135,E3,20,20,0.0,0.7,0,0
claim,1030,default,279,20,20,130.4,16,4,98.11904761904762,48.5,615,80,49,49,0,E3,20,20,0.0,0.7,0,0
mas,1030,default,248,20,20,109.95,11,4,84.52380952380952,48.5,471,56,86,129,0,E3,20,20,0.0,0.7,0,0
mas_iterative,1030,default,248,20,20,109.95,11,4,84.52380952380952,48.5,471,56,86,129,0,E3,20,20,0.0,0.7,0,0
cbba,1030,default,188,20,20,83.1,9,4,64.57142857142857,33.5,207,37,839,4543,200,E3,20,20,0.0,0.7,0,0
claim,1031,default,241,20,20,122.0,17,4,97.07272727272728,48.857142857142854,471,53,46,46,0,E3,20,20,0.0,0.7,0,0
mas,1031,default,300,20,20,120.95,15,4,95.72727272727273,47.57142857142857,598,128,104,156,0,E3,20,20,0.0,0.7,0,0
mas_iterative,1031,default,300,20,20,120.95,15,4,95.72727272727273,47.57142857142857,598,128,104,156,0,E3,20,20,0.0,0.7,0,0
cbba,1031,default,222,20,20,92.95,9,4,72.56363636363636,35.285714285714285,262,154,700,3800,166,E3,20,20,0.0,0.7,0,0
claim,1032,default,228,20,20,122.65,11,4,98.57446808510639,34.0,422,38,42,42,0,E3,20,20,0.0,0.7,0,0
mas,1032,default,261,20,20,133.05,14,4,104.31914893617021,34.0,549,63,92,138,0,E3,20,20,0.0,0.7,0,0
mas_iterative,1032,default,254,20,20,130.8,13,4,103.36170212765957,34.0,521,60,90,135,0,E3,20,20,0.0,0.7,0,0
cbba,1032,default,189,20,20,98.35,11,4,78.82978723404256,34.0,264,37,765,3855,182,E3,20,20,0.0,0.7,0,0
claim,1033,default,298,20,20,126.2,16,4,103.68518518518519,56.2,652,45,49,49,0,E3,20,20,0.0,0.7,0,0
mas,1033,default,277,20,20,123.25,11,4,102.46296296296296,55.4,534,40,87,131,0,E3,20,20,0.0,0.7,0,0
mas_iterative,1033,default,276,20,20,123.2,11,4,102.44444444444444,55.4,532,38,87,131,0,E3,20,20,0.0,0.7,0,0
cbba,1033,default,231,20,20,97.7,6,4,81.83333333333333,53.6,242,144,620,3322,147,E3,20,20,0.0,0.7,0,0
claim,1034,default,241,20,20,119.65,15,4,92.4888888888889,48.5,434,41,45,45,0,E3,20,20,0.0,0.7,0,0
mas,1034,default,259,20,20,119.45,12,4,92.4,48.5,389,169,78,117,0,E3,20,20,0.0,0.7,0,0
mas_iterative,1034,default,259,20,20,119.45,12,4,92.4,48.5,389,169,78,117,0,E3,20,20,0.0,0.7,0,0
cbba,1034,default,253,20,20,114.7,11,4,89.95555555555555,48.5,347,164,571,3059,133,E3,20,20,0.0,0.7,0,0
claim,1035,default,288,20,20,140.1,13,4,116.74074074074075,41.2,517,157,44,44,0,E3,20,20,0.0,0.7,0,0
mas,1035,default,251,20,20,120.25,15,4,101.11111111111111,38.6,427,42,92,138,0,E3,20,20,0.0,0.7,0,0
mas_iterative,1035,default,224,20,20,118.9,13,4,100.61111111111111,38.6,371,54,84,126,0,E3,20,20,0.0,0.7,0,0
cbba,1035,default,194,20,20,88.65,11,4,75.20370370370371,38.4,216,90,615,3275,145,E3,20,20,0.0,0.7,0,0
claim,1036,default,346,20,20,149.6,16,4,113.73469387755102,44.25,784,57,53,53,0,E3,20,20,0.0,0.7,0,0
mas,1036,default,373,20,20,179.45,17,4,137.87755102040816,44.25,838,143,120,180,0,E3,20,20,0.0,0.7,0,0
mas_iterative,1036,default,358,20,20,174.9,16,4,136.0204081632653,44.25,860,58,126,189,0,E3,20,20,0.0,0.7,0,0
cbba,1036,default,221,20,20,104.4,9,4,81.14285714285714,35.25,281,49,667,3489,157,E3,20,20,0.0,0.7,0,0
claim,1037,default,255,20,20,119.45,15,4,88.17391304347827,43.2,488,45,47,47,0,E3,20,20,0.0,0.7,0,0
mas,1037,default,286,20,20,137.6,15,4,102.80434782608695,47.4,572,47,94,141,0,E3,20,20,0.0,0.7,0,0
mas_iterative,1037,default,244,20,20,112.75,10,4,85.58695652173913,38.4,418,36,82,123,0,E3,20,20,0.0,0.7,0,0
cbba,1037,default,224,20,20,110.7,13,4,84.43478260869566,38.8,349,39,725,3743,171,E3,20,20,0.0,0.7,0,0
claim,1038,default,306,20,20,115.3,13,4,92.39655172413794,46.166666666666664,703,49,53,53,0,E3,20,20,0.0,0.7,0,0
mas,1038,default,257,20,20,114.55,13,4,93.62068965517241,46.5,531,40,88,132,0,E3,20,20,0.0,0.7,0,0
mas_iterative,1038,default,257,20,20,114.55,13,4,93.62068965517241,46.5,531,40,88,132,0,E3,20,20,0.0,0.7,0,0
cbba,1038,default,230,20,20,96.85,11,4,78.89655172413794,43.666666666666664,337,41,751,3877,177,E3,20,20,0.0,0.7,0,0
claim,1039,default,236,20,20,105.2,12,4,86.89285714285714,41.166666666666664,377,37,41,41,0,E3,20,20,0.0,0.7,0,0
mas,1039,default,268,20,20,125.1,12,4,98.875,41.166666666666664,488,106,88,132,0,E3,20,20,0.0,0.7,0,0
mas_iterative,1039,default,222,20,20,110.25,13,4,89.125,41.166666666666664,335,44,88,132,0,E3,20,20,0.0,0.7,0,0
cbba,1039,default,197,20,20,87.7,7,4,72.44642857142857,32.5,112,140,580,3186,138,E3,20,20,0.0,0.7,0,0
claim,1040,default,260,20,20,122.45,16,4,101.08163265306122,46.0,564,46,50,50,0,E3,20,20,0.0,0.7,0,0
mas,1040,default,260,20,20,129.4,14,4,107.06122448979592,46.0,551,48,103,155,0,E3,20,20,0.0,0.7,0,0
mas_iterative,1040,default,260,20,20,129.4,14,4,107.06122448979592,46.0,551,48,103,155,0,E3,20,20,0.0,0.7,0,0
cbba,1040,default,223,20,20,104.9,10,4,92.14285714285714,46.0,375,34,674,3662,159,E3,20,20,0.0,0.7,0,0
claim,1041,default,249,20,20,120.1,10,4,95.42,36.5,478,41,41,41,0,E3,20,20,0.0,0.7,0,0
mas,1041,default,238,20,20,114.45,9,4,91.7,36.5,352,102,76,114,0,E3,20,20,0.0,0.7,0,0
mas_iterative,1041,default,230,20,20,110.65,10,4,88.98,36.5,338,96,70,105,0,E3,20,20,0.0,0.7,0,0
cbba,1041,default,217,20,20,103.6,11,4,82.3,36.5,385,37,752,3998,178,E3,20,20,0.0,0.7,0,0
claim,1042,default,235,20,20,110.1,15,4,88.53846153846153,38.4,488,43,47,47,0,E3,20,20,0.0,0.7,0,0
mas,1042,default,280,20,20,113.1,15,4,88.9423076923077,38.4,536,49,106,159,0,E3,20,20,0.0,0.7,0,0
mas_iterative,1042,default,262,20,20,111.45,15,4,87.73076923076923,38.4,558,48,106,159,0,E3,20,20,0.0,0.7,0,0
cbba,1042,default,219,20,20,98.55,12,4,79.6923076923077,37.2,381,44,743,3813,175,E3,20,20,0.0,0.7,0,0
claim,1043,default,218,20,20,104.8,13,4,78.92105263157895,31.0,378,57,41,41,0,E3,20,20,0.0,0.7,0,0
mas,1043,default,257,20,20,124.4,16,4,92.34210526315789,31.0,498,61,92,138,0,E3,20,20,0.0,0.7,0,0
mas_iterative,1043,default,248,20,20,117.5,15,4,88.71052631578948,31.0,478,43,96,144,0,E3,20,20,0.0,0.7,0,0
cbba,1043,default,165,20,20,77.2,6,4,59.21052631578947,31.0,96,93,581,3177,138,E3,20,20,0.0,0.7,0,0
claim,1044,default,247,20,20,127.45,13,4,108.68,51.25,462,96,43,43,0,E3,20,20,0.0,0.7,0,0
mas,1044,default,252,20,20,130.4,12,4,108.8,51.25,473,82,88,132,0,E3,20,20,0.0,0.7,0,0
mas_iterative,1044,default,239,20,20,126.55,12,4,106.8,51.25,448,49,92,138,0,E3,20,20,0.0,0.7,0,0
cbba,1044,default,201,20,20,93.4,10,4,79.22,39.5,234,51,740,3966,176,E3,20,20,0.0,0.7,0,0
claim,1045,default,275,20,20,130.45,10,4,101.5,37.75,504,103,40,40,0,E3,20,20,0.0,0.7,0,0
mas,1045,default,334,20,20,149.4,14,4,114.82692307692308,39.0,803,48,104,156,0,E3,20,20,0.0,0.7,0,0
mas_iterative,1045,default,334,20,20,149.4,14,4,114.82692307692308,39.0,803,48,104,156,0,E3,20,20,0.0,0.7,0,0
cbba,1045,default,261,20,20,108.3,8,4,85.21153846153847,32.0,347,154,594,3036,139,E3,20,20,0.0,0.7,0,0
claim,1046,default,259,20,20,125.4,15,4,106.0,55.8,501,44,48,48,0,E3,20,20,0.0,0.7,0,0
mas,1046,default,281,20,20,121.25,15,4,100.86792452830188,53.4,591,58,100,150,0,E3,20,20,0.0,0.7,0,0
mas_iterative,1046,default,277,20,20,124.3,13,4,102.52830188679245,54.0,564,44,100,150,0,E3,20,20,0.0,0.7,0,0
cbba,1046,default,241,20,20,112.2,13,4,95.13207547169812,50.8,426,46,692,3510,162,E3,20,20,0.0,0.7,0,0
claim,1047,default,210,20,20,102.85,13,4,83.31111111111112,43.0,375,37,41,41,0,E3,20,20,0.0,0.7,0,0
mas,1047,default,257,20,20,131.5,15,4,100.2,43.0,577,51,110,165,0,E3,20,20,0.0,0.7,0,0
mas_iterative,1047,default,184,20,20,95.3,14,4,77.77777777777777,43.0,257,37,86,129,0,E3,20,20,0.0,0.7,0,0
cbba,1047,default,176,20,20,83.9,8,4,67.75555555555556,28.0,256,33,664,3506,157,E3,20,20,0.0,0.7,0,0
claim,1048,default,302,20,20,154.55,15,4,130.93617021276594,56.0,672,47,51,51,0,E3,20,20,0.0,0.7,0,0
mas,1048,default,284,20,20,153.15,16,4,130.85106382978722,56.0,611,45,98,147,0,E3,20,20,0.0,0.7,0,0
mas_iterative,1048,default,284,20,20,153.15,16,4,130.85106382978722,56.0,611,45,98,147,0,E3,20,20,0.0,0.7,0,0
cbba,1048,default,199,20,20,97.25,10,4,83.38297872340425,30.0,295,37,809,4363,192,E3,20,20,0.0,0.7,0,0
claim,1049,default,375,20,20,145.85,16,4,122.34545454545454,39.333333333333336,931,56,60,60,0,E3,20,20,0.0,0.7,0,0
mas,1049,default,239,20,20,117.15,14,4,102.27272727272727,39.333333333333336,298,35,78,117,0,E3,20,20,0.0,0.7,0,0
mas_iterative,1049,default,239,20,20,117.15,14,4,102.27272727272727,39.333333333333336,298,35,78,117,0,E3,20,20,0.0,0.7,0,0
cbba,1049,default,228,20,20,100.45,8,4,87.8,31.666666666666668,260,138,732,4008,175,E3,20,20,0.0,0.7,0,0
claim,1050,default,277,20,20,111.8,13,4,86.95833333333333,44.0,566,44,48,48,0,E3,20,20,0.0,0.7,0,0
mas,1050,default,236,20,20,117.95,11,4,93.375,44.0,443,48,92,138,0,E3,20,20,0.0,0.7,0,0
mas_iterative,1050,default,250,20,20,113.45,12,4,91.35416666666667,44.0,380,118,86,129,0,E3,20,20,0.0,0.7,0,0
cbba,1050,default,218,20,20,101.5,9,4,78.35416666666667,38.75,266,139,680,3670,161,E3,20,20,0.0,0.7,0,0
claim,1051,default,285,20,20,153.2,17,4,121.44444444444444,38.5,593,49,53,53,0,E3,20,20,0.0,0.7,0,0
mas,1051,default,250,20,20,141.85,13,4,114.15555555555555,38.5,481,44,92,138,0,E3,20,20,0.0,0.7,0,0
mas_iterative,1051,default,247,20,20,124.6,11,4,101.93333333333334,38.5,420,66,82,123,0,E3,20,20,0.0,0.7,0,0
cbba,1051,default,210,20,20,105.35,10,4,84.33333333333333,28.0,301,42,627,3323,147,E3,20,20,0.0,0.7,0,0
claim,1052,default,269,20,20,144.3,15,4,118.26086956521739,41.0,572,49,50,50,0,E3,20,20,0.0,0.7,0,0
mas,1052,default,222,20,20,107.1,11,4,89.3695652173913,38.0,385,36,80,120,0,E3,20,20,0.0,0.7,0,0
mas_iterative,1052,default,215,20,20,112.8,10,4,92.32608695652173,38.0,314,36,84,126,0,E3,20,20,0.0,0.7,0,0
cbba,1052,default,207,20,20,96.6,12,4,78.04347826086956,28.0,248,87,741,4027,176,E3,20,20,0.0,0.7,0,0
claim,1053,default,245,20,20,117.85,14,4,96.31372549019608,41.8,479,45,49,49,0,E3,20,20,0.0,0.7,0,0
mas,1053,default,275,20,20,129.25,14,4,108.68627450980392,50.8,585,79,96,144,0,E3,20,20,0.0,0.7,0,0
mas_iterative,1053,default,253,20,20,127.5,14,4,107.74509803921569,50.8,519,41,94,141,0,E3,20,20,0.0,0.7,0,0
cbba,1053,default,167,20,20,86.45,4,4,72.2156862745098,37.6,137,25,629,3383,150,E3,20,20,0.0,0.7,0,0
claim,1054,default,280,20,20,133.9,12,4,112.02272727272727,41.0,587,43,47,47,0,E3,20,20,0.0,0.7,0,0
mas,1054,default,259,20,20,115.1,13,4,95.63636363636364,41.0,495,40,88,132,0,E3,20,20,0.0,0.7,0,0
mas_iterative,1054,default,220,20,20,109.3,12,4,92.1590909090909,41.0,342,36,82,123,0,E3,20,20,0.0,0.7,0,0
cbba,1054,default,233,20,20,110.15,11,4,93.52272727272727,37.0,262,155,747,4019,178,E3,20,20,0.0,0.7,0,0
claim,1055,default,236,20,20,113.75,12,4,95.88679245283019,44.25,448,36,40,40,0,E3,20,20,0.0,0.7,0,0
mas,1055,default,209,20,20,105.35,12,4,90.28301886792453,44.25,295,76,76,114,0,E3,20,20,0.0,0.7,0,0
mas_iterative,1055,default,209,20,20,105.35,12,4,90.28301886792453,44.25,295,76,76,114,0,E3,20,20,0.0,0.7,0,0
cbba,1055,default,180,20,20,91.4,8,4,77.33962264150944,33.25,226,30,790,4146,189,E3,20,20,0.0,0.7,0,0
claim,1056,default,259,20,20,131.55,16,4,105.15094339622641,48.6,568,47,51,51,0,E3,20,20,0.0,0.7,0,0
mas,1056,default,214,20,20,105.0,15,4,84.54716981132076,44.4,405,47,102,153,0,E3,20,20,0.0,0.7,0,0
mas_iterative,1056,default,281,20,20,114.3,13,4,88.77358490566037,40.6,611,46,106,159,0,E3,20,20,0.0,0.7,0,0
cbba,1056,default,199,20,20,103.15,12,4,84.50943396226415,40.6,314,57,793,4375,188,E3,20,20,0.0,0.7,0,0
claim,1057,default,263,20,20,139.25,12,4,114.89473684210526,51.833333333333336,503,52,42,42,0,E3,20,20,0.0,0.7,0,0
mas,1057,default,256,20,20,125.35,16,4,102.10526315789474,47.5,462,64,88,132,0,E3,20,20,0.0,0.7,0,0
mas_iterative,1057,default,255,20,20,122.05,15,4,100.50877192982456,47.5,487,41,92,138,0,E3,20,20,0.0,0.7,0,0
cbba,1057,default,179,20,20,93.4,9,4,78.45614035087719,41.166666666666664,186,54,690,3836,165,E3,20,20,0.0,0.7,0,0
claim,1058,default,256,20,20,133.75,13,4,112.09803921568627,38.5,468,53,41,41,0,E3,20,20,0.0,0.7,0,0
mas,1058,default,287,20,20,141.65,15,4,116.98039215686275,38.5,592,45,98,147,0,E3,20,20,0.0,0.7,0,0
mas_iterative,1058,default,287,20,20,141.65,15,4,116.98039215686275,38.5,592,45,98,147,0,E3,20,20,0.0,0.7,0,0
cbba,1058,default,220,20,20,111.95,10,4,93.74509803921569,32.0,310,36,831,4475,198,E3,20,20,0.0,0.7,0,0
claim,1059,default,264,20,20,129.1,11,4,103.09615384615384,47.8,489,119,43,43,0,E3,20,20,0.0,0.7,0,0
mas,1059,default,272,20,20,137.95,12,4,110.32692307692308,52.4,528,116,82,123,0,E3,20,20,0.0,0.7,0,0
mas_iterative,1059,default,271,20,20,137.85,12,4,110.28846153846153,52.4,528,112,82,123,0,E3,20,20,0.0,0.7,0,0
cbba,1059,default,190,20,20,97.25,10,4,79.17307692307692,35.0,255,49,612,3214,144,E3,20,20,0.0,0.7,0,0
claim,1060,default,217,20,20,99.95,13,4,79.47826086956522,41.0,336,96,40,40,0,E3,20,20,0.0,0.7,0,0
mas,1060,default,222,20,20,92.85,11,4,73.73913043478261,41.0,416,38,80,120,0,E3,20,20,0.0,0.7,0,0
mas_iterative,1060,default,221,20,20,92.6,11,4,73.56521739130434,41.0,413,37,80,120,0,E3,20,20,0.0,0.7,0,0
cbba,1060,default,220,20,20,94.8,10,4,72.02173913043478,33.0,356,81,721,3613,170,E3,20,20,0.0,0.7,0,0
claim,1061,default,256,20,20,140.9,12,4,118.16666666666667,56.333333333333336,459,38,42,42,0,E3,20,20,0.0,0.7,0,0
mas,1061,default,275,20,20,136.95,13,4,115.41666666666667,56.333333333333336,588,42,92,138,0,E3,20,20,0.0,0.7,0,0
mas_iterative,1061,default,251,20,20,137.7,13,4,114.9375,56.333333333333336,437,115,84,126,0,E3,20,20,0.0,0.7,0,0
cbba,1061,default,210,20,20,108.9,10,4,89.9375,40.333333333333336,317,33,737,3855,175,E3,20,20,0.0,0.7,0,0
claim,1062,default,242,20,20,119.9,12,4,105.33898305084746,44.4,405,90,46,46,0,E3,20,20,0.0,0.7,0,0
mas,1062,default,251,20,20,121.0,13,4,105.96610169491525,44.4,468,43,94,141,0,E3,20,20,0.0,0.7,0,0
mas_iterative,1062,default,250,20,20,120.95,12,4,105.9322033898305,44.4,465,42,94,141,0,E3,20,20,0.0,0.7,0,0
cbba,1062,default,191,20,20,100.4,9,4,88.7457627118644,40.2,201,35,650,3572,154,E3,20,20,0.0,0.7,0,0
claim,1063,default,234,20,20,124.85,13,4,104.24528301886792,51.2,494,40,44,44,0,E3,20,20,0.0,0.7,0,0
mas,1063,default,235,20,20,123.55,15,4,102.98113207547169,51.2,499,54,92,138,0,E3,20,20,0.0,0.7,0,0
mas_iterative,1063,default,270,20,20,124.15,16,4,102.77358490566037,51.2,620,65,100,150,0,E3,20,20,0.0,0.7,0,0
cbba,1063,default,222,20,20,92.85,10,4,76.73584905660377,33.8,395,53,795,3979,189,E3,20,20,0.0,0.7,0,0
claim,1064,default,240,20,20,104.85,13,4,81.60714285714286,52.333333333333336,503,40,44,44,0,E3,20,20,0.0,0.7,0,0
mas,1064,default,244,20,20,113.8,12,4,91.10714285714286,52.666666666666664,508,41,90,135,0,E3,20,20,0.0,0.7,0,0
mas_iterative,1064,default,244,20,20,113.75,12,4,91.07142857142857,52.666666666666664,509,40,90,135,0,E3,20,20,0.0,0.7,0,0
cbba,1064,default,198,20,20,88.8,9,4,70.03571428571429,44.0,297,76,702,3740,167,E3,20,20,0.0,0.7,0,0
claim,1065,default,197,20,20,98.25,12,4,80.10416666666667,38.0,381,38,42,42,0,E3,20,20,0.0,0.7,0,0
mas,1065,default,185,20,20,93.3,13,4,78.8125,38.0,282,97,84,126,0,E3,20,20,0.0,0.7,0,0
mas_iterative,1065,default,185,20,20,93.3,13,4,78.8125,38.0,282,97,84,126,0,E3,20,20,0.0,0.7,0,0
cbba,1065,default,183,20,20,88.15,10,4,73.85416666666667,34.0,282,33,517,2619,120,E3,20,20,0.0,0.7,0,0
claim,1066,default,229,20,20,111.05,12,4,88.67272727272727,44.142857142857146,435,39,43,43,0,E3,20,20,0.0,0.7,0,0
mas,1066,default,233,20,20,122.25,15,4,94.96363636363637,41.285714285714285,447,51,98,147,0,E3,20,20,0.0,0.7,0,0
mas_iterative,1066,default,217,20,20,113.8,13,4,89.67272727272727,41.285714285714285,345,101,86,129,0,E3,20,20,0.0,0.7,0,0
cbba,1066,default,200,20,20,87.8,10,4,70.21818181818182,38.285714285714285,320,39,620,3192,145,E3,20,20,0.0,0.7,0,0
claim,1067,default,260,20,20,128.1,13,4,103.25,44.25,514,39,43,43,0,E3,20,20,0.0,0.7,0,0
mas,1067,default,264,20,20,122.95,12,4,97.14583333333333,35.5,503,40,88,132,0,E3,20,20,0.0,0.7,0,0
mas_iterative,1067,default,239,20,20,113.55,11,4,91.20833333333333,35.25,399,37,82,123,0,E3,20,20,0.0,0.7,0,0
cbba,1067,default,236,20,20,112.95,11,4,89.77083333333333,35.5,333,109,634,3462,149,E3,20,20,0.0,0.7,0,0
claim,1068,default,407,20,20,147.7,16,4,115.92592592592592,38.0,1087,57,61,61,0,E3,20,20,0.0,0.7,0,0
mas,1068,default,249,20,20,119.55,16,4,99.05555555555556,38.0,449,61,90,135,0,E3,20,20,0.0,0.7,0,0
mas_iterative,1068,default,249,20,20,119.55,16,4,99.05555555555556,38.0,449,61,90,135,0,E3,20,20,0.0,0.7,0,0
cbba,1068,default,214,20,20,92.95,8,4,76.29629629629629,28.2,324,50,591,3223,139,E3,20,20,0.0,0.7,0,0
claim,1069,default,235,20,20,101.9,13,4,83.40384615384616,44.6,368,113,37,37,0,E3,20,20,0.0,0.7,0,0
mas,1069,default,225,20,20,103.3,10,4,84.26923076923077,37.0,382,37,82,123,0,E3,20,20,0.0,0.7,0,0
mas_iterative,1069,default,225,20,20,103.25,10,4,84.1923076923077,36.8,383,36,82,123,0,E3,20,20,0.0,0.7,0,0
cbba,1069,default,190,20,20,94.45,12,4,75.84615384615384,31.2,205,34,745,4059,177,E3,20,20,0.0,0.7,0,0
claim,1070,default,247,20,20,108.6,13,4,91.55737704918033,49.0,414,39,43,43,0,E3,20,20,0.0,0.7,0,0
mas,1070,default,225,20,20,107.95,12,4,92.31147540983606,49.285714285714285,397,36,80,120,0,E3,20,20,0.0,0.7,0,0
mas_iterative,1070,default,225,20,20,107.95,12,4,92.31147540983606,49.285714285714285,397,36,80,120,0,E3,20,20,0.0,0.7,0,0
cbba,1070,default,213,20,20,98.2,10,4,83.52459016393442,41.285714285714285,286,33,784,4194,187,E3,20,20,0.0,0.7,0,0
claim,1071,default,235,20,20,113.0,13,4,86.96078431372548,37.2,354,36,40,40,0,E3,20,20,0.0,0.7,0,0
mas,1071,default,280,20,20,130.4,14,4,100.98039215686275,39.8,572,47,94,141,0,E3,20,20,0.0,0.7,0,0
mas_iterative,1071,default,246,20,20,128.7,14,4,100.31372549019608,39.8,432,40,90,135,0,E3,20,20,0.0,0.7,0,0
cbba,1071,default,239,20,20,104.6,8,4,80.6470588235294,33.2,303,144,629,3277,149,E3,20,20,0.0,0.7,0,0
claim,1072,default,294,20,20,128.45,15,4,115.61818181818182,62.75,700,51,55,55,0,E3,20,20,0.0,0.7,0,0
mas,1072,default,311,20,20,138.8,14,4,123.41818181818182,62.75,776,56,119,179,0,E3,20,20,0.0,0.7,0,0
mas_iterative,1072,default,310,20,20,138.5,14,4,123.2,62.75,774,54,119,179,0,E3,20,20,0.0,0.7,0,0
cbba,1072,default,201,20,20,82.15,10,4,72.4,34.75,329,73,838,4532,200,E3,20,20,0.0,0.7,0,0
claim,1073,default,300,20,20,162.0,17,4,124.18367346938776,39.0,703,49,53,53,0,E3,20,20,0.0,0.7,0,0
mas,1073,default,289,20,20,138.6,14,4,109.75510204081633,39.0,666,46,100,150,0,E3,20,20,0.0,0.7,0,0
mas_iterative,1073,default,289,20,20,138.6,14,4,109.75510204081633,39.0,666,46,100,150,0,E3,20,20,0.0,0.7,0,0
cbba,1073,default,178,20,20,93.55,10,4,78.3265306122449,39.0,244,31,483,2473,112,E3,20,20,0.0,0.7,0,0
claim,1074,default,218,20,20,110.6,12,4,92.0,46.2,385,36,40,40,0,E3,20,20,0.0,0.7,0,0
mas,1074,default,245,20,20,112.55,14,4,91.25,44.6,495,42,92,138,0,E3,20,20,0.0,0.7,0,0
mas_iterative,1074,default,219,20,20,111.25,14,4,90.75,44.6,386,40,90,135,0,E3,20,20,0.0,0.7,0,0
cbba,1074,default,176,20,20,90.1,9,4,73.96153846153847,40.6,242,37,611,3321,144,E3,20,20,0.0,0.7,0,0
claim,1075,default,225,20,20,119.75,12,4,95.02127659574468,43.0,314,34,38,38,0,E3,20,20,0.0,0.7,0,0
mas,1075,default,252,20,20,119.75,11,4,91.48936170212765,43.0,480,37,82,123,0,E3,20,20,0.0,0.7,0,0
mas_iterative,1075,default,252,20,20,119.75,11,4,91.48936170212765,43.0,480,37,82,123,0,E3,20,20,0.0,0.7,0,0
cbba,1075,default,248,20,20,117.4,12,4,88.02127659574468,35.333333333333336,371,38,646,3358,151,E3,20,20,0.0,0.7,0,0
claim,1076,default,314,20,20,163.95,16,4,122.22916666666667,46.2,701,50,54,54,0,E3,20,20,0.0,0.7,0,0
mas,1076,default,302,20,20,155.05,15,4,115.85416666666667,46.2,659,49,106,159,0,E3,20,20,0.0,0.7,0,0
mas_iterative,1076,default,283,20,20,126.05,14,4,96.3125,46.2,565,47,106,159,0,E3,20,20,0.0,0.7,0,0
cbba,1076,default,219,20,20,104.85,8,4,79.3125,32.6,205,85,838,4602,201,E3,20,20,0.0,0.7,0,0
claim,1077,default,235,20,20,117.35,15,4,87.34545454545454,46.625,409,51,42,42,0,E3,20,20,0.0,0.7,0,0
mas,1077,default,212,20,20,109.05,12,4,83.52727272727273,43.125,335,34,76,114,0,E3,20,20,0.0,0.7,0,0
mas_iterative,1077,default,228,20,20,113.0,12,4,86.30909090909091,46.875,404,36,82,123,0,E3,20,20,0.0,0.7,0,0
cbba,1077,default,192,20,20,95.7,11,4,73.10909090909091,42.625,230,42,744,4074,177,E3,20,20,0.0,0.7,0,0
claim,1078,default,235,20,20,118.05,14,4,90.73913043478261,40.666666666666664,428,51,43,43,0,E3,20,20,0.0,0.7,0,0
mas,1078,default,217,20,20,112.3,11,4,88.82608695652173,40.666666666666664,317,35,78,117,0,E3,20,20,0.0,0.7,0,0
mas_iterative,1078,default,217,20,20,112.2,11,4,88.78260869565217,40.666666666666664,318,34,78,117,0,E3,20,20,0.0,0.7,0,0
cbba,1078,default,169,20,20,81.7,8,4,64.32608695652173,40.333333333333336,187,39,678,3578,161,E3,20,20,0.0,0.7,0,0
claim,1079,default,269,20,20,125.75,15,4,94.64,38.5,605,44,48,48,0,E3,20,20,0.0,0.7,0,0
mas,1079,default,215,20,20,102.9,11,4,79.9,38.5,366,34,76,114,0,E3,20,20,0.0,0.7,0,0
mas_iterative,1079,default,211,20,20,101.95,11,4,80.92,38.5,327,33,76,114,0,E3,20,20,0.0,0.7,0,0
cbba,1079,default,204,20,20,101.9,13,4,80.16,36.0,291,50,844,4530,201,E3,20,20,0.0,0.7,0,0
claim,1080,default,258,20,20,113.25,15,4,92.68888888888888,35.333333333333336,482,43,47,47,0,E3,20,20,0.0,0.7,0,0
mas,1080,default,224,20,20,92.9,13,4,77.66666666666667,35.333333333333336,401,65,84,126,0,E3,20,20,0.0,0.7,0,0
mas_iterative,1080,default,224,20,20,92.9,13,4,77.66666666666667,35.333333333333336,401,65,84,126,0,E3,20,20,0.0,0.7,0,0
cbba,1080,default,185,20,20,84.05,10,4,69.11111111111111,35.666666666666664,241,46,798,4258,190,E3,20,20,0.0,0.7,0,0
claim,1081,default,282,20,20,132.35,14,4,99.82978723404256,29.333333333333332,632,58,51,51,0,E3,20,20,0.0,0.7,0,0
mas,1081,default,215,20,20,106.35,13,4,83.29787234042553,29.333333333333332,343,66,80,120,0,E3,20,20,0.0,0.7,0,0
mas_iterative,1081,default,215,20,20,105.45,13,4,82.91489361702128,29.333333333333332,357,77,78,117,0,E3,20,20,0.0,0.7,0,0
cbba,1081,default,178,20,20,85.85,7,4,68.65957446808511,29.333333333333332,224,30,697,3699,166,E3,20,20,0.0,0.7,0,0
claim,1082,default,249,20,20,118.55,14,4,89.41666666666667,35.25,472,73,45,45,0,E3,20,20,0.0,0.7,0,0
mas,1082,default,243,20,20,124.8,15,4,93.75,35.25,477,51,90,135,0,E3,20,20,0.0,0.7,0,0
mas_iterative,1082,default,242,20,20,124.75,15,4,93.72916666666667,35.25,477,48,90,135,0,E3,20,20,0.0,0.7,0,0
cbba,1082,default,192,20,20,96.15,11,4,75.6875,32.0,233,47,589,3121,139,E3,20,20,0.0,0.7,0,0
claim,1083,default,332,20,20,134.0,12,4,101.75555555555556,35.75,790,43,47,47,0,E3,20,20,0.0,0.7,0,0
mas,1083,default,238,20,20,104.7,13,4,80.84444444444445,35.75,414,52,82,123,0,E3,20,20,0.0,0.7,0,0
mas_iterative,1083,default,231,20,20,104.05,14,4,80.55555555555556,35.75,400,43,80,120,0,E3,20,20,0.0,0.7,0,0
cbba,1083,default,187,20,20,87.7,6,4,68.28888888888889,29.75,173,86,456,2430,107,E3,20,20,0.0,0.7,0,0
claim,1084,default,242,20,20,123.15,11,4,104.53571428571429,48.666666666666664,383,83,40,40,0,E3,20,20,0.0,0.7,0,0
mas,1084,default,279,20,20,140.0,17,4,118.10714285714286,51.166666666666664,601,48,104,156,0,E3,20,20,0.0,0.7,0,0
mas_iterative,1084,default,279,20,20,130.8,13,4,109.69642857142857,45.5,532,84,96,144,0,E3,20,20,0.0,0.7,0,0
cbba,1084,default,221,20,20,98.7,8,4,83.42857142857143,37.5,259,112,638,3230,151,E3,20,20,0.0,0.7,0,0
claim,1085,default,284,20,20,114.7,14,4,93.11764705882354,40.75,620,87,51,51,0,E3,20,20,0.0,0.7,0,0
mas,1085,default,245,20,20,126.2,15,4,100.23529411764706,40.75,466,84,88,132,0,E3,20,20,0.0,0.7,0,0
mas_iterative,1085,default,242,20,20,121.7,17,4,96.15686274509804,40.75,480,64,102,153,0,E3,20,20,0.0,0.7,0,0
cbba,1085,default,174,20,20,81.6,9,4,64.76470588235294,31.75,205,44,584,2944,138,E3,20,20,0.0,0.7,0,0
claim,1086,default,251,20,20,120.45,13,4,96.66666666666667,39.25,473,96,40,40,0,E3,20,20,0.0,0.7,0,0
mas,1086,default,243,20,20,111.95,14,4,88.89583333333333,39.25,492,44,96,144,0,E3,20,20,0.0,0.7,0,0
mas_iterative,1086,default,238,20,20,111.4,14,4,89.60416666666667,39.25,462,42,96,144,0,E3,20,20,0.0,0.7,0,0
cbba,1086,default,165,20,20,85.85,9,4,69.8125,33.75,175,29,637,3433,151,E3,20,20,0.0,0.7,0,0
claim,1087,default,230,20,20,87.0,11,4,71.97560975609755,30.0,405,36,40,40,0,E3,20,20,0.0,0.7,0,0
mas,1087,default,251,20,20,91.35,11,4,74.41463414634147,30.0,563,49,102,153,0,E3,20,20,0.0,0.7,0,0
mas_iterative,1087,default,209,20,20,87.45,10,4,72.48780487804878,30.0,399,37,86,129,0,E3,20,20,0.0,0.7,0,0
cbba,1087,default,178,20,20,81.1,10,4,67.17073170731707,30.0,216,39,840,4404,200,E3,20,20,0.0,0.7,0,0
claim,1088,default,203,20,20,117.15,13,4,93.30434782608695,49.0,428,39,43,43,0,E3,20,20,0.0,0.7,0,0
mas,1088,default,195,20,20,117.25,13,4,93.58695652173913,49.0,391,39,86,129,0,E3,20,20,0.0,0.7,0,0
mas_iterative,1088,default,195,20,20,117.25,13,4,93.58695652173913,49.0,391,39,86,129,0,E3,20,20,0.0,0.7,0,0
cbba,1088,default,176,20,20,81.05,10,4,63.06521739130435,35.5,166,33,781,4193,186,E3,20,20,0.0,0.7,0,0
claim,1090,default,289,20,20,115.9,15,4,91.38461538461539,27.0,649,48,52,52,0,E3,20,20,0.0,0.7,0,0
mas,1090,default,233,20,20,106.1,13,4,85.94871794871794,27.0,407,39,86,129,0,E3,20,20,0.0,0.7,0,0
mas_iterative,1090,default,233,20,20,106.1,13,4,85.94871794871794,27.0,407,39,86,129,0,E3,20,20,0.0,0.7,0,0
cbba,1090,default,208,20,20,106.0,14,4,86.3076923076923,27.0,319,53,723,3811,171,E3,20,20,0.0,0.7,0,0
claim,1091,default,346,20,20,155.05,15,4,124.34042553191489,47.0,704,160,47,47,0,E3,20,20,0.0,0.7,0,0
mas,1091,default,226,20,20,127.7,9,4,106.04255319148936,47.0,288,84,68,102,0,E3,20,20,0.0,0.7,0,0
mas_iterative,1091,default,226,20,20,127.7,9,4,106.04255319148936,47.0,288,84,68,102,0,E3,20,20,0.0,0.7,0,0
cbba,1091,default,238,20,20,118.8,11,4,98.06382978723404,47.0,371,41,728,3834,173,E3,20,20,0.0,0.7,0,0
claim,1092,default,203,20,20,118.1,11,4,105.59615384615384,37.666666666666664,297,33,37,37,0,E3,20,20,0.0,0.7,0,0
mas,1092,default,247,20,20,129.5,14,4,112.3076923076923,37.666666666666664,533,45,98,147,0,E3,20,20,0.0,0.7,0,0
mas_iterative,1092,default,252,20,20,127.1,13,4,110.6923076923077,37.666666666666664,470,40,94,141,0,E3,20,20,0.0,0.7,0,0
cbba,1092,default,210,20,20,113.2,8,4,100.82692307692308,37.333333333333336,291,64,683,3625,162,E3,20,20,0.0,0.7,0,0
claim,1093,default,332,20,20,136.0,16,4,106.61538461538461,35.0,808,53,57,57,0,E3,20,20,0.0,0.7,0,0
mas,1093,default,256,20,20,109.85,12,4,90.34615384615384,35.0,494,41,90,135,0,E3,20,20,0.0,0.7,0,0
mas_iterative,1093,default,256,20,20,109.85,12,4,90.34615384615384,35.0,494,41,90,135,0,E3,20,20,0.0,0.7,0,0
cbba,1093,default,197,20,20,93.05,7,4,76.78846153846153,27.666666666666668,284,32,691,3765,164,E3,20,20,0.0,0.7,0,0
claim,1094,default,309,20,20,161.55,14,4,140.54716981132074,51.333333333333336,676,49,53,53,0,E3,20,20,0.0,0.7,0,0
mas,1094,default,309,20,20,163.8,16,4,142.20754716981133,51.333333333333336,684,49,106,159,0,E3,20,20,0.0,0.7,0,0
mas_iterative,1094,default,309,20,20,163.8,16,4,142.20754716981133,51.333333333333336,684,49,106,159,0,E3,20,20,0.0,0.7,0,0
cbba,1094,default,205,20,20,101.85,11,4,87.9245283018868,38.333333333333336,280,35,605,3181,142,E3,20,20,0.0,0.7,0,0
claim,1095,default,258,20,20,113.0,13,4,94.80701754385964,44.5,485,81,45,45,0,E3,20,20,0.0,0.7,0,0
mas,1095,default,218,20,20,106.2,13,4,91.33333333333333,42.0,409,42,92,138,0,E3,20,20,0.0,0.7,0,0
mas_iterative,1095,default,218,20,20,106.15,13,4,91.29824561403508,42.0,410,41,92,138,0,E3,20,20,0.0,0.7,0,0
cbba,1095,default,197,20,20,94.7,7,4,81.40350877192982,40.333333333333336,277,34,715,3701,170,E3,20,20,0.0,0.7,0,0
claim,1096,default,283,20,20,143.4,14,4,109.29166666666667,45.8,515,42,46,46,0,E3,20,20,0.0,0.7,0,0
mas,1096,default,328,20,20,159.35,14,4,117.625,45.8,677,46,100,150,0,E3,20,20,0.0,0.7,0,0
mas_iterative,1096,default,296,20,20,144.45,13,4,106.58333333333333,38.4,624,43,98,147,0,E3,20,20,0.0,0.7,0,0
cbba,1096,default,199,20,20,102.85,9,4,78.5,37.8,230,31,775,4291,185,E3,20,20,0.0,0.7,0,0
claim,1097,default,323,20,20,151.0,13,4,112.86363636363636,38.0,743,52,56,56,0,E3,20,20,0.0,0.7,0,0
mas,1097,default,304,20,20,140.05,14,4,103.81818181818181,39.0,602,115,106,159,0,E3,20,20,0.0,0.7,0,0
mas_iterative,1097,default,257,20,20,122.95,10,4,92.1590909090909,32.25,372,69,80,120,0,E3,20,20,0.0,0.7,0,0
cbba,1097,default,186,20,20,94.95,9,4,71.4090909090909,32.25,246,35,744,3950,177,E3,20,20,0.0,0.7,0,0
claim,1098,default,302,20,20,139.6,12,4,107.01960784313725,46.0,589,114,43,43,0,E3,20,20,0.0,0.7,0,0
mas,1098,default,316,20,20,125.2,14,4,99.92156862745098,46.0,606,130,108,162,0,E3,20,20,0.0,0.7,0,0
mas_iterative,1098,default,314,20,20,124.85,14,4,99.68627450980392,46.0,601,128,108,162,0,E3,20,20,0.0,0.7,0,0
cbba,1098,default,221,20,20,111.55,12,4,90.29411764705883,46.0,340,36,744,3908,176,E3,20,20,0.0,0.7,0,0
claim,1099,default,332,20,20,161.45,16,4,124.85106382978724,44.0,833,55,59,59,0,E3,20,20,0.0,0.7,0,0
mas,1099,default,266,20,20,119.6,13,4,95.17021276595744,44.0,452,166,94,141,0,E3,20,20,0.0,0.7,0,0
mas_iterative,1099,default,224,20,20,117.35,13,4,94.14893617021276,44.0,406,40,92,138,0,E3,20,20,0.0,0.7,0,0
cbba,1099,default,217,20,20,110.1,12,4,88.12765957446808,38.666666666666664,367,61,626,3282,147,E3,20,20,0.0,0.7,0,0
claim,1101,default,374,20,20,155.55,16,4,115.59183673469387,57.2,820,131,55,55,0,E3,20,20,0.0,0.7,0,0
mas,1101,default,259,20,20,131.9,13,4,102.06122448979592,55.6,401,37,82,123,0,E3,20,20,0.0,0.7,0,0
mas_iterative,1101,default,259,20,20,131.9,13,4,102.06122448979592,55.6,401,37,82,123,0,E3,20,20,0.0,0.7,0,0
cbba,1101,default,254,20,20,125.55,11,4,98.20408163265306,55.6,399,79,764,4080,181,E3,20,20,0.0,0.7,0,0
claim,1102,default,201,20,20,97.8,10,4,83.86440677966101,51.166666666666664,260,34,38,38,0,E3,20,20,0.0,0.7,0,0
mas,1102,default,256,20,20,118.9,13,4,97.62711864406779,47.5,535,45,98,147,0,E3,20,20,0.0,0.7,0,0
mas_iterative,1102,default,191,20,20,94.8,9,4,81.89830508474576,46.666666666666664,271,52,74,111,0,E3,20,20,0.0,0.7,0,0
cbba,1102,default,222,20,20,114.6,12,4,98.64406779661017,47.833333333333336,382,39,523,2597,120,E3,20,20,0.0,0.7,0,0
claim,1103,default,288,20,20,151.3,15,4,128.74074074074073,45.75,607,52,50,50,0,E3,20,20,0.0,0.7,0,0
mas,1103,default,252,20,20,127.7,14,4,107.68518518518519,40.0,484,75,92,138,0,E3,20,20,0.0,0.7,0,0
mas_iterative,1103,default,252,20,20,127.7,14,4,107.68518518518519,40.0,484,75,92,138,0,E3,20,20,0.0,0.7,0,0
cbba,1103,default,171,20,20,86.1,8,4,72.74074074074075,33.75,175,43,528,2792,124,E3,20,20,0.0,0.7,0,0
claim,1104,default,275,20,20,107.7,12,4,83.15217391304348,34.5,561,45,47,47,0,E3,20,20,0.0,0.7,0,0
mas,1104,default,222,20,20,104.85,11,4,82.76086956521739,34.5,361,60,78,117,0,E3,20,20,0.0,0.7,0,0
mas_iterative,1104,default,229,20,20,101.85,10,4,80.52173913043478,34.5,338,42,78,117,0,E3,20,20,0.0,0.7,0,0
cbba,1104,default,187,20,20,90.65,10,4,70.56521739130434,29.75,244,33,921,4999,221,E3,20,20,0.0,0.7,0,0
claim,1106,default,274,20,20,146.9,12,4,120.41509433962264,55.4,588,42,46,46,0,E3,20,20,0.0,0.7,0,0
mas,1106,default,268,20,20,135.5,16,4,112.52830188679245,55.4,557,48,104,156,0,E3,20,20,0.0,0.7,0,0
mas_iterative,1106,default,273,20,20,131.75,14,4,110.81132075471699,55.4,572,46,104,156,0,E3,20,20,0.0,0.7,0,0
cbba,1106,default,186,20,20,86.6,6,4,70.69811320754717,36.8,130,83,595,3159,142,E3,20,20,0.0,0.7,0,0
claim,1107,default,235,20,20,111.45,11,4,95.44897959183673,47.0,481,40,44,44,0,E3,20,20,0.0,0.7,0,0
mas,1107,default,225,20,20,98.85,14,4,82.10204081632654,47.0,460,41,90,135,0,E3,20,20,0.0,0.7,0,0
mas_iterative,1107,default,225,20,20,98.85,14,4,82.10204081632654,47.0,460,41,90,135,0,E3,20,20,0.0,0.7,0,0
cbba,1107,default,157,20,20,72.6,12,4,61.93877551020408,35.0,206,45,694,3616,164,E3,20,20,0.0,0.7,0,0
claim,1108,default,257,20,20,116.45,15,4,94.5925925925926,36.8,509,41,45,45,0,E3,20,20,0.0,0.7,0,0
mas,1108,default,263,20,20,129.45,14,4,102.96296296296296,36.8,552,42,92,138,0,E3,20,20,0.0,0.7,0,0
mas_iterative,1108,default,263,20,20,129.45,14,4,102.96296296296296,36.8,552,42,92,138,0,E3,20,20,0.0,0.7,0,0
cbba,1108,default,215,20,20,102.25,12,4,84.55555555555556,38.8,287,123,849,4613,203,E3,20,20,0.0,0.7,0,0
claim,1109,default,268,20,20,124.45,13,4,97.06976744186046,33.5,583,65,46,46,0,E3,20,20,0.0,0.7,0,0
mas,1109,default,243,20,20,103.1,14,4,82.02325581395348,33.5,340,197,84,126,0,E3,20,20,0.0,0.7,0,0
mas_iterative,1109,default,243,20,20,103.1,14,4,82.02325581395348,33.5,340,197,84,126,0,E3,20,20,0.0,0.7,0,0
cbba,1109,default,205,20,20,87.05,9,4,70.13953488372093,33.5,269,113,681,3605,161,E3,20,20,0.0,0.7,0,0
claim,1110,default,316,20,20,130.8,15,4,109.81967213114754,52.0,725,93,57,57,0,E3,20,20,0.0,0.7,0,0
mas,1110,default,276,20,20,125.3,15,4,107.01639344262296,52.0,609,47,102,153,0,E3,20,20,0.0,0.7,0,0
mas_iterative,1110,default,253,20,20,123.0,14,4,105.88524590163935,52.0,517,45,100,150,0,E3,20,20,0.0,0.7,0,0
cbba,1110,default,213,20,20,89.2,10,4,76.04918032786885,38.42857142857143,306,57,630,3248,148,E3,20,20,0.0,0.7,0,0
claim,1111,default,264,20,20,128.35,12,4,102.54,47.6,590,43,47,47,0,E3,20,20,0.0,0.7,0,0
mas,1111,default,243,20,20,134.45,11,4,107.92,47.6,449,71,82,123,0,E3,20,20,0.0,0.7,0,0
mas_iterative,1111,default,243,20,20,134.45,11,4,107.92,47.6,449,71,82,123,0,E3,20,20,0.0,0.7,0,0
cbba,1111,default,226,20,20,102.05,9,4,80.1,42.0,307,171,632,3434,148,E3,20,20,0.0,0.7,0,0
claim,1112,default,314,20,20,185.8,14,4,153.37777777777777,41.0,750,48,52,52,0,E3,20,20,0.0,0.7,0,0
mas,1112,default,285,20,20,171.95,12,4,145.0,41.0,579,46,100,150,0,E3,20,20,0.0,0.7,0,0
mas_iterative,1112,default,198,20,20,102.55,11,4,85.57777777777778,40.0,261,32,74,111,0,E3,20,20,0.0,0.7,0,0
cbba,1112,default,173,20,20,83.7,7,4,68.97777777777777,37.0,157,27,727,3873,174,E3,20,20,0.0,0.7,0,0
claim,1113,default,257,20,20,115.0,15,4,89.37735849056604,46.6,436,43,47,47,0,E3,20,20,0.0,0.7,0,0
mas,1113,default,313,20,20,134.15,14,4,101.41509433962264,46.6,727,50,108,162,0,E3,20,20,0.0,0.7,0,0
mas_iterative,1113,default,313,20,20,134.15,14,4,101.41509433962264,46.6,727,50,108,162,0,E3,20,20,0.0,0.7,0,0
cbba,1113,default,206,20,20,95.65,8,4,77.79245283018868,49.2,204,137,757,4203,181,E3,20,20,0.0,0.7,0,0
claim,1114,default,277,20,20,136.3,14,4,104.26923076923077,57.666666666666664,473,39,43,43,0,E3,20,20,0.0,0.7,0,0
mas,1114,default,285,20,20,127.4,11,4,96.15384615384616,57.0,602,38,84,126,0,E3,20,20,0.0,0.7,0,0
mas_iterative,1114,default,277,20,20,126.0,11,4,95.61538461538461,57.0,512,94,80,120,0,E3,20,20,0.0,0.7,0,0
cbba,1114,default,258,20,20,108.7,11,4,82.5,44.666666666666664,439,43,897,4625,214,E3,20,20,0.0,0.7,0,0
claim,1115,default,258,20,20,120.9,18,4,93.27083333333333,51.2,597,52,56,56,0,E3,20,20,0.0,0.7,0,0
mas,1115,default,254,20,20,121.05,14,4,93.29166666666667,51.2,569,49,106,159,0,E3,20,20,0.0,0.7,0,0
mas_iterative,1115,default,275,20,20,121.7,14,4,92.66666666666667,51.2,639,67,102,153,0,E3,20,20,0.0,0.7,0,0
cbba,1115,default,178,20,20,78.55,11,4,59.166666666666664,35.0,173,116,694,3768,165,E3,20,20,0.0,0.7,0,0
claim,1116,default,197,20,20,97.85,13,4,77.19047619047619,27.5,370,66,43,43,0,E3,20,20,0.0,0.7,0,0
mas,1116,default,167,20,20,88.4,11,4,72.28571428571429,27.5,211,90,74,111,0,E3,20,20,0.0,0.7,0,0
mas_iterative,1116,default,167,20,20,88.4,11,4,72.28571428571429,27.5,211,90,74,111,0,E3,20,20,0.0,0.7,0,0
cbba,1116,default,156,20,20,83.95,12,4,68.35714285714286,27.5,200,48,841,4501,201,E3,20,20,0.0,0.7,0,0
claim,1117,default,261,20,20,118.8,15,4,91.75471698113208,37.8,530,77,45,45,0,E3,20,20,0.0,0.7,0,0
mas,1117,default,189,20,20,91.35,10,4,74.15094339622641,37.2,223,124,64,96,0,E3,20,20,0.0,0.7,0,0
mas_iterative,1117,default,189,20,20,91.35,10,4,74.15094339622641,37.2,223,124,64,96,0,E3,20,20,0.0,0.7,0,0
cbba,1117,default,176,20,20,79.15,6,4,63.0188679245283,31.8,169,65,633,3239,150,E3,20,20,0.0,0.7,0,0
claim,1118,default,380,20,20,151.05,15,4,121.01886792452831,51.5,913,54,58,58,0,E3,20,20,0.0,0.7,0,0
mas,1118,default,304,20,20,135.3,11,4,112.90566037735849,46.0,536,101,88,132,0,E3,20,20,0.0,0.7,0,0
mas_iterative,1118,default,308,20,20,147.7,12,4,121.94339622641509,46.0,595,42,100,150,0,E3,20,20,0.0,0.7,0,0
cbba,1118,default,245,20,20,100.5,8,4,82.16981132075472,42.0,309,34,843,4469,202,E3,20,20,0.0,0.7,0,0
claim,1119,default,253,20,20,128.7,14,4,110.61224489795919,39.0,519,46,50,50,0,E3,20,20,0.0,0.7,0,0
mas,1119,default,261,20,20,130.3,17,4,109.6734693877551,39.0,557,85,103,155,0,E3,20,20,0.0,0.7,0,0
mas_iterative,1119,default,233,20,20,106.6,14,4,88.34693877551021,27.0,459,43,98,147,0,E3,20,20,0.0,0.7,0,0
cbba,1119,default,224,20,20,99.6,11,4,82.22448979591837,27.0,412,36,491,2381,113,E3,20,20,0.0,0.7,0,0
claim,1120,default,218,20,20,111.35,14,4,94.5,50.5,376,62,42,42,0,E3,20,20,0.0,0.7,0,0
mas,1120,default,206,20,20,106.7,15,4,90.06818181818181,50.5,336,41,80,120,0,E3,20,20,0.0,0.7,0,0
mas_iterative,1120,default,199,20,20,105.9,13,4,89.68181818181819,50.5,321,35,80,120,0,E3,20,20,0.0,0.7,0,0
cbba,1120,default,184,20,20,83.0,7,4,70.29545454545455,38.0,200,69,630,3290,149,E3,20,20,0.0,0.7,0,0
claim,1121,default,307,20,20,136.45,15,4,106.76086956521739,43.5,648,48,52,52,0,E3,20,20,0.0,0.7,0,0
mas,1121,default,265,20,20,117.85,11,4,95.26086956521739,43.5,473,74,82,123,0,E3,20,20,0.0,0.7,0,0
mas_iterative,1121,default,265,20,20,117.85,11,4,95.26086956521739,43.5,473,74,82,123,0,E3,20,20,0.0,0.7,0,0
cbba,1121,default,231,20,20,115.0,11,4,91.28260869565217,43.5,290,96,699,3761,166,E3,20,20,0.0,0.7,0,0
claim,1123,default,179,20,20,100.2,10,4,79.4375,38.8,251,50,34,34,0,E3,20,20,0.0,0.7,0,0
mas,1123,default,186,20,20,89.8,12,4,73.85416666666667,38.8,220,83,68,102,0,E3,20,20,0.0,0.7,0,0
mas_iterative,1123,default,207,20,20,99.95,11,4,78.70833333333333,34.6,336,53,80,120,0,E3,20,20,0.0,0.7,0,0
cbba,1123,default,163,20,20,77.55,8,4,62.666666666666664,31.0,135,52,553,2909,131,E3,20,20,0.0,0.7,0,0
claim,1124,default,186,20,20,89.9,12,4,77.35185185185185,34.0,286,35,39,39,0,E3,20,20,0.0,0.7,0,0
mas,1124,default,182,20,20,91.25,11,4,78.33333333333333,34.0,265,35,78,117,0,E3,20,20,0.0,0.7,0,0
mas_iterative,1124,default,179,20,20,90.85,11,4,78.12962962962963,34.0,266,34,78,117,0,E3,20,20,0.0,0.7,0,0
cbba,1124,default,191,20,20,83.8,11,4,71.01851851851852,28.0,301,38,702,3698,165,E3,20,20,0.0,0.7,0,0
claim,1125,default,270,20,20,132.9,12,4,101.76595744680851,36.0,548,40,44,44,0,E3,20,20,0.0,0.7,0,0
mas,1125,default,316,20,20,151.7,12,4,113.46808510638297,36.0,722,49,96,144,0,E3,20,20,0.0,0.7,0,0
mas_iterative,1125,default,276,20,20,136.75,12,4,104.97872340425532,36.0,532,89,90,135,0,E3,20,20,0.0,0.7,0,0
cbba,1125,default,218,20,20,96.85,10,4,74.1063829787234,27.666666666666668,309,52,735,3951,174,E3,20,20,0.0,0.7,0,0
claim,1126,default,200,20,20,98.75,12,4,75.82,45.0,399,41,45,45,0,E3,20,20,0.0,0.7,0,0
mas,1126,default,181,20,20,86.05,11,4,68.6,45.0,222,38,84,126,0,E3,20,20,0.0,0.7,0,0
mas_iterative,1126,default,181,20,20,86.35,12,4,68.6,45.0,237,37,84,126,0,E3,20,20,0.0,0.7,0,0
cbba,1126,default,174,20,20,79.65,11,4,61.6,38.0,280,41,698,3592,164,E3,20,20,0.0,0.7,0,0
claim,1127,default,229,20,20,104.1,12,4,90.71428571428571,28.333333333333332,465,39,43,43,0,E3,20,20,0.0,0.7,0,0
mas,1127,default,219,20,20,111.3,12,4,95.36734693877551,28.333333333333332,411,55,84,126,0,E3,20,20,0.0,0.7,0,0
mas_iterative,1127,default,204,20,20,103.75,12,4,89.77551020408163,28.333333333333332,356,49,80,120,0,E3,20,20,0.0,0.7,0,0
cbba,1127,default,208,20,20,100.55,11,4,86.87755102040816,28.333333333333332,367,55,430,2222,98,E3,20,20,0.0,0.7,0,0
claim,1128,default,269,20,20,131.1,13,4,102.04347826086956,33.333333333333336,572,44,48,48,0,E3,20,20,0.0,0.7,0,0
mas,1128,default,213,20,20,106.25,10,4,83.97826086956522,33.333333333333336,355,36,78,117,0,E3,20,20,0.0,0.7,0,0
mas_iterative,1128,default,213,20,20,105.9,11,4,84.08695652173913,33.333333333333336,368,37,86,129,0,E3,20,20,0.0,0.7,0,0
cbba,1128,default,185,20,20,92.1,11,4,72.6086956521739,33.333333333333336,239,80,689,3717,163,E3,20,20,0.0,0.7,0,0
claim,1129,default,210,20,20,113.25,12,4,98.38775510204081,27.0,307,42,37,37,0,E3,20,20,0.0,0.7,0,0
mas,1129,default,251,20,20,110.55,11,4,96.75510204081633,27.0,424,80,82,123,0,E3,20,20,0.0,0.7,0,0
mas_iterative,1129,default,248,20,20,112.0,11,4,96.53061224489795,27.0,446,36,86,129,0,E3,20,20,0.0,0.7,0,0
cbba,1129,default,211,20,20,103.1,10,4,90.34693877551021,27.0,242,55,617,3245,145,E3,20,20,0.0,0.7,0,0
claim,1130,default,229,20,20,107.4,13,4,87.78571428571429,47.8,417,45,41,41,0,E3,20,20,0.0,0.7,0,0
mas,1130,default,299,20,20,122.95,13,4,99.28571428571429,46.6,601,128,98,147,0,E3,20,20,0.0,0.7,0,0
mas_iterative,1130,default,257,20,20,120.8,12,4,98.51785714285714,46.6,481,42,94,141,0,E3,20,20,0.0,0.7,0,0
cbba,1130,default,219,20,20,91.05,9,4,73.73214285714286,43.0,369,35,631,3143,148,E3,20,20,0.0,0.7,0,0
claim,1131,default,229,20,20,104.1,10,4,86.94915254237289,57.125,431,35,39,39,0,E3,20,20,0.0,0.7,0,0
mas,1131,default,213,20,20,105.55,14,4,88.62711864406779,60.125,389,35,78,117,0,E3,20,20,0.0,0.7,0,0
mas_iterative,1131,default,213,20,20,105.55,14,4,88.62711864406779,60.125,389,35,78,117,0,E3,20,20,0.0,0.7,0,0
cbba,1131,default,190,20,20,91.4,10,4,76.2542372881356,48.25,189,31,719,3803,171,E3,20,20,0.0,0.7,0,0
claim,1132,default,248,20,20,124.05,13,4,102.16981132075472,38.666666666666664,499,39,43,43,0,E3,20,20,0.0,0.7,0,0
mas,1132,default,274,20,20,125.8,11,4,103.52830188679245,38.666666666666664,499,144,85,128,0,E3,20,20,0.0,0.7,0,0
mas_iterative,1132,default,245,20,20,114.95,11,4,97.16981132075472,38.666666666666664,414,39,88,132,0,E3,20,20,0.0,0.7,0,0
cbba,1132,default,201,20,20,94.6,8,4,79.26415094339623,35.666666666666664,240,103,689,3641,164,E3,20,20,0.0,0.7,0,0
claim,1133,default,290,20,20,129.6,12,4,104.28301886792453,38.75,602,83,42,42,0,E3,20,20,0.0,0.7,0,0
mas,1133,default,382,20,20,154.05,15,4,121.18867924528301,38.75,1012,60,128,192,0,E3,20,20,0.0,0.7,0,0
mas_iterative,1133,default,239,20,20,121.5,11,4,99.77358490566037,38.75,421,38,88,132,0,E3,20,20,0.0,0.7,0,0
cbba,1133,default,186,20,20,81.65,9,4,69.32075471698113,35.25,200,53,856,4516,206,E3,20,20,0.0,0.7,0,0
claim,1134,default,220,20,20,100.3,13,4,85.61224489795919,28.5,389,42,46,46,0,E3,20,20,0.0,0.7,0,0
mas,1134,default,231,20,20,102.8,12,4,86.57142857142857,28.5,455,37,82,123,0,E3,20,20,0.0,0.7,0,0
mas_iterative,1134,default,231,20,20,102.75,12,4,86.51020408163265,28.5,456,36,82,123,0,E3,20,20,0.0,0.7,0,0
cbba,1134,default,218,20,20,91.7,9,4,77.40816326530613,28.5,346,102,532,2774,123,E3,20,20,0.0,0.7,0,0
claim,1135,default,310,20,20,130.45,16,4,101.8125,47.6,739,52,56,56,0,E3,20,20,0.0,0.7,0,0
mas,1135,default,261,20,20,119.0,14,4,95.6875,45.6,527,48,104,156,0,E3,20,20,0.0,0.7,0,0
mas_iterative,1135,default,253,20,20,117.2,14,4,94.89583333333333,45.6,461,114,98,147,0,E3,20,20,0.0,0.7,0,0
cbba,1135,default,189,20,20,92.25,7,4,74.27083333333333,32.2,196,81,953,5389,230,E3,20,20,0.0,0.7,0,0
claim,1136,default,260,20,20,137.0,15,4,112.62745098039215,60.4,494,69,44,44,0,E3,20,20,0.0,0.7,0,0
mas,1136,default,245,20,20,128.7,15,4,107.2156862745098,60.4,382,61,78,117,0,E3,20,20,0.0,0.7,0,0
mas_iterative,1136,default,245,20,20,128.7,15,4,107.2156862745098,60.4,382,61,78,117,0,E3,20,20,0.0,0.7,0,0
cbba,1136,default,240,20,20,113.45,13,4,91.41176470588235,45.0,421,42,911,4967,217,E3,20,20,0.0,0.7,0,0
claim,1137,default,205,20,20,101.05,14,4,80.51063829787235,38.75,300,52,38,38,0,E3,20,20,0.0,0.7,0,0
mas,1137,default,246,20,20,118.5,12,4,90.93617021276596,38.75,413,40,88,132,0,E3,20,20,0.0,0.7,0,0
mas_iterative,1137,default,236,20,20,116.25,14,4,88.42553191489361,38.75,384,39,88,132,0,E3,20,20,0.0,0.7,0,0
cbba,1137,default,228,20,20,106.4,10,4,80.51063829787235,29.5,295,111,568,3126,133,E3,20,20,0.0,0.7,0,0
claim,1138,default,198,20,20,102.8,13,4,89.24074074074075,39.5,331,36,40,40,0,E3,20,20,0.0,0.7,0,0
mas,1138,default,231,20,20,104.3,10,4,90.24074074074075,39.5,461,37,82,123,0,E3,20,20,0.0,0.7,0,0
mas_iterative,1138,default,204,20,20,101.6,10,4,88.24074074074075,39.5,316,33,76,114,0,E3,20,20,0.0,0.7,0,0
cbba,1138,default,182,20,20,93.85,10,4,81.53703703703704,39.0,207,55,840,4598,201,E3,20,20,0.0,0.7,0,0
claim,1139,default,243,20,20,121.35,14,4,100.24074074074075,48.0,512,40,44,44,0,E3,20,20,0.0,0.7,0,0
mas,1139,default,209,20,20,114.55,12,4,97.05555555555556,48.0,365,68,84,126,0,E3,20,20,0.0,0.7,0,0
mas_iterative,1139,default,209,20,20,114.55,12,4,97.05555555555556,48.0,365,68,84,126,0,E3,20,20,0.0,0.7,0,0
cbba,1139,default,171,20,20,90.8,8,4,77.20370370370371,38.0,176,60,514,2740,120,E3,20,20,0.0,0.7,0,0
claim,1140,default,342,20,20,146.8,18,4,111.45833333333333,36.25,874,61,65,65,0,E3,20,20,0.0,0.7,0,0
mas,1140,default,223,20,20,99.55,12,4,79.72916666666667,36.25,358,75,78,117,0,E3,20,20,0.0,0.7,0,0
mas_iterative,1140,default,223,20,20,99.55,12,4,79.72916666666667,36.25,358,75,78,117,0,E3,20,20,0.0,0.7,0,0
cbba,1140,default,205,20,20,93.95,10,4,73.41666666666667,31.25,305,40,685,3701,162,E3,20,20,0.0,0.7,0,0
claim,1141,default,308,20,20,144.55,14,4,115.49090909090908,66.875,635,119,45,45,0,E3,20,20,0.0,0.7,0,0
mas,1141,default,287,20,20,119.8,14,4,94.9090909090909,57.125,486,42,92,138,0,E3,20,20,0.0,0.7,0,0
mas_iterative,1141,default,287,20,20,119.8,14,4,94.9090909090909,57.125,486,42,92,138,0,E3,20,20,0.0,0.7,0,0
cbba,1141,default,200,20,20,107.25,9,4,86.98181818181818,53.5,260,66,684,3724,162,E3,20,20,0.0,0.7,0,0
claim,1142,default,316,20,20,139.75,17,4,113.08,40.25,719,88,53,53,0,E3,20,20,0.0,0.7,0,0
mas,1142,default,227,20,20,118.15,12,4,98.48,40.25,383,43,74,111,0,E3,20,20,0.0,0.7,0,0
mas_iterative,1142,default,227,20,20,118.15,12,4,98.48,40.25,383,43,74,111,0,E3,20,20,0.0,0.7,0,0
cbba,1142,default,223,20,20,100.4,14,4,82.72,34.0,312,39,785,4127,186,E3,20,20,0.0,0.7,0,0
claim,1143,default,254,20,20,118.6,14,4,87.04651162790698,43.333333333333336,465,41,45,45,0,E3,20,20,0.0,0.7,0,0
mas,1143,default,238,20,20,109.5,14,4,83.37209302325581,47.0,434,37,82,123,0,E3,20,20,0.0,0.7,0,0
mas_iterative,1143,default,238,20,20,109.5,14,4,83.37209302325581,47.0,434,37,82,123,0,E3,20,20,0.0,0.7,0,0
cbba,1143,default,236,20,20,96.15,9,4,69.81395348837209,40.666666666666664,286,168,765,4135,182,E3,20,20,0.0,0.7,0,0
claim,1144,default,342,20,20,150.65,15,4,114.23529411764706,54.833333333333336,851,52,56,56,0,E3,20,20,0.0,0.7,0,0
mas,1144,default,289,20,20,151.85,13,4,119.3529411764706,58.5,655,45,98,147,0,E3,20,20,0.0,0.7,0,0
mas_iterative,1144,default,265,20,20,118.95,13,4,91.3529411764706,54.833333333333336,578,44,98,147,0,E3,20,20,0.0,0.7,0,0
cbba,1144,default,213,20,20,104.35,13,4,79.90196078431373,43.666666666666664,362,39,808,4368,192,E3,20,20,0.0,0.7,0,0
claim,1145,default,229,20,20,119.45,14,4,94.21428571428571,54.875,430,66,44,44,0,E3,20,20,0.0,0.7,0,0
mas,1145,default,283,20,20,130.3,14,4,100.25,57.75,664,45,98,147,0,E3,20,20,0.0,0.7,0,0
mas_iterative,1145,default,283,20,20,130.3,14,4,100.25,57.75,664,45,98,147,0,E3,20,20,0.0,0.7,0,0
cbba,1145,default,225,20,20,103.75,10,4,81.58928571428571,46.625,324,105,431,2039,98,E3,20,20,0.0,0.7,0,0
claim,1146,default,196,20,20,105.05,12,4,92.23636363636363,46.25,283,36,36,36,0,E3,20,20,0.0,0.7,0,0
mas,1146,default,223,20,20,104.1,10,4,92.52727272727273,50.5,349,68,70,105,0,E3,20,20,0.0,0.7,0,0
mas_iterative,1146,default,223,20,20,104.1,10,4,92.52727272727273,50.5,349,68,70,105,0,E3,20,20,0.0,0.7,0,0
cbba,1146,default,204,20,20,89.65,8,4,76.87272727272727,34.5,238,35,795,4235,190,E3,20,20,0.0,0.7,0,0
claim,1147,default,275,20,20,116.85,13,4,93.02127659574468,38.666666666666664,576,49,53,53,0,E3,20,20,0.0,0.7,0,0
mas,1147,default,246,20,20,118.95,12,4,93.70212765957447,38.666666666666664,379,131,84,126,0,E3,20,20,0.0,0.7,0,0
mas_iterative,1147,default,246,20,20,118.95,12,4,93.70212765957447,38.666666666666664,379,131,84,126,0,E3,20,20,0.0,0.7,0,0
cbba,1147,default,191,20,20,89.35,8,4,71.25531914893617,29.333333333333332,177,81,672,3588,160,E3,20,20,0.0,0.7,0,0
claim,1149,default,193,20,20,97.75,13,4,83.36538461538461,42.0,281,35,39,39,0,E3,20,20,0.0,0.7,0,0
mas,1149,default,198,20,20,101.15,16,4,85.0576923076923,42.0,330,41,90,135,0,E3,20,20,0.0,0.7,0,0
mas_iterative,1149,default,198,20,20,101.15,16,4,85.0576923076923,42.0,330,41,90,135,0,E3,20,20,0.0,0.7,0,0
cbba,1149,default,168,20,20,84.6,11,4,71.53846153846153,41.666666666666664,269,47,822,4426,196,E3,20,20,0.0,0.7,0,0
claim,1150,default,245,20,20,107.2,12,4,84.125,39.6,508,37,41,41,0,E3,20,20,0.0,0.7,0,0
mas,1150,default,182,20,20,93.95,10,4,72.45833333333333,33.6,255,50,79,119,0,E3,20,20,0.0,0.7,0,0
mas_iterative,1150,default,191,20,20,89.85,8,4,69.1875,29.2,273,34,91,137,0,E3,20,20,0.0,0.7,0,0
cbba,1150,default,182,20,20,82.2,8,4,64.3125,29.2,239,32,728,3830,173,E3,20,20,0.0,0.7,0,0
claim,1152,default,326,20,20,143.8,17,4,111.0,46.5,766,52,56,56,0,E3,20,20,0.0,0.7,0,0
mas,1152,default,282,20,20,130.3,14,4,105.52083333333333,45.0,600,44,96,144,0,E3,20,20,0.0,0.7,0,0
mas_iterative,1152,default,282,20,20,130.2,14,4,105.4375,45.0,601,43,96,144,0,E3,20,20,0.0,0.7,0,0
cbba,1152,default,197,20,20,105.15,13,4,86.91666666666667,46.5,239,66,687,3787,163,E3,20,20,0.0,0.7,0,0
claim,1153,default,321,20,20,161.9,15,4,132.39622641509433,49.8,665,48,52,52,0,E3,20,20,0.0,0.7,0,0
mas,1153,default,306,20,20,156.25,15,4,128.81132075471697,49.8,592,68,94,141,0,E3,20,20,0.0,0.7,0,0
mas_iterative,1153,default,306,20,20,156.25,15,4,128.81132075471697,49.8,592,68,94,141,0,E3,20,20,0.0,0.7,0,0
cbba,1153,default,250,20,20,123.9,10,4,104.43396226415095,49.8,312,171,686,3668,162,E3,20,20,0.0,0.7,0,0
claim,1155,default,246,20,20,109.4,13,4,81.20833333333333,43.4,451,38,42,42,0,E3,20,20,0.0,0.7,0,0
mas,1155,default,273,20,20,116.15,13,4,83.45833333333333,43.4,549,43,94,141,0,E3,20,20,0.0,0.7,0,0
mas_iterative,1155,default,273,20,20,116.15,13,4,83.45833333333333,43.4,549,43,94,141,0,E3,20,20,0.0,0.7,0,0
cbba,1155,default,215,20,20,85.95,11,4,63.583333333333336,34.0,241,100,653,3403,154,E3,20,20,0.0,0.7,0,0
claim,1156,default,290,20,20,130.8,15,4,112.76595744680851,30.0,578,46,50,50,0,E3,20,20,0.0,0.7,0,0
mas,1156,default,236,20,20,127.6,11,4,111.44680851063829,30.0,414,49,78,117,0,E3,20,20,0.0,0.7,0,0
mas_iterative,1156,default,236,20,20,127.6,11,4,111.44680851063829,30.0,414,49,78,117,0,E3,20,20,0.0,0.7,0,0
cbba,1156,default,240,20,20,119.75,10,4,105.82978723404256,30.0,437,39,639,3355,150,E3,20,20,0.0,0.7,0,0
claim,1157,default,268,20,20,137.1,12,4,106.77083333333333,35.666666666666664,524,89,43,43,0,E3,20,20,0.0,0.7,0,0
mas,1157,default,284,20,20,130.55,12,4,103.6875,38.333333333333336,580,41,90,135,0,E3,20,20,0.0,0.7,0,0
mas_iterative,1157,default,232,20,20,124.75,11,4,101.27083333333333,38.333333333333336,380,36,74,111,0,E3,20,20,0.0,0.7,0,0
cbba,1157,default,170,20,20,85.25,8,4,69.02083333333333,29.666666666666668,101,31,574,2868,135,E3,20,20,0.0,0.7,0,0
claim,1000,default,324,20,20,119.05,17,4,91.52173913043478,32.0,854,55,59,59,0,E3,20,20,0.0,1.0,0,0
mas,1000,default,324,20,20,119.05,17,4,91.52173913043478,32.0,854,55,118,177,0,E3,20,20,0.0,1.0,0,0
mas_iterative,1000,default,324,20,20,119.05,17,4,91.52173913043478,32.0,854,55,118,177,0,E3,20,20,0.0,1.0,0,0
cbba,1000,default,324,20,20,119.05,17,4,91.52173913043478,32.0,854,55,299,1391,60,E3,20,20,0.0,1.0,0,0
claim,1001,default,287,20,20,110.3,17,4,91.03571428571429,40.4,685,51,55,55,0,E3,20,20,0.0,1.0,0,0
mas,1001,default,287,20,20,110.3,17,4,91.03571428571429,40.4,685,51,110,165,0,E3,20,20,0.0,1.0,0,0
mas_iterative,1001,default,287,20,20,110.3,17,4,91.03571428571429,40.4,685,51,110,165,0,E3,20,20,0.0,1.0,0,0
cbba,1001,default,287,20,20,110.3,17,4,91.03571428571429,40.4,685,51,271,1227,54,E3,20,20,0.0,1.0,0,0
claim,1002,default,299,20,20,127.7,15,4,97.95652173913044,50.0,715,51,55,55,0,E3,20,20,0.0,1.0,0,0
mas,1002,default,299,20,20,127.7,15,4,97.95652173913044,50.0,715,51,110,165,0,E3,20,20,0.0,1.0,0,0
mas_iterative,1002,default,299,20,20,127.7,15,4,97.95652173913044,50.0,715,51,110,165,0,E3,20,20,0.0,1.0,0,0
cbba,1002,default,299,20,20,127.7,15,4,97.95652173913044,50.0,715,51,287,1323,58,E3,20,20,0.0,1.0,0,0
claim,1003,default,232,20,20,107.0,15,4,79.54166666666667,46.666666666666664,495,45,49,49,0,E3,20,20,0.0,1.0,0,0
mas,1003,default,232,20,20,107.0,15,4,79.54166666666667,46.666666666666664,495,45,98,147,0,E3,20,20,0.0,1.0,0,0
mas_iterative,1003,default,232,20,20,107.0,15,4,79.54166666666667,46.666666666666664,495,45,98,147,0,E3,20,20,0.0,1.0,0,0
cbba,1003,default,232,20,20,107.0,15,4,79.54166666666667,46.666666666666664,495,45,273,1293,56,E3,20,20,0.0,1.0,0,0
claim,1004,default,320,20,20,139.05,16,4,113.7872340425532,38.333333333333336,766,56,60,60,0,E3,20,20,0.0,1.0,0,0
mas,1004,default,320,20,20,139.05,16,4,113.7872340425532,38.333333333333336,766,56,120,180,0,E3,20,20,0.0,1.0,0,0
mas_iterative,1004,default,320,20,20,139.05,16,4,113.7872340425532,38.333333333333336,766,56,120,180,0,E3,20,20,0.0,1.0,0,0
cbba,1004,default,320,20,20,139.05,16,4,113.7872340425532,38.333333333333336,766,56,340,1520,70,E3,20,20,0.0,1.0,0,0
claim,1005,default,255,20,20,113.2,16,4,95.63636363636364,52.0,589,50,54,54,0,E3,20,20,0.0,1.0,0,0
mas,1005,default,255,20,20,113.2,16,4,95.63636363636364,52.0,589,50,108,162,0,E3,20,20,0.0,1.0,0,0
mas_iterative,1005,default,255,20,20,113.2,16,4,95.63636363636364,52.0,589,50,108,162,0,E3,20,20,0.0,1.0,0,0
cbba,1005,default,235,20,20,117.6,16,4,99.16363636363636,46.333333333333336,482,47,275,1315,56,E3,20,20,0.0,1.0,0,0
claim,1006,default,243,20,20,109.35,17,4,87.48717948717949,38.0,528,49,53,53,0,E3,20,20,0.0,1.0,0,0
mas,1006,default,243,20,20,109.35,17,4,87.48717948717949,38.0,528,49,106,159,0,E3,20,20,0.0,1.0,0,0
mas_iterative,1006,default,243,20,20,109.35,17,4,87.48717948717949,38.0,528,49,106,159,0,E3,20,20,0.0,1.0,0,0
cbba,1006,default,243,20,20,109.35,17,4,87.48717948717949,38.0,528,49,261,1137,52,E3,20,20,0.0,1.0,0,0
claim,1007,default,229,20,20,114.9,13,4,94.4,33.0,474,43,47,47,0,E3,20,20,0.0,1.0,0,0
mas,1007,default,229,20,20,114.9,13,4,94.4,33.0,474,43,94,141,0,E3,20,20,0.0,1.0,0,0
mas_iterative,1007,default,229,20,20,114.9,13,4,94.4,33.0,474,43,94,141,0,E3,20,20,0.0,1.0,0,0
cbba,1007,default,229,20,20,114.9,13,4,94.4,33.0,474,43,271,1319,56,E3,20,20,0.0,1.0,0,0
claim,1008,default,246,20,20,120.05,17,4,98.44,36.25,443,44,48,48,0,E3,20,20,0.0,1.0,0,0
mas,1008,default,246,20,20,120.05,17,4,98.44,36.25,443,44,96,144,0,E3,20,20,0.0,1.0,0,0
mas_iterative,1008,default,246,20,20,120.05,17,4,98.44,36.25,443,44,96,144,0,E3,20,20,0.0,1.0,0,0
cbba,1008,default,246,20,20,120.05,17,4,98.44,36.25,443,44,248,1128,50,E3,20,20,0.0,1.0,0,0
claim,1009,default,343,20,20,149.25,18,4,117.1063829787234,33.333333333333336,836,55,59,59,0,E3,20,20,0.0,1.0,0,0
mas,1009,default,343,20,20,149.25,18,4,117.1063829787234,33.333333333333336,836,55,118,177,0,E3,20,20,0.0,1.0,0,0
mas_iterative,1009,default,343,20,20,149.25,18,4,117.1063829787234,33.333333333333336,836,55,118,177,0,E3,20,20,0.0,1.0,0,0
cbba,1009,default,343,20,20,149.25,18,4,117.1063829787234,33.333333333333336,836,55,291,1271,58,E3,20,20,0.0,1.0,0,0
claim,1010,default,335,20,20,157.4,17,4,131.73584905660377,62.8,865,55,59,59,0,E3,20,20,0.0,1.0,0,0
mas,1010,default,335,20,20,157.4,17,4,131.73584905660377,62.8,865,55,118,177,0,E3,20,20,0.0,1.0,0,0
mas_iterative,1010,default,335,20,20,157.4,17,4,131.73584905660377,62.8,865,55,118,177,0,E3,20,20,0.0,1.0,0,0
cbba,1010,default,335,20,20,157.4,17,4,131.73584905660377,62.8,865,55,291,1403,58,E3,20,20,0.0,1.0,0,0
claim,1011,default,252,20,20,125.25,17,4,99.48148148148148,39.4,511,53,57,57,0,E3,20,20,0.0,1.0,0,0
mas,1011,default,252,20,20,125.25,17,4,99.48148148148148,39.4,511,53,114,171,0,E3,20,20,0.0,1.0,0,0
mas_iterative,1011,default,252,20,20,125.25,17,4,99.48148148148148,39.4,511,53,114,171,0,E3,20,20,0.0,1.0,0,0
cbba,1011,default,252,20,20,125.25,17,4,99.48148148148148,39.4,511,53,289,1333,58,E3,20,20,0.0,1.0,0,0
claim,1012,default,237,20,20,108.7,15,4,93.84905660377359,42.0,524,49,53,53,0,E3,20,20,0.0,1.0,0,0
mas,1012,default,237,20,20,108.7,15,4,93.84905660377359,42.0,524,49,106,159,0,E3,20,20,0.0,1.0,0,0
mas_iterative,1012,default,237,20,20,108.7,15,4,93.84905660377359,42.0,524,49,106,159,0,E3,20,20,0.0,1.0,0,0
cbba,1012,default,237,20,20,108.7,15,4,93.84905660377359,42.0,524,49,269,1189,54,E3,20,20,0.0,1.0,0,0
claim,1013,default,253,20,20,131.9,15,4,107.85365853658537,nan,549,41,45,45,0,E3,20,20,0.0,1.0,0,0
mas,1013,default,253,20,20,131.9,15,4,107.85365853658537,nan,549,41,90,135,0,E3,20,20,0.0,1.0,0,0
mas_iterative,1013,default,253,20,20,131.9,15,4,107.85365853658537,nan,549,41,90,135,0,E3,20,20,0.0,1.0,0,0
cbba,1013,default,253,20,20,131.9,15,4,107.85365853658537,nan,549,41,221,1041,44,E3,20,20,0.0,1.0,0,0
claim,1014,default,273,20,20,110.0,15,4,90.48,28.5,617,49,53,53,0,E3,20,20,0.0,1.0,0,0
mas,1014,default,273,20,20,110.0,15,4,90.48,28.5,617,49,106,159,0,E3,20,20,0.0,1.0,0,0
mas_iterative,1014,default,273,20,20,110.0,15,4,90.48,28.5,617,49,106,159,0,E3,20,20,0.0,1.0,0,0
cbba,1014,default,273,20,20,110.0,15,4,90.48,28.5,617,49,269,1169,54,E3,20,20,0.0,1.0,0,0
claim,1015,default,242,20,20,120.95,15,4,103.42,34.0,412,41,45,45,0,E3,20,20,0.0,1.0,0,0
mas,1015,default,242,20,20,120.95,15,4,103.42,34.0,412,41,90,135,0,E3,20,20,0.0,1.0,0,0
mas_iterative,1015,default,242,20,20,120.95,15,4,103.42,34.0,412,41,90,135,0,E3,20,20,0.0,1.0,0,0
cbba,1015,default,242,20,20,120.95,15,4,103.42,34.0,412,41,253,1217,52,E3,20,20,0.0,1.0,0,0
claim,1016,default,261,20,20,130.45,17,4,95.0,43.333333333333336,596,51,55,55,0,E3,20,20,0.0,1.0,0,0
mas,1016,default,261,20,20,130.45,17,4,95.0,43.333333333333336,596,51,110,165,0,E3,20,20,0.0,1.0,0,0
mas_iterative,1016,default,261,20,20,130.45,17,4,95.0,43.333333333333336,596,51,110,165,0,E3,20,20,0.0,1.0,0,0
cbba,1016,default,261,20,20,130.45,17,4,95.0,43.333333333333336,596,51,319,1547,66,E3,20,20,0.0,1.0,0,0
claim,1017,default,266,20,20,123.3,15,4,102.11538461538461,41.666666666666664,582,45,49,49,0,E3,20,20,0.0,1.0,0,0
mas,1017,default,266,20,20,123.3,15,4,102.11538461538461,41.666666666666664,582,45,98,147,0,E3,20,20,0.0,1.0,0,0
mas_iterative,1017,default,266,20,20,123.3,15,4,102.11538461538461,41.666666666666664,582,45,98,147,0,E3,20,20,0.0,1.0,0,0
cbba,1017,default,266,20,20,123.3,15,4,102.11538461538461,41.666666666666664,582,45,265,1233,54,E3,20,20,0.0,1.0,0,0
claim,1018,default,298,20,20,138.0,13,4,103.06818181818181,32.666666666666664,584,43,47,47,0,E3,20,20,0.0,1.0,0,0
mas,1018,default,298,20,20,138.0,13,4,103.06818181818181,32.666666666666664,584,43,94,141,0,E3,20,20,0.0,1.0,0,0
mas_iterative,1018,default,298,20,20,138.0,13,4,103.06818181818181,32.666666666666664,584,43,94,141,0,E3,20,20,0.0,1.0,0,0
cbba,1018,default,298,20,20,138.0,13,4,103.06818181818181,32.666666666666664,584,43,279,1339,58,E3,20,20,0.0,1.0,0,0
claim,1019,default,283,20,20,127.15,14,4,106.72549019607843,32.0,643,50,54,54,0,E3,20,20,0.0,1.0,0,0
mas,1019,default,283,20,20,127.15,14,4,106.72549019607843,32.0,643,50,108,162,0,E3,20,20,0.0,1.0,0,0
mas_iterative,1019,default,283,20,20,127.15,14,4,106.72549019607843,32.0,643,50,108,162,0,E3,20,20,0.0,1.0,0,0
cbba,1019,default,283,20,20,127.15,14,4,106.72549019607843,32.0,643,50,318,1466,66,E3,20,20,0.0,1.0,0,0
claim,1020,default,221,20,20,123.25,14,4,98.54347826086956,28.5,354,41,45,45,0,E3,20,20,0.0,1.0,0,0
mas,1020,default,221,20,20,123.25,14,4,98.54347826086956,28.5,354,41,90,135,0,E3,20,20,0.0,1.0,0,0
mas_iterative,1020,default,221,20,20,123.25,14,4,98.54347826086956,28.5,354,41,90,135,0,E3,20,20,0.0,1.0,0,0
cbba,1020,default,221,20,20,123.25,14,4,98.54347826086956,28.5,354,41,261,1265,54,E3,20,20,0.0,1.0,0,0
claim,1021,default,328,20,20,137.85,15,4,105.45652173913044,35.666666666666664,716,50,54,54,0,E3,20,20,0.0,1.0,0,0
mas,1021,default,328,20,20,137.85,15,4,105.45652173913044,35.666666666666664,716,50,108,162,0,E3,20,20,0.0,1.0,0,0
mas_iterative,1021,default,328,20,20,137.85,15,4,105.45652173913044,35.666666666666664,716,50,108,162,0,E3,20,20,0.0,1.0,0,0
cbba,1021,default,328,20,20,137.85,15,4,105.45652173913044,35.666666666666664,716,50,270,1254,54,E3,20,20,0.0,1.0,0,0
claim,1022,default,261,20,20,129.4,16,4,106.70588235294117,42.25,544,48,52,52,0,E3,20,20,0.0,1.0,0,0
mas,1022,default,261,20,20,129.4,16,4,106.70588235294117,42.25,544,48,104,156,0,E3,20,20,0.0,1.0,0,0
mas_iterative,1022,default,261,20,20,129.4,16,4,106.70588235294117,42.25,544,48,104,156,0,E3,20,20,0.0,1.0,0,0
cbba,1022,default,272,20,20,137.5,16,4,113.0,42.25,558,49,285,1369,58,E3,20,20,0.0,1.0,0,0
claim,1023,default,288,20,20,151.2,19,4,124.58823529411765,38.0,616,47,51,51,0,E3,20,20,0.0,1.0,0,0
mas,1023,default,288,20,20,151.2,19,4,124.58823529411765,38.0,616,47,102,153,0,E3,20,20,0.0,1.0,0,0
mas_iterative,1023,default,288,20,20,151.2,19,4,124.58823529411765,38.0,616,47,102,153,0,E3,20,20,0.0,1.0,0,0
cbba,1023,default,288,20,20,151.2,19,4,124.58823529411765,38.0,616,47,299,1439,62,E3,20,20,0.0,1.0,0,0
claim,1024,default,364,20,20,178.9,14,4,146.71428571428572,54.333333333333336,934,53,57,57,0,E3,20,20,0.0,1.0,0,0
mas,1024,default,364,20,20,178.9,14,4,146.71428571428572,54.333333333333336,934,53,114,171,0,E3,20,20,0.0,1.0,0,0
mas_iterative,1024,default,364,20,20,178.9,14,4,146.71428571428572,54.333333333333336,934,53,114,171,0,E3,20,20,0.0,1.0,0,0
cbba,1024,default,364,20,20,178.9,14,4,146.71428571428572,54.333333333333336,934,53,305,1329,62,E3,20,20,0.0,1.0,0,0
claim,1025,default,233,20,20,122.55,14,4,95.18367346938776,42.0,505,45,49,49,0,E3,20,20,0.0,1.0,0,0
mas,1025,default,233,20,20,122.55,14,4,95.18367346938776,42.0,505,45,98,147,0,E3,20,20,0.0,1.0,0,0
mas_iterative,1025,default,233,20,20,122.55,14,4,95.18367346938776,42.0,505,45,98,147,0,E3,20,20,0.0,1.0,0,0
cbba,1025,default,233,20,20,122.55,14,4,95.18367346938776,42.0,505,45,225,1053,44,E3,20,20,0.0,1.0,0,0
claim,1026,default,318,20,20,152.4,17,4,120.75471698113208,46.333333333333336,739,53,57,57,0,E3,20,20,0.0,1.0,0,0
mas,1026,default,318,20,20,152.4,17,4,120.75471698113208,46.333333333333336,739,53,114,171,0,E3,20,20,0.0,1.0,0,0
mas_iterative,1026,default,318,20,20,152.4,17,4,120.75471698113208,46.333333333333336,739,53,114,171,0,E3,20,20,0.0,1.0,0,0
cbba,1026,default,318,20,20,152.4,17,4,120.75471698113208,46.333333333333336,739,53,321,1529,66,E3,20,20,0.0,1.0,0,0
claim,1027,default,311,20,20,152.3,17,4,121.65957446808511,54.5,760,51,55,55,0,E3,20,20,0.0,1.0,0,0
mas,1027,default,311,20,20,152.3,17,4,121.65957446808511,54.5,760,51,110,165,0,E3,20,20,0.0,1.0,0,0
mas_iterative,1027,default,311,20,20,152.3,17,4,121.65957446808511,54.5,760,51,110,165,0,E3,20,20,0.0,1.0,0,0
cbba,1027,default,311,20,20,152.3,17,4,121.65957446808511,54.5,760,51,215,963,40,E3,20,20,0.0,1.0,0,0
claim,1028,default,373,20,20,188.8,16,4,152.1590909090909,43.0,963,56,60,60,0,E3,20,20,0.0,1.0,0,0
mas,1028,default,373,20,20,188.8,16,4,152.1590909090909,43.0,963,56,120,180,0,E3,20,20,0.0,1.0,0,0
mas_iterative,1028,default,373,20,20,188.8,16,4,152.1590909090909,43.0,963,56,120,180,0,E3,20,20,0.0,1.0,0,0
cbba,1028,default,373,20,20,188.8,16,4,152.1590909090909,43.0,963,56,292,1400,58,E3,20,20,0.0,1.0,0,0
claim,1030,default,293,20,20,139.2,15,4,104.02380952380952,48.5,671,49,53,53,0,E3,20,20,0.0,1.0,0,0
mas,1030,default,293,20,20,139.2,15,4,104.02380952380952,48.5,671,49,106,159,0,E3,20,20,0.0,1.0,0,0
mas_iterative,1030,default,293,20,20,139.2,15,4,104.02380952380952,48.5,671,49,106,159,0,E3,20,20,0.0,1.0,0,0
cbba,1030,default,293,20,20,139.2,15,4,104.02380952380952,48.5,671,49,245,1109,48,E3,20,20,0.0,1.0,0,0
claim,1031,default,324,20,20,124.75,16,4,98.05454545454545,47.57142857142857,772,54,58,58,0,E3,20,20,0.0,1.0,0,0
mas,1031,default,324,20,20,124.75,16,4,98.05454545454545,47.57142857142857,772,54,116,174,0,E3,20,20,0.0,1.0,0,0
mas_iterative,1031,default,324,20,20,124.75,16,4,98.05454545454545,47.57142857142857,772,54,116,174,0,E3,20,20,0.0,1.0,0,0
cbba,1031,default,324,20,20,124.75,16,4,98.05454545454545,47.57142857142857,772,54,306,1386,62,E3,20,20,0.0,1.0,0,0
claim,1032,default,281,20,20,136.55,16,4,106.7872340425532,34.0,626,50,54,54,0,E3,20,20,0.0,1.0,0,0
mas,1032,default,281,20,20,136.55,16,4,106.7872340425532,34.0,626,50,108,162,0,E3,20,20,0.0,1.0,0,0
mas_iterative,1032,default,281,20,20,136.55,16,4,106.7872340425532,34.0,626,50,108,162,0,E3,20,20,0.0,1.0,0,0
cbba,1032,default,281,20,20,136.55,16,4,106.7872340425532,34.0,626,50,278,1302,56,E3,20,20,0.0,1.0,0,0
claim,1033,default,343,20,20,139.05,15,4,114.12962962962963,60.2,828,52,56,56,0,E3,20,20,0.0,1.0,0,0
mas,1033,default,343,20,20,139.05,15,4,114.12962962962963,60.2,828,52,112,168,0,E3,20,20,0.0,1.0,0,0
mas_iterative,1033,default,343,20,20,139.05,15,4,114.12962962962963,60.2,828,52,112,168,0,E3,20,20,0.0,1.0,0,0
cbba,1033,default,343,20,20,139.05,15,4,114.12962962962963,60.2,828,52,304,1440,62,E3,20,20,0.0,1.0,0,0
claim,1034,default,241,20,20,119.65,15,4,92.4888888888889,48.5,434,41,45,45,0,E3,20,20,0.0,1.0,0,0
mas,1034,default,241,20,20,119.65,15,4,92.4888888888889,48.5,434,41,90,135,0,E3,20,20,0.0,1.0,0,0
mas_iterative,1034,default,241,20,20,119.65,15,4,92.4888888888889,48.5,434,41,90,135,0,E3,20,20,0.0,1.0,0,0
cbba,1034,default,241,20,20,119.65,15,4,92.4888888888889,48.5,434,41,221,1017,44,E3,20,20,0.0,1.0,0,0
claim,1035,default,298,20,20,132.75,14,4,110.98148148148148,41.2,640,44,48,48,0,E3,20,20,0.0,1.0,0,0
mas,1035,default,298,20,20,132.75,14,4,110.98148148148148,41.2,640,44,96,144,0,E3,20,20,0.0,1.0,0,0
mas_iterative,1035,default,298,20,20,132.75,14,4,110.98148148148148,41.2,640,44,96,144,0,E3,20,20,0.0,1.0,0,0
cbba,1035,default,298,20,20,132.75,14,4,110.98148148148148,41.2,640,44,256,1188,52,E3,20,20,0.0,1.0,0,0
claim,1036,default,367,20,20,178.85,19,4,138.79591836734693,44.25,817,59,63,63,0,E3,20,20,0.0,1.0,0,0
mas,1036,default,367,20,20,178.85,19,4,138.79591836734693,44.25,817,59,126,189,0,E3,20,20,0.0,1.0,0,0
mas_iterative,1036,default,367,20,20,178.85,19,4,138.79591836734693,44.25,817,59,126,189,0,E3,20,20,0.0,1.0,0,0
cbba,1036,default,367,20,20,178.85,19,4,138.79591836734693,44.25,817,59,343,1651,70,E3,20,20,0.0,1.0,0,0
claim,1037,default,383,20,20,169.35,18,4,123.3695652173913,47.4,961,63,67,67,0,E3,20,20,0.0,1.0,0,0
mas,1037,default,383,20,20,169.35,18,4,123.3695652173913,47.4,961,63,134,201,0,E3,20,20,0.0,1.0,0,0
mas_iterative,1037,default,383,20,20,169.35,18,4,123.3695652173913,47.4,961,63,134,201,0,E3,20,20,0.0,1.0,0,0
cbba,1037,default,383,20,20,169.35,18,4,123.3695652173913,47.4,961,63,339,1543,68,E3,20,20,0.0,1.0,0,0
claim,1038,default,244,20,20,113.7,17,4,92.6896551724138,44.0,447,48,52,52,0,E3,20,20,0.0,1.0,0,0
mas,1038,default,244,20,20,113.7,17,4,92.6896551724138,44.0,447,48,104,156,0,E3,20,20,0.0,1.0,0,0
mas_iterative,1038,default,244,20,20,113.7,17,4,92.6896551724138,44.0,447,48,104,156,0,E3,20,20,0.0,1.0,0,0
cbba,1038,default,244,20,20,113.7,17,4,92.6896551724138,44.0,447,48,260,1212,52,E3,20,20,0.0,1.0,0,0
claim,1039,default,313,20,20,142.7,14,4,111.53571428571429,41.166666666666664,737,47,51,51,0,E3,20,20,0.0,1.0,0,0
mas,1039,default,313,20,20,142.7,14,4,111.53571428571429,41.166666666666664,737,47,102,153,0,E3,20,20,0.0,1.0,0,0
mas_iterative,1039,default,313,20,20,142.7,14,4,111.53571428571429,41.166666666666664,737,47,102,153,0,E3,20,20,0.0,1.0,0,0
cbba,1039,default,313,20,20,142.7,14,4,111.53571428571429,41.166666666666664,737,47,283,1383,58,E3,20,20,0.0,1.0,0,0
claim,1040,default,260,20,20,122.45,16,4,101.08163265306122,46.0,564,46,50,50,0,E3,20,20,0.0,1.0,0,0
mas,1040,default,260,20,20,122.45,16,4,101.08163265306122,46.0,564,46,100,150,0,E3,20,20,0.0,1.0,0,0
mas_iterative,1040,default,260,20,20,122.45,16,4,101.08163265306122,46.0,564,46,100,150,0,E3,20,20,0.0,1.0,0,0
cbba,1040,default,260,20,20,122.45,16,4,101.08163265306122,46.0,564,46,266,1298,54,E3,20,20,0.0,1.0,0,0
claim,1041,default,303,20,20,128.4,15,4,97.86,36.5,721,50,54,54,0,E3,20,20,0.0,1.0,0,0
mas,1041,default,303,20,20,128.4,15,4,97.86,36.5,721,50,108,162,0,E3,20,20,0.0,1.0,0,0
mas_iterative,1041,default,303,20,20,128.4,15,4,97.86,36.5,721,50,108,162,0,E3,20,20,0.0,1.0,0,0
cbba,1041,default,303,20,20,128.4,15,4,97.86,36.5,721,50,310,1502,64,E3,20,20,0.0,1.0,0,0
claim,1042,default,287,20,20,118.8,16,4,93.5,38.4,653,50,54,54,0,E3,20,20,0.0,1.0,0,0
mas,1042,default,287,20,20,118.8,16,4,93.5,38.4,653,50,108,162,0,E3,20,20,0.0,1.0,0,0
mas_iterative,1042,default,287,20,20,118.8,16,4,93.5,38.4,653,50,108,162,0,E3,20,20,0.0,1.0,0,0
cbba,1042,default,287,20,20,118.8,16,4,93.5,38.4,653,50,278,1322,56,E3,20,20,0.0,1.0,0,0
claim,1043,default,246,20,20,122.6,17,4,91.39473684210526,31.0,506,45,49,49,0,E3,20,20,0.0,1.0,0,0
mas,1043,default,246,20,20,122.6,17,4,91.39473684210526,31.0,506,45,98,147,0,E3,20,20,0.0,1.0,0,0
mas_iterative,1043,default,246,20,20,122.6,17,4,91.39473684210526,31.0,506,45,98,147,0,E3,20,20,0.0,1.0,0,0
cbba,1043,default,246,20,20,122.6,17,4,91.39473684210526,31.0,506,45,265,1245,54,E3,20,20,0.0,1.0,0,0
claim,1044,default,282,20,20,136.15,14,4,114.28,51.25,651,47,51,51,0,E3,20,20,0.0,1.0,0,0
mas,1044,default,282,20,20,136.15,14,4,114.28,51.25,651,47,102,153,0,E3,20,20,0.0,1.0,0,0
mas_iterative,1044,default,282,20,20,136.15,14,4,114.28,51.25,651,47,102,153,0,E3,20,20,0.0,1.0,0,0
cbba,1044,default,282,20,20,136.15,14,4,114.28,51.25,651,47,275,1319,56,E3,20,20,0.0,1.0,0,0
claim,1045,default,393,20,20,172.05,17,4,131.1153846153846,37.75,1008,61,65,65,0,E3,20,20,0.0,1.0,0,0
mas,1045,default,393,20,20,172.05,17,4,131.1153846153846,37.75,1008,61,130,195,0,E3,20,20,0.0,1.0,0,0
mas_iterative,1045,default,393,20,20,172.05,17,4,131.1153846153846,37.75,1008,61,130,195,0,E3,20,20,0.0,1.0,0,0
cbba,1045,default,393,20,20,172.05,17,4,131.1153846153846,37.75,1008,61,353,1605,72,E3,20,20,0.0,1.0,0,0
claim,1046,default,297,20,20,128.1,16,4,107.32075471698113,55.8,661,50,54,54,0,E3,20,20,0.0,1.0,0,0
mas,1046,default,297,20,20,128.1,16,4,107.32075471698113,55.8,661,50,108,162,0,E3,20,20,0.0,1.0,0,0
mas_iterative,1046,default,297,20,20,128.1,16,4,107.32075471698113,55.8,661,50,108,162,0,E3,20,20,0.0,1.0,0,0
cbba,1046,default,297,20,20,128.1,16,4,107.32075471698113,55.8,661,50,286,1254,58,E3,20,20,0.0,1.0,0,0
claim,1047,default,265,20,20,136.4,15,4,104.26666666666667,43.0,630,46,50,50,0,E3,20,20,0.0,1.0,0,0
mas,1047,default,265,20,20,136.4,15,4,104.26666666666667,43.0,630,46,100,150,0,E3,20,20,0.0,1.0,0,0
mas_iterative,1047,default,265,20,20,136.4,15,4,104.26666666666667,43.0,630,46,100,150,0,E3,20,20,0.0,1.0,0,0
cbba,1047,default,265,20,20,136.4,15,4,104.26666666666667,43.0,630,46,282,1370,58,E3,20,20,0.0,1.0,0,0
claim,1048,default,377,20,20,171.45,16,4,143.4255319148936,56.0,961,58,62,62,0,E3,20,20,0.0,1.0,0,0
mas,1048,default,377,20,20,171.45,16,4,143.4255319148936,56.0,961,58,124,186,0,E3,20,20,0.0,1.0,0,0
mas_iterative,1048,default,377,20,20,171.45,16,4,143.4255319148936,56.0,961,58,124,186,0,E3,20,20,0.0,1.0,0,0
cbba,1048,default,377,20,20,171.45,16,4,143.4255319148936,56.0,961,58,334,1466,68,E3,20,20,0.0,1.0,0,0
claim,1049,default,331,20,20,138.0,17,4,117.7090909090909,39.333333333333336,774,52,56,56,0,E3,20,20,0.0,1.0,0,0
mas,1049,default,331,20,20,138.0,17,4,117.7090909090909,39.333333333333336,774,52,112,168,0,E3,20,20,0.0,1.0,0,0
mas_iterative,1049,default,331,20,20,138.0,17,4,117.7090909090909,39.333333333333336,774,52,112,168,0,E3,20,20,0.0,1.0,0,0
cbba,1049,default,331,20,20,138.0,17,4,117.7090909090909,39.333333333333336,774,52,280,1300,56,E3,20,20,0.0,1.0,0,0
claim,1050,default,330,20,20,142.7,17,4,108.27083333333333,44.0,795,58,62,62,0,E3,20,20,0.0,1.0,0,0
mas,1050,default,330,20,20,142.7,17,4,108.27083333333333,44.0,795,58,124,186,0,E3,20,20,0.0,1.0,0,0
mas_iterative,1050,default,330,20,20,142.7,17,4,108.27083333333333,44.0,795,58,124,186,0,E3,20,20,0.0,1.0,0,0
cbba,1050,default,330,20,20,142.7,17,4,108.27083333333333,44.0,795,58,358,1614,74,E3,20,20,0.0,1.0,0,0
claim,1051,default,284,20,20,152.5,18,4,121.64444444444445,38.5,641,54,58,58,0,E3,20,20,0.0,1.0,0,0
mas,1051,default,284,20,20,152.5,18,4,121.64444444444445,38.5,641,54,116,174,0,E3,20,20,0.0,1.0,0,0
mas_iterative,1051,default,284,20,20,152.5,18,4,121.64444444444445,38.5,641,54,116,174,0,E3,20,20,0.0,1.0,0,0
cbba,1051,default,284,20,20,152.5,18,4,121.64444444444445,38.5,641,54,322,1562,66,E3,20,20,0.0,1.0,0,0
claim,1052,default,317,20,20,150.6,16,4,121.32608695652173,41.0,765,53,57,57,0,E3,20,20,0.0,1.0,0,0
mas,1052,default,317,20,20,150.6,16,4,121.32608695652173,41.0,765,53,114,171,0,E3,20,20,0.0,1.0,0,0
mas_iterative,1052,default,317,20,20,150.6,16,4,121.32608695652173,41.0,765,53,114,171,0,E3,20,20,0.0,1.0,0,0
cbba,1052,default,317,20,20,150.6,16,4,121.32608695652173,41.0,765,53,225,1013,42,E3,20,20,0.0,1.0,0,0
claim,1053,default,316,20,20,158.0,17,4,130.94117647058823,50.8,739,57,61,61,0,E3,20,20,0.0,1.0,0,0
mas,1053,default,316,20,20,158.0,17,4,130.94117647058823,50.8,739,57,122,183,0,E3,20,20,0.0,1.0,0,0
mas_iterative,1053,default,316,20,20,158.0,17,4,130.94117647058823,50.8,739,57,122,183,0,E3,20,20,0.0,1.0,0,0
cbba,1053,default,316,20,20,158.0,17,4,130.94117647058823,50.8,739,57,309,1437,62,E3,20,20,0.0,1.0,0,0
claim,1054,default,300,20,20,143.1,14,4,120.8409090909091,41.0,692,46,50,50,0,E3,20,20,0.0,1.0,0,0
mas,1054,default,300,20,20,143.1,14,4,120.8409090909091,41.0,692,46,100,150,0,E3,20,20,0.0,1.0,0,0
mas_iterative,1054,default,300,20,20,143.1,14,4,120.8409090909091,41.0,692,46,100,150,0,E3,20,20,0.0,1.0,0,0
cbba,1054,default,300,20,20,143.1,14,4,120.8409090909091,41.0,692,46,282,1374,58,E3,20,20,0.0,1.0,0,0
claim,1055,default,276,20,20,128.3,15,4,107.88679245283019,44.25,573,46,50,50,0,E3,20,20,0.0,1.0,0,0
mas,1055,default,276,20,20,128.3,15,4,107.88679245283019,44.25,573,46,100,150,0,E3,20,20,0.0,1.0,0,0
mas_iterative,1055,default,276,20,20,128.3,15,4,107.88679245283019,44.25,573,46,100,150,0,E3,20,20,0.0,1.0,0,0
cbba,1055,default,276,20,20,128.3,15,4,107.88679245283019,44.25,573,46,274,1278,56,E3,20,20,0.0,1.0,0,0
claim,1056,default,296,20,20,138.9,15,4,109.54716981132076,48.6,721,53,57,57,0,E3,20,20,0.0,1.0,0,0
mas,1056,default,296,20,20,138.9,15,4,109.54716981132076,48.6,721,53,114,171,0,E3,20,20,0.0,1.0,0,0
mas_iterative,1056,default,296,20,20,138.9,15,4,109.54716981132076,48.6,721,53,114,171,0,E3,20,20,0.0,1.0,0,0
cbba,1056,default,296,20,20,138.9,15,4,109.54716981132076,48.6,721,53,297,1433,60,E3,20,20,0.0,1.0,0,0
claim,1057,default,290,20,20,140.75,16,4,112.96491228070175,47.5,622,47,51,51,0,E3,20,20,0.0,1.0,0,0
mas,1057,default,290,20,20,140.75,16,4,112.96491228070175,47.5,622,47,102,153,0,E3,20,20,0.0,1.0,0,0
mas_iterative,1057,default,290,20,20,140.75,16,4,112.96491228070175,47.5,622,47,102,153,0,E3,20,20,0.0,1.0,0,0
cbba,1057,default,290,20,20,140.75,16,4,112.96491228070175,47.5,622,47,291,1395,60,E3,20,20,0.0,1.0,0,0
claim,1058,default,304,20,20,149.7,16,4,122.62745098039215,38.5,672,49,53,53,0,E3,20,20,0.0,1.0,0,0
mas,1058,default,304,20,20,149.7,16,4,122.62745098039215,38.5,672,49,106,159,0,E3,20,20,0.0,1.0,0,0
mas_iterative,1058,default,304,20,20,149.7,16,4,122.62745098039215,38.5,672,49,106,159,0,E3,20,20,0.0,1.0,0,0
cbba,1058,default,296,20,20,135.75,16,4,111.01960784313725,38.5,593,45,281,1385,58,E3,20,20,0.0,1.0,0,0
claim,1059,default,332,20,20,147.35,15,4,115.4423076923077,51.6,846,54,58,58,0,E3,20,20,0.0,1.0,0,0
mas,1059,default,332,20,20,147.35,15,4,115.4423076923077,51.6,846,54,116,174,0,E3,20,20,0.0,1.0,0,0
mas_iterative,1059,default,332,20,20,147.35,15,4,115.4423076923077,51.6,846,54,116,174,0,E3,20,20,0.0,1.0,0,0
cbba,1059,default,332,20,20,147.35,15,4,115.4423076923077,51.6,846,54,298,1314,60,E3,20,20,0.0,1.0,0,0
claim,1060,default,256,20,20,111.55,15,4,87.93478260869566,41.0,572,48,52,52,0,E3,20,20,0.0,1.0,0,0
mas,1060,default,256,20,20,111.55,15,4,87.93478260869566,41.0,572,48,104,156,0,E3,20,20,0.0,1.0,0,0
mas_iterative,1060,default,256,20,20,111.55,15,4,87.93478260869566,41.0,572,48,104,156,0,E3,20,20,0.0,1.0,0,0
cbba,1060,default,256,20,20,111.55,15,4,87.93478260869566,41.0,572,48,276,1304,56,E3,20,20,0.0,1.0,0,0
claim,1061,default,253,20,20,142.65,16,4,118.91666666666667,56.333333333333336,516,43,47,47,0,E3,20,20,0.0,1.0,0,0
mas,1061,default,253,20,20,142.65,16,4,118.91666666666667,56.333333333333336,516,43,94,141,0,E3,20,20,0.0,1.0,0,0
mas_iterative,1061,default,253,20,20,142.65,16,4,118.91666666666667,56.333333333333336,516,43,94,141,0,E3,20,20,0.0,1.0,0,0
cbba,1061,default,253,20,20,142.65,16,4,118.91666666666667,56.333333333333336,516,43,287,1363,60,E3,20,20,0.0,1.0,0,0
claim,1062,default,274,20,20,135.35,16,4,118.62711864406779,48.2,602,50,54,54,0,E3,20,20,0.0,1.0,0,0
mas,1062,default,274,20,20,135.35,16,4,118.62711864406779,48.2,602,50,108,162,0,E3,20,20,0.0,1.0,0,0
mas_iterative,1062,default,274,20,20,135.35,16,4,118.62711864406779,48.2,602,50,108,162,0,E3,20,20,0.0,1.0,0,0
cbba,1062,default,274,20,20,135.35,16,4,118.62711864406779,48.2,602,50,262,1206,52,E3,20,20,0.0,1.0,0,0
claim,1063,default,286,20,20,127.05,16,4,104.54716981132076,51.2,697,50,54,54,0,E3,20,20,0.0,1.0,0,0
mas,1063,default,286,20,20,127.05,16,4,104.54716981132076,51.2,697,50,108,162,0,E3,20,20,0.0,1.0,0,0
mas_iterative,1063,default,286,20,20,127.05,16,4,104.54716981132076,51.2,697,50,108,162,0,E3,20,20,0.0,1.0,0,0
cbba,1063,default,286,20,20,127.05,16,4,104.54716981132076,51.2,697,50,270,1170,54,E3,20,20,0.0,1.0,0,0
claim,1064,default,284,20,20,125.55,16,4,96.33928571428571,53.166666666666664,681,53,57,57,0,E3,20,20,0.0,1.0,0,0
mas,1064,default,284,20,20,125.55,16,4,96.33928571428571,53.166666666666664,681,53,114,171,0,E3,20,20,0.0,1.0,0,0
mas_iterative,1064,default,284,20,20,125.55,16,4,96.33928571428571,53.166666666666664,681,53,114,171,0,E3,20,20,0.0,1.0,0,0
cbba,1064,default,284,20,20,125.55,16,4,96.33928571428571,53.166666666666664,681,53,289,1369,58,E3,20,20,0.0,1.0,0,0
claim,1065,default,275,20,20,116.9,16,4,93.08333333333333,38.0,675,56,60,60,0,E3,20,20,0.0,1.0,0,0
mas,1065,default,275,20,20,116.9,16,4,93.08333333333333,38.0,675,56,120,180,0,E3,20,20,0.0,1.0,0,0
mas_iterative,1065,default,275,20,20,116.9,16,4,93.08333333333333,38.0,675,56,120,180,0,E3,20,20,0.0,1.0,0,0
cbba,1065,default,275,20,20,116.9,16,4,93.08333333333333,38.0,675,56,300,1416,60,E3,20,20,0.0,1.0,0,0
claim,1066,default,258,20,20,125.85,17,4,97.41818181818182,42.0,562,48,52,52,0,E3,20,20,0.0,1.0,0,0
mas,1066,default,258,20,20,125.85,17,4,97.41818181818182,42.0,562,48,104,156,0,E3,20,20,0.0,1.0,0,0
mas_iterative,1066,default,258,20,20,125.85,17,4,97.41818181818182,42.0,562,48,104,156,0,E3,20,20,0.0,1.0,0,0
cbba,1066,default,258,20,20,125.85,17,4,97.41818181818182,42.0,562,48,268,1264,54,E3,20,20,0.0,1.0,0,0
claim,1067,default,316,20,20,142.05,17,4,112.8125,44.25,712,52,56,56,0,E3,20,20,0.0,1.0,0,0
mas,1067,default,316,20,20,142.05,17,4,112.8125,44.25,712,52,112,168,0,E3,20,20,0.0,1.0,0,0
mas_iterative,1067,default,316,20,20,142.05,17,4,112.8125,44.25,712,52,112,168,0,E3,20,20,0.0,1.0,0,0
cbba,1067,default,331,20,20,155.0,15,4,124.54166666666667,44.25,781,55,307,1363,62,E3,20,20,0.0,1.0,0,0
claim,1068,default,377,20,20,138.05,18,4,107.75925925925925,38.0,981,55,59,59,0,E3,20,20,0.0,1.0,0,0
mas,1068,default,377,20,20,138.05,18,4,107.75925925925925,38.0,981,55,118,177,0,E3,20,20,0.0,1.0,0,0
mas_iterative,1068,default,377,20,20,138.05,18,4,107.75925925925925,38.0,981,55,118,177,0,E3,20,20,0.0,1.0,0,0
cbba,1068,default,377,20,20,138.05,18,4,107.75925925925925,38.0,981,55,339,1559,70,E3,20,20,0.0,1.0,0,0
claim,1069,default,261,20,20,133.45,16,4,106.03846153846153,48.8,576,49,53,53,0,E3,20,20,0.0,1.0,0,0
mas,1069,default,261,20,20,133.45,16,4,106.03846153846153,48.8,576,49,106,159,0,E3,20,20,0.0,1.0,0,0
mas_iterative,1069,default,261,20,20,133.45,16,4,106.03846153846153,48.8,576,49,106,159,0,E3,20,20,0.0,1.0,0,0
cbba,1069,default,261,20,20,133.45,16,4,106.03846153846153,48.8,576,49,269,1229,54,E3,20,20,0.0,1.0,0,0
claim,1070,default,373,20,20,147.05,15,4,120.44262295081967,51.714285714285715,947,56,60,60,0,E3,20,20,0.0,1.0,0,0
mas,1070,default,373,20,20,147.05,15,4,120.44262295081967,51.714285714285715,947,56,120,180,0,E3,20,20,0.0,1.0,0,0
mas_iterative,1070,default,373,20,20,147.05,15,4,120.44262295081967,51.714285714285715,947,56,120,180,0,E3,20,20,0.0,1.0,0,0
cbba,1070,default,373,20,20,147.05,15,4,120.44262295081967,51.714285714285715,947,56,308,1392,62,E3,20,20,0.0,1.0,0,0
claim,1071,default,330,20,20,155.75,18,4,115.50980392156863,39.8,793,51,55,55,0,E3,20,20,0.0,1.0,0,0
mas,1071,default,330,20,20,155.75,18,4,115.50980392156863,39.8,793,51,110,165,0,E3,20,20,0.0,1.0,0,0
mas_iterative,1071,default,330,20,20,155.75,18,4,115.50980392156863,39.8,793,51,110,165,0,E3,20,20,0.0,1.0,0,0
cbba,1071,default,330,20,20,155.75,18,4,115.50980392156863,39.8,793,51,247,1147,48,E3,20,20,0.0,1.0,0,0
claim,1072,default,277,20,20,137.1,14,4,122.18181818181819,62.75,662,49,53,53,0,E3,20,20,0.0,1.0,0,0
mas,1072,default,277,20,20,137.1,14,4,122.18181818181819,62.75,662,49,106,159,0,E3,20,20,0.0,1.0,0,0
mas_iterative,1072,default,277,20,20,137.1,14,4,122.18181818181819,62.75,662,49,106,159,0,E3,20,20,0.0,1.0,0,0
cbba,1072,default,277,20,20,137.1,14,4,122.18181818181819,62.75,662,49,221,1005,42,E3,20,20,0.0,1.0,0,0
claim,1073,default,300,20,20,162.7,16,4,124.46938775510205,39.0,712,49,53,53,0,E3,20,20,0.0,1.0,0,0
mas,1073,default,300,20,20,162.7,16,4,124.46938775510205,39.0,712,49,106,159,0,E3,20,20,0.0,1.0,0,0
mas_iterative,1073,default,300,20,20,162.7,16,4,124.46938775510205,39.0,712,49,106,159,0,E3,20,20,0.0,1.0,0,0
cbba,1073,default,300,20,20,162.7,16,4,124.46938775510205,39.0,712,49,285,1385,58,E3,20,20,0.0,1.0,0,0
claim,1074,default,329,20,20,154.65,16,4,123.5,46.2,736,52,56,56,0,E3,20,20,0.0,1.0,0,0
mas,1074,default,329,20,20,154.65,16,4,123.5,46.2,736,52,112,168,0,E3,20,20,0.0,1.0,0,0
mas_iterative,1074,default,329,20,20,154.65,16,4,123.5,46.2,736,52,112,168,0,E3,20,20,0.0,1.0,0,0
cbba,1074,default,329,20,20,154.65,16,4,123.5,46.2,736,52,272,1244,54,E3,20,20,0.0,1.0,0,0
claim,1075,default,292,20,20,157.65,17,4,121.04255319148936,43.0,632,52,56,56,0,E3,20,20,0.0,1.0,0,0
mas,1075,default,292,20,20,157.65,17,4,121.04255319148936,43.0,632,52,112,168,0,E3,20,20,0.0,1.0,0,0
mas_iterative,1075,default,292,20,20,157.65,17,4,121.04255319148936,43.0,632,52,112,168,0,E3,20,20,0.0,1.0,0,0
cbba,1075,default,292,20,20,157.65,17,4,121.04255319148936,43.0,632,52,264,1224,52,E3,20,20,0.0,1.0,0,0
claim,1076,default,314,20,20,163.35,16,4,121.97916666666667,46.2,709,50,54,54,0,E3,20,20,0.0,1.0,0,0
mas,1076,default,314,20,20,163.35,16,4,121.97916666666667,46.2,709,50,108,162,0,E3,20,20,0.0,1.0,0,0
mas_iterative,1076,default,314,20,20,163.35,16,4,121.97916666666667,46.2,709,50,108,162,0,E3,20,20,0.0,1.0,0,0
cbba,1076,default,314,20,20,163.35,16,4,121.97916666666667,46.2,709,50,230,1070,44,E3,20,20,0.0,1.0,0,0
claim,1077,default,304,20,20,149.2,16,4,110.10909090909091,54.0,687,51,55,55,0,E3,20,20,0.0,1.0,0,0
mas,1077,default,304,20,20,149.2,16,4,110.10909090909091,54.0,687,51,110,165,0,E3,20,20,0.0,1.0,0,0
mas_iterative,1077,default,304,20,20,149.2,16,4,110.10909090909091,54.0,687,51,110,165,0,E3,20,20,0.0,1.0,0,0
cbba,1077,default,304,20,20,149.2,16,4,110.10909090909091,54.0,687,51,319,1527,66,E3,20,20,0.0,1.0,0,0
claim,1078,default,307,20,20,166.0,18,4,129.02173913043478,47.0,718,53,57,57,0,E3,20,20,0.0,1.0,0,0
mas,1078,default,307,20,20,166.0,18,4,129.02173913043478,47.0,718,53,114,171,0,E3,20,20,0.0,1.0,0,0
mas_iterative,1078,default,307,20,20,166.0,18,4,129.02173913043478,47.0,718,53,114,171,0,E3,20,20,0.0,1.0,0,0
cbba,1078,default,307,20,20,166.0,18,4,129.02173913043478,47.0,718,53,313,1489,64,E3,20,20,0.0,1.0,0,0
claim,1079,default,269,20,20,125.8,16,4,94.7,38.5,608,45,49,49,0,E3,20,20,0.0,1.0,0,0
mas,1079,default,269,20,20,125.8,16,4,94.7,38.5,608,45,98,147,0,E3,20,20,0.0,1.0,0,0
mas_iterative,1079,default,269,20,20,125.8,16,4,94.7,38.5,608,45,98,147,0,E3,20,20,0.0,1.0,0,0
cbba,1079,default,269,20,20,125.8,16,4,94.7,38.5,608,45,241,1169,48,E3,20,20,0.0,1.0,0,0
claim,1080,default,274,20,20,114.65,14,4,94.5111111111111,35.333333333333336,600,48,52,52,0,E3,20,20,0.0,1.0,0,0
mas,1080,default,274,20,20,114.65,14,4,94.5111111111111,35.333333333333336,600,48,104,156,0,E3,20,20,0.0,1.0,0,0
mas_iterative,1080,default,274,20,20,114.65,14,4,94.5111111111111,35.333333333333336,600,48,104,156,0,E3,20,20,0.0,1.0,0,0
cbba,1080,default,235,20,20,114.05,15,4,95.11111111111111,35.333333333333336,451,44,272,1292,56,E3,20,20,0.0,1.0,0,0
claim,1081,default,283,20,20,127.8,19,4,95.87234042553192,29.333333333333332,641,51,55,55,0,E3,20,20,0.0,1.0,0,0
mas,1081,default,283,20,20,127.8,19,4,95.87234042553192,29.333333333333332,641,51,110,165,0,E3,20,20,0.0,1.0,0,0
mas_iterative,1081,default,283,20,20,127.8,19,4,95.87234042553192,29.333333333333332,641,51,110,165,0,E3,20,20,0.0,1.0,0,0
cbba,1081,default,274,20,20,121.95,18,4,93.38297872340425,29.333333333333332,561,49,285,1357,58,E3,20,20,0.0,1.0,0,0
claim,1082,default,228,20,20,110.8,16,4,84.75,35.25,436,44,48,48,0,E3,20,20,0.0,1.0,0,0
mas,1082,default,228,20,20,110.8,16,4,84.75,35.25,436,44,96,144,0,E3,20,20,0.0,1.0,0,0
mas_iterative,1082,default,228,20,20,110.8,16,4,84.75,35.25,436,44,96,144,0,E3,20,20,0.0,1.0,0,0
cbba,1082,default,228,20,20,110.8,16,4,84.75,35.25,436,44,280,1344,58,E3,20,20,0.0,1.0,0,0
claim,1083,default,272,20,20,116.9,16,4,91.0,35.75,612,45,49,49,0,E3,20,20,0.0,1.0,0,0
mas,1083,default,272,20,20,116.9,16,4,91.0,35.75,612,45,98,147,0,E3,20,20,0.0,1.0,0,0
mas_iterative,1083,default,272,20,20,116.9,16,4,91.0,35.75,612,45,98,147,0,E3,20,20,0.0,1.0,0,0
cbba,1083,default,272,20,20,116.9,16,4,91.0,35.75,612,45,265,1273,54,E3,20,20,0.0,1.0,0,0
claim,1084,default,299,20,20,135.45,14,4,113.82142857142857,48.666666666666664,691,48,52,52,0,E3,20,20,0.0,1.0,0,0
mas,1084,default,299,20,20,135.45,14,4,113.82142857142857,48.666666666666664,691,48,104,156,0,E3,20,20,0.0,1.0,0,0
mas_iterative,1084,default,299,20,20,135.45,14,4,113.82142857142857,48.666666666666664,691,48,104,156,0,E3,20,20,0.0,1.0,0,0
cbba,1084,default,299,20,20,135.45,14,4,113.82142857142857,48.666666666666664,691,48,260,1228,52,E3,20,20,0.0,1.0,0,0
claim,1085,default,259,20,20,133.65,16,4,105.17647058823529,40.75,593,48,52,52,0,E3,20,20,0.0,1.0,0,0
mas,1085,default,259,20,20,133.65,16,4,105.17647058823529,40.75,593,48,104,156,0,E3,20,20,0.0,1.0,0,0
mas_iterative,1085,default,259,20,20,133.65,16,4,105.17647058823529,40.75,593,48,104,156,0,E3,20,20,0.0,1.0,0,0
cbba,1085,default,259,20,20,133.65,16,4,105.17647058823529,40.75,593,48,284,1400,58,E3,20,20,0.0,1.0,0,0
claim,1086,default,254,20,20,116.75,15,4,92.08333333333333,39.25,553,43,47,47,0,E3,20,20,0.0,1.0,0,0
mas,1086,default,254,20,20,116.75,15,4,92.08333333333333,39.25,553,43,94,141,0,E3,20,20,0.0,1.0,0,0
mas_iterative,1086,default,254,20,20,116.75,15,4,92.08333333333333,39.25,553,43,94,141,0,E3,20,20,0.0,1.0,0,0
cbba,1086,default,254,20,20,116.75,15,4,92.08333333333333,39.25,553,43,279,1339,58,E3,20,20,0.0,1.0,0,0
claim,1087,default,275,20,20,101.35,16,4,81.8780487804878,30.0,676,48,52,52,0,E3,20,20,0.0,1.0,0,0
mas,1087,default,275,20,20,101.35,16,4,81.8780487804878,30.0,676,48,104,156,0,E3,20,20,0.0,1.0,0,0
mas_iterative,1087,default,275,20,20,101.35,16,4,81.8780487804878,30.0,676,48,104,156,0,E3,20,20,0.0,1.0,0,0
cbba,1087,default,275,20,20,101.35,16,4,81.8780487804878,30.0,676,48,284,1352,58,E3,20,20,0.0,1.0,0,0
claim,1088,default,203,20,20,117.15,14,4,93.30434782608695,49.0,428,41,45,45,0,E3,20,20,0.0,1.0,0,0
mas,1088,default,203,20,20,117.15,14,4,93.30434782608695,49.0,428,41,90,135,0,E3,20,20,0.0,1.0,0,0
mas_iterative,1088,default,203,20,20,117.15,14,4,93.30434782608695,49.0,428,41,90,135,0,E3,20,20,0.0,1.0,0,0
cbba,1088,default,203,20,20,117.15,14,4,93.30434782608695,49.0,428,41,229,1045,46,E3,20,20,0.0,1.0,0,0
claim,1090,default,264,20,20,118.45,15,4,93.41025641025641,27.0,567,44,48,48,0,E3,20,20,0.0,1.0,0,0
mas,1090,default,264,20,20,118.45,15,4,93.41025641025641,27.0,567,44,96,144,0,E3,20,20,0.0,1.0,0,0
mas_iterative,1090,default,264,20,20,118.45,15,4,93.41025641025641,27.0,567,44,96,144,0,E3,20,20,0.0,1.0,0,0
cbba,1090,default,264,20,20,118.45,15,4,93.41025641025641,27.0,567,44,280,1268,58,E3,20,20,0.0,1.0,0,0
claim,1091,default,328,20,20,142.0,16,4,113.44680851063829,47.0,675,47,51,51,0,E3,20,20,0.0,1.0,0,0
mas,1091,default,328,20,20,142.0,16,4,113.44680851063829,47.0,675,47,102,153,0,E3,20,20,0.0,1.0,0,0
mas_iterative,1091,default,328,20,20,142.0,16,4,113.44680851063829,47.0,675,47,102,153,0,E3,20,20,0.0,1.0,0,0
cbba,1091,default,328,20,20,142.0,16,4,113.44680851063829,47.0,675,47,235,1047,46,E3,20,20,0.0,1.0,0,0
claim,1092,default,253,20,20,137.15,17,4,119.86538461538461,37.666666666666664,573,50,54,54,0,E3,20,20,0.0,1.0,0,0
mas,1092,default,253,20,20,137.15,17,4,119.86538461538461,37.666666666666664,573,50,108,162,0,E3,20,20,0.0,1.0,0,0
mas_iterative,1092,default,253,20,20,137.15,17,4,119.86538461538461,37.666666666666664,573,50,108,162,0,E3,20,20,0.0,1.0,0,0
cbba,1092,default,253,20,20,137.15,17,4,119.86538461538461,37.666666666666664,573,50,270,1250,54,E3,20,20,0.0,1.0,0,0
claim,1093,default,285,20,20,129.65,16,4,106.26923076923077,35.0,618,49,53,53,0,E3,20,20,0.0,1.0,0,0
mas,1093,default,285,20,20,129.65,16,4,106.26923076923077,35.0,618,49,106,159,0,E3,20,20,0.0,1.0,0,0
mas_iterative,1093,default,285,20,20,129.65,16,4,106.26923076923077,35.0,618,49,106,159,0,E3,20,20,0.0,1.0,0,0
cbba,1093,default,288,20,20,129.55,16,4,106.28846153846153,35.0,634,48,292,1340,60,E3,20,20,0.0,1.0,0,0
claim,1094,default,309,20,20,163.8,16,4,142.20754716981133,51.333333333333336,684,49,53,53,0,E3,20,20,0.0,1.0,0,0
mas,1094,default,309,20,20,163.8,16,4,142.20754716981133,51.333333333333336,684,49,106,159,0,E3,20,20,0.0,1.0,0,0
mas_iterative,1094,default,309,20,20,163.8,16,4,142.20754716981133,51.333333333333336,684,49,106,159,0,E3,20,20,0.0,1.0,0,0
cbba,1094,default,309,20,20,163.8,16,4,142.20754716981133,51.333333333333336,684,49,245,1117,48,E3,20,20,0.0,1.0,0,0
claim,1095,default,229,20,20,113.8,18,4,96.35087719298245,42.833333333333336,439,44,48,48,0,E3,20,20,0.0,1.0,0,0
mas,1095,default,229,20,20,113.8,18,4,96.35087719298245,42.833333333333336,439,44,96,144,0,E3,20,20,0.0,1.0,0,0
mas_iterative,1095,default,229,20,20,113.8,18,4,96.35087719298245,42.833333333333336,439,44,96,144,0,E3,20,20,0.0,1.0,0,0
cbba,1095,default,229,20,20,113.8,18,4,96.35087719298245,42.833333333333336,439,44,264,1284,54,E3,20,20,0.0,1.0,0,0
claim,1096,default,408,20,20,210.8,15,4,155.27083333333334,45.8,1064,60,64,64,0,E3,20,20,0.0,1.0,0,0
mas,1096,default,408,20,20,210.8,15,4,155.27083333333334,45.8,1064,60,128,192,0,E3,20,20,0.0,1.0,0,0
mas_iterative,1096,default,408,20,20,210.8,15,4,155.27083333333334,45.8,1064,60,128,192,0,E3,20,20,0.0,1.0,0,0
cbba,1096,default,408,20,20,210.8,15,4,155.27083333333334,45.8,1064,60,304,1408,60,E3,20,20,0.0,1.0,0,0
claim,1097,default,386,20,20,179.3,18,4,129.5909090909091,38.0,994,63,67,67,0,E3,20,20,0.0,1.0,0,0
mas,1097,default,386,20,20,179.3,18,4,129.5909090909091,38.0,994,63,134,201,0,E3,20,20,0.0,1.0,0,0
mas_iterative,1097,default,386,20,20,179.3,18,4,129.5909090909091,38.0,994,63,134,201,0,E3,20,20,0.0,1.0,0,0
cbba,1097,default,386,20,20,179.3,18,4,129.5909090909091,38.0,994,63,307,1343,60,E3,20,20,0.0,1.0,0,0
claim,1098,default,289,20,20,140.25,16,4,108.27450980392157,46.0,603,44,48,48,0,E3,20,20,0.0,1.0,0,0
mas,1098,default,289,20,20,140.25,16,4,108.27450980392157,46.0,603,44,96,144,0,E3,20,20,0.0,1.0,0,0
mas_iterative,1098,default,289,20,20,140.25,16,4,108.27450980392157,46.0,603,44,96,144,0,E3,20,20,0.0,1.0,0,0
cbba,1098,default,289,20,20,140.25,16,4,108.27450980392157,46.0,603,44,272,1308,56,E3,20,20,0.0,1.0,0,0
claim,1099,default,325,20,20,160.75,17,4,124.40425531914893,44.0,812,54,58,58,0,E3,20,20,0.0,1.0,0,0
mas,1099,default,325,20,20,160.75,17,4,124.40425531914893,44.0,812,54,116,174,0,E3,20,20,0.0,1.0,0,0
mas_iterative,1099,default,325,20,20,160.75,17,4,124.40425531914893,44.0,812,54,116,174,0,E3,20,20,0.0,1.0,0,0
cbba,1099,default,325,20,20,160.75,17,4,124.40425531914893,44.0,812,54,290,1302,58,E3,20,20,0.0,1.0,0,0
claim,1101,default,343,20,20,174.95,19,4,131.73469387755102,57.2,753,52,56,56,0,E3,20,20,0.0,1.0,0,0
mas,1101,default,343,20,20,174.95,19,4,131.73469387755102,57.2,753,52,112,168,0,E3,20,20,0.0,1.0,0,0
mas_iterative,1101,default,343,20,20,174.95,19,4,131.73469387755102,57.2,753,52,112,168,0,E3,20,20,0.0,1.0,0,0
cbba,1101,default,343,20,20,174.95,19,4,131.73469387755102,57.2,753,52,312,1472,64,E3,20,20,0.0,1.0,0,0
claim,1102,default,317,20,20,142.2,15,4,116.77966101694915,56.666666666666664,737,52,56,56,0,E3,20,20,0.0,1.0,0,0
mas,1102,default,317,20,20,142.2,15,4,116.77966101694915,56.666666666666664,737,52,112,168,0,E3,20,20,0.0,1.0,0,0
mas_iterative,1102,default,317,20,20,142.2,15,4,116.77966101694915,56.666666666666664,737,52,112,168,0,E3,20,20,0.0,1.0,0,0
cbba,1102,default,317,20,20,142.2,15,4,116.77966101694915,56.666666666666664,737,52,280,1288,56,E3,20,20,0.0,1.0,0,0
claim,1103,default,286,20,20,149.35,15,4,127.44444444444444,45.75,648,50,54,54,0,E3,20,20,0.0,1.0,0,0
mas,1103,default,286,20,20,149.35,15,4,127.44444444444444,45.75,648,50,108,162,0,E3,20,20,0.0,1.0,0,0
mas_iterative,1103,default,286,20,20,149.35,15,4,127.44444444444444,45.75,648,50,108,162,0,E3,20,20,0.0,1.0,0,0
cbba,1103,default,286,20,20,149.35,15,4,127.44444444444444,45.75,648,50,246,1042,48,E3,20,20,0.0,1.0,0,0
claim,1104,default,352,20,20,150.45,16,4,113.1304347826087,34.5,886,59,63,63,0,E3,20,20,0.0,1.0,0,0
mas,1104,default,352,20,20,150.45,16,4,113.1304347826087,34.5,886,59,126,189,0,E3,20,20,0.0,1.0,0,0
mas_iterative,1104,default,352,20,20,150.45,16,4,113.1304347826087,34.5,886,59,126,189,0,E3,20,20,0.0,1.0,0,0
cbba,1104,default,352,20,20,150.45,16,4,113.1304347826087,34.5,886,59,311,1467,62,E3,20,20,0.0,1.0,0,0
claim,1106,default,355,20,20,151.8,15,4,122.30188679245283,55.4,905,57,61,61,0,E3,20,20,0.0,1.0,0,0
mas,1106,default,355,20,20,151.8,15,4,122.30188679245283,55.4,905,57,122,183,0,E3,20,20,0.0,1.0,0,0
mas_iterative,1106,default,355,20,20,151.8,15,4,122.30188679245283,55.4,905,57,122,183,0,E3,20,20,0.0,1.0,0,0
cbba,1106,default,355,20,20,151.8,15,4,122.30188679245283,55.4,905,57,293,1373,58,E3,20,20,0.0,1.0,0,0
claim,1107,default,240,20,20,120.15,16,4,100.3265306122449,47.0,508,48,52,52,0,E3,20,20,0.0,1.0,0,0
mas,1107,default,240,20,20,120.15,16,4,100.3265306122449,47.0,508,48,104,156,0,E3,20,20,0.0,1.0,0,0
mas_iterative,1107,default,240,20,20,120.15,16,4,100.3265306122449,47.0,508,48,104,156,0,E3,20,20,0.0,1.0,0,0
cbba,1107,default,240,20,20,120.15,16,4,100.3265306122449,47.0,508,48,252,1176,50,E3,20,20,0.0,1.0,0,0
claim,1108,default,272,20,20,130.0,17,4,103.46296296296296,36.8,576,46,50,50,0,E3,20,20,0.0,1.0,0,0
mas,1108,default,272,20,20,130.0,17,4,103.46296296296296,36.8,576,46,100,150,0,E3,20,20,0.0,1.0,0,0
mas_iterative,1108,default,272,20,20,130.0,17,4,103.46296296296296,36.8,576,46,100,150,0,E3,20,20,0.0,1.0,0,0
cbba,1108,default,272,20,20,130.0,17,4,103.46296296296296,36.8,576,46,266,1286,54,E3,20,20,0.0,1.0,0,0
claim,1109,default,274,20,20,138.7,16,4,106.97674418604652,33.5,634,50,54,54,0,E3,20,20,0.0,1.0,0,0
mas,1109,default,274,20,20,138.7,16,4,106.97674418604652,33.5,634,50,108,162,0,E3,20,20,0.0,1.0,0,0
mas_iterative,1109,default,274,20,20,138.7,16,4,106.97674418604652,33.5,634,50,108,162,0,E3,20,20,0.0,1.0,0,0
cbba,1109,default,274,20,20,138.7,16,4,106.97674418604652,33.5,634,50,310,1466,64,E3,20,20,0.0,1.0,0,0
claim,1110,default,329,20,20,140.25,16,4,117.14754098360656,52.0,832,55,59,59,0,E3,20,20,0.0,1.0,0,0
mas,1110,default,329,20,20,140.25,16,4,117.14754098360656,52.0,832,55,118,177,0,E3,20,20,0.0,1.0,0,0
mas_iterative,1110,default,329,20,20,140.25,16,4,117.14754098360656,52.0,832,55,118,177,0,E3,20,20,0.0,1.0,0,0
cbba,1110,default,329,20,20,140.25,16,4,117.14754098360656,52.0,832,55,315,1447,64,E3,20,20,0.0,1.0,0,0
claim,1111,default,329,20,20,143.35,17,4,110.66,47.6,834,54,58,58,0,E3,20,20,0.0,1.0,0,0
mas,1111,default,329,20,20,143.35,17,4,110.66,47.6,834,54,116,174,0,E3,20,20,0.0,1.0,0,0
mas_iterative,1111,default,329,20,20,143.35,17,4,110.66,47.6,834,54,116,174,0,E3,20,20,0.0,1.0,0,0
cbba,1111,default,329,20,20,143.35,17,4,110.66,47.6,834,54,282,1226,56,E3,20,20,0.0,1.0,0,0
claim,1112,default,365,20,20,187.75,17,4,153.0888888888889,41.0,875,56,60,60,0,E3,20,20,0.0,1.0,0,0
mas,1112,default,365,20,20,187.75,17,4,153.0888888888889,41.0,875,56,120,180,0,E3,20,20,0.0,1.0,0,0
mas_iterative,1112,default,365,20,20,187.75,17,4,153.0888888888889,41.0,875,56,120,180,0,E3,20,20,0.0,1.0,0,0
cbba,1112,default,365,20,20,187.75,17,4,153.0888888888889,41.0,875,56,252,1100,48,E3,20,20,0.0,1.0,0,0
claim,1113,default,276,20,20,126.55,18,4,98.15094339622641,47.2,516,50,54,54,0,E3,20,20,0.0,1.0,0,0
mas,1113,default,276,20,20,126.55,18,4,98.15094339622641,47.2,516,50,108,162,0,E3,20,20,0.0,1.0,0,0
mas_iterative,1113,default,276,20,20,126.55,18,4,98.15094339622641,47.2,516,50,108,162,0,E3,20,20,0.0,1.0,0,0
cbba,1113,default,276,20,20,126.55,18,4,98.15094339622641,47.2,516,50,278,1338,56,E3,20,20,0.0,1.0,0,0
claim,1114,default,304,20,20,134.7,15,4,103.13461538461539,56.166666666666664,662,47,51,51,0,E3,20,20,0.0,1.0,0,0
mas,1114,default,304,20,20,134.7,15,4,103.13461538461539,56.166666666666664,662,47,102,153,0,E3,20,20,0.0,1.0,0,0
mas_iterative,1114,default,304,20,20,134.7,15,4,103.13461538461539,56.166666666666664,662,47,102,153,0,E3,20,20,0.0,1.0,0,0
cbba,1114,default,304,20,20,134.7,15,4,103.13461538461539,56.166666666666664,662,47,259,1119,52,E3,20,20,0.0,1.0,0,0
claim,1115,default,258,20,20,120.9,18,4,93.27083333333333,51.2,597,52,56,56,0,E3,20,20,0.0,1.0,0,0
mas,1115,default,258,20,20,120.9,18,4,93.27083333333333,51.2,597,52,112,168,0,E3,20,20,0.0,1.0,0,0
mas_iterative,1115,default,258,20,20,120.9,18,4,93.27083333333333,51.2,597,52,112,168,0,E3,20,20,0.0,1.0,0,0
cbba,1115,default,258,20,20,120.9,18,4,93.27083333333333,51.2,597,52,280,1236,56,E3,20,20,0.0,1.0,0,0
claim,1116,default,234,20,20,105.5,15,4,82.45238095238095,27.5,543,49,53,53,0,E3,20,20,0.0,1.0,0,0
mas,1116,default,234,20,20,105.5,15,4,82.45238095238095,27.5,543,49,106,159,0,E3,20,20,0.0,1.0,0,0
mas_iterative,1116,default,234,20,20,105.5,15,4,82.45238095238095,27.5,543,49,106,159,0,E3,20,20,0.0,1.0,0,0
cbba,1116,default,234,20,20,105.5,15,4,82.45238095238095,27.5,543,49,245,1153,48,E3,20,20,0.0,1.0,0,0
claim,1117,default,276,20,20,121.2,15,4,94.94339622641509,37.8,632,48,52,52,0,E3,20,20,0.0,1.0,0,0
mas,1117,default,276,20,20,121.2,15,4,94.94339622641509,37.8,632,48,104,156,0,E3,20,20,0.0,1.0,0,0
mas_iterative,1117,default,276,20,20,121.2,15,4,94.94339622641509,37.8,632,48,104,156,0,E3,20,20,0.0,1.0,0,0
cbba,1117,default,276,20,20,121.2,15,4,94.94339622641509,37.8,632,48,324,1580,68,E3,20,20,0.0,1.0,0,0
claim,1118,default,424,20,20,181.8,15,4,146.0943396226415,52.5,1074,59,63,63,0,E3,20,20,0.0,1.0,0,0
mas,1118,default,424,20,20,181.8,15,4,146.0943396226415,52.5,1074,59,126,189,0,E3,20,20,0.0,1.0,0,0
mas_iterative,1118,default,424,20,20,181.8,15,4,146.0943396226415,52.5,1074,59,126,189,0,E3,20,20,0.0,1.0,0,0
cbba,1118,default,424,20,20,181.8,15,4,146.0943396226415,52.5,1074,59,327,1507,66,E3,20,20,0.0,1.0,0,0
claim,1119,default,282,20,20,140.35,18,4,117.73469387755102,39.0,646,51,55,55,0,E3,20,20,0.0,1.0,0,0
mas,1119,default,282,20,20,140.35,18,4,117.73469387755102,39.0,646,51,110,165,0,E3,20,20,0.0,1.0,0,0
mas_iterative,1119,default,282,20,20,140.35,18,4,117.73469387755102,39.0,646,51,110,165,0,E3,20,20,0.0,1.0,0,0
cbba,1119,default,282,20,20,140.35,18,4,117.73469387755102,39.0,646,51,303,1395,62,E3,20,20,0.0,1.0,0,0
claim,1120,default,234,20,20,124.35,16,4,103.02272727272727,50.5,435,44,48,48,0,E3,20,20,0.0,1.0,0,0
mas,1120,default,234,20,20,124.35,16,4,103.02272727272727,50.5,435,44,96,144,0,E3,20,20,0.0,1.0,0,0
mas_iterative,1120,default,234,20,20,124.35,16,4,103.02272727272727,50.5,435,44,96,144,0,E3,20,20,0.0,1.0,0,0
cbba,1120,default,234,20,20,124.35,16,4,103.02272727272727,50.5,435,44,296,1408,62,E3,20,20,0.0,1.0,0,0
claim,1121,default,308,20,20,147.65,18,4,112.58695652173913,43.5,639,50,54,54,0,E3,20,20,0.0,1.0,0,0
mas,1121,default,308,20,20,147.65,18,4,112.58695652173913,43.5,639,50,108,162,0,E3,20,20,0.0,1.0,0,0
mas_iterative,1121,default,308,20,20,147.65,18,4,112.58695652173913,43.5,639,50,108,162,0,E3,20,20,0.0,1.0,0,0
cbba,1121,default,308,20,20,147.65,18,4,112.58695652173913,43.5,639,50,294,1410,60,E3,20,20,0.0,1.0,0,0
claim,1123,default,225,20,20,113.2,14,4,88.39583333333333,38.8,446,44,48,48,0,E3,20,20,0.0,1.0,0,0
mas,1123,default,225,20,20,113.2,14,4,88.39583333333333,38.8,446,44,96,144,0,E3,20,20,0.0,1.0,0,0
mas_iterative,1123,default,225,20,20,113.2,14,4,88.39583333333333,38.8,446,44,96,144,0,E3,20,20,0.0,1.0,0,0
cbba,1123,default,225,20,20,113.2,14,4,88.39583333333333,38.8,446,44,272,1276,56,E3,20,20,0.0,1.0,0,0
claim,1124,default,211,20,20,99.3,13,4,83.66666666666667,34.0,408,38,42,42,0,E3,20,20,0.0,1.0,0,0
mas,1124,default,211,20,20,99.3,13,4,83.66666666666667,34.0,408,38,84,126,0,E3,20,20,0.0,1.0,0,0
mas_iterative,1124,default,211,20,20,99.3,13,4,83.66666666666667,34.0,408,38,84,126,0,E3,20,20,0.0,1.0,0,0
cbba,1124,default,211,20,20,99.3,13,4,83.66666666666667,34.0,408,38,250,1186,52,E3,20,20,0.0,1.0,0,0
claim,1125,default,369,20,20,177.05,17,4,134.6595744680851,36.0,920,59,63,63,0,E3,20,20,0.0,1.0,0,0
mas,1125,default,369,20,20,177.05,17,4,134.6595744680851,36.0,920,59,126,189,0,E3,20,20,0.0,1.0,0,0
mas_iterative,1125,default,369,20,20,177.05,17,4,134.6595744680851,36.0,920,59,126,189,0,E3,20,20,0.0,1.0,0,0
cbba,1125,default,369,20,20,177.05,17,4,134.6595744680851,36.0,920,59,343,1643,70,E3,20,20,0.0,1.0,0,0
claim,1126,default,212,20,20,108.0,14,4,83.96,50.5,431,47,51,51,0,E3,20,20,0.0,1.0,0,0
mas,1126,default,212,20,20,108.0,14,4,83.96,50.5,431,47,102,153,0,E3,20,20,0.0,1.0,0,0
mas_iterative,1126,default,212,20,20,108.0,14,4,83.96,50.5,431,47,102,153,0,E3,20,20,0.0,1.0,0,0
cbba,1126,default,212,20,20,108.0,14,4,83.96,50.5,431,47,283,1363,58,E3,20,20,0.0,1.0,0,0
claim,1127,default,204,20,20,101.1,16,4,88.48979591836735,28.333333333333332,337,42,46,46,0,E3,20,20,0.0,1.0,0,0
mas,1127,default,204,20,20,101.1,16,4,88.48979591836735,28.333333333333332,337,42,92,138,0,E3,20,20,0.0,1.0,0,0
mas_iterative,1127,default,204,20,20,101.1,16,4,88.48979591836735,28.333333333333332,337,42,92,138,0,E3,20,20,0.0,1.0,0,0
cbba,1127,default,204,20,20,101.1,16,4,88.48979591836735,28.333333333333332,337,42,254,1214,52,E3,20,20,0.0,1.0,0,0
claim,1128,default,267,20,20,125.05,12,4,96.5,33.333333333333336,561,41,45,45,0,E3,20,20,0.0,1.0,0,0
mas,1128,default,267,20,20,125.05,12,4,96.5,33.333333333333336,561,41,90,135,0,E3,20,20,0.0,1.0,0,0
mas_iterative,1128,default,267,20,20,125.05,12,4,96.5,33.333333333333336,561,41,90,135,0,E3,20,20,0.0,1.0,0,0
cbba,1128,default,267,20,20,125.05,12,4,96.5,33.333333333333336,561,41,253,1185,52,E3,20,20,0.0,1.0,0,0
claim,1129,default,249,20,20,116.7,15,4,101.04081632653062,27.0,404,42,46,46,0,E3,20,20,0.0,1.0,0,0
mas,1129,default,249,20,20,116.7,15,4,101.04081632653062,27.0,404,42,92,138,0,E3,20,20,0.0,1.0,0,0
mas_iterative,1129,default,249,20,20,116.7,15,4,101.04081632653062,27.0,404,42,92,138,0,E3,20,20,0.0,1.0,0,0
cbba,1129,default,249,20,20,116.7,15,4,101.04081632653062,27.0,404,42,262,1262,54,E3,20,20,0.0,1.0,0,0
claim,1130,default,317,20,20,132.15,16,4,106.0,46.6,775,58,62,62,0,E3,20,20,0.0,1.0,0,0
mas,1130,default,317,20,20,132.15,16,4,106.0,46.6,775,58,124,186,0,E3,20,20,0.0,1.0,0,0
mas_iterative,1130,default,317,20,20,132.15,16,4,106.0,46.6,775,58,124,186,0,E3,20,20,0.0,1.0,0,0
cbba,1130,default,317,20,20,132.15,16,4,106.0,46.6,775,58,310,1402,62,E3,20,20,0.0,1.0,0,0
claim,1131,default,281,20,20,136.55,17,4,112.0677966101695,65.875,668,53,57,57,0,E3,20,20,0.0,1.0,0,0
mas,1131,default,281,20,20,136.55,17,4,112.0677966101695,65.875,668,53,114,171,0,E3,20,20,0.0,1.0,0,0
mas_iterative,1131,default,281,20,20,136.55,17,4,112.0677966101695,65.875,668,53,114,171,0,E3,20,20,0.0,1.0,0,0
cbba,1131,default,281,20,20,136.55,17,4,112.0677966101695,65.875,668,53,249,1157,48,E3,20,20,0.0,1.0,0,0
claim,1132,default,247,20,20,123.9,14,4,102.09433962264151,38.666666666666664,496,41,45,45,0,E3,20,20,0.0,1.0,0,0
mas,1132,default,247,20,20,123.9,14,4,102.09433962264151,38.666666666666664,496,41,90,135,0,E3,20,20,0.0,1.0,0,0
mas_iterative,1132,default,247,20,20,123.9,14,4,102.09433962264151,38.666666666666664,496,41,90,135,0,E3,20,20,0.0,1.0,0,0
cbba,1132,default,247,20,20,123.9,14,4,102.09433962264151,38.666666666666664,496,41,213,969,42,E3,20,20,0.0,1.0,0,0
claim,1133,default,388,20,20,159.1,17,4,125.75471698113208,38.75,1042,64,68,68,0,E3,20,20,0.0,1.0,0,0
mas,1133,default,388,20,20,159.1,17,4,125.75471698113208,38.75,1042,64,136,204,0,E3,20,20,0.0,1.0,0,0
mas_iterative,1133,default,388,20,20,159.1,17,4,125.75471698113208,38.75,1042,64,136,204,0,E3,20,20,0.0,1.0,0,0
cbba,1133,default,388,20,20,159.1,17,4,125.75471698113208,38.75,1042,64,324,1412,64,E3,20,20,0.0,1.0,0,0
claim,1134,default,239,20,20,107.3,13,4,90.26530612244898,28.5,492,43,47,47,0,E3,20,20,0.0,1.0,0,0
mas,1134,default,239,20,20,107.3,13,4,90.26530612244898,28.5,492,43,94,141,0,E3,20,20,0.0,1.0,0,0
mas_iterative,1134,default,239,20,20,107.3,13,4,90.26530612244898,28.5,492,43,94,141,0,E3,20,20,0.0,1.0,0,0
cbba,1134,default,239,20,20,107.3,13,4,90.26530612244898,28.5,492,43,271,1271,56,E3,20,20,0.0,1.0,0,0
claim,1135,default,336,20,20,141.0,17,4,108.625,47.6,840,55,59,59,0,E3,20,20,0.0,1.0,0,0
mas,1135,default,336,20,20,141.0,17,4,108.625,47.6,840,55,118,177,0,E3,20,20,0.0,1.0,0,0
mas_iterative,1135,default,336,20,20,141.0,17,4,108.625,47.6,840,55,118,177,0,E3,20,20,0.0,1.0,0,0
cbba,1135,default,336,20,20,141.0,17,4,108.625,47.6,840,55,275,1303,54,E3,20,20,0.0,1.0,0,0
claim,1136,default,270,20,20,141.65,17,4,115.17647058823529,60.4,527,45,49,49,0,E3,20,20,0.0,1.0,0,0
mas,1136,default,270,20,20,141.65,17,4,115.17647058823529,60.4,527,45,98,147,0,E3,20,20,0.0,1.0,0,0
mas_iterative,1136,default,270,20,20,141.65,17,4,115.17647058823529,60.4,527,45,98,147,0,E3,20,20,0.0,1.0,0,0
cbba,1136,default,270,20,20,141.65,17,4,115.17647058823529,60.4,527,45,233,1097,46,E3,20,20,0.0,1.0,0,0
claim,1137,default,269,20,20,133.3,16,4,100.85106382978724,38.75,562,46,50,50,0,E3,20,20,0.0,1.0,0,0
mas,1137,default,269,20,20,133.3,16,4,100.85106382978724,38.75,562,46,100,150,0,E3,20,20,0.0,1.0,0,0
mas_iterative,1137,default,269,20,20,133.3,16,4,100.85106382978724,38.75,562,46,100,150,0,E3,20,20,0.0,1.0,0,0
cbba,1137,default,269,20,20,133.3,16,4,100.85106382978724,38.75,562,46,282,1382,58,E3,20,20,0.0,1.0,0,0
claim,1138,default,235,20,20,124.6,15,4,107.05555555555556,39.5,501,47,51,51,0,E3,20,20,0.0,1.0,0,0
mas,1138,default,235,20,20,124.6,15,4,107.05555555555556,39.5,501,47,102,153,0,E3,20,20,0.0,1.0,0,0
mas_iterative,1138,default,235,20,20,124.6,15,4,107.05555555555556,39.5,501,47,102,153,0,E3,20,20,0.0,1.0,0,0
cbba,1138,default,235,20,20,124.6,15,4,107.05555555555556,39.5,501,47,227,1051,44,E3,20,20,0.0,1.0,0,0
claim,1139,default,274,20,20,133.65,15,4,109.48148148148148,48.0,597,48,52,52,0,E3,20,20,0.0,1.0,0,0
mas,1139,default,274,20,20,133.65,15,4,109.48148148148148,48.0,597,48,104,156,0,E3,20,20,0.0,1.0,0,0
mas_iterative,1139,default,274,20,20,133.65,15,4,109.48148148148148,48.0,597,48,104,156,0,E3,20,20,0.0,1.0,0,0
cbba,1139,default,274,20,20,133.65,15,4,109.48148148148148,48.0,597,48,276,1280,56,E3,20,20,0.0,1.0,0,0
claim,1140,default,323,20,20,139.7,18,4,106.33333333333333,36.25,786,60,64,64,0,E3,20,20,0.0,1.0,0,0
mas,1140,default,323,20,20,139.7,18,4,106.33333333333333,36.25,786,60,128,192,0,E3,20,20,0.0,1.0,0,0
mas_iterative,1140,default,323,20,20,139.7,18,4,106.33333333333333,36.25,786,60,128,192,0,E3,20,20,0.0,1.0,0,0
cbba,1140,default,323,20,20,139.7,18,4,106.33333333333333,36.25,786,60,344,1640,70,E3,20,20,0.0,1.0,0,0
claim,1141,default,351,20,20,161.45,14,4,125.12727272727273,66.875,889,52,56,56,0,E3,20,20,0.0,1.0,0,0
mas,1141,default,351,20,20,161.45,14,4,125.12727272727273,66.875,889,52,112,168,0,E3,20,20,0.0,1.0,0,0
mas_iterative,1141,default,351,20,20,161.45,14,4,125.12727272727273,66.875,889,52,112,168,0,E3,20,20,0.0,1.0,0,0
cbba,1141,default,351,20,20,161.45,14,4,125.12727272727273,66.875,889,52,296,1416,60,E3,20,20,0.0,1.0,0,0
claim,1142,default,343,20,20,150.25,17,4,120.84,40.25,824,52,56,56,0,E3,20,20,0.0,1.0,0,0
mas,1142,default,343,20,20,150.25,17,4,120.84,40.25,824,52,112,168,0,E3,20,20,0.0,1.0,0,0
mas_iterative,1142,default,343,20,20,150.25,17,4,120.84,40.25,824,52,112,168,0,E3,20,20,0.0,1.0,0,0
cbba,1142,default,343,20,20,150.25,17,4,120.84,40.25,824,52,296,1380,60,E3,20,20,0.0,1.0,0,0
claim,1143,default,283,20,20,123.0,15,4,89.95348837209302,43.333333333333336,558,45,49,49,0,E3,20,20,0.0,1.0,0,0
mas,1143,default,283,20,20,123.0,15,4,89.95348837209302,43.333333333333336,558,45,98,147,0,E3,20,20,0.0,1.0,0,0
mas_iterative,1143,default,283,20,20,123.0,15,4,89.95348837209302,43.333333333333336,558,45,98,147,0,E3,20,20,0.0,1.0,0,0
cbba,1143,default,283,20,20,123.0,15,4,89.95348837209302,43.333333333333336,558,45,265,1265,54,E3,20,20,0.0,1.0,0,0
claim,1144,default,351,20,20,157.1,17,4,118.09803921568627,54.833333333333336,896,56,60,60,0,E3,20,20,0.0,1.0,0,0
mas,1144,default,351,20,20,157.1,17,4,118.09803921568627,54.833333333333336,896,56,120,180,0,E3,20,20,0.0,1.0,0,0
mas_iterative,1144,default,351,20,20,157.1,17,4,118.09803921568627,54.833333333333336,896,56,120,180,0,E3,20,20,0.0,1.0,0,0
cbba,1144,default,351,20,20,157.1,17,4,118.09803921568627,54.833333333333336,896,56,308,1404,62,E3,20,20,0.0,1.0,0,0
claim,1145,default,298,20,20,138.0,15,4,105.03571428571429,57.75,730,49,53,53,0,E3,20,20,0.0,1.0,0,0
mas,1145,default,298,20,20,138.0,15,4,105.03571428571429,57.75,730,49,106,159,0,E3,20,20,0.0,1.0,0,0
mas_iterative,1145,default,298,20,20,138.0,15,4,105.03571428571429,57.75,730,49,106,159,0,E3,20,20,0.0,1.0,0,0
cbba,1145,default,298,20,20,138.0,15,4,105.03571428571429,57.75,730,49,293,1433,60,E3,20,20,0.0,1.0,0,0
claim,1146,default,309,20,20,143.55,15,4,121.61818181818182,50.5,672,50,54,54,0,E3,20,20,0.0,1.0,0,0
mas,1146,default,309,20,20,143.55,15,4,121.61818181818182,50.5,672,50,108,162,0,E3,20,20,0.0,1.0,0,0
mas_iterative,1146,default,309,20,20,143.55,15,4,121.61818181818182,50.5,672,50,108,162,0,E3,20,20,0.0,1.0,0,0
cbba,1146,default,309,20,20,143.55,15,4,121.61818181818182,50.5,672,50,238,1066,46,E3,20,20,0.0,1.0,0,0
claim,1147,default,301,20,20,131.3,17,4,102.80851063829788,38.666666666666664,710,50,54,54,0,E3,20,20,0.0,1.0,0,0
mas,1147,default,301,20,20,131.3,17,4,102.80851063829788,38.666666666666664,710,50,108,162,0,E3,20,20,0.0,1.0,0,0
mas_iterative,1147,default,301,20,20,131.3,17,4,102.80851063829788,38.666666666666664,710,50,108,162,0,E3,20,20,0.0,1.0,0,0
cbba,1147,default,301,20,20,131.3,17,4,102.80851063829788,38.666666666666664,710,50,302,1442,62,E3,20,20,0.0,1.0,0,0
claim,1149,default,224,20,20,107.65,16,4,88.0576923076923,42.0,430,43,47,47,0,E3,20,20,0.0,1.0,0,0
mas,1149,default,224,20,20,107.65,16,4,88.0576923076923,42.0,430,43,94,141,0,E3,20,20,0.0,1.0,0,0
mas_iterative,1149,default,224,20,20,107.65,16,4,88.0576923076923,42.0,430,43,94,141,0,E3,20,20,0.0,1.0,0,0
cbba,1149,default,224,20,20,107.65,16,4,88.0576923076923,42.0,430,43,263,1259,54,E3,20,20,0.0,1.0,0,0
claim,1150,default,229,20,20,120.6,15,4,91.39583333333333,39.6,436,39,43,43,0,E3,20,20,0.0,1.0,0,0
mas,1150,default,229,20,20,120.6,15,4,91.39583333333333,39.6,436,39,86,129,0,E3,20,20,0.0,1.0,0,0
mas_iterative,1150,default,229,20,20,120.6,15,4,91.39583333333333,39.6,436,39,86,129,0,E3,20,20,0.0,1.0,0,0
cbba,1150,default,229,20,20,120.6,15,4,91.39583333333333,39.6,436,39,251,1223,52,E3,20,20,0.0,1.0,0,0
claim,1152,default,343,20,20,148.45,16,4,115.25,46.5,862,54,58,58,0,E3,20,20,0.0,1.0,0,0
mas,1152,default,343,20,20,148.45,16,4,115.25,46.5,862,54,116,174,0,E3,20,20,0.0,1.0,0,0
mas_iterative,1152,default,343,20,20,148.45,16,4,115.25,46.5,862,54,116,174,0,E3,20,20,0.0,1.0,0,0
cbba,1152,default,343,20,20,148.45,16,4,115.25,46.5,862,54,306,1494,62,E3,20,20,0.0,1.0,0,0
claim,1153,default,367,20,20,165.75,17,4,133.0,49.8,897,59,63,63,0,E3,20,20,0.0,1.0,0,0
mas,1153,default,367,20,20,165.75,17,4,133.0,49.8,897,59,126,189,0,E3,20,20,0.0,1.0,0,0
mas_iterative,1153,default,367,20,20,165.75,17,4,133.0,49.8,897,59,126,189,0,E3,20,20,0.0,1.0,0,0
cbba,1153,default,367,20,20,165.75,17,4,133.0,49.8,897,59,319,1411,64,E3,20,20,0.0,1.0,0,0
claim,1155,default,321,20,20,138.55,16,4,96.83333333333333,44.6,788,55,59,59,0,E3,20,20,0.0,1.0,0,0
mas,1155,default,321,20,20,138.55,16,4,96.83333333333333,44.6,788,55,118,177,0,E3,20,20,0.0,1.0,0,0
mas_iterative,1155,default,321,20,20,138.55,16,4,96.83333333333333,44.6,788,55,118,177,0,E3,20,20,0.0,1.0,0,0
cbba,1155,default,321,20,20,138.55,16,4,96.83333333333333,44.6,788,55,275,1271,54,E3,20,20,0.0,1.0,0,0
claim,1156,default,256,20,20,132.8,15,4,114.74468085106383,30.0,476,44,48,48,0,E3,20,20,0.0,1.0,0,0
mas,1156,default,256,20,20,132.8,15,4,114.74468085106383,30.0,476,44,96,144,0,E3,20,20,0.0,1.0,0,0
mas_iterative,1156,default,256,20,20,132.8,15,4,114.74468085106383,30.0,476,44,96,144,0,E3,20,20,0.0,1.0,0,0
cbba,1156,default,256,20,20,132.8,15,4,114.74468085106383,30.0,476,44,264,1244,54,E3,20,20,0.0,1.0,0,0
claim,1157,default,316,20,20,144.7,16,4,111.72916666666667,35.666666666666664,762,50,54,54,0,E3,20,20,0.0,1.0,0,0
mas,1157,default,316,20,20,144.7,16,4,111.72916666666667,35.666666666666664,762,50,108,162,0,E3,20,20,0.0,1.0,0,0
mas_iterative,1157,default,316,20,20,144.7,16,4,111.72916666666667,35.666666666666664,762,50,108,162,0,E3,20,20,0.0,1.0,0,0
cbba,1157,default,322,20,20,149.2,16,4,115.47916666666667,35.666666666666664,722,49,269,1241,54,E3,20,20,0.0,1.0,0,0
