policy,seed,scenario,completion_time,victims_total,victims_rescued,avg_waiting_time,duplicate_conflicts,rescue_agents,weighted_wait,critical_wait,wasted_ticks,idle_ticks,messages,message_payload,experiment,victims,grid,blockage,comm_loss
no_coordination,1000,default,324,20,20,119.05,17,4,91.52173913043478,32.0,854,55,0,0,E4,20,20,0.0,0.0
claim,1000,default,151,20,20,77.9,3,4,64.91304347826087,32.0,71,75,23,23,E4,20,20,0.0,0.0
mas,1000,default,143,20,20,70.05,0,4,57.97826086956522,27.666666666666668,0,80,50,75,E4,20,20,0.0,0.0
mas_iterative,1000,default,142,20,20,69.15,0,4,57.17391304347826,27.333333333333332,0,76,48,72,E4,20,20,0.0,0.0
hungarian,1000,default,140,20,20,66.75,0,4,55.45652173913044,28.333333333333332,0,94,60,474,E4,20,20,0.0,0.0
no_coordination,1001,default,287,20,20,110.3,17,4,91.03571428571429,40.4,685,51,0,0,E4,20,20,0.0,0.0
claim,1001,default,166,20,20,81.15,2,4,71.44642857142857,40.4,61,99,22,22,E4,20,20,0.0,0.0
mas,1001,default,140,20,20,70.7,0,4,61.714285714285715,36.2,0,57,48,72,E4,20,20,0.0,0.0
mas_iterative,1001,default,139,20,20,69.8,0,4,60.910714285714285,35.8,0,53,50,75,E4,20,20,0.0,0.0
hungarian,1001,default,139,20,20,69.8,0,4,60.910714285714285,35.8,0,53,60,476,E4,20,20,0.0,0.0
no_coordination,1002,default,299,20,20,127.7,15,4,97.95652173913044,50.0,715,51,0,0,E4,20,20,0.0,0.0
claim,1002,default,178,20,20,88.3,2,4,72.71739130434783,47.0,61,122,22,22,E4,20,20,0.0,0.0
mas,1002,default,168,20,20,79.35,0,4,63.80434782608695,35.75,0,128,50,75,E4,20,20,0.0,0.0
mas_iterative,1002,default,167,20,20,78.25,0,4,62.76086956521739,34.75,0,124,48,72,E4,20,20,0.0,0.0
hungarian,1002,default,163,20,20,77.05,0,4,61.82608695652174,33.75,0,112,60,476,E4,20,20,0.0,0.0
no_coordination,1003,default,232,20,20,107.0,15,4,79.54166666666667,46.666666666666664,495,45,0,0,E4,20,20,0.0,0.0
claim,1003,default,171,20,20,82.55,5,4,65.54166666666667,44.5,162,74,27,27,E4,20,20,0.0,0.0
mas,1003,default,144,20,20,69.35,0,4,54.958333333333336,36.333333333333336,0,87,50,75,E4,20,20,0.0,0.0
mas_iterative,1003,default,144,20,20,68.3,0,4,54.0625,35.5,0,87,50,75,E4,20,20,0.0,0.0
hungarian,1003,default,144,20,20,68.3,0,4,54.0625,35.5,0,87,60,476,E4,20,20,0.0,0.0
no_coordination,1004,default,320,20,20,139.05,16,4,113.7872340425532,38.333333333333336,766,56,0,0,E4,20,20,0.0,0.0
claim,1004,default,181,20,20,96.3,3,4,82.97872340425532,40.0,94,86,23,23,E4,20,20,0.0,0.0
mas,1004,default,161,20,20,77.2,0,4,65.80851063829788,29.333333333333332,0,107,50,75,E4,20,20,0.0,0.0
mas_iterative,1004,default,160,20,20,76.25,0,4,64.91489361702128,29.0,0,103,48,72,E4,20,20,0.0,0.0
hungarian,1004,default,161,20,20,76.75,0,4,64.57446808510639,29.0,0,89,60,474,E4,20,20,0.0,0.0
no_coordination,1005,default,255,20,20,113.2,16,4,95.63636363636364,52.0,589,50,0,0,E4,20,20,0.0,0.0
claim,1005,default,151,20,20,77.3,3,4,69.25454545454545,47.666666666666664,68,111,23,23,E4,20,20,0.0,0.0
mas,1005,default,139,20,20,66.0,0,4,58.10909090909091,38.666666666666664,0,120,48,72,E4,20,20,0.0,0.0
mas_iterative,1005,default,138,20,20,65.25,0,4,57.41818181818182,38.0,0,116,44,66,E4,20,20,0.0,0.0
hungarian,1005,default,138,20,20,65.25,0,4,57.41818181818182,38.0,0,116,60,472,E4,20,20,0.0,0.0
no_coordination,1006,default,243,20,20,109.35,17,4,87.48717948717949,38.0,528,49,0,0,E4,20,20,0.0,0.0
claim,1006,default,184,20,20,99.0,6,4,82.02564102564102,38.0,183,104,29,29,E4,20,20,0.0,0.0
mas,1006,default,150,20,20,68.95,0,4,57.35897435897436,29.0,0,103,46,69,E4,20,20,0.0,0.0
mas_iterative,1006,default,149,20,20,68.3,0,4,56.743589743589745,28.5,0,99,46,69,E4,20,20,0.0,0.0
hungarian,1006,default,149,20,20,68.3,0,4,56.743589743589745,28.5,0,99,60,474,E4,20,20,0.0,0.0
no_coordination,1007,default,229,20,20,114.9,13,4,94.4,33.0,474,43,0,0,E4,20,20,0.0,0.0
claim,1007,default,142,20,20,80.1,3,4,70.24444444444444,33.0,87,66,23,23,E4,20,20,0.0,0.0
mas,1007,default,126,20,20,68.2,0,4,60.044444444444444,33.0,0,91,46,69,E4,20,20,0.0,0.0
mas_iterative,1007,default,123,20,20,67.25,0,4,59.31111111111111,33.0,0,79,46,69,E4,20,20,0.0,0.0
hungarian,1007,default,126,20,20,67.45,0,4,59.111111111111114,28.0,0,83,60,474,E4,20,20,0.0,0.0
no_coordination,1008,default,246,20,20,120.05,17,4,98.44,36.25,443,44,0,0,E4,20,20,0.0,0.0
claim,1008,default,181,20,20,100.1,4,4,86.44,36.25,119,64,24,24,E4,20,20,0.0,0.0
mas,1008,default,156,20,20,78.85,0,4,68.26,30.5,0,64,48,72,E4,20,20,0.0,0.0
mas_iterative,1008,default,156,20,20,77.9,0,4,67.42,30.25,0,64,48,72,E4,20,20,0.0,0.0
hungarian,1008,default,156,20,20,77.9,0,4,67.42,30.25,0,64,60,474,E4,20,20,0.0,0.0
no_coordination,1009,default,343,20,20,149.25,18,4,117.1063829787234,33.333333333333336,836,55,0,0,E4,20,20,0.0,0.0
claim,1009,default,236,20,20,116.05,6,4,95.0,38.0,209,140,27,27,E4,20,20,0.0,0.0
mas,1009,default,177,20,20,85.75,0,4,70.51063829787235,27.666666666666668,0,90,48,72,E4,20,20,0.0,0.0
mas_iterative,1009,default,175,20,20,84.9,0,4,69.72340425531915,27.333333333333332,0,82,48,72,E4,20,20,0.0,0.0
hungarian,1009,default,173,20,20,84.3,0,4,69.55319148936171,27.333333333333332,0,74,60,476,E4,20,20,0.0,0.0
no_coordination,1010,default,335,20,20,157.4,17,4,131.73584905660377,62.8,865,55,0,0,E4,20,20,0.0,0.0
claim,1010,default,190,20,20,111.5,4,4,98.05660377358491,57.6,206,64,28,28,E4,20,20,0.0,0.0
mas,1010,default,147,20,20,73.0,0,4,62.264150943396224,37.8,0,75,46,70,E4,20,20,0.0,0.0
mas_iterative,1010,default,145,20,20,71.95,0,4,61.283018867924525,37.0,0,67,48,73,E4,20,20,0.0,0.0
hungarian,1010,default,148,20,20,71.8,0,4,61.16981132075472,37.0,0,79,60,474,E4,20,20,0.0,0.0
no_coordination,1011,default,252,20,20,125.25,17,4,99.48148148148148,39.4,511,53,0,0,E4,20,20,0.0,0.0
claim,1011,default,167,20,20,80.9,2,4,67.24074074074075,37.2,57,129,22,22,E4,20,20,0.0,0.0
mas,1011,default,156,20,20,72.35,0,4,59.27777777777778,33.4,0,126,48,72,E4,20,20,0.0,0.0
mas_iterative,1011,default,155,20,20,71.5,0,4,58.48148148148148,33.0,0,122,48,72,E4,20,20,0.0,0.0
hungarian,1011,default,155,20,20,71.5,0,4,58.48148148148148,33.0,0,122,60,476,E4,20,20,0.0,0.0
no_coordination,1012,default,237,20,20,108.7,15,4,93.84905660377359,42.0,524,49,0,0,E4,20,20,0.0,0.0
claim,1012,default,159,20,20,78.25,3,4,70.20754716981132,40.2,67,125,23,23,E4,20,20,0.0,0.0
mas,1012,default,139,20,20,65.35,0,4,57.83018867924528,35.0,0,118,48,72,E4,20,20,0.0,0.0
mas_iterative,1012,default,138,20,20,64.6,0,4,57.18867924528302,34.8,0,114,44,66,E4,20,20,0.0,0.0
hungarian,1012,default,138,20,20,64.6,0,4,57.18867924528302,34.8,0,114,60,472,E4,20,20,0.0,0.0
no_coordination,1013,default,253,20,20,131.9,15,4,107.85365853658537,nan,549,41,0,0,E4,20,20,0.0,0.0
claim,1013,default,180,20,20,81.85,2,4,74.39024390243902,nan,57,160,22,22,E4,20,20,0.0,0.0
mas,1013,default,167,20,20,73.25,0,4,65.63414634146342,nan,0,151,50,75,E4,20,20,0.0,0.0
mas_iterative,1013,default,165,20,20,72.2,0,4,64.6829268292683,nan,0,143,48,72,E4,20,20,0.0,0.0
hungarian,1013,default,162,20,20,70.95,0,4,64.51219512195122,nan,0,131,60,476,E4,20,20,0.0,0.0
no_coordination,1014,default,273,20,20,110.0,15,4,90.48,28.5,617,49,0,0,E4,20,20,0.0,0.0
claim,1014,default,178,20,20,84.9,2,4,72.92,28.5,59,120,22,22,E4,20,20,0.0,0.0
mas,1014,default,163,20,20,74.9,0,4,64.02,28.5,0,112,48,72,E4,20,20,0.0,0.0
mas_iterative,1014,default,162,20,20,74.05,0,4,63.24,28.5,0,108,46,69,E4,20,20,0.0,0.0
hungarian,1014,default,164,20,20,74.4,0,4,62.32,28.0,0,102,60,476,E4,20,20,0.0,0.0
no_coordination,1015,default,242,20,20,120.95,15,4,103.42,34.0,412,41,0,0,E4,20,20,0.0,0.0
claim,1015,default,181,20,20,94.4,3,4,84.04,34.0,89,79,23,23,E4,20,20,0.0,0.0
mas,1015,default,168,20,20,82.5,0,4,73.36,34.0,0,92,52,78,E4,20,20,0.0,0.0
mas_iterative,1015,default,168,20,20,81.4,0,4,72.42,34.0,0,92,48,72,E4,20,20,0.0,0.0
hungarian,1015,default,166,20,20,81.4,0,4,72.38,34.0,0,84,60,476,E4,20,20,0.0,0.0
no_coordination,1016,default,261,20,20,130.45,17,4,95.0,43.333333333333336,596,51,0,0,E4,20,20,0.0,0.0
claim,1016,default,153,20,20,79.25,6,4,64.08,39.833333333333336,133,81,26,26,E4,20,20,0.0,0.0
mas,1016,default,127,20,20,63.05,0,4,51.58,35.666666666666664,0,92,48,72,E4,20,20,0.0,0.0
mas_iterative,1016,default,126,20,20,62.15,0,4,50.76,35.166666666666664,0,88,48,72,E4,20,20,0.0,0.0
hungarian,1016,default,126,20,20,62.4,0,4,50.88,35.5,0,92,60,476,E4,20,20,0.0,0.0
no_coordination,1017,default,266,20,20,123.3,15,4,102.11538461538461,41.666666666666664,582,45,0,0,E4,20,20,0.0,0.0
claim,1017,default,206,20,20,89.8,6,4,78.0,41.666666666666664,269,55,31,31,E4,20,20,0.0,0.0
mas,1017,default,154,20,20,71.6,0,4,62.26923076923077,36.333333333333336,0,120,50,75,E4,20,20,0.0,0.0
mas_iterative,1017,default,152,20,20,70.7,0,4,61.44230769230769,36.0,0,112,48,72,E4,20,20,0.0,0.0
hungarian,1017,default,152,20,20,71.3,0,4,61.90384615384615,37.333333333333336,0,108,60,482,E4,20,20,0.0,0.0
no_coordination,1018,default,298,20,20,138.0,13,4,103.06818181818181,32.666666666666664,584,43,0,0,E4,20,20,0.0,0.0
claim,1018,default,209,20,20,105.15,3,4,83.70454545454545,32.666666666666664,89,123,23,23,E4,20,20,0.0,0.0
mas,1018,default,184,20,20,91.7,0,4,71.38636363636364,32.666666666666664,0,86,48,72,E4,20,20,0.0,0.0
mas_iterative,1018,default,189,20,20,91.2,0,4,70.79545454545455,32.666666666666664,0,106,48,72,E4,20,20,0.0,0.0
hungarian,1018,default,189,20,20,91.55,0,4,70.79545454545455,32.666666666666664,0,106,60,476,E4,20,20,0.0,0.0
no_coordination,1019,default,283,20,20,127.15,14,4,106.72549019607843,32.0,643,50,0,0,E4,20,20,0.0,0.0
claim,1019,default,163,20,20,88.15,2,4,77.2156862745098,32.0,59,43,22,22,E4,20,20,0.0,0.0
mas,1019,default,156,20,20,77.25,0,4,67.05882352941177,32.0,0,73,48,72,E4,20,20,0.0,0.0
mas_iterative,1019,default,155,20,20,76.6,0,4,66.41176470588235,32.0,0,69,44,66,E4,20,20,0.0,0.0
hungarian,1019,default,156,20,20,76.65,0,4,66.43137254901961,32.0,0,73,60,472,E4,20,20,0.0,0.0
no_coordination,1020,default,221,20,20,123.25,14,4,98.54347826086956,28.5,354,41,0,0,E4,20,20,0.0,0.0
claim,1020,default,187,20,20,95.55,2,4,79.93478260869566,28.5,59,118,22,22,E4,20,20,0.0,0.0
mas,1020,default,176,20,20,84.7,0,4,69.84782608695652,28.5,0,126,48,72,E4,20,20,0.0,0.0
mas_iterative,1020,default,175,20,20,83.85,0,4,69.04347826086956,28.5,0,122,48,72,E4,20,20,0.0,0.0
hungarian,1020,default,168,20,20,83.35,0,4,68.84782608695652,28.5,0,92,60,474,E4,20,20,0.0,0.0
no_coordination,1021,default,328,20,20,137.85,15,4,105.45652173913044,35.666666666666664,716,50,0,0,E4,20,20,0.0,0.0
claim,1021,default,158,20,20,82.1,2,4,68.6304347826087,35.666666666666664,59,68,22,22,E4,20,20,0.0,0.0
mas,1021,default,146,20,20,72.5,0,4,59.47826086956522,28.666666666666668,0,66,51,77,E4,20,20,0.0,0.0
mas_iterative,1021,default,144,20,20,71.2,0,4,58.32608695652174,28.333333333333332,0,58,48,72,E4,20,20,0.0,0.0
hungarian,1021,default,144,20,20,71.2,0,4,58.32608695652174,28.333333333333332,0,58,60,476,E4,20,20,0.0,0.0
no_coordination,1022,default,261,20,20,129.4,16,4,106.70588235294117,42.25,544,48,0,0,E4,20,20,0.0,0.0
claim,1022,default,187,20,20,94.85,4,4,81.17647058823529,41.5,117,106,24,24,E4,20,20,0.0,0.0
mas,1022,default,144,20,20,75.15,0,4,64.13725490196079,41.5,0,42,50,75,E4,20,20,0.0,0.0
mas_iterative,1022,default,143,20,20,74.25,0,4,63.27450980392157,41.0,0,38,48,72,E4,20,20,0.0,0.0
hungarian,1022,default,143,20,20,74.25,0,4,63.27450980392157,41.0,0,38,60,476,E4,20,20,0.0,0.0
no_coordination,1023,default,288,20,20,151.2,19,4,124.58823529411765,38.0,616,47,0,0,E4,20,20,0.0,0.0
claim,1023,default,224,20,20,113.95,7,4,95.31372549019608,38.0,253,51,31,31,E4,20,20,0.0,0.0
mas,1023,default,178,20,20,84.15,0,4,70.50980392156863,29.333333333333332,0,115,44,66,E4,20,20,0.0,0.0
mas_iterative,1023,default,177,20,20,83.65,0,4,70.01960784313725,29.0,0,111,46,69,E4,20,20,0.0,0.0
hungarian,1023,default,177,20,20,83.65,0,4,70.01960784313725,29.0,0,111,60,474,E4,20,20,0.0,0.0
no_coordination,1024,default,364,20,20,178.9,14,4,146.71428571428572,54.333333333333336,934,53,0,0,E4,20,20,0.0,0.0
claim,1024,default,211,20,20,128.4,4,4,113.61224489795919,54.333333333333336,238,77,29,29,E4,20,20,0.0,0.0
mas,1024,default,165,20,20,80.3,0,4,69.79591836734694,29.666666666666668,0,94,46,70,E4,20,20,0.0,0.0
mas_iterative,1024,default,165,20,20,79.35,0,4,68.85714285714286,29.0,0,94,48,73,E4,20,20,0.0,0.0
hungarian,1024,default,165,20,20,79.35,0,4,68.85714285714286,29.0,0,94,60,474,E4,20,20,0.0,0.0
no_coordination,1025,default,233,20,20,122.55,14,4,95.18367346938776,42.0,505,45,0,0,E4,20,20,0.0,0.0
claim,1025,default,156,20,20,80.5,2,4,66.93877551020408,40.5,59,85,22,22,E4,20,20,0.0,0.0
mas,1025,default,139,20,20,68.2,0,4,55.755102040816325,34.0,0,86,48,72,E4,20,20,0.0,0.0
mas_iterative,1025,default,137,20,20,67.45,0,4,55.06122448979592,33.5,0,78,46,69,E4,20,20,0.0,0.0
hungarian,1025,default,128,20,20,64.2,0,4,52.795918367346935,37.5,0,64,60,474,E4,20,20,0.0,0.0
no_coordination,1026,default,318,20,20,152.4,17,4,120.75471698113208,46.333333333333336,739,53,0,0,E4,20,20,0.0,0.0
claim,1026,default,175,20,20,100.95,3,4,86.18867924528301,46.833333333333336,93,41,23,23,E4,20,20,0.0,0.0
mas,1026,default,151,20,20,81.75,0,4,69.32075471698113,41.166666666666664,0,38,46,69,E4,20,20,0.0,0.0
mas_iterative,1026,default,150,20,20,81.2,0,4,68.79245283018868,40.833333333333336,0,34,48,72,E4,20,20,0.0,0.0
hungarian,1026,default,154,20,20,83.55,0,4,70.15094339622641,35.333333333333336,0,32,60,474,E4,20,20,0.0,0.0
no_coordination,1027,default,311,20,20,152.3,17,4,121.65957446808511,54.5,760,51,0,0,E4,20,20,0.0,0.0
claim,1027,default,216,20,20,121.35,5,4,102.34042553191489,54.5,234,119,28,28,E4,20,20,0.0,0.0
mas,1027,default,171,20,20,81.65,0,4,66.34042553191489,33.0,0,114,50,76,E4,20,20,0.0,0.0
mas_iterative,1027,default,170,20,20,80.55,0,4,65.31914893617021,32.25,0,110,52,79,E4,20,20,0.0,0.0
hungarian,1027,default,170,20,20,80.55,0,4,65.31914893617021,32.25,0,110,62,479,E4,20,20,0.0,0.0
no_coordination,1028,default,373,20,20,188.8,16,4,152.1590909090909,43.0,963,56,0,0,E4,20,20,0.0,0.0
claim,1028,default,260,20,20,152.05,7,4,129.5,43.0,358,111,34,34,E4,20,20,0.0,0.0
mas,1028,default,171,20,20,85.9,0,4,69.22727272727273,28.5,0,94,48,73,E4,20,20,0.0,0.0
mas_iterative,1028,default,169,20,20,84.9,0,4,68.25,27.5,0,86,52,79,E4,20,20,0.0,0.0
hungarian,1028,default,169,20,20,84.9,0,4,68.25,27.5,0,86,60,478,E4,20,20,0.0,0.0
no_coordination,1030,default,293,20,20,139.2,15,4,104.02380952380952,48.5,671,49,0,0,E4,20,20,0.0,0.0
claim,1030,default,165,20,20,90.6,5,4,73.76190476190476,43.5,131,48,25,25,E4,20,20,0.0,0.0
mas,1030,default,155,20,20,71.8,0,4,57.785714285714285,34.0,0,102,44,66,E4,20,20,0.0,0.0
mas_iterative,1030,default,154,20,20,71.3,0,4,57.285714285714285,33.5,0,98,48,72,E4,20,20,0.0,0.0
hungarian,1030,default,151,20,20,71.15,0,4,57.476190476190474,33.5,0,86,60,476,E4,20,20,0.0,0.0
no_coordination,1031,default,324,20,20,124.75,16,4,98.05454545454545,47.57142857142857,772,54,0,0,E4,20,20,0.0,0.0
claim,1031,default,175,20,20,88.2,2,4,74.12727272727273,42.57142857142857,57,92,22,22,E4,20,20,0.0,0.0
mas,1031,default,164,20,20,78.5,0,4,64.87272727272727,35.42857142857143,0,92,46,69,E4,20,20,0.0,0.0
mas_iterative,1031,default,164,20,20,77.85,0,4,64.25454545454545,34.857142857142854,0,92,46,69,E4,20,20,0.0,0.0
hungarian,1031,default,164,20,20,77.85,0,4,64.2909090909091,34.857142857142854,0,92,60,476,E4,20,20,0.0,0.0
no_coordination,1032,default,281,20,20,136.55,16,4,106.7872340425532,34.0,626,50,0,0,E4,20,20,0.0,0.0
claim,1032,default,185,20,20,98.15,5,4,82.17021276595744,34.0,122,105,26,26,E4,20,20,0.0,0.0
mas,1032,default,150,20,20,75.4,0,4,61.61702127659574,34.0,0,89,54,82,E4,20,20,0.0,0.0
mas_iterative,1032,default,143,20,20,73.5,0,4,60.276595744680854,33.5,0,61,51,77,E4,20,20,0.0,0.0
hungarian,1032,default,143,20,20,73.5,0,4,60.276595744680854,33.5,0,61,60,480,E4,20,20,0.0,0.0
no_coordination,1033,default,343,20,20,139.05,15,4,114.12962962962963,60.2,828,52,0,0,E4,20,20,0.0,0.0
claim,1033,default,196,20,20,97.3,2,4,83.11111111111111,50.4,57,96,22,22,E4,20,20,0.0,0.0
mas,1033,default,185,20,20,82.9,0,4,70.05555555555556,45.6,0,125,48,72,E4,20,20,0.0,0.0
mas_iterative,1033,default,184,20,20,82.1,0,4,69.29629629629629,45.0,0,121,50,75,E4,20,20,0.0,0.0
hungarian,1033,default,184,20,20,82.1,0,4,69.29629629629629,45.0,0,121,60,476,E4,20,20,0.0,0.0
no_coordination,1034,default,241,20,20,119.65,15,4,92.4888888888889,48.5,434,41,0,0,E4,20,20,0.0,0.0
claim,1034,default,187,20,20,93.8,3,4,74.84444444444445,48.5,89,92,23,23,E4,20,20,0.0,0.0
mas,1034,default,168,20,20,81.55,0,4,63.48888888888889,29.0,0,74,48,72,E4,20,20,0.0,0.0
mas_iterative,1034,default,167,20,20,80.6,0,4,62.55555555555556,27.5,0,70,50,75,E4,20,20,0.0,0.0
hungarian,1034,default,167,20,20,80.6,0,4,62.55555555555556,27.5,0,70,60,476,E4,20,20,0.0,0.0
no_coordination,1035,default,298,20,20,132.75,14,4,110.98148148148148,41.2,640,44,0,0,E4,20,20,0.0,0.0
claim,1035,default,174,20,20,89.4,3,4,78.53703703703704,38.6,73,72,23,23,E4,20,20,0.0,0.0
mas,1035,default,159,20,20,75.8,0,4,65.37037037037037,34.0,0,94,51,77,E4,20,20,0.0,0.0
mas_iterative,1035,default,158,20,20,74.5,0,4,64.18518518518519,33.4,0,90,46,69,E4,20,20,0.0,0.0
hungarian,1035,default,158,20,20,74.5,0,4,64.18518518518519,33.4,0,90,60,474,E4,20,20,0.0,0.0
no_coordination,1036,default,367,20,20,178.85,19,4,138.79591836734693,44.25,817,59,0,0,E4,20,20,0.0,0.0
claim,1036,default,203,20,20,108.7,4,4,89.9795918367347,44.5,113,99,24,24,E4,20,20,0.0,0.0
mas,1036,default,180,20,20,89.45,0,4,72.22448979591837,37.75,0,95,46,69,E4,20,20,0.0,0.0
mas_iterative,1036,default,180,20,20,88.8,0,4,71.6734693877551,37.5,0,95,46,69,E4,20,20,0.0,0.0
hungarian,1036,default,180,20,20,88.8,0,4,71.6734693877551,37.5,0,95,60,474,E4,20,20,0.0,0.0
no_coordination,1037,default,383,20,20,169.35,18,4,123.3695652173913,47.4,961,63,0,0,E4,20,20,0.0,0.0
claim,1037,default,192,20,20,95.45,3,4,74.97826086956522,43.2,85,116,23,23,E4,20,20,0.0,0.0
mas,1037,default,178,20,20,87.1,0,4,67.1086956521739,34.4,0,114,48,72,E4,20,20,0.0,0.0
mas_iterative,1037,default,178,20,20,86.25,0,4,66.28260869565217,33.8,0,114,48,72,E4,20,20,0.0,0.0
hungarian,1037,default,178,20,20,86.25,0,4,66.28260869565217,33.8,0,114,60,474,E4,20,20,0.0,0.0
no_coordination,1038,default,244,20,20,113.7,17,4,92.6896551724138,44.0,447,48,0,0,E4,20,20,0.0,0.0
claim,1038,default,176,20,20,88.8,3,4,75.91379310344827,47.0,81,92,23,23,E4,20,20,0.0,0.0
mas,1038,default,161,20,20,74.55,0,4,62.706896551724135,41.5,0,104,46,69,E4,20,20,0.0,0.0
mas_iterative,1038,default,161,20,20,74.05,0,4,62.224137931034484,41.0,0,104,46,69,E4,20,20,0.0,0.0
hungarian,1038,default,161,20,20,74.05,0,4,62.224137931034484,41.0,0,104,60,474,E4,20,20,0.0,0.0
no_coordination,1039,default,313,20,20,142.7,14,4,111.53571428571429,41.166666666666664,737,47,0,0,E4,20,20,0.0,0.0
claim,1039,default,180,20,20,87.25,2,4,73.83928571428571,39.666666666666664,57,107,22,22,E4,20,20,0.0,0.0
mas,1039,default,173,20,20,78.15,0,4,65.21428571428571,32.833333333333336,0,120,46,69,E4,20,20,0.0,0.0
mas_iterative,1039,default,172,20,20,77.55,0,4,64.625,32.5,0,116,46,69,E4,20,20,0.0,0.0
hungarian,1039,default,172,20,20,77.55,0,4,64.39285714285714,32.5,0,116,60,474,E4,20,20,0.0,0.0
no_coordination,1040,default,260,20,20,122.45,16,4,101.08163265306122,46.0,564,46,0,0,E4,20,20,0.0,0.0
claim,1040,default,172,20,20,97.8,5,4,85.12244897959184,46.0,156,28,26,26,E4,20,20,0.0,0.0
mas,1040,default,144,20,20,78.2,0,4,68.9795918367347,49.5,0,61,46,69,E4,20,20,0.0,0.0
mas_iterative,1040,default,144,20,20,77.55,0,4,68.34693877551021,49.0,0,61,46,69,E4,20,20,0.0,0.0
hungarian,1040,default,144,20,20,77.55,0,4,68.34693877551021,49.0,0,61,62,475,E4,20,20,0.0,0.0
no_coordination,1041,default,303,20,20,128.4,15,4,97.86,36.5,721,50,0,0,E4,20,20,0.0,0.0
claim,1041,default,167,20,20,86.65,2,4,71.7,36.5,57,76,22,22,E4,20,20,0.0,0.0
mas,1041,default,155,20,20,76.3,0,4,62.06,31.0,0,86,50,75,E4,20,20,0.0,0.0
mas_iterative,1041,default,153,20,20,75.3,0,4,61.16,30.75,0,78,50,75,E4,20,20,0.0,0.0
hungarian,1041,default,153,20,20,75.3,0,4,61.16,30.75,0,78,60,476,E4,20,20,0.0,0.0
no_coordination,1042,default,287,20,20,118.8,16,4,93.5,38.4,653,50,0,0,E4,20,20,0.0,0.0
claim,1042,default,169,20,20,80.2,2,4,66.25,38.2,57,122,22,22,E4,20,20,0.0,0.0
mas,1042,default,157,20,20,70.7,0,4,57.05769230769231,29.0,0,120,44,66,E4,20,20,0.0,0.0
mas_iterative,1042,default,156,20,20,70.2,0,4,56.59615384615385,28.6,0,116,46,69,E4,20,20,0.0,0.0
hungarian,1042,default,156,20,20,70.2,0,4,56.59615384615385,28.6,0,116,60,474,E4,20,20,0.0,0.0
no_coordination,1043,default,246,20,20,122.6,17,4,91.39473684210526,31.0,506,45,0,0,E4,20,20,0.0,0.0
claim,1043,default,161,20,20,82.75,3,4,66.15789473684211,31.0,61,70,23,23,E4,20,20,0.0,0.0
mas,1043,default,155,20,20,73.6,0,4,57.18421052631579,31.0,0,84,46,69,E4,20,20,0.0,0.0
mas_iterative,1043,default,154,20,20,72.95,0,4,56.60526315789474,31.0,0,80,44,66,E4,20,20,0.0,0.0
hungarian,1043,default,154,20,20,72.95,0,4,56.60526315789474,31.0,0,80,60,472,E4,20,20,0.0,0.0
no_coordination,1044,default,282,20,20,136.15,14,4,114.28,51.25,651,47,0,0,E4,20,20,0.0,0.0
claim,1044,default,163,20,20,86.4,2,4,76.28,45.5,57,84,22,22,E4,20,20,0.0,0.0
mas,1044,default,154,20,20,75.0,0,4,65.4,40.0,0,96,50,75,E4,20,20,0.0,0.0
mas_iterative,1044,default,153,20,20,74.05,0,4,64.5,39.5,0,92,48,72,E4,20,20,0.0,0.0
hungarian,1044,default,160,20,20,76.8,0,4,66.54,33.75,0,102,60,476,E4,20,20,0.0,0.0
no_coordination,1045,default,393,20,20,172.05,17,4,131.1153846153846,37.75,1008,61,0,0,E4,20,20,0.0,0.0
claim,1045,default,200,20,20,95.25,2,4,78.53846153846153,39.0,57,117,22,22,E4,20,20,0.0,0.0
mas,1045,default,188,20,20,83.3,0,4,68.92307692307692,32.25,0,125,48,72,E4,20,20,0.0,0.0
mas_iterative,1045,default,187,20,20,82.4,0,4,68.0576923076923,32.0,0,121,50,75,E4,20,20,0.0,0.0
hungarian,1045,default,187,20,20,83.7,0,4,67.88461538461539,33.75,0,119,60,476,E4,20,20,0.0,0.0
no_coordination,1046,default,297,20,20,128.1,16,4,107.32075471698113,55.8,661,50,0,0,E4,20,20,0.0,0.0
claim,1046,default,225,20,20,115.95,5,4,100.16981132075472,57.4,253,105,31,31,E4,20,20,0.0,0.0
mas,1046,default,170,20,20,79.45,0,4,67.20754716981132,34.8,0,90,46,70,E4,20,20,0.0,0.0
mas_iterative,1046,default,169,20,20,78.4,0,4,66.18867924528301,33.8,0,86,50,76,E4,20,20,0.0,0.0
hungarian,1046,default,174,20,20,77.95,0,4,66.9245283018868,33.8,0,126,60,476,E4,20,20,0.0,0.0
no_coordination,1047,default,265,20,20,136.4,15,4,104.26666666666667,43.0,630,46,0,0,E4,20,20,0.0,0.0
claim,1047,default,159,20,20,81.8,4,4,69.2,43.0,117,73,24,24,E4,20,20,0.0,0.0
mas,1047,default,144,20,20,70.55,0,4,58.6,28.5,0,114,48,72,E4,20,20,0.0,0.0
mas_iterative,1047,default,143,20,20,69.65,0,4,57.75555555555555,28.0,0,110,52,78,E4,20,20,0.0,0.0
hungarian,1047,default,137,20,20,69.35,0,4,57.75555555555555,30.5,0,92,60,476,E4,20,20,0.0,0.0
no_coordination,1048,default,377,20,20,171.45,16,4,143.4255319148936,56.0,961,58,0,0,E4,20,20,0.0,0.0
claim,1048,default,225,20,20,124.6,5,4,109.8936170212766,56.0,230,121,28,28,E4,20,20,0.0,0.0
mas,1048,default,165,20,20,82.9,0,4,71.7872340425532,30.5,0,86,53,81,E4,20,20,0.0,0.0
mas_iterative,1048,default,163,20,20,81.1,0,4,70.1063829787234,30.0,0,78,46,70,E4,20,20,0.0,0.0
hungarian,1048,default,168,20,20,82.5,0,4,70.59574468085107,33.5,0,84,60,472,E4,20,20,0.0,0.0
no_coordination,1049,default,331,20,20,138.0,17,4,117.7090909090909,39.333333333333336,774,52,0,0,E4,20,20,0.0,0.0
claim,1049,default,191,20,20,96.15,3,4,84.78181818181818,39.333333333333336,87,85,23,23,E4,20,20,0.0,0.0
mas,1049,default,180,20,20,84.45,0,4,73.96363636363637,32.0,0,94,48,72,E4,20,20,0.0,0.0
mas_iterative,1049,default,179,20,20,83.65,0,4,73.16363636363636,31.666666666666668,0,90,52,78,E4,20,20,0.0,0.0
hungarian,1049,default,179,20,20,83.65,0,4,73.16363636363636,31.666666666666668,0,90,60,478,E4,20,20,0.0,0.0
no_coordination,1050,default,330,20,20,142.7,17,4,108.27083333333333,44.0,795,58,0,0,E4,20,20,0.0,0.0
claim,1050,default,196,20,20,101.65,4,4,83.9375,44.5,117,125,24,24,E4,20,20,0.0,0.0
mas,1050,default,168,20,20,80.0,0,4,65.0625,39.25,0,122,48,72,E4,20,20,0.0,0.0
mas_iterative,1050,default,167,20,20,79.1,0,4,64.25,38.75,0,118,48,72,E4,20,20,0.0,0.0
hungarian,1050,default,166,20,20,78.55,0,4,64.04166666666667,38.5,0,116,60,478,E4,20,20,0.0,0.0
no_coordination,1051,default,284,20,20,152.5,18,4,121.64444444444445,38.5,641,54,0,0,E4,20,20,0.0,0.0
claim,1051,default,219,20,20,118.75,7,4,97.5111111111111,38.5,225,99,29,29,E4,20,20,0.0,0.0
mas,1051,default,167,20,20,83.55,0,4,69.17777777777778,28.5,0,88,44,66,E4,20,20,0.0,0.0
mas_iterative,1051,default,167,20,20,83.05,0,4,68.71111111111111,28.0,0,88,48,72,E4,20,20,0.0,0.0
hungarian,1051,default,167,20,20,83.05,0,4,68.71111111111111,28.0,0,88,60,476,E4,20,20,0.0,0.0
no_coordination,1052,default,317,20,20,150.6,16,4,121.32608695652173,41.0,765,53,0,0,E4,20,20,0.0,0.0
claim,1052,default,192,20,20,104.85,5,4,90.02173913043478,41.0,182,80,28,28,E4,20,20,0.0,0.0
mas,1052,default,168,20,20,80.4,0,4,67.93478260869566,29.0,0,108,48,73,E4,20,20,0.0,0.0
mas_iterative,1052,default,166,20,20,79.3,0,4,66.8913043478261,28.0,0,100,48,73,E4,20,20,0.0,0.0
hungarian,1052,default,163,20,20,79.3,0,4,66.84782608695652,28.0,0,88,60,474,E4,20,20,0.0,0.0
no_coordination,1053,default,316,20,20,158.0,17,4,130.94117647058823,50.8,739,57,0,0,E4,20,20,0.0,0.0
claim,1053,default,174,20,20,94.15,5,4,81.17647058823529,41.8,143,53,25,25,E4,20,20,0.0,0.0
mas,1053,default,143,20,20,74.85,0,4,63.490196078431374,37.8,0,59,46,69,E4,20,20,0.0,0.0
mas_iterative,1053,default,143,20,20,74.15,0,4,62.86274509803921,37.6,0,59,49,74,E4,20,20,0.0,0.0
hungarian,1053,default,145,20,20,73.5,0,4,62.6078431372549,37.6,0,67,60,480,E4,20,20,0.0,0.0
no_coordination,1054,default,300,20,20,143.1,14,4,120.8409090909091,41.0,692,46,0,0,E4,20,20,0.0,0.0
claim,1054,default,182,20,20,99.05,3,4,85.4090909090909,41.0,85,65,23,23,E4,20,20,0.0,0.0
mas,1054,default,175,20,20,84.85,0,4,71.54545454545455,28.5,0,90,46,69,E4,20,20,0.0,0.0
mas_iterative,1054,default,174,20,20,84.15,0,4,70.86363636363636,28.0,0,86,48,72,E4,20,20,0.0,0.0
hungarian,1054,default,173,20,20,82.8,0,4,69.56818181818181,28.5,0,88,60,474,E4,20,20,0.0,0.0
no_coordination,1055,default,276,20,20,128.3,15,4,107.88679245283019,44.25,573,46,0,0,E4,20,20,0.0,0.0
claim,1055,default,166,20,20,87.9,2,4,77.71698113207547,42.5,67,79,22,22,E4,20,20,0.0,0.0
mas,1055,default,157,20,20,79.0,0,4,68.58490566037736,36.5,0,82,46,69,E4,20,20,0.0,0.0
mas_iterative,1055,default,154,20,20,77.5,0,4,67.62264150943396,36.0,0,70,46,69,E4,20,20,0.0,0.0
hungarian,1055,default,148,20,20,72.85,0,4,63.132075471698116,37.0,0,74,60,476,E4,20,20,0.0,0.0
no_coordination,1056,default,296,20,20,138.9,15,4,109.54716981132076,48.6,721,53,0,0,E4,20,20,0.0,0.0
claim,1056,default,157,20,20,84.55,2,4,72.09433962264151,44.4,59,87,22,22,E4,20,20,0.0,0.0
mas,1056,default,151,20,20,76.45,0,4,63.679245283018865,35.8,0,92,44,66,E4,20,20,0.0,0.0
mas_iterative,1056,default,151,20,20,75.95,0,4,63.20754716981132,35.4,0,92,44,66,E4,20,20,0.0,0.0
hungarian,1056,default,148,20,20,75.65,0,4,63.094339622641506,36.0,0,80,60,474,E4,20,20,0.0,0.0
no_coordination,1057,default,290,20,20,140.75,16,4,112.96491228070175,47.5,622,47,0,0,E4,20,20,0.0,0.0
claim,1057,default,170,20,20,91.25,2,4,78.45614035087719,45.333333333333336,57,68,22,22,E4,20,20,0.0,0.0
mas,1057,default,157,20,20,78.5,0,4,66.89473684210526,38.5,0,86,48,72,E4,20,20,0.0,0.0
mas_iterative,1057,default,156,20,20,77.6,0,4,66.03508771929825,38.0,0,82,48,72,E4,20,20,0.0,0.0
hungarian,1057,default,156,20,20,77.6,0,4,66.03508771929825,38.0,0,82,60,476,E4,20,20,0.0,0.0
no_coordination,1058,default,304,20,20,149.7,16,4,122.62745098039215,38.5,672,49,0,0,E4,20,20,0.0,0.0
claim,1058,default,205,20,20,107.45,4,4,92.82352941176471,41.0,111,105,24,24,E4,20,20,0.0,0.0
mas,1058,default,169,20,20,83.0,0,4,70.17647058823529,32.25,0,74,48,72,E4,20,20,0.0,0.0
mas_iterative,1058,default,168,20,20,82.1,0,4,69.37254901960785,32.0,0,70,48,72,E4,20,20,0.0,0.0
hungarian,1058,default,183,20,20,82.1,0,4,69.66666666666667,32.0,0,130,60,476,E4,20,20,0.0,0.0
no_coordination,1059,default,332,20,20,147.35,15,4,115.4423076923077,51.6,846,54,0,0,E4,20,20,0.0,0.0
claim,1059,default,175,20,20,85.75,3,4,72.88461538461539,45.6,95,116,23,23,E4,20,20,0.0,0.0
mas,1059,default,162,20,20,72.15,0,4,60.78846153846154,35.4,0,136,48,72,E4,20,20,0.0,0.0
mas_iterative,1059,default,161,20,20,71.25,0,4,59.92307692307692,34.6,0,132,44,66,E4,20,20,0.0,0.0
hungarian,1059,default,161,20,20,71.25,0,4,59.92307692307692,34.6,0,132,60,472,E4,20,20,0.0,0.0
no_coordination,1060,default,256,20,20,111.55,15,4,87.93478260869566,41.0,572,48,0,0,E4,20,20,0.0,0.0
claim,1060,default,168,20,20,80.3,3,4,66.65217391304348,41.0,65,128,23,23,E4,20,20,0.0,0.0
mas,1060,default,153,20,20,69.2,0,4,56.608695652173914,33.333333333333336,0,118,48,72,E4,20,20,0.0,0.0
mas_iterative,1060,default,151,20,20,68.15,0,4,55.73913043478261,33.0,0,110,48,72,E4,20,20,0.0,0.0
hungarian,1060,default,151,20,20,68.15,0,4,55.73913043478261,33.0,0,110,60,478,E4,20,20,0.0,0.0
no_coordination,1061,default,253,20,20,142.65,16,4,118.91666666666667,56.333333333333336,516,43,0,0,E4,20,20,0.0,0.0
claim,1061,default,181,20,20,90.55,2,4,79.35416666666667,48.333333333333336,57,101,22,22,E4,20,20,0.0,0.0
mas,1061,default,169,20,20,81.15,0,4,69.66666666666667,32.0,0,95,50,75,E4,20,20,0.0,0.0
mas_iterative,1061,default,168,20,20,80.2,0,4,68.79166666666667,31.333333333333332,0,91,48,72,E4,20,20,0.0,0.0
hungarian,1061,default,167,20,20,80.15,0,4,68.54166666666667,31.333333333333332,0,87,60,476,E4,20,20,0.0,0.0
no_coordination,1062,default,274,20,20,135.35,16,4,118.62711864406779,48.2,602,50,0,0,E4,20,20,0.0,0.0
claim,1062,default,198,20,20,104.7,4,4,94.16949152542372,46.2,113,99,24,24,E4,20,20,0.0,0.0
mas,1062,default,171,20,20,85.15,0,4,76.0677966101695,35.4,0,80,46,69,E4,20,20,0.0,0.0
mas_iterative,1062,default,170,20,20,84.55,0,4,75.49152542372882,34.8,0,76,46,69,E4,20,20,0.0,0.0
hungarian,1062,default,170,20,20,84.55,0,4,75.49152542372882,34.8,0,76,60,474,E4,20,20,0.0,0.0
no_coordination,1063,default,286,20,20,127.05,16,4,104.54716981132076,51.2,697,50,0,0,E4,20,20,0.0,0.0
claim,1063,default,184,20,20,103.3,3,4,89.33962264150944,50.4,184,93,26,26,E4,20,20,0.0,0.0
mas,1063,default,150,20,20,67.15,0,4,57.132075471698116,35.4,0,127,50,76,E4,20,20,0.0,0.0
mas_iterative,1063,default,149,20,20,65.8,0,4,55.81132075471698,34.0,0,123,48,73,E4,20,20,0.0,0.0
hungarian,1063,default,149,20,20,65.8,0,4,55.81132075471698,34.0,0,123,60,474,E4,20,20,0.0,0.0
no_coordination,1064,default,284,20,20,125.55,16,4,96.33928571428571,53.166666666666664,681,53,0,0,E4,20,20,0.0,0.0
claim,1064,default,169,20,20,80.05,3,4,67.82142857142857,48.833333333333336,109,59,26,26,E4,20,20,0.0,0.0
mas,1064,default,157,20,20,70.1,0,4,58.285714285714285,41.833333333333336,0,128,50,75,E4,20,20,0.0,0.0
mas_iterative,1064,default,156,20,20,69.35,0,4,57.589285714285715,41.166666666666664,0,124,50,75,E4,20,20,0.0,0.0
hungarian,1064,default,156,20,20,69.35,0,4,57.589285714285715,41.166666666666664,0,124,62,479,E4,20,20,0.0,0.0
no_coordination,1065,default,275,20,20,116.9,16,4,93.08333333333333,38.0,675,56,0,0,E4,20,20,0.0,0.0
claim,1065,default,144,20,20,75.7,4,4,65.10416666666667,38.0,83,70,24,24,E4,20,20,0.0,0.0
mas,1065,default,131,20,20,64.7,0,4,55.5625,34.333333333333336,0,76,48,72,E4,20,20,0.0,0.0
mas_iterative,1065,default,131,20,20,64.65,0,4,55.375,31.666666666666668,0,70,48,72,E4,20,20,0.0,0.0
hungarian,1065,default,130,20,20,63.9,0,4,54.8125,34.0,0,72,60,474,E4,20,20,0.0,0.0
no_coordination,1066,default,258,20,20,125.85,17,4,97.41818181818182,42.0,562,48,0,0,E4,20,20,0.0,0.0
claim,1066,default,198,20,20,93.7,7,4,77.45454545454545,42.57142857142857,189,87,28,28,E4,20,20,0.0,0.0
mas,1066,default,138,20,20,74.0,0,4,61.527272727272724,37.0,0,28,48,72,E4,20,20,0.0,0.0
mas_iterative,1066,default,138,20,20,73.15,0,4,60.70909090909091,36.285714285714285,0,28,48,72,E4,20,20,0.0,0.0
hungarian,1066,default,138,20,20,73.15,0,4,60.70909090909091,36.285714285714285,0,28,60,476,E4,20,20,0.0,0.0
no_coordination,1067,default,316,20,20,142.05,17,4,112.8125,44.25,712,52,0,0,E4,20,20,0.0,0.0
claim,1067,default,179,20,20,98.2,2,4,83.625,41.0,65,59,22,22,E4,20,20,0.0,0.0
mas,1067,default,175,20,20,88.9,0,4,73.97916666666667,31.0,0,85,46,69,E4,20,20,0.0,0.0
mas_iterative,1067,default,174,20,20,88.15,0,4,73.29166666666667,30.5,0,81,44,66,E4,20,20,0.0,0.0
hungarian,1067,default,174,20,20,85.1,0,4,70.95833333333333,35.5,0,95,60,474,E4,20,20,0.0,0.0
no_coordination,1068,default,377,20,20,138.05,18,4,107.75925925925925,38.0,981,55,0,0,E4,20,20,0.0,0.0
claim,1068,default,263,20,20,106.25,8,4,87.03703703703704,38.0,476,48,38,38,E4,20,20,0.0,0.0
mas,1068,default,159,20,20,73.85,0,4,62.75925925925926,28.6,0,82,48,72,E4,20,20,0.0,0.0
mas_iterative,1068,default,158,20,20,73.05,0,4,62.0,28.2,0,78,48,72,E4,20,20,0.0,0.0
hungarian,1068,default,158,20,20,73.05,0,4,62.0,28.2,0,78,60,476,E4,20,20,0.0,0.0
no_coordination,1069,default,261,20,20,133.45,16,4,106.03846153846153,48.8,576,49,0,0,E4,20,20,0.0,0.0
claim,1069,default,167,20,20,86.95,4,4,74.07692307692308,44.6,71,79,24,24,E4,20,20,0.0,0.0
mas,1069,default,165,20,20,77.25,0,4,64.32692307692308,32.0,0,122,51,77,E4,20,20,0.0,0.0
mas_iterative,1069,default,154,20,20,75.25,0,4,62.88461538461539,31.2,0,78,48,72,E4,20,20,0.0,0.0
hungarian,1069,default,162,20,20,75.55,0,4,62.82692307692308,31.0,0,112,60,474,E4,20,20,0.0,0.0
no_coordination,1070,default,373,20,20,147.05,15,4,120.44262295081967,51.714285714285715,947,56,0,0,E4,20,20,0.0,0.0
claim,1070,default,186,20,20,92.6,5,4,80.40983606557377,45.57142857142857,149,65,26,26,E4,20,20,0.0,0.0
mas,1070,default,159,20,20,78.45,0,4,68.34426229508196,42.714285714285715,0,80,48,72,E4,20,20,0.0,0.0
mas_iterative,1070,default,164,20,20,79.9,0,4,69.0327868852459,39.42857142857143,0,84,44,66,E4,20,20,0.0,0.0
hungarian,1070,default,158,20,20,77.75,0,4,67.68852459016394,42.142857142857146,0,76,60,474,E4,20,20,0.0,0.0
no_coordination,1071,default,330,20,20,155.75,18,4,115.50980392156863,39.8,793,51,0,0,E4,20,20,0.0,0.0
claim,1071,default,179,20,20,94.1,3,4,75.66666666666667,37.2,73,86,23,23,E4,20,20,0.0,0.0
mas,1071,default,171,20,20,82.4,0,4,65.07843137254902,33.6,0,108,48,72,E4,20,20,0.0,0.0
mas_iterative,1071,default,169,20,20,81.5,0,4,64.27450980392157,33.2,0,100,48,72,E4,20,20,0.0,0.0
hungarian,1071,default,169,20,20,81.5,0,4,64.27450980392157,33.2,0,100,60,476,E4,20,20,0.0,0.0
no_coordination,1072,default,277,20,20,137.1,14,4,122.18181818181819,62.75,662,49,0,0,E4,20,20,0.0,0.0
claim,1072,default,213,20,20,118.1,4,4,107.9090909090909,62.75,252,136,30,30,E4,20,20,0.0,0.0
mas,1072,default,133,20,20,64.35,0,4,58.6,35.25,0,84,48,73,E4,20,20,0.0,0.0
mas_iterative,1072,default,131,20,20,63.15,0,4,57.43636363636364,34.5,0,76,46,70,E4,20,20,0.0,0.0
hungarian,1072,default,131,20,20,63.15,0,4,57.43636363636364,34.5,0,76,60,472,E4,20,20,0.0,0.0
no_coordination,1073,default,300,20,20,162.7,16,4,124.46938775510205,39.0,712,49,0,0,E4,20,20,0.0,0.0
claim,1073,default,172,20,20,88.05,3,4,75.10204081632654,39.0,87,104,23,23,E4,20,20,0.0,0.0
mas,1073,default,151,20,20,76.65,0,4,64.87755102040816,33.0,0,95,48,72,E4,20,20,0.0,0.0
mas_iterative,1073,default,150,20,20,75.8,0,4,64.06122448979592,32.75,0,91,48,72,E4,20,20,0.0,0.0
hungarian,1073,default,150,20,20,75.8,0,4,64.06122448979592,32.75,0,91,60,476,E4,20,20,0.0,0.0
no_coordination,1074,default,329,20,20,154.65,16,4,123.5,46.2,736,52,0,0,E4,20,20,0.0,0.0
claim,1074,default,166,20,20,89.85,2,4,76.53846153846153,43.6,61,74,22,22,E4,20,20,0.0,0.0
mas,1074,default,145,20,20,76.5,0,4,63.92307692307692,39.2,0,65,48,72,E4,20,20,0.0,0.0
mas_iterative,1074,default,144,20,20,75.6,0,4,63.07692307692308,38.6,0,61,44,66,E4,20,20,0.0,0.0
hungarian,1074,default,144,20,20,75.6,0,4,63.07692307692308,38.6,0,61,60,472,E4,20,20,0.0,0.0
no_coordination,1075,default,292,20,20,157.65,17,4,121.04255319148936,43.0,632,52,0,0,E4,20,20,0.0,0.0
claim,1075,default,190,20,20,96.2,2,4,78.14893617021276,43.0,57,118,22,22,E4,20,20,0.0,0.0
mas,1075,default,181,20,20,87.65,0,4,69.51063829787235,28.666666666666668,0,114,50,75,E4,20,20,0.0,0.0
mas_iterative,1075,default,180,20,20,86.6,0,4,68.55319148936171,27.666666666666668,0,110,54,81,E4,20,20,0.0,0.0
hungarian,1075,default,176,20,20,83.5,0,4,66.46808510638297,35.0,0,114,60,476,E4,20,20,0.0,0.0
no_coordination,1076,default,314,20,20,163.35,16,4,121.97916666666667,46.2,709,50,0,0,E4,20,20,0.0,0.0
claim,1076,default,182,20,20,99.65,3,4,80.97916666666667,43.4,107,45,24,24,E4,20,20,0.0,0.0
mas,1076,default,187,20,20,86.4,0,4,69.25,32.4,0,120,48,72,E4,20,20,0.0,0.0
mas_iterative,1076,default,186,20,20,85.5,0,4,68.375,31.8,0,116,46,69,E4,20,20,0.0,0.0
hungarian,1076,default,186,20,20,85.5,0,4,68.375,31.8,0,116,60,474,E4,20,20,0.0,0.0
no_coordination,1077,default,304,20,20,149.2,16,4,110.10909090909091,54.0,687,51,0,0,E4,20,20,0.0,0.0
claim,1077,default,176,20,20,90.35,3,4,73.50909090909092,45.75,67,95,23,23,E4,20,20,0.0,0.0
mas,1077,default,156,20,20,77.15,0,4,62.36363636363637,41.375,0,80,44,66,E4,20,20,0.0,0.0
mas_iterative,1077,default,157,20,20,76.25,0,4,62.018181818181816,41.0,0,84,46,69,E4,20,20,0.0,0.0
hungarian,1077,default,157,20,20,76.25,0,4,62.018181818181816,41.0,0,84,60,474,E4,20,20,0.0,0.0
no_coordination,1078,default,307,20,20,166.0,18,4,129.02173913043478,47.0,718,53,0,0,E4,20,20,0.0,0.0
claim,1078,default,176,20,20,94.0,3,4,77.02173913043478,40.666666666666664,77,97,23,23,E4,20,20,0.0,0.0
mas,1078,default,156,20,20,76.6,0,4,61.43478260869565,40.666666666666664,0,102,52,78,E4,20,20,0.0,0.0
mas_iterative,1078,default,155,20,20,75.45,0,4,60.43478260869565,40.333333333333336,0,98,50,75,E4,20,20,0.0,0.0
hungarian,1078,default,155,20,20,75.45,0,4,60.43478260869565,40.333333333333336,0,98,60,478,E4,20,20,0.0,0.0
no_coordination,1079,default,269,20,20,125.8,16,4,94.7,38.5,608,45,0,0,E4,20,20,0.0,0.0
claim,1079,default,192,20,20,91.95,5,4,74.26,38.5,139,121,25,25,E4,20,20,0.0,0.0
mas,1079,default,151,20,20,77.65,0,4,62.36,29.25,0,68,46,69,E4,20,20,0.0,0.0
mas_iterative,1079,default,150,20,20,76.9,0,4,61.66,28.5,0,64,50,75,E4,20,20,0.0,0.0
hungarian,1079,default,152,20,20,77.05,0,4,61.66,28.5,0,72,60,476,E4,20,20,0.0,0.0
no_coordination,1080,default,274,20,20,114.65,14,4,94.5111111111111,35.333333333333336,600,48,0,0,E4,20,20,0.0,0.0
claim,1080,default,163,20,20,84.9,5,4,74.0,36.0,102,47,25,25,E4,20,20,0.0,0.0
mas,1080,default,142,20,20,66.75,0,4,57.6,36.0,0,77,54,81,E4,20,20,0.0,0.0
mas_iterative,1080,default,141,20,20,65.55,0,4,56.55555555555556,35.666666666666664,0,73,50,75,E4,20,20,0.0,0.0
hungarian,1080,default,139,20,20,65.35,0,4,56.422222222222224,35.666666666666664,0,65,60,478,E4,20,20,0.0,0.0
no_coordination,1081,default,283,20,20,127.8,19,4,95.87234042553192,29.333333333333332,641,51,0,0,E4,20,20,0.0,0.0
claim,1081,default,164,20,20,86.35,2,4,70.19148936170212,29.333333333333332,57,70,22,22,E4,20,20,0.0,0.0
mas,1081,default,151,20,20,75.15,0,4,61.38297872340426,29.333333333333332,0,80,48,72,E4,20,20,0.0,0.0
mas_iterative,1081,default,150,20,20,74.35,0,4,60.702127659574465,29.333333333333332,0,76,46,69,E4,20,20,0.0,0.0
hungarian,1081,default,150,20,20,74.35,0,4,60.702127659574465,29.333333333333332,0,76,60,474,E4,20,20,0.0,0.0
no_coordination,1082,default,228,20,20,110.8,16,4,84.75,35.25,436,44,0,0,E4,20,20,0.0,0.0
claim,1082,default,184,20,20,89.4,4,4,71.375,35.25,105,118,24,24,E4,20,20,0.0,0.0
mas,1082,default,172,20,20,79.8,0,4,63.895833333333336,28.25,0,124,48,72,E4,20,20,0.0,0.0
mas_iterative,1082,default,172,20,20,78.95,0,4,63.041666666666664,27.5,0,124,50,75,E4,20,20,0.0,0.0
hungarian,1082,default,172,20,20,78.95,0,4,63.041666666666664,27.5,0,124,60,476,E4,20,20,0.0,0.0
no_coordination,1083,default,272,20,20,116.9,16,4,91.0,35.75,612,45,0,0,E4,20,20,0.0,0.0
claim,1083,default,211,20,20,97.7,5,4,77.35555555555555,35.75,185,103,26,26,E4,20,20,0.0,0.0
mas,1083,default,160,20,20,76.45,0,4,61.46666666666667,30.0,0,75,48,72,E4,20,20,0.0,0.0
mas_iterative,1083,default,160,20,20,75.55,0,4,60.68888888888889,29.75,0,75,50,75,E4,20,20,0.0,0.0
hungarian,1083,default,160,20,20,75.55,0,4,60.68888888888889,29.75,0,75,60,478,E4,20,20,0.0,0.0
no_coordination,1084,default,299,20,20,135.45,14,4,113.82142857142857,48.666666666666664,691,48,0,0,E4,20,20,0.0,0.0
claim,1084,default,196,20,20,103.95,4,4,91.53571428571429,51.666666666666664,113,117,24,24,E4,20,20,0.0,0.0
mas,1084,default,170,20,20,82.55,0,4,71.82142857142857,37.833333333333336,0,112,44,66,E4,20,20,0.0,0.0
mas_iterative,1084,default,169,20,20,82.05,0,4,71.32142857142857,37.5,0,108,46,69,E4,20,20,0.0,0.0
hungarian,1084,default,168,20,20,81.8,0,4,71.21428571428571,37.5,0,104,60,474,E4,20,20,0.0,0.0
no_coordination,1085,default,259,20,20,133.65,16,4,105.17647058823529,40.75,593,48,0,0,E4,20,20,0.0,0.0
claim,1085,default,165,20,20,83.7,4,4,71.52941176470588,36.5,87,95,24,24,E4,20,20,0.0,0.0
mas,1085,default,154,20,20,69.5,0,4,58.8235294117647,32.0,0,117,50,75,E4,20,20,0.0,0.0
mas_iterative,1085,default,153,20,20,68.5,0,4,57.94117647058823,31.75,0,113,50,75,E4,20,20,0.0,0.0
hungarian,1085,default,153,20,20,68.5,0,4,57.94117647058823,31.75,0,113,60,478,E4,20,20,0.0,0.0
no_coordination,1086,default,254,20,20,116.75,15,4,92.08333333333333,39.25,553,43,0,0,E4,20,20,0.0,0.0
claim,1086,default,180,20,20,89.15,6,4,74.27083333333333,39.25,175,45,28,28,E4,20,20,0.0,0.0
mas,1086,default,152,20,20,71.6,0,4,59.833333333333336,34.0,0,109,48,72,E4,20,20,0.0,0.0
mas_iterative,1086,default,151,20,20,70.85,0,4,59.1875,33.75,0,105,46,69,E4,20,20,0.0,0.0
hungarian,1086,default,152,20,20,70.2,0,4,58.770833333333336,33.75,0,109,60,474,E4,20,20,0.0,0.0
no_coordination,1087,default,275,20,20,101.35,16,4,81.8780487804878,30.0,676,48,0,0,E4,20,20,0.0,0.0
claim,1087,default,153,20,20,73.9,4,4,63.8780487804878,30.0,81,101,24,24,E4,20,20,0.0,0.0
mas,1087,default,143,20,20,64.0,0,4,55.24390243902439,30.0,0,112,52,78,E4,20,20,0.0,0.0
mas_iterative,1087,default,141,20,20,62.85,0,4,54.24390243902439,30.0,0,104,48,72,E4,20,20,0.0,0.0
hungarian,1087,default,141,20,20,62.85,0,4,54.24390243902439,30.0,0,104,60,476,E4,20,20,0.0,0.0
no_coordination,1088,default,203,20,20,117.15,14,4,93.30434782608695,49.0,428,41,0,0,E4,20,20,0.0,0.0
claim,1088,default,189,20,20,103.7,6,4,86.06521739130434,49.0,244,83,29,29,E4,20,20,0.0,0.0
mas,1088,default,142,20,20,65.4,0,4,52.91304347826087,36.25,0,116,48,73,E4,20,20,0.0,0.0
mas_iterative,1088,default,141,20,20,64.15,0,4,51.73913043478261,35.5,0,112,48,73,E4,20,20,0.0,0.0
hungarian,1088,default,141,20,20,63.8,0,4,51.73913043478261,35.5,0,112,60,474,E4,20,20,0.0,0.0
no_coordination,1090,default,264,20,20,118.45,15,4,93.41025641025641,27.0,567,44,0,0,E4,20,20,0.0,0.0
claim,1090,default,197,20,20,93.2,4,4,78.33333333333333,27.0,109,150,24,24,E4,20,20,0.0,0.0
mas,1090,default,152,20,20,71.95,0,4,60.07692307692308,27.0,0,86,44,66,E4,20,20,0.0,0.0
mas_iterative,1090,default,152,20,20,71.5,0,4,59.64102564102564,27.0,0,86,46,69,E4,20,20,0.0,0.0
hungarian,1090,default,161,20,20,71.95,0,4,59.64102564102564,27.0,0,122,60,474,E4,20,20,0.0,0.0
no_coordination,1091,default,328,20,20,142.0,16,4,113.44680851063829,47.0,675,47,0,0,E4,20,20,0.0,0.0
claim,1091,default,189,20,20,102.65,2,4,86.59574468085107,47.0,61,83,22,22,E4,20,20,0.0,0.0
mas,1091,default,176,20,20,90.6,0,4,75.17021276595744,40.0,0,84,44,66,E4,20,20,0.0,0.0
mas_iterative,1091,default,176,20,20,90.1,0,4,74.68085106382979,39.5,0,84,46,69,E4,20,20,0.0,0.0
hungarian,1091,default,176,20,20,90.1,0,4,74.68085106382979,39.5,0,84,60,474,E4,20,20,0.0,0.0
no_coordination,1092,default,253,20,20,137.15,17,4,119.86538461538461,37.666666666666664,573,50,0,0,E4,20,20,0.0,0.0
claim,1092,default,153,20,20,87.85,3,4,79.61538461538461,37.666666666666664,87,64,23,23,E4,20,20,0.0,0.0
mas,1092,default,137,20,20,71.5,0,4,63.63461538461539,28.333333333333332,0,76,51,77,E4,20,20,0.0,0.0
mas_iterative,1092,default,135,20,20,70.2,0,4,62.44230769230769,28.0,0,68,46,69,E4,20,20,0.0,0.0
hungarian,1092,default,135,20,20,70.2,0,4,62.44230769230769,28.0,0,68,60,474,E4,20,20,0.0,0.0
no_coordination,1093,default,285,20,20,129.65,16,4,106.26923076923077,35.0,618,49,0,0,E4,20,20,0.0,0.0
claim,1093,default,178,20,20,89.0,2,4,76.8076923076923,35.0,57,96,22,22,E4,20,20,0.0,0.0
mas,1093,default,168,20,20,80.3,0,4,67.57692307692308,28.0,0,110,50,75,E4,20,20,0.0,0.0
mas_iterative,1093,default,167,20,20,79.4,0,4,66.73076923076923,27.666666666666668,0,106,48,72,E4,20,20,0.0,0.0
hungarian,1093,default,167,20,20,79.4,0,4,66.73076923076923,27.666666666666668,0,106,60,476,E4,20,20,0.0,0.0
no_coordination,1094,default,309,20,20,163.8,16,4,142.20754716981133,51.333333333333336,684,49,0,0,E4,20,20,0.0,0.0
claim,1094,default,217,20,20,124.0,5,4,110.15094339622641,51.333333333333336,223,75,28,28,E4,20,20,0.0,0.0
mas,1094,default,170,20,20,83.7,0,4,72.83018867924528,30.333333333333332,0,74,50,76,E4,20,20,0.0,0.0
mas_iterative,1094,default,168,20,20,82.4,0,4,71.58490566037736,29.666666666666668,0,66,48,73,E4,20,20,0.0,0.0
hungarian,1094,default,168,20,20,82.4,0,4,71.58490566037736,29.666666666666668,0,66,60,474,E4,20,20,0.0,0.0
no_coordination,1095,default,229,20,20,113.8,18,4,96.35087719298245,42.833333333333336,439,44,0,0,E4,20,20,0.0,0.0
claim,1095,default,182,20,20,86.25,4,4,74.78947368421052,39.333333333333336,134,67,27,27,E4,20,20,0.0,0.0
mas,1095,default,164,20,20,74.35,0,4,64.35087719298245,37.5,0,130,44,66,E4,20,20,0.0,0.0
mas_iterative,1095,default,166,20,20,73.85,0,4,63.78947368421053,36.833333333333336,0,134,50,75,E4,20,20,0.0,0.0
hungarian,1095,default,164,20,20,73.9,0,4,63.89473684210526,37.166666666666664,0,130,60,476,E4,20,20,0.0,0.0
no_coordination,1096,default,408,20,20,210.8,15,4,155.27083333333334,45.8,1064,60,0,0,E4,20,20,0.0,0.0
claim,1096,default,220,20,20,110.1,5,4,87.16666666666667,43.2,139,117,26,26,E4,20,20,0.0,0.0
mas,1096,default,185,20,20,89.8,0,4,70.125,38.4,0,104,52,78,E4,20,20,0.0,0.0
mas_iterative,1096,default,184,20,20,88.6,0,4,69.02083333333333,37.8,0,100,48,72,E4,20,20,0.0,0.0
hungarian,1096,default,191,20,20,91.1,0,4,70.54166666666667,32.2,0,116,60,472,E4,20,20,0.0,0.0
no_coordination,1097,default,386,20,20,179.3,18,4,129.5909090909091,38.0,994,63,0,0,E4,20,20,0.0,0.0
claim,1097,default,184,20,20,92.25,2,4,73.3409090909091,38.0,57,112,22,22,E4,20,20,0.0,0.0
mas,1097,default,169,20,20,80.05,0,4,62.36363636363637,32.5,0,108,48,72,E4,20,20,0.0,0.0
mas_iterative,1097,default,167,20,20,79.15,0,4,61.61363636363637,32.25,0,100,48,72,E4,20,20,0.0,0.0
hungarian,1097,default,167,20,20,79.15,0,4,61.61363636363637,32.25,0,100,60,476,E4,20,20,0.0,0.0
no_coordination,1098,default,289,20,20,140.25,16,4,108.27450980392157,46.0,603,44,0,0,E4,20,20,0.0,0.0
claim,1098,default,198,20,20,101.1,3,4,82.49019607843137,44.166666666666664,99,95,23,23,E4,20,20,0.0,0.0
mas,1098,default,176,20,20,86.65,0,4,70.80392156862744,36.833333333333336,0,70,46,69,E4,20,20,0.0,0.0
mas_iterative,1098,default,175,20,20,86.0,0,4,70.19607843137256,36.333333333333336,0,66,48,72,E4,20,20,0.0,0.0
hungarian,1098,default,175,20,20,86.0,0,4,70.19607843137256,36.333333333333336,0,66,60,476,E4,20,20,0.0,0.0
no_coordination,1099,default,325,20,20,160.75,17,4,124.40425531914893,44.0,812,54,0,0,E4,20,20,0.0,0.0
claim,1099,default,186,20,20,100.5,5,4,82.91489361702128,39.666666666666664,143,95,26,26,E4,20,20,0.0,0.0
mas,1099,default,155,20,20,77.65,0,4,63.93617021276596,33.333333333333336,0,92,44,66,E4,20,20,0.0,0.0
mas_iterative,1099,default,154,20,20,77.15,0,4,63.4468085106383,33.0,0,88,44,66,E4,20,20,0.0,0.0
hungarian,1099,default,153,20,20,76.4,0,4,63.212765957446805,33.0,0,84,60,472,E4,20,20,0.0,0.0
no_coordination,1101,default,343,20,20,174.95,19,4,131.73469387755102,57.2,753,52,0,0,E4,20,20,0.0,0.0
claim,1101,default,204,20,20,109.0,5,4,86.75510204081633,49.8,137,76,25,25,E4,20,20,0.0,0.0
mas,1101,default,180,20,20,88.45,0,4,68.61224489795919,36.2,0,84,48,72,E4,20,20,0.0,0.0
mas_iterative,1101,default,179,20,20,87.65,0,4,67.85714285714286,35.4,0,80,50,75,E4,20,20,0.0,0.0
hungarian,1101,default,182,20,20,87.35,0,4,67.85714285714286,35.4,0,92,60,474,E4,20,20,0.0,0.0
no_coordination,1102,default,317,20,20,142.2,15,4,116.77966101694915,56.666666666666664,737,52,0,0,E4,20,20,0.0,0.0
claim,1102,default,172,20,20,85.95,2,4,76.55932203389831,51.166666666666664,59,133,22,22,E4,20,20,0.0,0.0
mas,1102,default,161,20,20,75.15,0,4,65.76271186440678,40.333333333333336,0,140,48,72,E4,20,20,0.0,0.0
mas_iterative,1102,default,160,20,20,74.35,0,4,65.0,39.666666666666664,0,136,46,69,E4,20,20,0.0,0.0
hungarian,1102,default,160,20,20,74.35,0,4,65.0,39.666666666666664,0,136,60,474,E4,20,20,0.0,0.0
no_coordination,1103,default,286,20,20,149.35,15,4,127.44444444444444,45.75,648,50,0,0,E4,20,20,0.0,0.0
claim,1103,default,170,20,20,89.8,2,4,78.18518518518519,40.0,65,85,22,22,E4,20,20,0.0,0.0
mas,1103,default,159,20,20,77.35,0,4,66.5,34.0,0,102,44,66,E4,20,20,0.0,0.0
mas_iterative,1103,default,158,20,20,76.8,0,4,65.98148148148148,33.75,0,98,46,69,E4,20,20,0.0,0.0
hungarian,1103,default,155,20,20,76.65,0,4,65.92592592592592,33.75,0,86,60,474,E4,20,20,0.0,0.0
no_coordination,1104,default,352,20,20,150.45,16,4,113.1304347826087,34.5,886,59,0,0,E4,20,20,0.0,0.0
claim,1104,default,203,20,20,92.7,5,4,75.04347826086956,34.5,161,106,25,25,E4,20,20,0.0,0.0
mas,1104,default,170,20,20,78.65,0,4,63.91304347826087,30.0,0,116,50,75,E4,20,20,0.0,0.0
mas_iterative,1104,default,170,20,20,77.6,0,4,63.06521739130435,29.75,0,116,48,72,E4,20,20,0.0,0.0
hungarian,1104,default,170,20,20,77.6,0,4,63.06521739130435,29.75,0,116,60,476,E4,20,20,0.0,0.0
no_coordination,1106,default,355,20,20,151.8,15,4,122.30188679245283,55.4,905,57,0,0,E4,20,20,0.0,0.0
claim,1106,default,253,20,20,128.6,8,4,109.16981132075472,56.8,385,90,36,36,E4,20,20,0.0,0.0
mas,1106,default,153,20,20,78.2,0,4,65.79245283018868,37.4,0,52,46,70,E4,20,20,0.0,0.0
mas_iterative,1106,default,151,20,20,77.2,0,4,64.84905660377359,36.6,0,44,48,73,E4,20,20,0.0,0.0
hungarian,1106,default,151,20,20,77.2,0,4,64.84905660377359,36.6,0,44,60,474,E4,20,20,0.0,0.0
no_coordination,1107,default,240,20,20,120.15,16,4,100.3265306122449,47.0,508,48,0,0,E4,20,20,0.0,0.0
claim,1107,default,146,20,20,75.25,2,4,67.04081632653062,47.0,57,79,22,22,E4,20,20,0.0,0.0
mas,1107,default,137,20,20,65.6,0,4,57.83673469387755,35.5,0,92,54,81,E4,20,20,0.0,0.0
mas_iterative,1107,default,135,20,20,64.3,0,4,56.69387755102041,35.0,0,84,48,72,E4,20,20,0.0,0.0
hungarian,1107,default,127,20,20,64.15,0,4,55.857142857142854,38.5,0,42,60,474,E4,20,20,0.0,0.0
no_coordination,1108,default,272,20,20,130.0,17,4,103.46296296296296,36.8,576,46,0,0,E4,20,20,0.0,0.0
claim,1108,default,183,20,20,91.8,3,4,78.61111111111111,38.2,81,103,23,23,E4,20,20,0.0,0.0
mas,1108,default,155,20,20,73.45,0,4,62.074074074074076,38.2,0,102,44,66,E4,20,20,0.0,0.0
mas_iterative,1108,default,155,20,20,72.95,0,4,61.592592592592595,38.0,0,102,46,69,E4,20,20,0.0,0.0
hungarian,1108,default,151,20,20,72.2,0,4,61.592592592592595,38.0,0,86,60,474,E4,20,20,0.0,0.0
no_coordination,1109,default,274,20,20,138.7,16,4,106.97674418604652,33.5,634,50,0,0,E4,20,20,0.0,0.0
claim,1109,default,175,20,20,83.0,5,4,67.86046511627907,33.5,139,86,25,25,E4,20,20,0.0,0.0
mas,1109,default,151,20,20,70.4,0,4,58.2093023255814,28.0,0,89,52,78,E4,20,20,0.0,0.0
mas_iterative,1109,default,150,20,20,69.2,0,4,57.18604651162791,27.5,0,85,52,78,E4,20,20,0.0,0.0
hungarian,1109,default,165,20,20,71.0,0,4,58.093023255813954,28.0,0,129,60,478,E4,20,20,0.0,0.0
no_coordination,1110,default,329,20,20,140.25,16,4,117.14754098360656,52.0,832,55,0,0,E4,20,20,0.0,0.0
claim,1110,default,179,20,20,87.95,4,4,77.39344262295081,46.714285714285715,134,66,26,26,E4,20,20,0.0,0.0
mas,1110,default,160,20,20,75.1,0,4,65.21311475409836,36.57142857142857,0,100,50,75,E4,20,20,0.0,0.0
mas_iterative,1110,default,159,20,20,74.05,0,4,64.21311475409836,36.0,0,96,50,75,E4,20,20,0.0,0.0
hungarian,1110,default,159,20,20,74.05,0,4,64.21311475409836,36.0,0,96,60,478,E4,20,20,0.0,0.0
no_coordination,1111,default,329,20,20,143.35,17,4,110.66,47.6,834,54,0,0,E4,20,20,0.0,0.0
claim,1111,default,222,20,20,101.6,10,4,80.26,42.2,341,74,33,33,E4,20,20,0.0,0.0
mas,1111,default,160,20,20,74.7,0,4,60.58,39.0,0,116,46,69,E4,20,20,0.0,0.0
mas_iterative,1111,default,159,20,20,74.0,0,4,59.92,38.6,0,112,44,66,E4,20,20,0.0,0.0
hungarian,1111,default,152,20,20,71.95,0,4,59.54,38.8,0,106,60,474,E4,20,20,0.0,0.0
no_coordination,1112,default,365,20,20,187.75,17,4,153.0888888888889,41.0,875,56,0,0,E4,20,20,0.0,0.0
claim,1112,default,279,20,20,168.85,9,4,144.7111111111111,41.0,528,82,42,42,E4,20,20,0.0,0.0
mas,1112,default,148,20,20,75.55,0,4,63.48888888888889,37.5,0,76,48,73,E4,20,20,0.0,0.0
mas_iterative,1112,default,140,20,20,74.5,0,4,62.333333333333336,37.0,0,44,46,70,E4,20,20,0.0,0.0
hungarian,1112,default,149,20,20,78.1,0,4,65.0,28.5,0,60,60,472,E4,20,20,0.0,0.0
no_coordination,1113,default,276,20,20,126.55,18,4,98.15094339622641,47.2,516,50,0,0,E4,20,20,0.0,0.0
claim,1113,default,212,20,20,108.6,7,4,85.50943396226415,43.8,257,83,30,30,E4,20,20,0.0,0.0
mas,1113,default,162,20,20,74.6,0,4,60.75471698113208,42.6,0,115,46,69,E4,20,20,0.0,0.0
mas_iterative,1113,default,161,20,20,73.85,0,4,60.0377358490566,42.0,0,111,44,66,E4,20,20,0.0,0.0
hungarian,1113,default,170,20,20,76.95,0,4,61.54716981132076,36.6,0,123,60,474,E4,20,20,0.0,0.0
no_coordination,1114,default,304,20,20,134.7,15,4,103.13461538461539,56.166666666666664,662,47,0,0,E4,20,20,0.0,0.0
claim,1114,default,196,20,20,103.05,4,4,82.71153846153847,55.833333333333336,117,76,24,24,E4,20,20,0.0,0.0
mas,1114,default,180,20,20,83.85,0,4,65.09615384615384,40.666666666666664,0,110,46,69,E4,20,20,0.0,0.0
mas_iterative,1114,default,180,20,20,83.2,0,4,64.48076923076923,40.166666666666664,0,110,48,72,E4,20,20,0.0,0.0
hungarian,1114,default,180,20,20,83.2,0,4,64.48076923076923,40.166666666666664,0,110,60,476,E4,20,20,0.0,0.0
no_coordination,1115,default,258,20,20,120.9,18,4,93.27083333333333,51.2,597,52,0,0,E4,20,20,0.0,0.0
claim,1115,default,187,20,20,97.35,5,4,79.9375,51.2,199,126,28,28,E4,20,20,0.0,0.0
mas,1115,default,147,20,20,65.55,0,4,52.145833333333336,35.2,0,118,48,73,E4,20,20,0.0,0.0
mas_iterative,1115,default,146,20,20,64.35,0,4,51.0,34.4,0,114,48,73,E4,20,20,0.0,0.0
hungarian,1115,default,146,20,20,64.35,0,4,51.0,34.4,0,114,60,474,E4,20,20,0.0,0.0
no_coordination,1116,default,234,20,20,105.5,15,4,82.45238095238095,27.5,543,49,0,0,E4,20,20,0.0,0.0
claim,1116,default,142,20,20,74.35,2,4,62.04761904761905,27.5,57,93,22,22,E4,20,20,0.0,0.0
mas,1116,default,134,20,20,65.95,0,4,54.642857142857146,27.5,0,98,48,72,E4,20,20,0.0,0.0
mas_iterative,1116,default,133,20,20,65.15,0,4,53.904761904761905,27.5,0,94,48,72,E4,20,20,0.0,0.0
hungarian,1116,default,133,20,20,65.15,0,4,53.904761904761905,27.5,0,94,60,476,E4,20,20,0.0,0.0
no_coordination,1117,default,276,20,20,121.2,15,4,94.94339622641509,37.8,632,48,0,0,E4,20,20,0.0,0.0
claim,1117,default,161,20,20,77.05,2,4,65.01886792452831,37.2,57,114,22,22,E4,20,20,0.0,0.0
mas,1117,default,149,20,20,67.05,0,4,55.886792452830186,32.0,0,116,50,75,E4,20,20,0.0,0.0
mas_iterative,1117,default,148,20,20,65.75,0,4,54.905660377358494,31.8,0,112,48,72,E4,20,20,0.0,0.0
hungarian,1117,default,148,20,20,65.75,0,4,54.905660377358494,31.8,0,112,60,474,E4,20,20,0.0,0.0
no_coordination,1118,default,424,20,20,181.8,15,4,146.0943396226415,52.5,1074,59,0,0,E4,20,20,0.0,0.0
claim,1118,default,208,20,20,104.5,3,4,88.60377358490567,45.25,71,102,23,23,E4,20,20,0.0,0.0
mas,1118,default,195,20,20,88.7,0,4,74.0754716981132,42.25,0,133,46,69,E4,20,20,0.0,0.0
mas_iterative,1118,default,193,20,20,87.95,0,4,73.41509433962264,42.0,0,125,49,74,E4,20,20,0.0,0.0
hungarian,1118,default,193,20,20,87.95,0,4,73.41509433962264,42.0,0,125,60,478,E4,20,20,0.0,0.0
no_coordination,1119,default,282,20,20,140.35,18,4,117.73469387755102,39.0,646,51,0,0,E4,20,20,0.0,0.0
claim,1119,default,168,20,20,89.35,3,4,78.42857142857143,39.0,81,82,23,23,E4,20,20,0.0,0.0
mas,1119,default,151,20,20,74.4,0,4,63.97959183673469,27.5,0,82,48,72,E4,20,20,0.0,0.0
mas_iterative,1119,default,149,20,20,73.5,0,4,63.12244897959184,27.0,0,74,50,75,E4,20,20,0.0,0.0
hungarian,1119,default,149,20,20,73.5,0,4,63.12244897959184,27.0,0,74,60,478,E4,20,20,0.0,0.0
no_coordination,1120,default,234,20,20,124.35,16,4,103.02272727272727,50.5,435,44,0,0,E4,20,20,0.0,0.0
claim,1120,default,161,20,20,84.95,2,4,74.86363636363636,50.5,57,85,22,22,E4,20,20,0.0,0.0
mas,1120,default,148,20,20,74.4,0,4,64.54545454545455,38.5,0,82,46,69,E4,20,20,0.0,0.0
mas_iterative,1120,default,148,20,20,73.8,0,4,63.86363636363637,38.0,0,82,48,72,E4,20,20,0.0,0.0
hungarian,1120,default,148,20,20,73.8,0,4,63.86363636363637,38.0,0,82,60,474,E4,20,20,0.0,0.0
no_coordination,1121,default,308,20,20,147.65,18,4,112.58695652173913,43.5,639,50,0,0,E4,20,20,0.0,0.0
claim,1121,default,194,20,20,97.7,2,4,79.91304347826087,43.5,65,99,22,22,E4,20,20,0.0,0.0
mas,1121,default,178,20,20,83.9,0,4,67.1086956521739,37.0,0,105,48,72,E4,20,20,0.0,0.0
mas_iterative,1121,default,177,20,20,83.1,0,4,66.3913043478261,36.5,0,101,46,69,E4,20,20,0.0,0.0
hungarian,1121,default,177,20,20,82.65,0,4,65.91304347826087,36.0,0,103,60,474,E4,20,20,0.0,0.0
no_coordination,1123,default,225,20,20,113.2,14,4,88.39583333333333,38.8,446,44,0,0,E4,20,20,0.0,0.0
claim,1123,default,160,20,20,83.9,3,4,71.10416666666667,39.8,79,80,23,23,E4,20,20,0.0,0.0
mas,1123,default,144,20,20,71.2,0,4,59.375,31.4,0,72,48,72,E4,20,20,0.0,0.0
mas_iterative,1123,default,144,20,20,70.35,0,4,58.604166666666664,31.0,0,72,50,75,E4,20,20,0.0,0.0
hungarian,1123,default,144,20,20,70.35,0,4,58.625,31.0,0,72,60,478,E4,20,20,0.0,0.0
no_coordination,1124,default,211,20,20,99.3,13,4,83.66666666666667,34.0,408,38,0,0,E4,20,20,0.0,0.0
claim,1124,default,150,20,20,78.45,2,4,69.12962962962963,34.0,57,76,22,22,E4,20,20,0.0,0.0
mas,1124,default,140,20,20,70.15,0,4,61.148148148148145,28.333333333333332,0,77,50,75,E4,20,20,0.0,0.0
mas_iterative,1124,default,139,20,20,69.15,0,4,60.2037037037037,28.0,0,73,48,72,E4,20,20,0.0,0.0
hungarian,1124,default,134,20,20,68.8,0,4,59.96296296296296,28.0,0,53,60,478,E4,20,20,0.0,0.0
no_coordination,1125,default,369,20,20,177.05,17,4,134.6595744680851,36.0,920,59,0,0,E4,20,20,0.0,0.0
claim,1125,default,215,20,20,104.5,7,4,82.8936170212766,36.0,227,67,29,29,E4,20,20,0.0,0.0
mas,1125,default,177,20,20,79.4,0,4,63.08510638297872,28.0,0,118,48,72,E4,20,20,0.0,0.0
mas_iterative,1125,default,176,20,20,78.6,0,4,62.340425531914896,27.666666666666668,0,114,50,75,E4,20,20,0.0,0.0
hungarian,1125,default,176,20,20,78.6,0,4,62.340425531914896,27.666666666666668,0,114,60,478,E4,20,20,0.0,0.0
no_coordination,1126,default,212,20,20,108.0,14,4,83.96,50.5,431,47,0,0,E4,20,20,0.0,0.0
claim,1126,default,137,20,20,70.45,2,4,59.1,44.75,57,88,22,22,E4,20,20,0.0,0.0
mas,1126,default,127,20,20,62.05,0,4,51.12,38.25,0,86,46,69,E4,20,20,0.0,0.0
mas_iterative,1126,default,126,20,20,61.35,0,4,50.44,37.5,0,82,50,75,E4,20,20,0.0,0.0
hungarian,1126,default,126,20,20,61.6,0,4,50.44,37.5,0,82,60,478,E4,20,20,0.0,0.0
no_coordination,1127,default,204,20,20,101.1,16,4,88.48979591836735,28.333333333333332,337,42,0,0,E4,20,20,0.0,0.0
claim,1127,default,162,20,20,84.6,3,4,75.38775510204081,28.333333333333332,95,89,23,23,E4,20,20,0.0,0.0
mas,1127,default,144,20,20,69.65,0,4,62.326530612244895,28.333333333333332,0,89,50,75,E4,20,20,0.0,0.0
mas_iterative,1127,default,143,20,20,68.6,0,4,61.40816326530612,28.333333333333332,0,85,50,75,E4,20,20,0.0,0.0
hungarian,1127,default,143,20,20,68.6,0,4,61.40816326530612,28.333333333333332,0,85,60,478,E4,20,20,0.0,0.0
no_coordination,1128,default,267,20,20,125.05,12,4,96.5,33.333333333333336,561,41,0,0,E4,20,20,0.0,0.0
claim,1128,default,166,20,20,85.8,2,4,71.3913043478261,33.333333333333336,57,97,22,22,E4,20,20,0.0,0.0
mas,1128,default,154,20,20,75.85,0,4,61.891304347826086,33.333333333333336,0,105,44,66,E4,20,20,0.0,0.0
mas_iterative,1128,default,154,20,20,75.35,0,4,61.45652173913044,33.333333333333336,0,105,50,75,E4,20,20,0.0,0.0
hungarian,1128,default,159,20,20,78.45,0,4,63.97826086956522,28.0,0,103,60,474,E4,20,20,0.0,0.0
no_coordination,1129,default,249,20,20,116.7,15,4,101.04081632653062,27.0,404,42,0,0,E4,20,20,0.0,0.0
claim,1129,default,178,20,20,93.6,2,4,83.16326530612245,27.0,58,82,22,22,E4,20,20,0.0,0.0
mas,1129,default,163,20,20,82.25,0,4,72.16326530612245,27.0,0,75,46,69,E4,20,20,0.0,0.0
mas_iterative,1129,default,162,20,20,81.65,0,4,71.63265306122449,27.0,0,71,44,66,E4,20,20,0.0,0.0
hungarian,1129,default,162,20,20,81.65,0,4,71.63265306122449,27.0,0,71,60,472,E4,20,20,0.0,0.0
no_coordination,1130,default,317,20,20,132.15,16,4,106.0,46.6,775,58,0,0,E4,20,20,0.0,0.0
claim,1130,default,169,20,20,87.6,2,4,74.75,45.0,57,71,22,22,E4,20,20,0.0,0.0
mas,1130,default,163,20,20,76.05,0,4,64.23214285714286,40.2,0,112,48,72,E4,20,20,0.0,0.0
mas_iterative,1130,default,161,20,20,75.15,0,4,63.375,39.4,0,104,48,72,E4,20,20,0.0,0.0
hungarian,1130,default,161,20,20,75.15,0,4,63.375,39.4,0,104,60,476,E4,20,20,0.0,0.0
no_coordination,1131,default,281,20,20,136.55,17,4,112.0677966101695,65.875,668,53,0,0,E4,20,20,0.0,0.0
claim,1131,default,163,20,20,86.15,2,4,75.22033898305085,54.5,57,94,22,22,E4,20,20,0.0,0.0
mas,1131,default,151,20,20,75.35,0,4,64.94915254237289,46.0,0,96,50,75,E4,20,20,0.0,0.0
mas_iterative,1131,default,149,20,20,74.3,0,4,64.01694915254237,45.25,0,88,52,78,E4,20,20,0.0,0.0
hungarian,1131,default,152,20,20,74.6,0,4,64.0677966101695,45.25,0,100,60,478,E4,20,20,0.0,0.0
no_coordination,1132,default,247,20,20,123.9,14,4,102.09433962264151,38.666666666666664,496,41,0,0,E4,20,20,0.0,0.0
claim,1132,default,169,20,20,94.8,5,4,83.37735849056604,38.666666666666664,110,69,25,25,E4,20,20,0.0,0.0
mas,1132,default,148,20,20,76.65,0,4,66.9622641509434,36.333333333333336,0,75,52,79,E4,20,20,0.0,0.0
mas_iterative,1132,default,145,20,20,75.15,0,4,65.58490566037736,35.666666666666664,0,63,49,74,E4,20,20,0.0,0.0
hungarian,1132,default,145,20,20,75.15,0,4,65.58490566037736,35.666666666666664,0,63,60,478,E4,20,20,0.0,0.0
no_coordination,1133,default,388,20,20,159.1,17,4,125.75471698113208,38.75,1042,64,0,0,E4,20,20,0.0,0.0
claim,1133,default,180,20,20,88.9,3,4,76.84905660377359,36.0,75,109,23,23,E4,20,20,0.0,0.0
mas,1133,default,155,20,20,73.55,0,4,63.094339622641506,35.5,0,84,44,66,E4,20,20,0.0,0.0
mas_iterative,1133,default,154,20,20,73.05,0,4,62.60377358490566,35.25,0,80,48,72,E4,20,20,0.0,0.0
hungarian,1133,default,154,20,20,72.8,0,4,62.58490566037736,35.25,0,80,60,474,E4,20,20,0.0,0.0
no_coordination,1134,default,239,20,20,107.3,13,4,90.26530612244898,28.5,492,43,0,0,E4,20,20,0.0,0.0
claim,1134,default,198,20,20,91.8,6,4,78.36734693877551,28.5,207,59,29,29,E4,20,20,0.0,0.0
mas,1134,default,152,20,20,70.75,0,4,61.48979591836735,28.5,0,106,48,72,E4,20,20,0.0,0.0
mas_iterative,1134,default,151,20,20,69.85,0,4,60.673469387755105,28.5,0,102,50,75,E4,20,20,0.0,0.0
hungarian,1134,default,151,20,20,69.85,0,4,60.673469387755105,28.5,0,102,60,476,E4,20,20,0.0,0.0
no_coordination,1135,default,336,20,20,141.0,17,4,108.625,47.6,840,55,0,0,E4,20,20,0.0,0.0
claim,1135,default,160,20,20,83.85,2,4,71.3125,42.0,57,41,22,22,E4,20,20,0.0,0.0
mas,1135,default,148,20,20,73.8,0,4,61.875,32.8,0,40,48,72,E4,20,20,0.0,0.0
mas_iterative,1135,default,148,20,20,72.75,0,4,61.020833333333336,32.2,0,40,46,69,E4,20,20,0.0,0.0
hungarian,1135,default,148,20,20,72.6,0,4,60.875,32.2,0,40,60,476,E4,20,20,0.0,0.0
no_coordination,1136,default,270,20,20,141.65,17,4,115.17647058823529,60.4,527,45,0,0,E4,20,20,0.0,0.0
claim,1136,default,202,20,20,118.85,6,4,102.31372549019608,62.2,172,73,26,26,E4,20,20,0.0,0.0
mas,1136,default,172,20,20,88.35,0,4,74.43137254901961,41.2,0,85,48,72,E4,20,20,0.0,0.0
mas_iterative,1136,default,170,20,20,87.35,0,4,73.49019607843137,40.4,0,77,48,72,E4,20,20,0.0,0.0
hungarian,1136,default,159,20,20,85.65,0,4,71.82352941176471,39.0,0,39,60,474,E4,20,20,0.0,0.0
no_coordination,1137,default,269,20,20,133.3,16,4,100.85106382978724,38.75,562,46,0,0,E4,20,20,0.0,0.0
claim,1137,default,200,20,20,99.4,5,4,80.08510638297872,38.75,113,138,25,25,E4,20,20,0.0,0.0
mas,1137,default,177,20,20,83.4,0,4,66.1063829787234,30.25,0,122,46,69,E4,20,20,0.0,0.0
mas_iterative,1137,default,177,20,20,82.7,0,4,65.38297872340425,29.5,0,122,46,69,E4,20,20,0.0,0.0
hungarian,1137,default,179,20,20,82.8,0,4,65.36170212765957,29.5,0,130,60,472,E4,20,20,0.0,0.0
no_coordination,1138,default,235,20,20,124.6,15,4,107.05555555555556,39.5,501,47,0,0,E4,20,20,0.0,0.0
claim,1138,default,175,20,20,84.65,3,4,74.31481481481481,37.0,101,102,23,23,E4,20,20,0.0,0.0
mas,1138,default,157,20,20,71.55,0,4,62.68518518518518,31.0,0,124,44,66,E4,20,20,0.0,0.0
mas_iterative,1138,default,156,20,20,71.0,0,4,62.166666666666664,30.75,0,120,44,66,E4,20,20,0.0,0.0
hungarian,1138,default,156,20,20,71.0,0,4,62.166666666666664,30.75,0,120,60,472,E4,20,20,0.0,0.0
no_coordination,1139,default,274,20,20,133.65,15,4,109.48148148148148,48.0,597,48,0,0,E4,20,20,0.0,0.0
claim,1139,default,172,20,20,89.45,4,4,79.46296296296296,48.0,94,122,24,24,E4,20,20,0.0,0.0
mas,1139,default,155,20,20,75.2,0,4,66.12962962962963,39.0,0,130,52,79,E4,20,20,0.0,0.0
mas_iterative,1139,default,154,20,20,73.8,0,4,64.77777777777777,38.0,0,126,49,74,E4,20,20,0.0,0.0
hungarian,1139,default,154,20,20,73.8,0,4,64.77777777777777,38.0,0,126,60,478,E4,20,20,0.0,0.0
no_coordination,1140,default,323,20,20,139.7,18,4,106.33333333333333,36.25,786,60,0,0,E4,20,20,0.0,0.0
claim,1140,default,168,20,20,82.65,2,4,68.33333333333333,36.25,57,109,22,22,E4,20,20,0.0,0.0
mas,1140,default,159,20,20,72.75,0,4,59.145833333333336,31.5,0,118,50,75,E4,20,20,0.0,0.0
mas_iterative,1140,default,157,20,20,71.8,0,4,58.3125,31.25,0,110,48,72,E4,20,20,0.0,0.0
hungarian,1140,default,157,20,20,71.8,0,4,58.3125,31.25,0,110,60,476,E4,20,20,0.0,0.0
no_coordination,1141,default,351,20,20,161.45,14,4,125.12727272727273,66.875,889,52,0,0,E4,20,20,0.0,0.0
claim,1141,default,184,20,20,91.8,3,4,77.67272727272727,54.0,101,77,24,24,E4,20,20,0.0,0.0
mas,1141,default,158,20,20,79.6,0,4,66.8,43.25,0,64,48,72,E4,20,20,0.0,0.0
mas_iterative,1141,default,157,20,20,79.25,0,4,66.03636363636363,42.5,0,60,48,72,E4,20,20,0.0,0.0
hungarian,1141,default,160,20,20,79.4,0,4,66.03636363636363,42.5,0,72,60,476,E4,20,20,0.0,0.0
no_coordination,1142,default,343,20,20,150.25,17,4,120.84,40.25,824,52,0,0,E4,20,20,0.0,0.0
claim,1142,default,183,20,20,92.05,2,4,78.84,40.25,57,106,22,22,E4,20,20,0.0,0.0
mas,1142,default,155,20,20,79.75,0,4,67.26,34.25,0,54,46,69,E4,20,20,0.0,0.0
mas_iterative,1142,default,154,20,20,79.0,0,4,66.56,34.0,0,50,48,72,E4,20,20,0.0,0.0
hungarian,1142,default,154,20,20,79.0,0,4,66.56,34.0,0,50,60,474,E4,20,20,0.0,0.0
no_coordination,1143,default,283,20,20,123.0,15,4,89.95348837209302,43.333333333333336,558,45,0,0,E4,20,20,0.0,0.0
claim,1143,default,185,20,20,89.25,3,4,69.37209302325581,42.0,75,109,23,23,E4,20,20,0.0,0.0
mas,1143,default,176,20,20,77.95,0,4,59.51162790697674,41.333333333333336,0,130,48,72,E4,20,20,0.0,0.0
mas_iterative,1143,default,175,20,20,77.15,0,4,58.72093023255814,40.666666666666664,0,126,48,72,E4,20,20,0.0,0.0
hungarian,1143,default,175,20,20,77.15,0,4,58.72093023255814,40.666666666666664,0,126,60,476,E4,20,20,0.0,0.0
no_coordination,1144,default,351,20,20,157.1,17,4,118.09803921568627,54.833333333333336,896,56,0,0,E4,20,20,0.0,0.0
claim,1144,default,204,20,20,118.55,4,4,97.70588235294117,56.666666666666664,207,96,28,28,E4,20,20,0.0,0.0
mas,1144,default,155,20,20,79.55,0,4,63.35294117647059,38.666666666666664,0,84,50,76,E4,20,20,0.0,0.0
mas_iterative,1144,default,154,20,20,78.2,0,4,62.03921568627451,37.5,0,80,48,73,E4,20,20,0.0,0.0
hungarian,1144,default,154,20,20,78.2,0,4,62.03921568627451,37.5,0,80,60,474,E4,20,20,0.0,0.0
no_coordination,1145,default,298,20,20,138.0,15,4,105.03571428571429,57.75,730,49,0,0,E4,20,20,0.0,0.0
claim,1145,default,163,20,20,84.8,2,4,70.14285714285714,48.375,57,84,22,22,E4,20,20,0.0,0.0
mas,1145,default,156,20,20,75.7,0,4,61.214285714285715,39.25,0,98,48,72,E4,20,20,0.0,0.0
mas_iterative,1145,default,155,20,20,74.8,0,4,60.42857142857143,38.5,0,94,48,72,E4,20,20,0.0,0.0
hungarian,1145,default,155,20,20,74.8,0,4,60.42857142857143,38.5,0,94,60,476,E4,20,20,0.0,0.0
no_coordination,1146,default,309,20,20,143.55,15,4,121.61818181818182,50.5,672,50,0,0,E4,20,20,0.0,0.0
claim,1146,default,180,20,20,93.5,3,4,83.0909090909091,46.25,101,95,24,24,E4,20,20,0.0,0.0
mas,1146,default,150,20,20,80.7,0,4,71.41818181818182,35.25,0,54,51,77,E4,20,20,0.0,0.0
mas_iterative,1146,default,148,20,20,79.4,0,4,70.2,34.5,0,46,52,78,E4,20,20,0.0,0.0
hungarian,1146,default,148,20,20,79.4,0,4,70.2,34.5,0,46,60,480,E4,20,20,0.0,0.0
no_coordination,1147,default,301,20,20,131.3,17,4,102.80851063829788,38.666666666666664,710,50,0,0,E4,20,20,0.0,0.0
claim,1147,default,177,20,20,92.55,3,4,76.42553191489361,38.666666666666664,87,76,23,23,E4,20,20,0.0,0.0
mas,1147,default,160,20,20,79.8,0,4,65.74468085106383,31.333333333333332,0,82,46,69,E4,20,20,0.0,0.0
mas_iterative,1147,default,159,20,20,79.15,0,4,65.17021276595744,31.0,0,78,46,69,E4,20,20,0.0,0.0
hungarian,1147,default,163,20,20,79.8,0,4,64.23404255319149,29.333333333333332,0,78,60,474,E4,20,20,0.0,0.0
no_coordination,1149,default,224,20,20,107.65,16,4,88.0576923076923,42.0,430,43,0,0,E4,20,20,0.0,0.0
claim,1149,default,186,20,20,91.95,7,4,78.5576923076923,40.333333333333336,201,91,28,28,E4,20,20,0.0,0.0
mas,1149,default,138,20,20,66.3,0,4,57.42307692307692,39.333333333333336,0,104,44,66,E4,20,20,0.0,0.0
mas_iterative,1149,default,138,20,20,65.8,0,4,56.90384615384615,39.0,0,104,44,66,E4,20,20,0.0,0.0
hungarian,1149,default,138,20,20,65.8,0,4,56.90384615384615,39.0,0,104,60,472,E4,20,20,0.0,0.0
no_coordination,1150,default,229,20,20,120.6,15,4,91.39583333333333,39.6,436,39,0,0,E4,20,20,0.0,0.0
claim,1150,default,175,20,20,91.2,5,4,75.02083333333333,39.6,108,116,25,25,E4,20,20,0.0,0.0
mas,1150,default,153,20,20,75.1,0,4,60.333333333333336,30.0,0,100,55,83,E4,20,20,0.0,0.0
mas_iterative,1150,default,151,20,20,73.45,0,4,58.895833333333336,29.2,0,92,51,77,E4,20,20,0.0,0.0
hungarian,1150,default,151,20,20,69.55,0,4,56.416666666666664,33.0,0,116,60,476,E4,20,20,0.0,0.0
no_coordination,1152,default,343,20,20,148.45,16,4,115.25,46.5,862,54,0,0,E4,20,20,0.0,0.0
claim,1152,default,172,20,20,90.75,3,4,76.39583333333333,42.75,75,73,23,23,E4,20,20,0.0,0.0
mas,1152,default,161,20,20,79.35,0,4,65.52083333333333,32.5,0,78,48,72,E4,20,20,0.0,0.0
mas_iterative,1152,default,159,20,20,78.4,0,4,64.64583333333333,31.75,0,70,48,72,E4,20,20,0.0,0.0
hungarian,1152,default,159,20,20,78.4,0,4,64.64583333333333,31.75,0,70,60,474,E4,20,20,0.0,0.0
no_coordination,1153,default,367,20,20,165.75,17,4,133.0,49.8,897,59,0,0,E4,20,20,0.0,0.0
claim,1153,default,247,20,20,121.25,7,4,101.77358490566037,46.2,225,142,27,27,E4,20,20,0.0,0.0
mas,1153,default,188,20,20,87.7,0,4,74.32075471698113,41.6,0,138,46,69,E4,20,20,0.0,0.0
mas_iterative,1153,default,185,20,20,86.75,0,4,73.69811320754717,41.2,0,126,46,69,E4,20,20,0.0,0.0
hungarian,1153,default,183,20,20,86.95,0,4,73.88679245283019,41.4,0,120,60,472,E4,20,20,0.0,0.0
no_coordination,1155,default,321,20,20,138.55,16,4,96.83333333333333,44.6,788,55,0,0,E4,20,20,0.0,0.0
claim,1155,default,185,20,20,89.1,4,4,69.27083333333333,40.0,119,98,25,25,E4,20,20,0.0,0.0
mas,1155,default,170,20,20,78.75,0,4,60.375,30.0,0,94,48,72,E4,20,20,0.0,0.0
mas_iterative,1155,default,169,20,20,77.85,0,4,59.541666666666664,29.4,0,90,44,66,E4,20,20,0.0,0.0
hungarian,1155,default,160,20,20,74.55,0,4,57.479166666666664,33.4,0,76,60,472,E4,20,20,0.0,0.0
no_coordination,1156,default,256,20,20,132.8,15,4,114.74468085106383,30.0,476,44,0,0,E4,20,20,0.0,0.0
claim,1156,default,223,20,20,118.1,6,4,105.61702127659575,30.0,269,73,33,33,E4,20,20,0.0,0.0
mas,1156,default,164,20,20,83.35,0,4,72.44680851063829,29.0,0,92,53,81,E4,20,20,0.0,0.0
mas_iterative,1156,default,159,20,20,80.75,0,4,70.55319148936171,29.0,0,72,50,76,E4,20,20,0.0,0.0
hungarian,1156,default,154,20,20,80.2,0,4,70.48936170212765,29.0,0,52,60,476,E4,20,20,0.0,0.0
no_coordination,1157,default,316,20,20,144.7,16,4,111.72916666666667,35.666666666666664,762,50,0,0,E4,20,20,0.0,0.0
claim,1157,default,181,20,20,97.2,5,4,81.6875,38.333333333333336,162,30,27,27,E4,20,20,0.0,0.0
mas,1157,default,154,20,20,80.0,0,4,66.8125,30.0,0,69,46,69,E4,20,20,0.0,0.0
mas_iterative,1157,default,153,20,20,79.25,0,4,66.14583333333333,29.666666666666668,0,65,46,69,E4,20,20,0.0,0.0
hungarian,1157,default,153,20,20,79.25,0,4,66.14583333333333,29.666666666666668,0,65,60,474,E4,20,20,0.0,0.0
no_coordination,1000,default,324,20,20,119.05,17,4,91.52173913043478,32.0,854,55,0,0,E4,20,20,0.1,0.0
claim,1000,default,151,20,20,77.9,3,4,64.91304347826087,32.0,71,75,23,23,E4,20,20,0.1,0.0
mas,1000,default,143,20,20,70.05,0,4,57.97826086956522,27.666666666666668,0,80,50,75,E4,20,20,0.1,0.0
mas_iterative,1000,default,142,20,20,69.15,0,4,57.17391304347826,27.333333333333332,0,76,48,72,E4,20,20,0.1,0.0
hungarian,1000,default,140,20,20,66.75,0,4,55.45652173913044,28.333333333333332,0,94,60,474,E4,20,20,0.1,0.0
no_coordination,1001,default,286,20,20,109.55,17,4,90.92857142857143,40.4,678,51,0,0,E4,20,20,0.1,0.0
claim,1001,default,170,20,20,81.85,3,4,72.01785714285714,40.4,103,69,26,26,E4,20,20,0.1,0.0
mas,1001,default,140,20,20,70.9,0,4,61.892857142857146,36.2,0,55,48,72,E4,20,20,0.1,0.0
mas_iterative,1001,default,139,20,20,69.8,0,4,60.910714285714285,35.8,0,53,50,75,E4,20,20,0.1,0.0
hungarian,1001,default,139,20,20,69.8,0,4,60.910714285714285,35.8,0,53,60,476,E4,20,20,0.1,0.0
no_coordination,1002,default,311,20,20,133.3,16,4,100.47826086956522,50.0,756,52,0,0,E4,20,20,0.1,0.0
claim,1002,default,178,20,20,88.6,2,4,72.93478260869566,47.0,61,120,22,22,E4,20,20,0.1,0.0
mas,1002,default,170,20,20,79.95,0,4,64.23913043478261,35.75,0,132,52,78,E4,20,20,0.1,0.0
mas_iterative,1002,default,167,20,20,78.45,0,4,62.93478260869565,34.75,0,122,46,69,E4,20,20,0.1,0.0
hungarian,1002,default,163,20,20,77.05,0,4,61.82608695652174,33.75,0,112,60,476,E4,20,20,0.1,0.0
no_coordination,1003,default,260,20,20,122.4,14,4,90.9375,50.666666666666664,587,50,0,0,E4,20,20,0.1,0.0
claim,1003,default,185,20,20,92.2,6,4,71.85416666666667,45.833333333333336,211,90,30,30,E4,20,20,0.1,0.0
mas,1003,default,153,20,20,72.6,0,4,57.208333333333336,37.5,0,103,52,78,E4,20,20,0.1,0.0
mas_iterative,1003,default,151,20,20,71.4,0,4,56.1875,36.5,0,95,46,69,E4,20,20,0.1,0.0
hungarian,1003,default,151,20,20,71.4,0,4,56.1875,36.5,0,95,60,472,E4,20,20,0.1,0.0
no_coordination,1004,default,306,20,20,141.05,17,4,115.93617021276596,38.333333333333336,719,50,0,0,E4,20,20,0.1,0.0
claim,1004,default,207,20,20,100.5,5,4,85.87234042553192,40.666666666666664,185,91,27,27,E4,20,20,0.1,0.0
mas,1004,default,163,20,20,77.6,0,4,66.1063829787234,29.333333333333332,0,109,50,75,E4,20,20,0.1,0.0
mas_iterative,1004,default,160,20,20,76.45,0,4,65.08510638297872,29.0,0,99,48,72,E4,20,20,0.1,0.0
hungarian,1004,default,161,20,20,76.95,0,4,64.74468085106383,29.0,0,85,60,474,E4,20,20,0.1,0.0
no_coordination,1005,default,259,20,20,116.3,16,4,98.4,53.666666666666664,599,51,0,0,E4,20,20,0.1,0.0
claim,1005,default,163,20,20,80.85,4,4,72.16363636363636,48.666666666666664,86,143,24,24,E4,20,20,0.1,0.0
mas,1005,default,141,20,20,66.85,0,4,58.89090909090909,39.333333333333336,0,124,50,75,E4,20,20,0.1,0.0
mas_iterative,1005,default,139,20,20,66.05,0,4,58.127272727272725,38.666666666666664,0,116,44,66,E4,20,20,0.1,0.0
hungarian,1005,default,139,20,20,66.05,0,4,58.127272727272725,38.666666666666664,0,116,60,472,E4,20,20,0.1,0.0
no_coordination,1006,default,225,20,20,113.7,16,4,90.92307692307692,38.0,417,46,0,0,E4,20,20,0.1,0.0
claim,1006,default,185,20,20,100.15,6,4,82.87179487179488,38.0,185,100,29,29,E4,20,20,0.1,0.0
mas,1006,default,155,20,20,70.4,0,4,58.46153846153846,29.0,0,107,46,69,E4,20,20,0.1,0.0
mas_iterative,1006,default,150,20,20,69.55,0,4,57.743589743589745,28.5,0,87,46,69,E4,20,20,0.1,0.0
hungarian,1006,default,150,20,20,69.55,0,4,57.743589743589745,28.5,0,87,60,474,E4,20,20,0.1,0.0
no_coordination,1007,default,232,20,20,115.0,13,4,94.71111111111111,33.0,457,43,0,0,E4,20,20,0.1,0.0
claim,1007,default,142,20,20,80.2,3,4,70.33333333333333,33.0,87,64,23,23,E4,20,20,0.1,0.0
mas,1007,default,126,20,20,68.2,0,4,60.044444444444444,33.0,0,91,46,69,E4,20,20,0.1,0.0
mas_iterative,1007,default,123,20,20,67.25,0,4,59.31111111111111,33.0,0,79,46,69,E4,20,20,0.1,0.0
hungarian,1007,default,126,20,20,67.45,0,4,59.111111111111114,28.0,0,83,60,474,E4,20,20,0.1,0.0
no_coordination,1008,default,280,20,20,128.5,15,4,104.16,36.25,572,44,0,0,E4,20,20,0.1,0.0
claim,1008,default,181,20,20,100.2,4,4,86.48,36.25,119,62,24,24,E4,20,20,0.1,0.0
mas,1008,default,158,20,20,81.25,0,4,70.18,31.0,0,56,48,72,E4,20,20,0.1,0.0
mas_iterative,1008,default,157,20,20,79.6,0,4,68.86,30.75,0,58,46,69,E4,20,20,0.1,0.0
hungarian,1008,default,157,20,20,79.6,0,4,68.86,30.75,0,58,60,472,E4,20,20,0.1,0.0
no_coordination,1009,default,355,20,20,156.35,18,4,122.44680851063829,33.333333333333336,878,56,0,0,E4,20,20,0.1,0.0
claim,1009,default,206,20,20,111.25,4,4,92.40425531914893,38.0,129,80,24,24,E4,20,20,0.1,0.0
mas,1009,default,177,20,20,85.75,0,4,70.51063829787235,27.666666666666668,0,90,48,72,E4,20,20,0.1,0.0
mas_iterative,1009,default,175,20,20,84.9,0,4,69.72340425531915,27.333333333333332,0,82,48,72,E4,20,20,0.1,0.0
hungarian,1009,default,173,20,20,84.3,0,4,69.55319148936171,27.333333333333332,0,74,60,476,E4,20,20,0.1,0.0
no_coordination,1010,default,335,20,20,157.4,17,4,131.73584905660377,62.8,865,55,0,0,E4,20,20,0.1,0.0
claim,1010,default,190,20,20,111.5,4,4,98.05660377358491,57.6,206,64,28,28,E4,20,20,0.1,0.0
mas,1010,default,147,20,20,73.55,0,4,62.77358490566038,38.2,0,71,46,70,E4,20,20,0.1,0.0
mas_iterative,1010,default,145,20,20,72.55,0,4,61.81132075471698,37.4,0,63,50,76,E4,20,20,0.1,0.0
hungarian,1010,default,148,20,20,72.3,0,4,61.660377358490564,37.4,0,77,60,476,E4,20,20,0.1,0.0
no_coordination,1011,default,254,20,20,126.65,17,4,100.66666666666667,39.4,517,53,0,0,E4,20,20,0.1,0.0
claim,1011,default,171,20,20,81.6,3,4,67.72222222222223,37.2,131,71,26,26,E4,20,20,0.1,0.0
mas,1011,default,156,20,20,72.75,0,4,59.611111111111114,33.4,0,122,48,72,E4,20,20,0.1,0.0
mas_iterative,1011,default,155,20,20,71.9,0,4,58.81481481481482,33.0,0,118,48,72,E4,20,20,0.1,0.0
hungarian,1011,default,155,20,20,71.9,0,4,58.81481481481482,33.0,0,118,60,476,E4,20,20,0.1,0.0
no_coordination,1012,default,237,20,20,108.7,15,4,93.84905660377359,42.0,524,49,0,0,E4,20,20,0.1,0.0
claim,1012,default,163,20,20,79.5,4,4,70.9245283018868,40.2,97,112,24,24,E4,20,20,0.1,0.0
mas,1012,default,141,20,20,65.8,0,4,58.18867924528302,35.0,0,124,48,72,E4,20,20,0.1,0.0
mas_iterative,1012,default,146,20,20,64.95,0,4,57.62264150943396,34.8,0,144,44,66,E4,20,20,0.1,0.0
hungarian,1012,default,146,20,20,64.95,0,4,57.62264150943396,34.8,0,144,60,472,E4,20,20,0.1,0.0
no_coordination,1013,default,246,20,20,125.0,14,4,102.3170731707317,nan,514,38,0,0,E4,20,20,0.1,0.0
claim,1013,default,186,20,20,83.25,4,4,75.65853658536585,nan,152,75,27,27,E4,20,20,0.1,0.0
mas,1013,default,170,20,20,73.45,0,4,66.1219512195122,nan,0,157,50,75,E4,20,20,0.1,0.0
mas_iterative,1013,default,169,20,20,72.45,0,4,65.21951219512195,nan,0,153,50,75,E4,20,20,0.1,0.0
hungarian,1013,default,167,20,20,71.65,0,4,65.1219512195122,nan,0,145,60,478,E4,20,20,0.1,0.0
no_coordination,1014,default,273,20,20,110.0,15,4,90.48,28.5,617,49,0,0,E4,20,20,0.1,0.0
claim,1014,default,178,20,20,84.9,2,4,72.92,28.5,59,120,22,22,E4,20,20,0.1,0.0
mas,1014,default,166,20,20,77.6,0,4,66.56,28.5,0,110,48,72,E4,20,20,0.1,0.0
mas_iterative,1014,default,165,20,20,76.85,0,4,65.92,28.5,0,106,48,72,E4,20,20,0.1,0.0
hungarian,1014,default,167,20,20,77.1,0,4,64.7,28.0,0,102,60,474,E4,20,20,0.1,0.0
no_coordination,1015,default,242,20,20,120.95,15,4,103.42,34.0,412,41,0,0,E4,20,20,0.1,0.0
claim,1015,default,183,20,20,95.35,3,4,84.3,34.0,89,83,23,23,E4,20,20,0.1,0.0
mas,1015,default,166,20,20,83.3,0,4,73.92,34.0,0,78,52,78,E4,20,20,0.1,0.0
mas_iterative,1015,default,168,20,20,82.8,0,4,72.9,34.0,0,86,48,72,E4,20,20,0.1,0.0
hungarian,1015,default,171,20,20,82.8,0,4,73.04,34.0,0,98,60,476,E4,20,20,0.1,0.0
no_coordination,1016,default,271,20,20,136.25,17,4,98.76,43.333333333333336,626,51,0,0,E4,20,20,0.1,0.0
claim,1016,default,146,20,20,77.7,3,4,63.66,39.833333333333336,77,94,23,23,E4,20,20,0.1,0.0
mas,1016,default,131,20,20,64.15,0,4,52.02,35.666666666666664,0,96,48,72,E4,20,20,0.1,0.0
mas_iterative,1016,default,130,20,20,63.25,0,4,51.2,35.166666666666664,0,92,48,72,E4,20,20,0.1,0.0
hungarian,1016,default,130,20,20,63.5,0,4,51.32,35.5,0,96,60,478,E4,20,20,0.1,0.0
no_coordination,1017,default,266,20,20,123.3,15,4,102.11538461538461,41.666666666666664,582,45,0,0,E4,20,20,0.1,0.0
claim,1017,default,206,20,20,90.0,6,4,78.11538461538461,41.666666666666664,228,93,30,30,E4,20,20,0.1,0.0
mas,1017,default,158,20,20,71.8,0,4,62.42307692307692,36.333333333333336,0,132,50,75,E4,20,20,0.1,0.0
mas_iterative,1017,default,156,20,20,70.9,0,4,61.59615384615385,36.0,0,124,48,72,E4,20,20,0.1,0.0
hungarian,1017,default,156,20,20,71.5,0,4,62.05769230769231,37.333333333333336,0,120,60,482,E4,20,20,0.1,0.0
no_coordination,1018,default,298,20,20,138.0,13,4,103.06818181818181,32.666666666666664,584,43,0,0,E4,20,20,0.1,0.0
claim,1018,default,209,20,20,105.55,3,4,83.97727272727273,32.666666666666664,89,119,23,23,E4,20,20,0.1,0.0
mas,1018,default,184,20,20,91.7,0,4,71.38636363636364,32.666666666666664,0,86,48,72,E4,20,20,0.1,0.0
mas_iterative,1018,default,189,20,20,91.2,0,4,70.79545454545455,32.666666666666664,0,106,48,72,E4,20,20,0.1,0.0
hungarian,1018,default,189,20,20,91.75,0,4,70.97727272727273,32.666666666666664,0,104,60,476,E4,20,20,0.1,0.0
no_coordination,1019,default,283,20,20,127.15,14,4,106.72549019607843,32.0,643,50,0,0,E4,20,20,0.1,0.0
claim,1019,default,163,20,20,88.25,2,4,77.29411764705883,32.0,59,41,22,22,E4,20,20,0.1,0.0
mas,1019,default,156,20,20,77.25,0,4,67.05882352941177,32.0,0,73,48,72,E4,20,20,0.1,0.0
mas_iterative,1019,default,155,20,20,76.6,0,4,66.41176470588235,32.0,0,69,44,66,E4,20,20,0.1,0.0
hungarian,1019,default,156,20,20,76.65,0,4,66.43137254901961,32.0,0,73,60,472,E4,20,20,0.1,0.0
no_coordination,1020,default,257,20,20,146.25,16,4,118.30434782608695,30.5,514,45,0,0,E4,20,20,0.1,0.0
claim,1020,default,215,20,20,105.55,6,4,86.78260869565217,30.5,213,86,28,28,E4,20,20,0.1,0.0
mas,1020,default,177,20,20,87.1,0,4,72.15217391304348,30.5,0,114,44,66,E4,20,20,0.1,0.0
mas_iterative,1020,default,176,20,20,86.55,0,4,71.65217391304348,30.5,0,110,46,69,E4,20,20,0.1,0.0
hungarian,1020,default,173,20,20,86.0,0,4,71.21739130434783,30.5,0,98,60,472,E4,20,20,0.1,0.0
no_coordination,1021,default,328,20,20,137.85,15,4,105.45652173913044,35.666666666666664,716,50,0,0,E4,20,20,0.1,0.0
claim,1021,default,158,20,20,82.1,2,4,68.6304347826087,35.666666666666664,59,68,22,22,E4,20,20,0.1,0.0
mas,1021,default,146,20,20,72.5,0,4,59.47826086956522,28.666666666666668,0,66,51,77,E4,20,20,0.1,0.0
mas_iterative,1021,default,144,20,20,71.2,0,4,58.32608695652174,28.333333333333332,0,58,48,72,E4,20,20,0.1,0.0
hungarian,1021,default,144,20,20,71.2,0,4,58.32608695652174,28.333333333333332,0,58,60,476,E4,20,20,0.1,0.0
no_coordination,1022,default,308,20,20,128.2,17,4,103.50980392156863,42.25,643,49,0,0,E4,20,20,0.1,0.0
claim,1022,default,171,20,20,92.8,3,4,79.74509803921569,41.5,77,59,23,23,E4,20,20,0.1,0.0
mas,1022,default,146,20,20,75.45,0,4,64.37254901960785,41.5,0,48,50,75,E4,20,20,0.1,0.0
mas_iterative,1022,default,145,20,20,74.55,0,4,63.509803921568626,41.0,0,44,48,72,E4,20,20,0.1,0.0
hungarian,1022,default,145,20,20,74.55,0,4,63.509803921568626,41.0,0,44,60,476,E4,20,20,0.1,0.0
no_coordination,1023,default,267,20,20,133.3,19,4,107.98039215686275,36.0,516,46,0,0,E4,20,20,0.1,0.0
claim,1023,default,191,20,20,96.55,2,4,82.47058823529412,36.0,59,105,22,22,E4,20,20,0.1,0.0
mas,1023,default,180,20,20,86.35,0,4,72.62745098039215,30.666666666666668,0,111,44,66,E4,20,20,0.1,0.0
mas_iterative,1023,default,179,20,20,85.85,0,4,72.13725490196079,30.333333333333332,0,107,44,66,E4,20,20,0.1,0.0
hungarian,1023,default,179,20,20,85.85,0,4,72.13725490196079,30.333333333333332,0,107,60,472,E4,20,20,0.1,0.0
no_coordination,1024,default,345,20,20,175.5,15,4,143.6734693877551,54.333333333333336,877,52,0,0,E4,20,20,0.1,0.0
claim,1024,default,222,20,20,132.2,5,4,115.75510204081633,54.333333333333336,262,104,30,30,E4,20,20,0.1,0.0
mas,1024,default,165,20,20,80.3,0,4,69.79591836734694,29.666666666666668,0,94,46,70,E4,20,20,0.1,0.0
mas_iterative,1024,default,165,20,20,79.35,0,4,68.85714285714286,29.0,0,94,48,73,E4,20,20,0.1,0.0
hungarian,1024,default,165,20,20,79.35,0,4,68.85714285714286,29.0,0,94,60,474,E4,20,20,0.1,0.0
no_coordination,1025,default,241,20,20,127.95,14,4,99.46938775510205,43.0,529,45,0,0,E4,20,20,0.1,0.0
claim,1025,default,162,20,20,82.4,3,4,68.44897959183673,41.5,97,60,23,23,E4,20,20,0.1,0.0
mas,1025,default,146,20,20,70.15,0,4,57.10204081632653,34.0,0,96,48,72,E4,20,20,0.1,0.0
mas_iterative,1025,default,145,20,20,69.45,0,4,56.42857142857143,33.5,0,92,44,66,E4,20,20,0.1,0.0
hungarian,1025,default,134,20,20,65.1,0,4,53.285714285714285,37.5,0,76,60,476,E4,20,20,0.1,0.0
no_coordination,1026,default,318,20,20,152.7,17,4,121.01886792452831,46.333333333333336,737,53,0,0,E4,20,20,0.1,0.0
claim,1026,default,177,20,20,101.75,3,4,86.75471698113208,46.833333333333336,93,43,23,23,E4,20,20,0.1,0.0
mas,1026,default,155,20,20,83.2,0,4,70.43396226415095,42.0,0,44,44,66,E4,20,20,0.1,0.0
mas_iterative,1026,default,154,20,20,82.7,0,4,69.9622641509434,41.5,0,40,48,72,E4,20,20,0.1,0.0
hungarian,1026,default,156,20,20,84.6,0,4,71.45283018867924,36.166666666666664,0,30,60,476,E4,20,20,0.1,0.0
no_coordination,1027,default,320,20,20,158.25,16,4,126.12765957446808,54.5,748,52,0,0,E4,20,20,0.1,0.0
claim,1027,default,210,20,20,120.65,4,4,102.2127659574468,54.5,216,99,27,27,E4,20,20,0.1,0.0
mas,1027,default,172,20,20,82.35,0,4,66.95744680851064,33.5,0,114,48,73,E4,20,20,0.1,0.0
mas_iterative,1027,default,170,20,20,80.65,0,4,65.36170212765957,32.25,0,108,50,76,E4,20,20,0.1,0.0
hungarian,1027,default,170,20,20,80.65,0,4,65.36170212765957,32.25,0,108,60,476,E4,20,20,0.1,0.0
no_coordination,1028,default,373,20,20,188.85,15,4,153.04545454545453,43.0,964,57,0,0,E4,20,20,0.1,0.0
claim,1028,default,233,20,20,149.0,5,4,128.4318181818182,43.0,298,59,32,32,E4,20,20,0.1,0.0
mas,1028,default,171,20,20,85.9,0,4,69.22727272727273,28.5,0,94,46,70,E4,20,20,0.1,0.0
mas_iterative,1028,default,169,20,20,84.9,0,4,68.25,27.5,0,86,52,79,E4,20,20,0.1,0.0
hungarian,1028,default,169,20,20,84.9,0,4,68.25,27.5,0,86,60,478,E4,20,20,0.1,0.0
no_coordination,1030,default,293,20,20,139.2,15,4,104.02380952380952,48.5,671,49,0,0,E4,20,20,0.1,0.0
claim,1030,default,170,20,20,92.2,5,4,74.83333333333333,43.5,135,53,26,26,E4,20,20,0.1,0.0
mas,1030,default,155,20,20,72.3,0,4,58.07142857142857,34.0,0,92,44,66,E4,20,20,0.1,0.0
mas_iterative,1030,default,154,20,20,71.8,0,4,57.57142857142857,33.5,0,88,48,72,E4,20,20,0.1,0.0
hungarian,1030,default,154,20,20,71.85,0,4,57.95238095238095,33.5,0,88,60,476,E4,20,20,0.1,0.0
no_coordination,1031,default,288,20,20,139.9,19,4,110.10909090909091,48.857142857142854,668,49,0,0,E4,20,20,0.1,0.0
claim,1031,default,175,20,20,89.1,2,4,74.87272727272727,43.142857142857146,57,88,22,22,E4,20,20,0.1,0.0
mas,1031,default,165,20,20,80.7,0,4,66.36363636363636,36.0,0,80,46,69,E4,20,20,0.1,0.0
mas_iterative,1031,default,165,20,20,79.85,0,4,65.65454545454546,35.42857142857143,0,82,46,69,E4,20,20,0.1,0.0
hungarian,1031,default,164,20,20,79.85,0,4,65.7090909090909,35.42857142857143,0,78,60,474,E4,20,20,0.1,0.0
no_coordination,1032,default,281,20,20,140.3,16,4,108.93617021276596,34.0,639,47,0,0,E4,20,20,0.1,0.0
claim,1032,default,191,20,20,100.25,5,4,83.44680851063829,34.0,122,105,26,26,E4,20,20,0.1,0.0
mas,1032,default,156,20,20,76.75,0,4,62.42553191489362,34.0,0,95,52,79,E4,20,20,0.1,0.0
mas_iterative,1032,default,147,20,20,74.9,0,4,61.06382978723404,33.5,0,57,51,77,E4,20,20,0.1,0.0
hungarian,1032,default,147,20,20,74.9,0,4,61.06382978723404,33.5,0,57,60,480,E4,20,20,0.1,0.0
no_coordination,1033,default,376,20,20,173.1,17,4,144.12962962962962,74.8,945,51,0,0,E4,20,20,0.1,0.0
claim,1033,default,206,20,20,110.25,2,4,94.11111111111111,54.4,59,64,22,22,E4,20,20,0.1,0.0
mas,1033,default,196,20,20,95.25,0,4,80.31481481481481,50.6,0,93,51,77,E4,20,20,0.1,0.0
mas_iterative,1033,default,196,20,20,94.4,0,4,79.5,49.6,0,89,48,72,E4,20,20,0.1,0.0
hungarian,1033,default,196,20,20,94.4,0,4,79.5,49.6,0,89,60,474,E4,20,20,0.1,0.0
no_coordination,1034,default,241,20,20,119.65,15,4,92.4888888888889,48.5,434,41,0,0,E4,20,20,0.1,0.0
claim,1034,default,187,20,20,93.8,3,4,74.84444444444445,48.5,89,92,23,23,E4,20,20,0.1,0.0
mas,1034,default,168,20,20,81.55,0,4,63.48888888888889,29.0,0,74,48,72,E4,20,20,0.1,0.0
mas_iterative,1034,default,167,20,20,80.6,0,4,62.55555555555556,27.5,0,70,50,75,E4,20,20,0.1,0.0
hungarian,1034,default,167,20,20,80.6,0,4,62.55555555555556,27.5,0,70,60,476,E4,20,20,0.1,0.0
no_coordination,1035,default,298,20,20,132.95,14,4,111.16666666666667,41.2,638,44,0,0,E4,20,20,0.1,0.0
claim,1035,default,178,20,20,91.5,3,4,80.12962962962963,38.6,73,74,23,23,E4,20,20,0.1,0.0
mas,1035,default,162,20,20,77.4,0,4,66.55555555555556,34.0,0,92,51,77,E4,20,20,0.1,0.0
mas_iterative,1035,default,160,20,20,76.1,0,4,65.37037037037037,33.4,0,84,46,69,E4,20,20,0.1,0.0
hungarian,1035,default,160,20,20,75.9,0,4,65.22222222222223,33.4,0,86,60,474,E4,20,20,0.1,0.0
no_coordination,1036,default,367,20,20,178.85,19,4,138.79591836734693,44.25,817,59,0,0,E4,20,20,0.1,0.0
claim,1036,default,203,20,20,108.9,4,4,90.18367346938776,44.5,113,97,24,24,E4,20,20,0.1,0.0
mas,1036,default,175,20,20,87.95,0,4,72.22448979591837,37.75,0,75,46,69,E4,20,20,0.1,0.0
mas_iterative,1036,default,174,20,20,87.35,0,4,71.6734693877551,37.5,0,71,46,69,E4,20,20,0.1,0.0
hungarian,1036,default,174,20,20,87.35,0,4,71.6734693877551,37.5,0,71,60,462,E4,20,20,0.1,0.0
no_coordination,1037,default,397,20,20,175.25,19,4,126.71739130434783,47.4,1014,64,0,0,E4,20,20,0.1,0.0
claim,1037,default,192,20,20,95.45,3,4,74.97826086956522,43.2,85,116,23,23,E4,20,20,0.1,0.0
mas,1037,default,178,20,20,87.1,0,4,67.1086956521739,34.4,0,114,48,72,E4,20,20,0.1,0.0
mas_iterative,1037,default,178,20,20,86.25,0,4,66.28260869565217,33.8,0,114,48,72,E4,20,20,0.1,0.0
hungarian,1037,default,178,20,20,86.25,0,4,66.28260869565217,33.8,0,114,60,474,E4,20,20,0.1,0.0
no_coordination,1038,default,244,20,20,113.7,17,4,92.6896551724138,44.0,447,48,0,0,E4,20,20,0.1,0.0
claim,1038,default,176,20,20,88.8,3,4,75.91379310344827,47.0,81,92,23,23,E4,20,20,0.1,0.0
mas,1038,default,161,20,20,74.65,0,4,62.810344827586206,41.5,0,102,46,69,E4,20,20,0.1,0.0
mas_iterative,1038,default,161,20,20,74.05,0,4,62.224137931034484,41.0,0,104,46,69,E4,20,20,0.1,0.0
hungarian,1038,default,161,20,20,74.05,0,4,62.224137931034484,41.0,0,104,60,474,E4,20,20,0.1,0.0
no_coordination,1039,default,306,20,20,138.2,15,4,108.125,41.5,692,49,0,0,E4,20,20,0.1,0.0
claim,1039,default,182,20,20,87.85,2,4,74.375,40.0,57,111,22,22,E4,20,20,0.1,0.0
mas,1039,default,173,20,20,78.15,0,4,65.21428571428571,32.833333333333336,0,120,46,69,E4,20,20,0.1,0.0
mas_iterative,1039,default,172,20,20,77.55,0,4,64.625,32.5,0,116,46,69,E4,20,20,0.1,0.0
hungarian,1039,default,172,20,20,77.55,0,4,64.39285714285714,32.5,0,116,60,474,E4,20,20,0.1,0.0
no_coordination,1040,default,260,20,20,122.45,16,4,101.08163265306122,46.0,564,46,0,0,E4,20,20,0.1,0.0
claim,1040,default,184,20,20,99.6,7,4,86.22448979591837,46.0,202,37,29,29,E4,20,20,0.1,0.0
mas,1040,default,145,20,20,78.85,0,4,69.57142857142857,49.5,0,61,48,72,E4,20,20,0.1,0.0
mas_iterative,1040,default,144,20,20,78.05,0,4,68.83673469387755,49.0,0,57,44,66,E4,20,20,0.1,0.0
hungarian,1040,default,144,20,20,78.05,0,4,68.83673469387755,49.0,0,57,60,472,E4,20,20,0.1,0.0
no_coordination,1041,default,305,20,20,129.6,15,4,98.74,36.5,727,50,0,0,E4,20,20,0.1,0.0
claim,1041,default,171,20,20,87.15,2,4,71.94,36.5,57,86,22,22,E4,20,20,0.1,0.0
mas,1041,default,161,20,20,77.25,0,4,62.76,31.0,0,102,48,72,E4,20,20,0.1,0.0
mas_iterative,1041,default,155,20,20,75.7,0,4,61.4,30.75,0,82,50,75,E4,20,20,0.1,0.0
hungarian,1041,default,155,20,20,75.7,0,4,61.4,30.75,0,82,60,476,E4,20,20,0.1,0.0
no_coordination,1042,default,357,20,20,139.9,17,4,108.23076923076923,38.4,891,58,0,0,E4,20,20,0.1,0.0
claim,1042,default,171,20,20,81.5,2,4,67.28846153846153,38.2,57,122,22,22,E4,20,20,0.1,0.0
mas,1042,default,163,20,20,72.2,0,4,58.09615384615385,29.0,0,132,44,66,E4,20,20,0.1,0.0
mas_iterative,1042,default,162,20,20,71.7,0,4,57.63461538461539,28.6,0,128,46,69,E4,20,20,0.1,0.0
hungarian,1042,default,162,20,20,71.7,0,4,57.63461538461539,28.6,0,128,60,474,E4,20,20,0.1,0.0
no_coordination,1043,default,248,20,20,123.8,17,4,92.23684210526316,31.0,512,45,0,0,E4,20,20,0.1,0.0
claim,1043,default,162,20,20,83.15,3,4,66.36842105263158,31.0,61,70,23,23,E4,20,20,0.1,0.0
mas,1043,default,157,20,20,73.9,0,4,57.3421052631579,31.0,0,88,46,69,E4,20,20,0.1,0.0
mas_iterative,1043,default,156,20,20,73.25,0,4,56.76315789473684,31.0,0,84,44,66,E4,20,20,0.1,0.0
hungarian,1043,default,156,20,20,73.25,0,4,56.76315789473684,31.0,0,84,60,472,E4,20,20,0.1,0.0
no_coordination,1044,default,302,20,20,133.25,15,4,113.56,51.25,710,51,0,0,E4,20,20,0.1,0.0
claim,1044,default,163,20,20,86.6,2,4,76.48,45.5,57,82,22,22,E4,20,20,0.1,0.0
mas,1044,default,156,20,20,75.1,0,4,65.48,40.0,0,102,50,75,E4,20,20,0.1,0.0
mas_iterative,1044,default,155,20,20,74.15,0,4,64.58,39.5,0,98,48,72,E4,20,20,0.1,0.0
hungarian,1044,default,160,20,20,76.8,0,4,66.54,33.75,0,102,60,476,E4,20,20,0.1,0.0
no_coordination,1045,default,339,20,20,141.2,17,4,107.48076923076923,39.0,789,56,0,0,E4,20,20,0.1,0.0
claim,1045,default,201,20,20,107.45,5,4,88.5576923076923,39.75,141,48,25,25,E4,20,20,0.1,0.0
mas,1045,default,190,20,20,84.45,0,4,69.65384615384616,33.0,0,125,50,75,E4,20,20,0.1,0.0
mas_iterative,1045,default,189,20,20,83.7,0,4,68.82692307692308,32.5,0,117,50,75,E4,20,20,0.1,0.0
hungarian,1045,default,189,20,20,84.9,0,4,68.57692307692308,34.25,0,117,60,474,E4,20,20,0.1,0.0
no_coordination,1046,default,299,20,20,129.9,16,4,108.98113207547169,56.6,663,50,0,0,E4,20,20,0.1,0.0
claim,1046,default,212,20,20,116.4,4,4,100.98113207547169,57.8,205,96,28,28,E4,20,20,0.1,0.0
mas,1046,default,170,20,20,80.05,0,4,67.79245283018868,34.8,0,86,48,73,E4,20,20,0.1,0.0
mas_iterative,1046,default,169,20,20,78.9,0,4,66.67924528301887,33.8,0,82,50,76,E4,20,20,0.1,0.0
hungarian,1046,default,178,20,20,78.55,0,4,67.45283018867924,33.8,0,138,62,479,E4,20,20,0.1,0.0
no_coordination,1047,default,265,20,20,136.4,15,4,104.26666666666667,43.0,630,46,0,0,E4,20,20,0.1,0.0
claim,1047,default,159,20,20,81.8,4,4,69.2,43.0,117,73,24,24,E4,20,20,0.1,0.0
mas,1047,default,134,20,20,70.25,0,4,58.733333333333334,28.5,0,70,48,72,E4,20,20,0.1,0.0
mas_iterative,1047,default,134,20,20,69.4,0,4,57.888888888888886,28.0,0,70,52,78,E4,20,20,0.1,0.0
hungarian,1047,default,135,20,20,69.45,0,4,57.888888888888886,30.5,0,80,60,476,E4,20,20,0.1,0.0
no_coordination,1048,default,377,20,20,171.45,16,4,143.4255319148936,56.0,961,58,0,0,E4,20,20,0.1,0.0
claim,1048,default,225,20,20,124.6,5,4,109.8936170212766,56.0,230,121,28,28,E4,20,20,0.1,0.0
mas,1048,default,165,20,20,83.4,0,4,72.2127659574468,30.5,0,80,53,81,E4,20,20,0.1,0.0
mas_iterative,1048,default,164,20,20,82.45,0,4,71.40425531914893,30.0,0,72,48,73,E4,20,20,0.1,0.0
hungarian,1048,default,161,20,20,82.75,0,4,71.44680851063829,33.5,0,48,60,472,E4,20,20,0.1,0.0
no_coordination,1049,default,283,20,20,134.4,17,4,116.18181818181819,39.333333333333336,582,46,0,0,E4,20,20,0.1,0.0
claim,1049,default,191,20,20,96.55,3,4,85.18181818181819,39.333333333333336,87,83,23,23,E4,20,20,0.1,0.0
mas,1049,default,175,20,20,84.5,0,4,74.34545454545454,32.0,0,70,48,72,E4,20,20,0.1,0.0
mas_iterative,1049,default,173,20,20,83.6,0,4,73.52727272727273,31.666666666666668,0,62,54,81,E4,20,20,0.1,0.0
hungarian,1049,default,173,20,20,83.6,0,4,73.52727272727273,31.666666666666668,0,62,60,480,E4,20,20,0.1,0.0
no_coordination,1050,default,350,20,20,161.95,18,4,125.375,49.25,853,58,0,0,E4,20,20,0.1,0.0
claim,1050,default,182,20,20,91.55,2,4,75.66666666666667,45.0,59,129,22,22,E4,20,20,0.1,0.0
mas,1050,default,169,20,20,80.65,0,4,65.75,39.75,0,120,44,66,E4,20,20,0.1,0.0
mas_iterative,1050,default,169,20,20,80.15,0,4,65.25,39.25,0,120,48,72,E4,20,20,0.1,0.0
hungarian,1050,default,167,20,20,79.75,0,4,65.10416666666667,39.25,0,114,60,474,E4,20,20,0.1,0.0
no_coordination,1051,default,288,20,20,154.65,17,4,123.31111111111112,38.5,652,52,0,0,E4,20,20,0.1,0.0
claim,1051,default,206,20,20,104.95,6,4,88.26666666666667,38.5,181,90,28,28,E4,20,20,0.1,0.0
mas,1051,default,168,20,20,85.55,0,4,70.73333333333333,28.5,0,82,44,66,E4,20,20,0.1,0.0
mas_iterative,1051,default,168,20,20,85.1,0,4,70.28888888888889,28.0,0,82,46,69,E4,20,20,0.1,0.0
hungarian,1051,default,168,20,20,85.1,0,4,70.28888888888889,28.0,0,82,60,474,E4,20,20,0.1,0.0
no_coordination,1052,default,317,20,20,150.0,16,4,120.84782608695652,41.0,772,52,0,0,E4,20,20,0.1,0.0
claim,1052,default,190,20,20,103.3,3,4,89.32608695652173,41.0,132,96,26,26,E4,20,20,0.1,0.0
mas,1052,default,170,20,20,80.9,0,4,68.26086956521739,29.0,0,112,46,70,E4,20,20,0.1,0.0
mas_iterative,1052,default,169,20,20,80.3,0,4,67.58695652173913,28.0,0,106,48,73,E4,20,20,0.1,0.0
hungarian,1052,default,166,20,20,79.9,0,4,67.23913043478261,28.0,0,96,60,474,E4,20,20,0.1,0.0
no_coordination,1053,default,278,20,20,138.8,16,4,117.01960784313725,50.8,596,49,0,0,E4,20,20,0.1,0.0
claim,1053,default,174,20,20,94.15,5,4,81.17647058823529,41.8,143,53,25,25,E4,20,20,0.1,0.0
mas,1053,default,143,20,20,74.85,0,4,63.490196078431374,37.8,0,59,46,69,E4,20,20,0.1,0.0
mas_iterative,1053,default,143,20,20,74.15,0,4,62.86274509803921,37.6,0,59,49,74,E4,20,20,0.1,0.0
hungarian,1053,default,145,20,20,73.5,0,4,62.6078431372549,37.6,0,67,60,480,E4,20,20,0.1,0.0
no_coordination,1054,default,299,20,20,144.5,15,4,121.95454545454545,41.0,688,44,0,0,E4,20,20,0.1,0.0
claim,1054,default,199,20,20,101.35,5,4,86.95454545454545,41.0,163,54,28,28,E4,20,20,0.1,0.0
mas,1054,default,175,20,20,85.35,0,4,71.95454545454545,28.5,0,84,46,69,E4,20,20,0.1,0.0
mas_iterative,1054,default,174,20,20,84.65,0,4,71.27272727272727,28.0,0,80,46,69,E4,20,20,0.1,0.0
hungarian,1054,default,173,20,20,83.4,0,4,70.06818181818181,28.5,0,80,60,474,E4,20,20,0.1,0.0
no_coordination,1055,default,282,20,20,127.15,14,4,108.98113207547169,47.75,567,43,0,0,E4,20,20,0.1,0.0
claim,1055,default,181,20,20,97.05,4,4,85.39622641509433,45.5,113,86,24,24,E4,20,20,0.1,0.0
mas,1055,default,164,20,20,83.75,0,4,72.60377358490567,39.0,0,80,48,72,E4,20,20,0.1,0.0
mas_iterative,1055,default,165,20,20,82.4,0,4,71.32075471698113,38.25,0,88,50,75,E4,20,20,0.1,0.0
hungarian,1055,default,160,20,20,78.3,0,4,68.09433962264151,40.75,0,86,60,474,E4,20,20,0.1,0.0
no_coordination,1056,default,296,20,20,138.9,15,4,109.54716981132076,48.6,721,53,0,0,E4,20,20,0.1,0.0
claim,1056,default,157,20,20,84.55,2,4,72.09433962264151,44.4,59,87,22,22,E4,20,20,0.1,0.0
mas,1056,default,151,20,20,76.45,0,4,63.679245283018865,35.8,0,92,44,66,E4,20,20,0.1,0.0
mas_iterative,1056,default,151,20,20,75.95,0,4,63.20754716981132,35.4,0,92,44,66,E4,20,20,0.1,0.0
hungarian,1056,default,148,20,20,75.65,0,4,63.094339622641506,36.0,0,80,60,474,E4,20,20,0.1,0.0
no_coordination,1057,default,268,20,20,133.4,16,4,108.0,47.666666666666664,572,46,0,0,E4,20,20,0.1,0.0
claim,1057,default,172,20,20,92.4,2,4,79.57894736842105,46.166666666666664,57,70,22,22,E4,20,20,0.1,0.0
mas,1057,default,157,20,20,78.8,0,4,67.0701754385965,38.5,0,84,48,72,E4,20,20,0.1,0.0
mas_iterative,1057,default,156,20,20,77.9,0,4,66.21052631578948,38.0,0,80,48,72,E4,20,20,0.1,0.0
hungarian,1057,default,156,20,20,77.9,0,4,66.21052631578948,38.0,0,80,60,476,E4,20,20,0.1,0.0
no_coordination,1058,default,304,20,20,149.7,16,4,122.62745098039215,38.5,672,49,0,0,E4,20,20,0.1,0.0
claim,1058,default,205,20,20,107.45,4,4,92.82352941176471,41.0,111,105,24,24,E4,20,20,0.1,0.0
mas,1058,default,169,20,20,83.0,0,4,70.17647058823529,32.25,0,74,48,72,E4,20,20,0.1,0.0
mas_iterative,1058,default,168,20,20,82.1,0,4,69.37254901960785,32.0,0,70,48,72,E4,20,20,0.1,0.0
hungarian,1058,default,183,20,20,82.1,0,4,69.66666666666667,32.0,0,130,60,476,E4,20,20,0.1,0.0
no_coordination,1059,default,332,20,20,147.25,15,4,115.36538461538461,51.6,848,54,0,0,E4,20,20,0.1,0.0
claim,1059,default,175,20,20,85.95,3,4,72.96153846153847,45.6,95,112,23,23,E4,20,20,0.1,0.0
mas,1059,default,162,20,20,72.35,0,4,60.86538461538461,35.4,0,132,48,72,E4,20,20,0.1,0.0
mas_iterative,1059,default,161,20,20,71.35,0,4,59.96153846153846,34.6,0,130,44,66,E4,20,20,0.1,0.0
hungarian,1059,default,161,20,20,71.35,0,4,59.96153846153846,34.6,0,130,60,472,E4,20,20,0.1,0.0
no_coordination,1060,default,255,20,20,112.15,15,4,88.52173913043478,41.0,559,48,0,0,E4,20,20,0.1,0.0
claim,1060,default,184,20,20,85.85,4,4,69.84782608695652,41.0,131,112,25,25,E4,20,20,0.1,0.0
mas,1060,default,154,20,20,70.75,0,4,57.73913043478261,33.333333333333336,0,112,48,72,E4,20,20,0.1,0.0
mas_iterative,1060,default,153,20,20,69.15,0,4,56.47826086956522,33.0,0,110,48,72,E4,20,20,0.1,0.0
hungarian,1060,default,151,20,20,68.95,0,4,56.43478260869565,33.0,0,102,60,476,E4,20,20,0.1,0.0
no_coordination,1061,default,253,20,20,142.65,16,4,118.91666666666667,56.333333333333336,516,43,0,0,E4,20,20,0.1,0.0
claim,1061,default,181,20,20,90.95,2,4,79.70833333333333,48.333333333333336,57,97,22,22,E4,20,20,0.1,0.0
mas,1061,default,169,20,20,81.85,0,4,70.33333333333333,32.0,0,89,50,75,E4,20,20,0.1,0.0
mas_iterative,1061,default,168,20,20,80.5,0,4,69.04166666666667,31.333333333333332,0,89,48,72,E4,20,20,0.1,0.0
hungarian,1061,default,167,20,20,80.15,0,4,68.54166666666667,31.333333333333332,0,87,60,476,E4,20,20,0.1,0.0
no_coordination,1062,default,262,20,20,129.45,16,4,113.86440677966101,49.0,538,51,0,0,E4,20,20,0.1,0.0
claim,1062,default,205,20,20,105.55,5,4,95.05084745762711,46.6,160,81,27,27,E4,20,20,0.1,0.0
mas,1062,default,175,20,20,86.8,0,4,77.30508474576271,35.8,0,86,46,69,E4,20,20,0.1,0.0
mas_iterative,1062,default,174,20,20,86.3,0,4,76.79661016949153,35.2,0,82,46,69,E4,20,20,0.1,0.0
hungarian,1062,default,174,20,20,86.4,0,4,76.86440677966101,35.2,0,80,60,474,E4,20,20,0.1,0.0
no_coordination,1063,default,286,20,20,127.05,16,4,104.54716981132076,51.2,697,50,0,0,E4,20,20,0.1,0.0
claim,1063,default,184,20,20,103.3,3,4,89.33962264150944,50.4,184,93,26,26,E4,20,20,0.1,0.0
mas,1063,default,151,20,20,67.7,0,4,57.60377358490566,35.6,0,127,48,73,E4,20,20,0.1,0.0
mas_iterative,1063,default,149,20,20,66.3,0,4,56.264150943396224,34.4,0,121,54,82,E4,20,20,0.1,0.0
hungarian,1063,default,149,20,20,66.3,0,4,56.264150943396224,34.4,0,121,60,480,E4,20,20,0.1,0.0
no_coordination,1064,default,284,20,20,125.55,16,4,96.33928571428571,53.166666666666664,681,53,0,0,E4,20,20,0.1,0.0
claim,1064,default,169,20,20,80.05,3,4,67.82142857142857,48.833333333333336,109,59,26,26,E4,20,20,0.1,0.0
mas,1064,default,157,20,20,70.1,0,4,58.285714285714285,41.833333333333336,0,128,50,75,E4,20,20,0.1,0.0
mas_iterative,1064,default,156,20,20,69.35,0,4,57.589285714285715,41.166666666666664,0,124,50,75,E4,20,20,0.1,0.0
hungarian,1064,default,156,20,20,69.35,0,4,57.589285714285715,41.166666666666664,0,124,62,479,E4,20,20,0.1,0.0
no_coordination,1065,default,275,20,20,116.9,16,4,93.08333333333333,38.0,675,56,0,0,E4,20,20,0.1,0.0
claim,1065,default,146,20,20,76.1,4,4,65.39583333333333,38.0,83,74,24,24,E4,20,20,0.1,0.0
mas,1065,default,131,20,20,64.8,0,4,55.604166666666664,34.333333333333336,0,74,48,72,E4,20,20,0.1,0.0
mas_iterative,1065,default,133,20,20,64.85,0,4,55.541666666666664,31.666666666666668,0,76,48,72,E4,20,20,0.1,0.0
hungarian,1065,default,130,20,20,63.9,0,4,54.8125,34.0,0,72,60,474,E4,20,20,0.1,0.0
no_coordination,1066,default,258,20,20,126.2,17,4,97.92727272727272,43.0,558,48,0,0,E4,20,20,0.1,0.0
claim,1066,default,170,20,20,87.4,2,4,73.21818181818182,41.857142857142854,59,84,22,22,E4,20,20,0.1,0.0
mas,1066,default,143,20,20,75.55,0,4,62.763636363636365,38.142857142857146,0,42,48,72,E4,20,20,0.1,0.0
mas_iterative,1066,default,142,20,20,74.7,0,4,61.945454545454545,37.42857142857143,0,38,48,72,E4,20,20,0.1,0.0
hungarian,1066,default,142,20,20,74.7,0,4,61.945454545454545,37.42857142857143,0,38,60,476,E4,20,20,0.1,0.0
no_coordination,1067,default,364,20,20,167.9,19,4,132.75,46.75,896,58,0,0,E4,20,20,0.1,0.0
claim,1067,default,190,20,20,103.95,2,4,88.39583333333333,41.5,67,75,22,22,E4,20,20,0.1,0.0
mas,1067,default,184,20,20,93.45,0,4,77.77083333333333,31.5,0,95,46,69,E4,20,20,0.1,0.0
mas_iterative,1067,default,183,20,20,92.7,0,4,77.08333333333333,31.0,0,91,44,66,E4,20,20,0.1,0.0
hungarian,1067,default,184,20,20,90.85,0,4,75.9375,36.5,0,103,60,472,E4,20,20,0.1,0.0
no_coordination,1068,default,379,20,20,135.05,17,4,105.5925925925926,39.4,958,57,0,0,E4,20,20,0.1,0.0
claim,1068,default,189,20,20,95.2,3,4,81.96296296296296,42.0,93,108,23,23,E4,20,20,0.1,0.0
mas,1068,default,160,20,20,75.35,0,4,64.05555555555556,29.6,0,78,48,72,E4,20,20,0.1,0.0
mas_iterative,1068,default,159,20,20,74.75,0,4,63.48148148148148,29.2,0,72,48,72,E4,20,20,0.1,0.0
hungarian,1068,default,162,20,20,74.75,0,4,63.2962962962963,29.2,0,86,60,476,E4,20,20,0.1,0.0
no_coordination,1069,default,261,20,20,133.45,16,4,106.03846153846153,48.8,576,49,0,0,E4,20,20,0.1,0.0
claim,1069,default,167,20,20,87.05,4,4,74.15384615384616,44.6,71,77,24,24,E4,20,20,0.1,0.0
mas,1069,default,165,20,20,77.35,0,4,64.40384615384616,32.0,0,120,51,77,E4,20,20,0.1,0.0
mas_iterative,1069,default,154,20,20,75.55,0,4,63.07692307692308,31.2,0,74,48,72,E4,20,20,0.1,0.0
hungarian,1069,default,162,20,20,75.55,0,4,62.82692307692308,31.0,0,112,60,474,E4,20,20,0.1,0.0
no_coordination,1070,default,373,20,20,147.55,15,4,121.09836065573771,53.142857142857146,939,56,0,0,E4,20,20,0.1,0.0
claim,1070,default,177,20,20,90.05,2,4,78.73770491803279,47.285714285714285,59,93,22,22,E4,20,20,0.1,0.0
mas,1070,default,159,20,20,79.9,0,4,69.90163934426229,44.857142857142854,0,72,44,66,E4,20,20,0.1,0.0
mas_iterative,1070,default,165,20,20,82.1,0,4,71.14754098360656,40.857142857142854,0,78,44,66,E4,20,20,0.1,0.0
hungarian,1070,default,159,20,20,79.45,0,4,69.44262295081967,44.42857142857143,0,72,60,474,E4,20,20,0.1,0.0
no_coordination,1071,default,332,20,20,157.35,17,4,116.72549019607843,39.8,741,51,0,0,E4,20,20,0.1,0.0
claim,1071,default,180,20,20,94.7,3,4,76.01960784313725,37.2,73,84,23,23,E4,20,20,0.1,0.0
mas,1071,default,171,20,20,82.8,0,4,65.31372549019608,33.6,0,104,48,72,E4,20,20,0.1,0.0
mas_iterative,1071,default,169,20,20,81.9,0,4,64.50980392156863,33.2,0,96,48,72,E4,20,20,0.1,0.0
hungarian,1071,default,169,20,20,81.9,0,4,64.50980392156863,33.2,0,96,60,476,E4,20,20,0.1,0.0
no_coordination,1072,default,279,20,20,139.35,15,4,124.10909090909091,62.75,641,50,0,0,E4,20,20,0.1,0.0
claim,1072,default,213,20,20,118.1,4,4,107.9090909090909,62.75,252,136,30,30,E4,20,20,0.1,0.0
mas,1072,default,133,20,20,64.45,0,4,58.67272727272727,35.25,0,82,48,73,E4,20,20,0.1,0.0
mas_iterative,1072,default,131,20,20,63.25,0,4,57.50909090909091,34.5,0,74,46,70,E4,20,20,0.1,0.0
hungarian,1072,default,131,20,20,63.25,0,4,57.50909090909091,34.5,0,74,60,472,E4,20,20,0.1,0.0
no_coordination,1073,default,239,20,20,130.7,16,4,103.26530612244898,40.0,491,46,0,0,E4,20,20,0.1,0.0
claim,1073,default,181,20,20,90.3,3,4,76.53061224489795,40.0,105,117,24,24,E4,20,20,0.1,0.0
mas,1073,default,151,20,20,77.4,0,4,65.59183673469387,34.0,0,91,48,72,E4,20,20,0.1,0.0
mas_iterative,1073,default,150,20,20,76.5,0,4,64.75510204081633,33.75,0,87,48,72,E4,20,20,0.1,0.0
hungarian,1073,default,150,20,20,76.5,0,4,64.75510204081633,33.75,0,87,60,476,E4,20,20,0.1,0.0
no_coordination,1074,default,329,20,20,154.65,16,4,123.5,46.2,736,52,0,0,E4,20,20,0.1,0.0
claim,1074,default,168,20,20,90.35,2,4,76.88461538461539,43.6,61,78,22,22,E4,20,20,0.1,0.0
mas,1074,default,147,20,20,76.8,0,4,64.11538461538461,39.2,0,71,48,72,E4,20,20,0.1,0.0
mas_iterative,1074,default,146,20,20,76.2,0,4,63.46153846153846,38.6,0,65,44,66,E4,20,20,0.1,0.0
hungarian,1074,default,145,20,20,75.9,0,4,63.26923076923077,38.6,0,63,60,472,E4,20,20,0.1,0.0
no_coordination,1075,default,292,20,20,157.65,17,4,121.04255319148936,43.0,632,52,0,0,E4,20,20,0.1,0.0
claim,1075,default,192,20,20,96.8,2,4,78.57446808510639,43.0,57,122,22,22,E4,20,20,0.1,0.0
mas,1075,default,181,20,20,87.95,0,4,69.72340425531915,28.666666666666668,0,112,50,75,E4,20,20,0.1,0.0
mas_iterative,1075,default,180,20,20,86.6,0,4,68.55319148936171,27.666666666666668,0,110,54,81,E4,20,20,0.1,0.0
hungarian,1075,default,176,20,20,83.6,0,4,66.51063829787235,35.0,0,112,60,476,E4,20,20,0.1,0.0
no_coordination,1076,default,318,20,20,165.75,16,4,123.5625,46.2,721,50,0,0,E4,20,20,0.1,0.0
claim,1076,default,182,20,20,99.85,3,4,81.0625,43.4,107,41,24,24,E4,20,20,0.1,0.0
mas,1076,default,191,20,20,87.2,0,4,69.83333333333333,32.4,0,128,48,72,E4,20,20,0.1,0.0
mas_iterative,1076,default,190,20,20,86.3,0,4,68.95833333333333,31.8,0,124,46,69,E4,20,20,0.1,0.0
hungarian,1076,default,187,20,20,86.3,0,4,68.89583333333333,31.8,0,112,60,474,E4,20,20,0.1,0.0
no_coordination,1077,default,356,20,20,171.2,18,4,123.0909090909091,54.0,893,59,0,0,E4,20,20,0.1,0.0
claim,1077,default,178,20,20,91.95,3,4,74.63636363636364,45.75,67,93,23,23,E4,20,20,0.1,0.0
mas,1077,default,158,20,20,76.85,0,4,62.56363636363636,41.375,0,86,44,66,E4,20,20,0.1,0.0
mas_iterative,1077,default,157,20,20,76.35,0,4,62.09090909090909,41.0,0,82,46,69,E4,20,20,0.1,0.0
hungarian,1077,default,157,20,20,76.35,0,4,62.09090909090909,41.0,0,82,60,474,E4,20,20,0.1,0.0
no_coordination,1078,default,307,20,20,166.0,18,4,129.02173913043478,47.0,718,53,0,0,E4,20,20,0.1,0.0
claim,1078,default,176,20,20,94.2,3,4,77.1086956521739,40.666666666666664,77,95,23,23,E4,20,20,0.1,0.0
mas,1078,default,156,20,20,76.8,0,4,61.52173913043478,40.666666666666664,0,100,52,78,E4,20,20,0.1,0.0
mas_iterative,1078,default,155,20,20,75.65,0,4,60.52173913043478,40.333333333333336,0,96,50,75,E4,20,20,0.1,0.0
hungarian,1078,default,155,20,20,75.65,0,4,60.52173913043478,40.333333333333336,0,96,60,478,E4,20,20,0.1,0.0
no_coordination,1079,default,323,20,20,144.6,16,4,106.12,38.5,814,50,0,0,E4,20,20,0.1,0.0
claim,1079,default,164,20,20,92.2,4,4,75.2,38.5,105,40,24,24,E4,20,20,0.1,0.0
mas,1079,default,152,20,20,78.3,0,4,62.86,29.25,0,68,48,72,E4,20,20,0.1,0.0
mas_iterative,1079,default,151,20,20,77.5,0,4,62.14,28.5,0,64,50,75,E4,20,20,0.1,0.0
hungarian,1079,default,153,20,20,77.85,0,4,62.32,28.5,0,70,60,476,E4,20,20,0.1,0.0
no_coordination,1080,default,246,20,20,114.0,15,4,94.8,37.333333333333336,446,44,0,0,E4,20,20,0.1,0.0
claim,1080,default,182,20,20,90.45,4,4,78.11111111111111,38.0,88,94,24,24,E4,20,20,0.1,0.0
mas,1080,default,156,20,20,72.2,0,4,62.22222222222222,38.0,0,93,60,90,E4,20,20,0.1,0.0
mas_iterative,1080,default,153,20,20,70.55,0,4,60.84444444444444,37.666666666666664,0,83,52,78,E4,20,20,0.1,0.0
hungarian,1080,default,153,20,20,70.45,0,4,60.8,37.666666666666664,0,83,60,478,E4,20,20,0.1,0.0
no_coordination,1081,default,283,20,20,127.6,19,4,95.70212765957447,29.333333333333332,653,52,0,0,E4,20,20,0.1,0.0
claim,1081,default,166,20,20,86.95,2,4,70.61702127659575,29.333333333333332,57,74,22,22,E4,20,20,0.1,0.0
mas,1081,default,151,20,20,75.35,0,4,61.5531914893617,29.333333333333332,0,78,48,72,E4,20,20,0.1,0.0
mas_iterative,1081,default,150,20,20,74.55,0,4,60.87234042553192,29.333333333333332,0,74,46,69,E4,20,20,0.1,0.0
hungarian,1081,default,150,20,20,74.55,0,4,60.87234042553192,29.333333333333332,0,74,60,474,E4,20,20,0.1,0.0
no_coordination,1082,default,234,20,20,108.7,17,4,84.125,35.25,441,43,0,0,E4,20,20,0.1,0.0
claim,1082,default,184,20,20,89.9,4,4,71.625,35.25,105,110,24,24,E4,20,20,0.1,0.0
mas,1082,default,172,20,20,80.6,0,4,64.39583333333333,28.25,0,114,48,72,E4,20,20,0.1,0.0
mas_iterative,1082,default,172,20,20,79.75,0,4,63.541666666666664,27.5,0,114,50,75,E4,20,20,0.1,0.0
hungarian,1082,default,172,20,20,79.75,0,4,63.541666666666664,27.5,0,114,60,476,E4,20,20,0.1,0.0
no_coordination,1083,default,272,20,20,116.8,15,4,90.91111111111111,35.75,614,44,0,0,E4,20,20,0.1,0.0
claim,1083,default,184,20,20,92.75,3,4,74.95555555555555,35.75,97,94,23,23,E4,20,20,0.1,0.0
mas,1083,default,160,20,20,76.45,0,4,61.46666666666667,30.0,0,75,48,72,E4,20,20,0.1,0.0
mas_iterative,1083,default,160,20,20,75.55,0,4,60.68888888888889,29.75,0,75,50,75,E4,20,20,0.1,0.0
hungarian,1083,default,160,20,20,75.55,0,4,60.68888888888889,29.75,0,75,60,478,E4,20,20,0.1,0.0
no_coordination,1084,default,254,20,20,138.8,15,4,115.82142857142857,48.666666666666664,523,47,0,0,E4,20,20,0.1,0.0
claim,1084,default,194,20,20,104.25,4,4,91.82142857142857,51.666666666666664,113,105,24,24,E4,20,20,0.1,0.0
mas,1084,default,166,20,20,82.6,0,4,72.05357142857143,37.833333333333336,0,92,44,66,E4,20,20,0.1,0.0
mas_iterative,1084,default,166,20,20,82.15,0,4,71.58928571428571,37.5,0,92,46,69,E4,20,20,0.1,0.0
hungarian,1084,default,168,20,20,82.4,0,4,71.57142857142857,37.5,0,100,60,476,E4,20,20,0.1,0.0
no_coordination,1085,default,249,20,20,120.9,16,4,93.84313725490196,37.25,506,73,0,0,E4,20,20,0.1,0.0
claim,1085,default,164,20,20,79.15,2,4,67.7843137254902,37.25,57,110,22,22,E4,20,20,0.1,0.0
mas,1085,default,154,20,20,69.6,0,4,58.98039215686274,32.5,0,115,46,69,E4,20,20,0.1,0.0
mas_iterative,1085,default,154,20,20,69.0,0,4,58.470588235294116,32.25,0,115,50,75,E4,20,20,0.1,0.0
hungarian,1085,default,154,20,20,69.0,0,4,58.470588235294116,32.25,0,115,60,478,E4,20,20,0.1,0.0
no_coordination,1086,default,253,20,20,124.1,16,4,98.75,39.25,559,47,0,0,E4,20,20,0.1,0.0
claim,1086,default,163,20,20,84.05,2,4,71.35416666666667,39.25,59,94,22,22,E4,20,20,0.1,0.0
mas,1086,default,152,20,20,71.8,0,4,59.958333333333336,34.0,0,107,48,72,E4,20,20,0.1,0.0
mas_iterative,1086,default,151,20,20,71.05,0,4,59.3125,33.75,0,103,46,69,E4,20,20,0.1,0.0
hungarian,1086,default,152,20,20,70.4,0,4,58.895833333333336,33.75,0,107,60,474,E4,20,20,0.1,0.0
no_coordination,1087,default,236,20,20,106.05,13,4,85.97560975609755,30.0,522,42,0,0,E4,20,20,0.1,0.0
claim,1087,default,151,20,20,76.6,3,4,65.8048780487805,30.0,81,76,23,23,E4,20,20,0.1,0.0
mas,1087,default,143,20,20,65.3,0,4,56.51219512195122,30.0,0,102,46,69,E4,20,20,0.1,0.0
mas_iterative,1087,default,142,20,20,64.15,0,4,55.4390243902439,30.0,0,100,48,72,E4,20,20,0.1,0.0
hungarian,1087,default,142,20,20,64.15,0,4,55.4390243902439,30.0,0,100,60,476,E4,20,20,0.1,0.0
no_coordination,1088,default,203,20,20,117.15,14,4,93.30434782608695,49.0,428,41,0,0,E4,20,20,0.1,0.0
claim,1088,default,191,20,20,103.9,6,4,86.19565217391305,49.0,244,89,29,29,E4,20,20,0.1,0.0
mas,1088,default,142,20,20,65.4,0,4,52.91304347826087,36.25,0,116,48,73,E4,20,20,0.1,0.0
mas_iterative,1088,default,141,20,20,64.25,0,4,51.82608695652174,35.5,0,110,48,73,E4,20,20,0.1,0.0
hungarian,1088,default,141,20,20,63.9,0,4,51.82608695652174,35.5,0,110,60,474,E4,20,20,0.1,0.0
no_coordination,1090,default,240,20,20,108.2,12,4,87.1025641025641,27.0,464,39,0,0,E4,20,20,0.1,0.0
claim,1090,default,221,20,20,101.7,8,4,84.12820512820512,27.0,315,33,33,33,E4,20,20,0.1,0.0
mas,1090,default,154,20,20,72.15,0,4,60.17948717948718,27.0,0,92,44,66,E4,20,20,0.1,0.0
mas_iterative,1090,default,154,20,20,71.7,0,4,59.743589743589745,27.0,0,92,46,69,E4,20,20,0.1,0.0
hungarian,1090,default,161,20,20,72.05,0,4,59.743589743589745,27.0,0,120,60,474,E4,20,20,0.1,0.0
no_coordination,1091,default,332,20,20,143.8,16,4,114.63829787234043,47.0,687,47,0,0,E4,20,20,0.1,0.0
claim,1091,default,189,20,20,102.65,2,4,86.59574468085107,47.0,61,83,22,22,E4,20,20,0.1,0.0
mas,1091,default,176,20,20,90.8,0,4,75.29787234042553,40.0,0,82,44,66,E4,20,20,0.1,0.0
mas_iterative,1091,default,176,20,20,90.3,0,4,74.80851063829788,39.5,0,82,46,69,E4,20,20,0.1,0.0
hungarian,1091,default,176,20,20,90.3,0,4,74.80851063829788,39.5,0,82,60,474,E4,20,20,0.1,0.0
no_coordination,1092,default,253,20,20,137.15,17,4,119.86538461538461,37.666666666666664,573,50,0,0,E4,20,20,0.1,0.0
claim,1092,default,153,20,20,87.85,3,4,79.61538461538461,37.666666666666664,87,64,23,23,E4,20,20,0.1,0.0
mas,1092,default,137,20,20,71.5,0,4,63.63461538461539,28.333333333333332,0,76,51,77,E4,20,20,0.1,0.0
mas_iterative,1092,default,135,20,20,70.3,0,4,62.51923076923077,28.0,0,66,46,69,E4,20,20,0.1,0.0
hungarian,1092,default,135,20,20,70.3,0,4,62.51923076923077,28.0,0,66,60,474,E4,20,20,0.1,0.0
no_coordination,1093,default,286,20,20,128.5,16,4,105.92307692307692,35.666666666666664,620,47,0,0,E4,20,20,0.1,0.0
claim,1093,default,178,20,20,88.5,2,4,76.51923076923077,35.666666666666664,59,99,22,22,E4,20,20,0.1,0.0
mas,1093,default,157,20,20,77.9,0,4,66.38461538461539,29.333333333333332,0,73,46,69,E4,20,20,0.1,0.0
mas_iterative,1093,default,156,20,20,77.55,0,4,66.03846153846153,29.0,0,67,50,75,E4,20,20,0.1,0.0
hungarian,1093,default,156,20,20,77.55,0,4,66.03846153846153,29.0,0,67,60,478,E4,20,20,0.1,0.0
no_coordination,1094,default,295,20,20,154.8,15,4,134.81132075471697,54.0,624,48,0,0,E4,20,20,0.1,0.0
claim,1094,default,205,20,20,119.7,3,4,107.13207547169812,54.0,175,58,26,26,E4,20,20,0.1,0.0
mas,1094,default,171,20,20,84.5,0,4,73.69811320754717,31.666666666666668,0,74,48,73,E4,20,20,0.1,0.0
mas_iterative,1094,default,169,20,20,83.4,0,4,72.62264150943396,31.0,0,66,48,73,E4,20,20,0.1,0.0
hungarian,1094,default,169,20,20,83.4,0,4,72.62264150943396,31.0,0,66,60,474,E4,20,20,0.1,0.0
no_coordination,1095,default,233,20,20,115.85,18,4,97.96491228070175,43.5,391,44,0,0,E4,20,20,0.1,0.0
claim,1095,default,216,20,20,100.35,6,4,85.40350877192982,39.666666666666664,254,68,31,31,E4,20,20,0.1,0.0
mas,1095,default,164,20,20,74.45,0,4,64.36842105263158,37.5,0,128,44,66,E4,20,20,0.1,0.0
mas_iterative,1095,default,166,20,20,73.95,0,4,63.80701754385965,36.833333333333336,0,132,50,75,E4,20,20,0.1,0.0
hungarian,1095,default,164,20,20,74.0,0,4,63.92982456140351,37.166666666666664,0,128,60,476,E4,20,20,0.1,0.0
no_coordination,1096,default,412,20,20,214.2,15,4,158.3125,47.8,1074,60,0,0,E4,20,20,0.1,0.0
claim,1096,default,203,20,20,111.25,4,4,88.89583333333333,45.2,101,77,24,24,E4,20,20,0.1,0.0
mas,1096,default,187,20,20,91.9,0,4,72.16666666666667,40.4,0,102,52,78,E4,20,20,0.1,0.0
mas_iterative,1096,default,186,20,20,90.7,0,4,71.0625,39.8,0,98,48,72,E4,20,20,0.1,0.0
hungarian,1096,default,191,20,20,92.7,0,4,72.08333333333333,33.8,0,108,60,474,E4,20,20,0.1,0.0
no_coordination,1097,default,370,20,20,167.7,18,4,120.86363636363636,38.0,924,64,0,0,E4,20,20,0.1,0.0
claim,1097,default,184,20,20,92.25,2,4,73.3409090909091,38.0,57,112,22,22,E4,20,20,0.1,0.0
mas,1097,default,169,20,20,80.05,0,4,62.36363636363637,32.5,0,108,48,72,E4,20,20,0.1,0.0
mas_iterative,1097,default,167,20,20,79.15,0,4,61.61363636363637,32.25,0,100,48,72,E4,20,20,0.1,0.0
hungarian,1097,default,167,20,20,79.15,0,4,61.61363636363637,32.25,0,100,60,476,E4,20,20,0.1,0.0
no_coordination,1098,default,300,20,20,139.8,13,4,107.29411764705883,46.0,657,45,0,0,E4,20,20,0.1,0.0
claim,1098,default,198,20,20,101.1,3,4,82.49019607843137,44.166666666666664,99,95,23,23,E4,20,20,0.1,0.0
mas,1098,default,176,20,20,87.3,0,4,71.13725490196079,36.833333333333336,0,66,48,72,E4,20,20,0.1,0.0
mas_iterative,1098,default,175,20,20,86.6,0,4,70.50980392156863,36.333333333333336,0,62,48,72,E4,20,20,0.1,0.0
hungarian,1098,default,175,20,20,86.6,0,4,70.50980392156863,36.333333333333336,0,62,60,476,E4,20,20,0.1,0.0
no_coordination,1099,default,325,20,20,160.75,17,4,124.40425531914893,44.0,812,54,0,0,E4,20,20,0.1,0.0
claim,1099,default,186,20,20,100.5,5,4,82.91489361702128,39.666666666666664,143,95,26,26,E4,20,20,0.1,0.0
mas,1099,default,157,20,20,77.75,0,4,64.02127659574468,33.333333333333336,0,98,44,66,E4,20,20,0.1,0.0
mas_iterative,1099,default,154,20,20,77.15,0,4,63.4468085106383,33.0,0,88,44,66,E4,20,20,0.1,0.0
hungarian,1099,default,153,20,20,76.4,0,4,63.212765957446805,33.0,0,84,60,472,E4,20,20,0.1,0.0
no_coordination,1101,default,360,20,20,185.0,18,4,138.69387755102042,58.0,850,51,0,0,E4,20,20,0.1,0.0
claim,1101,default,226,20,20,117.8,6,4,91.77551020408163,49.8,177,118,27,27,E4,20,20,0.1,0.0
mas,1101,default,183,20,20,90.3,0,4,69.81632653061224,36.2,0,80,46,69,E4,20,20,0.1,0.0
mas_iterative,1101,default,182,20,20,89.55,0,4,69.08163265306122,35.4,0,76,50,75,E4,20,20,0.1,0.0
hungarian,1101,default,190,20,20,89.2,0,4,69.10204081632654,35.4,0,108,60,474,E4,20,20,0.1,0.0
no_coordination,1102,default,339,20,20,153.85,17,4,127.50847457627118,71.33333333333333,797,56,0,0,E4,20,20,0.1,0.0
claim,1102,default,187,20,20,92.0,4,4,81.86440677966101,59.833333333333336,107,111,24,24,E4,20,20,0.1,0.0
mas,1102,default,167,20,20,75.9,0,4,66.71186440677967,40.666666666666664,0,144,48,72,E4,20,20,0.1,0.0
mas_iterative,1102,default,165,20,20,74.65,0,4,65.57627118644068,39.666666666666664,0,138,46,69,E4,20,20,0.1,0.0
hungarian,1102,default,166,20,20,75.65,0,4,65.7457627118644,39.666666666666664,0,138,60,474,E4,20,20,0.1,0.0
no_coordination,1103,default,288,20,20,150.55,16,4,128.40740740740742,45.75,652,51,0,0,E4,20,20,0.1,0.0
claim,1103,default,174,20,20,90.0,2,4,78.25925925925925,40.0,65,97,22,22,E4,20,20,0.1,0.0
mas,1103,default,163,20,20,77.65,0,4,66.64814814814815,34.0,0,112,44,66,E4,20,20,0.1,0.0
mas_iterative,1103,default,162,20,20,77.1,0,4,66.12962962962963,33.75,0,108,46,69,E4,20,20,0.1,0.0
hungarian,1103,default,159,20,20,76.95,0,4,66.07407407407408,33.75,0,96,60,474,E4,20,20,0.1,0.0
no_coordination,1104,default,337,20,20,144.8,16,4,110.08695652173913,34.5,799,59,0,0,E4,20,20,0.1,0.0
claim,1104,default,203,20,20,92.7,5,4,75.04347826086956,34.5,161,106,25,25,E4,20,20,0.1,0.0
mas,1104,default,172,20,20,79.15,0,4,64.34782608695652,30.0,0,118,50,75,E4,20,20,0.1,0.0
mas_iterative,1104,default,172,20,20,77.9,0,4,63.32608695652174,29.75,0,122,48,72,E4,20,20,0.1,0.0
hungarian,1104,default,172,20,20,77.9,0,4,63.32608695652174,29.75,0,122,60,476,E4,20,20,0.1,0.0
no_coordination,1106,default,355,20,20,151.8,15,4,122.30188679245283,55.4,905,57,0,0,E4,20,20,0.1,0.0
claim,1106,default,253,20,20,128.6,8,4,109.16981132075472,56.8,385,90,36,36,E4,20,20,0.1,0.0
mas,1106,default,153,20,20,78.2,0,4,65.79245283018868,37.4,0,52,46,70,E4,20,20,0.1,0.0
mas_iterative,1106,default,151,20,20,77.3,0,4,64.88679245283019,36.6,0,42,48,73,E4,20,20,0.1,0.0
hungarian,1106,default,151,20,20,77.3,0,4,64.88679245283019,36.6,0,42,60,474,E4,20,20,0.1,0.0
no_coordination,1107,default,240,20,20,120.15,16,4,100.3265306122449,47.0,508,48,0,0,E4,20,20,0.1,0.0
claim,1107,default,146,20,20,75.25,2,4,67.04081632653062,47.0,57,79,22,22,E4,20,20,0.1,0.0
mas,1107,default,137,20,20,65.6,0,4,57.83673469387755,35.5,0,92,54,81,E4,20,20,0.1,0.0
mas_iterative,1107,default,135,20,20,64.3,0,4,56.69387755102041,35.0,0,84,48,72,E4,20,20,0.1,0.0
hungarian,1107,default,127,20,20,64.15,0,4,55.857142857142854,38.5,0,42,60,474,E4,20,20,0.1,0.0
no_coordination,1108,default,272,20,20,130.0,17,4,103.46296296296296,36.8,576,46,0,0,E4,20,20,0.1,0.0
claim,1108,default,183,20,20,91.8,3,4,78.61111111111111,38.2,81,103,23,23,E4,20,20,0.1,0.0
mas,1108,default,155,20,20,73.45,0,4,62.074074074074076,38.2,0,102,44,66,E4,20,20,0.1,0.0
mas_iterative,1108,default,155,20,20,72.95,0,4,61.592592592592595,38.0,0,102,46,69,E4,20,20,0.1,0.0
hungarian,1108,default,151,20,20,72.2,0,4,61.592592592592595,38.0,0,86,60,474,E4,20,20,0.1,0.0
no_coordination,1109,default,282,20,20,144.5,16,4,111.53488372093024,33.5,658,50,0,0,E4,20,20,0.1,0.0
claim,1109,default,170,20,20,82.05,3,4,67.13953488372093,33.5,69,103,23,23,E4,20,20,0.1,0.0
mas,1109,default,162,20,20,73.85,0,4,60.41860465116279,28.0,0,111,50,75,E4,20,20,0.1,0.0
mas_iterative,1109,default,161,20,20,73.6,0,4,59.41860465116279,27.5,0,109,50,75,E4,20,20,0.1,0.0
hungarian,1109,default,168,20,20,74.8,0,4,60.02325581395349,28.0,0,125,60,480,E4,20,20,0.1,0.0
no_coordination,1110,default,329,20,20,140.8,16,4,117.81967213114754,53.142857142857146,825,55,0,0,E4,20,20,0.1,0.0
claim,1110,default,184,20,20,92.9,5,4,81.59016393442623,48.42857142857143,143,62,25,25,E4,20,20,0.1,0.0
mas,1110,default,164,20,20,77.65,0,4,67.37704918032787,37.142857142857146,0,98,46,69,E4,20,20,0.1,0.0
mas_iterative,1110,default,165,20,20,77.0,0,4,66.75409836065573,36.57142857142857,0,100,48,72,E4,20,20,0.1,0.0
hungarian,1110,default,165,20,20,77.0,0,4,66.75409836065573,36.57142857142857,0,100,60,476,E4,20,20,0.1,0.0
no_coordination,1111,default,331,20,20,145.15,17,4,112.34,48.8,840,54,0,0,E4,20,20,0.1,0.0
claim,1111,default,172,20,20,88.4,3,4,73.22,43.0,89,100,23,23,E4,20,20,0.1,0.0
mas,1111,default,164,20,20,75.7,0,4,61.32,39.4,0,120,44,66,E4,20,20,0.1,0.0
mas_iterative,1111,default,163,20,20,75.2,0,4,60.84,39.0,0,116,44,66,E4,20,20,0.1,0.0
hungarian,1111,default,154,20,20,72.65,0,4,60.14,39.2,0,108,60,472,E4,20,20,0.1,0.0
no_coordination,1112,default,365,20,20,187.75,17,4,153.0888888888889,41.0,875,56,0,0,E4,20,20,0.1,0.0
claim,1112,default,279,20,20,168.85,9,4,144.7111111111111,41.0,528,82,42,42,E4,20,20,0.1,0.0
mas,1112,default,150,20,20,76.4,0,4,64.22222222222223,37.5,0,78,46,70,E4,20,20,0.1,0.0
mas_iterative,1112,default,141,20,20,75.2,0,4,62.91111111111111,37.0,0,44,46,70,E4,20,20,0.1,0.0
hungarian,1112,default,149,20,20,79.2,0,4,65.88888888888889,28.5,0,54,60,472,E4,20,20,0.1,0.0
no_coordination,1113,default,276,20,20,126.55,18,4,98.15094339622641,47.2,516,50,0,0,E4,20,20,0.1,0.0
claim,1113,default,212,20,20,109.0,7,4,85.84905660377359,43.8,257,81,30,30,E4,20,20,0.1,0.0
mas,1113,default,163,20,20,75.5,0,4,61.62264150943396,43.4,0,117,50,75,E4,20,20,0.1,0.0
mas_iterative,1113,default,162,20,20,74.6,0,4,60.735849056603776,42.4,0,111,48,72,E4,20,20,0.1,0.0
hungarian,1113,default,172,20,20,77.7,0,4,62.22641509433962,37.0,0,127,60,474,E4,20,20,0.1,0.0
no_coordination,1114,default,305,20,20,135.2,15,4,103.5,56.166666666666664,675,45,0,0,E4,20,20,0.1,0.0
claim,1114,default,196,20,20,103.25,4,4,82.86538461538461,55.833333333333336,117,74,24,24,E4,20,20,0.1,0.0
mas,1114,default,181,20,20,84.3,0,4,65.42307692307692,40.666666666666664,0,110,46,69,E4,20,20,0.1,0.0
mas_iterative,1114,default,180,20,20,83.6,0,4,64.78846153846153,40.166666666666664,0,106,46,69,E4,20,20,0.1,0.0
hungarian,1114,default,180,20,20,83.6,0,4,64.78846153846153,40.166666666666664,0,106,60,474,E4,20,20,0.1,0.0
no_coordination,1115,default,298,20,20,130.0,18,4,98.33333333333333,51.2,732,56,0,0,E4,20,20,0.1,0.0
claim,1115,default,188,20,20,96.95,3,4,79.97916666666667,51.2,165,141,26,26,E4,20,20,0.1,0.0
mas,1115,default,147,20,20,66.1,0,4,52.541666666666664,35.2,0,114,48,73,E4,20,20,0.1,0.0
mas_iterative,1115,default,146,20,20,64.95,0,4,51.416666666666664,34.4,0,110,50,76,E4,20,20,0.1,0.0
hungarian,1115,default,146,20,20,64.95,0,4,51.416666666666664,34.4,0,110,60,476,E4,20,20,0.1,0.0
no_coordination,1116,default,236,20,20,106.5,15,4,83.11904761904762,27.5,549,49,0,0,E4,20,20,0.1,0.0
claim,1116,default,142,20,20,74.65,2,4,62.23809523809524,27.5,57,87,22,22,E4,20,20,0.1,0.0
mas,1116,default,134,20,20,66.05,0,4,54.69047619047619,27.5,0,96,48,72,E4,20,20,0.1,0.0
mas_iterative,1116,default,133,20,20,65.25,0,4,53.95238095238095,27.5,0,92,48,72,E4,20,20,0.1,0.0
hungarian,1116,default,133,20,20,65.25,0,4,53.95238095238095,27.5,0,92,60,476,E4,20,20,0.1,0.0
no_coordination,1117,default,276,20,20,121.5,15,4,95.32075471698113,38.2,628,47,0,0,E4,20,20,0.1,0.0
claim,1117,default,177,20,20,81.85,4,4,67.66037735849056,37.6,137,95,25,25,E4,20,20,0.1,0.0
mas,1117,default,149,20,20,67.55,0,4,56.41509433962264,32.4,0,110,46,69,E4,20,20,0.1,0.0
mas_iterative,1117,default,148,20,20,66.55,0,4,55.679245283018865,32.2,0,106,50,75,E4,20,20,0.1,0.0
hungarian,1117,default,148,20,20,66.55,0,4,55.679245283018865,32.2,0,106,60,476,E4,20,20,0.1,0.0
no_coordination,1118,default,445,20,20,195.95,17,4,158.30188679245282,59.0,1148,60,0,0,E4,20,20,0.1,0.0
claim,1118,default,236,20,20,113.7,4,4,96.84905660377359,49.25,111,129,24,24,E4,20,20,0.1,0.0
mas,1118,default,189,20,20,93.1,0,4,78.33962264150944,45.25,0,81,46,69,E4,20,20,0.1,0.0
mas_iterative,1118,default,189,20,20,93.05,0,4,78.28301886792453,45.0,0,75,49,74,E4,20,20,0.1,0.0
hungarian,1118,default,189,20,20,93.05,0,4,78.28301886792453,45.0,0,75,60,478,E4,20,20,0.1,0.0
no_coordination,1119,default,282,20,20,140.35,18,4,117.73469387755102,39.0,646,51,0,0,E4,20,20,0.1,0.0
claim,1119,default,168,20,20,89.35,3,4,78.42857142857143,39.0,81,82,23,23,E4,20,20,0.1,0.0
mas,1119,default,151,20,20,74.4,0,4,63.97959183673469,27.5,0,82,48,72,E4,20,20,0.1,0.0
mas_iterative,1119,default,149,20,20,73.5,0,4,63.12244897959184,27.0,0,74,50,75,E4,20,20,0.1,0.0
hungarian,1119,default,149,20,20,73.5,0,4,63.12244897959184,27.0,0,74,60,478,E4,20,20,0.1,0.0
no_coordination,1120,default,236,20,20,125.75,16,4,104.25,51.5,439,43,0,0,E4,20,20,0.1,0.0
claim,1120,default,161,20,20,85.45,2,4,75.27272727272727,51.5,57,83,22,22,E4,20,20,0.1,0.0
mas,1120,default,151,20,20,75.55,0,4,65.36363636363636,38.5,0,86,46,69,E4,20,20,0.1,0.0
mas_iterative,1120,default,149,20,20,74.85,0,4,64.68181818181819,38.0,0,78,48,72,E4,20,20,0.1,0.0
hungarian,1120,default,149,20,20,74.85,0,4,64.68181818181819,38.0,0,78,60,474,E4,20,20,0.1,0.0
no_coordination,1121,default,310,20,20,148.55,19,4,113.19565217391305,43.5,645,50,0,0,E4,20,20,0.1,0.0
claim,1121,default,194,20,20,98.35,2,4,80.34782608695652,43.5,65,95,22,22,E4,20,20,0.1,0.0
mas,1121,default,178,20,20,84.0,0,4,67.15217391304348,37.0,0,103,48,72,E4,20,20,0.1,0.0
mas_iterative,1121,default,177,20,20,83.2,0,4,66.43478260869566,36.5,0,99,46,69,E4,20,20,0.1,0.0
hungarian,1121,default,177,20,20,82.75,0,4,65.95652173913044,36.0,0,101,60,474,E4,20,20,0.1,0.0
no_coordination,1123,default,239,20,20,118.75,14,4,91.4375,38.8,503,45,0,0,E4,20,20,0.1,0.0
claim,1123,default,171,20,20,86.9,4,4,72.75,39.8,111,105,24,24,E4,20,20,0.1,0.0
mas,1123,default,144,20,20,71.9,0,4,59.979166666666664,31.4,0,66,48,72,E4,20,20,0.1,0.0
mas_iterative,1123,default,144,20,20,71.05,0,4,59.208333333333336,31.0,0,66,50,75,E4,20,20,0.1,0.0
hungarian,1123,default,144,20,20,70.95,0,4,59.145833333333336,31.0,0,68,60,478,E4,20,20,0.1,0.0
no_coordination,1124,default,222,20,20,106.9,13,4,90.03703703703704,34.0,454,43,0,0,E4,20,20,0.1,0.0
claim,1124,default,156,20,20,82.25,2,4,72.31481481481481,34.0,57,70,22,22,E4,20,20,0.1,0.0
mas,1124,default,146,20,20,73.75,0,4,64.29629629629629,28.333333333333332,0,75,50,75,E4,20,20,0.1,0.0
mas_iterative,1124,default,145,20,20,71.75,0,4,62.388888888888886,28.0,0,79,48,72,E4,20,20,0.1,0.0
hungarian,1124,default,147,20,20,71.3,0,4,62.166666666666664,28.0,0,87,60,478,E4,20,20,0.1,0.0
no_coordination,1125,default,369,20,20,177.05,17,4,134.6595744680851,36.0,920,59,0,0,E4,20,20,0.1,0.0
claim,1125,default,209,20,20,103.4,6,4,82.51063829787235,36.0,185,102,27,27,E4,20,20,0.1,0.0
mas,1125,default,179,20,20,80.0,0,4,63.51063829787234,28.0,0,120,48,72,E4,20,20,0.1,0.0
mas_iterative,1125,default,178,20,20,79.2,0,4,62.765957446808514,27.666666666666668,0,116,50,75,E4,20,20,0.1,0.0
hungarian,1125,default,178,20,20,79.2,0,4,62.765957446808514,27.666666666666668,0,116,60,478,E4,20,20,0.1,0.0
no_coordination,1126,default,252,20,20,112.8,16,4,86.42,50.5,533,50,0,0,E4,20,20,0.1,0.0
claim,1126,default,139,20,20,70.75,2,4,59.3,44.75,57,90,22,22,E4,20,20,0.1,0.0
mas,1126,default,127,20,20,62.25,0,4,51.28,38.25,0,82,46,69,E4,20,20,0.1,0.0
mas_iterative,1126,default,126,20,20,61.55,0,4,50.6,37.5,0,78,50,75,E4,20,20,0.1,0.0
hungarian,1126,default,122,20,20,61.0,0,4,50.6,37.5,0,62,60,478,E4,20,20,0.1,0.0
no_coordination,1127,default,226,20,20,104.25,13,4,90.85714285714286,28.333333333333332,457,42,0,0,E4,20,20,0.1,0.0
claim,1127,default,180,20,20,84.1,4,4,75.36734693877551,28.333333333333332,134,98,26,26,E4,20,20,0.1,0.0
mas,1127,default,146,20,20,70.35,0,4,62.93877551020408,28.333333333333332,0,89,50,75,E4,20,20,0.1,0.0
mas_iterative,1127,default,147,20,20,69.7,0,4,62.3469387755102,28.333333333333332,0,91,52,78,E4,20,20,0.1,0.0
hungarian,1127,default,147,20,20,69.7,0,4,62.3469387755102,28.333333333333332,0,91,60,480,E4,20,20,0.1,0.0
no_coordination,1128,default,271,20,20,128.45,13,4,99.58695652173913,35.333333333333336,573,41,0,0,E4,20,20,0.1,0.0
claim,1128,default,176,20,20,92.0,3,4,76.02173913043478,35.333333333333336,91,102,23,23,E4,20,20,0.1,0.0
mas,1128,default,155,20,20,77.8,0,4,63.82608695652174,35.333333333333336,0,99,44,66,E4,20,20,0.1,0.0
mas_iterative,1128,default,154,20,20,77.25,0,4,63.369565217391305,35.333333333333336,0,95,46,69,E4,20,20,0.1,0.0
hungarian,1128,default,158,20,20,79.7,0,4,65.17391304347827,29.333333333333332,0,91,60,478,E4,20,20,0.1,0.0
no_coordination,1129,default,249,20,20,116.7,15,4,101.04081632653062,27.0,404,42,0,0,E4,20,20,0.1,0.0
claim,1129,default,180,20,20,93.8,2,4,83.3265306122449,27.0,58,88,22,22,E4,20,20,0.1,0.0
mas,1129,default,163,20,20,82.25,0,4,72.16326530612245,27.0,0,75,46,69,E4,20,20,0.1,0.0
mas_iterative,1129,default,162,20,20,81.65,0,4,71.63265306122449,27.0,0,71,44,66,E4,20,20,0.1,0.0
hungarian,1129,default,162,20,20,81.65,0,4,71.63265306122449,27.0,0,71,60,472,E4,20,20,0.1,0.0
no_coordination,1130,default,317,20,20,131.65,17,4,105.64285714285714,46.6,773,58,0,0,E4,20,20,0.1,0.0
claim,1130,default,171,20,20,88.0,2,4,75.03571428571429,45.0,57,75,22,22,E4,20,20,0.1,0.0
mas,1130,default,165,20,20,76.25,0,4,64.375,40.2,0,118,48,72,E4,20,20,0.1,0.0
mas_iterative,1130,default,161,20,20,75.15,0,4,63.375,39.4,0,104,48,72,E4,20,20,0.1,0.0
hungarian,1130,default,161,20,20,75.15,0,4,63.375,39.4,0,104,60,476,E4,20,20,0.1,0.0
no_coordination,1131,default,281,20,20,136.65,17,4,112.20338983050847,66.125,666,53,0,0,E4,20,20,0.1,0.0
claim,1131,default,163,20,20,86.55,2,4,75.61016949152543,54.875,57,92,22,22,E4,20,20,0.1,0.0
mas,1131,default,151,20,20,75.35,0,4,64.94915254237289,46.0,0,96,50,75,E4,20,20,0.1,0.0
mas_iterative,1131,default,149,20,20,74.3,0,4,64.01694915254237,45.25,0,88,52,78,E4,20,20,0.1,0.0
hungarian,1131,default,152,20,20,74.6,0,4,64.0677966101695,45.25,0,100,60,478,E4,20,20,0.1,0.0
no_coordination,1132,default,249,20,20,124.6,14,4,102.60377358490567,38.666666666666664,522,41,0,0,E4,20,20,0.1,0.0
claim,1132,default,169,20,20,95.4,5,4,83.83018867924528,38.666666666666664,110,65,25,25,E4,20,20,0.1,0.0
mas,1132,default,150,20,20,76.75,0,4,67.0,36.333333333333336,0,81,52,79,E4,20,20,0.1,0.0
mas_iterative,1132,default,145,20,20,75.15,0,4,65.58490566037736,35.666666666666664,0,63,49,74,E4,20,20,0.1,0.0
hungarian,1132,default,145,20,20,75.15,0,4,65.58490566037736,35.666666666666664,0,63,60,478,E4,20,20,0.1,0.0
no_coordination,1133,default,388,20,20,159.1,17,4,125.75471698113208,38.75,1042,64,0,0,E4,20,20,0.1,0.0
claim,1133,default,180,20,20,88.9,3,4,76.84905660377359,36.0,75,109,23,23,E4,20,20,0.1,0.0
mas,1133,default,155,20,20,73.85,0,4,63.35849056603774,35.5,0,80,44,66,E4,20,20,0.1,0.0
mas_iterative,1133,default,154,20,20,73.35,0,4,62.867924528301884,35.25,0,76,48,72,E4,20,20,0.1,0.0
hungarian,1133,default,154,20,20,73.1,0,4,62.84905660377358,35.25,0,76,60,474,E4,20,20,0.1,0.0
no_coordination,1134,default,251,20,20,115.8,15,4,97.75510204081633,29.5,537,46,0,0,E4,20,20,0.1,0.0
claim,1134,default,183,20,20,87.25,4,4,75.08163265306122,29.5,157,69,26,26,E4,20,20,0.1,0.0
mas,1134,default,156,20,20,72.55,0,4,63.02040816326531,29.5,0,110,50,75,E4,20,20,0.1,0.0
mas_iterative,1134,default,155,20,20,72.05,0,4,62.61224489795919,29.5,0,104,50,75,E4,20,20,0.1,0.0
hungarian,1134,default,155,20,20,72.05,0,4,62.61224489795919,29.5,0,104,60,476,E4,20,20,0.1,0.0
no_coordination,1135,default,289,20,20,126.15,18,4,99.3125,46.4,642,54,0,0,E4,20,20,0.1,0.0
claim,1135,default,212,20,20,90.9,4,4,75.29166666666667,42.8,151,146,25,25,E4,20,20,0.1,0.0
mas,1135,default,153,20,20,75.6,0,4,63.354166666666664,33.6,0,46,48,72,E4,20,20,0.1,0.0
mas_iterative,1135,default,152,20,20,74.95,0,4,62.708333333333336,33.0,0,40,46,69,E4,20,20,0.1,0.0
hungarian,1135,default,151,20,20,74.7,0,4,62.5625,33.0,0,36,60,472,E4,20,20,0.1,0.0
no_coordination,1136,default,270,20,20,141.65,17,4,115.17647058823529,60.4,527,45,0,0,E4,20,20,0.1,0.0
claim,1136,default,211,20,20,119.9,6,4,102.6470588235294,62.2,172,105,26,26,E4,20,20,0.1,0.0
mas,1136,default,176,20,20,89.0,0,4,74.80392156862744,41.2,0,95,50,75,E4,20,20,0.1,0.0
mas_iterative,1136,default,172,20,20,87.75,0,4,73.72549019607843,40.4,0,81,48,72,E4,20,20,0.1,0.0
hungarian,1136,default,161,20,20,86.05,0,4,72.05882352941177,39.0,0,43,60,474,E4,20,20,0.1,0.0
no_coordination,1137,default,316,20,20,148.2,17,4,111.31914893617021,38.75,717,51,0,0,E4,20,20,0.1,0.0
claim,1137,default,202,20,20,100.7,5,4,80.91489361702128,38.75,113,138,25,25,E4,20,20,0.1,0.0
mas,1137,default,179,20,20,84.6,0,4,66.87234042553192,30.25,0,120,46,69,E4,20,20,0.1,0.0
mas_iterative,1137,default,179,20,20,83.7,0,4,66.02127659574468,29.5,0,122,46,69,E4,20,20,0.1,0.0
hungarian,1137,default,182,20,20,84.05,0,4,66.14893617021276,29.5,0,132,60,472,E4,20,20,0.1,0.0
no_coordination,1138,default,234,20,20,123.85,15,4,106.38888888888889,39.25,495,46,0,0,E4,20,20,0.1,0.0
claim,1138,default,176,20,20,85.05,3,4,74.62962962962963,37.0,101,104,23,23,E4,20,20,0.1,0.0
mas,1138,default,157,20,20,71.55,0,4,62.68518518518518,31.0,0,124,44,66,E4,20,20,0.1,0.0
mas_iterative,1138,default,156,20,20,71.0,0,4,62.166666666666664,30.75,0,120,44,66,E4,20,20,0.1,0.0
hungarian,1138,default,156,20,20,71.0,0,4,62.166666666666664,30.75,0,120,60,472,E4,20,20,0.1,0.0
no_coordination,1139,default,274,20,20,133.65,15,4,109.48148148148148,48.0,597,48,0,0,E4,20,20,0.1,0.0
claim,1139,default,176,20,20,89.85,5,4,79.75925925925925,48.0,179,54,29,29,E4,20,20,0.1,0.0
mas,1139,default,155,20,20,75.4,0,4,66.27777777777777,39.0,0,126,52,79,E4,20,20,0.1,0.0
mas_iterative,1139,default,154,20,20,74.0,0,4,64.92592592592592,38.0,0,122,49,74,E4,20,20,0.1,0.0
hungarian,1139,default,154,20,20,74.0,0,4,64.92592592592592,38.0,0,122,60,478,E4,20,20,0.1,0.0
no_coordination,1140,default,310,20,20,150.5,18,4,118.39583333333333,36.25,707,56,0,0,E4,20,20,0.1,0.0
claim,1140,default,201,20,20,94.95,6,4,76.6875,36.25,185,90,27,27,E4,20,20,0.1,0.0
mas,1140,default,153,20,20,75.35,0,4,61.583333333333336,31.5,0,68,52,78,E4,20,20,0.1,0.0
mas_iterative,1140,default,151,20,20,74.05,0,4,60.520833333333336,31.25,0,62,48,72,E4,20,20,0.1,0.0
hungarian,1140,default,151,20,20,74.05,0,4,60.520833333333336,31.25,0,62,60,476,E4,20,20,0.1,0.0
no_coordination,1141,default,314,20,20,138.2,15,4,108.54545454545455,64.125,742,49,0,0,E4,20,20,0.1,0.0
claim,1141,default,180,20,20,95.6,4,4,79.9090909090909,53.375,109,65,24,24,E4,20,20,0.1,0.0
mas,1141,default,173,20,20,84.8,0,4,69.10909090909091,41.75,0,131,50,75,E4,20,20,0.1,0.0
mas_iterative,1141,default,157,20,20,79.75,0,4,66.4,42.75,0,56,48,72,E4,20,20,0.1,0.0
hungarian,1141,default,162,20,20,79.9,0,4,66.32727272727273,42.75,0,78,60,476,E4,20,20,0.1,0.0
no_coordination,1142,default,327,20,20,143.55,17,4,116.0,40.25,763,50,0,0,E4,20,20,0.1,0.0
claim,1142,default,184,20,20,92.5,2,4,79.26,40.25,57,108,22,22,E4,20,20,0.1,0.0
mas,1142,default,155,20,20,80.55,0,4,67.9,34.25,0,50,46,69,E4,20,20,0.1,0.0
mas_iterative,1142,default,155,20,20,80.2,0,4,67.52,34.0,0,48,50,75,E4,20,20,0.1,0.0
hungarian,1142,default,155,20,20,80.2,0,4,67.52,34.0,0,48,60,476,E4,20,20,0.1,0.0
no_coordination,1143,default,265,20,20,116.7,15,4,87.02325581395348,43.333333333333336,532,44,0,0,E4,20,20,0.1,0.0
claim,1143,default,185,20,20,89.25,3,4,69.37209302325581,42.0,75,109,23,23,E4,20,20,0.1,0.0
mas,1143,default,176,20,20,78.15,0,4,59.604651162790695,41.333333333333336,0,128,48,72,E4,20,20,0.1,0.0
mas_iterative,1143,default,175,20,20,77.35,0,4,58.81395348837209,40.666666666666664,0,124,48,72,E4,20,20,0.1,0.0
hungarian,1143,default,175,20,20,77.35,0,4,58.81395348837209,40.666666666666664,0,124,60,476,E4,20,20,0.1,0.0
no_coordination,1144,default,325,20,20,153.2,15,4,119.76470588235294,57.5,803,51,0,0,E4,20,20,0.1,0.0
claim,1144,default,210,20,20,120.45,4,4,98.96078431372548,56.666666666666664,209,108,28,28,E4,20,20,0.1,0.0
mas,1144,default,155,20,20,79.75,0,4,63.509803921568626,38.666666666666664,0,82,50,76,E4,20,20,0.1,0.0
mas_iterative,1144,default,154,20,20,78.4,0,4,62.19607843137255,37.5,0,78,48,73,E4,20,20,0.1,0.0
hungarian,1144,default,154,20,20,78.4,0,4,62.19607843137255,37.5,0,78,60,474,E4,20,20,0.1,0.0
no_coordination,1145,default,298,20,20,138.0,15,4,105.03571428571429,57.75,730,49,0,0,E4,20,20,0.1,0.0
claim,1145,default,163,20,20,84.8,2,4,70.14285714285714,48.375,57,84,22,22,E4,20,20,0.1,0.0
mas,1145,default,156,20,20,75.7,0,4,61.214285714285715,39.25,0,98,48,72,E4,20,20,0.1,0.0
mas_iterative,1145,default,155,20,20,74.8,0,4,60.42857142857143,38.5,0,94,48,72,E4,20,20,0.1,0.0
hungarian,1145,default,155,20,20,74.8,0,4,60.42857142857143,38.5,0,94,60,476,E4,20,20,0.1,0.0
no_coordination,1146,default,309,20,20,143.55,15,4,121.61818181818182,50.5,672,50,0,0,E4,20,20,0.1,0.0
claim,1146,default,180,20,20,93.5,3,4,83.0909090909091,46.25,101,95,24,24,E4,20,20,0.1,0.0
mas,1146,default,154,20,20,81.3,0,4,71.85454545454546,35.25,0,66,51,77,E4,20,20,0.1,0.0
mas_iterative,1146,default,152,20,20,80.0,0,4,70.63636363636364,34.5,0,58,50,75,E4,20,20,0.1,0.0
hungarian,1146,default,152,20,20,80.0,0,4,70.63636363636364,34.5,0,58,60,478,E4,20,20,0.1,0.0
no_coordination,1147,default,303,20,20,132.25,17,4,103.63829787234043,39.333333333333336,711,50,0,0,E4,20,20,0.1,0.0
claim,1147,default,177,20,20,92.9,2,4,76.74468085106383,39.333333333333336,63,78,22,22,E4,20,20,0.1,0.0
mas,1147,default,160,20,20,80.6,0,4,66.51063829787235,32.0,0,72,44,66,E4,20,20,0.1,0.0
mas_iterative,1147,default,159,20,20,80.05,0,4,66.02127659574468,31.666666666666668,0,68,48,72,E4,20,20,0.1,0.0
hungarian,1147,default,169,20,20,80.6,0,4,64.74468085106383,29.333333333333332,0,94,60,474,E4,20,20,0.1,0.0
no_coordination,1149,default,224,20,20,107.65,16,4,88.0576923076923,42.0,430,43,0,0,E4,20,20,0.1,0.0
claim,1149,default,186,20,20,91.95,7,4,78.5576923076923,40.333333333333336,201,91,28,28,E4,20,20,0.1,0.0
mas,1149,default,133,20,20,65.9,0,4,57.65384615384615,39.333333333333336,0,80,44,66,E4,20,20,0.1,0.0
mas_iterative,1149,default,133,20,20,65.4,0,4,57.13461538461539,39.0,0,80,44,66,E4,20,20,0.1,0.0
hungarian,1149,default,131,20,20,65.5,0,4,57.17307692307692,39.0,0,70,60,472,E4,20,20,0.1,0.0
no_coordination,1150,default,229,20,20,120.6,15,4,91.39583333333333,39.6,436,39,0,0,E4,20,20,0.1,0.0
claim,1150,default,175,20,20,91.2,5,4,75.02083333333333,39.6,108,116,25,25,E4,20,20,0.1,0.0
mas,1150,default,159,20,20,75.1,0,4,60.458333333333336,30.0,0,124,55,83,E4,20,20,0.1,0.0
mas_iterative,1150,default,157,20,20,73.4,0,4,59.020833333333336,29.2,0,116,51,77,E4,20,20,0.1,0.0
hungarian,1150,default,154,20,20,69.75,0,4,56.5625,33.0,0,126,60,476,E4,20,20,0.1,0.0
no_coordination,1152,default,349,20,20,153.15,16,4,119.08333333333333,46.5,876,54,0,0,E4,20,20,0.1,0.0
claim,1152,default,174,20,20,93.15,3,4,78.39583333333333,43.25,77,67,23,23,E4,20,20,0.1,0.0
mas,1152,default,162,20,20,82.05,0,4,67.875,33.0,0,64,48,72,E4,20,20,0.1,0.0
mas_iterative,1152,default,161,20,20,81.1,0,4,66.97916666666667,32.25,0,60,46,69,E4,20,20,0.1,0.0
hungarian,1152,default,161,20,20,81.0,0,4,66.89583333333333,32.25,0,62,60,472,E4,20,20,0.1,0.0
no_coordination,1153,default,367,20,20,165.75,17,4,133.0,49.8,897,59,0,0,E4,20,20,0.1,0.0
claim,1153,default,247,20,20,121.65,7,4,102.11320754716981,46.2,227,138,27,27,E4,20,20,0.1,0.0
mas,1153,default,188,20,20,87.9,0,4,74.50943396226415,41.6,0,136,46,69,E4,20,20,0.1,0.0
mas_iterative,1153,default,186,20,20,87.6,0,4,74.20754716981132,41.2,0,124,46,69,E4,20,20,0.1,0.0
hungarian,1153,default,183,20,20,87.75,0,4,74.37735849056604,41.4,0,114,60,472,E4,20,20,0.1,0.0
no_coordination,1155,default,324,20,20,140.45,16,4,98.41666666666667,45.6,774,55,0,0,E4,20,20,0.1,0.0
claim,1155,default,182,20,20,89.0,3,4,70.08333333333333,41.0,73,104,23,23,E4,20,20,0.1,0.0
mas,1155,default,176,20,20,80.45,0,4,61.666666666666664,30.8,0,102,44,66,E4,20,20,0.1,0.0
mas_iterative,1155,default,176,20,20,79.9,0,4,61.145833333333336,30.2,0,102,44,66,E4,20,20,0.1,0.0
hungarian,1155,default,164,20,20,77.1,0,4,59.625,34.8,0,76,60,474,E4,20,20,0.1,0.0
no_coordination,1156,default,368,20,20,144.45,14,4,123.17021276595744,30.0,927,57,0,0,E4,20,20,0.1,0.0
claim,1156,default,237,20,20,124.8,7,4,111.61702127659575,30.0,312,90,33,33,E4,20,20,0.1,0.0
mas,1156,default,162,20,20,83.35,0,4,72.8936170212766,29.0,0,80,55,84,E4,20,20,0.1,0.0
mas_iterative,1156,default,162,20,20,81.3,0,4,71.0,29.0,0,80,50,76,E4,20,20,0.1,0.0
hungarian,1156,default,159,20,20,81.05,0,4,70.80851063829788,29.0,0,70,60,476,E4,20,20,0.1,0.0
no_coordination,1157,default,323,20,20,155.35,15,4,122.95833333333333,42.333333333333336,788,51,0,0,E4,20,20,0.1,0.0
claim,1157,default,173,20,20,95.0,2,4,80.97916666666667,39.666666666666664,61,74,22,22,E4,20,20,0.1,0.0
mas,1157,default,158,20,20,82.35,0,4,68.97916666666667,32.666666666666664,0,71,44,66,E4,20,20,0.1,0.0
mas_iterative,1157,default,158,20,20,81.9,0,4,68.54166666666667,32.333333333333336,0,71,46,69,E4,20,20,0.1,0.0
hungarian,1157,default,158,20,20,81.9,0,4,68.54166666666667,32.333333333333336,0,71,60,474,E4,20,20,0.1,0.0
no_coordination,1000,default,257,20,20,108.3,14,4,84.95652173913044,32.0,602,45,0,0,E4,20,20,0.2,0.0
claim,1000,default,151,20,20,77.9,3,4,64.91304347826087,32.0,71,75,23,23,E4,20,20,0.2,0.0
mas,1000,default,143,20,20,70.05,0,4,57.97826086956522,27.666666666666668,0,80,50,75,E4,20,20,0.2,0.0
mas_iterative,1000,default,142,20,20,69.15,0,4,57.17391304347826,27.333333333333332,0,76,48,72,E4,20,20,0.2,0.0
hungarian,1000,default,140,20,20,66.75,0,4,55.45652173913044,28.333333333333332,0,94,60,474,E4,20,20,0.2,0.0
no_coordination,1001,default,286,20,20,109.55,17,4,90.92857142857143,40.4,678,51,0,0,E4,20,20,0.2,0.0
claim,1001,default,170,20,20,81.95,3,4,72.08928571428571,40.4,103,67,26,26,E4,20,20,0.2,0.0
mas,1001,default,140,20,20,70.9,0,4,61.892857142857146,36.2,0,55,48,72,E4,20,20,0.2,0.0
mas_iterative,1001,default,139,20,20,69.8,0,4,60.910714285714285,35.8,0,53,50,75,E4,20,20,0.2,0.0
hungarian,1001,default,139,20,20,69.8,0,4,60.910714285714285,35.8,0,53,60,476,E4,20,20,0.2,0.0
no_coordination,1002,default,302,20,20,129.55,16,4,98.93478260869566,48.0,724,52,0,0,E4,20,20,0.2,0.0
claim,1002,default,186,20,20,92.15,3,4,76.04347826086956,48.75,91,127,23,23,E4,20,20,0.2,0.0
mas,1002,default,166,20,20,79.6,0,4,64.71739130434783,35.75,0,106,46,69,E4,20,20,0.2,0.0
mas_iterative,1002,default,166,20,20,78.85,0,4,63.93478260869565,34.75,0,104,46,69,E4,20,20,0.2,0.0
hungarian,1002,default,164,20,20,77.5,0,4,62.65217391304348,33.75,0,110,60,472,E4,20,20,0.2,0.0
no_coordination,1003,default,262,20,20,122.45,14,4,90.10416666666667,49.5,578,49,0,0,E4,20,20,0.2,0.0
claim,1003,default,161,20,20,84.65,4,4,67.66666666666667,46.5,91,80,24,24,E4,20,20,0.2,0.0
mas,1003,default,153,20,20,72.6,0,4,57.208333333333336,37.5,0,103,52,78,E4,20,20,0.2,0.0
mas_iterative,1003,default,151,20,20,71.4,0,4,56.1875,36.5,0,95,46,69,E4,20,20,0.2,0.0
hungarian,1003,default,151,20,20,71.4,0,4,56.1875,36.5,0,95,60,472,E4,20,20,0.2,0.0
no_coordination,1004,default,302,20,20,141.55,18,4,116.17021276595744,38.333333333333336,664,51,0,0,E4,20,20,0.2,0.0
claim,1004,default,189,20,20,100.2,3,4,85.29787234042553,40.666666666666664,96,90,23,23,E4,20,20,0.2,0.0
mas,1004,default,163,20,20,79.15,0,4,66.65957446808511,29.333333333333332,0,91,50,75,E4,20,20,0.2,0.0
mas_iterative,1004,default,160,20,20,77.15,0,4,65.42553191489361,29.0,0,91,48,72,E4,20,20,0.2,0.0
hungarian,1004,default,163,20,20,77.45,0,4,65.0,29.0,0,89,60,472,E4,20,20,0.2,0.0
no_coordination,1005,default,259,20,20,116.3,16,4,98.4,53.666666666666664,599,51,0,0,E4,20,20,0.2,0.0
claim,1005,default,165,20,20,80.95,4,4,72.23636363636363,48.666666666666664,86,149,24,24,E4,20,20,0.2,0.0
mas,1005,default,143,20,20,66.95,0,4,58.96363636363636,39.333333333333336,0,130,50,75,E4,20,20,0.2,0.0
mas_iterative,1005,default,141,20,20,66.15,0,4,58.2,38.666666666666664,0,122,44,66,E4,20,20,0.2,0.0
hungarian,1005,default,141,20,20,66.15,0,4,58.2,38.666666666666664,0,122,60,472,E4,20,20,0.2,0.0
no_coordination,1006,default,299,20,20,128.4,16,4,101.43589743589743,38.0,736,53,0,0,E4,20,20,0.2,0.0
claim,1006,default,197,20,20,103.8,8,4,86.23076923076923,38.0,228,109,32,32,E4,20,20,0.2,0.0
mas,1006,default,156,20,20,71.3,0,4,59.07692307692308,29.0,0,99,46,69,E4,20,20,0.2,0.0
mas_iterative,1006,default,155,20,20,70.0,0,4,58.02564102564103,28.5,0,103,46,69,E4,20,20,0.2,0.0
hungarian,1006,default,155,20,20,70.0,0,4,58.02564102564103,28.5,0,103,60,474,E4,20,20,0.2,0.0
no_coordination,1007,default,205,20,20,104.1,12,4,89.8,33.0,311,40,0,0,E4,20,20,0.2,0.0
claim,1007,default,142,20,20,80.2,3,4,70.33333333333333,33.0,87,64,23,23,E4,20,20,0.2,0.0
mas,1007,default,126,20,20,68.2,0,4,60.044444444444444,33.0,0,91,46,69,E4,20,20,0.2,0.0
mas_iterative,1007,default,123,20,20,67.25,0,4,59.31111111111111,33.0,0,79,46,69,E4,20,20,0.2,0.0
hungarian,1007,default,126,20,20,67.45,0,4,59.111111111111114,28.0,0,83,60,474,E4,20,20,0.2,0.0
no_coordination,1008,default,286,20,20,133.05,15,4,107.96,36.75,555,45,0,0,E4,20,20,0.2,0.0
claim,1008,default,181,20,20,101.6,4,4,87.94,36.75,123,55,24,24,E4,20,20,0.2,0.0
mas,1008,default,162,20,20,84.45,0,4,72.74,31.0,0,54,48,72,E4,20,20,0.2,0.0
mas_iterative,1008,default,160,20,20,83.45,0,4,71.66,30.75,0,52,46,69,E4,20,20,0.2,0.0
hungarian,1008,default,160,20,20,83.45,0,4,71.66,30.75,0,52,60,472,E4,20,20,0.2,0.0
no_coordination,1009,default,277,20,20,142.0,17,4,112.97872340425532,34.0,565,54,0,0,E4,20,20,0.2,0.0
claim,1009,default,196,20,20,103.5,4,4,86.61702127659575,38.0,126,128,24,24,E4,20,20,0.2,0.0
mas,1009,default,133,20,20,78.2,0,4,65.38297872340425,27.666666666666668,0,56,50,75,E4,20,20,0.2,0.0
mas_iterative,1009,default,147,20,20,79.35,0,4,65.97872340425532,27.333333333333332,0,72,48,72,E4,20,20,0.2,0.0
hungarian,1009,default,147,20,20,79.35,0,4,65.97872340425532,27.333333333333332,0,72,60,478,E4,20,20,0.2,0.0
no_coordination,1010,default,335,20,20,157.4,17,4,131.73584905660377,62.8,865,55,0,0,E4,20,20,0.2,0.0
claim,1010,default,190,20,20,111.7,4,4,98.20754716981132,57.6,206,62,28,28,E4,20,20,0.2,0.0
mas,1010,default,147,20,20,74.45,0,4,63.45283018867924,38.2,0,61,46,70,E4,20,20,0.2,0.0
mas_iterative,1010,default,145,20,20,73.45,0,4,62.490566037735846,37.4,0,53,52,79,E4,20,20,0.2,0.0
hungarian,1010,default,148,20,20,73.2,0,4,62.339622641509436,37.4,0,67,60,478,E4,20,20,0.2,0.0
no_coordination,1011,default,258,20,20,128.75,17,4,102.18518518518519,39.4,525,53,0,0,E4,20,20,0.2,0.0
claim,1011,default,171,20,20,81.9,3,4,67.9074074074074,37.2,131,67,26,26,E4,20,20,0.2,0.0
mas,1011,default,156,20,20,72.95,0,4,59.68518518518518,33.4,0,118,48,72,E4,20,20,0.2,0.0
mas_iterative,1011,default,155,20,20,72.1,0,4,58.888888888888886,33.0,0,114,48,72,E4,20,20,0.2,0.0
hungarian,1011,default,155,20,20,72.1,0,4,58.888888888888886,33.0,0,114,60,476,E4,20,20,0.2,0.0
no_coordination,1012,default,241,20,20,107.75,15,4,93.62264150943396,42.0,534,49,0,0,E4,20,20,0.2,0.0
claim,1012,default,156,20,20,79.35,3,4,70.84905660377359,40.2,67,109,23,23,E4,20,20,0.2,0.0
mas,1012,default,141,20,20,65.9,0,4,58.264150943396224,35.0,0,122,48,72,E4,20,20,0.2,0.0
mas_iterative,1012,default,146,20,20,65.05,0,4,57.698113207547166,34.8,0,142,44,66,E4,20,20,0.2,0.0
hungarian,1012,default,146,20,20,65.05,0,4,57.698113207547166,34.8,0,142,60,472,E4,20,20,0.2,0.0
no_coordination,1013,default,248,20,20,125.9,14,4,102.90243902439025,nan,520,38,0,0,E4,20,20,0.2,0.0
claim,1013,default,186,20,20,83.25,4,4,75.65853658536585,nan,152,75,27,27,E4,20,20,0.2,0.0
mas,1013,default,170,20,20,73.45,0,4,66.1219512195122,nan,0,157,50,75,E4,20,20,0.2,0.0
mas_iterative,1013,default,169,20,20,72.45,0,4,65.21951219512195,nan,0,153,50,75,E4,20,20,0.2,0.0
hungarian,1013,default,167,20,20,71.65,0,4,65.1219512195122,nan,0,145,60,478,E4,20,20,0.2,0.0
no_coordination,1014,default,308,20,20,128.0,14,4,102.72,30.5,738,49,0,0,E4,20,20,0.2,0.0
claim,1014,default,173,20,20,88.65,2,4,75.46,30.5,63,78,22,22,E4,20,20,0.2,0.0
mas,1014,default,167,20,20,81.4,0,4,68.92,30.5,0,88,46,69,E4,20,20,0.2,0.0
mas_iterative,1014,default,166,20,20,80.7,0,4,68.3,30.5,0,84,46,69,E4,20,20,0.2,0.0
hungarian,1014,default,166,20,20,78.15,0,4,65.8,30.0,0,92,60,474,E4,20,20,0.2,0.0
no_coordination,1015,default,264,20,20,124.75,14,4,106.86,34.0,517,44,0,0,E4,20,20,0.2,0.0
claim,1015,default,181,20,20,95.55,3,4,84.46,34.0,89,73,23,23,E4,20,20,0.2,0.0
mas,1015,default,174,20,20,84.0,0,4,74.48,34.0,0,106,52,78,E4,20,20,0.2,0.0
mas_iterative,1015,default,175,20,20,83.7,0,4,73.72,34.0,0,104,48,72,E4,20,20,0.2,0.0
hungarian,1015,default,175,20,20,83.5,0,4,73.6,34.0,0,106,60,476,E4,20,20,0.2,0.0
no_coordination,1016,default,281,20,20,141.65,16,4,102.12,43.666666666666664,654,51,0,0,E4,20,20,0.2,0.0
claim,1016,default,155,20,20,80.1,2,4,65.04,40.5,59,104,22,22,E4,20,20,0.2,0.0
mas,1016,default,138,20,20,65.55,0,4,52.88,36.333333333333336,0,110,48,72,E4,20,20,0.2,0.0
mas_iterative,1016,default,137,20,20,64.55,0,4,52.04,35.833333333333336,0,106,50,75,E4,20,20,0.2,0.0
hungarian,1016,default,137,20,20,64.75,0,4,52.14,36.166666666666664,0,110,60,474,E4,20,20,0.2,0.0
no_coordination,1017,default,276,20,20,124.6,15,4,102.73076923076923,41.666666666666664,577,44,0,0,E4,20,20,0.2,0.0
claim,1017,default,206,20,20,90.15,6,4,78.25,41.666666666666664,228,93,30,30,E4,20,20,0.2,0.0
mas,1017,default,158,20,20,71.8,0,4,62.42307692307692,36.333333333333336,0,132,50,75,E4,20,20,0.2,0.0
mas_iterative,1017,default,156,20,20,70.9,0,4,61.59615384615385,36.0,0,124,48,72,E4,20,20,0.2,0.0
hungarian,1017,default,156,20,20,71.5,0,4,62.05769230769231,37.333333333333336,0,120,60,482,E4,20,20,0.2,0.0
no_coordination,1018,default,294,20,20,145.9,12,4,108.93181818181819,32.666666666666664,581,41,0,0,E4,20,20,0.2,0.0
claim,1018,default,209,20,20,106.75,3,4,84.93181818181819,32.666666666666664,89,111,23,23,E4,20,20,0.2,0.0
mas,1018,default,187,20,20,92.7,0,4,72.11363636363636,32.666666666666664,0,90,48,72,E4,20,20,0.2,0.0
mas_iterative,1018,default,195,20,20,92.6,0,4,71.70454545454545,32.666666666666664,0,116,48,72,E4,20,20,0.2,0.0
hungarian,1018,default,195,20,20,93.15,0,4,71.88636363636364,32.666666666666664,0,114,60,476,E4,20,20,0.2,0.0
no_coordination,1019,default,252,20,20,132.3,15,4,111.47058823529412,32.666666666666664,433,87,0,0,E4,20,20,0.2,0.0
claim,1019,default,185,20,20,98.8,2,4,86.17647058823529,32.666666666666664,61,117,22,22,E4,20,20,0.2,0.0
mas,1019,default,158,20,20,77.95,0,4,67.68627450980392,32.666666666666664,0,73,44,66,E4,20,20,0.2,0.0
mas_iterative,1019,default,157,20,20,77.6,0,4,67.27450980392157,32.666666666666664,0,69,48,72,E4,20,20,0.2,0.0
hungarian,1019,default,157,20,20,77.6,0,4,67.27450980392157,32.666666666666664,0,69,60,474,E4,20,20,0.2,0.0
no_coordination,1020,default,257,20,20,146.45,16,4,118.56521739130434,30.5,510,45,0,0,E4,20,20,0.2,0.0
claim,1020,default,200,20,20,104.7,3,4,88.73913043478261,30.5,89,120,23,23,E4,20,20,0.2,0.0
mas,1020,default,172,20,20,87.95,0,4,73.52173913043478,30.5,0,80,44,66,E4,20,20,0.2,0.0
mas_iterative,1020,default,172,20,20,87.5,0,4,73.04347826086956,30.5,0,80,46,69,E4,20,20,0.2,0.0
hungarian,1020,default,173,20,20,87.6,0,4,73.1304347826087,30.5,0,80,60,474,E4,20,20,0.2,0.0
no_coordination,1021,default,330,20,20,139.35,15,4,106.71739130434783,36.333333333333336,720,49,0,0,E4,20,20,0.2,0.0
claim,1021,default,156,20,20,83.1,2,4,69.93478260869566,36.333333333333336,59,44,22,22,E4,20,20,0.2,0.0
mas,1021,default,152,20,20,74.4,0,4,60.78260869565217,28.666666666666668,0,70,51,77,E4,20,20,0.2,0.0
mas_iterative,1021,default,150,20,20,72.9,0,4,59.5,28.333333333333332,0,64,48,72,E4,20,20,0.2,0.0
hungarian,1021,default,150,20,20,72.9,0,4,59.5,28.333333333333332,0,64,60,474,E4,20,20,0.2,0.0
no_coordination,1022,default,242,20,20,120.95,19,4,100.29411764705883,42.25,465,46,0,0,E4,20,20,0.2,0.0
claim,1022,default,175,20,20,95.0,3,4,81.3529411764706,41.5,77,55,23,23,E4,20,20,0.2,0.0
mas,1022,default,161,20,20,77.5,0,4,65.6078431372549,41.5,0,94,50,75,E4,20,20,0.2,0.0
mas_iterative,1022,default,160,20,20,76.75,0,4,64.82352941176471,41.0,0,88,48,72,E4,20,20,0.2,0.0
hungarian,1022,default,160,20,20,77.0,0,4,64.86274509803921,41.0,0,86,60,476,E4,20,20,0.2,0.0
no_coordination,1023,default,279,20,20,140.6,18,4,113.96078431372548,36.0,576,46,0,0,E4,20,20,0.2,0.0
claim,1023,default,192,20,20,97.95,2,4,83.66666666666667,36.0,59,99,22,22,E4,20,20,0.2,0.0
mas,1023,default,183,20,20,88.8,0,4,74.76470588235294,31.333333333333332,0,107,44,66,E4,20,20,0.2,0.0
mas_iterative,1023,default,183,20,20,88.05,0,4,73.90196078431373,30.333333333333332,0,107,44,66,E4,20,20,0.2,0.0
hungarian,1023,default,183,20,20,88.05,0,4,73.90196078431373,30.333333333333332,0,107,60,472,E4,20,20,0.2,0.0
no_coordination,1024,default,344,20,20,175.5,15,4,143.73469387755102,54.333333333333336,869,53,0,0,E4,20,20,0.2,0.0
claim,1024,default,222,20,20,132.2,5,4,115.75510204081633,54.333333333333336,262,104,30,30,E4,20,20,0.2,0.0
mas,1024,default,169,20,20,80.9,0,4,70.20408163265306,29.666666666666668,0,104,46,70,E4,20,20,0.2,0.0
mas_iterative,1024,default,169,20,20,79.95,0,4,69.26530612244898,29.0,0,104,48,73,E4,20,20,0.2,0.0
hungarian,1024,default,169,20,20,79.95,0,4,69.26530612244898,29.0,0,104,60,474,E4,20,20,0.2,0.0
no_coordination,1025,default,241,20,20,127.95,14,4,99.46938775510205,43.0,529,45,0,0,E4,20,20,0.2,0.0
claim,1025,default,162,20,20,82.15,2,4,69.0204081632653,41.5,59,85,22,22,E4,20,20,0.2,0.0
mas,1025,default,143,20,20,71.65,0,4,58.46938775510204,34.0,0,68,46,69,E4,20,20,0.2,0.0
mas_iterative,1025,default,144,20,20,70.6,0,4,57.36734693877551,33.5,0,76,44,66,E4,20,20,0.2,0.0
hungarian,1025,default,136,20,20,66.5,0,4,54.224489795918366,37.5,0,68,60,474,E4,20,20,0.2,0.0
no_coordination,1026,default,319,20,20,149.95,17,4,120.20754716981132,47.0,757,51,0,0,E4,20,20,0.2,0.0
claim,1026,default,183,20,20,102.9,3,4,88.33962264150944,48.166666666666664,93,55,23,23,E4,20,20,0.2,0.0
mas,1026,default,166,20,20,85.6,0,4,72.45283018867924,42.666666666666664,0,68,44,66,E4,20,20,0.2,0.0
mas_iterative,1026,default,165,20,20,85.35,0,4,72.16981132075472,42.166666666666664,0,62,50,75,E4,20,20,0.2,0.0
hungarian,1026,default,166,20,20,87.4,0,4,73.75471698113208,36.833333333333336,0,48,60,476,E4,20,20,0.2,0.0
no_coordination,1027,default,320,20,20,158.25,16,4,126.12765957446808,54.5,748,52,0,0,E4,20,20,0.2,0.0
claim,1027,default,216,20,20,123.55,5,4,103.87234042553192,54.5,234,107,28,28,E4,20,20,0.2,0.0
mas,1027,default,172,20,20,83.25,0,4,67.53191489361703,33.5,0,106,48,73,E4,20,20,0.2,0.0
mas_iterative,1027,default,170,20,20,80.95,0,4,65.57446808510639,32.25,0,106,50,76,E4,20,20,0.2,0.0
hungarian,1027,default,170,20,20,80.95,0,4,65.57446808510639,32.25,0,106,60,476,E4,20,20,0.2,0.0
no_coordination,1028,default,384,20,20,196.6,15,4,159.9090909090909,44.0,997,57,0,0,E4,20,20,0.2,0.0
claim,1028,default,255,20,20,147.2,6,4,125.06818181818181,44.0,313,113,31,31,E4,20,20,0.2,0.0
mas,1028,default,177,20,20,88.7,0,4,71.4090909090909,28.5,0,100,48,73,E4,20,20,0.2,0.0
mas_iterative,1028,default,173,20,20,87.5,0,4,70.29545454545455,27.5,0,86,52,79,E4,20,20,0.2,0.0
hungarian,1028,default,173,20,20,87.5,0,4,70.29545454545455,27.5,0,86,60,478,E4,20,20,0.2,0.0
no_coordination,1030,default,307,20,20,146.1,15,4,108.35714285714286,48.5,711,52,0,0,E4,20,20,0.2,0.0
claim,1030,default,190,20,20,93.6,5,4,76.19047619047619,43.5,131,104,25,25,E4,20,20,0.2,0.0
mas,1030,default,163,20,20,73.95,0,4,59.595238095238095,35.0,0,102,44,66,E4,20,20,0.2,0.0
mas_iterative,1030,default,162,20,20,73.4,0,4,58.07142857142857,27.5,0,110,48,72,E4,20,20,0.2,0.0
hungarian,1030,default,162,20,20,73.4,0,4,58.07142857142857,27.5,0,110,62,477,E4,20,20,0.2,0.0
no_coordination,1031,default,290,20,20,140.8,19,4,110.72727272727273,48.857142857142854,674,49,0,0,E4,20,20,0.2,0.0
claim,1031,default,177,20,20,90.7,2,4,76.07272727272728,43.42857142857143,57,86,22,22,E4,20,20,0.2,0.0
mas,1031,default,169,20,20,82.5,0,4,67.7090909090909,36.42857142857143,0,82,44,66,E4,20,20,0.2,0.0
mas_iterative,1031,default,169,20,20,82.35,0,4,67.45454545454545,36.0,0,80,46,69,E4,20,20,0.2,0.0
hungarian,1031,default,169,20,20,82.35,0,4,67.45454545454545,36.0,0,80,60,474,E4,20,20,0.2,0.0
no_coordination,1032,default,281,20,20,140.3,16,4,108.93617021276596,34.0,639,47,0,0,E4,20,20,0.2,0.0
claim,1032,default,191,20,20,100.45,5,4,83.53191489361703,34.0,122,101,26,26,E4,20,20,0.2,0.0
mas,1032,default,156,20,20,77.05,0,4,62.5531914893617,34.0,0,89,52,79,E4,20,20,0.2,0.0
mas_iterative,1032,default,149,20,20,75.3,0,4,61.319148936170215,33.5,0,59,49,74,E4,20,20,0.2,0.0
hungarian,1032,default,149,20,20,75.3,0,4,61.319148936170215,33.5,0,59,60,478,E4,20,20,0.2,0.0
no_coordination,1033,default,391,20,20,175.2,17,4,145.87037037037038,77.0,985,55,0,0,E4,20,20,0.2,0.0
claim,1033,default,251,20,20,122.55,6,4,104.4074074074074,64.2,257,85,31,31,E4,20,20,0.2,0.0
mas,1033,default,201,20,20,98.1,0,4,82.27777777777777,51.2,0,89,52,78,E4,20,20,0.2,0.0
mas_iterative,1033,default,199,20,20,97.3,0,4,81.55555555555556,50.2,0,77,50,75,E4,20,20,0.2,0.0
hungarian,1033,default,199,20,20,97.3,0,4,81.55555555555556,50.2,0,77,60,476,E4,20,20,0.2,0.0
no_coordination,1034,default,268,20,20,124.5,16,4,94.6,48.5,521,44,0,0,E4,20,20,0.2,0.0
claim,1034,default,187,20,20,93.8,3,4,74.84444444444445,48.5,89,92,23,23,E4,20,20,0.2,0.0
mas,1034,default,168,20,20,81.55,0,4,63.48888888888889,29.0,0,74,48,72,E4,20,20,0.2,0.0
mas_iterative,1034,default,167,20,20,80.6,0,4,62.55555555555556,27.5,0,70,50,75,E4,20,20,0.2,0.0
hungarian,1034,default,167,20,20,80.6,0,4,62.55555555555556,27.5,0,70,60,476,E4,20,20,0.2,0.0
no_coordination,1035,default,319,20,20,146.65,15,4,122.55555555555556,41.6,756,49,0,0,E4,20,20,0.2,0.0
claim,1035,default,180,20,20,93.5,4,4,82.16666666666667,39.0,97,65,24,24,E4,20,20,0.2,0.0
mas,1035,default,162,20,20,77.9,0,4,67.0,34.4,0,86,48,72,E4,20,20,0.2,0.0
mas_iterative,1035,default,161,20,20,77.0,0,4,66.18518518518519,34.0,0,82,50,75,E4,20,20,0.2,0.0
hungarian,1035,default,160,20,20,76.6,0,4,65.88888888888889,34.0,0,82,60,478,E4,20,20,0.2,0.0
no_coordination,1036,default,371,20,20,181.65,18,4,141.0,44.25,829,59,0,0,E4,20,20,0.2,0.0
claim,1036,default,203,20,20,109.2,4,4,90.42857142857143,44.5,113,95,24,24,E4,20,20,0.2,0.0
mas,1036,default,176,20,20,89.3,0,4,72.55102040816327,37.75,0,77,46,69,E4,20,20,0.2,0.0
mas_iterative,1036,default,174,20,20,88.7,0,4,72.0,37.5,0,69,48,72,E4,20,20,0.2,0.0
hungarian,1036,default,174,20,20,88.7,0,4,72.0,37.5,0,69,60,466,E4,20,20,0.2,0.0
no_coordination,1037,default,397,20,20,175.25,19,4,126.71739130434783,47.4,1014,64,0,0,E4,20,20,0.2,0.0
claim,1037,default,192,20,20,95.45,3,4,74.97826086956522,43.2,85,116,23,23,E4,20,20,0.2,0.0
mas,1037,default,178,20,20,87.1,0,4,67.1086956521739,34.4,0,114,48,72,E4,20,20,0.2,0.0
mas_iterative,1037,default,178,20,20,86.25,0,4,66.28260869565217,33.8,0,114,48,72,E4,20,20,0.2,0.0
hungarian,1037,default,178,20,20,86.25,0,4,66.28260869565217,33.8,0,114,60,474,E4,20,20,0.2,0.0
no_coordination,1038,default,243,20,20,113.45,17,4,92.53448275862068,44.0,444,47,0,0,E4,20,20,0.2,0.0
claim,1038,default,190,20,20,91.35,4,4,77.77586206896552,47.0,137,83,26,26,E4,20,20,0.2,0.0
mas,1038,default,161,20,20,74.7,0,4,62.827586206896555,41.5,0,102,44,66,E4,20,20,0.2,0.0
mas_iterative,1038,default,161,20,20,74.25,0,4,62.36206896551724,41.0,0,102,46,69,E4,20,20,0.2,0.0
hungarian,1038,default,161,20,20,74.45,0,4,62.56896551724138,41.0,0,100,60,474,E4,20,20,0.2,0.0
no_coordination,1039,default,305,20,20,138.25,15,4,108.30357142857143,42.166666666666664,702,47,0,0,E4,20,20,0.2,0.0
claim,1039,default,212,20,20,97.5,4,4,80.55357142857143,40.666666666666664,135,146,25,25,E4,20,20,0.2,0.0
mas,1039,default,173,20,20,78.15,0,4,65.21428571428571,32.833333333333336,0,120,46,69,E4,20,20,0.2,0.0
mas_iterative,1039,default,172,20,20,77.65,0,4,64.66071428571429,32.5,0,114,46,69,E4,20,20,0.2,0.0
hungarian,1039,default,172,20,20,77.65,0,4,64.46428571428571,32.5,0,114,60,474,E4,20,20,0.2,0.0
no_coordination,1040,default,289,20,20,143.1,17,4,116.91836734693878,59.0,676,49,0,0,E4,20,20,0.2,0.0
claim,1040,default,154,20,20,90.7,2,4,80.42857142857143,51.0,58,42,22,22,E4,20,20,0.2,0.0
mas,1040,default,147,20,20,79.35,0,4,69.93877551020408,49.5,0,63,48,72,E4,20,20,0.2,0.0
mas_iterative,1040,default,146,20,20,78.55,0,4,69.20408163265306,49.0,0,59,44,66,E4,20,20,0.2,0.0
hungarian,1040,default,146,20,20,78.55,0,4,69.20408163265306,49.0,0,59,60,472,E4,20,20,0.2,0.0
no_coordination,1041,default,305,20,20,129.6,15,4,98.74,36.5,727,50,0,0,E4,20,20,0.2,0.0
claim,1041,default,171,20,20,87.15,2,4,71.94,36.5,57,86,22,22,E4,20,20,0.2,0.0
mas,1041,default,161,20,20,77.35,0,4,62.8,31.0,0,100,48,72,E4,20,20,0.2,0.0
mas_iterative,1041,default,155,20,20,75.8,0,4,61.44,30.75,0,80,50,75,E4,20,20,0.2,0.0
hungarian,1041,default,155,20,20,75.8,0,4,61.44,30.75,0,80,60,476,E4,20,20,0.2,0.0
no_coordination,1042,default,276,20,20,130.8,16,4,104.5576923076923,38.4,629,50,0,0,E4,20,20,0.2,0.0
claim,1042,default,175,20,20,83.5,2,4,68.48076923076923,38.2,57,120,22,22,E4,20,20,0.2,0.0
mas,1042,default,166,20,20,75.05,0,4,60.25,30.2,0,118,44,66,E4,20,20,0.2,0.0
mas_iterative,1042,default,164,20,20,73.6,0,4,58.71153846153846,28.6,0,112,46,69,E4,20,20,0.2,0.0
hungarian,1042,default,164,20,20,73.4,0,4,58.55769230769231,28.6,0,114,60,474,E4,20,20,0.2,0.0
no_coordination,1043,default,237,20,20,117.55,17,4,87.92105263157895,31.0,431,45,0,0,E4,20,20,0.2,0.0
claim,1043,default,186,20,20,89.9,6,4,70.15789473684211,31.0,133,107,26,26,E4,20,20,0.2,0.0
mas,1043,default,172,20,20,79.7,0,4,62.0,29.0,0,118,46,69,E4,20,20,0.2,0.0
mas_iterative,1043,default,159,20,20,74.2,0,4,57.5,31.0,0,88,46,69,E4,20,20,0.2,0.0
hungarian,1043,default,159,20,20,74.2,0,4,57.5,31.0,0,88,60,474,E4,20,20,0.2,0.0
no_coordination,1044,default,302,20,20,133.25,15,4,113.56,51.25,710,51,0,0,E4,20,20,0.2,0.0
claim,1044,default,165,20,20,86.5,2,4,76.36,45.5,57,90,22,22,E4,20,20,0.2,0.0
mas,1044,default,154,20,20,75.0,0,4,65.4,40.0,0,96,50,75,E4,20,20,0.2,0.0
mas_iterative,1044,default,153,20,20,74.05,0,4,64.5,39.5,0,92,48,72,E4,20,20,0.2,0.0
hungarian,1044,default,160,20,20,76.8,0,4,66.54,33.75,0,102,60,476,E4,20,20,0.2,0.0
no_coordination,1045,default,343,20,20,144.15,17,4,110.0576923076923,40.0,800,57,0,0,E4,20,20,0.2,0.0
claim,1045,default,225,20,20,105.45,4,4,85.90384615384616,40.75,135,120,25,25,E4,20,20,0.2,0.0
mas,1045,default,199,20,20,86.5,0,4,71.5,34.0,0,143,50,75,E4,20,20,0.2,0.0
mas_iterative,1045,default,198,20,20,85.4,0,4,70.5,33.5,0,139,50,75,E4,20,20,0.2,0.0
hungarian,1045,default,199,20,20,86.8,0,4,70.1923076923077,35.5,0,141,60,474,E4,20,20,0.2,0.0
no_coordination,1046,default,336,20,20,138.15,16,4,114.39622641509433,56.6,786,58,0,0,E4,20,20,0.2,0.0
claim,1046,default,217,20,20,117.95,4,4,102.05660377358491,57.8,205,102,28,28,E4,20,20,0.2,0.0
mas,1046,default,172,20,20,81.15,0,4,68.77358490566037,35.6,0,88,48,73,E4,20,20,0.2,0.0
mas_iterative,1046,default,170,20,20,80.0,0,4,67.66037735849056,34.6,0,80,48,73,E4,20,20,0.2,0.0
hungarian,1046,default,178,20,20,79.55,0,4,68.43396226415095,34.6,0,130,62,477,E4,20,20,0.2,0.0
no_coordination,1047,default,265,20,20,136.4,15,4,104.26666666666667,43.0,630,46,0,0,E4,20,20,0.2,0.0
claim,1047,default,152,20,20,82.75,2,4,70.08888888888889,43.0,57,85,22,22,E4,20,20,0.2,0.0
mas,1047,default,143,20,20,72.2,0,4,60.0,28.5,0,92,48,72,E4,20,20,0.2,0.0
mas_iterative,1047,default,141,20,20,71.25,0,4,59.111111111111114,28.0,0,84,54,81,E4,20,20,0.2,0.0
hungarian,1047,default,139,20,20,71.45,0,4,59.28888888888889,30.5,0,80,60,474,E4,20,20,0.2,0.0
no_coordination,1048,default,377,20,20,171.45,16,4,143.4255319148936,56.0,961,58,0,0,E4,20,20,0.2,0.0
claim,1048,default,225,20,20,124.7,5,4,109.97872340425532,56.0,230,119,28,28,E4,20,20,0.2,0.0
mas,1048,default,165,20,20,83.1,0,4,71.95744680851064,30.5,0,82,53,81,E4,20,20,0.2,0.0
mas_iterative,1048,default,163,20,20,82.15,0,4,71.1063829787234,30.0,0,70,50,76,E4,20,20,0.2,0.0
hungarian,1048,default,161,20,20,82.45,0,4,71.19148936170212,33.5,0,50,60,472,E4,20,20,0.2,0.0
no_coordination,1049,default,337,20,20,152.8,16,4,130.8181818181818,38.333333333333336,807,52,0,0,E4,20,20,0.2,0.0
claim,1049,default,189,20,20,95.8,2,4,85.01818181818182,38.333333333333336,59,75,22,22,E4,20,20,0.2,0.0
mas,1049,default,179,20,20,83.9,0,4,73.65454545454546,32.333333333333336,0,101,50,75,E4,20,20,0.2,0.0
mas_iterative,1049,default,178,20,20,83.75,0,4,73.54545454545455,32.666666666666664,0,93,48,72,E4,20,20,0.2,0.0
hungarian,1049,default,178,20,20,83.75,0,4,73.54545454545455,32.666666666666664,0,93,60,474,E4,20,20,0.2,0.0
no_coordination,1050,default,349,20,20,156.95,17,4,120.25,49.75,881,59,0,0,E4,20,20,0.2,0.0
claim,1050,default,182,20,20,92.15,2,4,76.16666666666667,45.0,59,125,22,22,E4,20,20,0.2,0.0
mas,1050,default,169,20,20,80.55,0,4,65.66666666666667,39.75,0,122,44,66,E4,20,20,0.2,0.0
mas_iterative,1050,default,169,20,20,80.05,0,4,65.16666666666667,39.25,0,122,48,72,E4,20,20,0.2,0.0
hungarian,1050,default,167,20,20,79.65,0,4,65.02083333333333,39.25,0,116,60,474,E4,20,20,0.2,0.0
no_coordination,1051,default,290,20,20,155.95,17,4,124.33333333333333,38.5,658,52,0,0,E4,20,20,0.2,0.0
claim,1051,default,215,20,20,108.15,6,4,90.2,38.5,197,94,29,29,E4,20,20,0.2,0.0
mas,1051,default,168,20,20,85.75,0,4,70.86666666666666,28.5,0,80,44,66,E4,20,20,0.2,0.0
mas_iterative,1051,default,168,20,20,85.1,0,4,70.28888888888889,28.0,0,82,46,69,E4,20,20,0.2,0.0
hungarian,1051,default,168,20,20,85.1,0,4,70.28888888888889,28.0,0,82,60,474,E4,20,20,0.2,0.0
no_coordination,1052,default,271,20,20,124.95,15,4,104.1304347826087,41.666666666666664,610,47,0,0,E4,20,20,0.2,0.0
claim,1052,default,194,20,20,105.6,3,4,91.32608695652173,41.666666666666664,136,102,26,26,E4,20,20,0.2,0.0
mas,1052,default,175,20,20,82.35,0,4,69.6086956521739,29.0,0,120,46,70,E4,20,20,0.2,0.0
mas_iterative,1052,default,175,20,20,81.75,0,4,68.95652173913044,28.0,0,118,48,73,E4,20,20,0.2,0.0
hungarian,1052,default,174,20,20,80.25,0,4,66.8695652173913,28.0,0,154,60,474,E4,20,20,0.2,0.0
no_coordination,1053,default,322,20,20,158.6,17,4,131.31372549019608,50.8,756,59,0,0,E4,20,20,0.2,0.0
claim,1053,default,178,20,20,95.05,5,4,81.72549019607843,41.8,147,57,25,25,E4,20,20,0.2,0.0
mas,1053,default,145,20,20,75.75,0,4,64.11764705882354,37.8,0,53,46,69,E4,20,20,0.2,0.0
mas_iterative,1053,default,145,20,20,75.45,0,4,63.72549019607843,37.6,0,49,51,77,E4,20,20,0.2,0.0
hungarian,1053,default,145,20,20,73.8,0,4,62.84313725490196,37.6,0,61,60,480,E4,20,20,0.2,0.0
no_coordination,1054,default,315,20,20,148.0,16,4,124.29545454545455,41.0,725,48,0,0,E4,20,20,0.2,0.0
claim,1054,default,186,20,20,100.0,3,4,86.88636363636364,41.0,85,71,23,23,E4,20,20,0.2,0.0
mas,1054,default,182,20,20,86.25,0,4,72.81818181818181,28.5,0,106,48,72,E4,20,20,0.2,0.0
mas_iterative,1054,default,181,20,20,85.45,0,4,72.0909090909091,28.0,0,102,46,69,E4,20,20,0.2,0.0
hungarian,1054,default,170,20,20,83.05,0,4,70.5909090909091,28.5,0,66,60,474,E4,20,20,0.2,0.0
no_coordination,1055,default,282,20,20,127.15,14,4,108.98113207547169,47.75,567,43,0,0,E4,20,20,0.2,0.0
claim,1055,default,181,20,20,97.35,4,4,85.77358490566037,45.5,113,84,24,24,E4,20,20,0.2,0.0
mas,1055,default,168,20,20,84.15,0,4,72.98113207547169,39.0,0,92,48,72,E4,20,20,0.2,0.0
mas_iterative,1055,default,166,20,20,82.8,0,4,71.77358490566037,38.25,0,88,48,72,E4,20,20,0.2,0.0
hungarian,1055,default,165,20,20,79.0,0,4,68.67924528301887,40.75,0,98,60,474,E4,20,20,0.2,0.0
no_coordination,1056,default,263,20,20,134.15,16,4,107.15094339622641,48.6,579,49,0,0,E4,20,20,0.2,0.0
claim,1056,default,157,20,20,85.65,2,4,72.60377358490567,44.4,59,69,22,22,E4,20,20,0.2,0.0
mas,1056,default,151,20,20,77.55,0,4,64.35849056603773,36.2,0,82,44,66,E4,20,20,0.2,0.0
mas_iterative,1056,default,151,20,20,77.05,0,4,63.886792452830186,35.8,0,82,44,66,E4,20,20,0.2,0.0
hungarian,1056,default,148,20,20,76.85,0,4,63.84905660377358,36.4,0,68,60,472,E4,20,20,0.2,0.0
no_coordination,1057,default,350,20,20,164.9,19,4,135.10526315789474,51.0,787,60,0,0,E4,20,20,0.2,0.0
claim,1057,default,192,20,20,102.75,4,4,87.82456140350877,47.666666666666664,105,84,24,24,E4,20,20,0.2,0.0
mas,1057,default,173,20,20,84.25,0,4,71.6842105263158,40.0,0,98,51,77,E4,20,20,0.2,0.0
mas_iterative,1057,default,169,20,20,83.5,0,4,70.35087719298245,39.166666666666664,0,82,46,69,E4,20,20,0.2,0.0
hungarian,1057,default,169,20,20,83.5,0,4,70.35087719298245,39.166666666666664,0,82,60,474,E4,20,20,0.2,0.0
no_coordination,1058,default,306,20,20,151.3,17,4,123.98039215686275,38.5,675,50,0,0,E4,20,20,0.2,0.0
claim,1058,default,205,20,20,107.75,4,4,93.13725490196079,41.0,111,103,24,24,E4,20,20,0.2,0.0
mas,1058,default,171,20,20,83.3,0,4,70.41176470588235,32.25,0,78,48,72,E4,20,20,0.2,0.0
mas_iterative,1058,default,172,20,20,82.6,0,4,69.76470588235294,32.0,0,80,48,72,E4,20,20,0.2,0.0
hungarian,1058,default,183,20,20,82.2,0,4,69.74509803921569,32.0,0,128,60,476,E4,20,20,0.2,0.0
no_coordination,1059,default,332,20,20,147.35,16,4,115.4423076923077,51.6,838,55,0,0,E4,20,20,0.2,0.0
claim,1059,default,187,20,20,87.15,3,4,73.53846153846153,45.6,97,152,23,23,E4,20,20,0.2,0.0
mas,1059,default,187,20,20,74.3,0,4,61.78846153846154,35.4,0,222,52,79,E4,20,20,0.2,0.0
mas_iterative,1059,default,187,20,20,73.05,0,4,60.75,34.6,0,230,48,73,E4,20,20,0.2,0.0
hungarian,1059,default,187,20,20,73.05,0,4,60.75,34.6,0,230,66,481,E4,20,20,0.2,0.0
no_coordination,1060,default,267,20,20,112.25,15,4,88.0,41.0,608,48,0,0,E4,20,20,0.2,0.0
claim,1060,default,166,20,20,84.45,2,4,70.54347826086956,41.0,57,93,22,22,E4,20,20,0.2,0.0
mas,1060,default,166,20,20,78.3,0,4,63.54347826086956,33.333333333333336,0,120,48,72,E4,20,20,0.2,0.0
mas_iterative,1060,default,161,20,20,75.2,0,4,61.54347826086956,33.666666666666664,0,108,46,69,E4,20,20,0.2,0.0
hungarian,1060,default,158,20,20,74.45,0,4,61.30434782608695,33.666666666666664,0,96,60,474,E4,20,20,0.2,0.0
no_coordination,1061,default,253,20,20,142.65,16,4,118.91666666666667,56.333333333333336,516,43,0,0,E4,20,20,0.2,0.0
claim,1061,default,202,20,20,99.25,6,4,85.8125,48.333333333333336,189,53,26,26,E4,20,20,0.2,0.0
mas,1061,default,171,20,20,83.6,0,4,71.875,32.666666666666664,0,81,48,72,E4,20,20,0.2,0.0
mas_iterative,1061,default,170,20,20,82.4,0,4,70.70833333333333,32.0,0,81,46,69,E4,20,20,0.2,0.0
hungarian,1061,default,171,20,20,80.65,0,4,69.52083333333333,32.0,0,93,60,474,E4,20,20,0.2,0.0
no_coordination,1062,default,278,20,20,138.1,17,4,121.08474576271186,49.0,614,52,0,0,E4,20,20,0.2,0.0
claim,1062,default,205,20,20,106.55,4,4,96.13559322033899,46.6,113,111,24,24,E4,20,20,0.2,0.0
mas,1062,default,179,20,20,87.8,0,4,78.38983050847457,35.8,0,88,44,66,E4,20,20,0.2,0.0
mas_iterative,1062,default,178,20,20,87.25,0,4,77.86440677966101,35.2,0,84,46,69,E4,20,20,0.2,0.0
hungarian,1062,default,178,20,20,87.25,0,4,77.86440677966101,35.2,0,84,60,474,E4,20,20,0.2,0.0
no_coordination,1063,default,315,20,20,142.4,15,4,115.09433962264151,51.2,789,50,0,0,E4,20,20,0.2,0.0
claim,1063,default,246,20,20,113.85,9,4,95.83018867924528,50.4,434,97,37,37,E4,20,20,0.2,0.0
mas,1063,default,157,20,20,68.5,0,4,58.16981132075472,35.6,0,141,48,73,E4,20,20,0.2,0.0
mas_iterative,1063,default,155,20,20,67.1,0,4,56.83018867924528,34.4,0,135,54,82,E4,20,20,0.2,0.0
hungarian,1063,default,155,20,20,67.1,0,4,56.83018867924528,34.4,0,135,60,480,E4,20,20,0.2,0.0
no_coordination,1064,default,234,20,20,110.6,12,4,88.05357142857143,53.5,481,39,0,0,E4,20,20,0.2,0.0
claim,1064,default,185,20,20,89.75,6,4,74.60714285714286,51.833333333333336,187,47,29,29,E4,20,20,0.2,0.0
mas,1064,default,165,20,20,72.1,0,4,60.285714285714285,42.666666666666664,0,136,44,66,E4,20,20,0.2,0.0
mas_iterative,1064,default,165,20,20,71.6,0,4,59.80357142857143,42.166666666666664,0,136,48,72,E4,20,20,0.2,0.0
hungarian,1064,default,165,20,20,71.6,0,4,59.80357142857143,42.166666666666664,0,136,60,476,E4,20,20,0.2,0.0
no_coordination,1065,default,275,20,20,116.9,16,4,93.08333333333333,38.0,675,56,0,0,E4,20,20,0.2,0.0
claim,1065,default,146,20,20,75.8,4,4,65.14583333333333,38.0,83,76,24,24,E4,20,20,0.2,0.0
mas,1065,default,133,20,20,64.8,0,4,55.604166666666664,34.333333333333336,0,82,48,72,E4,20,20,0.2,0.0
mas_iterative,1065,default,137,20,20,65.35,0,4,55.958333333333336,31.666666666666668,0,88,48,72,E4,20,20,0.2,0.0
hungarian,1065,default,132,20,20,64.1,0,4,54.895833333333336,34.0,0,76,60,474,E4,20,20,0.2,0.0
no_coordination,1066,default,258,20,20,126.2,17,4,97.92727272727272,43.0,558,48,0,0,E4,20,20,0.2,0.0
claim,1066,default,170,20,20,87.4,2,4,73.21818181818182,41.857142857142854,59,84,22,22,E4,20,20,0.2,0.0
mas,1066,default,143,20,20,75.55,0,4,62.763636363636365,38.142857142857146,0,42,48,72,E4,20,20,0.2,0.0
mas_iterative,1066,default,142,20,20,74.7,0,4,61.945454545454545,37.42857142857143,0,38,48,72,E4,20,20,0.2,0.0
hungarian,1066,default,142,20,20,74.7,0,4,61.945454545454545,37.42857142857143,0,38,60,476,E4,20,20,0.2,0.0
no_coordination,1067,default,366,20,20,169.1,19,4,133.625,46.75,902,58,0,0,E4,20,20,0.2,0.0
claim,1067,default,190,20,20,104.55,2,4,88.79166666666667,41.5,67,71,22,22,E4,20,20,0.2,0.0
mas,1067,default,184,20,20,94.25,0,4,78.35416666666667,31.5,0,91,46,69,E4,20,20,0.2,0.0
mas_iterative,1067,default,185,20,20,93.5,0,4,77.66666666666667,31.0,0,95,46,69,E4,20,20,0.2,0.0
hungarian,1067,default,184,20,20,91.65,0,4,76.52083333333333,36.5,0,99,60,472,E4,20,20,0.2,0.0
no_coordination,1068,default,377,20,20,134.05,17,4,104.85185185185185,39.4,950,57,0,0,E4,20,20,0.2,0.0
claim,1068,default,191,20,20,96.0,3,4,82.55555555555556,42.0,93,108,23,23,E4,20,20,0.2,0.0
mas,1068,default,161,20,20,76.05,0,4,64.53703703703704,29.6,0,74,48,72,E4,20,20,0.2,0.0
mas_iterative,1068,default,160,20,20,75.05,0,4,63.592592592592595,29.2,0,72,48,72,E4,20,20,0.2,0.0
hungarian,1068,default,166,20,20,75.25,0,4,63.51851851851852,29.2,0,98,60,476,E4,20,20,0.2,0.0
no_coordination,1069,default,261,20,20,133.45,16,4,106.03846153846153,48.8,576,49,0,0,E4,20,20,0.2,0.0
claim,1069,default,177,20,20,88.25,4,4,74.59615384615384,44.6,71,113,24,24,E4,20,20,0.2,0.0
mas,1069,default,171,20,20,78.9,0,4,65.03846153846153,32.0,0,134,51,77,E4,20,20,0.2,0.0
mas_iterative,1069,default,170,20,20,77.65,0,4,63.84615384615385,31.2,0,130,52,78,E4,20,20,0.2,0.0
hungarian,1069,default,169,20,20,77.15,0,4,63.53846153846154,31.0,0,128,60,476,E4,20,20,0.2,0.0
no_coordination,1070,default,375,20,20,149.3,16,4,122.72131147540983,54.0,943,57,0,0,E4,20,20,0.2,0.0
claim,1070,default,178,20,20,92.65,2,4,81.18032786885246,49.142857142857146,59,79,22,22,E4,20,20,0.2,0.0
mas,1070,default,164,20,20,82.1,0,4,71.78688524590164,45.714285714285715,0,76,44,66,E4,20,20,0.2,0.0
mas_iterative,1070,default,167,20,20,83.9,0,4,72.68852459016394,41.42857142857143,0,72,44,66,E4,20,20,0.2,0.0
hungarian,1070,default,166,20,20,81.45,0,4,71.26229508196721,47.42857142857143,0,84,60,476,E4,20,20,0.2,0.0
no_coordination,1071,default,386,20,20,184.85,19,4,134.8235294117647,39.8,983,81,0,0,E4,20,20,0.2,0.0
claim,1071,default,138,20,20,75.7,5,4,62.8235294117647,37.2,118,56,25,25,E4,20,20,0.2,0.0
mas,1071,default,108,20,20,61.65,0,4,52.254901960784316,33.6,0,58,52,78,E4,20,20,0.2,0.0
mas_iterative,1071,default,107,20,20,60.7,0,4,51.450980392156865,33.2,0,54,50,75,E4,20,20,0.2,0.0
hungarian,1071,default,107,20,20,60.7,0,4,51.450980392156865,33.2,0,54,62,479,E4,20,20,0.2,0.0
no_coordination,1072,default,281,20,20,141.75,14,4,126.0,62.75,647,49,0,0,E4,20,20,0.2,0.0
claim,1072,default,213,20,20,118.1,4,4,107.9090909090909,62.75,252,136,30,30,E4,20,20,0.2,0.0
mas,1072,default,133,20,20,64.55,0,4,58.74545454545454,35.25,0,80,48,73,E4,20,20,0.2,0.0
mas_iterative,1072,default,131,20,20,63.35,0,4,57.58181818181818,34.5,0,72,46,70,E4,20,20,0.2,0.0
hungarian,1072,default,131,20,20,63.35,0,4,57.58181818181818,34.5,0,72,60,472,E4,20,20,0.2,0.0
no_coordination,1073,default,239,20,20,130.8,16,4,103.34693877551021,40.0,489,46,0,0,E4,20,20,0.2,0.0
claim,1073,default,181,20,20,90.3,3,4,76.53061224489795,40.0,105,117,24,24,E4,20,20,0.2,0.0
mas,1073,default,151,20,20,77.5,0,4,65.71428571428571,34.0,0,89,48,72,E4,20,20,0.2,0.0
mas_iterative,1073,default,150,20,20,76.6,0,4,64.87755102040816,33.75,0,85,48,72,E4,20,20,0.2,0.0
hungarian,1073,default,150,20,20,76.6,0,4,64.87755102040816,33.75,0,85,60,476,E4,20,20,0.2,0.0
no_coordination,1074,default,323,20,20,158.05,16,4,126.67307692307692,46.8,697,48,0,0,E4,20,20,0.2,0.0
claim,1074,default,171,20,20,91.55,2,4,78.0,44.6,63,84,22,22,E4,20,20,0.2,0.0
mas,1074,default,153,20,20,77.5,0,4,64.61538461538461,39.6,0,87,44,66,E4,20,20,0.2,0.0
mas_iterative,1074,default,154,20,20,77.15,0,4,64.1923076923077,39.2,0,89,48,72,E4,20,20,0.2,0.0
hungarian,1074,default,154,20,20,77.25,0,4,64.26923076923077,39.2,0,87,62,479,E4,20,20,0.2,0.0
no_coordination,1075,default,288,20,20,154.75,17,4,118.70212765957447,43.0,610,51,0,0,E4,20,20,0.2,0.0
claim,1075,default,189,20,20,97.2,2,4,78.82978723404256,43.0,59,106,22,22,E4,20,20,0.2,0.0
mas,1075,default,189,20,20,90.05,0,4,71.31914893617021,28.666666666666668,0,130,51,77,E4,20,20,0.2,0.0
mas_iterative,1075,default,183,20,20,88.2,0,4,69.72340425531915,27.666666666666668,0,110,48,72,E4,20,20,0.2,0.0
hungarian,1075,default,175,20,20,85.0,0,4,67.72340425531915,35.333333333333336,0,100,60,476,E4,20,20,0.2,0.0
no_coordination,1076,default,329,20,20,156.2,18,4,117.25,46.2,742,54,0,0,E4,20,20,0.2,0.0
claim,1076,default,200,20,20,96.7,2,4,79.41666666666667,43.4,63,131,22,22,E4,20,20,0.2,0.0
mas,1076,default,195,20,20,88.4,0,4,70.66666666666667,32.4,0,136,48,72,E4,20,20,0.2,0.0
mas_iterative,1076,default,194,20,20,87.5,0,4,69.79166666666667,31.8,0,132,46,69,E4,20,20,0.2,0.0
hungarian,1076,default,194,20,20,87.5,0,4,69.79166666666667,31.8,0,132,60,474,E4,20,20,0.2,0.0
no_coordination,1077,default,364,20,20,175.8,18,4,126.2909090909091,54.5,917,59,0,0,E4,20,20,0.2,0.0
claim,1077,default,183,20,20,93.45,3,4,75.81818181818181,45.75,67,99,23,23,E4,20,20,0.2,0.0
mas,1077,default,168,20,20,78.95,0,4,63.72727272727273,41.375,0,114,44,66,E4,20,20,0.2,0.0
mas_iterative,1077,default,167,20,20,78.45,0,4,63.25454545454546,41.0,0,110,46,69,E4,20,20,0.2,0.0
hungarian,1077,default,167,20,20,78.45,0,4,63.25454545454546,41.0,0,110,60,474,E4,20,20,0.2,0.0
no_coordination,1078,default,315,20,20,172.8,18,4,135.1086956521739,49.666666666666664,742,53,0,0,E4,20,20,0.2,0.0
claim,1078,default,189,20,20,97.5,5,4,79.34782608695652,40.666666666666664,149,70,28,28,E4,20,20,0.2,0.0
mas,1078,default,156,20,20,77.1,0,4,61.73913043478261,40.666666666666664,0,96,52,78,E4,20,20,0.2,0.0
mas_iterative,1078,default,155,20,20,75.85,0,4,60.608695652173914,40.333333333333336,0,92,50,75,E4,20,20,0.2,0.0
hungarian,1078,default,153,20,20,75.95,0,4,60.65217391304348,40.333333333333336,0,84,60,478,E4,20,20,0.2,0.0
no_coordination,1079,default,323,20,20,144.6,16,4,106.12,38.5,814,50,0,0,E4,20,20,0.2,0.0
claim,1079,default,164,20,20,92.2,4,4,75.2,38.5,105,40,24,24,E4,20,20,0.2,0.0
mas,1079,default,152,20,20,78.3,0,4,62.86,29.25,0,68,48,72,E4,20,20,0.2,0.0
mas_iterative,1079,default,151,20,20,77.5,0,4,62.14,28.5,0,64,50,75,E4,20,20,0.2,0.0
hungarian,1079,default,153,20,20,77.85,0,4,62.32,28.5,0,70,60,476,E4,20,20,0.2,0.0
no_coordination,1080,default,251,20,20,121.2,16,4,99.17777777777778,37.333333333333336,493,41,0,0,E4,20,20,0.2,0.0
claim,1080,default,184,20,20,91.55,4,4,79.0,38.0,88,86,24,24,E4,20,20,0.2,0.0
mas,1080,default,158,20,20,72.6,0,4,62.48888888888889,38.0,0,95,60,90,E4,20,20,0.2,0.0
mas_iterative,1080,default,156,20,20,71.3,0,4,61.37777777777778,37.666666666666664,0,85,50,75,E4,20,20,0.2,0.0
hungarian,1080,default,156,20,20,71.2,0,4,61.333333333333336,37.666666666666664,0,85,60,476,E4,20,20,0.2,0.0
no_coordination,1081,default,287,20,20,130.35,19,4,97.74468085106383,29.333333333333332,652,54,0,0,E4,20,20,0.2,0.0
claim,1081,default,168,20,20,88.55,2,4,71.72340425531915,29.333333333333332,57,70,22,22,E4,20,20,0.2,0.0
mas,1081,default,152,20,20,76.0,0,4,61.97872340425532,29.333333333333332,0,76,48,72,E4,20,20,0.2,0.0
mas_iterative,1081,default,151,20,20,75.2,0,4,61.297872340425535,29.333333333333332,0,72,46,69,E4,20,20,0.2,0.0
hungarian,1081,default,151,20,20,75.2,0,4,61.297872340425535,29.333333333333332,0,72,60,474,E4,20,20,0.2,0.0
no_coordination,1082,default,236,20,20,110.0,17,4,85.08333333333333,35.25,445,43,0,0,E4,20,20,0.2,0.0
claim,1082,default,184,20,20,90.3,4,4,71.95833333333333,35.25,105,108,24,24,E4,20,20,0.2,0.0
mas,1082,default,170,20,20,80.5,0,4,64.45833333333333,28.25,0,102,48,72,E4,20,20,0.2,0.0
mas_iterative,1082,default,170,20,20,79.95,0,4,63.875,27.5,0,100,50,75,E4,20,20,0.2,0.0
hungarian,1082,default,170,20,20,79.95,0,4,63.875,27.5,0,100,60,476,E4,20,20,0.2,0.0
no_coordination,1083,default,340,20,20,135.55,15,4,101.8,36.75,849,49,0,0,E4,20,20,0.2,0.0
claim,1083,default,175,20,20,90.15,2,4,73.97777777777777,36.75,57,69,22,22,E4,20,20,0.2,0.0
mas,1083,default,164,20,20,77.25,0,4,62.266666666666666,31.0,0,87,48,72,E4,20,20,0.2,0.0
mas_iterative,1083,default,164,20,20,76.35,0,4,61.48888888888889,30.75,0,87,52,78,E4,20,20,0.2,0.0
hungarian,1083,default,164,20,20,76.35,0,4,61.48888888888889,30.75,0,87,62,481,E4,20,20,0.2,0.0
no_coordination,1084,default,256,20,20,139.8,15,4,116.60714285714286,49.0,527,47,0,0,E4,20,20,0.2,0.0
claim,1084,default,194,20,20,104.85,4,4,92.39285714285714,52.333333333333336,113,101,24,24,E4,20,20,0.2,0.0
mas,1084,default,174,20,20,84.0,0,4,73.05357142857143,37.833333333333336,0,108,44,66,E4,20,20,0.2,0.0
mas_iterative,1084,default,174,20,20,83.55,0,4,72.58928571428571,37.5,0,108,46,69,E4,20,20,0.2,0.0
hungarian,1084,default,177,20,20,83.7,0,4,72.69642857142857,37.5,0,120,60,474,E4,20,20,0.2,0.0
no_coordination,1085,default,250,20,20,128.1,14,4,100.98039215686275,41.0,530,41,0,0,E4,20,20,0.2,0.0
claim,1085,default,164,20,20,83.35,2,4,71.43137254901961,41.0,59,92,22,22,E4,20,20,0.2,0.0
mas,1085,default,154,20,20,74.4,0,4,62.745098039215684,35.75,0,91,48,72,E4,20,20,0.2,0.0
mas_iterative,1085,default,153,20,20,73.65,0,4,61.98039215686274,35.5,0,85,50,75,E4,20,20,0.2,0.0
hungarian,1085,default,153,20,20,73.65,0,4,61.98039215686274,35.5,0,85,60,478,E4,20,20,0.2,0.0
no_coordination,1086,default,226,20,20,111.4,17,4,89.6875,39.25,414,43,0,0,E4,20,20,0.2,0.0
claim,1086,default,163,20,20,84.55,2,4,71.72916666666667,39.25,59,90,22,22,E4,20,20,0.2,0.0
mas,1086,default,152,20,20,72.1,0,4,60.125,34.0,0,103,48,72,E4,20,20,0.2,0.0
mas_iterative,1086,default,151,20,20,71.35,0,4,59.479166666666664,33.75,0,99,46,69,E4,20,20,0.2,0.0
hungarian,1086,default,152,20,20,71.0,0,4,59.270833333333336,33.75,0,101,60,474,E4,20,20,0.2,0.0
no_coordination,1087,default,281,20,20,106.0,16,4,85.8048780487805,30.0,692,50,0,0,E4,20,20,0.2,0.0
claim,1087,default,153,20,20,77.35,3,4,66.82926829268293,30.0,85,74,23,23,E4,20,20,0.2,0.0
mas,1087,default,149,20,20,66.35,0,4,57.4390243902439,30.0,0,116,48,72,E4,20,20,0.2,0.0
mas_iterative,1087,default,148,20,20,65.3,0,4,56.46341463414634,30.0,0,110,48,72,E4,20,20,0.2,0.0
hungarian,1087,default,148,20,20,65.3,0,4,56.46341463414634,30.0,0,110,60,476,E4,20,20,0.2,0.0
no_coordination,1088,default,261,20,20,152.8,15,4,118.21739130434783,55.75,644,48,0,0,E4,20,20,0.2,0.0
claim,1088,default,197,20,20,110.35,5,4,91.5,55.0,246,117,30,30,E4,20,20,0.2,0.0
mas,1088,default,147,20,20,68.6,0,4,56.06521739130435,38.25,0,112,46,70,E4,20,20,0.2,0.0
mas_iterative,1088,default,146,20,20,67.0,0,4,54.56521739130435,37.5,0,110,48,73,E4,20,20,0.2,0.0
hungarian,1088,default,143,20,20,67.15,0,4,54.630434782608695,37.5,0,98,60,476,E4,20,20,0.2,0.0
no_coordination,1090,default,246,20,20,115.95,12,4,92.82051282051282,27.0,498,43,0,0,E4,20,20,0.2,0.0
claim,1090,default,201,20,20,96.4,4,4,80.48717948717949,27.0,111,144,24,24,E4,20,20,0.2,0.0
mas,1090,default,166,20,20,74.65,0,4,61.82051282051282,27.0,0,110,44,66,E4,20,20,0.2,0.0
mas_iterative,1090,default,166,20,20,73.4,0,4,60.76923076923077,27.0,0,118,46,69,E4,20,20,0.2,0.0
hungarian,1090,default,165,20,20,73.15,0,4,60.46153846153846,27.0,0,122,60,474,E4,20,20,0.2,0.0
no_coordination,1091,default,334,20,20,144.5,16,4,115.06382978723404,47.0,693,47,0,0,E4,20,20,0.2,0.0
claim,1091,default,189,20,20,104.3,2,4,87.97872340425532,47.0,61,63,22,22,E4,20,20,0.2,0.0
mas,1091,default,180,20,20,93.6,0,4,77.29787234042553,40.0,0,72,44,66,E4,20,20,0.2,0.0
mas_iterative,1091,default,180,20,20,93.1,0,4,76.80851063829788,39.5,0,72,46,69,E4,20,20,0.2,0.0
hungarian,1091,default,180,20,20,93.1,0,4,76.80851063829788,39.5,0,72,60,474,E4,20,20,0.2,0.0
no_coordination,1092,default,221,20,20,117.3,16,4,102.1923076923077,37.666666666666664,477,46,0,0,E4,20,20,0.2,0.0
claim,1092,default,145,20,20,81.75,2,4,73.82692307692308,37.666666666666664,59,58,22,22,E4,20,20,0.2,0.0
mas,1092,default,137,20,20,71.5,0,4,63.63461538461539,28.333333333333332,0,76,51,77,E4,20,20,0.2,0.0
mas_iterative,1092,default,135,20,20,70.3,0,4,62.51923076923077,28.0,0,66,46,69,E4,20,20,0.2,0.0
hungarian,1092,default,135,20,20,70.3,0,4,62.51923076923077,28.0,0,66,60,474,E4,20,20,0.2,0.0
no_coordination,1093,default,335,20,20,145.35,13,4,117.88461538461539,35.666666666666664,791,48,0,0,E4,20,20,0.2,0.0
claim,1093,default,179,20,20,90.1,2,4,77.78846153846153,35.666666666666664,59,93,22,22,E4,20,20,0.2,0.0
mas,1093,default,161,20,20,80.9,0,4,68.11538461538461,29.333333333333332,0,69,46,69,E4,20,20,0.2,0.0
mas_iterative,1093,default,160,20,20,80.55,0,4,67.76923076923077,29.0,0,63,48,72,E4,20,20,0.2,0.0
hungarian,1093,default,160,20,20,80.55,0,4,67.76923076923077,29.0,0,63,60,476,E4,20,20,0.2,0.0
no_coordination,1094,default,295,20,20,154.8,15,4,134.81132075471697,54.0,624,48,0,0,E4,20,20,0.2,0.0
claim,1094,default,225,20,20,121.6,4,4,108.26415094339623,54.0,225,86,28,28,E4,20,20,0.2,0.0
mas,1094,default,175,20,20,84.7,0,4,73.84905660377359,31.666666666666668,0,86,48,73,E4,20,20,0.2,0.0
mas_iterative,1094,default,173,20,20,83.6,0,4,72.77358490566037,31.0,0,78,48,73,E4,20,20,0.2,0.0
hungarian,1094,default,173,20,20,83.6,0,4,72.77358490566037,31.0,0,78,60,474,E4,20,20,0.2,0.0
no_coordination,1095,default,234,20,20,117.1,18,4,99.17543859649123,44.5,395,44,0,0,E4,20,20,0.2,0.0
claim,1095,default,213,20,20,100.05,6,4,85.50877192982456,42.333333333333336,183,143,26,26,E4,20,20,0.2,0.0
mas,1095,default,167,20,20,75.75,0,4,65.56140350877193,38.333333333333336,0,136,48,72,E4,20,20,0.2,0.0
mas_iterative,1095,default,166,20,20,74.4,0,4,64.29824561403508,37.333333333333336,0,130,50,75,E4,20,20,0.2,0.0
hungarian,1095,default,168,20,20,75.1,0,4,64.89473684210526,37.833333333333336,0,138,60,476,E4,20,20,0.2,0.0
no_coordination,1096,default,414,20,20,215.7,15,4,159.47916666666666,47.8,1080,60,0,0,E4,20,20,0.2,0.0
claim,1096,default,207,20,20,112.25,4,4,89.47916666666667,45.2,101,85,24,24,E4,20,20,0.2,0.0
mas,1096,default,189,20,20,92.9,0,4,72.83333333333333,40.4,0,102,52,78,E4,20,20,0.2,0.0
mas_iterative,1096,default,188,20,20,91.8,0,4,71.8125,39.8,0,96,48,72,E4,20,20,0.2,0.0
hungarian,1096,default,193,20,20,93.7,0,4,72.75,33.8,0,108,60,474,E4,20,20,0.2,0.0
no_coordination,1097,default,370,20,20,167.7,18,4,120.86363636363636,38.0,924,64,0,0,E4,20,20,0.2,0.0
claim,1097,default,184,20,20,92.75,3,4,73.61363636363636,38.0,124,42,25,25,E4,20,20,0.2,0.0
mas,1097,default,172,20,20,81.6,0,4,63.36363636363637,32.5,0,102,48,72,E4,20,20,0.2,0.0
mas_iterative,1097,default,172,20,20,80.7,0,4,62.61363636363637,32.25,0,102,52,78,E4,20,20,0.2,0.0
hungarian,1097,default,172,20,20,80.7,0,4,62.61363636363637,32.25,0,106,60,478,E4,20,20,0.2,0.0
no_coordination,1098,default,300,20,20,139.8,13,4,107.29411764705883,46.0,657,45,0,0,E4,20,20,0.2,0.0
claim,1098,default,198,20,20,101.1,3,4,82.49019607843137,44.166666666666664,99,95,23,23,E4,20,20,0.2,0.0
mas,1098,default,179,20,20,88.35,0,4,71.19607843137256,36.833333333333336,0,76,46,69,E4,20,20,0.2,0.0
mas_iterative,1098,default,175,20,20,87.8,0,4,70.74509803921569,36.333333333333336,0,62,48,72,E4,20,20,0.2,0.0
hungarian,1098,default,175,20,20,87.8,0,4,70.74509803921569,36.333333333333336,0,62,60,476,E4,20,20,0.2,0.0
no_coordination,1099,default,329,20,20,163.35,17,4,126.36170212765957,44.0,824,54,0,0,E4,20,20,0.2,0.0
claim,1099,default,188,20,20,102.5,5,4,84.36170212765957,39.666666666666664,143,91,26,26,E4,20,20,0.2,0.0
mas,1099,default,159,20,20,78.45,0,4,64.36170212765957,33.333333333333336,0,94,44,66,E4,20,20,0.2,0.0
mas_iterative,1099,default,158,20,20,77.95,0,4,63.87234042553192,33.0,0,90,44,66,E4,20,20,0.2,0.0
hungarian,1099,default,157,20,20,77.1,0,4,63.59574468085106,33.0,0,88,60,472,E4,20,20,0.2,0.0
no_coordination,1101,default,360,20,20,185.0,18,4,138.69387755102042,58.0,850,51,0,0,E4,20,20,0.2,0.0
claim,1101,default,226,20,20,117.8,6,4,91.77551020408163,49.8,177,118,27,27,E4,20,20,0.2,0.0
mas,1101,default,183,20,20,90.3,0,4,69.81632653061224,36.2,0,80,46,69,E4,20,20,0.2,0.0
mas_iterative,1101,default,182,20,20,89.55,0,4,69.08163265306122,35.4,0,76,50,75,E4,20,20,0.2,0.0
hungarian,1101,default,190,20,20,89.2,0,4,69.10204081632654,35.4,0,108,60,474,E4,20,20,0.2,0.0
no_coordination,1102,default,303,20,20,147.95,15,4,124.71186440677967,70.83333333333333,708,49,0,0,E4,20,20,0.2,0.0
claim,1102,default,161,20,20,89.7,3,4,79.69491525423729,55.0,77,77,23,23,E4,20,20,0.2,0.0
mas,1102,default,168,20,20,76.85,0,4,67.37288135593221,40.333333333333336,0,140,46,69,E4,20,20,0.2,0.0
mas_iterative,1102,default,167,20,20,76.05,0,4,66.72881355932203,39.666666666666664,0,136,46,69,E4,20,20,0.2,0.0
hungarian,1102,default,142,20,20,73.85,0,4,64.59322033898304,39.666666666666664,0,70,60,476,E4,20,20,0.2,0.0
no_coordination,1103,default,277,20,20,140.4,15,4,119.05555555555556,42.75,615,49,0,0,E4,20,20,0.2,0.0
claim,1103,default,180,20,20,90.95,2,4,79.57407407407408,40.5,65,111,22,22,E4,20,20,0.2,0.0
mas,1103,default,165,20,20,78.45,0,4,67.27777777777777,34.0,0,114,44,66,E4,20,20,0.2,0.0
mas_iterative,1103,default,164,20,20,77.9,0,4,66.75925925925925,33.75,0,110,46,69,E4,20,20,0.2,0.0
hungarian,1103,default,161,20,20,77.75,0,4,66.70370370370371,33.75,0,98,60,474,E4,20,20,0.2,0.0
no_coordination,1104,default,338,20,20,145.25,16,4,110.3913043478261,34.5,801,56,0,0,E4,20,20,0.2,0.0
claim,1104,default,203,20,20,93.1,5,4,75.3913043478261,34.5,161,102,25,25,E4,20,20,0.2,0.0
mas,1104,default,172,20,20,79.55,0,4,64.6086956521739,30.0,0,118,50,75,E4,20,20,0.2,0.0
mas_iterative,1104,default,172,20,20,78.1,0,4,63.45652173913044,29.75,0,120,48,72,E4,20,20,0.2,0.0
hungarian,1104,default,172,20,20,78.1,0,4,63.45652173913044,29.75,0,120,60,476,E4,20,20,0.2,0.0
no_coordination,1106,default,347,20,20,150.3,14,4,121.15094339622641,56.6,873,53,0,0,E4,20,20,0.2,0.0
claim,1106,default,262,20,20,137.15,8,4,115.47169811320755,57.6,408,95,37,37,E4,20,20,0.2,0.0
mas,1106,default,155,20,20,79.25,0,4,66.37735849056604,37.4,0,50,46,70,E4,20,20,0.2,0.0
mas_iterative,1106,default,154,20,20,78.7,0,4,65.86792452830188,37.0,0,44,46,70,E4,20,20,0.2,0.0
hungarian,1106,default,154,20,20,78.7,0,4,65.86792452830188,37.0,0,44,60,472,E4,20,20,0.2,0.0
no_coordination,1107,default,252,20,20,129.45,17,4,107.42857142857143,47.0,575,49,0,0,E4,20,20,0.2,0.0
claim,1107,default,146,20,20,75.45,2,4,67.20408163265306,47.0,57,75,22,22,E4,20,20,0.2,0.0
mas,1107,default,137,20,20,65.85,0,4,58.06122448979592,35.5,0,88,50,75,E4,20,20,0.2,0.0
mas_iterative,1107,default,135,20,20,64.4,0,4,56.775510204081634,35.0,0,82,48,72,E4,20,20,0.2,0.0
hungarian,1107,default,127,20,20,64.25,0,4,55.93877551020408,38.5,0,40,60,474,E4,20,20,0.2,0.0
no_coordination,1108,default,282,20,20,135.3,17,4,107.42592592592592,36.8,604,46,0,0,E4,20,20,0.2,0.0
claim,1108,default,186,20,20,94.05,3,4,80.29629629629629,38.2,81,97,23,23,E4,20,20,0.2,0.0
mas,1108,default,160,20,20,74.7,0,4,62.925925925925924,38.2,0,110,46,69,E4,20,20,0.2,0.0
mas_iterative,1108,default,160,20,20,74.15,0,4,62.407407407407405,38.0,0,110,48,72,E4,20,20,0.2,0.0
hungarian,1108,default,155,20,20,73.3,0,4,62.407407407407405,38.0,0,90,60,474,E4,20,20,0.2,0.0
no_coordination,1109,default,282,20,20,144.5,16,4,111.53488372093024,33.5,658,50,0,0,E4,20,20,0.2,0.0
claim,1109,default,174,20,20,82.25,3,4,67.23255813953489,33.5,69,115,23,23,E4,20,20,0.2,0.0
mas,1109,default,166,20,20,74.05,0,4,60.51162790697674,28.0,0,123,50,75,E4,20,20,0.2,0.0
mas_iterative,1109,default,165,20,20,73.0,0,4,59.55813953488372,27.5,0,119,50,75,E4,20,20,0.2,0.0
hungarian,1109,default,171,20,20,75.05,0,4,60.13953488372093,28.0,0,133,60,478,E4,20,20,0.2,0.0
no_coordination,1110,default,333,20,20,143.4,16,4,120.04918032786885,53.714285714285715,837,55,0,0,E4,20,20,0.2,0.0
claim,1110,default,196,20,20,103.4,6,4,90.32786885245902,51.285714285714285,157,86,26,26,E4,20,20,0.2,0.0
mas,1110,default,168,20,20,78.6,0,4,68.19672131147541,37.714285714285715,0,106,44,66,E4,20,20,0.2,0.0
mas_iterative,1110,default,168,20,20,78.15,0,4,67.73770491803279,37.142857142857146,0,106,46,69,E4,20,20,0.2,0.0
hungarian,1110,default,168,20,20,78.15,0,4,67.73770491803279,37.142857142857146,0,106,60,474,E4,20,20,0.2,0.0
no_coordination,1111,default,334,20,20,146.85,16,4,113.86,50.0,849,55,0,0,E4,20,20,0.2,0.0
claim,1111,default,194,20,20,94.25,6,4,76.52,43.8,207,74,29,29,E4,20,20,0.2,0.0
mas,1111,default,161,20,20,77.5,0,4,62.9,39.8,0,86,44,66,E4,20,20,0.2,0.0
mas_iterative,1111,default,160,20,20,77.05,0,4,62.42,39.4,0,82,44,66,E4,20,20,0.2,0.0
hungarian,1111,default,161,20,20,74.3,0,4,61.26,39.6,0,118,60,472,E4,20,20,0.2,0.0
no_coordination,1112,default,302,20,20,168.55,15,4,139.88888888888889,41.0,718,50,0,0,E4,20,20,0.2,0.0
claim,1112,default,309,20,20,180.4,10,4,151.11111111111111,41.0,644,87,46,46,E4,20,20,0.2,0.0
mas,1112,default,150,20,20,77.0,0,4,64.57777777777778,37.5,0,72,46,70,E4,20,20,0.2,0.0
mas_iterative,1112,default,144,20,20,75.9,0,4,63.31111111111111,37.0,0,48,46,70,E4,20,20,0.2,0.0
hungarian,1112,default,152,20,20,80.8,0,4,67.0,28.5,0,52,60,472,E4,20,20,0.2,0.0
no_coordination,1113,default,276,20,20,126.55,18,4,98.15094339622641,47.2,516,50,0,0,E4,20,20,0.2,0.0
claim,1113,default,212,20,20,109.3,7,4,86.0754716981132,43.8,257,79,30,30,E4,20,20,0.2,0.0
mas,1113,default,163,20,20,75.5,0,4,61.62264150943396,43.4,0,117,50,75,E4,20,20,0.2,0.0
mas_iterative,1113,default,162,20,20,74.7,0,4,60.81132075471698,42.4,0,109,48,72,E4,20,20,0.2,0.0
hungarian,1113,default,172,20,20,78.0,0,4,62.45283018867924,37.0,0,123,60,470,E4,20,20,0.2,0.0
no_coordination,1114,default,305,20,20,135.2,15,4,103.5,56.166666666666664,675,45,0,0,E4,20,20,0.2,0.0
claim,1114,default,196,20,20,103.55,4,4,83.09615384615384,55.833333333333336,117,72,24,24,E4,20,20,0.2,0.0
mas,1114,default,181,20,20,85.0,0,4,65.92307692307692,40.666666666666664,0,104,46,69,E4,20,20,0.2,0.0
mas_iterative,1114,default,180,20,20,84.3,0,4,65.28846153846153,40.166666666666664,0,100,46,69,E4,20,20,0.2,0.0
hungarian,1114,default,180,20,20,84.3,0,4,65.28846153846153,40.166666666666664,0,100,60,474,E4,20,20,0.2,0.0
no_coordination,1115,default,256,20,20,124.85,16,4,96.1875,51.6,586,50,0,0,E4,20,20,0.2,0.0
claim,1115,default,191,20,20,99.55,3,4,81.95833333333333,51.6,167,135,26,26,E4,20,20,0.2,0.0
mas,1115,default,149,20,20,66.3,0,4,52.666666666666664,35.2,0,120,50,76,E4,20,20,0.2,0.0
mas_iterative,1115,default,147,20,20,65.1,0,4,51.520833333333336,34.4,0,112,50,76,E4,20,20,0.2,0.0
hungarian,1115,default,146,20,20,65.15,0,4,51.541666666666664,34.4,0,108,60,478,E4,20,20,0.2,0.0
no_coordination,1116,default,262,20,20,106.55,14,4,81.5952380952381,27.5,598,49,0,0,E4,20,20,0.2,0.0
claim,1116,default,144,20,20,75.5,2,4,62.76190476190476,27.5,57,91,22,22,E4,20,20,0.2,0.0
mas,1116,default,137,20,20,66.9,0,4,55.38095238095238,27.5,0,102,48,72,E4,20,20,0.2,0.0
mas_iterative,1116,default,137,20,20,66.15,0,4,54.666666666666664,27.5,0,100,48,72,E4,20,20,0.2,0.0
hungarian,1116,default,137,20,20,66.15,0,4,54.666666666666664,27.5,0,100,60,476,E4,20,20,0.2,0.0
no_coordination,1117,default,279,20,20,109.9,16,4,86.32075471698113,38.2,643,48,0,0,E4,20,20,0.2,0.0
claim,1117,default,177,20,20,81.85,4,4,67.66037735849056,37.6,137,95,25,25,E4,20,20,0.2,0.0
mas,1117,default,149,20,20,67.65,0,4,56.490566037735846,32.4,0,108,46,69,E4,20,20,0.2,0.0
mas_iterative,1117,default,148,20,20,66.65,0,4,55.75471698113208,32.2,0,104,50,75,E4,20,20,0.2,0.0
hungarian,1117,default,148,20,20,66.65,0,4,55.75471698113208,32.2,0,104,60,476,E4,20,20,0.2,0.0
no_coordination,1118,default,341,20,20,147.65,18,4,121.9245283018868,56.5,776,49,0,0,E4,20,20,0.2,0.0
claim,1118,default,236,20,20,118.35,6,4,100.9245283018868,50.25,199,84,28,28,E4,20,20,0.2,0.0
mas,1118,default,176,20,20,86.75,0,4,74.52830188679245,47.25,0,98,46,69,E4,20,20,0.2,0.0
mas_iterative,1118,default,176,20,20,86.35,0,4,74.13207547169812,47.0,0,96,49,74,E4,20,20,0.2,0.0
hungarian,1118,default,176,20,20,86.35,0,4,74.13207547169812,47.0,0,96,60,478,E4,20,20,0.2,0.0
no_coordination,1119,default,282,20,20,140.35,18,4,117.73469387755102,39.0,646,51,0,0,E4,20,20,0.2,0.0
claim,1119,default,168,20,20,89.35,3,4,78.42857142857143,39.0,81,82,23,23,E4,20,20,0.2,0.0
mas,1119,default,151,20,20,74.4,0,4,63.97959183673469,27.5,0,82,48,72,E4,20,20,0.2,0.0
mas_iterative,1119,default,149,20,20,73.5,0,4,63.12244897959184,27.0,0,74,50,75,E4,20,20,0.2,0.0
hungarian,1119,default,149,20,20,73.5,0,4,63.12244897959184,27.0,0,74,60,478,E4,20,20,0.2,0.0
no_coordination,1120,default,236,20,20,125.75,16,4,104.25,51.5,439,43,0,0,E4,20,20,0.2,0.0
claim,1120,default,170,20,20,86.5,2,4,75.77272727272727,51.5,57,111,22,22,E4,20,20,0.2,0.0
mas,1120,default,158,20,20,76.5,0,4,65.77272727272727,38.5,0,102,46,69,E4,20,20,0.2,0.0
mas_iterative,1120,default,158,20,20,75.9,0,4,65.1590909090909,38.0,0,102,48,72,E4,20,20,0.2,0.0
hungarian,1120,default,158,20,20,75.9,0,4,65.1590909090909,38.0,0,102,60,474,E4,20,20,0.2,0.0
no_coordination,1121,default,306,20,20,153.75,18,4,117.82608695652173,43.5,675,49,0,0,E4,20,20,0.2,0.0
claim,1121,default,214,20,20,104.4,2,4,84.65217391304348,43.5,65,115,22,22,E4,20,20,0.2,0.0
mas,1121,default,195,20,20,87.55,0,4,69.78260869565217,37.0,0,125,48,72,E4,20,20,0.2,0.0
mas_iterative,1121,default,189,20,20,86.55,0,4,68.8695652173913,36.5,0,103,46,69,E4,20,20,0.2,0.0
hungarian,1121,default,189,20,20,86.05,0,4,68.3913043478261,36.0,0,105,60,474,E4,20,20,0.2,0.0
no_coordination,1123,default,207,20,20,100.5,14,4,79.20833333333333,38.8,371,41,0,0,E4,20,20,0.2,0.0
claim,1123,default,160,20,20,85.15,3,4,72.0,39.8,79,70,23,23,E4,20,20,0.2,0.0
mas,1123,default,146,20,20,74.05,0,4,61.708333333333336,32.2,0,64,46,69,E4,20,20,0.2,0.0
mas_iterative,1123,default,145,20,20,71.85,0,4,60.041666666666664,31.8,0,66,48,72,E4,20,20,0.2,0.0
hungarian,1123,default,145,20,20,71.75,0,4,59.979166666666664,31.8,0,68,60,476,E4,20,20,0.2,0.0
no_coordination,1124,default,214,20,20,105.8,15,4,90.62962962962963,34.0,421,42,0,0,E4,20,20,0.2,0.0
claim,1124,default,155,20,20,83.25,2,4,72.74074074074075,34.0,57,50,22,22,E4,20,20,0.2,0.0
mas,1124,default,157,20,20,74.15,0,4,64.72222222222223,28.333333333333332,0,115,50,75,E4,20,20,0.2,0.0
mas_iterative,1124,default,156,20,20,72.15,0,4,62.81481481481482,28.0,0,119,48,72,E4,20,20,0.2,0.0
hungarian,1124,default,157,20,20,71.7,0,4,62.574074074074076,28.0,0,123,60,478,E4,20,20,0.2,0.0
no_coordination,1125,default,373,20,20,180.25,17,4,137.38297872340425,36.0,932,59,0,0,E4,20,20,0.2,0.0
claim,1125,default,224,20,20,110.05,8,4,87.95744680851064,36.0,297,40,32,32,E4,20,20,0.2,0.0
mas,1125,default,180,20,20,81.0,0,4,64.29787234042553,28.0,0,120,48,72,E4,20,20,0.2,0.0
mas_iterative,1125,default,179,20,20,80.25,0,4,63.5531914893617,27.666666666666668,0,116,48,72,E4,20,20,0.2,0.0
hungarian,1125,default,179,20,20,80.25,0,4,63.5531914893617,27.666666666666668,0,116,60,476,E4,20,20,0.2,0.0
no_coordination,1126,default,256,20,20,114.25,16,4,87.66,50.5,545,52,0,0,E4,20,20,0.2,0.0
claim,1126,default,141,20,20,70.95,2,4,59.38,44.75,57,94,22,22,E4,20,20,0.2,0.0
mas,1126,default,127,20,20,62.25,0,4,51.28,38.25,0,82,46,69,E4,20,20,0.2,0.0
mas_iterative,1126,default,126,20,20,61.55,0,4,50.6,37.5,0,78,50,75,E4,20,20,0.2,0.0
hungarian,1126,default,122,20,20,61.0,0,4,50.6,37.5,0,62,60,478,E4,20,20,0.2,0.0
no_coordination,1127,default,245,20,20,105.35,12,4,92.42857142857143,28.333333333333332,516,41,0,0,E4,20,20,0.2,0.0
claim,1127,default,159,20,20,81.75,2,4,73.57142857142857,28.333333333333332,57,83,22,22,E4,20,20,0.2,0.0
mas,1127,default,146,20,20,70.75,0,4,63.30612244897959,28.333333333333332,0,85,50,75,E4,20,20,0.2,0.0
mas_iterative,1127,default,143,20,20,69.6,0,4,62.30612244897959,28.333333333333332,0,73,48,72,E4,20,20,0.2,0.0
hungarian,1127,default,143,20,20,69.6,0,4,62.30612244897959,28.333333333333332,0,73,60,476,E4,20,20,0.2,0.0
no_coordination,1128,default,275,20,20,131.55,13,4,102.28260869565217,36.666666666666664,583,42,0,0,E4,20,20,0.2,0.0
claim,1128,default,171,20,20,89.55,2,4,74.8913043478261,36.666666666666664,61,99,22,22,E4,20,20,0.2,0.0
mas,1128,default,156,20,20,79.1,0,4,64.8695652173913,36.666666666666664,0,95,44,66,E4,20,20,0.2,0.0
mas_iterative,1128,default,156,20,20,78.95,0,4,64.71739130434783,36.666666666666664,0,93,46,69,E4,20,20,0.2,0.0
hungarian,1128,default,165,20,20,82.95,0,4,67.93478260869566,30.0,0,99,60,476,E4,20,20,0.2,0.0
no_coordination,1129,default,278,20,20,120.3,13,4,102.6938775510204,27.0,592,43,0,0,E4,20,20,0.2,0.0
claim,1129,default,184,20,20,94.8,2,4,84.10204081632654,27.0,58,96,22,22,E4,20,20,0.2,0.0
mas,1129,default,155,20,20,80.45,0,4,70.73469387755102,27.0,0,62,46,69,E4,20,20,0.2,0.0
mas_iterative,1129,default,154,20,20,80.05,0,4,70.36734693877551,27.0,0,56,44,66,E4,20,20,0.2,0.0
hungarian,1129,default,154,20,20,80.15,0,4,70.44897959183673,27.0,0,54,60,472,E4,20,20,0.2,0.0
no_coordination,1130,default,319,20,20,134.1,16,4,107.85714285714286,48.0,777,58,0,0,E4,20,20,0.2,0.0
claim,1130,default,183,20,20,95.8,4,4,81.98214285714286,47.0,95,93,24,24,E4,20,20,0.2,0.0
mas,1130,default,160,20,20,77.75,0,4,65.92857142857143,42.0,0,86,48,72,E4,20,20,0.2,0.0
mas_iterative,1130,default,166,20,20,77.4,0,4,65.35714285714286,41.2,0,110,48,72,E4,20,20,0.2,0.0
hungarian,1130,default,166,20,20,77.4,0,4,65.35714285714286,41.2,0,110,60,476,E4,20,20,0.2,0.0
no_coordination,1131,default,279,20,20,136.05,17,4,111.96610169491525,66.625,648,49,0,0,E4,20,20,0.2,0.0
claim,1131,default,170,20,20,90.15,2,4,79.05084745762711,57.0,57,90,22,22,E4,20,20,0.2,0.0
mas,1131,default,160,20,20,78.5,0,4,67.42372881355932,46.5,0,104,48,72,E4,20,20,0.2,0.0
mas_iterative,1131,default,159,20,20,77.65,0,4,66.59322033898304,45.75,0,100,52,78,E4,20,20,0.2,0.0
hungarian,1131,default,157,20,20,77.5,0,4,66.33898305084746,45.75,0,96,60,480,E4,20,20,0.2,0.0
no_coordination,1132,default,251,20,20,122.15,15,4,101.43396226415095,38.666666666666664,515,43,0,0,E4,20,20,0.2,0.0
claim,1132,default,188,20,20,101.0,5,4,87.49056603773585,38.666666666666664,110,101,25,25,E4,20,20,0.2,0.0
mas,1132,default,160,20,20,78.45,0,4,68.28301886792453,36.333333333333336,0,99,52,79,E4,20,20,0.2,0.0
mas_iterative,1132,default,157,20,20,77.25,0,4,67.09433962264151,35.666666666666664,0,85,49,74,E4,20,20,0.2,0.0
hungarian,1132,default,157,20,20,77.25,0,4,67.09433962264151,35.666666666666664,0,85,60,478,E4,20,20,0.2,0.0
no_coordination,1133,default,322,20,20,142.1,17,4,115.77358490566037,38.75,809,56,0,0,E4,20,20,0.2,0.0
claim,1133,default,180,20,20,89.1,3,4,77.0,36.0,75,105,23,23,E4,20,20,0.2,0.0
mas,1133,default,155,20,20,73.95,0,4,63.43396226415094,35.5,0,78,44,66,E4,20,20,0.2,0.0
mas_iterative,1133,default,154,20,20,73.45,0,4,62.943396226415096,35.25,0,74,48,72,E4,20,20,0.2,0.0
hungarian,1133,default,154,20,20,73.3,0,4,63.0,35.25,0,72,60,474,E4,20,20,0.2,0.0
no_coordination,1134,default,251,20,20,116.0,15,4,97.95918367346938,29.5,535,46,0,0,E4,20,20,0.2,0.0
claim,1134,default,178,20,20,87.5,4,4,75.46938775510205,29.5,99,103,24,24,E4,20,20,0.2,0.0
mas,1134,default,153,20,20,71.95,0,4,62.63265306122449,29.5,0,102,48,72,E4,20,20,0.2,0.0
mas_iterative,1134,default,153,20,20,71.85,0,4,62.48979591836735,29.5,0,98,50,75,E4,20,20,0.2,0.0
hungarian,1134,default,153,20,20,71.85,0,4,62.48979591836735,29.5,0,98,60,476,E4,20,20,0.2,0.0
no_coordination,1135,default,309,20,20,131.1,16,4,102.83333333333333,46.8,734,55,0,0,E4,20,20,0.2,0.0
claim,1135,default,164,20,20,87.25,2,4,74.39583333333333,43.6,59,33,22,22,E4,20,20,0.2,0.0
mas,1135,default,154,20,20,77.2,0,4,64.85416666666667,34.0,0,38,50,75,E4,20,20,0.2,0.0
mas_iterative,1135,default,152,20,20,75.9,0,4,63.666666666666664,33.4,0,32,46,69,E4,20,20,0.2,0.0
hungarian,1135,default,153,20,20,76.7,0,4,63.9375,33.4,0,34,60,472,E4,20,20,0.2,0.0
no_coordination,1136,default,311,20,20,149.7,16,4,121.11764705882354,61.6,707,46,0,0,E4,20,20,0.2,0.0
claim,1136,default,215,20,20,122.3,6,4,104.98039215686275,63.8,178,107,26,26,E4,20,20,0.2,0.0
mas,1136,default,180,20,20,90.15,0,4,75.52941176470588,41.2,0,101,48,72,E4,20,20,0.2,0.0
mas_iterative,1136,default,176,20,20,89.25,0,4,74.70588235294117,40.4,0,83,48,72,E4,20,20,0.2,0.0
hungarian,1136,default,166,20,20,87.75,0,4,73.11764705882354,39.0,0,47,60,474,E4,20,20,0.2,0.0
no_coordination,1137,default,278,20,20,132.55,18,4,99.95744680851064,38.75,581,49,0,0,E4,20,20,0.2,0.0
claim,1137,default,199,20,20,96.4,4,4,77.97872340425532,38.75,93,138,24,24,E4,20,20,0.2,0.0
mas,1137,default,181,20,20,85.4,0,4,67.42553191489361,30.25,0,122,46,69,E4,20,20,0.2,0.0
mas_iterative,1137,default,180,20,20,84.65,0,4,66.70212765957447,29.5,0,118,46,69,E4,20,20,0.2,0.0
hungarian,1137,default,182,20,20,84.95,0,4,66.82978723404256,29.5,0,124,60,472,E4,20,20,0.2,0.0
no_coordination,1138,default,234,20,20,123.85,15,4,106.38888888888889,39.25,495,46,0,0,E4,20,20,0.2,0.0
claim,1138,default,176,20,20,85.05,3,4,74.62962962962963,37.0,101,104,23,23,E4,20,20,0.2,0.0
mas,1138,default,157,20,20,71.55,0,4,62.68518518518518,31.0,0,124,44,66,E4,20,20,0.2,0.0
mas_iterative,1138,default,156,20,20,71.0,0,4,62.166666666666664,30.75,0,120,44,66,E4,20,20,0.2,0.0
hungarian,1138,default,156,20,20,71.0,0,4,62.166666666666664,30.75,0,120,60,472,E4,20,20,0.2,0.0
no_coordination,1139,default,296,20,20,154.95,14,4,128.9814814814815,56.5,610,142,0,0,E4,20,20,0.2,0.0
claim,1139,default,201,20,20,106.5,4,4,93.87037037037037,54.0,108,231,24,24,E4,20,20,0.2,0.0
mas,1139,default,156,20,20,76.15,0,4,66.92592592592592,39.0,0,119,51,77,E4,20,20,0.2,0.0
mas_iterative,1139,default,153,20,20,76.45,0,4,66.27777777777777,38.0,0,104,46,69,E4,20,20,0.2,0.0
hungarian,1139,default,153,20,20,76.45,0,4,66.27777777777777,38.0,0,104,60,474,E4,20,20,0.2,0.0
no_coordination,1140,default,310,20,20,150.5,18,4,118.39583333333333,36.25,707,56,0,0,E4,20,20,0.2,0.0
claim,1140,default,203,20,20,95.35,6,4,76.9375,36.25,185,94,27,27,E4,20,20,0.2,0.0
mas,1140,default,153,20,20,75.65,0,4,61.75,31.5,0,62,52,78,E4,20,20,0.2,0.0
mas_iterative,1140,default,151,20,20,74.25,0,4,60.604166666666664,31.25,0,58,48,72,E4,20,20,0.2,0.0
hungarian,1140,default,151,20,20,74.25,0,4,60.604166666666664,31.25,0,58,60,476,E4,20,20,0.2,0.0
no_coordination,1141,default,314,20,20,138.2,15,4,108.54545454545455,64.125,742,49,0,0,E4,20,20,0.2,0.0
claim,1141,default,180,20,20,96.0,4,4,80.2,53.375,109,61,24,24,E4,20,20,0.2,0.0
mas,1141,default,163,20,20,84.75,0,4,69.47272727272727,41.75,0,85,52,78,E4,20,20,0.2,0.0
mas_iterative,1141,default,158,20,20,80.15,0,4,66.87272727272727,42.75,0,50,48,72,E4,20,20,0.2,0.0
hungarian,1141,default,158,20,20,80.15,0,4,66.87272727272727,42.75,0,50,60,476,E4,20,20,0.2,0.0
no_coordination,1142,default,329,20,20,145.65,17,4,118.04,41.25,761,50,0,0,E4,20,20,0.2,0.0
claim,1142,default,187,20,20,94.75,2,4,81.42,41.25,57,110,22,22,E4,20,20,0.2,0.0
mas,1142,default,159,20,20,83.15,0,4,70.02,34.25,0,52,48,72,E4,20,20,0.2,0.0
mas_iterative,1142,default,160,20,20,83.0,0,4,69.88,34.0,0,54,48,72,E4,20,20,0.2,0.0
hungarian,1142,default,160,20,20,83.25,0,4,70.1,34.0,0,52,60,474,E4,20,20,0.2,0.0
no_coordination,1143,default,304,20,20,133.95,18,4,98.69767441860465,52.333333333333336,695,51,0,0,E4,20,20,0.2,0.0
claim,1143,default,182,20,20,91.65,2,4,70.83720930232558,43.333333333333336,57,79,22,22,E4,20,20,0.2,0.0
mas,1143,default,176,20,20,81.25,0,4,61.69767441860465,42.666666666666664,0,104,48,72,E4,20,20,0.2,0.0
mas_iterative,1143,default,176,20,20,80.65,0,4,61.02325581395349,42.0,0,102,48,72,E4,20,20,0.2,0.0
hungarian,1143,default,176,20,20,80.65,0,4,61.02325581395349,42.0,0,102,60,476,E4,20,20,0.2,0.0
no_coordination,1144,default,365,20,20,168.55,18,4,127.54901960784314,57.5,950,57,0,0,E4,20,20,0.2,0.0
claim,1144,default,210,20,20,121.3,4,4,99.68627450980392,56.666666666666664,209,106,28,28,E4,20,20,0.2,0.0
mas,1144,default,155,20,20,80.15,0,4,63.745098039215684,38.666666666666664,0,76,50,76,E4,20,20,0.2,0.0
mas_iterative,1144,default,154,20,20,78.8,0,4,62.431372549019606,37.5,0,72,48,73,E4,20,20,0.2,0.0
hungarian,1144,default,154,20,20,78.8,0,4,62.431372549019606,37.5,0,72,60,474,E4,20,20,0.2,0.0
no_coordination,1145,default,266,20,20,125.2,15,4,96.66071428571429,54.5,549,49,0,0,E4,20,20,0.2,0.0
claim,1145,default,167,20,20,85.5,2,4,70.46428571428571,48.375,57,90,22,22,E4,20,20,0.2,0.0
mas,1145,default,162,20,20,76.75,0,4,61.910714285714285,39.5,0,110,48,72,E4,20,20,0.2,0.0
mas_iterative,1145,default,162,20,20,76.25,0,4,61.44642857142857,39.0,0,108,50,75,E4,20,20,0.2,0.0
hungarian,1145,default,162,20,20,76.25,0,4,61.44642857142857,39.0,0,108,60,478,E4,20,20,0.2,0.0
no_coordination,1146,default,297,20,20,138.7,16,4,118.18181818181819,50.5,615,48,0,0,E4,20,20,0.2,0.0
claim,1146,default,177,20,20,92.55,3,4,82.78181818181818,46.75,97,73,23,23,E4,20,20,0.2,0.0
mas,1146,default,156,20,20,81.8,0,4,72.25454545454545,35.25,0,68,48,72,E4,20,20,0.2,0.0
mas_iterative,1146,default,156,20,20,80.9,0,4,71.36363636363636,34.5,0,68,48,72,E4,20,20,0.2,0.0
hungarian,1146,default,156,20,20,80.9,0,4,71.36363636363636,34.5,0,68,60,476,E4,20,20,0.2,0.0
no_coordination,1147,default,291,20,20,122.6,16,4,96.25531914893617,42.0,649,51,0,0,E4,20,20,0.2,0.0
claim,1147,default,180,20,20,95.05,2,4,78.72340425531915,42.0,63,80,22,22,E4,20,20,0.2,0.0
mas,1147,default,160,20,20,81.3,0,4,67.1063829787234,32.0,0,66,44,66,E4,20,20,0.2,0.0
mas_iterative,1147,default,159,20,20,80.75,0,4,66.61702127659575,31.666666666666668,0,62,48,72,E4,20,20,0.2,0.0
hungarian,1147,default,169,20,20,81.55,0,4,65.53191489361703,29.333333333333332,0,84,60,474,E4,20,20,0.2,0.0
no_coordination,1149,default,226,20,20,109.25,17,4,89.51923076923077,42.666666666666664,436,43,0,0,E4,20,20,0.2,0.0
claim,1149,default,165,20,20,85.25,4,4,74.73076923076923,41.0,97,112,24,24,E4,20,20,0.2,0.0
mas,1149,default,133,20,20,66.2,0,4,57.88461538461539,39.333333333333336,0,78,44,66,E4,20,20,0.2,0.0
mas_iterative,1149,default,133,20,20,65.7,0,4,57.36538461538461,39.0,0,78,44,66,E4,20,20,0.2,0.0
hungarian,1149,default,133,20,20,65.8,0,4,57.36538461538461,39.0,0,76,60,472,E4,20,20,0.2,0.0
no_coordination,1150,default,226,20,20,115.2,14,4,88.4375,39.6,437,40,0,0,E4,20,20,0.2,0.0
claim,1150,default,177,20,20,92.3,5,4,75.72916666666667,39.6,108,114,25,25,E4,20,20,0.2,0.0
mas,1150,default,160,20,20,76.95,0,4,61.833333333333336,30.4,0,110,55,83,E4,20,20,0.2,0.0
mas_iterative,1150,default,157,20,20,74.0,0,4,59.395833333333336,29.2,0,110,51,77,E4,20,20,0.2,0.0
hungarian,1150,default,157,20,20,71.0,0,4,57.375,33.0,0,126,60,476,E4,20,20,0.2,0.0
no_coordination,1152,default,349,20,20,153.15,16,4,119.08333333333333,46.5,876,54,0,0,E4,20,20,0.2,0.0
claim,1152,default,174,20,20,93.05,3,4,78.3125,43.25,77,69,23,23,E4,20,20,0.2,0.0
mas,1152,default,162,20,20,81.95,0,4,67.79166666666667,33.0,0,66,48,72,E4,20,20,0.2,0.0
mas_iterative,1152,default,161,20,20,81.0,0,4,66.89583333333333,32.25,0,62,46,69,E4,20,20,0.2,0.0
hungarian,1152,default,161,20,20,81.0,0,4,66.89583333333333,32.25,0,62,60,472,E4,20,20,0.2,0.0
no_coordination,1153,default,367,20,20,165.75,17,4,133.0,49.8,897,59,0,0,E4,20,20,0.2,0.0
claim,1153,default,247,20,20,121.65,7,4,102.11320754716981,46.2,227,138,27,27,E4,20,20,0.2,0.0
mas,1153,default,188,20,20,88.1,0,4,74.58490566037736,41.6,0,134,46,69,E4,20,20,0.2,0.0
mas_iterative,1153,default,185,20,20,86.95,0,4,73.88679245283019,41.2,0,124,46,69,E4,20,20,0.2,0.0
hungarian,1153,default,183,20,20,87.15,0,4,74.0754716981132,41.4,0,118,60,472,E4,20,20,0.2,0.0
no_coordination,1155,default,338,20,20,149.5,17,4,105.0625,48.4,816,58,0,0,E4,20,20,0.2,0.0
claim,1155,default,184,20,20,90.0,2,4,71.0,41.4,61,103,22,22,E4,20,20,0.2,0.0
mas,1155,default,178,20,20,81.45,0,4,62.416666666666664,30.8,0,100,44,66,E4,20,20,0.2,0.0
mas_iterative,1155,default,177,20,20,80.9,0,4,61.895833333333336,30.2,0,96,44,66,E4,20,20,0.2,0.0
hungarian,1155,default,167,20,20,78.6,0,4,60.583333333333336,34.8,0,76,60,476,E4,20,20,0.2,0.0
no_coordination,1156,default,368,20,20,144.45,14,4,123.17021276595744,30.0,927,57,0,0,E4,20,20,0.2,0.0
claim,1156,default,237,20,20,124.8,7,4,111.61702127659575,30.0,312,90,33,33,E4,20,20,0.2,0.0
mas,1156,default,169,20,20,85.35,0,4,74.82978723404256,31.0,0,88,50,76,E4,20,20,0.2,0.0
mas_iterative,1156,default,167,20,20,83.7,0,4,73.25531914893617,31.0,0,80,48,73,E4,20,20,0.2,0.0
hungarian,1156,default,162,20,20,82.65,0,4,72.29787234042553,31.0,0,66,60,474,E4,20,20,0.2,0.0
no_coordination,1157,default,329,20,20,159.65,14,4,126.625,43.666666666666664,800,50,0,0,E4,20,20,0.2,0.0
claim,1157,default,175,20,20,96.1,2,4,82.1875,41.0,63,76,22,22,E4,20,20,0.2,0.0
mas,1157,default,156,20,20,82.85,0,4,69.72916666666667,33.333333333333336,0,61,44,66,E4,20,20,0.2,0.0
mas_iterative,1157,default,156,20,20,82.3,0,4,69.25,33.0,0,63,46,69,E4,20,20,0.2,0.0
hungarian,1157,default,156,20,20,82.3,0,4,69.25,33.0,0,63,60,474,E4,20,20,0.2,0.0
no_coordination,1000,default,351,20,20,148.15,17,4,115.1304347826087,34.666666666666664,944,57,0,0,E4,20,20,0.3,0.0
claim,1000,default,179,20,20,93.85,3,4,79.32608695652173,34.666666666666664,79,111,23,23,E4,20,20,0.3,0.0
mas,1000,default,177,20,20,86.15,0,4,71.02173913043478,27.666666666666668,0,130,48,72,E4,20,20,0.3,0.0
mas_iterative,1000,default,177,20,20,84.0,0,4,69.06521739130434,27.333333333333332,0,138,54,81,E4,20,20,0.3,0.0
hungarian,1000,default,163,20,20,79.05,0,4,66.41304347826087,28.333333333333332,0,106,60,476,E4,20,20,0.3,0.0
no_coordination,1001,default,310,20,20,120.85,16,4,99.92857142857143,40.8,759,56,0,0,E4,20,20,0.3,0.0
claim,1001,default,191,20,20,86.7,5,4,76.64285714285714,40.8,162,95,27,27,E4,20,20,0.3,0.0
mas,1001,default,141,20,20,71.2,0,4,62.107142857142854,36.2,0,57,46,69,E4,20,20,0.3,0.0
mas_iterative,1001,default,139,20,20,70.2,0,4,61.19642857142857,35.8,0,51,54,81,E4,20,20,0.3,0.0
hungarian,1001,default,139,20,20,70.2,0,4,61.19642857142857,35.8,0,51,60,480,E4,20,20,0.3,0.0
no_coordination,1002,default,302,20,20,129.55,16,4,98.93478260869566,48.0,724,52,0,0,E4,20,20,0.3,0.0
claim,1002,default,186,20,20,92.25,3,4,76.1304347826087,48.75,91,125,23,23,E4,20,20,0.3,0.0
mas,1002,default,168,20,20,79.7,0,4,64.76086956521739,35.75,0,112,46,69,E4,20,20,0.3,0.0
mas_iterative,1002,default,168,20,20,78.95,0,4,63.97826086956522,34.75,0,110,46,69,E4,20,20,0.3,0.0
hungarian,1002,default,166,20,20,77.6,0,4,62.69565217391305,33.75,0,116,60,472,E4,20,20,0.3,0.0
no_coordination,1003,default,216,20,20,119.85,15,4,90.02083333333333,52.0,397,53,0,0,E4,20,20,0.3,0.0
claim,1003,default,162,20,20,87.2,3,4,71.25,50.833333333333336,73,71,23,23,E4,20,20,0.3,0.0
mas,1003,default,152,20,20,76.8,0,4,60.916666666666664,40.166666666666664,0,71,48,72,E4,20,20,0.3,0.0
mas_iterative,1003,default,151,20,20,72.8,0,4,58.104166666666664,37.833333333333336,0,83,46,69,E4,20,20,0.3,0.0
hungarian,1003,default,151,20,20,72.8,0,4,58.104166666666664,37.833333333333336,0,83,60,472,E4,20,20,0.3,0.0
no_coordination,1004,default,260,20,20,147.35,17,4,119.85106382978724,38.333333333333336,522,44,0,0,E4,20,20,0.3,0.0
claim,1004,default,191,20,20,101.2,3,4,85.57446808510639,40.666666666666664,96,90,23,23,E4,20,20,0.3,0.0
mas,1004,default,165,20,20,82.5,0,4,68.38297872340425,29.333333333333332,0,63,48,72,E4,20,20,0.3,0.0
mas_iterative,1004,default,165,20,20,80.35,0,4,66.48936170212765,29.0,0,77,48,72,E4,20,20,0.3,0.0
hungarian,1004,default,175,20,20,82.25,0,4,67.46808510638297,29.0,0,95,60,472,E4,20,20,0.3,0.0
no_coordination,1005,default,261,20,20,118.05,16,4,100.07272727272728,55.0,615,52,0,0,E4,20,20,0.3,0.0
claim,1005,default,171,20,20,86.7,5,4,77.4,54.333333333333336,116,153,25,25,E4,20,20,0.3,0.0
mas,1005,default,153,20,20,67.75,0,4,60.163636363636364,40.333333333333336,0,160,49,74,E4,20,20,0.3,0.0
mas_iterative,1005,default,152,20,20,66.55,0,4,59.10909090909091,39.333333333333336,0,154,48,72,E4,20,20,0.3,0.0
hungarian,1005,default,151,20,20,66.6,0,4,59.10909090909091,39.333333333333336,0,150,60,476,E4,20,20,0.3,0.0
no_coordination,1006,default,300,20,20,128.25,17,4,101.17948717948718,38.0,734,56,0,0,E4,20,20,0.3,0.0
claim,1006,default,180,20,20,93.65,5,4,78.97435897435898,38.0,126,107,27,27,E4,20,20,0.3,0.0
mas,1006,default,157,20,20,70.95,0,4,59.07692307692308,29.0,0,101,46,69,E4,20,20,0.3,0.0
mas_iterative,1006,default,157,20,20,70.2,0,4,58.282051282051285,28.5,0,105,46,69,E4,20,20,0.3,0.0
hungarian,1006,default,157,20,20,70.2,0,4,58.282051282051285,28.5,0,105,60,474,E4,20,20,0.3,0.0
no_coordination,1007,default,221,20,20,104.3,14,4,90.08888888888889,33.0,468,48,0,0,E4,20,20,0.3,0.0
claim,1007,default,142,20,20,80.2,3,4,70.33333333333333,33.0,87,64,23,23,E4,20,20,0.3,0.0
mas,1007,default,126,20,20,68.2,0,4,60.044444444444444,33.0,0,91,46,69,E4,20,20,0.3,0.0
mas_iterative,1007,default,123,20,20,67.25,0,4,59.31111111111111,33.0,0,79,46,69,E4,20,20,0.3,0.0
hungarian,1007,default,126,20,20,67.45,0,4,59.111111111111114,28.0,0,83,60,472,E4,20,20,0.3,0.0
no_coordination,1008,default,288,20,20,135.15,15,4,110.08,38.75,557,45,0,0,E4,20,20,0.3,0.0
claim,1008,default,202,20,20,106.2,6,4,92.2,38.75,205,51,26,26,E4,20,20,0.3,0.0
mas,1008,default,164,20,20,87.3,0,4,75.56,33.0,0,44,48,72,E4,20,20,0.3,0.0
mas_iterative,1008,default,169,20,20,86.0,0,4,74.46,32.75,0,72,46,69,E4,20,20,0.3,0.0
hungarian,1008,default,169,20,20,86.0,0,4,74.46,32.75,0,72,60,472,E4,20,20,0.3,0.0
no_coordination,1009,default,277,20,20,142.0,17,4,112.97872340425532,34.0,565,54,0,0,E4,20,20,0.3,0.0
claim,1009,default,199,20,20,108.5,4,4,90.46808510638297,38.0,126,86,24,24,E4,20,20,0.3,0.0
mas,1009,default,158,20,20,81.5,0,4,68.17021276595744,28.333333333333332,0,113,44,66,E4,20,20,0.3,0.0
mas_iterative,1009,default,178,20,20,83.25,0,4,69.31914893617021,27.333333333333332,0,146,48,72,E4,20,20,0.3,0.0
hungarian,1009,default,178,20,20,83.25,0,4,69.31914893617021,27.333333333333332,0,146,60,470,E4,20,20,0.3,0.0
no_coordination,1010,default,375,20,20,175.7,17,4,146.45283018867926,66.0,911,64,0,0,E4,20,20,0.3,0.0
claim,1010,default,207,20,20,116.35,5,4,101.83018867924528,57.6,240,95,29,29,E4,20,20,0.3,0.0
mas,1010,default,147,20,20,74.15,0,4,63.264150943396224,38.2,0,67,46,70,E4,20,20,0.3,0.0
mas_iterative,1010,default,145,20,20,73.25,0,4,62.339622641509436,37.4,0,57,52,79,E4,20,20,0.3,0.0
hungarian,1010,default,148,20,20,73.0,0,4,62.18867924528302,37.4,0,71,60,478,E4,20,20,0.3,0.0
no_coordination,1011,default,320,20,20,137.3,16,4,106.94444444444444,39.4,804,57,0,0,E4,20,20,0.3,0.0
claim,1011,default,177,20,20,86.5,2,4,71.12962962962963,37.2,57,127,22,22,E4,20,20,0.3,0.0
mas,1011,default,165,20,20,76.2,0,4,61.666666666666664,33.4,0,128,48,72,E4,20,20,0.3,0.0
mas_iterative,1011,default,163,20,20,74.6,0,4,60.407407407407405,33.0,0,126,48,72,E4,20,20,0.3,0.0
hungarian,1011,default,163,20,20,74.6,0,4,60.407407407407405,33.0,0,126,60,476,E4,20,20,0.3,0.0
no_coordination,1012,default,239,20,20,111.35,15,4,97.37735849056604,42.0,464,48,0,0,E4,20,20,0.3,0.0
claim,1012,default,160,20,20,79.75,3,4,71.11320754716981,40.2,67,119,23,23,E4,20,20,0.3,0.0
mas,1012,default,145,20,20,66.4,0,4,58.716981132075475,35.0,0,132,44,66,E4,20,20,0.3,0.0
mas_iterative,1012,default,150,20,20,65.75,0,4,58.301886792452834,34.8,0,152,48,72,E4,20,20,0.3,0.0
hungarian,1012,default,150,20,20,65.75,0,4,58.301886792452834,34.8,0,152,60,476,E4,20,20,0.3,0.0
no_coordination,1013,default,252,20,20,127.35,15,4,103.8780487804878,nan,507,40,0,0,E4,20,20,0.3,0.0
claim,1013,default,182,20,20,83.25,2,4,75.5609756097561,nan,57,148,22,22,E4,20,20,0.3,0.0
mas,1013,default,170,20,20,73.65,0,4,66.21951219512195,nan,0,155,50,75,E4,20,20,0.3,0.0
mas_iterative,1013,default,169,20,20,72.75,0,4,65.41463414634147,nan,0,149,48,72,E4,20,20,0.3,0.0
hungarian,1013,default,165,20,20,72.05,0,4,65.58536585365853,nan,0,131,60,478,E4,20,20,0.3,0.0
no_coordination,1014,default,342,20,20,144.9,15,4,115.52,30.5,864,54,0,0,E4,20,20,0.3,0.0
claim,1014,default,176,20,20,89.7,2,4,76.72,30.5,63,74,22,22,E4,20,20,0.3,0.0
mas,1014,default,171,20,20,84.25,0,4,71.44,30.5,0,82,48,72,E4,20,20,0.3,0.0
mas_iterative,1014,default,170,20,20,83.75,0,4,71.04,30.5,0,76,46,69,E4,20,20,0.3,0.0
hungarian,1014,default,174,20,20,83.2,0,4,69.82,30.0,0,74,60,470,E4,20,20,0.3,0.0
no_coordination,1015,default,274,20,20,130.6,15,4,111.86,35.333333333333336,539,47,0,0,E4,20,20,0.3,0.0
claim,1015,default,181,20,20,94.1,2,4,83.9,35.333333333333336,57,84,22,22,E4,20,20,0.3,0.0
mas,1015,default,176,20,20,84.9,0,4,75.44,35.333333333333336,0,108,52,78,E4,20,20,0.3,0.0
mas_iterative,1015,default,177,20,20,84.6,0,4,74.64,35.333333333333336,0,106,48,72,E4,20,20,0.3,0.0
hungarian,1015,default,177,20,20,84.7,0,4,74.72,35.333333333333336,0,106,60,476,E4,20,20,0.3,0.0
no_coordination,1016,default,260,20,20,133.6,17,4,98.3,43.666666666666664,617,49,0,0,E4,20,20,0.3,0.0
claim,1016,default,157,20,20,80.8,2,4,65.48,40.5,59,106,22,22,E4,20,20,0.3,0.0
mas,1016,default,142,20,20,66.0,0,4,53.06,36.333333333333336,0,122,50,75,E4,20,20,0.3,0.0
mas_iterative,1016,default,140,20,20,64.9,0,4,52.18,35.833333333333336,0,114,50,75,E4,20,20,0.3,0.0
hungarian,1016,default,139,20,20,65.05,0,4,52.26,36.166666666666664,0,114,60,474,E4,20,20,0.3,0.0
no_coordination,1017,default,276,20,20,124.6,15,4,102.73076923076923,41.666666666666664,577,44,0,0,E4,20,20,0.3,0.0
claim,1017,default,206,20,20,90.45,6,4,78.48076923076923,41.666666666666664,228,91,30,30,E4,20,20,0.3,0.0
mas,1017,default,161,20,20,72.35,0,4,62.84615384615385,36.333333333333336,0,136,48,72,E4,20,20,0.3,0.0
mas_iterative,1017,default,160,20,20,71.5,0,4,62.05769230769231,36.0,0,132,46,69,E4,20,20,0.3,0.0
hungarian,1017,default,160,20,20,72.1,0,4,62.51923076923077,37.333333333333336,0,128,60,480,E4,20,20,0.3,0.0
no_coordination,1018,default,296,20,20,147.2,12,4,109.88636363636364,32.666666666666664,581,41,0,0,E4,20,20,0.3,0.0
claim,1018,default,214,20,20,110.45,3,4,86.4090909090909,32.666666666666664,103,111,24,24,E4,20,20,0.3,0.0
mas,1018,default,187,20,20,93.5,0,4,72.61363636363636,32.666666666666664,0,80,48,72,E4,20,20,0.3,0.0
mas_iterative,1018,default,195,20,20,92.8,0,4,71.79545454545455,32.666666666666664,0,112,48,72,E4,20,20,0.3,0.0
hungarian,1018,default,195,20,20,93.35,0,4,71.97727272727273,32.666666666666664,0,110,60,476,E4,20,20,0.3,0.0
no_coordination,1019,default,313,20,20,150.65,15,4,126.54901960784314,32.666666666666664,606,93,0,0,E4,20,20,0.3,0.0
claim,1019,default,181,20,20,100.85,2,4,88.17647058823529,32.666666666666664,61,85,22,22,E4,20,20,0.3,0.0
mas,1019,default,160,20,20,78.95,0,4,68.43137254901961,32.666666666666664,0,73,44,66,E4,20,20,0.3,0.0
mas_iterative,1019,default,157,20,20,78.4,0,4,67.90196078431373,32.666666666666664,0,63,46,69,E4,20,20,0.3,0.0
hungarian,1019,default,157,20,20,78.5,0,4,67.98039215686275,32.666666666666664,0,61,60,472,E4,20,20,0.3,0.0
no_coordination,1020,default,289,20,20,154.0,18,4,124.30434782608695,30.5,633,48,0,0,E4,20,20,0.3,0.0
claim,1020,default,203,20,20,106.4,4,4,89.80434782608695,30.5,136,97,27,27,E4,20,20,0.3,0.0
mas,1020,default,172,20,20,88.15,0,4,73.65217391304348,30.5,0,78,44,66,E4,20,20,0.3,0.0
mas_iterative,1020,default,172,20,20,87.8,0,4,73.26086956521739,30.5,0,76,46,69,E4,20,20,0.3,0.0
hungarian,1020,default,175,20,20,88.0,0,4,73.3913043478261,30.5,0,84,60,468,E4,20,20,0.3,0.0
no_coordination,1021,default,330,20,20,139.35,15,4,106.71739130434783,36.333333333333336,720,49,0,0,E4,20,20,0.3,0.0
claim,1021,default,160,20,20,83.4,2,4,70.1086956521739,36.333333333333336,59,54,22,22,E4,20,20,0.3,0.0
mas,1021,default,152,20,20,74.25,0,4,61.06521739130435,28.666666666666668,0,62,51,77,E4,20,20,0.3,0.0
mas_iterative,1021,default,151,20,20,72.6,0,4,59.67391304347826,28.333333333333332,0,62,48,72,E4,20,20,0.3,0.0
hungarian,1021,default,145,20,20,72.6,0,4,59.84782608695652,28.333333333333332,0,36,60,468,E4,20,20,0.3,0.0
no_coordination,1022,default,242,20,20,121.15,19,4,100.49019607843137,42.25,464,46,0,0,E4,20,20,0.3,0.0
claim,1022,default,175,20,20,94.6,3,4,80.96078431372548,41.5,77,59,23,23,E4,20,20,0.3,0.0
mas,1022,default,161,20,20,77.9,0,4,65.96078431372548,41.5,0,88,44,66,E4,20,20,0.3,0.0
mas_iterative,1022,default,160,20,20,77.25,0,4,65.17647058823529,41.0,0,84,48,72,E4,20,20,0.3,0.0
hungarian,1022,default,160,20,20,77.3,0,4,65.09803921568627,41.0,0,84,60,476,E4,20,20,0.3,0.0
no_coordination,1023,default,307,20,20,157.65,17,4,127.70588235294117,36.0,661,45,0,0,E4,20,20,0.3,0.0
claim,1023,default,197,20,20,101.85,2,4,86.72549019607843,36.0,59,99,22,22,E4,20,20,0.3,0.0
mas,1023,default,188,20,20,92.65,0,4,77.37254901960785,32.0,0,111,44,66,E4,20,20,0.3,0.0
mas_iterative,1023,default,187,20,20,92.15,0,4,76.92156862745098,31.666666666666668,0,107,44,66,E4,20,20,0.3,0.0
hungarian,1023,default,187,20,20,92.15,0,4,76.92156862745098,31.666666666666668,0,107,60,472,E4,20,20,0.3,0.0
no_coordination,1024,default,347,20,20,176.5,15,4,144.3673469387755,54.333333333333336,883,52,0,0,E4,20,20,0.3,0.0
claim,1024,default,218,20,20,132.25,4,4,116.53061224489795,54.333333333333336,238,85,29,29,E4,20,20,0.3,0.0
mas,1024,default,169,20,20,81.1,0,4,70.36734693877551,29.666666666666668,0,102,46,70,E4,20,20,0.3,0.0
mas_iterative,1024,default,169,20,20,80.35,0,4,69.59183673469387,29.0,0,100,48,73,E4,20,20,0.3,0.0
hungarian,1024,default,169,20,20,80.35,0,4,69.59183673469387,29.0,0,100,60,474,E4,20,20,0.3,0.0
no_coordination,1025,default,250,20,20,131.85,14,4,102.28571428571429,43.5,559,45,0,0,E4,20,20,0.3,0.0
claim,1025,default,164,20,20,82.95,2,4,69.95918367346938,42.0,59,85,22,22,E4,20,20,0.3,0.0
mas,1025,default,156,20,20,73.4,0,4,59.0,34.5,0,112,44,66,E4,20,20,0.3,0.0
mas_iterative,1025,default,151,20,20,72.55,0,4,58.265306122448976,34.0,0,94,44,66,E4,20,20,0.3,0.0
hungarian,1025,default,144,20,20,67.2,0,4,54.55102040816327,37.5,0,88,60,474,E4,20,20,0.3,0.0
no_coordination,1026,default,330,20,20,159.5,17,4,126.0377358490566,47.0,761,53,0,0,E4,20,20,0.3,0.0
claim,1026,default,203,20,20,106.3,5,4,90.13207547169812,48.166666666666664,159,64,28,28,E4,20,20,0.3,0.0
mas,1026,default,168,20,20,86.7,0,4,72.62264150943396,42.666666666666664,0,70,44,66,E4,20,20,0.3,0.0
mas_iterative,1026,default,168,20,20,86.3,0,4,72.16981132075472,42.166666666666664,0,70,50,75,E4,20,20,0.3,0.0
hungarian,1026,default,177,20,20,89.6,0,4,74.64150943396227,36.833333333333336,0,78,60,476,E4,20,20,0.3,0.0
no_coordination,1027,default,306,20,20,152.55,17,4,122.2127659574468,54.5,704,52,0,0,E4,20,20,0.3,0.0
claim,1027,default,212,20,20,123.9,4,4,104.25531914893617,54.5,216,89,27,27,E4,20,20,0.3,0.0
mas,1027,default,172,20,20,83.55,0,4,67.85106382978724,34.0,0,104,46,70,E4,20,20,0.3,0.0
mas_iterative,1027,default,170,20,20,81.45,0,4,66.04255319148936,32.75,0,104,48,73,E4,20,20,0.3,0.0
hungarian,1027,default,170,20,20,81.45,0,4,66.04255319148936,32.75,0,104,60,474,E4,20,20,0.3,0.0
no_coordination,1028,default,360,20,20,211.7,15,4,176.0,46.0,854,53,0,0,E4,20,20,0.3,0.0
claim,1028,default,280,20,20,176.85,6,4,150.02272727272728,46.0,363,84,35,35,E4,20,20,0.3,0.0
mas,1028,default,209,20,20,104.55,0,4,81.95454545454545,29.5,0,94,50,76,E4,20,20,0.3,0.0
mas_iterative,1028,default,212,20,20,103.3,0,4,80.97727272727273,28.5,0,106,48,73,E4,20,20,0.3,0.0
hungarian,1028,default,212,20,20,103.3,0,4,80.97727272727273,28.5,0,106,60,474,E4,20,20,0.3,0.0
no_coordination,1030,default,241,20,20,123.65,15,4,97.0952380952381,49.5,474,43,0,0,E4,20,20,0.3,0.0
claim,1030,default,184,20,20,91.65,4,4,75.0,43.5,97,98,24,24,E4,20,20,0.3,0.0
mas,1030,default,164,20,20,76.4,0,4,61.42857142857143,35.0,0,74,44,66,E4,20,20,0.3,0.0
mas_iterative,1030,default,164,20,20,75.7,0,4,59.785714285714285,27.5,0,86,48,72,E4,20,20,0.3,0.0
hungarian,1030,default,164,20,20,75.7,0,4,59.785714285714285,27.5,0,86,60,476,E4,20,20,0.3,0.0
no_coordination,1031,default,325,20,20,134.8,16,4,107.32727272727273,54.0,782,53,0,0,E4,20,20,0.3,0.0
claim,1031,default,178,20,20,92.1,2,4,77.2909090909091,44.285714285714285,57,80,22,22,E4,20,20,0.3,0.0
mas,1031,default,173,20,20,82.9,0,4,68.0909090909091,37.0,0,94,48,72,E4,20,20,0.3,0.0
mas_iterative,1031,default,173,20,20,82.6,0,4,67.76363636363637,36.57142857142857,0,92,46,69,E4,20,20,0.3,0.0
hungarian,1031,default,173,20,20,83.15,0,4,68.21818181818182,36.57142857142857,0,92,60,474,E4,20,20,0.3,0.0
no_coordination,1032,default,266,20,20,128.15,17,4,101.25531914893617,37.0,490,45,0,0,E4,20,20,0.3,0.0
claim,1032,default,190,20,20,100.25,4,4,84.61702127659575,37.0,106,104,25,25,E4,20,20,0.3,0.0
mas,1032,default,164,20,20,78.2,0,4,64.48936170212765,37.0,0,109,54,82,E4,20,20,0.3,0.0
mas_iterative,1032,default,157,20,20,78.45,0,4,64.1063829787234,36.5,0,73,49,74,E4,20,20,0.3,0.0
hungarian,1032,default,157,20,20,78.45,0,4,64.1063829787234,36.5,0,73,60,478,E4,20,20,0.3,0.0
no_coordination,1033,default,393,20,20,176.8,17,4,147.35185185185185,78.2,991,56,0,0,E4,20,20,0.3,0.0
claim,1033,default,251,20,20,122.55,6,4,104.4074074074074,64.2,257,85,31,31,E4,20,20,0.3,0.0
mas,1033,default,201,20,20,98.1,0,4,82.27777777777777,51.2,0,89,52,78,E4,20,20,0.3,0.0
mas_iterative,1033,default,199,20,20,97.7,0,4,81.85185185185185,50.2,0,73,50,75,E4,20,20,0.3,0.0
hungarian,1033,default,199,20,20,97.7,0,4,81.85185185185185,50.2,0,73,60,476,E4,20,20,0.3,0.0
no_coordination,1034,default,316,20,20,141.55,16,4,108.66666666666667,51.5,720,52,0,0,E4,20,20,0.3,0.0
claim,1034,default,179,20,20,92.4,2,4,74.4,51.5,57,67,22,22,E4,20,20,0.3,0.0
mas,1034,default,168,20,20,82.25,0,4,64.08888888888889,30.0,0,68,46,69,E4,20,20,0.3,0.0
mas_iterative,1034,default,167,20,20,81.5,0,4,63.333333333333336,28.5,0,64,48,72,E4,20,20,0.3,0.0
hungarian,1034,default,167,20,20,81.5,0,4,63.333333333333336,28.5,0,64,60,474,E4,20,20,0.3,0.0
no_coordination,1035,default,321,20,20,148.65,15,4,124.33333333333333,42.0,756,49,0,0,E4,20,20,0.3,0.0
claim,1035,default,184,20,20,94.4,3,4,82.53703703703704,39.4,73,78,23,23,E4,20,20,0.3,0.0
mas,1035,default,163,20,20,81.2,0,4,69.48148148148148,34.8,0,66,46,69,E4,20,20,0.3,0.0
mas_iterative,1035,default,161,20,20,79.3,0,4,67.87037037037037,34.4,0,62,48,72,E4,20,20,0.3,0.0
hungarian,1035,default,161,20,20,79.3,0,4,67.87037037037037,34.4,0,62,60,476,E4,20,20,0.3,0.0
no_coordination,1036,default,357,20,20,170.7,16,4,134.6530612244898,48.75,844,52,0,0,E4,20,20,0.3,0.0
claim,1036,default,187,20,20,100.85,2,4,83.6938775510204,45.5,67,79,22,22,E4,20,20,0.3,0.0
mas,1036,default,178,20,20,89.55,0,4,73.48979591836735,38.75,0,77,46,69,E4,20,20,0.3,0.0
mas_iterative,1036,default,176,20,20,88.95,0,4,72.93877551020408,38.5,0,69,46,69,E4,20,20,0.3,0.0
hungarian,1036,default,176,20,20,88.95,0,4,72.93877551020408,38.5,0,69,60,462,E4,20,20,0.3,0.0
no_coordination,1037,default,379,20,20,167.3,18,4,122.26086956521739,47.8,958,61,0,0,E4,20,20,0.3,0.0
claim,1037,default,192,20,20,96.55,3,4,75.80434782608695,43.6,89,102,23,23,E4,20,20,0.3,0.0
mas,1037,default,178,20,20,87.4,0,4,67.23913043478261,34.4,0,108,48,72,E4,20,20,0.3,0.0
mas_iterative,1037,default,178,20,20,86.55,0,4,66.41304347826087,33.8,0,108,48,72,E4,20,20,0.3,0.0
hungarian,1037,default,178,20,20,86.65,0,4,66.45652173913044,33.8,0,106,60,474,E4,20,20,0.3,0.0
no_coordination,1038,default,305,20,20,128.7,17,4,100.89655172413794,44.333333333333336,691,48,0,0,E4,20,20,0.3,0.0
claim,1038,default,179,20,20,91.3,3,4,78.05172413793103,47.333333333333336,81,90,23,23,E4,20,20,0.3,0.0
mas,1038,default,161,20,20,74.7,0,4,62.827586206896555,41.5,0,102,44,66,E4,20,20,0.3,0.0
mas_iterative,1038,default,161,20,20,74.25,0,4,62.36206896551724,41.0,0,102,46,69,E4,20,20,0.3,0.0
hungarian,1038,default,161,20,20,74.45,0,4,62.56896551724138,41.0,0,100,60,474,E4,20,20,0.3,0.0
no_coordination,1039,default,307,20,20,139.55,15,4,109.375,42.5,704,46,0,0,E4,20,20,0.3,0.0
claim,1039,default,184,20,20,89.05,2,4,75.41071428571429,41.0,57,115,22,22,E4,20,20,0.3,0.0
mas,1039,default,173,20,20,78.55,0,4,65.625,33.166666666666664,0,118,44,66,E4,20,20,0.3,0.0
mas_iterative,1039,default,173,20,20,78.3,0,4,65.30357142857143,32.833333333333336,0,116,46,69,E4,20,20,0.3,0.0
hungarian,1039,default,180,20,20,78.8,0,4,65.10714285714286,32.833333333333336,0,144,60,474,E4,20,20,0.3,0.0
no_coordination,1040,default,288,20,20,143.05,17,4,116.95918367346938,59.0,613,48,0,0,E4,20,20,0.3,0.0
claim,1040,default,154,20,20,90.6,2,4,80.34693877551021,51.0,58,44,22,22,E4,20,20,0.3,0.0
mas,1040,default,147,20,20,79.35,0,4,69.93877551020408,49.5,0,63,48,72,E4,20,20,0.3,0.0
mas_iterative,1040,default,146,20,20,78.55,0,4,69.20408163265306,49.0,0,59,44,66,E4,20,20,0.3,0.0
hungarian,1040,default,146,20,20,78.55,0,4,69.20408163265306,49.0,0,59,60,472,E4,20,20,0.3,0.0
no_coordination,1041,default,313,20,20,128.5,14,4,98.92,38.75,796,51,0,0,E4,20,20,0.3,0.0
claim,1041,default,137,20,20,70.85,6,4,60.28,38.75,146,61,26,26,E4,20,20,0.3,0.0
mas,1041,default,111,20,20,56.55,0,4,50.1,33.5,0,133,50,75,E4,20,20,0.3,0.0
mas_iterative,1041,default,84,20,20,54.5,0,4,48.86,33.25,0,51,52,78,E4,20,20,0.3,0.0
hungarian,1041,default,123,20,20,57.45,0,4,50.24,33.25,0,151,60,480,E4,20,20,0.3,0.0
no_coordination,1042,default,277,20,20,132.0,16,4,105.71153846153847,39.4,629,50,0,0,E4,20,20,0.3,0.0
claim,1042,default,184,20,20,88.05,4,4,72.57692307692308,37.4,95,131,24,24,E4,20,20,0.3,0.0
mas,1042,default,167,20,20,76.3,0,4,61.28846153846154,30.8,0,116,46,69,E4,20,20,0.3,0.0
mas_iterative,1042,default,164,20,20,74.7,0,4,59.65384615384615,29.2,0,106,48,72,E4,20,20,0.3,0.0
hungarian,1042,default,164,20,20,74.5,0,4,59.5,29.2,0,108,60,476,E4,20,20,0.3,0.0
no_coordination,1043,default,239,20,20,118.75,17,4,88.76315789473684,31.0,437,45,0,0,E4,20,20,0.3,0.0
claim,1043,default,186,20,20,90.0,6,4,70.26315789473684,31.0,133,107,26,26,E4,20,20,0.3,0.0
mas,1043,default,171,20,20,80.55,0,4,62.6578947368421,29.0,0,110,44,66,E4,20,20,0.3,0.0
mas_iterative,1043,default,159,20,20,74.95,0,4,58.078947368421055,31.0,0,84,44,66,E4,20,20,0.3,0.0
hungarian,1043,default,158,20,20,74.55,0,4,57.81578947368421,31.0,0,82,60,474,E4,20,20,0.3,0.0
no_coordination,1044,default,311,20,20,139.35,15,4,119.16,55.75,742,51,0,0,E4,20,20,0.3,0.0
claim,1044,default,210,20,20,101.6,8,4,87.58,49.0,189,134,28,28,E4,20,20,0.3,0.0
mas,1044,default,166,20,20,80.65,0,4,70.2,42.0,0,110,51,77,E4,20,20,0.3,0.0
mas_iterative,1044,default,164,20,20,77.95,0,4,67.98,42.0,0,110,50,75,E4,20,20,0.3,0.0
hungarian,1044,default,166,20,20,79.95,0,4,69.58,36.0,0,106,60,476,E4,20,20,0.3,0.0
no_coordination,1045,default,363,20,20,154.9,18,4,118.23076923076923,40.0,887,61,0,0,E4,20,20,0.3,0.0
claim,1045,default,220,20,20,104.15,3,4,85.92307692307692,40.75,81,138,23,23,E4,20,20,0.3,0.0
mas,1045,default,201,20,20,88.0,0,4,72.65384615384616,34.0,0,137,50,75,E4,20,20,0.3,0.0
mas_iterative,1045,default,200,20,20,87.1,0,4,71.73076923076923,33.5,0,131,50,75,E4,20,20,0.3,0.0
hungarian,1045,default,201,20,20,88.2,0,4,71.1923076923077,35.5,0,135,60,474,E4,20,20,0.3,0.0
no_coordination,1046,default,335,20,20,151.7,16,4,126.16981132075472,57.0,771,53,0,0,E4,20,20,0.3,0.0
claim,1046,default,237,20,20,132.95,5,4,114.13207547169812,58.2,278,99,30,30,E4,20,20,0.3,0.0
mas,1046,default,184,20,20,82.1,0,4,69.37735849056604,35.6,0,131,48,73,E4,20,20,0.3,0.0
mas_iterative,1046,default,178,20,20,80.35,0,4,67.81132075471699,34.6,0,117,48,73,E4,20,20,0.3,0.0
hungarian,1046,default,183,20,20,82.2,0,4,70.41509433962264,34.6,0,120,60,474,E4,20,20,0.3,0.0
no_coordination,1047,default,265,20,20,136.6,15,4,104.57777777777778,44.0,628,46,0,0,E4,20,20,0.3,0.0
claim,1047,default,151,20,20,83.5,2,4,70.97777777777777,44.0,57,77,22,22,E4,20,20,0.3,0.0
mas,1047,default,143,20,20,72.3,0,4,60.08888888888889,28.5,0,90,48,72,E4,20,20,0.3,0.0
mas_iterative,1047,default,141,20,20,71.35,0,4,59.2,28.0,0,82,54,81,E4,20,20,0.3,0.0
hungarian,1047,default,139,20,20,71.55,0,4,59.37777777777778,30.5,0,78,60,474,E4,20,20,0.3,0.0
no_coordination,1048,default,378,20,20,172.35,16,4,144.08510638297872,52.0,958,57,0,0,E4,20,20,0.3,0.0
claim,1048,default,223,20,20,125.75,4,4,110.97872340425532,52.0,212,120,27,27,E4,20,20,0.3,0.0
mas,1048,default,168,20,20,83.8,0,4,73.44680851063829,30.5,0,99,46,70,E4,20,20,0.3,0.0
mas_iterative,1048,default,171,20,20,85.0,0,4,73.44680851063829,30.0,0,88,48,73,E4,20,20,0.3,0.0
hungarian,1048,default,172,20,20,85.05,0,4,72.87234042553192,33.5,0,82,60,474,E4,20,20,0.3,0.0
no_coordination,1049,default,320,20,20,140.0,16,4,119.89090909090909,38.333333333333336,745,52,0,0,E4,20,20,0.3,0.0
claim,1049,default,192,20,20,96.65,2,4,85.72727272727273,38.333333333333336,59,81,22,22,E4,20,20,0.3,0.0
mas,1049,default,181,20,20,84.45,0,4,74.07272727272728,32.333333333333336,0,103,48,72,E4,20,20,0.3,0.0
mas_iterative,1049,default,178,20,20,83.75,0,4,73.50909090909092,32.666666666666664,0,93,48,72,E4,20,20,0.3,0.0
hungarian,1049,default,178,20,20,83.75,0,4,73.50909090909092,32.666666666666664,0,93,60,474,E4,20,20,0.3,0.0
no_coordination,1050,default,352,20,20,160.5,17,4,124.375,51.25,857,57,0,0,E4,20,20,0.3,0.0
claim,1050,default,199,20,20,96.7,4,4,79.0,46.5,121,127,24,24,E4,20,20,0.3,0.0
mas,1050,default,172,20,20,80.95,0,4,66.27083333333333,40.25,0,128,44,66,E4,20,20,0.3,0.0
mas_iterative,1050,default,172,20,20,80.75,0,4,66.125,40.25,0,128,50,75,E4,20,20,0.3,0.0
hungarian,1050,default,168,20,20,80.05,0,4,65.60416666666667,39.25,0,110,60,476,E4,20,20,0.3,0.0
no_coordination,1051,default,306,20,20,149.4,16,4,118.2,38.5,652,49,0,0,E4,20,20,0.3,0.0
claim,1051,default,220,20,20,109.85,6,4,92.13333333333334,38.5,179,115,27,27,E4,20,20,0.3,0.0
mas,1051,default,172,20,20,86.95,0,4,71.66666666666667,28.5,0,86,44,66,E4,20,20,0.3,0.0
mas_iterative,1051,default,172,20,20,86.9,0,4,71.4888888888889,28.0,0,82,48,72,E4,20,20,0.3,0.0
hungarian,1051,default,172,20,20,86.9,0,4,71.4888888888889,28.0,0,82,60,476,E4,20,20,0.3,0.0
no_coordination,1052,default,282,20,20,139.0,16,4,112.28260869565217,45.0,634,47,0,0,E4,20,20,0.3,0.0
claim,1052,default,208,20,20,114.45,5,4,99.0,45.0,219,73,30,30,E4,20,20,0.3,0.0
mas,1052,default,175,20,20,84.5,0,4,71.3695652173913,29.666666666666668,0,114,46,70,E4,20,20,0.3,0.0
mas_iterative,1052,default,176,20,20,82.0,0,4,68.26086956521739,28.666666666666668,0,156,50,76,E4,20,20,0.3,0.0
hungarian,1052,default,176,20,20,82.0,0,4,68.26086956521739,28.666666666666668,0,156,60,478,E4,20,20,0.3,0.0
no_coordination,1053,default,234,20,20,115.55,13,4,97.49019607843137,44.4,467,40,0,0,E4,20,20,0.3,0.0
claim,1053,default,182,20,20,92.8,3,4,79.74509803921569,42.0,81,98,23,23,E4,20,20,0.3,0.0
mas,1053,default,156,20,20,78.3,0,4,66.25490196078431,39.4,0,81,46,69,E4,20,20,0.3,0.0
mas_iterative,1053,default,155,20,20,77.75,0,4,65.70588235294117,39.2,0,75,49,74,E4,20,20,0.3,0.0
hungarian,1053,default,149,20,20,77.15,0,4,65.41176470588235,39.2,0,55,60,480,E4,20,20,0.3,0.0
no_coordination,1054,default,310,20,20,149.2,15,4,125.43181818181819,41.0,714,47,0,0,E4,20,20,0.3,0.0
claim,1054,default,204,20,20,105.35,5,4,90.13636363636364,41.0,180,62,27,27,E4,20,20,0.3,0.0
mas,1054,default,182,20,20,86.2,0,4,72.77272727272727,28.5,0,107,48,72,E4,20,20,0.3,0.0
mas_iterative,1054,default,181,20,20,85.4,0,4,72.04545454545455,28.0,0,103,46,69,E4,20,20,0.3,0.0
hungarian,1054,default,166,20,20,80.6,0,4,68.45454545454545,28.5,0,95,60,474,E4,20,20,0.3,0.0
no_coordination,1055,default,290,20,20,142.2,14,4,121.54716981132076,50.75,651,44,0,0,E4,20,20,0.3,0.0
claim,1055,default,209,20,20,105.4,4,4,91.9245283018868,47.0,163,118,26,26,E4,20,20,0.3,0.0
mas,1055,default,181,20,20,92.65,0,4,79.71698113207547,40.5,0,78,48,72,E4,20,20,0.3,0.0
mas_iterative,1055,default,180,20,20,92.35,0,4,79.37735849056604,40.5,0,72,48,72,E4,20,20,0.3,0.0
hungarian,1055,default,173,20,20,84.95,0,4,73.24528301886792,42.5,0,82,60,476,E4,20,20,0.3,0.0
no_coordination,1056,default,269,20,20,138.95,16,4,111.56603773584905,52.2,589,49,0,0,E4,20,20,0.3,0.0
claim,1056,default,177,20,20,95.55,5,4,80.22641509433963,48.0,127,77,25,25,E4,20,20,0.3,0.0
mas,1056,default,164,20,20,83.15,0,4,68.50943396226415,37.8,0,98,44,66,E4,20,20,0.3,0.0
mas_iterative,1056,default,164,20,20,82.7,0,4,68.0377358490566,37.4,0,98,44,66,E4,20,20,0.3,0.0
hungarian,1056,default,164,20,20,82.3,0,4,67.73584905660377,37.4,0,100,60,472,E4,20,20,0.3,0.0
no_coordination,1057,default,269,20,20,144.85,17,4,120.64912280701755,51.0,568,46,0,0,E4,20,20,0.3,0.0
claim,1057,default,191,20,20,103.2,3,4,89.36842105263158,47.666666666666664,79,68,23,23,E4,20,20,0.3,0.0
mas,1057,default,174,20,20,86.55,0,4,73.43859649122807,40.0,0,88,51,77,E4,20,20,0.3,0.0
mas_iterative,1057,default,173,20,20,86.3,0,4,72.49122807017544,39.166666666666664,0,82,50,75,E4,20,20,0.3,0.0
hungarian,1057,default,173,20,20,86.1,0,4,72.42105263157895,39.166666666666664,0,86,60,478,E4,20,20,0.3,0.0
no_coordination,1058,default,306,20,20,151.3,17,4,123.98039215686275,38.5,675,50,0,0,E4,20,20,0.3,0.0
claim,1058,default,199,20,20,107.55,4,4,93.13725490196079,41.0,111,77,24,24,E4,20,20,0.3,0.0
mas,1058,default,170,20,20,83.5,0,4,70.6078431372549,32.25,0,72,48,72,E4,20,20,0.3,0.0
mas_iterative,1058,default,171,20,20,82.8,0,4,69.96078431372548,32.0,0,74,48,72,E4,20,20,0.3,0.0
hungarian,1058,default,183,20,20,82.6,0,4,70.07843137254902,32.0,0,124,60,476,E4,20,20,0.3,0.0
no_coordination,1059,default,356,20,20,160.35,16,4,124.13461538461539,51.6,928,58,0,0,E4,20,20,0.3,0.0
claim,1059,default,187,20,20,87.45,3,4,73.8076923076923,45.6,97,146,23,23,E4,20,20,0.3,0.0
mas,1059,default,187,20,20,74.6,0,4,62.05769230769231,35.4,0,220,52,79,E4,20,20,0.3,0.0
mas_iterative,1059,default,187,20,20,73.65,0,4,61.13461538461539,34.6,0,222,48,73,E4,20,20,0.3,0.0
hungarian,1059,default,187,20,20,73.65,0,4,61.13461538461539,34.6,0,222,66,481,E4,20,20,0.3,0.0
no_coordination,1060,default,252,20,20,112.55,18,4,87.91304347826087,42.666666666666664,555,51,0,0,E4,20,20,0.3,0.0
claim,1060,default,171,20,20,90.6,4,4,75.8913043478261,42.0,107,72,24,24,E4,20,20,0.3,0.0
mas,1060,default,169,20,20,79.5,0,4,64.15217391304348,34.333333333333336,0,126,51,77,E4,20,20,0.3,0.0
mas_iterative,1060,default,168,20,20,79.4,0,4,64.26086956521739,34.666666666666664,0,106,48,72,E4,20,20,0.3,0.0
hungarian,1060,default,168,20,20,77.7,0,4,64.32608695652173,34.666666666666664,0,108,60,476,E4,20,20,0.3,0.0
no_coordination,1061,default,289,20,20,149.7,15,4,124.20833333333333,56.333333333333336,600,48,0,0,E4,20,20,0.3,0.0
claim,1061,default,206,20,20,99.65,6,4,86.14583333333333,48.333333333333336,189,65,26,26,E4,20,20,0.3,0.0
mas,1061,default,171,20,20,83.6,0,4,71.875,32.666666666666664,0,81,48,72,E4,20,20,0.3,0.0
mas_iterative,1061,default,170,20,20,82.6,0,4,70.875,32.0,0,77,46,69,E4,20,20,0.3,0.0
hungarian,1061,default,173,20,20,80.95,0,4,69.77083333333333,32.0,0,99,60,474,E4,20,20,0.3,0.0
no_coordination,1062,default,284,20,20,143.95,16,4,126.72881355932203,53.2,606,50,0,0,E4,20,20,0.3,0.0
claim,1062,default,189,20,20,100.0,3,4,90.23728813559322,47.4,87,87,23,23,E4,20,20,0.3,0.0
mas,1062,default,186,20,20,88.2,0,4,79.2542372881356,36.2,0,112,48,72,E4,20,20,0.3,0.0
mas_iterative,1062,default,185,20,20,87.25,0,4,78.37288135593221,35.6,0,110,46,69,E4,20,20,0.3,0.0
hungarian,1062,default,185,20,20,87.25,0,4,78.37288135593221,35.6,0,110,60,474,E4,20,20,0.3,0.0
no_coordination,1063,default,319,20,20,145.0,15,4,117.13207547169812,51.2,801,50,0,0,E4,20,20,0.3,0.0
claim,1063,default,190,20,20,107.35,3,4,92.94339622641509,51.2,188,89,26,26,E4,20,20,0.3,0.0
mas,1063,default,159,20,20,69.1,0,4,58.58490566037736,35.6,0,141,48,73,E4,20,20,0.3,0.0
mas_iterative,1063,default,161,20,20,68.2,0,4,57.54716981132076,34.4,0,145,54,82,E4,20,20,0.3,0.0
hungarian,1063,default,161,20,20,68.2,0,4,57.54716981132076,34.4,0,145,60,480,E4,20,20,0.3,0.0
no_coordination,1064,default,234,20,20,110.7,12,4,88.16071428571429,53.5,479,38,0,0,E4,20,20,0.3,0.0
claim,1064,default,177,20,20,85.3,2,4,72.91071428571429,52.5,63,129,22,22,E4,20,20,0.3,0.0
mas,1064,default,165,20,20,72.7,0,4,60.642857142857146,42.666666666666664,0,132,44,66,E4,20,20,0.3,0.0
mas_iterative,1064,default,165,20,20,72.2,0,4,60.160714285714285,42.166666666666664,0,132,48,72,E4,20,20,0.3,0.0
hungarian,1064,default,165,20,20,72.2,0,4,60.160714285714285,42.166666666666664,0,132,60,476,E4,20,20,0.3,0.0
no_coordination,1065,default,249,20,20,111.45,16,4,90.02083333333333,38.0,561,47,0,0,E4,20,20,0.3,0.0
claim,1065,default,146,20,20,75.8,4,4,65.14583333333333,38.0,83,76,24,24,E4,20,20,0.3,0.0
mas,1065,default,133,20,20,64.8,0,4,55.604166666666664,34.333333333333336,0,82,48,72,E4,20,20,0.3,0.0
mas_iterative,1065,default,137,20,20,65.35,0,4,55.958333333333336,31.666666666666668,0,88,48,72,E4,20,20,0.3,0.0
hungarian,1065,default,132,20,20,64.1,0,4,54.895833333333336,34.0,0,76,60,474,E4,20,20,0.3,0.0
no_coordination,1066,default,262,20,20,128.7,17,4,99.89090909090909,43.57142857142857,570,48,0,0,E4,20,20,0.3,0.0
claim,1066,default,170,20,20,88.1,2,4,73.72727272727273,42.142857142857146,59,78,22,22,E4,20,20,0.3,0.0
mas,1066,default,143,20,20,75.75,0,4,62.836363636363636,38.142857142857146,0,38,48,72,E4,20,20,0.3,0.0
mas_iterative,1066,default,142,20,20,74.9,0,4,62.018181818181816,37.42857142857143,0,34,48,72,E4,20,20,0.3,0.0
hungarian,1066,default,142,20,20,74.9,0,4,62.018181818181816,37.42857142857143,0,34,60,476,E4,20,20,0.3,0.0
no_coordination,1067,default,305,20,20,148.95,16,4,118.47916666666667,46.75,644,50,0,0,E4,20,20,0.3,0.0
claim,1067,default,191,20,20,103.0,2,4,87.77083333333333,41.5,67,92,22,22,E4,20,20,0.3,0.0
mas,1067,default,184,20,20,94.05,0,4,78.27083333333333,31.5,0,92,46,69,E4,20,20,0.3,0.0
mas_iterative,1067,default,185,20,20,92.2,0,4,76.70833333333333,31.0,0,118,46,69,E4,20,20,0.3,0.0
hungarian,1067,default,184,20,20,91.85,0,4,76.6875,36.5,0,95,60,472,E4,20,20,0.3,0.0
no_coordination,1068,default,373,20,20,135.55,17,4,106.5925925925926,41.4,966,55,0,0,E4,20,20,0.3,0.0
claim,1068,default,225,20,20,103.0,5,4,87.79629629629629,44.8,181,151,26,26,E4,20,20,0.3,0.0
mas,1068,default,173,20,20,79.05,0,4,66.94444444444444,31.6,0,104,48,72,E4,20,20,0.3,0.0
mas_iterative,1068,default,162,20,20,77.45,0,4,65.92592592592592,31.2,0,66,48,72,E4,20,20,0.3,0.0
hungarian,1068,default,170,20,20,78.05,0,4,66.11111111111111,31.2,0,94,60,476,E4,20,20,0.3,0.0
no_coordination,1069,default,265,20,20,136.25,16,4,108.42307692307692,50.4,588,49,0,0,E4,20,20,0.3,0.0
claim,1069,default,177,20,20,89.35,4,4,75.75,45.8,71,105,24,24,E4,20,20,0.3,0.0
mas,1069,default,172,20,20,79.45,0,4,65.63461538461539,32.4,0,136,51,77,E4,20,20,0.3,0.0
mas_iterative,1069,default,170,20,20,78.55,0,4,64.8076923076923,32.0,0,126,52,78,E4,20,20,0.3,0.0
hungarian,1069,default,171,20,20,78.05,0,4,64.3076923076923,31.4,0,132,60,478,E4,20,20,0.3,0.0
no_coordination,1070,default,389,20,20,159.75,16,4,132.2295081967213,59.285714285714285,985,57,0,0,E4,20,20,0.3,0.0
claim,1070,default,191,20,20,103.5,3,4,91.52459016393442,56.857142857142854,95,84,23,23,E4,20,20,0.3,0.0
mas,1070,default,172,20,20,86.55,0,4,75.85245901639344,48.57142857142857,0,90,48,72,E4,20,20,0.3,0.0
mas_iterative,1070,default,172,20,20,86.25,0,4,74.81967213114754,42.57142857142857,0,78,46,69,E4,20,20,0.3,0.0
hungarian,1070,default,172,20,20,86.2,0,4,75.73770491803279,50.142857142857146,0,84,60,476,E4,20,20,0.3,0.0
no_coordination,1071,default,386,20,20,184.85,19,4,134.8235294117647,39.8,983,81,0,0,E4,20,20,0.3,0.0
claim,1071,default,161,20,20,75.9,7,4,63.23529411764706,37.2,219,42,31,31,E4,20,20,0.3,0.0
mas,1071,default,111,20,20,64.15,0,4,53.90196078431372,33.6,0,26,50,75,E4,20,20,0.3,0.0
mas_iterative,1071,default,110,20,20,62.9,0,4,52.94117647058823,33.2,0,24,48,72,E4,20,20,0.3,0.0
hungarian,1071,default,110,20,20,62.9,0,4,52.94117647058823,33.2,0,24,60,476,E4,20,20,0.3,0.0
no_coordination,1072,default,295,20,20,151.55,13,4,135.74545454545455,71.25,675,44,0,0,E4,20,20,0.3,0.0
claim,1072,default,226,20,20,130.5,4,4,119.89090909090909,71.25,290,130,30,30,E4,20,20,0.3,0.0
mas,1072,default,138,20,20,67.25,0,4,61.25454545454546,37.25,0,86,53,81,E4,20,20,0.3,0.0
mas_iterative,1072,default,140,20,20,65.65,0,4,59.67272727272727,36.25,0,94,50,76,E4,20,20,0.3,0.0
hungarian,1072,default,138,20,20,65.65,0,4,59.67272727272727,36.25,0,84,60,476,E4,20,20,0.3,0.0
no_coordination,1073,default,258,20,20,144.0,15,4,113.06122448979592,40.0,505,44,0,0,E4,20,20,0.3,0.0
claim,1073,default,160,20,20,88.75,2,4,76.10204081632654,40.0,57,77,22,22,E4,20,20,0.3,0.0
mas,1073,default,153,20,20,78.2,0,4,66.20408163265306,34.0,0,93,52,78,E4,20,20,0.3,0.0
mas_iterative,1073,default,152,20,20,77.0,0,4,65.24489795918367,33.75,0,91,50,75,E4,20,20,0.3,0.0
hungarian,1073,default,152,20,20,77.1,0,4,65.24489795918367,33.75,0,91,60,478,E4,20,20,0.3,0.0
no_coordination,1074,default,331,20,20,145.4,16,4,115.8076923076923,49.0,746,55,0,0,E4,20,20,0.3,0.0
claim,1074,default,173,20,20,94.85,2,4,80.96153846153847,47.0,63,72,22,22,E4,20,20,0.3,0.0
mas,1074,default,155,20,20,78.7,0,4,65.42307692307692,39.6,0,83,46,69,E4,20,20,0.3,0.0
mas_iterative,1074,default,154,20,20,78.35,0,4,65.03846153846153,39.2,0,77,50,75,E4,20,20,0.3,0.0
hungarian,1074,default,154,20,20,78.35,0,4,65.03846153846153,39.2,0,75,60,476,E4,20,20,0.3,0.0
no_coordination,1075,default,289,20,20,155.05,17,4,119.0,43.0,625,53,0,0,E4,20,20,0.3,0.0
claim,1075,default,189,20,20,97.8,2,4,79.17021276595744,43.0,59,104,22,22,E4,20,20,0.3,0.0
mas,1075,default,186,20,20,89.95,0,4,71.12765957446808,28.666666666666668,0,120,51,77,E4,20,20,0.3,0.0
mas_iterative,1075,default,185,20,20,88.8,0,4,70.02127659574468,27.666666666666668,0,114,50,75,E4,20,20,0.3,0.0
hungarian,1075,default,178,20,20,86.4,0,4,68.55319148936171,35.333333333333336,0,102,60,476,E4,20,20,0.3,0.0
no_coordination,1076,default,329,20,20,156.2,18,4,117.25,46.2,742,54,0,0,E4,20,20,0.3,0.0
claim,1076,default,202,20,20,96.8,2,4,79.45833333333333,43.4,63,139,22,22,E4,20,20,0.3,0.0
mas,1076,default,191,20,20,88.3,0,4,70.89583333333333,32.4,0,120,48,72,E4,20,20,0.3,0.0
mas_iterative,1076,default,189,20,20,87.15,0,4,69.8125,31.8,0,114,46,69,E4,20,20,0.3,0.0
hungarian,1076,default,189,20,20,87.15,0,4,69.8125,31.8,0,114,60,468,E4,20,20,0.3,0.0
no_coordination,1077,default,369,20,20,179.2,18,4,128.83636363636364,55.125,885,60,0,0,E4,20,20,0.3,0.0
claim,1077,default,182,20,20,93.4,3,4,75.89090909090909,45.75,67,95,23,23,E4,20,20,0.3,0.0
mas,1077,default,168,20,20,79.05,0,4,63.763636363636365,41.375,0,112,44,66,E4,20,20,0.3,0.0
mas_iterative,1077,default,167,20,20,78.55,0,4,63.29090909090909,41.0,0,108,46,69,E4,20,20,0.3,0.0
hungarian,1077,default,167,20,20,78.55,0,4,63.29090909090909,41.0,0,108,60,474,E4,20,20,0.3,0.0
no_coordination,1078,default,395,20,20,202.45,18,4,149.08695652173913,42.0,1016,63,0,0,E4,20,20,0.3,0.0
claim,1078,default,177,20,20,94.75,3,4,78.0,42.0,85,84,23,23,E4,20,20,0.3,0.0
mas,1078,default,158,20,20,79.6,0,4,64.30434782608695,44.0,0,92,50,75,E4,20,20,0.3,0.0
mas_iterative,1078,default,157,20,20,78.35,0,4,63.26086956521739,43.666666666666664,0,90,48,72,E4,20,20,0.3,0.0
hungarian,1078,default,157,20,20,78.35,0,4,63.26086956521739,43.666666666666664,0,90,60,476,E4,20,20,0.3,0.0
no_coordination,1079,default,333,20,20,149.1,16,4,108.8,38.5,844,50,0,0,E4,20,20,0.3,0.0
claim,1079,default,174,20,20,94.5,4,4,76.44,38.5,111,48,24,24,E4,20,20,0.3,0.0
mas,1079,default,165,20,20,80.75,0,4,63.96,29.25,0,86,46,69,E4,20,20,0.3,0.0
mas_iterative,1079,default,165,20,20,80.2,0,4,63.38,28.5,0,84,50,75,E4,20,20,0.3,0.0
hungarian,1079,default,163,20,20,79.65,0,4,63.12,28.5,0,84,60,476,E4,20,20,0.3,0.0
no_coordination,1080,default,251,20,20,121.3,16,4,99.26666666666667,37.333333333333336,491,41,0,0,E4,20,20,0.3,0.0
claim,1080,default,184,20,20,91.75,4,4,79.17777777777778,38.0,88,84,24,24,E4,20,20,0.3,0.0
mas,1080,default,158,20,20,73.0,0,4,62.84444444444444,38.0,0,87,60,90,E4,20,20,0.3,0.0
mas_iterative,1080,default,156,20,20,71.5,0,4,61.55555555555556,37.666666666666664,0,81,50,75,E4,20,20,0.3,0.0
hungarian,1080,default,156,20,20,71.4,0,4,61.51111111111111,37.666666666666664,0,81,60,476,E4,20,20,0.3,0.0
no_coordination,1081,default,300,20,20,138.1,19,4,103.46808510638297,30.0,691,56,0,0,E4,20,20,0.3,0.0
claim,1081,default,174,20,20,90.3,2,4,73.17021276595744,30.0,59,78,22,22,E4,20,20,0.3,0.0
mas,1081,default,159,20,20,78.8,0,4,64.19148936170212,30.0,0,82,48,72,E4,20,20,0.3,0.0
mas_iterative,1081,default,158,20,20,77.95,0,4,63.42553191489362,30.0,0,78,46,69,E4,20,20,0.3,0.0
hungarian,1081,default,158,20,20,78.15,0,4,63.5531914893617,30.0,0,76,60,474,E4,20,20,0.3,0.0
no_coordination,1082,default,301,20,20,117.15,16,4,88.27083333333333,35.25,703,49,0,0,E4,20,20,0.3,0.0
claim,1082,default,184,20,20,90.3,4,4,71.95833333333333,35.25,105,108,24,24,E4,20,20,0.3,0.0
mas,1082,default,176,20,20,80.3,0,4,64.83333333333333,28.25,0,130,48,72,E4,20,20,0.3,0.0
mas_iterative,1082,default,176,20,20,79.75,0,4,64.27083333333333,27.5,0,128,50,75,E4,20,20,0.3,0.0
hungarian,1082,default,176,20,20,79.75,0,4,64.27083333333333,27.5,0,128,60,470,E4,20,20,0.3,0.0
no_coordination,1083,default,340,20,20,135.95,15,4,102.15555555555555,36.75,841,48,0,0,E4,20,20,0.3,0.0
claim,1083,default,183,20,20,91.9,2,4,75.17777777777778,36.75,57,87,22,22,E4,20,20,0.3,0.0
mas,1083,default,164,20,20,77.45,0,4,62.44444444444444,31.0,0,85,48,72,E4,20,20,0.3,0.0
mas_iterative,1083,default,164,20,20,76.55,0,4,61.666666666666664,30.75,0,85,50,75,E4,20,20,0.3,0.0
hungarian,1083,default,164,20,20,76.95,0,4,61.888888888888886,30.75,0,79,60,478,E4,20,20,0.3,0.0
no_coordination,1084,default,267,20,20,146.65,16,4,122.125,50.5,546,47,0,0,E4,20,20,0.3,0.0
claim,1084,default,213,20,20,113.35,6,4,98.98214285714286,54.5,204,79,29,29,E4,20,20,0.3,0.0
mas,1084,default,178,20,20,85.85,0,4,74.26785714285714,38.166666666666664,0,110,44,66,E4,20,20,0.3,0.0
mas_iterative,1084,default,177,20,20,85.6,0,4,73.94642857142857,37.833333333333336,0,104,46,69,E4,20,20,0.3,0.0
hungarian,1084,default,180,20,20,85.75,0,4,74.05357142857143,37.833333333333336,0,116,60,474,E4,20,20,0.3,0.0
no_coordination,1085,default,235,20,20,120.4,14,4,95.90196078431373,42.5,412,40,0,0,E4,20,20,0.3,0.0
claim,1085,default,166,20,20,85.35,2,4,73.2156862745098,42.5,59,90,22,22,E4,20,20,0.3,0.0
mas,1085,default,160,20,20,77.15,0,4,65.17647058823529,37.25,0,99,50,75,E4,20,20,0.3,0.0
mas_iterative,1085,default,158,20,20,75.8,0,4,63.96078431372549,37.0,0,95,50,75,E4,20,20,0.3,0.0
hungarian,1085,default,158,20,20,75.8,0,4,63.96078431372549,37.0,0,95,60,478,E4,20,20,0.3,0.0
no_coordination,1086,default,257,20,20,122.6,15,4,97.375,40.75,559,44,0,0,E4,20,20,0.3,0.0
claim,1086,default,172,20,20,88.65,3,4,74.66666666666667,40.75,91,82,23,23,E4,20,20,0.3,0.0
mas,1086,default,155,20,20,73.5,0,4,61.208333333333336,35.0,0,101,48,72,E4,20,20,0.3,0.0
mas_iterative,1086,default,152,20,20,72.2,0,4,60.208333333333336,34.5,0,97,44,66,E4,20,20,0.3,0.0
hungarian,1086,default,154,20,20,72.1,0,4,60.104166666666664,34.5,0,97,60,474,E4,20,20,0.3,0.0
no_coordination,1087,default,301,20,20,117.95,16,4,95.36585365853658,30.0,773,50,0,0,E4,20,20,0.3,0.0
claim,1087,default,168,20,20,77.45,2,4,67.21951219512195,30.0,57,133,22,22,E4,20,20,0.3,0.0
mas,1087,default,158,20,20,68.35,0,4,58.707317073170735,30.0,0,126,46,69,E4,20,20,0.3,0.0
mas_iterative,1087,default,156,20,20,67.3,0,4,57.68292682926829,30.0,0,118,48,72,E4,20,20,0.3,0.0
hungarian,1087,default,156,20,20,67.3,0,4,57.68292682926829,30.0,0,118,60,464,E4,20,20,0.3,0.0
no_coordination,1088,default,261,20,20,152.8,15,4,118.21739130434783,55.75,644,48,0,0,E4,20,20,0.3,0.0
claim,1088,default,197,20,20,110.35,5,4,91.5,55.0,246,117,30,30,E4,20,20,0.3,0.0
mas,1088,default,147,20,20,68.65,0,4,55.91304347826087,38.25,0,106,48,73,E4,20,20,0.3,0.0
mas_iterative,1088,default,146,20,20,67.4,0,4,54.73913043478261,37.5,0,102,48,73,E4,20,20,0.3,0.0
hungarian,1088,default,143,20,20,67.55,0,4,54.80434782608695,37.5,0,90,60,476,E4,20,20,0.3,0.0
no_coordination,1090,default,254,20,20,127.35,17,4,101.41025641025641,27.0,490,45,0,0,E4,20,20,0.3,0.0
claim,1090,default,199,20,20,100.55,4,4,84.28205128205128,27.0,111,112,24,24,E4,20,20,0.3,0.0
mas,1090,default,166,20,20,74.75,0,4,61.97435897435897,27.0,0,108,44,66,E4,20,20,0.3,0.0
mas_iterative,1090,default,166,20,20,73.5,0,4,60.92307692307692,27.0,0,116,46,69,E4,20,20,0.3,0.0
hungarian,1090,default,165,20,20,73.25,0,4,60.56410256410256,27.0,0,120,60,474,E4,20,20,0.3,0.0
no_coordination,1091,default,275,20,20,129.0,17,4,105.25531914893617,47.0,681,53,0,0,E4,20,20,0.3,0.0
claim,1091,default,163,20,20,96.9,4,4,83.51063829787235,47.0,98,68,24,24,E4,20,20,0.3,0.0
mas,1091,default,139,20,20,85.95,0,4,73.02127659574468,40.0,0,31,46,69,E4,20,20,0.3,0.0
mas_iterative,1091,default,138,20,20,85.45,0,4,72.53191489361703,39.5,0,27,48,72,E4,20,20,0.3,0.0
hungarian,1091,default,138,20,20,85.45,0,4,72.53191489361703,39.5,0,27,60,480,E4,20,20,0.3,0.0
no_coordination,1092,default,236,20,20,127.2,15,4,110.46153846153847,38.333333333333336,491,44,0,0,E4,20,20,0.3,0.0
claim,1092,default,156,20,20,86.8,3,4,78.15384615384616,38.333333333333336,79,70,23,23,E4,20,20,0.3,0.0
mas,1092,default,133,20,20,72.85,0,4,64.5,29.666666666666668,0,44,44,66,E4,20,20,0.3,0.0
mas_iterative,1092,default,133,20,20,72.95,0,4,64.59615384615384,30.0,0,40,50,75,E4,20,20,0.3,0.0
hungarian,1092,default,133,20,20,72.95,0,4,64.59615384615384,30.0,0,40,60,478,E4,20,20,0.3,0.0
no_coordination,1093,default,340,20,20,144.35,13,4,116.15384615384616,35.666666666666664,806,88,0,0,E4,20,20,0.3,0.0
claim,1093,default,184,20,20,95.0,2,4,81.82692307692308,35.666666666666664,59,88,22,22,E4,20,20,0.3,0.0
mas,1093,default,175,20,20,86.7,0,4,72.65384615384616,29.333333333333332,0,90,46,69,E4,20,20,0.3,0.0
mas_iterative,1093,default,176,20,20,86.3,0,4,72.21153846153847,29.0,0,92,48,72,E4,20,20,0.3,0.0
hungarian,1093,default,176,20,20,86.3,0,4,72.21153846153847,29.0,0,92,60,464,E4,20,20,0.3,0.0
no_coordination,1094,default,394,20,20,194.2,15,4,169.9433962264151,81.33333333333333,987,63,0,0,E4,20,20,0.3,0.0
claim,1094,default,238,20,20,146.55,4,4,133.33962264150944,81.33333333333333,277,77,30,30,E4,20,20,0.3,0.0
mas,1094,default,187,20,20,98.55,0,4,87.56603773584905,47.666666666666664,0,78,46,70,E4,20,20,0.3,0.0
mas_iterative,1094,default,187,20,20,98.15,0,4,87.18867924528301,47.666666666666664,0,76,48,73,E4,20,20,0.3,0.0
hungarian,1094,default,188,20,20,98.6,0,4,87.73584905660377,47.666666666666664,0,74,60,476,E4,20,20,0.3,0.0
no_coordination,1095,default,234,20,20,117.1,18,4,99.17543859649123,44.5,395,44,0,0,E4,20,20,0.3,0.0
claim,1095,default,219,20,20,101.45,7,4,86.49122807017544,42.333333333333336,300,45,31,31,E4,20,20,0.3,0.0
mas,1095,default,167,20,20,76.25,0,4,66.08771929824562,38.333333333333336,0,126,48,72,E4,20,20,0.3,0.0
mas_iterative,1095,default,174,20,20,75.5,0,4,65.17543859649123,37.333333333333336,0,148,50,75,E4,20,20,0.3,0.0
hungarian,1095,default,168,20,20,75.6,0,4,65.42105263157895,37.833333333333336,0,128,60,476,E4,20,20,0.3,0.0
no_coordination,1096,default,418,20,20,218.6,15,4,161.72916666666666,48.2,1090,60,0,0,E4,20,20,0.3,0.0
claim,1096,default,207,20,20,113.75,4,4,90.5625,45.6,101,77,24,24,E4,20,20,0.3,0.0
mas,1096,default,192,20,20,93.55,0,4,73.375,40.4,0,110,50,75,E4,20,20,0.3,0.0
mas_iterative,1096,default,191,20,20,92.6,0,4,72.4375,39.8,0,104,48,72,E4,20,20,0.3,0.0
hungarian,1096,default,194,20,20,94.2,0,4,73.22916666666667,33.8,0,112,60,474,E4,20,20,0.3,0.0
no_coordination,1097,default,372,20,20,169.65,18,4,122.88636363636364,38.5,928,59,0,0,E4,20,20,0.3,0.0
claim,1097,default,184,20,20,93.75,2,4,74.3409090909091,38.5,57,98,22,22,E4,20,20,0.3,0.0
mas,1097,default,170,20,20,81.85,0,4,63.04545454545455,32.5,0,94,48,72,E4,20,20,0.3,0.0
mas_iterative,1097,default,170,20,20,81.05,0,4,62.34090909090909,32.25,0,92,48,72,E4,20,20,0.3,0.0
hungarian,1097,default,170,20,20,80.85,0,4,62.25,32.25,0,96,60,476,E4,20,20,0.3,0.0
no_coordination,1098,default,302,20,20,140.7,13,4,107.88235294117646,46.0,661,45,0,0,E4,20,20,0.3,0.0
claim,1098,default,191,20,20,100.2,3,4,82.45098039215686,44.166666666666664,99,65,23,23,E4,20,20,0.3,0.0
mas,1098,default,177,20,20,88.35,0,4,71.27450980392157,36.833333333333336,0,68,46,69,E4,20,20,0.3,0.0
mas_iterative,1098,default,175,20,20,88.5,0,4,71.2156862745098,36.666666666666664,0,58,48,72,E4,20,20,0.3,0.0
hungarian,1098,default,175,20,20,88.1,0,4,70.90196078431373,36.333333333333336,0,60,60,476,E4,20,20,0.3,0.0
no_coordination,1099,default,361,20,20,172.65,17,4,133.10638297872342,44.0,944,59,0,0,E4,20,20,0.3,0.0
claim,1099,default,213,20,20,107.05,8,4,86.04255319148936,39.666666666666664,281,87,34,34,E4,20,20,0.3,0.0
mas,1099,default,160,20,20,79.2,0,4,65.02127659574468,33.333333333333336,0,98,44,66,E4,20,20,0.3,0.0
mas_iterative,1099,default,159,20,20,78.65,0,4,64.51063829787235,33.0,0,94,46,69,E4,20,20,0.3,0.0
hungarian,1099,default,159,20,20,78.05,0,4,64.36170212765957,33.0,0,92,60,472,E4,20,20,0.3,0.0
no_coordination,1101,default,291,20,20,156.25,15,4,121.26530612244898,57.4,577,45,0,0,E4,20,20,0.3,0.0
claim,1101,default,212,20,20,115.8,2,4,93.10204081632654,54.0,67,72,22,22,E4,20,20,0.3,0.0
mas,1101,default,193,20,20,99.1,0,4,77.14285714285714,38.2,0,70,48,72,E4,20,20,0.3,0.0
mas_iterative,1101,default,193,20,20,99.5,0,4,77.44897959183673,38.2,0,64,48,72,E4,20,20,0.3,0.0
hungarian,1101,default,197,20,20,99.85,0,4,77.75510204081633,38.2,0,80,60,474,E4,20,20,0.3,0.0
no_coordination,1102,default,261,20,20,136.95,16,4,117.86440677966101,70.66666666666667,504,45,0,0,E4,20,20,0.3,0.0
claim,1102,default,170,20,20,89.85,4,4,79.50847457627118,57.666666666666664,101,82,24,24,E4,20,20,0.3,0.0
mas,1102,default,177,20,20,78.4,0,4,68.37288135593221,40.666666666666664,0,164,50,75,E4,20,20,0.3,0.0
mas_iterative,1102,default,174,20,20,77.4,0,4,67.62711864406779,40.0,0,150,46,69,E4,20,20,0.3,0.0
hungarian,1102,default,141,20,20,74.6,0,4,65.13559322033899,40.0,0,60,60,476,E4,20,20,0.3,0.0
no_coordination,1103,default,268,20,20,132.75,15,4,112.05555555555556,40.5,581,48,0,0,E4,20,20,0.3,0.0
claim,1103,default,174,20,20,91.5,2,4,79.72222222222223,40.5,65,85,22,22,E4,20,20,0.3,0.0
mas,1103,default,165,20,20,79.45,0,4,68.16666666666667,34.5,0,106,44,66,E4,20,20,0.3,0.0
mas_iterative,1103,default,164,20,20,78.9,0,4,67.64814814814815,34.25,0,102,46,69,E4,20,20,0.3,0.0
hungarian,1103,default,161,20,20,78.65,0,4,67.51851851851852,34.25,0,92,60,474,E4,20,20,0.3,0.0
no_coordination,1104,default,323,20,20,150.0,17,4,115.45652173913044,35.0,751,52,0,0,E4,20,20,0.3,0.0
claim,1104,default,188,20,20,91.0,3,4,74.84782608695652,35.0,75,121,23,23,E4,20,20,0.3,0.0
mas,1104,default,171,20,20,81.35,0,4,65.69565217391305,30.0,0,96,50,75,E4,20,20,0.3,0.0
mas_iterative,1104,default,167,20,20,79.9,0,4,64.5,29.75,0,80,50,75,E4,20,20,0.3,0.0
hungarian,1104,default,167,20,20,79.9,0,4,64.5,29.75,0,80,60,478,E4,20,20,0.3,0.0
no_coordination,1106,default,350,20,20,154.75,14,4,124.62264150943396,56.6,875,52,0,0,E4,20,20,0.3,0.0
claim,1106,default,262,20,20,137.15,8,4,115.47169811320755,57.6,408,95,37,37,E4,20,20,0.3,0.0
mas,1106,default,155,20,20,79.75,0,4,66.83018867924528,37.8,0,46,46,70,E4,20,20,0.3,0.0
mas_iterative,1106,default,154,20,20,79.2,0,4,66.32075471698113,37.4,0,40,46,70,E4,20,20,0.3,0.0
hungarian,1106,default,154,20,20,79.2,0,4,66.32075471698113,37.4,0,40,60,472,E4,20,20,0.3,0.0
no_coordination,1107,default,252,20,20,129.45,17,4,107.42857142857143,47.0,575,49,0,0,E4,20,20,0.3,0.0
claim,1107,default,146,20,20,75.45,2,4,67.20408163265306,47.0,57,75,22,22,E4,20,20,0.3,0.0
mas,1107,default,139,20,20,66.25,0,4,58.42857142857143,35.5,0,92,50,75,E4,20,20,0.3,0.0
mas_iterative,1107,default,137,20,20,64.5,0,4,56.816326530612244,35.0,0,88,48,72,E4,20,20,0.3,0.0
hungarian,1107,default,127,20,20,64.25,0,4,55.93877551020408,38.5,0,40,60,474,E4,20,20,0.3,0.0
no_coordination,1108,default,282,20,20,135.3,17,4,107.42592592592592,36.8,604,46,0,0,E4,20,20,0.3,0.0
claim,1108,default,190,20,20,94.85,3,4,80.88888888888889,38.2,81,105,23,23,E4,20,20,0.3,0.0
mas,1108,default,161,20,20,76.1,0,4,63.81481481481482,38.2,0,98,46,69,E4,20,20,0.3,0.0
mas_iterative,1108,default,161,20,20,75.55,0,4,63.31481481481482,38.0,0,98,46,69,E4,20,20,0.3,0.0
hungarian,1108,default,159,20,20,75.0,0,4,63.51851851851852,38.0,0,88,60,474,E4,20,20,0.3,0.0
no_coordination,1109,default,284,20,20,145.7,16,4,112.37209302325581,33.5,664,50,0,0,E4,20,20,0.3,0.0
claim,1109,default,176,20,20,82.45,3,4,67.27906976744185,33.5,69,119,23,23,E4,20,20,0.3,0.0
mas,1109,default,166,20,20,73.85,0,4,60.372093023255815,28.0,0,125,50,75,E4,20,20,0.3,0.0
mas_iterative,1109,default,165,20,20,72.8,0,4,59.41860465116279,27.5,0,121,50,75,E4,20,20,0.3,0.0
hungarian,1109,default,171,20,20,75.05,0,4,60.13953488372093,28.0,0,133,60,478,E4,20,20,0.3,0.0
no_coordination,1110,default,360,20,20,155.35,16,4,129.0983606557377,54.0,937,56,0,0,E4,20,20,0.3,0.0
claim,1110,default,186,20,20,100.3,6,4,88.8688524590164,53.714285714285715,141,73,26,26,E4,20,20,0.3,0.0
mas,1110,default,166,20,20,79.7,0,4,69.24590163934427,38.857142857142854,0,90,44,66,E4,20,20,0.3,0.0
mas_iterative,1110,default,166,20,20,79.25,0,4,68.78688524590164,38.285714285714285,0,90,46,69,E4,20,20,0.3,0.0
hungarian,1110,default,166,20,20,79.25,0,4,68.78688524590164,38.285714285714285,0,90,60,474,E4,20,20,0.3,0.0
no_coordination,1111,default,335,20,20,148.6,17,4,115.32,50.0,836,58,0,0,E4,20,20,0.3,0.0
claim,1111,default,194,20,20,94.25,6,4,76.52,43.8,207,74,29,29,E4,20,20,0.3,0.0
mas,1111,default,162,20,20,79.2,0,4,63.86,39.8,0,74,44,66,E4,20,20,0.3,0.0
mas_iterative,1111,default,162,20,20,78.75,0,4,63.38,39.4,0,74,44,66,E4,20,20,0.3,0.0
hungarian,1111,default,160,20,20,75.95,0,4,62.4,39.6,0,102,60,472,E4,20,20,0.3,0.0
no_coordination,1112,default,313,20,20,168.9,17,4,140.48888888888888,41.0,741,52,0,0,E4,20,20,0.3,0.0
claim,1112,default,311,20,20,182.8,10,4,153.11111111111111,41.0,648,85,46,46,E4,20,20,0.3,0.0
mas,1112,default,158,20,20,77.7,0,4,64.97777777777777,37.5,0,92,46,70,E4,20,20,0.3,0.0
mas_iterative,1112,default,150,20,20,76.6,0,4,63.71111111111111,37.0,0,60,48,73,E4,20,20,0.3,0.0
hungarian,1112,default,157,20,20,81.3,0,4,67.22222222222223,28.5,0,64,60,474,E4,20,20,0.3,0.0
no_coordination,1113,default,279,20,20,130.5,19,4,102.45283018867924,52.0,539,119,0,0,E4,20,20,0.3,0.0
claim,1113,default,200,20,20,100.75,5,4,82.54716981132076,49.8,142,121,25,25,E4,20,20,0.3,0.0
mas,1113,default,166,20,20,77.3,0,4,63.15094339622642,45.0,0,117,50,75,E4,20,20,0.3,0.0
mas_iterative,1113,default,166,20,20,76.5,0,4,62.320754716981135,44.0,0,115,46,69,E4,20,20,0.3,0.0
hungarian,1113,default,172,20,20,77.9,0,4,62.37735849056604,37.0,0,125,60,470,E4,20,20,0.3,0.0
no_coordination,1114,default,303,20,20,135.45,17,4,101.01923076923077,54.333333333333336,680,49,0,0,E4,20,20,0.3,0.0
claim,1114,default,195,20,20,98.0,3,4,78.5576923076923,53.666666666666664,81,99,23,23,E4,20,20,0.3,0.0
mas,1114,default,181,20,20,85.2,0,4,66.07692307692308,40.666666666666664,0,102,46,69,E4,20,20,0.3,0.0
mas_iterative,1114,default,180,20,20,84.5,0,4,65.4423076923077,40.166666666666664,0,98,46,69,E4,20,20,0.3,0.0
hungarian,1114,default,180,20,20,84.5,0,4,65.4423076923077,40.166666666666664,0,98,60,474,E4,20,20,0.3,0.0
no_coordination,1115,default,286,20,20,130.3,16,4,98.22916666666667,51.0,700,57,0,0,E4,20,20,0.3,0.0
claim,1115,default,200,20,20,104.75,6,4,85.47916666666667,51.0,204,144,29,29,E4,20,20,0.3,0.0
mas,1115,default,139,20,20,61.15,0,4,49.895833333333336,35.2,0,146,53,81,E4,20,20,0.3,0.0
mas_iterative,1115,default,134,20,20,60.1,0,4,48.854166666666664,34.4,0,124,55,84,E4,20,20,0.3,0.0
hungarian,1115,default,119,20,20,59.6,0,4,48.645833333333336,34.4,0,74,60,482,E4,20,20,0.3,0.0
no_coordination,1116,default,196,20,20,105.2,14,4,84.21428571428571,30.5,357,41,0,0,E4,20,20,0.3,0.0
claim,1116,default,160,20,20,86.25,3,4,71.73809523809524,30.5,99,107,23,23,E4,20,20,0.3,0.0
mas,1116,default,138,20,20,68.75,0,4,56.92857142857143,30.5,0,92,44,66,E4,20,20,0.3,0.0
mas_iterative,1116,default,137,20,20,68.3,0,4,56.476190476190474,30.5,0,88,46,69,E4,20,20,0.3,0.0
hungarian,1116,default,137,20,20,68.3,0,4,56.476190476190474,30.5,0,88,60,474,E4,20,20,0.3,0.0
no_coordination,1117,default,271,20,20,106.8,14,4,84.28301886792453,38.6,608,43,0,0,E4,20,20,0.3,0.0
claim,1117,default,179,20,20,83.45,4,4,68.75471698113208,38.0,141,81,25,25,E4,20,20,0.3,0.0
mas,1117,default,146,20,20,67.55,0,4,56.886792452830186,32.4,0,86,48,72,E4,20,20,0.3,0.0
mas_iterative,1117,default,145,20,20,66.75,0,4,56.132075471698116,32.2,0,82,50,75,E4,20,20,0.3,0.0
hungarian,1117,default,145,20,20,66.75,0,4,56.132075471698116,32.2,0,82,60,476,E4,20,20,0.3,0.0
no_coordination,1118,default,373,20,20,147.65,15,4,117.79245283018868,46.25,933,57,0,0,E4,20,20,0.3,0.0
claim,1118,default,201,20,20,91.4,8,4,78.47169811320755,44.0,223,110,30,30,E4,20,20,0.3,0.0
mas,1118,default,128,20,20,61.5,0,4,54.528301886792455,40.5,0,156,49,74,E4,20,20,0.3,0.0
mas_iterative,1118,default,135,20,20,69.45,0,4,60.075471698113205,40.5,0,80,56,85,E4,20,20,0.3,0.0
hungarian,1118,default,135,20,20,69.65,0,4,60.22641509433962,40.5,0,76,60,486,E4,20,20,0.3,0.0
no_coordination,1119,default,250,20,20,121.05,17,4,101.93877551020408,39.0,529,48,0,0,E4,20,20,0.3,0.0
claim,1119,default,190,20,20,92.7,6,4,79.75510204081633,39.0,204,58,29,29,E4,20,20,0.3,0.0
mas,1119,default,155,20,20,75.3,0,4,64.59183673469387,27.5,0,88,48,72,E4,20,20,0.3,0.0
mas_iterative,1119,default,151,20,20,74.2,0,4,63.61224489795919,27.0,0,76,50,75,E4,20,20,0.3,0.0
hungarian,1119,default,156,20,20,74.75,0,4,63.83673469387755,27.0,0,90,60,478,E4,20,20,0.3,0.0
no_coordination,1120,default,237,20,20,127.7,15,4,105.77272727272727,51.5,501,42,0,0,E4,20,20,0.3,0.0
claim,1120,default,176,20,20,87.6,2,4,76.54545454545455,51.5,57,125,22,22,E4,20,20,0.3,0.0
mas,1120,default,159,20,20,77.55,0,4,66.72727272727273,38.5,0,100,46,69,E4,20,20,0.3,0.0
mas_iterative,1120,default,157,20,20,76.85,0,4,66.06818181818181,38.0,0,92,48,72,E4,20,20,0.3,0.0
hungarian,1120,default,157,20,20,76.85,0,4,66.06818181818181,38.0,0,92,60,474,E4,20,20,0.3,0.0
no_coordination,1121,default,282,20,20,139.15,19,4,107.06521739130434,44.0,562,60,0,0,E4,20,20,0.3,0.0
claim,1121,default,180,20,20,81.95,6,4,68.82608695652173,44.0,233,80,31,31,E4,20,20,0.3,0.0
mas,1121,default,157,20,20,74.3,0,4,60.891304347826086,37.0,0,154,53,80,E4,20,20,0.3,0.0
mas_iterative,1121,default,156,20,20,74.95,0,4,61.369565217391305,36.5,0,113,48,72,E4,20,20,0.3,0.0
hungarian,1121,default,147,20,20,70.25,0,4,58.21739130434783,36.0,0,151,60,476,E4,20,20,0.3,0.0
no_coordination,1123,default,227,20,20,111.4,14,4,87.33333333333333,40.4,427,42,0,0,E4,20,20,0.3,0.0
claim,1123,default,169,20,20,90.1,5,4,74.97916666666667,39.8,127,67,25,25,E4,20,20,0.3,0.0
mas,1123,default,155,20,20,78.1,0,4,64.64583333333333,32.2,0,80,46,69,E4,20,20,0.3,0.0
mas_iterative,1123,default,149,20,20,72.4,0,4,60.0625,31.8,0,82,48,72,E4,20,20,0.3,0.0
hungarian,1123,default,145,20,20,71.85,0,4,60.041666666666664,31.8,0,68,60,476,E4,20,20,0.3,0.0
no_coordination,1124,default,204,20,20,102.3,13,4,87.77777777777777,34.0,358,39,0,0,E4,20,20,0.3,0.0
claim,1124,default,156,20,20,84.35,2,4,73.66666666666667,34.0,57,46,22,22,E4,20,20,0.3,0.0
mas,1124,default,167,20,20,76.15,0,4,66.4074074074074,28.333333333333332,0,141,50,75,E4,20,20,0.3,0.0
mas_iterative,1124,default,161,20,20,73.6,0,4,64.07407407407408,28.0,0,127,48,72,E4,20,20,0.3,0.0
hungarian,1124,default,161,20,20,73.1,0,4,63.7962962962963,28.0,0,127,60,476,E4,20,20,0.3,0.0
no_coordination,1125,default,373,20,20,180.25,17,4,137.38297872340425,36.0,932,59,0,0,E4,20,20,0.3,0.0
claim,1125,default,224,20,20,110.05,8,4,87.95744680851064,36.0,297,40,32,32,E4,20,20,0.3,0.0
mas,1125,default,180,20,20,81.25,0,4,64.51063829787235,28.0,0,118,48,72,E4,20,20,0.3,0.0
mas_iterative,1125,default,179,20,20,80.45,0,4,63.765957446808514,27.666666666666668,0,114,50,75,E4,20,20,0.3,0.0
hungarian,1125,default,179,20,20,80.45,0,4,63.765957446808514,27.666666666666668,0,114,60,478,E4,20,20,0.3,0.0
no_coordination,1126,default,256,20,20,114.25,16,4,87.66,50.5,545,52,0,0,E4,20,20,0.3,0.0
claim,1126,default,137,20,20,70.75,2,4,59.3,44.75,57,82,22,22,E4,20,20,0.3,0.0
mas,1126,default,127,20,20,62.25,0,4,51.28,38.25,0,82,46,69,E4,20,20,0.3,0.0
mas_iterative,1126,default,126,20,20,61.55,0,4,50.6,37.5,0,78,50,75,E4,20,20,0.3,0.0
hungarian,1126,default,122,20,20,61.0,0,4,50.6,37.5,0,62,60,478,E4,20,20,0.3,0.0
no_coordination,1127,default,257,20,20,107.35,13,4,94.0204081632653,28.333333333333332,557,42,0,0,E4,20,20,0.3,0.0
claim,1127,default,163,20,20,82.05,2,4,73.81632653061224,28.333333333333332,57,93,22,22,E4,20,20,0.3,0.0
mas,1127,default,146,20,20,70.75,0,4,63.30612244897959,28.333333333333332,0,85,50,75,E4,20,20,0.3,0.0
mas_iterative,1127,default,143,20,20,69.5,0,4,62.224489795918366,28.333333333333332,0,75,48,72,E4,20,20,0.3,0.0
hungarian,1127,default,143,20,20,69.5,0,4,62.224489795918366,28.333333333333332,0,75,60,476,E4,20,20,0.3,0.0
no_coordination,1128,default,279,20,20,134.25,13,4,104.41304347826087,36.666666666666664,593,42,0,0,E4,20,20,0.3,0.0
claim,1128,default,171,20,20,90.35,2,4,75.54347826086956,36.666666666666664,61,93,22,22,E4,20,20,0.3,0.0
mas,1128,default,156,20,20,79.1,0,4,64.8695652173913,36.666666666666664,0,95,44,66,E4,20,20,0.3,0.0
mas_iterative,1128,default,156,20,20,78.95,0,4,64.71739130434783,36.666666666666664,0,93,46,69,E4,20,20,0.3,0.0
hungarian,1128,default,164,20,20,83.2,0,4,68.28260869565217,30.666666666666668,0,93,60,476,E4,20,20,0.3,0.0
no_coordination,1129,default,282,20,20,123.1,13,4,105.14285714285714,27.0,604,43,0,0,E4,20,20,0.3,0.0
claim,1129,default,186,20,20,96.5,2,4,85.65306122448979,27.0,58,94,22,22,E4,20,20,0.3,0.0
mas,1129,default,155,20,20,80.55,0,4,70.9795918367347,27.0,0,64,44,66,E4,20,20,0.3,0.0
mas_iterative,1129,default,154,20,20,80.05,0,4,70.53061224489795,27.0,0,60,44,66,E4,20,20,0.3,0.0
hungarian,1129,default,154,20,20,80.15,0,4,70.61224489795919,27.0,0,58,60,472,E4,20,20,0.3,0.0
no_coordination,1130,default,321,20,20,135.2,16,4,108.71428571428571,48.0,781,58,0,0,E4,20,20,0.3,0.0
claim,1130,default,192,20,20,97.95,4,4,83.48214285714286,47.0,95,115,24,24,E4,20,20,0.3,0.0
mas,1130,default,164,20,20,80.85,0,4,67.78571428571429,42.0,0,86,48,72,E4,20,20,0.3,0.0
mas_iterative,1130,default,163,20,20,80.1,0,4,67.01785714285714,41.2,0,80,48,72,E4,20,20,0.3,0.0
hungarian,1130,default,169,20,20,80.0,0,4,67.14285714285714,41.2,0,102,60,476,E4,20,20,0.3,0.0
no_coordination,1131,default,279,20,20,136.05,17,4,111.96610169491525,66.625,648,49,0,0,E4,20,20,0.3,0.0
claim,1131,default,170,20,20,90.35,2,4,79.15254237288136,57.0,57,88,22,22,E4,20,20,0.3,0.0
mas,1131,default,160,20,20,78.5,0,4,67.30508474576271,46.5,0,104,48,72,E4,20,20,0.3,0.0
mas_iterative,1131,default,159,20,20,77.65,0,4,66.49152542372882,45.75,0,100,52,78,E4,20,20,0.3,0.0
hungarian,1131,default,159,20,20,77.8,0,4,66.47457627118644,45.75,0,100,60,480,E4,20,20,0.3,0.0
no_coordination,1132,default,249,20,20,130.05,15,4,107.33962264150944,38.666666666666664,498,70,0,0,E4,20,20,0.3,0.0
claim,1132,default,154,20,20,90.1,8,4,78.64150943396227,38.666666666666664,142,47,29,29,E4,20,20,0.3,0.0
mas,1132,default,145,20,20,73.5,0,4,65.71698113207547,36.333333333333336,0,130,56,85,E4,20,20,0.3,0.0
mas_iterative,1132,default,146,20,20,72.85,0,4,64.9245283018868,35.666666666666664,0,124,51,77,E4,20,20,0.3,0.0
hungarian,1132,default,146,20,20,72.85,0,4,64.9245283018868,35.666666666666664,0,124,60,480,E4,20,20,0.3,0.0
no_coordination,1133,default,322,20,20,142.1,17,4,115.77358490566037,38.75,809,56,0,0,E4,20,20,0.3,0.0
claim,1133,default,180,20,20,89.3,3,4,77.15094339622641,36.0,75,101,23,23,E4,20,20,0.3,0.0
mas,1133,default,155,20,20,74.05,0,4,63.471698113207545,35.5,0,74,44,66,E4,20,20,0.3,0.0
mas_iterative,1133,default,154,20,20,73.65,0,4,63.056603773584904,35.25,0,68,48,72,E4,20,20,0.3,0.0
hungarian,1133,default,154,20,20,73.3,0,4,62.9622641509434,35.25,0,70,60,474,E4,20,20,0.3,0.0
no_coordination,1134,default,254,20,20,119.15,16,4,99.63265306122449,29.5,536,50,0,0,E4,20,20,0.3,0.0
claim,1134,default,174,20,20,86.7,4,4,75.51020408163265,29.5,99,88,24,24,E4,20,20,0.3,0.0
mas,1134,default,172,20,20,74.7,0,4,63.91836734693877,29.5,0,166,51,77,E4,20,20,0.3,0.0
mas_iterative,1134,default,172,20,20,74.3,0,4,63.57142857142857,29.5,0,164,53,80,E4,20,20,0.3,0.0
hungarian,1134,default,172,20,20,74.3,0,4,63.57142857142857,29.5,0,164,64,480,E4,20,20,0.3,0.0
no_coordination,1135,default,316,20,20,137.15,16,4,107.41666666666667,48.0,736,52,0,0,E4,20,20,0.3,0.0
claim,1135,default,166,20,20,88.85,2,4,75.79166666666667,44.4,59,31,22,22,E4,20,20,0.3,0.0
mas,1135,default,157,20,20,78.55,0,4,65.97916666666667,34.8,0,44,50,75,E4,20,20,0.3,0.0
mas_iterative,1135,default,155,20,20,77.15,0,4,64.75,34.2,0,38,46,69,E4,20,20,0.3,0.0
hungarian,1135,default,154,20,20,77.0,0,4,64.625,34.2,0,36,60,474,E4,20,20,0.3,0.0
no_coordination,1136,default,309,20,20,149.6,16,4,121.31372549019608,61.6,606,46,0,0,E4,20,20,0.3,0.0
claim,1136,default,204,20,20,122.2,6,4,105.27450980392157,63.8,178,59,26,26,E4,20,20,0.3,0.0
mas,1136,default,186,20,20,90.5,0,4,76.62745098039215,41.2,0,115,50,75,E4,20,20,0.3,0.0
mas_iterative,1136,default,176,20,20,90.1,0,4,75.50980392156863,40.4,0,73,48,72,E4,20,20,0.3,0.0
hungarian,1136,default,172,20,20,88.25,0,4,73.6470588235294,39.0,0,65,60,474,E4,20,20,0.3,0.0
no_coordination,1137,default,297,20,20,136.75,16,4,103.53191489361703,38.75,648,47,0,0,E4,20,20,0.3,0.0
claim,1137,default,165,20,20,87.15,3,4,72.8936170212766,38.75,69,99,23,23,E4,20,20,0.3,0.0
mas,1137,default,184,20,20,85.95,0,4,68.91489361702128,30.25,0,125,46,69,E4,20,20,0.3,0.0
mas_iterative,1137,default,160,20,20,81.45,0,4,65.85106382978724,29.5,0,77,51,77,E4,20,20,0.3,0.0
hungarian,1137,default,160,20,20,81.4,0,4,65.7872340425532,29.5,0,74,60,464,E4,20,20,0.3,0.0
no_coordination,1138,default,264,20,20,129.7,14,4,110.01851851851852,42.75,554,48,0,0,E4,20,20,0.3,0.0
claim,1138,default,176,20,20,84.85,2,4,75.07407407407408,37.5,63,139,22,22,E4,20,20,0.3,0.0
mas,1138,default,157,20,20,71.95,0,4,63.092592592592595,31.5,0,122,44,66,E4,20,20,0.3,0.0
mas_iterative,1138,default,156,20,20,71.4,0,4,62.574074074074076,31.25,0,118,44,66,E4,20,20,0.3,0.0
hungarian,1138,default,156,20,20,71.4,0,4,62.574074074074076,31.25,0,118,60,472,E4,20,20,0.3,0.0
no_coordination,1139,default,296,20,20,155.85,14,4,130.12962962962962,58.5,608,140,0,0,E4,20,20,0.3,0.0
claim,1139,default,174,20,20,106.95,3,4,94.61111111111111,56.0,82,135,23,23,E4,20,20,0.3,0.0
mas,1139,default,166,20,20,78.95,0,4,70.79629629629629,39.75,0,122,48,72,E4,20,20,0.3,0.0
mas_iterative,1139,default,165,20,20,78.0,0,4,69.87037037037037,39.0,0,120,46,69,E4,20,20,0.3,0.0
hungarian,1139,default,165,20,20,78.0,0,4,69.87037037037037,39.0,0,120,60,474,E4,20,20,0.3,0.0
no_coordination,1140,default,303,20,20,146.1,19,4,115.0,36.25,717,53,0,0,E4,20,20,0.3,0.0
claim,1140,default,166,20,20,89.95,2,4,74.64583333333333,36.25,57,43,22,22,E4,20,20,0.3,0.0
mas,1140,default,171,20,20,79.0,0,4,64.10416666666667,31.5,0,114,50,75,E4,20,20,0.3,0.0
mas_iterative,1140,default,167,20,20,77.55,0,4,62.8125,31.25,0,102,48,72,E4,20,20,0.3,0.0
hungarian,1140,default,167,20,20,77.55,0,4,62.8125,31.25,0,102,60,462,E4,20,20,0.3,0.0
no_coordination,1141,default,314,20,20,138.2,15,4,108.54545454545455,64.125,742,49,0,0,E4,20,20,0.3,0.0
claim,1141,default,183,20,20,96.4,4,4,80.41818181818182,53.375,109,69,24,24,E4,20,20,0.3,0.0
mas,1141,default,164,20,20,85.05,0,4,69.72727272727273,41.75,0,85,52,78,E4,20,20,0.3,0.0
mas_iterative,1141,default,158,20,20,80.35,0,4,67.01818181818182,42.75,0,46,48,72,E4,20,20,0.3,0.0
hungarian,1141,default,158,20,20,80.35,0,4,67.01818181818182,42.75,0,46,60,476,E4,20,20,0.3,0.0
no_coordination,1142,default,329,20,20,145.55,17,4,117.92,41.25,763,50,0,0,E4,20,20,0.3,0.0
claim,1142,default,189,20,20,95.35,2,4,81.86,41.25,57,114,22,22,E4,20,20,0.3,0.0
mas,1142,default,159,20,20,83.55,0,4,70.42,34.25,0,50,46,69,E4,20,20,0.3,0.0
mas_iterative,1142,default,160,20,20,83.45,0,4,70.2,34.0,0,50,50,75,E4,20,20,0.3,0.0
hungarian,1142,default,160,20,20,83.65,0,4,70.42,34.0,0,48,60,474,E4,20,20,0.3,0.0
no_coordination,1143,default,288,20,20,128.8,17,4,95.13953488372093,52.333333333333336,624,46,0,0,E4,20,20,0.3,0.0
claim,1143,default,194,20,20,94.15,2,4,72.4186046511628,43.333333333333336,57,109,22,22,E4,20,20,0.3,0.0
mas,1143,default,182,20,20,82.25,0,4,62.16279069767442,42.666666666666664,0,118,48,72,E4,20,20,0.3,0.0
mas_iterative,1143,default,182,20,20,81.35,0,4,61.348837209302324,42.0,0,120,48,72,E4,20,20,0.3,0.0
hungarian,1143,default,182,20,20,81.35,0,4,61.348837209302324,42.0,0,120,60,476,E4,20,20,0.3,0.0
no_coordination,1144,default,315,20,20,155.4,16,4,122.29411764705883,58.166666666666664,754,49,0,0,E4,20,20,0.3,0.0
claim,1144,default,220,20,20,127.7,4,4,104.66666666666667,58.0,207,108,28,28,E4,20,20,0.3,0.0
mas,1144,default,167,20,20,84.7,0,4,67.15686274509804,39.0,0,80,50,76,E4,20,20,0.3,0.0
mas_iterative,1144,default,167,20,20,83.7,0,4,66.09803921568627,37.833333333333336,0,76,48,73,E4,20,20,0.3,0.0
hungarian,1144,default,169,20,20,84.2,0,4,66.6078431372549,38.5,0,82,60,474,E4,20,20,0.3,0.0
no_coordination,1145,default,274,20,20,128.4,14,4,98.92857142857143,56.25,618,45,0,0,E4,20,20,0.3,0.0
claim,1145,default,172,20,20,86.8,2,4,71.69642857142857,49.25,59,104,22,22,E4,20,20,0.3,0.0
mas,1145,default,167,20,20,78.35,0,4,63.19642857142857,40.25,0,122,51,77,E4,20,20,0.3,0.0
mas_iterative,1145,default,167,20,20,77.4,0,4,62.19642857142857,39.25,0,120,50,75,E4,20,20,0.3,0.0
hungarian,1145,default,168,20,20,77.55,0,4,62.375,39.5,0,122,60,474,E4,20,20,0.3,0.0
no_coordination,1146,default,333,20,20,140.95,13,4,119.74545454545455,50.5,781,49,0,0,E4,20,20,0.3,0.0
claim,1146,default,165,20,20,91.95,2,4,82.63636363636364,46.75,61,58,22,22,E4,20,20,0.3,0.0
mas,1146,default,157,20,20,83.3,0,4,73.47272727272727,35.75,0,62,48,72,E4,20,20,0.3,0.0
mas_iterative,1146,default,158,20,20,81.9,0,4,72.12727272727273,34.5,0,68,46,69,E4,20,20,0.3,0.0
hungarian,1146,default,158,20,20,82.7,0,4,72.74545454545455,34.5,0,62,60,474,E4,20,20,0.3,0.0
no_coordination,1147,default,334,20,20,134.25,16,4,102.48936170212765,42.0,810,58,0,0,E4,20,20,0.3,0.0
claim,1147,default,186,20,20,94.9,2,4,79.23404255319149,42.0,63,94,22,22,E4,20,20,0.3,0.0
mas,1147,default,157,20,20,81.65,0,4,67.53191489361703,32.0,0,44,44,66,E4,20,20,0.3,0.0
mas_iterative,1147,default,156,20,20,81.15,0,4,67.04255319148936,31.666666666666668,0,40,48,72,E4,20,20,0.3,0.0
hungarian,1147,default,169,20,20,81.85,0,4,66.08510638297872,29.333333333333332,0,72,60,474,E4,20,20,0.3,0.0
no_coordination,1149,default,280,20,20,129.2,15,4,103.4423076923077,44.0,646,47,0,0,E4,20,20,0.3,0.0
claim,1149,default,191,20,20,97.15,6,4,83.25,41.666666666666664,175,119,27,27,E4,20,20,0.3,0.0
mas,1149,default,143,20,20,69.0,0,4,59.94230769230769,40.333333333333336,0,86,48,72,E4,20,20,0.3,0.0
mas_iterative,1149,default,143,20,20,67.8,0,4,58.86538461538461,39.666666666666664,0,92,46,69,E4,20,20,0.3,0.0
hungarian,1149,default,143,20,20,68.2,0,4,59.15384615384615,39.666666666666664,0,90,60,474,E4,20,20,0.3,0.0
no_coordination,1150,default,226,20,20,115.2,14,4,88.4375,39.6,437,40,0,0,E4,20,20,0.3,0.0
claim,1150,default,180,20,20,92.2,6,4,75.75,39.6,160,80,27,27,E4,20,20,0.3,0.0
mas,1150,default,161,20,20,77.45,0,4,62.166666666666664,30.4,0,108,55,83,E4,20,20,0.3,0.0
mas_iterative,1150,default,158,20,20,74.7,0,4,59.895833333333336,29.2,0,104,51,77,E4,20,20,0.3,0.0
hungarian,1150,default,156,20,20,71.35,0,4,58.083333333333336,33.0,0,110,60,476,E4,20,20,0.3,0.0
no_coordination,1152,default,351,20,20,154.05,16,4,119.66666666666667,46.5,882,54,0,0,E4,20,20,0.3,0.0
claim,1152,default,179,20,20,95.6,3,4,80.35416666666667,43.25,77,75,23,23,E4,20,20,0.3,0.0
mas,1152,default,162,20,20,82.25,0,4,67.875,32.5,0,64,51,77,E4,20,20,0.3,0.0
mas_iterative,1152,default,160,20,20,80.9,0,4,66.66666666666667,31.75,0,56,46,69,E4,20,20,0.3,0.0
hungarian,1152,default,160,20,20,80.9,0,4,66.66666666666667,31.75,0,56,60,472,E4,20,20,0.3,0.0
no_coordination,1153,default,323,20,20,124.3,15,4,99.13207547169812,46.6,784,54,0,0,E4,20,20,0.3,0.0
claim,1153,default,167,20,20,85.45,3,4,75.45283018867924,46.2,93,125,23,23,E4,20,20,0.3,0.0
mas,1153,default,160,20,20,73.6,0,4,64.81132075471699,41.6,0,167,50,75,E4,20,20,0.3,0.0
mas_iterative,1153,default,161,20,20,77.25,0,4,67.50943396226415,41.2,0,119,46,69,E4,20,20,0.3,0.0
hungarian,1153,default,176,20,20,83.95,0,4,70.81132075471699,41.4,0,157,60,474,E4,20,20,0.3,0.0
no_coordination,1155,default,338,20,20,149.7,17,4,105.3125,48.4,790,79,0,0,E4,20,20,0.3,0.0
claim,1155,default,182,20,20,92.1,2,4,72.41666666666667,41.4,61,77,22,22,E4,20,20,0.3,0.0
mas,1155,default,179,20,20,84.5,0,4,64.54166666666667,30.8,0,78,46,69,E4,20,20,0.3,0.0
mas_iterative,1155,default,178,20,20,82.7,0,4,62.979166666666664,30.2,0,80,44,66,E4,20,20,0.3,0.0
hungarian,1155,default,167,20,20,80.4,0,4,61.5,34.8,0,52,60,474,E4,20,20,0.3,0.0
no_coordination,1156,default,330,20,20,143.7,16,4,122.17021276595744,30.0,793,54,0,0,E4,20,20,0.3,0.0
claim,1156,default,217,20,20,123.0,5,4,110.72340425531915,30.0,223,78,28,28,E4,20,20,0.3,0.0
mas,1156,default,170,20,20,86.55,0,4,75.23404255319149,31.0,0,92,50,76,E4,20,20,0.3,0.0
mas_iterative,1156,default,176,20,20,82.9,0,4,73.55319148936171,31.0,0,108,48,73,E4,20,20,0.3,0.0
hungarian,1156,default,168,20,20,84.95,0,4,74.0,31.0,0,74,60,474,E4,20,20,0.3,0.0
no_coordination,1157,default,330,20,20,156.2,16,4,122.0625,40.333333333333336,740,49,0,0,E4,20,20,0.3,0.0
claim,1157,default,171,20,20,97.3,2,4,83.47916666666667,41.666666666666664,65,52,22,22,E4,20,20,0.3,0.0
mas,1157,default,158,20,20,84.05,0,4,70.77083333333333,34.0,0,61,46,69,E4,20,20,0.3,0.0
mas_iterative,1157,default,157,20,20,83.45,0,4,70.27083333333333,33.666666666666664,0,57,48,72,E4,20,20,0.3,0.0
hungarian,1157,default,157,20,20,83.45,0,4,70.27083333333333,33.666666666666664,0,57,60,476,E4,20,20,0.3,0.0
