policy,seed,scenario,completion_time,victims_total,victims_rescued,avg_waiting_time,duplicate_conflicts,rescue_agents,weighted_wait,critical_wait,wasted_ticks,idle_ticks,messages,message_payload,consensus_rounds,experiment,victims,grid,blockage,comm_loss,arrival_window,burst_length
no_coordination,1000,default,324,20,20,119.05,17,4,91.52173913043478,32.0,854,55,0,0,0,E5,20,20,0.0,0.0,0,0
claim,1000,default,151,20,20,77.9,3,4,64.91304347826087,32.0,71,75,23,23,0,E5,20,20,0.0,0.0,0,0
mas,1000,default,143,20,20,70.05,0,4,57.97826086956522,27.666666666666668,0,80,50,75,0,E5,20,20,0.0,0.0,0,0
mas_iterative,1000,default,142,20,20,69.15,0,4,57.17391304347826,27.333333333333332,0,76,48,72,0,E5,20,20,0.0,0.0,0,0
hungarian,1000,default,140,20,20,66.75,0,4,55.45652173913044,28.333333333333332,0,94,60,474,0,E5,20,20,0.0,0.0,0,0
cbba,1000,default,142,20,20,69.15,0,4,56.91304347826087,27.333333333333332,0,76,572,3048,138,E5,20,20,0.0,0.0,0,0
no_coordination,1001,default,287,20,20,110.3,17,4,91.03571428571429,40.4,685,51,0,0,0,E5,20,20,0.0,0.0,0,0
claim,1001,default,166,20,20,81.15,2,4,71.44642857142857,40.4,61,99,22,22,0,E5,20,20,0.0,0.0,0,0
mas,1001,default,140,20,20,70.7,0,4,61.714285714285715,36.2,0,57,48,72,0,E5,20,20,0.0,0.0,0,0
mas_iterative,1001,default,139,20,20,69.8,0,4,60.910714285714285,35.8,0,53,50,75,0,E5,20,20,0.0,0.0,0,0
hungarian,1001,default,139,20,20,69.8,0,4,60.910714285714285,35.8,0,53,60,476,0,E5,20,20,0.0,0.0,0,0
cbba,1001,default,139,20,20,69.8,0,4,60.910714285714285,35.8,0,53,488,2586,117,E5,20,20,0.0,0.0,0,0
no_coordination,1002,default,299,20,20,127.7,15,4,97.95652173913044,50.0,715,51,0,0,0,E5,20,20,0.0,0.0,0,0
claim,1002,default,178,20,20,88.3,2,4,72.71739130434783,47.0,61,122,22,22,0,E5,20,20,0.0,0.0,0,0
mas,1002,default,168,20,20,79.35,0,4,63.80434782608695,35.75,0,128,50,75,0,E5,20,20,0.0,0.0,0,0
mas_iterative,1002,default,167,20,20,78.25,0,4,62.76086956521739,34.75,0,124,48,72,0,E5,20,20,0.0,0.0,0,0
hungarian,1002,default,163,20,20,77.05,0,4,61.82608695652174,33.75,0,112,60,476,0,E5,20,20,0.0,0.0,0,0
cbba,1002,default,167,20,20,78.25,0,4,62.76086956521739,34.75,0,124,604,3274,146,E5,20,20,0.0,0.0,0,0
no_coordination,1003,default,232,20,20,107.0,15,4,79.54166666666667,46.666666666666664,495,45,0,0,0,E5,20,20,0.0,0.0,0,0
claim,1003,default,171,20,20,82.55,5,4,65.54166666666667,44.5,162,74,27,27,0,E5,20,20,0.0,0.0,0,0
mas,1003,default,144,20,20,69.35,0,4,54.958333333333336,36.333333333333336,0,87,50,75,0,E5,20,20,0.0,0.0,0,0
mas_iterative,1003,default,144,20,20,68.3,0,4,54.0625,35.5,0,87,50,75,0,E5,20,20,0.0,0.0,0,0
hungarian,1003,default,144,20,20,68.3,0,4,54.0625,35.5,0,87,60,476,0,E5,20,20,0.0,0.0,0,0
cbba,1003,default,144,20,20,68.3,0,4,54.0625,35.5,0,87,476,2490,114,E5,20,20,0.0,0.0,0,0
no_coordination,1004,default,320,20,20,139.05,16,4,113.7872340425532,38.333333333333336,766,56,0,0,0,E5,20,20,0.0,0.0,0,0
claim,1004,default,181,20,20,96.3,3,4,82.97872340425532,40.0,94,86,23,23,0,E5,20,20,0.0,0.0,0,0
mas,1004,default,161,20,20,77.2,0,4,65.80851063829788,29.333333333333332,0,107,50,75,0,E5,20,20,0.0,0.0,0,0
mas_iterative,1004,default,160,20,20,76.25,0,4,64.91489361702128,29.0,0,103,48,72,0,E5,20,20,0.0,0.0,0,0
hungarian,1004,default,161,20,20,76.75,0,4,64.57446808510639,29.0,0,89,60,474,0,E5,20,20,0.0,0.0,0,0
cbba,1004,default,160,20,20,76.25,0,4,64.91489361702128,29.0,0,103,564,3030,136,E5,20,20,0.0,0.0,0,0
no_coordination,1005,default,255,20,20,113.2,16,4,95.63636363636364,52.0,589,50,0,0,0,E5,20,20,0.0,0.0,0,0
claim,1005,default,151,20,20,77.3,3,4,69.25454545454545,47.666666666666664,68,111,23,23,0,E5,20,20,0.0,0.0,0,0
mas,1005,default,139,20,20,66.0,0,4,58.10909090909091,38.666666666666664,0,120,48,72,0,E5,20,20,0.0,0.0,0,0
mas_iterative,1005,default,138,20,20,65.25,0,4,57.41818181818182,38.0,0,116,44,66,0,E5,20,20,0.0,0.0,0,0
hungarian,1005,default,138,20,20,65.25,0,4,57.41818181818182,38.0,0,116,60,472,0,E5,20,20,0.0,0.0,0,0
cbba,1005,default,140,20,20,65.25,0,4,57.45454545454545,38.0,0,124,596,3204,144,E5,20,20,0.0,0.0,0,0
no_coordination,1006,default,243,20,20,109.35,17,4,87.48717948717949,38.0,528,49,0,0,0,E5,20,20,0.0,0.0,0,0
claim,1006,default,184,20,20,99.0,6,4,82.02564102564102,38.0,183,104,29,29,0,E5,20,20,0.0,0.0,0,0
mas,1006,default,150,20,20,68.95,0,4,57.35897435897436,29.0,0,103,46,69,0,E5,20,20,0.0,0.0,0,0
mas_iterative,1006,default,149,20,20,68.3,0,4,56.743589743589745,28.5,0,99,46,69,0,E5,20,20,0.0,0.0,0,0
hungarian,1006,default,149,20,20,68.3,0,4,56.743589743589745,28.5,0,99,60,474,0,E5,20,20,0.0,0.0,0,0
cbba,1006,default,149,20,20,68.3,0,4,56.743589743589745,28.5,0,99,552,2938,133,E5,20,20,0.0,0.0,0,0
no_coordination,1007,default,229,20,20,114.9,13,4,94.4,33.0,474,43,0,0,0,E5,20,20,0.0,0.0,0,0
claim,1007,default,142,20,20,80.1,3,4,70.24444444444444,33.0,87,66,23,23,0,E5,20,20,0.0,0.0,0,0
mas,1007,default,126,20,20,68.2,0,4,60.044444444444444,33.0,0,91,46,69,0,E5,20,20,0.0,0.0,0,0
mas_iterative,1007,default,123,20,20,67.25,0,4,59.31111111111111,33.0,0,79,46,69,0,E5,20,20,0.0,0.0,0,0
hungarian,1007,default,126,20,20,67.45,0,4,59.111111111111114,28.0,0,83,60,474,0,E5,20,20,0.0,0.0,0,0
cbba,1007,default,123,20,20,67.45,0,4,59.044444444444444,28.0,0,73,492,2600,118,E5,20,20,0.0,0.0,0,0
no_coordination,1008,default,246,20,20,120.05,17,4,98.44,36.25,443,44,0,0,0,E5,20,20,0.0,0.0,0,0
claim,1008,default,181,20,20,100.1,4,4,86.44,36.25,119,64,24,24,0,E5,20,20,0.0,0.0,0,0
mas,1008,default,156,20,20,78.85,0,4,68.26,30.5,0,64,48,72,0,E5,20,20,0.0,0.0,0,0
mas_iterative,1008,default,156,20,20,77.9,0,4,67.42,30.25,0,64,48,72,0,E5,20,20,0.0,0.0,0,0
hungarian,1008,default,156,20,20,77.9,0,4,67.42,30.25,0,64,60,474,0,E5,20,20,0.0,0.0,0,0
cbba,1008,default,156,20,20,77.9,0,4,67.42,30.25,0,64,572,3054,138,E5,20,20,0.0,0.0,0,0
no_coordination,1009,default,343,20,20,149.25,18,4,117.1063829787234,33.333333333333336,836,55,0,0,0,E5,20,20,0.0,0.0,0,0
claim,1009,default,236,20,20,116.05,6,4,95.0,38.0,209,140,27,27,0,E5,20,20,0.0,0.0,0,0
mas,1009,default,177,20,20,85.75,0,4,70.51063829787235,27.666666666666668,0,90,48,72,0,E5,20,20,0.0,0.0,0,0
mas_iterative,1009,default,175,20,20,84.9,0,4,69.72340425531915,27.333333333333332,0,82,48,72,0,E5,20,20,0.0,0.0,0,0
hungarian,1009,default,173,20,20,84.3,0,4,69.55319148936171,27.333333333333332,0,74,60,476,0,E5,20,20,0.0,0.0,0,0
cbba,1009,default,175,20,20,84.9,0,4,69.72340425531915,27.333333333333332,0,82,520,2732,125,E5,20,20,0.0,0.0,0,0
no_coordination,1010,default,335,20,20,157.4,17,4,131.73584905660377,62.8,865,55,0,0,0,E5,20,20,0.0,0.0,0,0
claim,1010,default,190,20,20,111.5,4,4,98.05660377358491,57.6,206,64,28,28,0,E5,20,20,0.0,0.0,0,0
mas,1010,default,147,20,20,73.0,0,4,62.264150943396224,37.8,0,75,46,70,0,E5,20,20,0.0,0.0,0,0
mas_iterative,1010,default,145,20,20,71.95,0,4,61.283018867924525,37.0,0,67,48,73,0,E5,20,20,0.0,0.0,0,0
hungarian,1010,default,148,20,20,71.8,0,4,61.16981132075472,37.0,0,79,60,474,0,E5,20,20,0.0,0.0,0,0
cbba,1010,default,145,20,20,71.95,0,4,61.283018867924525,37.0,0,67,556,2990,134,E5,20,20,0.0,0.0,0,0
no_coordination,1011,default,252,20,20,125.25,17,4,99.48148148148148,39.4,511,53,0,0,0,E5,20,20,0.0,0.0,0,0
claim,1011,default,167,20,20,80.9,2,4,67.24074074074075,37.2,57,129,22,22,0,E5,20,20,0.0,0.0,0,0
mas,1011,default,156,20,20,72.35,0,4,59.27777777777778,33.4,0,126,48,72,0,E5,20,20,0.0,0.0,0,0
mas_iterative,1011,default,155,20,20,71.5,0,4,58.48148148148148,33.0,0,122,48,72,0,E5,20,20,0.0,0.0,0,0
hungarian,1011,default,155,20,20,71.5,0,4,58.48148148148148,33.0,0,122,60,476,0,E5,20,20,0.0,0.0,0,0
cbba,1011,default,155,20,20,71.5,0,4,58.48148148148148,33.0,0,122,520,2774,125,E5,20,20,0.0,0.0,0,0
no_coordination,1012,default,237,20,20,108.7,15,4,93.84905660377359,42.0,524,49,0,0,0,E5,20,20,0.0,0.0,0,0
claim,1012,default,159,20,20,78.25,3,4,70.20754716981132,40.2,67,125,23,23,0,E5,20,20,0.0,0.0,0,0
mas,1012,default,139,20,20,65.35,0,4,57.83018867924528,35.0,0,118,48,72,0,E5,20,20,0.0,0.0,0,0
mas_iterative,1012,default,138,20,20,64.6,0,4,57.18867924528302,34.8,0,114,44,66,0,E5,20,20,0.0,0.0,0,0
hungarian,1012,default,138,20,20,64.6,0,4,57.18867924528302,34.8,0,114,60,472,0,E5,20,20,0.0,0.0,0,0
cbba,1012,default,138,20,20,64.6,0,4,57.18867924528302,34.8,0,114,584,3166,141,E5,20,20,0.0,0.0,0,0
no_coordination,1013,default,253,20,20,131.9,15,4,107.85365853658537,nan,549,41,0,0,0,E5,20,20,0.0,0.0,0,0
claim,1013,default,180,20,20,81.85,2,4,74.39024390243902,nan,57,160,22,22,0,E5,20,20,0.0,0.0,0,0
mas,1013,default,167,20,20,73.25,0,4,65.63414634146342,nan,0,151,50,75,0,E5,20,20,0.0,0.0,0,0
mas_iterative,1013,default,165,20,20,72.2,0,4,64.6829268292683,nan,0,143,48,72,0,E5,20,20,0.0,0.0,0,0
hungarian,1013,default,162,20,20,70.95,0,4,64.51219512195122,nan,0,131,60,476,0,E5,20,20,0.0,0.0,0,0
cbba,1013,default,165,20,20,72.2,0,4,64.6829268292683,nan,0,143,500,2622,120,E5,20,20,0.0,0.0,0,0
no_coordination,1014,default,273,20,20,110.0,15,4,90.48,28.5,617,49,0,0,0,E5,20,20,0.0,0.0,0,0
claim,1014,default,178,20,20,84.9,2,4,72.92,28.5,59,120,22,22,0,E5,20,20,0.0,0.0,0,0
mas,1014,default,163,20,20,74.9,0,4,64.02,28.5,0,112,48,72,0,E5,20,20,0.0,0.0,0,0
mas_iterative,1014,default,162,20,20,74.05,0,4,63.24,28.5,0,108,46,69,0,E5,20,20,0.0,0.0,0,0
hungarian,1014,default,164,20,20,74.4,0,4,62.32,28.0,0,102,60,476,0,E5,20,20,0.0,0.0,0,0
cbba,1014,default,164,20,20,74.4,0,4,62.32,28.0,0,102,508,2718,122,E5,20,20,0.0,0.0,0,0
no_coordination,1015,default,242,20,20,120.95,15,4,103.42,34.0,412,41,0,0,0,E5,20,20,0.0,0.0,0,0
claim,1015,default,181,20,20,94.4,3,4,84.04,34.0,89,79,23,23,0,E5,20,20,0.0,0.0,0,0
mas,1015,default,168,20,20,82.5,0,4,73.36,34.0,0,92,52,78,0,E5,20,20,0.0,0.0,0,0
mas_iterative,1015,default,168,20,20,81.4,0,4,72.42,34.0,0,92,48,72,0,E5,20,20,0.0,0.0,0,0
hungarian,1015,default,166,20,20,81.4,0,4,72.38,34.0,0,84,60,476,0,E5,20,20,0.0,0.0,0,0
cbba,1015,default,168,20,20,81.4,0,4,72.42,34.0,0,92,496,2646,119,E5,20,20,0.0,0.0,0,0
no_coordination,1016,default,261,20,20,130.45,17,4,95.0,43.333333333333336,596,51,0,0,0,E5,20,20,0.0,0.0,0,0
claim,1016,default,153,20,20,79.25,6,4,64.08,39.833333333333336,133,81,26,26,0,E5,20,20,0.0,0.0,0,0
mas,1016,default,127,20,20,63.05,0,4,51.58,35.666666666666664,0,92,48,72,0,E5,20,20,0.0,0.0,0,0
mas_iterative,1016,default,126,20,20,62.15,0,4,50.76,35.166666666666664,0,88,48,72,0,E5,20,20,0.0,0.0,0,0
hungarian,1016,default,126,20,20,62.4,0,4,50.88,35.5,0,92,60,476,0,E5,20,20,0.0,0.0,0,0
cbba,1016,default,126,20,20,62.15,0,4,50.76,35.166666666666664,0,88,552,2932,133,E5,20,20,0.0,0.0,0,0
no_coordination,1017,default,266,20,20,123.3,15,4,102.11538461538461,41.666666666666664,582,45,0,0,0,E5,20,20,0.0,0.0,0,0
claim,1017,default,206,20,20,89.8,6,4,78.0,41.666666666666664,269,55,31,31,0,E5,20,20,0.0,0.0,0,0
mas,1017,default,154,20,20,71.6,0,4,62.26923076923077,36.333333333333336,0,120,50,75,0,E5,20,20,0.0,0.0,0,0
mas_iterative,1017,default,152,20,20,70.7,0,4,61.44230769230769,36.0,0,112,48,72,0,E5,20,20,0.0,0.0,0,0
hungarian,1017,default,152,20,20,71.3,0,4,61.90384615384615,37.333333333333336,0,108,60,482,0,E5,20,20,0.0,0.0,0,0
cbba,1017,default,152,20,20,70.7,0,4,61.44230769230769,36.0,0,112,540,2900,130,E5,20,20,0.0,0.0,0,0
no_coordination,1018,default,298,20,20,138.0,13,4,103.06818181818181,32.666666666666664,584,43,0,0,0,E5,20,20,0.0,0.0,0,0
claim,1018,default,209,20,20,105.15,3,4,83.70454545454545,32.666666666666664,89,123,23,23,0,E5,20,20,0.0,0.0,0,0
mas,1018,default,184,20,20,91.7,0,4,71.38636363636364,32.666666666666664,0,86,48,72,0,E5,20,20,0.0,0.0,0,0
mas_iterative,1018,default,189,20,20,91.2,0,4,70.79545454545455,32.666666666666664,0,106,48,72,0,E5,20,20,0.0,0.0,0,0
hungarian,1018,default,189,20,20,91.55,0,4,70.79545454545455,32.666666666666664,0,106,60,476,0,E5,20,20,0.0,0.0,0,0
cbba,1018,default,183,20,20,90.8,0,4,70.61363636363636,32.666666666666664,0,82,520,2794,125,E5,20,20,0.0,0.0,0,0
no_coordination,1019,default,283,20,20,127.15,14,4,106.72549019607843,32.0,643,50,0,0,0,E5,20,20,0.0,0.0,0,0
claim,1019,default,163,20,20,88.15,2,4,77.2156862745098,32.0,59,43,22,22,0,E5,20,20,0.0,0.0,0,0
mas,1019,default,156,20,20,77.25,0,4,67.05882352941177,32.0,0,73,48,72,0,E5,20,20,0.0,0.0,0,0
mas_iterative,1019,default,155,20,20,76.6,0,4,66.41176470588235,32.0,0,69,44,66,0,E5,20,20,0.0,0.0,0,0
hungarian,1019,default,156,20,20,76.65,0,4,66.43137254901961,32.0,0,73,60,472,0,E5,20,20,0.0,0.0,0,0
cbba,1019,default,155,20,20,76.6,0,4,66.41176470588235,32.0,0,69,624,3404,151,E5,20,20,0.0,0.0,0,0
no_coordination,1020,default,221,20,20,123.25,14,4,98.54347826086956,28.5,354,41,0,0,0,E5,20,20,0.0,0.0,0,0
claim,1020,default,187,20,20,95.55,2,4,79.93478260869566,28.5,59,118,22,22,0,E5,20,20,0.0,0.0,0,0
mas,1020,default,176,20,20,84.7,0,4,69.84782608695652,28.5,0,126,48,72,0,E5,20,20,0.0,0.0,0,0
mas_iterative,1020,default,175,20,20,83.85,0,4,69.04347826086956,28.5,0,122,48,72,0,E5,20,20,0.0,0.0,0,0
hungarian,1020,default,168,20,20,83.35,0,4,68.84782608695652,28.5,0,92,60,474,0,E5,20,20,0.0,0.0,0,0
cbba,1020,default,175,20,20,83.85,0,4,69.04347826086956,28.5,0,122,524,2790,126,E5,20,20,0.0,0.0,0,0
no_coordination,1021,default,328,20,20,137.85,15,4,105.45652173913044,35.666666666666664,716,50,0,0,0,E5,20,20,0.0,0.0,0,0
claim,1021,default,158,20,20,82.1,2,4,68.6304347826087,35.666666666666664,59,68,22,22,0,E5,20,20,0.0,0.0,0,0
mas,1021,default,146,20,20,72.5,0,4,59.47826086956522,28.666666666666668,0,66,51,77,0,E5,20,20,0.0,0.0,0,0
mas_iterative,1021,default,144,20,20,71.2,0,4,58.32608695652174,28.333333333333332,0,58,48,72,0,E5,20,20,0.0,0.0,0,0
hungarian,1021,default,144,20,20,71.2,0,4,58.32608695652174,28.333333333333332,0,58,60,476,0,E5,20,20,0.0,0.0,0,0
cbba,1021,default,144,20,20,71.2,0,4,58.32608695652174,28.333333333333332,0,58,512,2728,123,E5,20,20,0.0,0.0,0,0
no_coordination,1022,default,261,20,20,129.4,16,4,106.70588235294117,42.25,544,48,0,0,0,E5,20,20,0.0,0.0,0,0
claim,1022,default,187,20,20,94.85,4,4,81.17647058823529,41.5,117,106,24,24,0,E5,20,20,0.0,0.0,0,0
mas,1022,default,144,20,20,75.15,0,4,64.13725490196079,41.5,0,42,50,75,0,E5,20,20,0.0,0.0,0,0
mas_iterative,1022,default,143,20,20,74.25,0,4,63.27450980392157,41.0,0,38,48,72,0,E5,20,20,0.0,0.0,0,0
hungarian,1022,default,143,20,20,74.25,0,4,63.27450980392157,41.0,0,38,60,476,0,E5,20,20,0.0,0.0,0,0
cbba,1022,default,156,20,20,76.6,0,4,65.23529411764706,36.25,0,70,508,2680,122,E5,20,20,0.0,0.0,0,0
no_coordination,1023,default,288,20,20,151.2,19,4,124.58823529411765,38.0,616,47,0,0,0,E5,20,20,0.0,0.0,0,0
claim,1023,default,224,20,20,113.95,7,4,95.31372549019608,38.0,253,51,31,31,0,E5,20,20,0.0,0.0,0,0
mas,1023,default,178,20,20,84.15,0,4,70.50980392156863,29.333333333333332,0,115,44,66,0,E5,20,20,0.0,0.0,0,0
mas_iterative,1023,default,177,20,20,83.65,0,4,70.01960784313725,29.0,0,111,46,69,0,E5,20,20,0.0,0.0,0,0
hungarian,1023,default,177,20,20,83.65,0,4,70.01960784313725,29.0,0,111,60,474,0,E5,20,20,0.0,0.0,0,0
cbba,1023,default,177,20,20,83.65,0,4,70.01960784313725,29.0,0,111,548,2938,132,E5,20,20,0.0,0.0,0,0
no_coordination,1024,default,364,20,20,178.9,14,4,146.71428571428572,54.333333333333336,934,53,0,0,0,E5,20,20,0.0,0.0,0,0
claim,1024,default,211,20,20,128.4,4,4,113.61224489795919,54.333333333333336,238,77,29,29,0,E5,20,20,0.0,0.0,0,0
mas,1024,default,165,20,20,80.3,0,4,69.79591836734694,29.666666666666668,0,94,46,70,0,E5,20,20,0.0,0.0,0,0
mas_iterative,1024,default,165,20,20,79.35,0,4,68.85714285714286,29.0,0,94,48,73,0,E5,20,20,0.0,0.0,0,0
hungarian,1024,default,165,20,20,79.35,0,4,68.85714285714286,29.0,0,94,60,474,0,E5,20,20,0.0,0.0,0,0
cbba,1024,default,168,20,20,80.3,0,4,69.12244897959184,29.0,0,106,572,3062,138,E5,20,20,0.0,0.0,0,0
no_coordination,1025,default,233,20,20,122.55,14,4,95.18367346938776,42.0,505,45,0,0,0,E5,20,20,0.0,0.0,0,0
claim,1025,default,156,20,20,80.5,2,4,66.93877551020408,40.5,59,85,22,22,0,E5,20,20,0.0,0.0,0,0
mas,1025,default,139,20,20,68.2,0,4,55.755102040816325,34.0,0,86,48,72,0,E5,20,20,0.0,0.0,0,0
mas_iterative,1025,default,137,20,20,67.45,0,4,55.06122448979592,33.5,0,78,46,69,0,E5,20,20,0.0,0.0,0,0
hungarian,1025,default,128,20,20,64.2,0,4,52.795918367346935,37.5,0,64,60,474,0,E5,20,20,0.0,0.0,0,0
cbba,1025,default,131,20,20,64.4,0,4,52.795918367346935,37.5,0,76,560,3004,135,E5,20,20,0.0,0.0,0,0
no_coordination,1026,default,318,20,20,152.4,17,4,120.75471698113208,46.333333333333336,739,53,0,0,0,E5,20,20,0.0,0.0,0,0
claim,1026,default,175,20,20,100.95,3,4,86.18867924528301,46.833333333333336,93,41,23,23,0,E5,20,20,0.0,0.0,0,0
mas,1026,default,151,20,20,81.75,0,4,69.32075471698113,41.166666666666664,0,38,46,69,0,E5,20,20,0.0,0.0,0,0
mas_iterative,1026,default,150,20,20,81.2,0,4,68.79245283018868,40.833333333333336,0,34,48,72,0,E5,20,20,0.0,0.0,0,0
hungarian,1026,default,154,20,20,83.55,0,4,70.15094339622641,35.333333333333336,0,32,60,474,0,E5,20,20,0.0,0.0,0,0
cbba,1026,default,150,20,20,81.2,0,4,68.79245283018868,40.833333333333336,0,34,488,2600,117,E5,20,20,0.0,0.0,0,0
no_coordination,1027,default,311,20,20,152.3,17,4,121.65957446808511,54.5,760,51,0,0,0,E5,20,20,0.0,0.0,0,0
claim,1027,default,216,20,20,121.35,5,4,102.34042553191489,54.5,234,119,28,28,0,E5,20,20,0.0,0.0,0,0
mas,1027,default,171,20,20,81.65,0,4,66.34042553191489,33.0,0,114,50,76,0,E5,20,20,0.0,0.0,0,0
mas_iterative,1027,default,170,20,20,80.55,0,4,65.31914893617021,32.25,0,110,52,79,0,E5,20,20,0.0,0.0,0,0
hungarian,1027,default,170,20,20,80.55,0,4,65.31914893617021,32.25,0,110,62,479,0,E5,20,20,0.0,0.0,0,0
cbba,1027,default,170,20,20,80.55,0,4,65.31914893617021,32.25,0,110,528,2792,127,E5,20,20,0.0,0.0,0,0
no_coordination,1028,default,373,20,20,188.8,16,4,152.1590909090909,43.0,963,56,0,0,0,E5,20,20,0.0,0.0,0,0
claim,1028,default,260,20,20,152.05,7,4,129.5,43.0,358,111,34,34,0,E5,20,20,0.0,0.0,0,0
mas,1028,default,171,20,20,85.9,0,4,69.22727272727273,28.5,0,94,48,73,0,E5,20,20,0.0,0.0,0,0
mas_iterative,1028,default,169,20,20,84.9,0,4,68.25,27.5,0,86,52,79,0,E5,20,20,0.0,0.0,0,0
hungarian,1028,default,169,20,20,84.9,0,4,68.25,27.5,0,86,60,478,0,E5,20,20,0.0,0.0,0,0
cbba,1028,default,169,20,20,84.9,0,4,68.25,27.5,0,86,464,2450,111,E5,20,20,0.0,0.0,0,0
no_coordination,1030,default,293,20,20,139.2,15,4,104.02380952380952,48.5,671,49,0,0,0,E5,20,20,0.0,0.0,0,0
claim,1030,default,165,20,20,90.6,5,4,73.76190476190476,43.5,131,48,25,25,0,E5,20,20,0.0,0.0,0,0
mas,1030,default,155,20,20,71.8,0,4,57.785714285714285,34.0,0,102,44,66,0,E5,20,20,0.0,0.0,0,0
mas_iterative,1030,default,154,20,20,71.3,0,4,57.285714285714285,33.5,0,98,48,72,0,E5,20,20,0.0,0.0,0,0
hungarian,1030,default,151,20,20,71.15,0,4,57.476190476190474,33.5,0,86,60,476,0,E5,20,20,0.0,0.0,0,0
cbba,1030,default,154,20,20,71.3,0,4,57.285714285714285,33.5,0,98,528,2802,127,E5,20,20,0.0,0.0,0,0
no_coordination,1031,default,324,20,20,124.75,16,4,98.05454545454545,47.57142857142857,772,54,0,0,0,E5,20,20,0.0,0.0,0,0
claim,1031,default,175,20,20,88.2,2,4,74.12727272727273,42.57142857142857,57,92,22,22,0,E5,20,20,0.0,0.0,0,0
mas,1031,default,164,20,20,78.5,0,4,64.87272727272727,35.42857142857143,0,92,46,69,0,E5,20,20,0.0,0.0,0,0
mas_iterative,1031,default,164,20,20,77.85,0,4,64.25454545454545,34.857142857142854,0,92,46,69,0,E5,20,20,0.0,0.0,0,0
hungarian,1031,default,164,20,20,77.85,0,4,64.2909090909091,34.857142857142854,0,92,60,476,0,E5,20,20,0.0,0.0,0,0
cbba,1031,default,164,20,20,77.85,0,4,64.25454545454545,34.857142857142854,0,92,556,3004,134,E5,20,20,0.0,0.0,0,0
no_coordination,1032,default,281,20,20,136.55,16,4,106.7872340425532,34.0,626,50,0,0,0,E5,20,20,0.0,0.0,0,0
claim,1032,default,185,20,20,98.15,5,4,82.17021276595744,34.0,122,105,26,26,0,E5,20,20,0.0,0.0,0,0
mas,1032,default,150,20,20,75.4,0,4,61.61702127659574,34.0,0,89,54,82,0,E5,20,20,0.0,0.0,0,0
mas_iterative,1032,default,143,20,20,73.5,0,4,60.276595744680854,33.5,0,61,51,77,0,E5,20,20,0.0,0.0,0,0
hungarian,1032,default,143,20,20,73.5,0,4,60.276595744680854,33.5,0,61,60,480,0,E5,20,20,0.0,0.0,0,0
cbba,1032,default,143,20,20,73.5,0,4,60.276595744680854,33.5,0,61,500,2684,120,E5,20,20,0.0,0.0,0,0
no_coordination,1033,default,343,20,20,139.05,15,4,114.12962962962963,60.2,828,52,0,0,0,E5,20,20,0.0,0.0,0,0
claim,1033,default,196,20,20,97.3,2,4,83.11111111111111,50.4,57,96,22,22,0,E5,20,20,0.0,0.0,0,0
mas,1033,default,185,20,20,82.9,0,4,70.05555555555556,45.6,0,125,48,72,0,E5,20,20,0.0,0.0,0,0
mas_iterative,1033,default,184,20,20,82.1,0,4,69.29629629629629,45.0,0,121,50,75,0,E5,20,20,0.0,0.0,0,0
hungarian,1033,default,184,20,20,82.1,0,4,69.29629629629629,45.0,0,121,60,476,0,E5,20,20,0.0,0.0,0,0
cbba,1033,default,184,20,20,82.1,0,4,69.29629629629629,45.0,0,121,488,2596,117,E5,20,20,0.0,0.0,0,0
no_coordination,1034,default,241,20,20,119.65,15,4,92.4888888888889,48.5,434,41,0,0,0,E5,20,20,0.0,0.0,0,0
claim,1034,default,187,20,20,93.8,3,4,74.84444444444445,48.5,89,92,23,23,0,E5,20,20,0.0,0.0,0,0
mas,1034,default,168,20,20,81.55,0,4,63.48888888888889,29.0,0,74,48,72,0,E5,20,20,0.0,0.0,0,0
mas_iterative,1034,default,167,20,20,80.6,0,4,62.55555555555556,27.5,0,70,50,75,0,E5,20,20,0.0,0.0,0,0
hungarian,1034,default,167,20,20,80.6,0,4,62.55555555555556,27.5,0,70,60,476,0,E5,20,20,0.0,0.0,0,0
cbba,1034,default,167,20,20,80.6,0,4,62.55555555555556,27.5,0,70,532,2852,128,E5,20,20,0.0,0.0,0,0
no_coordination,1035,default,298,20,20,132.75,14,4,110.98148148148148,41.2,640,44,0,0,0,E5,20,20,0.0,0.0,0,0
claim,1035,default,174,20,20,89.4,3,4,78.53703703703704,38.6,73,72,23,23,0,E5,20,20,0.0,0.0,0,0
mas,1035,default,159,20,20,75.8,0,4,65.37037037037037,34.0,0,94,51,77,0,E5,20,20,0.0,0.0,0,0
mas_iterative,1035,default,158,20,20,74.5,0,4,64.18518518518519,33.4,0,90,46,69,0,E5,20,20,0.0,0.0,0,0
hungarian,1035,default,158,20,20,74.5,0,4,64.18518518518519,33.4,0,90,60,474,0,E5,20,20,0.0,0.0,0,0
cbba,1035,default,158,20,20,74.5,0,4,64.18518518518519,33.4,0,90,576,3114,139,E5,20,20,0.0,0.0,0,0
no_coordination,1036,default,367,20,20,178.85,19,4,138.79591836734693,44.25,817,59,0,0,0,E5,20,20,0.0,0.0,0,0
claim,1036,default,203,20,20,108.7,4,4,89.9795918367347,44.5,113,99,24,24,0,E5,20,20,0.0,0.0,0,0
mas,1036,default,180,20,20,89.45,0,4,72.22448979591837,37.75,0,95,46,69,0,E5,20,20,0.0,0.0,0,0
mas_iterative,1036,default,180,20,20,88.8,0,4,71.6734693877551,37.5,0,95,46,69,0,E5,20,20,0.0,0.0,0,0
hungarian,1036,default,180,20,20,88.8,0,4,71.6734693877551,37.5,0,95,60,474,0,E5,20,20,0.0,0.0,0,0
cbba,1036,default,174,20,20,88.0,0,4,71.89795918367346,35.25,0,60,464,2434,111,E5,20,20,0.0,0.0,0,0
no_coordination,1037,default,383,20,20,169.35,18,4,123.3695652173913,47.4,961,63,0,0,0,E5,20,20,0.0,0.0,0,0
claim,1037,default,192,20,20,95.45,3,4,74.97826086956522,43.2,85,116,23,23,0,E5,20,20,0.0,0.0,0,0
mas,1037,default,178,20,20,87.1,0,4,67.1086956521739,34.4,0,114,48,72,0,E5,20,20,0.0,0.0,0,0
mas_iterative,1037,default,178,20,20,86.25,0,4,66.28260869565217,33.8,0,114,48,72,0,E5,20,20,0.0,0.0,0,0
hungarian,1037,default,178,20,20,86.25,0,4,66.28260869565217,33.8,0,114,60,474,0,E5,20,20,0.0,0.0,0,0
cbba,1037,default,178,20,20,86.25,0,4,66.28260869565217,33.8,0,114,584,3176,141,E5,20,20,0.0,0.0,0,0
no_coordination,1038,default,244,20,20,113.7,17,4,92.6896551724138,44.0,447,48,0,0,0,E5,20,20,0.0,0.0,0,0
claim,1038,default,176,20,20,88.8,3,4,75.91379310344827,47.0,81,92,23,23,0,E5,20,20,0.0,0.0,0,0
mas,1038,default,161,20,20,74.55,0,4,62.706896551724135,41.5,0,104,46,69,0,E5,20,20,0.0,0.0,0,0
mas_iterative,1038,default,161,20,20,74.05,0,4,62.224137931034484,41.0,0,104,46,69,0,E5,20,20,0.0,0.0,0,0
hungarian,1038,default,161,20,20,74.05,0,4,62.224137931034484,41.0,0,104,60,474,0,E5,20,20,0.0,0.0,0,0
cbba,1038,default,161,20,20,75.0,0,4,63.39655172413793,42.333333333333336,0,96,532,2828,128,E5,20,20,0.0,0.0,0,0
no_coordination,1039,default,313,20,20,142.7,14,4,111.53571428571429,41.166666666666664,737,47,0,0,0,E5,20,20,0.0,0.0,0,0
claim,1039,default,180,20,20,87.25,2,4,73.83928571428571,39.666666666666664,57,107,22,22,0,E5,20,20,0.0,0.0,0,0
mas,1039,default,173,20,20,78.15,0,4,65.21428571428571,32.833333333333336,0,120,46,69,0,E5,20,20,0.0,0.0,0,0
mas_iterative,1039,default,172,20,20,77.55,0,4,64.625,32.5,0,116,46,69,0,E5,20,20,0.0,0.0,0,0
hungarian,1039,default,172,20,20,77.55,0,4,64.39285714285714,32.5,0,116,60,474,0,E5,20,20,0.0,0.0,0,0
cbba,1039,default,172,20,20,77.55,0,4,64.625,32.5,0,116,572,3058,138,E5,20,20,0.0,0.0,0,0
no_coordination,1040,default,260,20,20,122.45,16,4,101.08163265306122,46.0,564,46,0,0,0,E5,20,20,0.0,0.0,0,0
claim,1040,default,172,20,20,97.8,5,4,85.12244897959184,46.0,156,28,26,26,0,E5,20,20,0.0,0.0,0,0
mas,1040,default,144,20,20,78.2,0,4,68.9795918367347,49.5,0,61,46,69,0,E5,20,20,0.0,0.0,0,0
mas_iterative,1040,default,144,20,20,77.55,0,4,68.34693877551021,49.0,0,61,46,69,0,E5,20,20,0.0,0.0,0,0
hungarian,1040,default,144,20,20,77.55,0,4,68.34693877551021,49.0,0,61,62,475,0,E5,20,20,0.0,0.0,0,0
cbba,1040,default,144,20,20,77.55,0,4,68.34693877551021,49.0,0,61,532,2848,128,E5,20,20,0.0,0.0,0,0
no_coordination,1041,default,303,20,20,128.4,15,4,97.86,36.5,721,50,0,0,0,E5,20,20,0.0,0.0,0,0
claim,1041,default,167,20,20,86.65,2,4,71.7,36.5,57,76,22,22,0,E5,20,20,0.0,0.0,0,0
mas,1041,default,155,20,20,76.3,0,4,62.06,31.0,0,86,50,75,0,E5,20,20,0.0,0.0,0,0
mas_iterative,1041,default,153,20,20,75.3,0,4,61.16,30.75,0,78,50,75,0,E5,20,20,0.0,0.0,0,0
hungarian,1041,default,153,20,20,75.3,0,4,61.16,30.75,0,78,60,476,0,E5,20,20,0.0,0.0,0,0
cbba,1041,default,153,20,20,75.3,0,4,61.16,30.75,0,78,520,2776,125,E5,20,20,0.0,0.0,0,0
no_coordination,1042,default,287,20,20,118.8,16,4,93.5,38.4,653,50,0,0,0,E5,20,20,0.0,0.0,0,0
claim,1042,default,169,20,20,80.2,2,4,66.25,38.2,57,122,22,22,0,E5,20,20,0.0,0.0,0,0
mas,1042,default,157,20,20,70.7,0,4,57.05769230769231,29.0,0,120,44,66,0,E5,20,20,0.0,0.0,0,0
mas_iterative,1042,default,156,20,20,70.2,0,4,56.59615384615385,28.6,0,116,46,69,0,E5,20,20,0.0,0.0,0,0
hungarian,1042,default,156,20,20,70.2,0,4,56.59615384615385,28.6,0,116,60,474,0,E5,20,20,0.0,0.0,0,0
cbba,1042,default,156,20,20,70.2,0,4,56.59615384615385,28.6,0,116,576,3106,139,E5,20,20,0.0,0.0,0,0
no_coordination,1043,default,246,20,20,122.6,17,4,91.39473684210526,31.0,506,45,0,0,0,E5,20,20,0.0,0.0,0,0
claim,1043,default,161,20,20,82.75,3,4,66.15789473684211,31.0,61,70,23,23,0,E5,20,20,0.0,0.0,0,0
mas,1043,default,155,20,20,73.6,0,4,57.18421052631579,31.0,0,84,46,69,0,E5,20,20,0.0,0.0,0,0
mas_iterative,1043,default,154,20,20,72.95,0,4,56.60526315789474,31.0,0,80,44,66,0,E5,20,20,0.0,0.0,0,0
hungarian,1043,default,154,20,20,72.95,0,4,56.60526315789474,31.0,0,80,60,472,0,E5,20,20,0.0,0.0,0,0
cbba,1043,default,154,20,20,72.95,0,4,56.60526315789474,31.0,0,80,624,3416,151,E5,20,20,0.0,0.0,0,0
no_coordination,1044,default,282,20,20,136.15,14,4,114.28,51.25,651,47,0,0,0,E5,20,20,0.0,0.0,0,0
claim,1044,default,163,20,20,86.4,2,4,76.28,45.5,57,84,22,22,0,E5,20,20,0.0,0.0,0,0
mas,1044,default,154,20,20,75.0,0,4,65.4,40.0,0,96,50,75,0,E5,20,20,0.0,0.0,0,0
mas_iterative,1044,default,153,20,20,74.05,0,4,64.5,39.5,0,92,48,72,0,E5,20,20,0.0,0.0,0,0
hungarian,1044,default,160,20,20,76.8,0,4,66.54,33.75,0,102,60,476,0,E5,20,20,0.0,0.0,0,0
cbba,1044,default,153,20,20,74.05,0,4,64.5,39.5,0,92,492,2578,118,E5,20,20,0.0,0.0,0,0
no_coordination,1045,default,393,20,20,172.05,17,4,131.1153846153846,37.75,1008,61,0,0,0,E5,20,20,0.0,0.0,0,0
claim,1045,default,200,20,20,95.25,2,4,78.53846153846153,39.0,57,117,22,22,0,E5,20,20,0.0,0.0,0,0
mas,1045,default,188,20,20,83.3,0,4,68.92307692307692,32.25,0,125,48,72,0,E5,20,20,0.0,0.0,0,0
mas_iterative,1045,default,187,20,20,82.4,0,4,68.0576923076923,32.0,0,121,50,75,0,E5,20,20,0.0,0.0,0,0
hungarian,1045,default,187,20,20,83.7,0,4,67.88461538461539,33.75,0,119,60,476,0,E5,20,20,0.0,0.0,0,0
cbba,1045,default,187,20,20,82.4,0,4,68.0576923076923,32.0,0,121,512,2722,123,E5,20,20,0.0,0.0,0,0
no_coordination,1046,default,297,20,20,128.1,16,4,107.32075471698113,55.8,661,50,0,0,0,E5,20,20,0.0,0.0,0,0
claim,1046,default,225,20,20,115.95,5,4,100.16981132075472,57.4,253,105,31,31,0,E5,20,20,0.0,0.0,0,0
mas,1046,default,170,20,20,79.45,0,4,67.20754716981132,34.8,0,90,46,70,0,E5,20,20,0.0,0.0,0,0
mas_iterative,1046,default,169,20,20,78.4,0,4,66.18867924528301,33.8,0,86,50,76,0,E5,20,20,0.0,0.0,0,0
hungarian,1046,default,174,20,20,77.95,0,4,66.9245283018868,33.8,0,126,60,476,0,E5,20,20,0.0,0.0,0,0
cbba,1046,default,169,20,20,78.4,0,4,66.18867924528301,33.8,0,86,524,2810,126,E5,20,20,0.0,0.0,0,0
no_coordination,1047,default,265,20,20,136.4,15,4,104.26666666666667,43.0,630,46,0,0,0,E5,20,20,0.0,0.0,0,0
claim,1047,default,159,20,20,81.8,4,4,69.2,43.0,117,73,24,24,0,E5,20,20,0.0,0.0,0,0
mas,1047,default,144,20,20,70.55,0,4,58.6,28.5,0,114,48,72,0,E5,20,20,0.0,0.0,0,0
mas_iterative,1047,default,143,20,20,69.65,0,4,57.75555555555555,28.0,0,110,52,78,0,E5,20,20,0.0,0.0,0,0
hungarian,1047,default,137,20,20,69.35,0,4,57.75555555555555,30.5,0,92,60,476,0,E5,20,20,0.0,0.0,0,0
cbba,1047,default,143,20,20,69.65,0,4,57.75555555555555,28.0,0,110,480,2568,115,E5,20,20,0.0,0.0,0,0
no_coordination,1048,default,377,20,20,171.45,16,4,143.4255319148936,56.0,961,58,0,0,0,E5,20,20,0.0,0.0,0,0
claim,1048,default,225,20,20,124.6,5,4,109.8936170212766,56.0,230,121,28,28,0,E5,20,20,0.0,0.0,0,0
mas,1048,default,165,20,20,82.9,0,4,71.7872340425532,30.5,0,86,53,81,0,E5,20,20,0.0,0.0,0,0
mas_iterative,1048,default,163,20,20,81.1,0,4,70.1063829787234,30.0,0,78,46,70,0,E5,20,20,0.0,0.0,0,0
hungarian,1048,default,168,20,20,82.5,0,4,70.59574468085107,33.5,0,84,60,472,0,E5,20,20,0.0,0.0,0,0
cbba,1048,default,163,20,20,81.1,0,4,70.1063829787234,30.0,0,78,600,3242,145,E5,20,20,0.0,0.0,0,0
no_coordination,1049,default,331,20,20,138.0,17,4,117.7090909090909,39.333333333333336,774,52,0,0,0,E5,20,20,0.0,0.0,0,0
claim,1049,default,191,20,20,96.15,3,4,84.78181818181818,39.333333333333336,87,85,23,23,0,E5,20,20,0.0,0.0,0,0
mas,1049,default,180,20,20,84.45,0,4,73.96363636363637,32.0,0,94,48,72,0,E5,20,20,0.0,0.0,0,0
mas_iterative,1049,default,179,20,20,83.65,0,4,73.16363636363636,31.666666666666668,0,90,52,78,0,E5,20,20,0.0,0.0,0,0
hungarian,1049,default,179,20,20,83.65,0,4,73.16363636363636,31.666666666666668,0,90,60,478,0,E5,20,20,0.0,0.0,0,0
cbba,1049,default,179,20,20,83.65,0,4,73.16363636363636,31.666666666666668,0,90,476,2514,114,E5,20,20,0.0,0.0,0,0
no_coordination,1050,default,330,20,20,142.7,17,4,108.27083333333333,44.0,795,58,0,0,0,E5,20,20,0.0,0.0,0,0
claim,1050,default,196,20,20,101.65,4,4,83.9375,44.5,117,125,24,24,0,E5,20,20,0.0,0.0,0,0
mas,1050,default,168,20,20,80.0,0,4,65.0625,39.25,0,122,48,72,0,E5,20,20,0.0,0.0,0,0
mas_iterative,1050,default,167,20,20,79.1,0,4,64.25,38.75,0,118,48,72,0,E5,20,20,0.0,0.0,0,0
hungarian,1050,default,166,20,20,78.55,0,4,64.04166666666667,38.5,0,116,60,478,0,E5,20,20,0.0,0.0,0,0
cbba,1050,default,167,20,20,79.1,0,4,64.25,38.75,0,118,496,2616,119,E5,20,20,0.0,0.0,0,0
no_coordination,1051,default,284,20,20,152.5,18,4,121.64444444444445,38.5,641,54,0,0,0,E5,20,20,0.0,0.0,0,0
claim,1051,default,219,20,20,118.75,7,4,97.5111111111111,38.5,225,99,29,29,0,E5,20,20,0.0,0.0,0,0
mas,1051,default,167,20,20,83.55,0,4,69.17777777777778,28.5,0,88,44,66,0,E5,20,20,0.0,0.0,0,0
mas_iterative,1051,default,167,20,20,83.05,0,4,68.71111111111111,28.0,0,88,48,72,0,E5,20,20,0.0,0.0,0,0
hungarian,1051,default,167,20,20,83.05,0,4,68.71111111111111,28.0,0,88,60,476,0,E5,20,20,0.0,0.0,0,0
cbba,1051,default,167,20,20,83.05,0,4,68.71111111111111,28.0,0,88,516,2776,124,E5,20,20,0.0,0.0,0,0
no_coordination,1052,default,317,20,20,150.6,16,4,121.32608695652173,41.0,765,53,0,0,0,E5,20,20,0.0,0.0,0,0
claim,1052,default,192,20,20,104.85,5,4,90.02173913043478,41.0,182,80,28,28,0,E5,20,20,0.0,0.0,0,0
mas,1052,default,168,20,20,80.4,0,4,67.93478260869566,29.0,0,108,48,73,0,E5,20,20,0.0,0.0,0,0
mas_iterative,1052,default,166,20,20,79.3,0,4,66.8913043478261,28.0,0,100,48,73,0,E5,20,20,0.0,0.0,0,0
hungarian,1052,default,163,20,20,79.3,0,4,66.84782608695652,28.0,0,88,60,474,0,E5,20,20,0.0,0.0,0,0
cbba,1052,default,166,20,20,79.3,0,4,66.8913043478261,28.0,0,100,584,3150,141,E5,20,20,0.0,0.0,0,0
no_coordination,1053,default,316,20,20,158.0,17,4,130.94117647058823,50.8,739,57,0,0,0,E5,20,20,0.0,0.0,0,0
claim,1053,default,174,20,20,94.15,5,4,81.17647058823529,41.8,143,53,25,25,0,E5,20,20,0.0,0.0,0,0
mas,1053,default,143,20,20,74.85,0,4,63.490196078431374,37.8,0,59,46,69,0,E5,20,20,0.0,0.0,0,0
mas_iterative,1053,default,143,20,20,74.15,0,4,62.86274509803921,37.6,0,59,49,74,0,E5,20,20,0.0,0.0,0,0
hungarian,1053,default,145,20,20,73.5,0,4,62.6078431372549,37.6,0,67,60,480,0,E5,20,20,0.0,0.0,0,0
cbba,1053,default,143,20,20,74.15,0,4,62.86274509803921,37.6,0,59,508,2708,122,E5,20,20,0.0,0.0,0,0
no_coordination,1054,default,300,20,20,143.1,14,4,120.8409090909091,41.0,692,46,0,0,0,E5,20,20,0.0,0.0,0,0
claim,1054,default,182,20,20,99.05,3,4,85.4090909090909,41.0,85,65,23,23,0,E5,20,20,0.0,0.0,0,0
mas,1054,default,175,20,20,84.85,0,4,71.54545454545455,28.5,0,90,46,69,0,E5,20,20,0.0,0.0,0,0
mas_iterative,1054,default,174,20,20,84.15,0,4,70.86363636363636,28.0,0,86,48,72,0,E5,20,20,0.0,0.0,0,0
hungarian,1054,default,173,20,20,82.8,0,4,69.56818181818181,28.5,0,88,60,474,0,E5,20,20,0.0,0.0,0,0
cbba,1054,default,174,20,20,84.15,0,4,70.86363636363636,28.0,0,86,616,3366,149,E5,20,20,0.0,0.0,0,0
no_coordination,1055,default,276,20,20,128.3,15,4,107.88679245283019,44.25,573,46,0,0,0,E5,20,20,0.0,0.0,0,0
claim,1055,default,166,20,20,87.9,2,4,77.71698113207547,42.5,67,79,22,22,0,E5,20,20,0.0,0.0,0,0
mas,1055,default,157,20,20,79.0,0,4,68.58490566037736,36.5,0,82,46,69,0,E5,20,20,0.0,0.0,0,0
mas_iterative,1055,default,154,20,20,77.5,0,4,67.62264150943396,36.0,0,70,46,69,0,E5,20,20,0.0,0.0,0,0
hungarian,1055,default,148,20,20,72.85,0,4,63.132075471698116,37.0,0,74,60,476,0,E5,20,20,0.0,0.0,0,0
cbba,1055,default,152,20,20,74.95,0,4,64.98113207547169,33.25,0,72,524,2788,126,E5,20,20,0.0,0.0,0,0
no_coordination,1056,default,296,20,20,138.9,15,4,109.54716981132076,48.6,721,53,0,0,0,E5,20,20,0.0,0.0,0,0
claim,1056,default,157,20,20,84.55,2,4,72.09433962264151,44.4,59,87,22,22,0,E5,20,20,0.0,0.0,0,0
mas,1056,default,151,20,20,76.45,0,4,63.679245283018865,35.8,0,92,44,66,0,E5,20,20,0.0,0.0,0,0
mas_iterative,1056,default,151,20,20,75.95,0,4,63.20754716981132,35.4,0,92,44,66,0,E5,20,20,0.0,0.0,0,0
hungarian,1056,default,148,20,20,75.65,0,4,63.094339622641506,36.0,0,80,60,474,0,E5,20,20,0.0,0.0,0,0
cbba,1056,default,151,20,20,75.95,0,4,63.20754716981132,35.4,0,92,624,3350,151,E5,20,20,0.0,0.0,0,0
no_coordination,1057,default,290,20,20,140.75,16,4,112.96491228070175,47.5,622,47,0,0,0,E5,20,20,0.0,0.0,0,0
claim,1057,default,170,20,20,91.25,2,4,78.45614035087719,45.333333333333336,57,68,22,22,0,E5,20,20,0.0,0.0,0,0
mas,1057,default,157,20,20,78.5,0,4,66.89473684210526,38.5,0,86,48,72,0,E5,20,20,0.0,0.0,0,0
mas_iterative,1057,default,156,20,20,77.6,0,4,66.03508771929825,38.0,0,82,48,72,0,E5,20,20,0.0,0.0,0,0
hungarian,1057,default,156,20,20,77.6,0,4,66.03508771929825,38.0,0,82,60,476,0,E5,20,20,0.0,0.0,0,0
cbba,1057,default,156,20,20,77.6,0,4,66.03508771929825,38.0,0,82,508,2652,122,E5,20,20,0.0,0.0,0,0
no_coordination,1058,default,304,20,20,149.7,16,4,122.62745098039215,38.5,672,49,0,0,0,E5,20,20,0.0,0.0,0,0
claim,1058,default,205,20,20,107.45,4,4,92.82352941176471,41.0,111,105,24,24,0,E5,20,20,0.0,0.0,0,0
mas,1058,default,169,20,20,83.0,0,4,70.17647058823529,32.25,0,74,48,72,0,E5,20,20,0.0,0.0,0,0
mas_iterative,1058,default,168,20,20,82.1,0,4,69.37254901960785,32.0,0,70,48,72,0,E5,20,20,0.0,0.0,0,0
hungarian,1058,default,183,20,20,82.1,0,4,69.66666666666667,32.0,0,130,60,476,0,E5,20,20,0.0,0.0,0,0
cbba,1058,default,168,20,20,82.1,0,4,69.37254901960785,32.0,0,70,524,2806,126,E5,20,20,0.0,0.0,0,0
no_coordination,1059,default,332,20,20,147.35,15,4,115.4423076923077,51.6,846,54,0,0,0,E5,20,20,0.0,0.0,0,0
claim,1059,default,175,20,20,85.75,3,4,72.88461538461539,45.6,95,116,23,23,0,E5,20,20,0.0,0.0,0,0
mas,1059,default,162,20,20,72.15,0,4,60.78846153846154,35.4,0,136,48,72,0,E5,20,20,0.0,0.0,0,0
mas_iterative,1059,default,161,20,20,71.25,0,4,59.92307692307692,34.6,0,132,44,66,0,E5,20,20,0.0,0.0,0,0
hungarian,1059,default,161,20,20,71.25,0,4,59.92307692307692,34.6,0,132,60,472,0,E5,20,20,0.0,0.0,0,0
cbba,1059,default,161,20,20,71.25,0,4,59.92307692307692,34.6,0,132,592,3216,143,E5,20,20,0.0,0.0,0,0
no_coordination,1060,default,256,20,20,111.55,15,4,87.93478260869566,41.0,572,48,0,0,0,E5,20,20,0.0,0.0,0,0
claim,1060,default,168,20,20,80.3,3,4,66.65217391304348,41.0,65,128,23,23,0,E5,20,20,0.0,0.0,0,0
mas,1060,default,153,20,20,69.2,0,4,56.608695652173914,33.333333333333336,0,118,48,72,0,E5,20,20,0.0,0.0,0,0
mas_iterative,1060,default,151,20,20,68.15,0,4,55.73913043478261,33.0,0,110,48,72,0,E5,20,20,0.0,0.0,0,0
hungarian,1060,default,151,20,20,68.15,0,4,55.73913043478261,33.0,0,110,60,478,0,E5,20,20,0.0,0.0,0,0
cbba,1060,default,151,20,20,68.15,0,4,55.73913043478261,33.0,0,110,480,2488,115,E5,20,20,0.0,0.0,0,0
no_coordination,1061,default,253,20,20,142.65,16,4,118.91666666666667,56.333333333333336,516,43,0,0,0,E5,20,20,0.0,0.0,0,0
claim,1061,default,181,20,20,90.55,2,4,79.35416666666667,48.333333333333336,57,101,22,22,0,E5,20,20,0.0,0.0,0,0
mas,1061,default,169,20,20,81.15,0,4,69.66666666666667,32.0,0,95,50,75,0,E5,20,20,0.0,0.0,0,0
mas_iterative,1061,default,168,20,20,80.2,0,4,68.79166666666667,31.333333333333332,0,91,48,72,0,E5,20,20,0.0,0.0,0,0
hungarian,1061,default,167,20,20,80.15,0,4,68.54166666666667,31.333333333333332,0,87,60,476,0,E5,20,20,0.0,0.0,0,0
cbba,1061,default,168,20,20,80.2,0,4,68.79166666666667,31.333333333333332,0,91,520,2776,125,E5,20,20,0.0,0.0,0,0
no_coordination,1062,default,274,20,20,135.35,16,4,118.62711864406779,48.2,602,50,0,0,0,E5,20,20,0.0,0.0,0,0
claim,1062,default,198,20,20,104.7,4,4,94.16949152542372,46.2,113,99,24,24,0,E5,20,20,0.0,0.0,0,0
mas,1062,default,171,20,20,85.15,0,4,76.0677966101695,35.4,0,80,46,69,0,E5,20,20,0.0,0.0,0,0
mas_iterative,1062,default,170,20,20,84.55,0,4,75.49152542372882,34.8,0,76,46,69,0,E5,20,20,0.0,0.0,0,0
hungarian,1062,default,170,20,20,84.55,0,4,75.49152542372882,34.8,0,76,60,474,0,E5,20,20,0.0,0.0,0,0
cbba,1062,default,170,20,20,84.55,0,4,75.49152542372882,34.8,0,76,564,3008,136,E5,20,20,0.0,0.0,0,0
no_coordination,1063,default,286,20,20,127.05,16,4,104.54716981132076,51.2,697,50,0,0,0,E5,20,20,0.0,0.0,0,0
claim,1063,default,184,20,20,103.3,3,4,89.33962264150944,50.4,184,93,26,26,0,E5,20,20,0.0,0.0,0,0
mas,1063,default,150,20,20,67.15,0,4,57.132075471698116,35.4,0,127,50,76,0,E5,20,20,0.0,0.0,0,0
mas_iterative,1063,default,149,20,20,65.8,0,4,55.81132075471698,34.0,0,123,48,73,0,E5,20,20,0.0,0.0,0,0
hungarian,1063,default,149,20,20,65.8,0,4,55.81132075471698,34.0,0,123,60,474,0,E5,20,20,0.0,0.0,0,0
cbba,1063,default,149,20,20,65.8,0,4,55.81132075471698,34.0,0,123,540,2886,130,E5,20,20,0.0,0.0,0,0
no_coordination,1064,default,284,20,20,125.55,16,4,96.33928571428571,53.166666666666664,681,53,0,0,0,E5,20,20,0.0,0.0,0,0
claim,1064,default,169,20,20,80.05,3,4,67.82142857142857,48.833333333333336,109,59,26,26,0,E5,20,20,0.0,0.0,0,0
mas,1064,default,157,20,20,70.1,0,4,58.285714285714285,41.833333333333336,0,128,50,75,0,E5,20,20,0.0,0.0,0,0
mas_iterative,1064,default,156,20,20,69.35,0,4,57.589285714285715,41.166666666666664,0,124,50,75,0,E5,20,20,0.0,0.0,0,0
hungarian,1064,default,156,20,20,69.35,0,4,57.589285714285715,41.166666666666664,0,124,62,479,0,E5,20,20,0.0,0.0,0,0
cbba,1064,default,156,20,20,69.35,0,4,57.589285714285715,41.166666666666664,0,124,516,2724,124,E5,20,20,0.0,0.0,0,0
no_coordination,1065,default,275,20,20,116.9,16,4,93.08333333333333,38.0,675,56,0,0,0,E5,20,20,0.0,0.0,0,0
claim,1065,default,144,20,20,75.7,4,4,65.10416666666667,38.0,83,70,24,24,0,E5,20,20,0.0,0.0,0,0
mas,1065,default,131,20,20,64.7,0,4,55.5625,34.333333333333336,0,76,48,72,0,E5,20,20,0.0,0.0,0,0
mas_iterative,1065,default,131,20,20,64.65,0,4,55.375,31.666666666666668,0,70,48,72,0,E5,20,20,0.0,0.0,0,0
hungarian,1065,default,130,20,20,63.9,0,4,54.8125,34.0,0,72,60,474,0,E5,20,20,0.0,0.0,0,0
cbba,1065,default,131,20,20,64.65,0,4,55.375,31.666666666666668,0,70,568,3046,137,E5,20,20,0.0,0.0,0,0
no_coordination,1066,default,258,20,20,125.85,17,4,97.41818181818182,42.0,562,48,0,0,0,E5,20,20,0.0,0.0,0,0
claim,1066,default,198,20,20,93.7,7,4,77.45454545454545,42.57142857142857,189,87,28,28,0,E5,20,20,0.0,0.0,0,0
mas,1066,default,138,20,20,74.0,0,4,61.527272727272724,37.0,0,28,48,72,0,E5,20,20,0.0,0.0,0,0
mas_iterative,1066,default,138,20,20,73.15,0,4,60.70909090909091,36.285714285714285,0,28,48,72,0,E5,20,20,0.0,0.0,0,0
hungarian,1066,default,138,20,20,73.15,0,4,60.70909090909091,36.285714285714285,0,28,60,476,0,E5,20,20,0.0,0.0,0,0
cbba,1066,default,138,20,20,73.15,0,4,60.70909090909091,36.285714285714285,0,28,488,2572,117,E5,20,20,0.0,0.0,0,0
no_coordination,1067,default,316,20,20,142.05,17,4,112.8125,44.25,712,52,0,0,0,E5,20,20,0.0,0.0,0,0
claim,1067,default,179,20,20,98.2,2,4,83.625,41.0,65,59,22,22,0,E5,20,20,0.0,0.0,0,0
mas,1067,default,175,20,20,88.9,0,4,73.97916666666667,31.0,0,85,46,69,0,E5,20,20,0.0,0.0,0,0
mas_iterative,1067,default,174,20,20,88.15,0,4,73.29166666666667,30.5,0,81,44,66,0,E5,20,20,0.0,0.0,0,0
hungarian,1067,default,174,20,20,85.1,0,4,70.95833333333333,35.5,0,95,60,474,0,E5,20,20,0.0,0.0,0,0
cbba,1067,default,172,20,20,85.1,0,4,70.95833333333333,35.5,0,87,580,3116,140,E5,20,20,0.0,0.0,0,0
no_coordination,1068,default,377,20,20,138.05,18,4,107.75925925925925,38.0,981,55,0,0,0,E5,20,20,0.0,0.0,0,0
claim,1068,default,263,20,20,106.25,8,4,87.03703703703704,38.0,476,48,38,38,0,E5,20,20,0.0,0.0,0,0
mas,1068,default,159,20,20,73.85,0,4,62.75925925925926,28.6,0,82,48,72,0,E5,20,20,0.0,0.0,0,0
mas_iterative,1068,default,158,20,20,73.05,0,4,62.0,28.2,0,78,48,72,0,E5,20,20,0.0,0.0,0,0
hungarian,1068,default,158,20,20,73.05,0,4,62.0,28.2,0,78,60,476,0,E5,20,20,0.0,0.0,0,0
cbba,1068,default,158,20,20,73.05,0,4,62.0,28.2,0,78,508,2704,122,E5,20,20,0.0,0.0,0,0
no_coordination,1069,default,261,20,20,133.45,16,4,106.03846153846153,48.8,576,49,0,0,0,E5,20,20,0.0,0.0,0,0
claim,1069,default,167,20,20,86.95,4,4,74.07692307692308,44.6,71,79,24,24,0,E5,20,20,0.0,0.0,0,0
mas,1069,default,165,20,20,77.25,0,4,64.32692307692308,32.0,0,122,51,77,0,E5,20,20,0.0,0.0,0,0
mas_iterative,1069,default,154,20,20,75.25,0,4,62.88461538461539,31.2,0,78,48,72,0,E5,20,20,0.0,0.0,0,0
hungarian,1069,default,162,20,20,75.55,0,4,62.82692307692308,31.0,0,112,60,474,0,E5,20,20,0.0,0.0,0,0
cbba,1069,default,154,20,20,75.25,0,4,62.88461538461539,31.2,0,78,540,2910,130,E5,20,20,0.0,0.0,0,0
no_coordination,1070,default,373,20,20,147.05,15,4,120.44262295081967,51.714285714285715,947,56,0,0,0,E5,20,20,0.0,0.0,0,0
claim,1070,default,186,20,20,92.6,5,4,80.40983606557377,45.57142857142857,149,65,26,26,0,E5,20,20,0.0,0.0,0,0
mas,1070,default,159,20,20,78.45,0,4,68.34426229508196,42.714285714285715,0,80,48,72,0,E5,20,20,0.0,0.0,0,0
mas_iterative,1070,default,164,20,20,79.9,0,4,69.0327868852459,39.42857142857143,0,84,44,66,0,E5,20,20,0.0,0.0,0,0
hungarian,1070,default,158,20,20,77.75,0,4,67.68852459016394,42.142857142857146,0,76,60,474,0,E5,20,20,0.0,0.0,0,0
cbba,1070,default,164,20,20,79.9,0,4,69.0327868852459,39.42857142857143,0,84,628,3430,152,E5,20,20,0.0,0.0,0,0
no_coordination,1071,default,330,20,20,155.75,18,4,115.50980392156863,39.8,793,51,0,0,0,E5,20,20,0.0,0.0,0,0
claim,1071,default,179,20,20,94.1,3,4,75.66666666666667,37.2,73,86,23,23,0,E5,20,20,0.0,0.0,0,0
mas,1071,default,171,20,20,82.4,0,4,65.07843137254902,33.6,0,108,48,72,0,E5,20,20,0.0,0.0,0,0
mas_iterative,1071,default,169,20,20,81.5,0,4,64.27450980392157,33.2,0,100,48,72,0,E5,20,20,0.0,0.0,0,0
hungarian,1071,default,169,20,20,81.5,0,4,64.27450980392157,33.2,0,100,60,476,0,E5,20,20,0.0,0.0,0,0
cbba,1071,default,169,20,20,81.5,0,4,64.27450980392157,33.2,0,100,520,2796,125,E5,20,20,0.0,0.0,0,0
no_coordination,1072,default,277,20,20,137.1,14,4,122.18181818181819,62.75,662,49,0,0,0,E5,20,20,0.0,0.0,0,0
claim,1072,default,213,20,20,118.1,4,4,107.9090909090909,62.75,252,136,30,30,0,E5,20,20,0.0,0.0,0,0
mas,1072,default,133,20,20,64.35,0,4,58.6,35.25,0,84,48,73,0,E5,20,20,0.0,0.0,0,0
mas_iterative,1072,default,131,20,20,63.15,0,4,57.43636363636364,34.5,0,76,46,70,0,E5,20,20,0.0,0.0,0,0
hungarian,1072,default,131,20,20,63.15,0,4,57.43636363636364,34.5,0,76,60,472,0,E5,20,20,0.0,0.0,0,0
cbba,1072,default,131,20,20,63.15,0,4,57.43636363636364,34.5,0,76,588,3198,142,E5,20,20,0.0,0.0,0,0
no_coordination,1073,default,300,20,20,162.7,16,4,124.46938775510205,39.0,712,49,0,0,0,E5,20,20,0.0,0.0,0,0
claim,1073,default,172,20,20,88.05,3,4,75.10204081632654,39.0,87,104,23,23,0,E5,20,20,0.0,0.0,0,0
mas,1073,default,151,20,20,76.65,0,4,64.87755102040816,33.0,0,95,48,72,0,E5,20,20,0.0,0.0,0,0
mas_iterative,1073,default,150,20,20,75.8,0,4,64.06122448979592,32.75,0,91,48,72,0,E5,20,20,0.0,0.0,0,0
hungarian,1073,default,150,20,20,75.8,0,4,64.06122448979592,32.75,0,91,60,476,0,E5,20,20,0.0,0.0,0,0
cbba,1073,default,150,20,20,75.8,0,4,64.06122448979592,32.75,0,91,480,2482,115,E5,20,20,0.0,0.0,0,0
no_coordination,1074,default,329,20,20,154.65,16,4,123.5,46.2,736,52,0,0,0,E5,20,20,0.0,0.0,0,0
claim,1074,default,166,20,20,89.85,2,4,76.53846153846153,43.6,61,74,22,22,0,E5,20,20,0.0,0.0,0,0
mas,1074,default,145,20,20,76.5,0,4,63.92307692307692,39.2,0,65,48,72,0,E5,20,20,0.0,0.0,0,0
mas_iterative,1074,default,144,20,20,75.6,0,4,63.07692307692308,38.6,0,61,44,66,0,E5,20,20,0.0,0.0,0,0
hungarian,1074,default,144,20,20,75.6,0,4,63.07692307692308,38.6,0,61,60,472,0,E5,20,20,0.0,0.0,0,0
cbba,1074,default,144,20,20,75.6,0,4,63.07692307692308,38.6,0,61,628,3436,152,E5,20,20,0.0,0.0,0,0
no_coordination,1075,default,292,20,20,157.65,17,4,121.04255319148936,43.0,632,52,0,0,0,E5,20,20,0.0,0.0,0,0
claim,1075,default,190,20,20,96.2,2,4,78.14893617021276,43.0,57,118,22,22,0,E5,20,20,0.0,0.0,0,0
mas,1075,default,181,20,20,87.65,0,4,69.51063829787235,28.666666666666668,0,114,50,75,0,E5,20,20,0.0,0.0,0,0
mas_iterative,1075,default,180,20,20,86.6,0,4,68.55319148936171,27.666666666666668,0,110,54,81,0,E5,20,20,0.0,0.0,0,0
hungarian,1075,default,176,20,20,83.5,0,4,66.46808510638297,35.0,0,114,60,476,0,E5,20,20,0.0,0.0,0,0
cbba,1075,default,180,20,20,86.6,0,4,68.55319148936171,27.666666666666668,0,110,424,2198,101,E5,20,20,0.0,0.0,0,0
no_coordination,1076,default,314,20,20,163.35,16,4,121.97916666666667,46.2,709,50,0,0,0,E5,20,20,0.0,0.0,0,0
claim,1076,default,182,20,20,99.65,3,4,80.97916666666667,43.4,107,45,24,24,0,E5,20,20,0.0,0.0,0,0
mas,1076,default,187,20,20,86.4,0,4,69.25,32.4,0,120,48,72,0,E5,20,20,0.0,0.0,0,0
mas_iterative,1076,default,186,20,20,85.5,0,4,68.375,31.8,0,116,46,69,0,E5,20,20,0.0,0.0,0,0
hungarian,1076,default,186,20,20,85.5,0,4,68.375,31.8,0,116,60,474,0,E5,20,20,0.0,0.0,0,0
cbba,1076,default,186,20,20,86.5,0,4,69.29166666666667,32.6,0,112,596,3218,144,E5,20,20,0.0,0.0,0,0
no_coordination,1077,default,304,20,20,149.2,16,4,110.10909090909091,54.0,687,51,0,0,0,E5,20,20,0.0,0.0,0,0
claim,1077,default,176,20,20,90.35,3,4,73.50909090909092,45.75,67,95,23,23,0,E5,20,20,0.0,0.0,0,0
mas,1077,default,156,20,20,77.15,0,4,62.36363636363637,41.375,0,80,44,66,0,E5,20,20,0.0,0.0,0,0
mas_iterative,1077,default,157,20,20,76.25,0,4,62.018181818181816,41.0,0,84,46,69,0,E5,20,20,0.0,0.0,0,0
hungarian,1077,default,157,20,20,76.25,0,4,62.018181818181816,41.0,0,84,60,474,0,E5,20,20,0.0,0.0,0,0
cbba,1077,default,155,20,20,76.7,0,4,61.89090909090909,41.0,0,76,568,3038,137,E5,20,20,0.0,0.0,0,0
no_coordination,1078,default,307,20,20,166.0,18,4,129.02173913043478,47.0,718,53,0,0,0,E5,20,20,0.0,0.0,0,0
claim,1078,default,176,20,20,94.0,3,4,77.02173913043478,40.666666666666664,77,97,23,23,0,E5,20,20,0.0,0.0,0,0
mas,1078,default,156,20,20,76.6,0,4,61.43478260869565,40.666666666666664,0,102,52,78,0,E5,20,20,0.0,0.0,0,0
mas_iterative,1078,default,155,20,20,75.45,0,4,60.43478260869565,40.333333333333336,0,98,50,75,0,E5,20,20,0.0,0.0,0,0
hungarian,1078,default,155,20,20,75.45,0,4,60.43478260869565,40.333333333333336,0,98,60,478,0,E5,20,20,0.0,0.0,0,0
cbba,1078,default,155,20,20,75.45,0,4,60.43478260869565,40.333333333333336,0,98,476,2532,114,E5,20,20,0.0,0.0,0,0
no_coordination,1079,default,269,20,20,125.8,16,4,94.7,38.5,608,45,0,0,0,E5,20,20,0.0,0.0,0,0
claim,1079,default,192,20,20,91.95,5,4,74.26,38.5,139,121,25,25,0,E5,20,20,0.0,0.0,0,0
mas,1079,default,151,20,20,77.65,0,4,62.36,29.25,0,68,46,69,0,E5,20,20,0.0,0.0,0,0
mas_iterative,1079,default,150,20,20,76.9,0,4,61.66,28.5,0,64,50,75,0,E5,20,20,0.0,0.0,0,0
hungarian,1079,default,152,20,20,77.05,0,4,61.66,28.5,0,72,60,476,0,E5,20,20,0.0,0.0,0,0
cbba,1079,default,150,20,20,76.9,0,4,61.66,28.5,0,64,532,2840,128,E5,20,20,0.0,0.0,0,0
no_coordination,1080,default,274,20,20,114.65,14,4,94.5111111111111,35.333333333333336,600,48,0,0,0,E5,20,20,0.0,0.0,0,0
claim,1080,default,163,20,20,84.9,5,4,74.0,36.0,102,47,25,25,0,E5,20,20,0.0,0.0,0,0
mas,1080,default,142,20,20,66.75,0,4,57.6,36.0,0,77,54,81,0,E5,20,20,0.0,0.0,0,0
mas_iterative,1080,default,141,20,20,65.55,0,4,56.55555555555556,35.666666666666664,0,73,50,75,0,E5,20,20,0.0,0.0,0,0
hungarian,1080,default,139,20,20,65.35,0,4,56.422222222222224,35.666666666666664,0,65,60,478,0,E5,20,20,0.0,0.0,0,0
cbba,1080,default,141,20,20,65.55,0,4,56.55555555555556,35.666666666666664,0,73,464,2406,111,E5,20,20,0.0,0.0,0,0
no_coordination,1081,default,283,20,20,127.8,19,4,95.87234042553192,29.333333333333332,641,51,0,0,0,E5,20,20,0.0,0.0,0,0
claim,1081,default,164,20,20,86.35,2,4,70.19148936170212,29.333333333333332,57,70,22,22,0,E5,20,20,0.0,0.0,0,0
mas,1081,default,151,20,20,75.15,0,4,61.38297872340426,29.333333333333332,0,80,48,72,0,E5,20,20,0.0,0.0,0,0
mas_iterative,1081,default,150,20,20,74.35,0,4,60.702127659574465,29.333333333333332,0,76,46,69,0,E5,20,20,0.0,0.0,0,0
hungarian,1081,default,150,20,20,74.35,0,4,60.702127659574465,29.333333333333332,0,76,60,474,0,E5,20,20,0.0,0.0,0,0
cbba,1081,default,150,20,20,74.35,0,4,60.702127659574465,29.333333333333332,0,76,568,3054,137,E5,20,20,0.0,0.0,0,0
no_coordination,1082,default,228,20,20,110.8,16,4,84.75,35.25,436,44,0,0,0,E5,20,20,0.0,0.0,0,0
claim,1082,default,184,20,20,89.4,4,4,71.375,35.25,105,118,24,24,0,E5,20,20,0.0,0.0,0,0
mas,1082,default,172,20,20,79.8,0,4,63.895833333333336,28.25,0,124,48,72,0,E5,20,20,0.0,0.0,0,0
mas_iterative,1082,default,172,20,20,78.95,0,4,63.041666666666664,27.5,0,124,50,75,0,E5,20,20,0.0,0.0,0,0
hungarian,1082,default,172,20,20,78.95,0,4,63.041666666666664,27.5,0,124,60,476,0,E5,20,20,0.0,0.0,0,0
cbba,1082,default,172,20,20,78.95,0,4,63.041666666666664,27.5,0,124,532,2818,128,E5,20,20,0.0,0.0,0,0
no_coordination,1083,default,272,20,20,116.9,16,4,91.0,35.75,612,45,0,0,0,E5,20,20,0.0,0.0,0,0
claim,1083,default,211,20,20,97.7,5,4,77.35555555555555,35.75,185,103,26,26,0,E5,20,20,0.0,0.0,0,0
mas,1083,default,160,20,20,76.45,0,4,61.46666666666667,30.0,0,75,48,72,0,E5,20,20,0.0,0.0,0,0
mas_iterative,1083,default,160,20,20,75.55,0,4,60.68888888888889,29.75,0,75,50,75,0,E5,20,20,0.0,0.0,0,0
hungarian,1083,default,160,20,20,75.55,0,4,60.68888888888889,29.75,0,75,60,478,0,E5,20,20,0.0,0.0,0,0
cbba,1083,default,160,20,20,75.55,0,4,60.68888888888889,29.75,0,75,452,2370,108,E5,20,20,0.0,0.0,0,0
no_coordination,1084,default,299,20,20,135.45,14,4,113.82142857142857,48.666666666666664,691,48,0,0,0,E5,20,20,0.0,0.0,0,0
claim,1084,default,196,20,20,103.95,4,4,91.53571428571429,51.666666666666664,113,117,24,24,0,E5,20,20,0.0,0.0,0,0
mas,1084,default,170,20,20,82.55,0,4,71.82142857142857,37.833333333333336,0,112,44,66,0,E5,20,20,0.0,0.0,0,0
mas_iterative,1084,default,169,20,20,82.05,0,4,71.32142857142857,37.5,0,108,46,69,0,E5,20,20,0.0,0.0,0,0
hungarian,1084,default,168,20,20,81.8,0,4,71.21428571428571,37.5,0,104,60,474,0,E5,20,20,0.0,0.0,0,0
cbba,1084,default,169,20,20,82.05,0,4,71.32142857142857,37.5,0,108,564,3034,136,E5,20,20,0.0,0.0,0,0
no_coordination,1085,default,259,20,20,133.65,16,4,105.17647058823529,40.75,593,48,0,0,0,E5,20,20,0.0,0.0,0,0
claim,1085,default,165,20,20,83.7,4,4,71.52941176470588,36.5,87,95,24,24,0,E5,20,20,0.0,0.0,0,0
mas,1085,default,154,20,20,69.5,0,4,58.8235294117647,32.0,0,117,50,75,0,E5,20,20,0.0,0.0,0,0
mas_iterative,1085,default,153,20,20,68.5,0,4,57.94117647058823,31.75,0,113,50,75,0,E5,20,20,0.0,0.0,0,0
hungarian,1085,default,153,20,20,68.5,0,4,57.94117647058823,31.75,0,113,60,478,0,E5,20,20,0.0,0.0,0,0
cbba,1085,default,153,20,20,68.5,0,4,57.94117647058823,31.75,0,113,496,2612,119,E5,20,20,0.0,0.0,0,0
no_coordination,1086,default,254,20,20,116.75,15,4,92.08333333333333,39.25,553,43,0,0,0,E5,20,20,0.0,0.0,0,0
claim,1086,default,180,20,20,89.15,6,4,74.27083333333333,39.25,175,45,28,28,0,E5,20,20,0.0,0.0,0,0
mas,1086,default,152,20,20,71.6,0,4,59.833333333333336,34.0,0,109,48,72,0,E5,20,20,0.0,0.0,0,0
mas_iterative,1086,default,151,20,20,70.85,0,4,59.1875,33.75,0,105,46,69,0,E5,20,20,0.0,0.0,0,0
hungarian,1086,default,152,20,20,70.2,0,4,58.770833333333336,33.75,0,109,60,474,0,E5,20,20,0.0,0.0,0,0
cbba,1086,default,151,20,20,70.85,0,4,59.1875,33.75,0,105,596,3252,144,E5,20,20,0.0,0.0,0,0
no_coordination,1087,default,275,20,20,101.35,16,4,81.8780487804878,30.0,676,48,0,0,0,E5,20,20,0.0,0.0,0,0
claim,1087,default,153,20,20,73.9,4,4,63.8780487804878,30.0,81,101,24,24,0,E5,20,20,0.0,0.0,0,0
mas,1087,default,143,20,20,64.0,0,4,55.24390243902439,30.0,0,112,52,78,0,E5,20,20,0.0,0.0,0,0
mas_iterative,1087,default,141,20,20,62.85,0,4,54.24390243902439,30.0,0,104,48,72,0,E5,20,20,0.0,0.0,0,0
hungarian,1087,default,141,20,20,62.85,0,4,54.24390243902439,30.0,0,104,60,476,0,E5,20,20,0.0,0.0,0,0
cbba,1087,default,141,20,20,62.85,0,4,54.24390243902439,30.0,0,104,472,2492,113,E5,20,20,0.0,0.0,0,0
no_coordination,1088,default,203,20,20,117.15,14,4,93.30434782608695,49.0,428,41,0,0,0,E5,20,20,0.0,0.0,0,0
claim,1088,default,189,20,20,103.7,6,4,86.06521739130434,49.0,244,83,29,29,0,E5,20,20,0.0,0.0,0,0
mas,1088,default,142,20,20,65.4,0,4,52.91304347826087,36.25,0,116,48,73,0,E5,20,20,0.0,0.0,0,0
mas_iterative,1088,default,141,20,20,64.15,0,4,51.73913043478261,35.5,0,112,48,73,0,E5,20,20,0.0,0.0,0,0
hungarian,1088,default,141,20,20,63.8,0,4,51.73913043478261,35.5,0,112,60,474,0,E5,20,20,0.0,0.0,0,0
cbba,1088,default,141,20,20,64.15,0,4,51.73913043478261,35.5,0,112,560,3002,135,E5,20,20,0.0,0.0,0,0
no_coordination,1090,default,264,20,20,118.45,15,4,93.41025641025641,27.0,567,44,0,0,0,E5,20,20,0.0,0.0,0,0
claim,1090,default,197,20,20,93.2,4,4,78.33333333333333,27.0,109,150,24,24,0,E5,20,20,0.0,0.0,0,0
mas,1090,default,152,20,20,71.95,0,4,60.07692307692308,27.0,0,86,44,66,0,E5,20,20,0.0,0.0,0,0
mas_iterative,1090,default,152,20,20,71.5,0,4,59.64102564102564,27.0,0,86,46,69,0,E5,20,20,0.0,0.0,0,0
hungarian,1090,default,161,20,20,71.95,0,4,59.64102564102564,27.0,0,122,60,474,0,E5,20,20,0.0,0.0,0,0
cbba,1090,default,152,20,20,71.5,0,4,59.64102564102564,27.0,0,86,572,3080,138,E5,20,20,0.0,0.0,0,0
no_coordination,1091,default,328,20,20,142.0,16,4,113.44680851063829,47.0,675,47,0,0,0,E5,20,20,0.0,0.0,0,0
claim,1091,default,189,20,20,102.65,2,4,86.59574468085107,47.0,61,83,22,22,0,E5,20,20,0.0,0.0,0,0
mas,1091,default,176,20,20,90.6,0,4,75.17021276595744,40.0,0,84,44,66,0,E5,20,20,0.0,0.0,0,0
mas_iterative,1091,default,176,20,20,90.1,0,4,74.68085106382979,39.5,0,84,46,69,0,E5,20,20,0.0,0.0,0,0
hungarian,1091,default,176,20,20,90.1,0,4,74.68085106382979,39.5,0,84,60,474,0,E5,20,20,0.0,0.0,0,0
cbba,1091,default,176,20,20,90.1,0,4,74.68085106382979,39.5,0,84,576,3108,139,E5,20,20,0.0,0.0,0,0
no_coordination,1092,default,253,20,20,137.15,17,4,119.86538461538461,37.666666666666664,573,50,0,0,0,E5,20,20,0.0,0.0,0,0
claim,1092,default,153,20,20,87.85,3,4,79.61538461538461,37.666666666666664,87,64,23,23,0,E5,20,20,0.0,0.0,0,0
mas,1092,default,137,20,20,71.5,0,4,63.63461538461539,28.333333333333332,0,76,51,77,0,E5,20,20,0.0,0.0,0,0
mas_iterative,1092,default,135,20,20,70.2,0,4,62.44230769230769,28.0,0,68,46,69,0,E5,20,20,0.0,0.0,0,0
hungarian,1092,default,135,20,20,70.2,0,4,62.44230769230769,28.0,0,68,60,474,0,E5,20,20,0.0,0.0,0,0
cbba,1092,default,135,20,20,70.2,0,4,62.44230769230769,28.0,0,68,576,3108,139,E5,20,20,0.0,0.0,0,0
no_coordination,1093,default,285,20,20,129.65,16,4,106.26923076923077,35.0,618,49,0,0,0,E5,20,20,0.0,0.0,0,0
claim,1093,default,178,20,20,89.0,2,4,76.8076923076923,35.0,57,96,22,22,0,E5,20,20,0.0,0.0,0,0
mas,1093,default,168,20,20,80.3,0,4,67.57692307692308,28.0,0,110,50,75,0,E5,20,20,0.0,0.0,0,0
mas_iterative,1093,default,167,20,20,79.4,0,4,66.73076923076923,27.666666666666668,0,106,48,72,0,E5,20,20,0.0,0.0,0,0
hungarian,1093,default,167,20,20,79.4,0,4,66.73076923076923,27.666666666666668,0,106,60,476,0,E5,20,20,0.0,0.0,0,0
cbba,1093,default,167,20,20,79.4,0,4,66.73076923076923,27.666666666666668,0,106,488,2570,117,E5,20,20,0.0,0.0,0,0
no_coordination,1094,default,309,20,20,163.8,16,4,142.20754716981133,51.333333333333336,684,49,0,0,0,E5,20,20,0.0,0.0,0,0
claim,1094,default,217,20,20,124.0,5,4,110.15094339622641,51.333333333333336,223,75,28,28,0,E5,20,20,0.0,0.0,0,0
mas,1094,default,170,20,20,83.7,0,4,72.83018867924528,30.333333333333332,0,74,50,76,0,E5,20,20,0.0,0.0,0,0
mas_iterative,1094,default,168,20,20,82.4,0,4,71.58490566037736,29.666666666666668,0,66,48,73,0,E5,20,20,0.0,0.0,0,0
hungarian,1094,default,168,20,20,82.4,0,4,71.58490566037736,29.666666666666668,0,66,60,474,0,E5,20,20,0.0,0.0,0,0
cbba,1094,default,168,20,20,82.4,0,4,71.58490566037736,29.666666666666668,0,66,580,3144,140,E5,20,20,0.0,0.0,0,0
no_coordination,1095,default,229,20,20,113.8,18,4,96.35087719298245,42.833333333333336,439,44,0,0,0,E5,20,20,0.0,0.0,0,0
claim,1095,default,182,20,20,86.25,4,4,74.78947368421052,39.333333333333336,134,67,27,27,0,E5,20,20,0.0,0.0,0,0
mas,1095,default,164,20,20,74.35,0,4,64.35087719298245,37.5,0,130,44,66,0,E5,20,20,0.0,0.0,0,0
mas_iterative,1095,default,166,20,20,73.85,0,4,63.78947368421053,36.833333333333336,0,134,50,75,0,E5,20,20,0.0,0.0,0,0
hungarian,1095,default,164,20,20,73.9,0,4,63.89473684210526,37.166666666666664,0,130,60,476,0,E5,20,20,0.0,0.0,0,0
cbba,1095,default,166,20,20,73.85,0,4,63.78947368421053,36.833333333333336,0,134,524,2768,126,E5,20,20,0.0,0.0,0,0
no_coordination,1096,default,408,20,20,210.8,15,4,155.27083333333334,45.8,1064,60,0,0,0,E5,20,20,0.0,0.0,0,0
claim,1096,default,220,20,20,110.1,5,4,87.16666666666667,43.2,139,117,26,26,0,E5,20,20,0.0,0.0,0,0
mas,1096,default,185,20,20,89.8,0,4,70.125,38.4,0,104,52,78,0,E5,20,20,0.0,0.0,0,0
mas_iterative,1096,default,184,20,20,88.6,0,4,69.02083333333333,37.8,0,100,48,72,0,E5,20,20,0.0,0.0,0,0
hungarian,1096,default,191,20,20,91.1,0,4,70.54166666666667,32.2,0,116,60,472,0,E5,20,20,0.0,0.0,0,0
cbba,1096,default,184,20,20,88.6,0,4,69.02083333333333,37.8,0,100,572,3104,138,E5,20,20,0.0,0.0,0,0
no_coordination,1097,default,386,20,20,179.3,18,4,129.5909090909091,38.0,994,63,0,0,0,E5,20,20,0.0,0.0,0,0
claim,1097,default,184,20,20,92.25,2,4,73.3409090909091,38.0,57,112,22,22,0,E5,20,20,0.0,0.0,0,0
mas,1097,default,169,20,20,80.05,0,4,62.36363636363637,32.5,0,108,48,72,0,E5,20,20,0.0,0.0,0,0
mas_iterative,1097,default,167,20,20,79.15,0,4,61.61363636363637,32.25,0,100,48,72,0,E5,20,20,0.0,0.0,0,0
hungarian,1097,default,167,20,20,79.15,0,4,61.61363636363637,32.25,0,100,60,476,0,E5,20,20,0.0,0.0,0,0
cbba,1097,default,167,20,20,79.15,0,4,61.61363636363637,32.25,0,100,516,2730,124,E5,20,20,0.0,0.0,0,0
no_coordination,1098,default,289,20,20,140.25,16,4,108.27450980392157,46.0,603,44,0,0,0,E5,20,20,0.0,0.0,0,0
claim,1098,default,198,20,20,101.1,3,4,82.49019607843137,44.166666666666664,99,95,23,23,0,E5,20,20,0.0,0.0,0,0
mas,1098,default,176,20,20,86.65,0,4,70.80392156862744,36.833333333333336,0,70,46,69,0,E5,20,20,0.0,0.0,0,0
mas_iterative,1098,default,175,20,20,86.0,0,4,70.19607843137256,36.333333333333336,0,66,48,72,0,E5,20,20,0.0,0.0,0,0
hungarian,1098,default,175,20,20,86.0,0,4,70.19607843137256,36.333333333333336,0,66,60,476,0,E5,20,20,0.0,0.0,0,0
cbba,1098,default,175,20,20,86.0,0,4,70.19607843137256,36.333333333333336,0,66,476,2508,114,E5,20,20,0.0,0.0,0,0
no_coordination,1099,default,325,20,20,160.75,17,4,124.40425531914893,44.0,812,54,0,0,0,E5,20,20,0.0,0.0,0,0
claim,1099,default,186,20,20,100.5,5,4,82.91489361702128,39.666666666666664,143,95,26,26,0,E5,20,20,0.0,0.0,0,0
mas,1099,default,155,20,20,77.65,0,4,63.93617021276596,33.333333333333336,0,92,44,66,0,E5,20,20,0.0,0.0,0,0
mas_iterative,1099,default,154,20,20,77.15,0,4,63.4468085106383,33.0,0,88,44,66,0,E5,20,20,0.0,0.0,0,0
hungarian,1099,default,153,20,20,76.4,0,4,63.212765957446805,33.0,0,84,60,472,0,E5,20,20,0.0,0.0,0,0
cbba,1099,default,154,20,20,77.15,0,4,63.4468085106383,33.0,0,88,624,3392,151,E5,20,20,0.0,0.0,0,0
no_coordination,1101,default,343,20,20,174.95,19,4,131.73469387755102,57.2,753,52,0,0,0,E5,20,20,0.0,0.0,0,0
claim,1101,default,204,20,20,109.0,5,4,86.75510204081633,49.8,137,76,25,25,0,E5,20,20,0.0,0.0,0,0
mas,1101,default,180,20,20,88.45,0,4,68.61224489795919,36.2,0,84,48,72,0,E5,20,20,0.0,0.0,0,0
mas_iterative,1101,default,179,20,20,87.65,0,4,67.85714285714286,35.4,0,80,50,75,0,E5,20,20,0.0,0.0,0,0
hungarian,1101,default,182,20,20,87.35,0,4,67.85714285714286,35.4,0,92,60,474,0,E5,20,20,0.0,0.0,0,0
cbba,1101,default,179,20,20,87.65,0,4,67.85714285714286,35.4,0,80,528,2870,127,E5,20,20,0.0,0.0,0,0
no_coordination,1102,default,317,20,20,142.2,15,4,116.77966101694915,56.666666666666664,737,52,0,0,0,E5,20,20,0.0,0.0,0,0
claim,1102,default,172,20,20,85.95,2,4,76.55932203389831,51.166666666666664,59,133,22,22,0,E5,20,20,0.0,0.0,0,0
mas,1102,default,161,20,20,75.15,0,4,65.76271186440678,40.333333333333336,0,140,48,72,0,E5,20,20,0.0,0.0,0,0
mas_iterative,1102,default,160,20,20,74.35,0,4,65.0,39.666666666666664,0,136,46,69,0,E5,20,20,0.0,0.0,0,0
hungarian,1102,default,160,20,20,74.35,0,4,65.0,39.666666666666664,0,136,60,474,0,E5,20,20,0.0,0.0,0,0
cbba,1102,default,160,20,20,74.35,0,4,65.0,39.666666666666664,0,136,572,3054,138,E5,20,20,0.0,0.0,0,0
no_coordination,1103,default,286,20,20,149.35,15,4,127.44444444444444,45.75,648,50,0,0,0,E5,20,20,0.0,0.0,0,0
claim,1103,default,170,20,20,89.8,2,4,78.18518518518519,40.0,65,85,22,22,0,E5,20,20,0.0,0.0,0,0
mas,1103,default,159,20,20,77.35,0,4,66.5,34.0,0,102,44,66,0,E5,20,20,0.0,0.0,0,0
mas_iterative,1103,default,158,20,20,76.8,0,4,65.98148148148148,33.75,0,98,46,69,0,E5,20,20,0.0,0.0,0,0
hungarian,1103,default,155,20,20,76.65,0,4,65.92592592592592,33.75,0,86,60,474,0,E5,20,20,0.0,0.0,0,0
cbba,1103,default,158,20,20,76.8,0,4,65.98148148148148,33.75,0,98,548,2956,132,E5,20,20,0.0,0.0,0,0
no_coordination,1104,default,352,20,20,150.45,16,4,113.1304347826087,34.5,886,59,0,0,0,E5,20,20,0.0,0.0,0,0
claim,1104,default,203,20,20,92.7,5,4,75.04347826086956,34.5,161,106,25,25,0,E5,20,20,0.0,0.0,0,0
mas,1104,default,170,20,20,78.65,0,4,63.91304347826087,30.0,0,116,50,75,0,E5,20,20,0.0,0.0,0,0
mas_iterative,1104,default,170,20,20,77.6,0,4,63.06521739130435,29.75,0,116,48,72,0,E5,20,20,0.0,0.0,0,0
hungarian,1104,default,170,20,20,77.6,0,4,63.06521739130435,29.75,0,116,60,476,0,E5,20,20,0.0,0.0,0,0
cbba,1104,default,170,20,20,77.6,0,4,63.06521739130435,29.75,0,116,492,2574,118,E5,20,20,0.0,0.0,0,0
no_coordination,1106,default,355,20,20,151.8,15,4,122.30188679245283,55.4,905,57,0,0,0,E5,20,20,0.0,0.0,0,0
claim,1106,default,253,20,20,128.6,8,4,109.16981132075472,56.8,385,90,36,36,0,E5,20,20,0.0,0.0,0,0
mas,1106,default,153,20,20,78.2,0,4,65.79245283018868,37.4,0,52,46,70,0,E5,20,20,0.0,0.0,0,0
mas_iterative,1106,default,151,20,20,77.2,0,4,64.84905660377359,36.6,0,44,48,73,0,E5,20,20,0.0,0.0,0,0
hungarian,1106,default,151,20,20,77.2,0,4,64.84905660377359,36.6,0,44,60,474,0,E5,20,20,0.0,0.0,0,0
cbba,1106,default,151,20,20,77.2,0,4,64.84905660377359,36.6,0,44,612,3350,148,E5,20,20,0.0,0.0,0,0
no_coordination,1107,default,240,20,20,120.15,16,4,100.3265306122449,47.0,508,48,0,0,0,E5,20,20,0.0,0.0,0,0
claim,1107,default,146,20,20,75.25,2,4,67.04081632653062,47.0,57,79,22,22,0,E5,20,20,0.0,0.0,0,0
mas,1107,default,137,20,20,65.6,0,4,57.83673469387755,35.5,0,92,54,81,0,E5,20,20,0.0,0.0,0,0
mas_iterative,1107,default,135,20,20,64.3,0,4,56.69387755102041,35.0,0,84,48,72,0,E5,20,20,0.0,0.0,0,0
hungarian,1107,default,127,20,20,64.15,0,4,55.857142857142854,38.5,0,42,60,474,0,E5,20,20,0.0,0.0,0,0
cbba,1107,default,135,20,20,64.3,0,4,56.69387755102041,35.0,0,84,556,2954,134,E5,20,20,0.0,0.0,0,0
no_coordination,1108,default,272,20,20,130.0,17,4,103.46296296296296,36.8,576,46,0,0,0,E5,20,20,0.0,0.0,0,0
claim,1108,default,183,20,20,91.8,3,4,78.61111111111111,38.2,81,103,23,23,0,E5,20,20,0.0,0.0,0,0
mas,1108,default,155,20,20,73.45,0,4,62.074074074074076,38.2,0,102,44,66,0,E5,20,20,0.0,0.0,0,0
mas_iterative,1108,default,155,20,20,72.95,0,4,61.592592592592595,38.0,0,102,46,69,0,E5,20,20,0.0,0.0,0,0
hungarian,1108,default,151,20,20,72.2,0,4,61.592592592592595,38.0,0,86,60,474,0,E5,20,20,0.0,0.0,0,0
cbba,1108,default,155,20,20,72.95,0,4,61.592592592592595,38.0,0,102,556,2994,134,E5,20,20,0.0,0.0,0,0
no_coordination,1109,default,274,20,20,138.7,16,4,106.97674418604652,33.5,634,50,0,0,0,E5,20,20,0.0,0.0,0,0
claim,1109,default,175,20,20,83.0,5,4,67.86046511627907,33.5,139,86,25,25,0,E5,20,20,0.0,0.0,0,0
mas,1109,default,151,20,20,70.4,0,4,58.2093023255814,28.0,0,89,52,78,0,E5,20,20,0.0,0.0,0,0
mas_iterative,1109,default,150,20,20,69.2,0,4,57.18604651162791,27.5,0,85,52,78,0,E5,20,20,0.0,0.0,0,0
hungarian,1109,default,165,20,20,71.0,0,4,58.093023255813954,28.0,0,129,60,478,0,E5,20,20,0.0,0.0,0,0
cbba,1109,default,150,20,20,69.2,0,4,57.18604651162791,27.5,0,85,488,2590,117,E5,20,20,0.0,0.0,0,0
no_coordination,1110,default,329,20,20,140.25,16,4,117.14754098360656,52.0,832,55,0,0,0,E5,20,20,0.0,0.0,0,0
claim,1110,default,179,20,20,87.95,4,4,77.39344262295081,46.714285714285715,134,66,26,26,0,E5,20,20,0.0,0.0,0,0
mas,1110,default,160,20,20,75.1,0,4,65.21311475409836,36.57142857142857,0,100,50,75,0,E5,20,20,0.0,0.0,0,0
mas_iterative,1110,default,159,20,20,74.05,0,4,64.21311475409836,36.0,0,96,50,75,0,E5,20,20,0.0,0.0,0,0
hungarian,1110,default,159,20,20,74.05,0,4,64.21311475409836,36.0,0,96,60,478,0,E5,20,20,0.0,0.0,0,0
cbba,1110,default,159,20,20,74.05,0,4,64.21311475409836,36.0,0,96,500,2666,120,E5,20,20,0.0,0.0,0,0
no_coordination,1111,default,329,20,20,143.35,17,4,110.66,47.6,834,54,0,0,0,E5,20,20,0.0,0.0,0,0
claim,1111,default,222,20,20,101.6,10,4,80.26,42.2,341,74,33,33,0,E5,20,20,0.0,0.0,0,0
mas,1111,default,160,20,20,74.7,0,4,60.58,39.0,0,116,46,69,0,E5,20,20,0.0,0.0,0,0
mas_iterative,1111,default,159,20,20,74.0,0,4,59.92,38.6,0,112,44,66,0,E5,20,20,0.0,0.0,0,0
hungarian,1111,default,152,20,20,71.95,0,4,59.54,38.8,0,106,60,474,0,E5,20,20,0.0,0.0,0,0
cbba,1111,default,159,20,20,74.0,0,4,59.92,38.6,0,112,628,3444,152,E5,20,20,0.0,0.0,0,0
no_coordination,1112,default,365,20,20,187.75,17,4,153.0888888888889,41.0,875,56,0,0,0,E5,20,20,0.0,0.0,0,0
claim,1112,default,279,20,20,168.85,9,4,144.7111111111111,41.0,528,82,42,42,0,E5,20,20,0.0,0.0,0,0
mas,1112,default,148,20,20,75.55,0,4,63.48888888888889,37.5,0,76,48,73,0,E5,20,20,0.0,0.0,0,0
mas_iterative,1112,default,140,20,20,74.5,0,4,62.333333333333336,37.0,0,44,46,70,0,E5,20,20,0.0,0.0,0,0
hungarian,1112,default,149,20,20,78.1,0,4,65.0,28.5,0,60,60,472,0,E5,20,20,0.0,0.0,0,0
cbba,1112,default,140,20,20,74.5,0,4,62.333333333333336,37.0,0,44,596,3216,144,E5,20,20,0.0,0.0,0,0
no_coordination,1113,default,276,20,20,126.55,18,4,98.15094339622641,47.2,516,50,0,0,0,E5,20,20,0.0,0.0,0,0
claim,1113,default,212,20,20,108.6,7,4,85.50943396226415,43.8,257,83,30,30,0,E5,20,20,0.0,0.0,0,0
mas,1113,default,162,20,20,74.6,0,4,60.75471698113208,42.6,0,115,46,69,0,E5,20,20,0.0,0.0,0,0
mas_iterative,1113,default,161,20,20,73.85,0,4,60.0377358490566,42.0,0,111,44,66,0,E5,20,20,0.0,0.0,0,0
hungarian,1113,default,170,20,20,76.95,0,4,61.54716981132076,36.6,0,123,60,474,0,E5,20,20,0.0,0.0,0,0
cbba,1113,default,169,20,20,77.05,0,4,61.58490566037736,36.6,0,119,580,3130,140,E5,20,20,0.0,0.0,0,0
no_coordination,1114,default,304,20,20,134.7,15,4,103.13461538461539,56.166666666666664,662,47,0,0,0,E5,20,20,0.0,0.0,0,0
claim,1114,default,196,20,20,103.05,4,4,82.71153846153847,55.833333333333336,117,76,24,24,0,E5,20,20,0.0,0.0,0,0
mas,1114,default,180,20,20,83.85,0,4,65.09615384615384,40.666666666666664,0,110,46,69,0,E5,20,20,0.0,0.0,0,0
mas_iterative,1114,default,180,20,20,83.2,0,4,64.48076923076923,40.166666666666664,0,110,48,72,0,E5,20,20,0.0,0.0,0,0
hungarian,1114,default,180,20,20,83.2,0,4,64.48076923076923,40.166666666666664,0,110,60,476,0,E5,20,20,0.0,0.0,0,0
cbba,1114,default,180,20,20,83.2,0,4,64.48076923076923,40.166666666666664,0,110,548,2992,132,E5,20,20,0.0,0.0,0,0
no_coordination,1115,default,258,20,20,120.9,18,4,93.27083333333333,51.2,597,52,0,0,0,E5,20,20,0.0,0.0,0,0
claim,1115,default,187,20,20,97.35,5,4,79.9375,51.2,199,126,28,28,0,E5,20,20,0.0,0.0,0,0
mas,1115,default,147,20,20,65.55,0,4,52.145833333333336,35.2,0,118,48,73,0,E5,20,20,0.0,0.0,0,0
mas_iterative,1115,default,146,20,20,64.35,0,4,51.0,34.4,0,114,48,73,0,E5,20,20,0.0,0.0,0,0
hungarian,1115,default,146,20,20,64.35,0,4,51.0,34.4,0,114,60,474,0,E5,20,20,0.0,0.0,0,0
cbba,1115,default,146,20,20,64.35,0,4,51.0,34.4,0,114,580,3116,140,E5,20,20,0.0,0.0,0,0
no_coordination,1116,default,234,20,20,105.5,15,4,82.45238095238095,27.5,543,49,0,0,0,E5,20,20,0.0,0.0,0,0
claim,1116,default,142,20,20,74.35,2,4,62.04761904761905,27.5,57,93,22,22,0,E5,20,20,0.0,0.0,0,0
mas,1116,default,134,20,20,65.95,0,4,54.642857142857146,27.5,0,98,48,72,0,E5,20,20,0.0,0.0,0,0
mas_iterative,1116,default,133,20,20,65.15,0,4,53.904761904761905,27.5,0,94,48,72,0,E5,20,20,0.0,0.0,0,0
hungarian,1116,default,133,20,20,65.15,0,4,53.904761904761905,27.5,0,94,60,476,0,E5,20,20,0.0,0.0,0,0
cbba,1116,default,133,20,20,66.95,0,4,55.57142857142857,27.0,0,86,568,3028,137,E5,20,20,0.0,0.0,0,0
no_coordination,1117,default,276,20,20,121.2,15,4,94.94339622641509,37.8,632,48,0,0,0,E5,20,20,0.0,0.0,0,0
claim,1117,default,161,20,20,77.05,2,4,65.01886792452831,37.2,57,114,22,22,0,E5,20,20,0.0,0.0,0,0
mas,1117,default,149,20,20,67.05,0,4,55.886792452830186,32.0,0,116,50,75,0,E5,20,20,0.0,0.0,0,0
mas_iterative,1117,default,148,20,20,65.75,0,4,54.905660377358494,31.8,0,112,48,72,0,E5,20,20,0.0,0.0,0,0
hungarian,1117,default,148,20,20,65.75,0,4,54.905660377358494,31.8,0,112,60,474,0,E5,20,20,0.0,0.0,0,0
cbba,1117,default,148,20,20,66.05,0,4,54.905660377358494,31.8,0,112,540,2876,130,E5,20,20,0.0,0.0,0,0
no_coordination,1118,default,424,20,20,181.8,15,4,146.0943396226415,52.5,1074,59,0,0,0,E5,20,20,0.0,0.0,0,0
claim,1118,default,208,20,20,104.5,3,4,88.60377358490567,45.25,71,102,23,23,0,E5,20,20,0.0,0.0,0,0
mas,1118,default,195,20,20,88.7,0,4,74.0754716981132,42.25,0,133,46,69,0,E5,20,20,0.0,0.0,0,0
mas_iterative,1118,default,193,20,20,87.95,0,4,73.41509433962264,42.0,0,125,49,74,0,E5,20,20,0.0,0.0,0,0
hungarian,1118,default,193,20,20,87.95,0,4,73.41509433962264,42.0,0,125,60,478,0,E5,20,20,0.0,0.0,0,0
cbba,1118,default,193,20,20,87.95,0,4,73.41509433962264,42.0,0,125,520,2790,125,E5,20,20,0.0,0.0,0,0
no_coordination,1119,default,282,20,20,140.35,18,4,117.73469387755102,39.0,646,51,0,0,0,E5,20,20,0.0,0.0,0,0
claim,1119,default,168,20,20,89.35,3,4,78.42857142857143,39.0,81,82,23,23,0,E5,20,20,0.0,0.0,0,0
mas,1119,default,151,20,20,74.4,0,4,63.97959183673469,27.5,0,82,48,72,0,E5,20,20,0.0,0.0,0,0
mas_iterative,1119,default,149,20,20,73.5,0,4,63.12244897959184,27.0,0,74,50,75,0,E5,20,20,0.0,0.0,0,0
hungarian,1119,default,149,20,20,73.5,0,4,63.12244897959184,27.0,0,74,60,478,0,E5,20,20,0.0,0.0,0,0
cbba,1119,default,149,20,20,73.5,0,4,63.12244897959184,27.0,0,74,480,2516,115,E5,20,20,0.0,0.0,0,0
no_coordination,1120,default,234,20,20,124.35,16,4,103.02272727272727,50.5,435,44,0,0,0,E5,20,20,0.0,0.0,0,0
claim,1120,default,161,20,20,84.95,2,4,74.86363636363636,50.5,57,85,22,22,0,E5,20,20,0.0,0.0,0,0
mas,1120,default,148,20,20,74.4,0,4,64.54545454545455,38.5,0,82,46,69,0,E5,20,20,0.0,0.0,0,0
mas_iterative,1120,default,148,20,20,73.8,0,4,63.86363636363637,38.0,0,82,48,72,0,E5,20,20,0.0,0.0,0,0
hungarian,1120,default,148,20,20,73.8,0,4,63.86363636363637,38.0,0,82,60,474,0,E5,20,20,0.0,0.0,0,0
cbba,1120,default,148,20,20,73.8,0,4,63.86363636363637,38.0,0,82,560,2980,135,E5,20,20,0.0,0.0,0,0
no_coordination,1121,default,308,20,20,147.65,18,4,112.58695652173913,43.5,639,50,0,0,0,E5,20,20,0.0,0.0,0,0
claim,1121,default,194,20,20,97.7,2,4,79.91304347826087,43.5,65,99,22,22,0,E5,20,20,0.0,0.0,0,0
mas,1121,default,178,20,20,83.9,0,4,67.1086956521739,37.0,0,105,48,72,0,E5,20,20,0.0,0.0,0,0
mas_iterative,1121,default,177,20,20,83.1,0,4,66.3913043478261,36.5,0,101,46,69,0,E5,20,20,0.0,0.0,0,0
hungarian,1121,default,177,20,20,82.65,0,4,65.91304347826087,36.0,0,103,60,474,0,E5,20,20,0.0,0.0,0,0
cbba,1121,default,177,20,20,82.65,0,4,65.91304347826087,36.0,0,103,580,3110,140,E5,20,20,0.0,0.0,0,0
no_coordination,1123,default,225,20,20,113.2,14,4,88.39583333333333,38.8,446,44,0,0,0,E5,20,20,0.0,0.0,0,0
claim,1123,default,160,20,20,83.9,3,4,71.10416666666667,39.8,79,80,23,23,0,E5,20,20,0.0,0.0,0,0
mas,1123,default,144,20,20,71.2,0,4,59.375,31.4,0,72,48,72,0,E5,20,20,0.0,0.0,0,0
mas_iterative,1123,default,144,20,20,70.35,0,4,58.604166666666664,31.0,0,72,50,75,0,E5,20,20,0.0,0.0,0,0
hungarian,1123,default,144,20,20,70.35,0,4,58.625,31.0,0,72,60,478,0,E5,20,20,0.0,0.0,0,0
cbba,1123,default,144,20,20,70.35,0,4,58.604166666666664,31.0,0,72,424,2182,101,E5,20,20,0.0,0.0,0,0
no_coordination,1124,default,211,20,20,99.3,13,4,83.66666666666667,34.0,408,38,0,0,0,E5,20,20,0.0,0.0,0,0
claim,1124,default,150,20,20,78.45,2,4,69.12962962962963,34.0,57,76,22,22,0,E5,20,20,0.0,0.0,0,0
mas,1124,default,140,20,20,70.15,0,4,61.148148148148145,28.333333333333332,0,77,50,75,0,E5,20,20,0.0,0.0,0,0
mas_iterative,1124,default,139,20,20,69.15,0,4,60.2037037037037,28.0,0,73,48,72,0,E5,20,20,0.0,0.0,0,0
hungarian,1124,default,134,20,20,68.8,0,4,59.96296296296296,28.0,0,53,60,478,0,E5,20,20,0.0,0.0,0,0
cbba,1124,default,139,20,20,69.15,0,4,60.2037037037037,28.0,0,73,504,2684,121,E5,20,20,0.0,0.0,0,0
no_coordination,1125,default,369,20,20,177.05,17,4,134.6595744680851,36.0,920,59,0,0,0,E5,20,20,0.0,0.0,0,0
claim,1125,default,215,20,20,104.5,7,4,82.8936170212766,36.0,227,67,29,29,0,E5,20,20,0.0,0.0,0,0
mas,1125,default,177,20,20,79.4,0,4,63.08510638297872,28.0,0,118,48,72,0,E5,20,20,0.0,0.0,0,0
mas_iterative,1125,default,176,20,20,78.6,0,4,62.340425531914896,27.666666666666668,0,114,50,75,0,E5,20,20,0.0,0.0,0,0
hungarian,1125,default,176,20,20,78.6,0,4,62.340425531914896,27.666666666666668,0,114,60,478,0,E5,20,20,0.0,0.0,0,0
cbba,1125,default,176,20,20,78.6,0,4,62.340425531914896,27.666666666666668,0,114,444,2296,106,E5,20,20,0.0,0.0,0,0
no_coordination,1126,default,212,20,20,108.0,14,4,83.96,50.5,431,47,0,0,0,E5,20,20,0.0,0.0,0,0
claim,1126,default,137,20,20,70.45,2,4,59.1,44.75,57,88,22,22,0,E5,20,20,0.0,0.0,0,0
mas,1126,default,127,20,20,62.05,0,4,51.12,38.25,0,86,46,69,0,E5,20,20,0.0,0.0,0,0
mas_iterative,1126,default,126,20,20,61.35,0,4,50.44,37.5,0,82,50,75,0,E5,20,20,0.0,0.0,0,0
hungarian,1126,default,126,20,20,61.6,0,4,50.44,37.5,0,82,60,478,0,E5,20,20,0.0,0.0,0,0
cbba,1126,default,126,20,20,61.35,0,4,50.44,37.5,0,82,484,2574,116,E5,20,20,0.0,0.0,0,0
no_coordination,1127,default,204,20,20,101.1,16,4,88.48979591836735,28.333333333333332,337,42,0,0,0,E5,20,20,0.0,0.0,0,0
claim,1127,default,162,20,20,84.6,3,4,75.38775510204081,28.333333333333332,95,89,23,23,0,E5,20,20,0.0,0.0,0,0
mas,1127,default,144,20,20,69.65,0,4,62.326530612244895,28.333333333333332,0,89,50,75,0,E5,20,20,0.0,0.0,0,0
mas_iterative,1127,default,143,20,20,68.6,0,4,61.40816326530612,28.333333333333332,0,85,50,75,0,E5,20,20,0.0,0.0,0,0
hungarian,1127,default,143,20,20,68.6,0,4,61.40816326530612,28.333333333333332,0,85,60,478,0,E5,20,20,0.0,0.0,0,0
cbba,1127,default,143,20,20,68.6,0,4,61.40816326530612,28.333333333333332,0,85,452,2376,108,E5,20,20,0.0,0.0,0,0
no_coordination,1128,default,267,20,20,125.05,12,4,96.5,33.333333333333336,561,41,0,0,0,E5,20,20,0.0,0.0,0,0
claim,1128,default,166,20,20,85.8,2,4,71.3913043478261,33.333333333333336,57,97,22,22,0,E5,20,20,0.0,0.0,0,0
mas,1128,default,154,20,20,75.85,0,4,61.891304347826086,33.333333333333336,0,105,44,66,0,E5,20,20,0.0,0.0,0,0
mas_iterative,1128,default,154,20,20,75.35,0,4,61.45652173913044,33.333333333333336,0,105,50,75,0,E5,20,20,0.0,0.0,0,0
hungarian,1128,default,159,20,20,78.45,0,4,63.97826086956522,28.0,0,103,60,474,0,E5,20,20,0.0,0.0,0,0
cbba,1128,default,154,20,20,75.35,0,4,61.45652173913044,33.333333333333336,0,105,484,2558,116,E5,20,20,0.0,0.0,0,0
no_coordination,1129,default,249,20,20,116.7,15,4,101.04081632653062,27.0,404,42,0,0,0,E5,20,20,0.0,0.0,0,0
claim,1129,default,178,20,20,93.6,2,4,83.16326530612245,27.0,58,82,22,22,0,E5,20,20,0.0,0.0,0,0
mas,1129,default,163,20,20,82.25,0,4,72.16326530612245,27.0,0,75,46,69,0,E5,20,20,0.0,0.0,0,0
mas_iterative,1129,default,162,20,20,81.65,0,4,71.63265306122449,27.0,0,71,44,66,0,E5,20,20,0.0,0.0,0,0
hungarian,1129,default,162,20,20,81.65,0,4,71.63265306122449,27.0,0,71,60,472,0,E5,20,20,0.0,0.0,0,0
cbba,1129,default,162,20,20,81.65,0,4,71.63265306122449,27.0,0,71,624,3412,151,E5,20,20,0.0,0.0,0,0
no_coordination,1130,default,317,20,20,132.15,16,4,106.0,46.6,775,58,0,0,0,E5,20,20,0.0,0.0,0,0
claim,1130,default,169,20,20,87.6,2,4,74.75,45.0,57,71,22,22,0,E5,20,20,0.0,0.0,0,0
mas,1130,default,163,20,20,76.05,0,4,64.23214285714286,40.2,0,112,48,72,0,E5,20,20,0.0,0.0,0,0
mas_iterative,1130,default,161,20,20,75.15,0,4,63.375,39.4,0,104,48,72,0,E5,20,20,0.0,0.0,0,0
hungarian,1130,default,161,20,20,75.15,0,4,63.375,39.4,0,104,60,476,0,E5,20,20,0.0,0.0,0,0
cbba,1130,default,161,20,20,75.15,0,4,63.375,39.4,0,104,520,2764,125,E5,20,20,0.0,0.0,0,0
no_coordination,1131,default,281,20,20,136.55,17,4,112.0677966101695,65.875,668,53,0,0,0,E5,20,20,0.0,0.0,0,0
claim,1131,default,163,20,20,86.15,2,4,75.22033898305085,54.5,57,94,22,22,0,E5,20,20,0.0,0.0,0,0
mas,1131,default,151,20,20,75.35,0,4,64.94915254237289,46.0,0,96,50,75,0,E5,20,20,0.0,0.0,0,0
mas_iterative,1131,default,149,20,20,74.3,0,4,64.01694915254237,45.25,0,88,52,78,0,E5,20,20,0.0,0.0,0,0
hungarian,1131,default,152,20,20,74.6,0,4,64.0677966101695,45.25,0,100,60,478,0,E5,20,20,0.0,0.0,0,0
cbba,1131,default,149,20,20,74.95,0,4,64.30508474576271,44.125,0,88,516,2716,124,E5,20,20,0.0,0.0,0,0
no_coordination,1132,default,247,20,20,123.9,14,4,102.09433962264151,38.666666666666664,496,41,0,0,0,E5,20,20,0.0,0.0,0,0
claim,1132,default,169,20,20,94.8,5,4,83.37735849056604,38.666666666666664,110,69,25,25,0,E5,20,20,0.0,0.0,0,0
mas,1132,default,148,20,20,76.65,0,4,66.9622641509434,36.333333333333336,0,75,52,79,0,E5,20,20,0.0,0.0,0,0
mas_iterative,1132,default,145,20,20,75.15,0,4,65.58490566037736,35.666666666666664,0,63,49,74,0,E5,20,20,0.0,0.0,0,0
hungarian,1132,default,145,20,20,75.15,0,4,65.58490566037736,35.666666666666664,0,63,60,478,0,E5,20,20,0.0,0.0,0,0
cbba,1132,default,145,20,20,75.15,0,4,65.58490566037736,35.666666666666664,0,63,488,2582,117,E5,20,20,0.0,0.0,0,0
no_coordination,1133,default,388,20,20,159.1,17,4,125.75471698113208,38.75,1042,64,0,0,0,E5,20,20,0.0,0.0,0,0
claim,1133,default,180,20,20,88.9,3,4,76.84905660377359,36.0,75,109,23,23,0,E5,20,20,0.0,0.0,0,0
mas,1133,default,155,20,20,73.55,0,4,63.094339622641506,35.5,0,84,44,66,0,E5,20,20,0.0,0.0,0,0
mas_iterative,1133,default,154,20,20,73.05,0,4,62.60377358490566,35.25,0,80,48,72,0,E5,20,20,0.0,0.0,0,0
hungarian,1133,default,154,20,20,72.8,0,4,62.58490566037736,35.25,0,80,60,474,0,E5,20,20,0.0,0.0,0,0
cbba,1133,default,154,20,20,73.05,0,4,62.60377358490566,35.25,0,80,516,2784,124,E5,20,20,0.0,0.0,0,0
no_coordination,1134,default,239,20,20,107.3,13,4,90.26530612244898,28.5,492,43,0,0,0,E5,20,20,0.0,0.0,0,0
claim,1134,default,198,20,20,91.8,6,4,78.36734693877551,28.5,207,59,29,29,0,E5,20,20,0.0,0.0,0,0
mas,1134,default,152,20,20,70.75,0,4,61.48979591836735,28.5,0,106,48,72,0,E5,20,20,0.0,0.0,0,0
mas_iterative,1134,default,151,20,20,69.85,0,4,60.673469387755105,28.5,0,102,50,75,0,E5,20,20,0.0,0.0,0,0
hungarian,1134,default,151,20,20,69.85,0,4,60.673469387755105,28.5,0,102,60,476,0,E5,20,20,0.0,0.0,0,0
cbba,1134,default,151,20,20,69.85,0,4,60.673469387755105,28.5,0,102,520,2770,125,E5,20,20,0.0,0.0,0,0
no_coordination,1135,default,336,20,20,141.0,17,4,108.625,47.6,840,55,0,0,0,E5,20,20,0.0,0.0,0,0
claim,1135,default,160,20,20,83.85,2,4,71.3125,42.0,57,41,22,22,0,E5,20,20,0.0,0.0,0,0
mas,1135,default,148,20,20,73.8,0,4,61.875,32.8,0,40,48,72,0,E5,20,20,0.0,0.0,0,0
mas_iterative,1135,default,148,20,20,72.75,0,4,61.020833333333336,32.2,0,40,46,69,0,E5,20,20,0.0,0.0,0,0
hungarian,1135,default,148,20,20,72.6,0,4,60.875,32.2,0,40,60,476,0,E5,20,20,0.0,0.0,0,0
cbba,1135,default,148,20,20,72.75,0,4,61.020833333333336,32.2,0,40,604,3240,146,E5,20,20,0.0,0.0,0,0
no_coordination,1136,default,270,20,20,141.65,17,4,115.17647058823529,60.4,527,45,0,0,0,E5,20,20,0.0,0.0,0,0
claim,1136,default,202,20,20,118.85,6,4,102.31372549019608,62.2,172,73,26,26,0,E5,20,20,0.0,0.0,0,0
mas,1136,default,172,20,20,88.35,0,4,74.43137254901961,41.2,0,85,48,72,0,E5,20,20,0.0,0.0,0,0
mas_iterative,1136,default,170,20,20,87.35,0,4,73.49019607843137,40.4,0,77,48,72,0,E5,20,20,0.0,0.0,0,0
hungarian,1136,default,159,20,20,85.65,0,4,71.82352941176471,39.0,0,39,60,474,0,E5,20,20,0.0,0.0,0,0
cbba,1136,default,170,20,20,87.35,0,4,73.49019607843137,40.4,0,77,576,3104,139,E5,20,20,0.0,0.0,0,0
no_coordination,1137,default,269,20,20,133.3,16,4,100.85106382978724,38.75,562,46,0,0,0,E5,20,20,0.0,0.0,0,0
claim,1137,default,200,20,20,99.4,5,4,80.08510638297872,38.75,113,138,25,25,0,E5,20,20,0.0,0.0,0,0
mas,1137,default,177,20,20,83.4,0,4,66.1063829787234,30.25,0,122,46,69,0,E5,20,20,0.0,0.0,0,0
mas_iterative,1137,default,177,20,20,82.7,0,4,65.38297872340425,29.5,0,122,46,69,0,E5,20,20,0.0,0.0,0,0
hungarian,1137,default,179,20,20,82.8,0,4,65.36170212765957,29.5,0,130,60,472,0,E5,20,20,0.0,0.0,0,0
cbba,1137,default,177,20,20,82.7,0,4,65.38297872340425,29.5,0,122,636,3464,154,E5,20,20,0.0,0.0,0,0
no_coordination,1138,default,235,20,20,124.6,15,4,107.05555555555556,39.5,501,47,0,0,0,E5,20,20,0.0,0.0,0,0
claim,1138,default,175,20,20,84.65,3,4,74.31481481481481,37.0,101,102,23,23,0,E5,20,20,0.0,0.0,0,0
mas,1138,default,157,20,20,71.55,0,4,62.68518518518518,31.0,0,124,44,66,0,E5,20,20,0.0,0.0,0,0
mas_iterative,1138,default,156,20,20,71.0,0,4,62.166666666666664,30.75,0,120,44,66,0,E5,20,20,0.0,0.0,0,0
hungarian,1138,default,156,20,20,71.0,0,4,62.166666666666664,30.75,0,120,60,472,0,E5,20,20,0.0,0.0,0,0
cbba,1138,default,152,20,20,70.75,0,4,62.407407407407405,38.75,0,110,564,3060,136,E5,20,20,0.0,0.0,0,0
no_coordination,1139,default,274,20,20,133.65,15,4,109.48148148148148,48.0,597,48,0,0,0,E5,20,20,0.0,0.0,0,0
claim,1139,default,172,20,20,89.45,4,4,79.46296296296296,48.0,94,122,24,24,0,E5,20,20,0.0,0.0,0,0
mas,1139,default,155,20,20,75.2,0,4,66.12962962962963,39.0,0,130,52,79,0,E5,20,20,0.0,0.0,0,0
mas_iterative,1139,default,154,20,20,73.8,0,4,64.77777777777777,38.0,0,126,49,74,0,E5,20,20,0.0,0.0,0,0
hungarian,1139,default,154,20,20,73.8,0,4,64.77777777777777,38.0,0,126,60,478,0,E5,20,20,0.0,0.0,0,0
cbba,1139,default,154,20,20,73.8,0,4,64.77777777777777,38.0,0,126,488,2552,117,E5,20,20,0.0,0.0,0,0
no_coordination,1140,default,323,20,20,139.7,18,4,106.33333333333333,36.25,786,60,0,0,0,E5,20,20,0.0,0.0,0,0
claim,1140,default,168,20,20,82.65,2,4,68.33333333333333,36.25,57,109,22,22,0,E5,20,20,0.0,0.0,0,0
mas,1140,default,159,20,20,72.75,0,4,59.145833333333336,31.5,0,118,50,75,0,E5,20,20,0.0,0.0,0,0
mas_iterative,1140,default,157,20,20,71.8,0,4,58.3125,31.25,0,110,48,72,0,E5,20,20,0.0,0.0,0,0
hungarian,1140,default,157,20,20,71.8,0,4,58.3125,31.25,0,110,60,476,0,E5,20,20,0.0,0.0,0,0
cbba,1140,default,157,20,20,71.8,0,4,58.3125,31.25,0,110,508,2716,122,E5,20,20,0.0,0.0,0,0
no_coordination,1141,default,351,20,20,161.45,14,4,125.12727272727273,66.875,889,52,0,0,0,E5,20,20,0.0,0.0,0,0
claim,1141,default,184,20,20,91.8,3,4,77.67272727272727,54.0,101,77,24,24,0,E5,20,20,0.0,0.0,0,0
mas,1141,default,158,20,20,79.6,0,4,66.8,43.25,0,64,48,72,0,E5,20,20,0.0,0.0,0,0
mas_iterative,1141,default,157,20,20,79.25,0,4,66.03636363636363,42.5,0,60,48,72,0,E5,20,20,0.0,0.0,0,0
hungarian,1141,default,160,20,20,79.4,0,4,66.03636363636363,42.5,0,72,60,476,0,E5,20,20,0.0,0.0,0,0
cbba,1141,default,157,20,20,78.7,0,4,65.98181818181818,42.5,0,60,460,2410,110,E5,20,20,0.0,0.0,0,0
no_coordination,1142,default,343,20,20,150.25,17,4,120.84,40.25,824,52,0,0,0,E5,20,20,0.0,0.0,0,0
claim,1142,default,183,20,20,92.05,2,4,78.84,40.25,57,106,22,22,0,E5,20,20,0.0,0.0,0,0
mas,1142,default,155,20,20,79.75,0,4,67.26,34.25,0,54,46,69,0,E5,20,20,0.0,0.0,0,0
mas_iterative,1142,default,154,20,20,79.0,0,4,66.56,34.0,0,50,48,72,0,E5,20,20,0.0,0.0,0,0
hungarian,1142,default,154,20,20,79.0,0,4,66.56,34.0,0,50,60,474,0,E5,20,20,0.0,0.0,0,0
cbba,1142,default,154,20,20,79.0,0,4,66.56,34.0,0,50,576,3110,139,E5,20,20,0.0,0.0,0,0
no_coordination,1143,default,283,20,20,123.0,15,4,89.95348837209302,43.333333333333336,558,45,0,0,0,E5,20,20,0.0,0.0,0,0
claim,1143,default,185,20,20,89.25,3,4,69.37209302325581,42.0,75,109,23,23,0,E5,20,20,0.0,0.0,0,0
mas,1143,default,176,20,20,77.95,0,4,59.51162790697674,41.333333333333336,0,130,48,72,0,E5,20,20,0.0,0.0,0,0
mas_iterative,1143,default,175,20,20,77.15,0,4,58.72093023255814,40.666666666666664,0,126,48,72,0,E5,20,20,0.0,0.0,0,0
hungarian,1143,default,175,20,20,77.15,0,4,58.72093023255814,40.666666666666664,0,126,60,476,0,E5,20,20,0.0,0.0,0,0
cbba,1143,default,175,20,20,77.15,0,4,58.72093023255814,40.666666666666664,0,126,520,2788,125,E5,20,20,0.0,0.0,0,0
no_coordination,1144,default,351,20,20,157.1,17,4,118.09803921568627,54.833333333333336,896,56,0,0,0,E5,20,20,0.0,0.0,0,0
claim,1144,default,204,20,20,118.55,4,4,97.70588235294117,56.666666666666664,207,96,28,28,0,E5,20,20,0.0,0.0,0,0
mas,1144,default,155,20,20,79.55,0,4,63.35294117647059,38.666666666666664,0,84,50,76,0,E5,20,20,0.0,0.0,0,0
mas_iterative,1144,default,154,20,20,78.2,0,4,62.03921568627451,37.5,0,80,48,73,0,E5,20,20,0.0,0.0,0,0
hungarian,1144,default,154,20,20,78.2,0,4,62.03921568627451,37.5,0,80,60,474,0,E5,20,20,0.0,0.0,0,0
cbba,1144,default,154,20,20,78.2,0,4,62.03921568627451,37.5,0,80,580,3140,140,E5,20,20,0.0,0.0,0,0
no_coordination,1145,default,298,20,20,138.0,15,4,105.03571428571429,57.75,730,49,0,0,0,E5,20,20,0.0,0.0,0,0
claim,1145,default,163,20,20,84.8,2,4,70.14285714285714,48.375,57,84,22,22,0,E5,20,20,0.0,0.0,0,0
mas,1145,default,156,20,20,75.7,0,4,61.214285714285715,39.25,0,98,48,72,0,E5,20,20,0.0,0.0,0,0
mas_iterative,1145,default,155,20,20,74.8,0,4,60.42857142857143,38.5,0,94,48,72,0,E5,20,20,0.0,0.0,0,0
hungarian,1145,default,155,20,20,74.8,0,4,60.42857142857143,38.5,0,94,60,476,0,E5,20,20,0.0,0.0,0,0
cbba,1145,default,155,20,20,74.8,0,4,60.42857142857143,38.5,0,94,520,2768,125,E5,20,20,0.0,0.0,0,0
no_coordination,1146,default,309,20,20,143.55,15,4,121.61818181818182,50.5,672,50,0,0,0,E5,20,20,0.0,0.0,0,0
claim,1146,default,180,20,20,93.5,3,4,83.0909090909091,46.25,101,95,24,24,0,E5,20,20,0.0,0.0,0,0
mas,1146,default,150,20,20,80.7,0,4,71.41818181818182,35.25,0,54,51,77,0,E5,20,20,0.0,0.0,0,0
mas_iterative,1146,default,148,20,20,79.4,0,4,70.2,34.5,0,46,52,78,0,E5,20,20,0.0,0.0,0,0
hungarian,1146,default,148,20,20,79.4,0,4,70.2,34.5,0,46,60,480,0,E5,20,20,0.0,0.0,0,0
cbba,1146,default,148,20,20,79.4,0,4,70.2,34.5,0,46,512,2802,123,E5,20,20,0.0,0.0,0,0
no_coordination,1147,default,301,20,20,131.3,17,4,102.80851063829788,38.666666666666664,710,50,0,0,0,E5,20,20,0.0,0.0,0,0
claim,1147,default,177,20,20,92.55,3,4,76.42553191489361,38.666666666666664,87,76,23,23,0,E5,20,20,0.0,0.0,0,0
mas,1147,default,160,20,20,79.8,0,4,65.74468085106383,31.333333333333332,0,82,46,69,0,E5,20,20,0.0,0.0,0,0
mas_iterative,1147,default,159,20,20,79.15,0,4,65.17021276595744,31.0,0,78,46,69,0,E5,20,20,0.0,0.0,0,0
hungarian,1147,default,163,20,20,79.8,0,4,64.23404255319149,29.333333333333332,0,78,60,474,0,E5,20,20,0.0,0.0,0,0
cbba,1147,default,163,20,20,79.8,0,4,64.23404255319149,29.333333333333332,0,78,580,3108,140,E5,20,20,0.0,0.0,0,0
no_coordination,1149,default,224,20,20,107.65,16,4,88.0576923076923,42.0,430,43,0,0,0,E5,20,20,0.0,0.0,0,0
claim,1149,default,186,20,20,91.95,7,4,78.5576923076923,40.333333333333336,201,91,28,28,0,E5,20,20,0.0,0.0,0,0
mas,1149,default,138,20,20,66.3,0,4,57.42307692307692,39.333333333333336,0,104,44,66,0,E5,20,20,0.0,0.0,0,0
mas_iterative,1149,default,138,20,20,65.8,0,4,56.90384615384615,39.0,0,104,44,66,0,E5,20,20,0.0,0.0,0,0
hungarian,1149,default,138,20,20,65.8,0,4,56.90384615384615,39.0,0,104,60,472,0,E5,20,20,0.0,0.0,0,0
cbba,1149,default,138,20,20,65.8,0,4,56.90384615384615,39.0,0,104,616,3320,149,E5,20,20,0.0,0.0,0,0
no_coordination,1150,default,229,20,20,120.6,15,4,91.39583333333333,39.6,436,39,0,0,0,E5,20,20,0.0,0.0,0,0
claim,1150,default,175,20,20,91.2,5,4,75.02083333333333,39.6,108,116,25,25,0,E5,20,20,0.0,0.0,0,0
mas,1150,default,153,20,20,75.1,0,4,60.333333333333336,30.0,0,100,55,83,0,E5,20,20,0.0,0.0,0,0
mas_iterative,1150,default,151,20,20,73.45,0,4,58.895833333333336,29.2,0,92,51,77,0,E5,20,20,0.0,0.0,0,0
hungarian,1150,default,151,20,20,69.55,0,4,56.416666666666664,33.0,0,116,60,476,0,E5,20,20,0.0,0.0,0,0
cbba,1150,default,151,20,20,73.45,0,4,58.895833333333336,29.2,0,92,500,2634,120,E5,20,20,0.0,0.0,0,0
no_coordination,1152,default,343,20,20,148.45,16,4,115.25,46.5,862,54,0,0,0,E5,20,20,0.0,0.0,0,0
claim,1152,default,172,20,20,90.75,3,4,76.39583333333333,42.75,75,73,23,23,0,E5,20,20,0.0,0.0,0,0
mas,1152,default,161,20,20,79.35,0,4,65.52083333333333,32.5,0,78,48,72,0,E5,20,20,0.0,0.0,0,0
mas_iterative,1152,default,159,20,20,78.4,0,4,64.64583333333333,31.75,0,70,48,72,0,E5,20,20,0.0,0.0,0,0
hungarian,1152,default,159,20,20,78.4,0,4,64.64583333333333,31.75,0,70,60,474,0,E5,20,20,0.0,0.0,0,0
cbba,1152,default,158,20,20,78.95,0,4,64.77083333333333,31.75,0,66,580,3090,140,E5,20,20,0.0,0.0,0,0
no_coordination,1153,default,367,20,20,165.75,17,4,133.0,49.8,897,59,0,0,0,E5,20,20,0.0,0.0,0,0
claim,1153,default,247,20,20,121.25,7,4,101.77358490566037,46.2,225,142,27,27,0,E5,20,20,0.0,0.0,0,0
mas,1153,default,188,20,20,87.7,0,4,74.32075471698113,41.6,0,138,46,69,0,E5,20,20,0.0,0.0,0,0
mas_iterative,1153,default,185,20,20,86.75,0,4,73.69811320754717,41.2,0,126,46,69,0,E5,20,20,0.0,0.0,0,0
hungarian,1153,default,183,20,20,86.95,0,4,73.88679245283019,41.4,0,120,60,472,0,E5,20,20,0.0,0.0,0,0
cbba,1153,default,187,20,20,87.05,0,4,73.66037735849056,41.2,0,134,556,2966,134,E5,20,20,0.0,0.0,0,0
no_coordination,1155,default,321,20,20,138.55,16,4,96.83333333333333,44.6,788,55,0,0,0,E5,20,20,0.0,0.0,0,0
claim,1155,default,185,20,20,89.1,4,4,69.27083333333333,40.0,119,98,25,25,0,E5,20,20,0.0,0.0,0,0
mas,1155,default,170,20,20,78.75,0,4,60.375,30.0,0,94,48,72,0,E5,20,20,0.0,0.0,0,0
mas_iterative,1155,default,169,20,20,77.85,0,4,59.541666666666664,29.4,0,90,44,66,0,E5,20,20,0.0,0.0,0,0
hungarian,1155,default,160,20,20,74.55,0,4,57.479166666666664,33.4,0,76,60,472,0,E5,20,20,0.0,0.0,0,0
cbba,1155,default,160,20,20,74.55,0,4,57.479166666666664,33.4,0,76,608,3294,147,E5,20,20,0.0,0.0,0,0
no_coordination,1156,default,256,20,20,132.8,15,4,114.74468085106383,30.0,476,44,0,0,0,E5,20,20,0.0,0.0,0,0
claim,1156,default,223,20,20,118.1,6,4,105.61702127659575,30.0,269,73,33,33,0,E5,20,20,0.0,0.0,0,0
mas,1156,default,164,20,20,83.35,0,4,72.44680851063829,29.0,0,92,53,81,0,E5,20,20,0.0,0.0,0,0
mas_iterative,1156,default,159,20,20,80.75,0,4,70.55319148936171,29.0,0,72,50,76,0,E5,20,20,0.0,0.0,0,0
hungarian,1156,default,154,20,20,80.2,0,4,70.48936170212765,29.0,0,52,60,476,0,E5,20,20,0.0,0.0,0,0
cbba,1156,default,159,20,20,80.75,0,4,70.55319148936171,29.0,0,72,488,2598,117,E5,20,20,0.0,0.0,0,0
no_coordination,1157,default,316,20,20,144.7,16,4,111.72916666666667,35.666666666666664,762,50,0,0,0,E5,20,20,0.0,0.0,0,0
claim,1157,default,181,20,20,97.2,5,4,81.6875,38.333333333333336,162,30,27,27,0,E5,20,20,0.0,0.0,0,0
mas,1157,default,154,20,20,80.0,0,4,66.8125,30.0,0,69,46,69,0,E5,20,20,0.0,0.0,0,0
mas_iterative,1157,default,153,20,20,79.25,0,4,66.14583333333333,29.666666666666668,0,65,46,69,0,E5,20,20,0.0,0.0,0,0
hungarian,1157,default,153,20,20,79.25,0,4,66.14583333333333,29.666666666666668,0,65,60,474,0,E5,20,20,0.0,0.0,0,0
cbba,1157,default,153,20,20,79.25,0,4,66.14583333333333,29.666666666666668,0,65,528,2810,127,E5,20,20,0.0,0.0,0,0
no_coordination,1000,default,290,20,20,112.25,16,4,101.02173913043478,95.33333333333333,674,52,0,0,0,E5,20,20,0.0,0.0,100,0
claim,1000,default,191,20,20,77.2,4,4,70.43478260869566,58.666666666666664,249,45,29,29,0,E5,20,20,0.0,0.0,100,0
mas,1000,default,155,20,20,33.9,0,4,30.717391304347824,32.333333333333336,0,118,49,75,0,E5,20,20,0.0,0.0,100,0
mas_iterative,1000,default,155,20,20,33.9,0,4,30.717391304347824,32.333333333333336,0,118,49,75,0,E5,20,20,0.0,0.0,100,0
hungarian,1000,default,155,20,20,33.9,0,4,30.717391304347824,32.333333333333336,0,118,72,144,0,E5,20,20,0.0,0.0,100,0
cbba,1000,default,155,20,20,33.9,0,4,30.717391304347824,32.333333333333336,0,118,272,778,63,E5,20,20,0.0,0.0,100,0
no_coordination,1001,default,451,20,20,163.8,18,4,150.46428571428572,133.0,1270,92,0,0,0,E5,20,20,0.0,0.0,100,0
claim,1001,default,227,20,20,94.15,5,4,89.60714285714286,84.4,311,110,30,30,0,E5,20,20,0.0,0.0,100,0
mas,1001,default,161,20,20,38.85,0,4,36.69642857142857,34.8,0,119,49,75,0,E5,20,20,0.0,0.0,100,0
mas_iterative,1001,default,161,20,20,38.85,0,4,36.69642857142857,34.8,0,119,49,75,0,E5,20,20,0.0,0.0,100,0
hungarian,1001,default,161,20,20,38.85,0,4,36.69642857142857,34.8,0,119,72,172,0,E5,20,20,0.0,0.0,100,0
cbba,1001,default,161,20,20,38.85,0,4,36.69642857142857,34.8,0,119,304,1018,71,E5,20,20,0.0,0.0,100,0
no_coordination,1002,default,418,20,20,172.3,16,4,157.54347826086956,163.0,1099,92,0,0,0,E5,20,20,0.0,0.0,100,0
claim,1002,default,251,20,20,108.0,6,4,98.84782608695652,98.0,353,122,38,38,0,E5,20,20,0.0,0.0,100,0
mas,1002,default,173,20,20,46.75,0,4,44.26086956521739,47.75,0,134,49,75,0,E5,20,20,0.0,0.0,100,0
mas_iterative,1002,default,173,20,20,46.75,0,4,44.26086956521739,47.75,0,134,49,75,0,E5,20,20,0.0,0.0,100,0
hungarian,1002,default,173,20,20,46.75,0,4,44.26086956521739,47.75,0,134,72,196,0,E5,20,20,0.0,0.0,100,0
cbba,1002,default,171,20,20,43.4,0,4,40.80434782608695,43.0,0,150,404,1302,96,E5,20,20,0.0,0.0,100,0
no_coordination,1003,default,352,20,20,111.1,16,4,93.41666666666667,60.166666666666664,946,70,0,0,0,E5,20,20,0.0,0.0,100,0
claim,1003,default,179,20,20,49.2,3,4,44.770833333333336,36.666666666666664,160,91,26,26,0,E5,20,20,0.0,0.0,100,0
mas,1003,default,170,20,20,35.15,0,4,32.916666666666664,30.833333333333332,0,163,59,90,0,E5,20,20,0.0,0.0,100,0
mas_iterative,1003,default,169,20,20,35.05,0,4,32.854166666666664,30.833333333333332,0,159,57,87,0,E5,20,20,0.0,0.0,100,0
hungarian,1003,default,169,20,20,35.05,0,4,32.854166666666664,30.833333333333332,0,159,78,143,0,E5,20,20,0.0,0.0,100,0
cbba,1003,default,169,20,20,35.05,0,4,32.854166666666664,30.833333333333332,0,159,220,514,50,E5,20,20,0.0,0.0,100,0
no_coordination,1004,default,430,20,20,156.8,17,4,164.4468085106383,145.33333333333334,1077,79,0,0,0,E5,20,20,0.0,0.0,100,0
claim,1004,default,290,20,20,118.4,8,4,122.34042553191489,113.0,520,111,40,40,0,E5,20,20,0.0,0.0,100,0
mas,1004,default,192,20,20,49.7,0,4,51.659574468085104,49.666666666666664,0,180,53,81,0,E5,20,20,0.0,0.0,100,0
mas_iterative,1004,default,192,20,20,49.4,0,4,51.361702127659576,49.666666666666664,0,180,51,78,0,E5,20,20,0.0,0.0,100,0
hungarian,1004,default,192,20,20,49.4,0,4,51.361702127659576,49.666666666666664,0,180,72,188,0,E5,20,20,0.0,0.0,100,0
cbba,1004,default,183,20,20,45.45,0,4,46.93617021276596,49.666666666666664,0,168,388,1308,92,E5,20,20,0.0,0.0,100,0
no_coordination,1005,default,361,20,20,135.2,16,4,128.45454545454547,134.5,925,102,0,0,0,E5,20,20,0.0,0.0,100,0
claim,1005,default,248,20,20,86.4,8,4,83.32727272727273,83.16666666666667,388,128,40,40,0,E5,20,20,0.0,0.0,100,0
mas,1005,default,186,20,20,36.45,0,4,35.836363636363636,37.0,0,203,51,78,0,E5,20,20,0.0,0.0,100,0
mas_iterative,1005,default,186,20,20,36.15,0,4,35.56363636363636,37.0,0,203,53,81,0,E5,20,20,0.0,0.0,100,0
hungarian,1005,default,186,20,20,36.15,0,4,35.56363636363636,37.0,0,203,66,135,0,E5,20,20,0.0,0.0,100,0
cbba,1005,default,186,20,20,36.15,0,4,35.56363636363636,37.0,0,203,220,562,50,E5,20,20,0.0,0.0,100,0
no_coordination,1006,default,376,20,20,131.2,14,4,124.84615384615384,84.0,973,103,0,0,0,E5,20,20,0.0,0.0,100,0
claim,1006,default,271,20,20,103.4,11,4,100.66666666666667,79.0,472,136,42,42,0,E5,20,20,0.0,0.0,100,0
mas,1006,default,187,20,20,51.5,0,4,50.56410256410256,42.0,0,170,51,78,0,E5,20,20,0.0,0.0,100,0
mas_iterative,1006,default,187,20,20,51.15,0,4,50.17948717948718,41.5,0,170,51,78,0,E5,20,20,0.0,0.0,100,0
hungarian,1006,default,187,20,20,49.15,0,4,48.30769230769231,38.0,0,178,70,199,0,E5,20,20,0.0,0.0,100,0
cbba,1006,default,181,20,20,36.8,0,4,36.12820512820513,41.5,0,223,332,1044,78,E5,20,20,0.0,0.0,100,0
no_coordination,1007,default,335,20,20,143.9,13,4,128.15555555555557,53.0,861,90,0,0,0,E5,20,20,0.0,0.0,100,0
claim,1007,default,236,20,20,95.25,7,4,88.82222222222222,53.0,380,152,34,34,0,E5,20,20,0.0,0.0,100,0
mas,1007,default,165,20,20,33.3,0,4,33.6,28.0,0,201,49,75,0,E5,20,20,0.0,0.0,100,0
mas_iterative,1007,default,165,20,20,33.3,0,4,33.6,28.0,0,201,49,75,0,E5,20,20,0.0,0.0,100,0
hungarian,1007,default,165,20,20,33.3,0,4,33.6,28.0,0,201,72,152,0,E5,20,20,0.0,0.0,100,0
cbba,1007,default,165,20,20,33.3,0,4,33.6,28.0,0,201,284,836,66,E5,20,20,0.0,0.0,100,0
no_coordination,1008,default,386,20,20,145.1,15,4,141.02,115.25,999,71,0,0,0,E5,20,20,0.0,0.0,100,0
claim,1008,default,226,20,20,88.95,6,4,85.08,64.75,316,58,31,31,0,E5,20,20,0.0,0.0,100,0
mas,1008,default,174,20,20,48.35,0,4,47.4,39.0,0,124,49,75,0,E5,20,20,0.0,0.0,100,0
mas_iterative,1008,default,174,20,20,48.35,0,4,47.4,39.0,0,124,49,75,0,E5,20,20,0.0,0.0,100,0
hungarian,1008,default,174,20,20,48.35,0,4,47.4,39.0,0,124,72,194,0,E5,20,20,0.0,0.0,100,0
cbba,1008,default,174,20,20,48.65,0,4,47.68,39.5,0,124,376,1390,89,E5,20,20,0.0,0.0,100,0
no_coordination,1009,default,540,20,20,263.4,19,4,246.53191489361703,130.0,1406,91,0,0,0,E5,20,20,0.0,0.0,100,0
claim,1009,default,305,20,20,153.2,6,4,143.91489361702128,92.66666666666667,486,133,37,37,0,E5,20,20,0.0,0.0,100,0
mas,1009,default,185,20,20,49.35,0,4,47.38297872340426,35.0,0,152,51,78,0,E5,20,20,0.0,0.0,100,0
mas_iterative,1009,default,185,20,20,49.2,0,4,47.276595744680854,35.0,0,152,51,78,0,E5,20,20,0.0,0.0,100,0
hungarian,1009,default,185,20,20,49.2,0,4,47.276595744680854,35.0,0,152,72,194,0,E5,20,20,0.0,0.0,100,0
cbba,1009,default,185,20,20,49.2,0,4,47.276595744680854,35.0,0,152,344,1294,81,E5,20,20,0.0,0.0,100,0
no_coordination,1010,default,422,20,20,188.3,18,4,179.41509433962264,143.4,1129,102,0,0,0,E5,20,20,0.0,0.0,100,0
claim,1010,default,267,20,20,120.25,7,4,115.88679245283019,92.2,465,112,37,37,0,E5,20,20,0.0,0.0,100,0
mas,1010,default,166,20,20,45.95,0,4,44.0,39.0,0,133,53,81,0,E5,20,20,0.0,0.0,100,0
mas_iterative,1010,default,165,20,20,45.7,0,4,43.79245283018868,39.0,0,129,51,78,0,E5,20,20,0.0,0.0,100,0
hungarian,1010,default,165,20,20,45.7,0,4,43.79245283018868,39.0,0,129,72,200,0,E5,20,20,0.0,0.0,100,0
cbba,1010,default,165,20,20,45.7,0,4,43.79245283018868,39.0,0,129,356,1414,84,E5,20,20,0.0,0.0,100,0
no_coordination,1011,default,369,20,20,125.65,15,4,112.20370370370371,59.0,929,74,0,0,0,E5,20,20,0.0,0.0,100,0
claim,1011,default,256,20,20,104.95,8,4,94.18518518518519,53.4,441,119,38,38,0,E5,20,20,0.0,0.0,100,0
mas,1011,default,160,20,20,41.75,0,4,39.833333333333336,32.6,0,102,51,78,0,E5,20,20,0.0,0.0,100,0
mas_iterative,1011,default,160,20,20,41.7,0,4,39.77777777777778,32.6,0,102,51,78,0,E5,20,20,0.0,0.0,100,0
hungarian,1011,default,160,20,20,41.7,0,4,39.77777777777778,32.6,0,102,72,176,0,E5,20,20,0.0,0.0,100,0
cbba,1011,default,160,20,20,41.7,0,4,39.77777777777778,32.6,0,102,308,1090,72,E5,20,20,0.0,0.0,100,0
no_coordination,1012,default,443,20,20,182.0,16,4,164.0188679245283,114.2,1280,73,0,0,0,E5,20,20,0.0,0.0,100,0
claim,1012,default,244,20,20,103.8,8,4,96.67924528301887,78.0,458,69,42,42,0,E5,20,20,0.0,0.0,100,0
mas,1012,default,161,20,20,40.7,0,4,38.75471698113208,33.0,0,122,49,75,0,E5,20,20,0.0,0.0,100,0
mas_iterative,1012,default,161,20,20,40.5,0,4,38.62264150943396,33.0,0,122,53,81,0,E5,20,20,0.0,0.0,100,0
hungarian,1012,default,161,20,20,40.5,0,4,38.62264150943396,33.0,0,122,68,162,0,E5,20,20,0.0,0.0,100,0
cbba,1012,default,157,20,20,38.9,0,4,36.905660377358494,32.4,0,138,436,1338,104,E5,20,20,0.0,0.0,100,0
no_coordination,1013,default,446,20,20,201.75,15,4,202.53658536585365,nan,1187,72,0,0,0,E5,20,20,0.0,0.0,100,0
claim,1013,default,290,20,20,151.1,6,4,150.46341463414635,nan,517,98,37,37,0,E5,20,20,0.0,0.0,100,0
mas,1013,default,169,20,20,42.25,0,4,42.65853658536585,nan,0,115,51,78,0,E5,20,20,0.0,0.0,100,0
mas_iterative,1013,default,170,20,20,42.35,0,4,43.073170731707314,nan,0,119,51,78,0,E5,20,20,0.0,0.0,100,0
hungarian,1013,default,170,20,20,42.35,0,4,43.073170731707314,nan,0,119,72,172,0,E5,20,20,0.0,0.0,100,0
cbba,1013,default,170,20,20,42.35,0,4,43.073170731707314,nan,0,119,304,978,71,E5,20,20,0.0,0.0,100,0
no_coordination,1014,default,429,20,20,171.05,16,4,170.44,218.5,1165,71,0,0,0,E5,20,20,0.0,0.0,100,0
claim,1014,default,210,20,20,83.25,3,4,81.6,98.5,222,76,26,26,0,E5,20,20,0.0,0.0,100,0
mas,1014,default,170,20,20,43.0,0,4,40.72,53.0,0,100,51,78,0,E5,20,20,0.0,0.0,100,0
mas_iterative,1014,default,170,20,20,42.95,0,4,40.68,53.0,0,100,51,78,0,E5,20,20,0.0,0.0,100,0
hungarian,1014,default,170,20,20,42.95,0,4,40.68,53.0,0,100,72,166,0,E5,20,20,0.0,0.0,100,0
cbba,1014,default,167,20,20,38.75,0,4,37.1,52.5,0,118,296,764,69,E5,20,20,0.0,0.0,100,0
no_coordination,1015,default,364,20,20,123.55,16,4,113.02,100.33333333333333,915,63,0,0,0,E5,20,20,0.0,0.0,100,0
claim,1015,default,193,20,20,66.35,3,4,61.68,43.333333333333336,152,67,26,26,0,E5,20,20,0.0,0.0,100,0
mas,1015,default,173,20,20,45.8,0,4,43.56,33.0,0,104,49,75,0,E5,20,20,0.0,0.0,100,0
mas_iterative,1015,default,173,20,20,45.8,0,4,43.56,33.0,0,104,49,75,0,E5,20,20,0.0,0.0,100,0
hungarian,1015,default,171,20,20,45.7,0,4,43.18,30.333333333333332,0,96,72,180,0,E5,20,20,0.0,0.0,100,0
cbba,1015,default,174,20,20,46.05,0,4,43.78,33.666666666666664,0,108,304,1068,71,E5,20,20,0.0,0.0,100,0
no_coordination,1016,default,374,20,20,158.4,15,4,142.7,120.16666666666667,1023,68,0,0,0,E5,20,20,0.0,0.0,100,0
claim,1016,default,281,20,20,134.5,8,4,124.12,108.66666666666667,588,117,41,41,0,E5,20,20,0.0,0.0,100,0
mas,1016,default,167,20,20,33.2,0,4,32.64,30.5,0,188,61,94,0,E5,20,20,0.0,0.0,100,0
mas_iterative,1016,default,167,20,20,32.85,0,4,32.36,30.333333333333332,0,188,64,98,0,E5,20,20,0.0,0.0,100,0
hungarian,1016,default,167,20,20,32.85,0,4,32.36,30.333333333333332,0,188,78,171,0,E5,20,20,0.0,0.0,100,0
cbba,1016,default,167,20,20,32.85,0,4,32.36,30.333333333333332,0,188,232,686,53,E5,20,20,0.0,0.0,100,0
no_coordination,1017,default,328,20,20,117.0,16,4,112.53846153846153,91.0,806,64,0,0,0,E5,20,20,0.0,0.0,100,0
claim,1017,default,195,20,20,76.9,3,4,72.92307692307692,60.666666666666664,183,98,26,26,0,E5,20,20,0.0,0.0,100,0
mas,1017,default,160,20,20,50.8,0,4,48.98076923076923,45.666666666666664,0,78,49,75,0,E5,20,20,0.0,0.0,100,0
mas_iterative,1017,default,159,20,20,50.5,0,4,48.71153846153846,45.666666666666664,0,74,53,81,0,E5,20,20,0.0,0.0,100,0
hungarian,1017,default,159,20,20,50.5,0,4,48.71153846153846,45.666666666666664,0,74,68,210,0,E5,20,20,0.0,0.0,100,0
cbba,1017,default,159,20,20,50.55,0,4,48.75,45.333333333333336,0,74,352,1454,83,E5,20,20,0.0,0.0,100,0
no_coordination,1018,default,483,20,20,175.35,17,4,167.0,177.0,1298,63,0,0,0,E5,20,20,0.0,0.0,100,0
claim,1018,default,238,20,20,101.1,5,4,97.72727272727273,93.0,252,76,29,29,0,E5,20,20,0.0,0.0,100,0
mas,1018,default,186,20,20,68.9,0,4,68.22727272727273,67.66666666666667,0,56,51,78,0,E5,20,20,0.0,0.0,100,0
mas_iterative,1018,default,186,20,20,68.8,0,4,68.11363636363636,67.33333333333333,0,56,51,78,0,E5,20,20,0.0,0.0,100,0
hungarian,1018,default,186,20,20,68.9,0,4,67.93181818181819,66.66666666666667,0,56,72,238,0,E5,20,20,0.0,0.0,100,0
cbba,1018,default,186,20,20,68.8,0,4,68.11363636363636,67.33333333333333,0,56,428,1956,102,E5,20,20,0.0,0.0,100,0
no_coordination,1019,default,430,20,20,179.85,18,4,171.33333333333334,134.66666666666666,1176,77,0,0,0,E5,20,20,0.0,0.0,100,0
claim,1019,default,305,20,20,134.3,9,4,128.0,96.0,560,124,42,42,0,E5,20,20,0.0,0.0,100,0
mas,1019,default,176,20,20,48.15,0,4,45.549019607843135,32.333333333333336,0,153,49,75,0,E5,20,20,0.0,0.0,100,0
mas_iterative,1019,default,176,20,20,48.15,0,4,45.549019607843135,32.333333333333336,0,153,49,75,0,E5,20,20,0.0,0.0,100,0
hungarian,1019,default,176,20,20,48.15,0,4,45.549019607843135,32.333333333333336,0,153,72,186,0,E5,20,20,0.0,0.0,100,0
cbba,1019,default,176,20,20,48.15,0,4,45.549019607843135,32.333333333333336,0,153,344,1268,81,E5,20,20,0.0,0.0,100,0
no_coordination,1020,default,458,20,20,208.75,18,4,219.2826086956522,235.0,1221,66,0,0,0,E5,20,20,0.0,0.0,100,0
claim,1020,default,203,20,20,83.9,3,4,84.19565217391305,74.0,181,74,26,26,0,E5,20,20,0.0,0.0,100,0
mas,1020,default,159,20,20,43.2,0,4,43.95652173913044,35.5,0,74,56,86,0,E5,20,20,0.0,0.0,100,0
mas_iterative,1020,default,158,20,20,42.5,0,4,43.19565217391305,35.0,0,70,56,86,0,E5,20,20,0.0,0.0,100,0
hungarian,1020,default,158,20,20,42.5,0,4,43.19565217391305,35.0,0,70,72,178,0,E5,20,20,0.0,0.0,100,0
cbba,1020,default,158,20,20,42.5,0,4,43.19565217391305,35.0,0,70,264,884,61,E5,20,20,0.0,0.0,100,0
no_coordination,1021,default,422,20,20,164.7,17,4,166.97826086956522,204.66666666666666,1136,74,0,0,0,E5,20,20,0.0,0.0,100,0
claim,1021,default,238,20,20,95.6,6,4,92.93478260869566,103.0,274,139,33,33,0,E5,20,20,0.0,0.0,100,0
mas,1021,default,181,20,20,51.35,0,4,52.391304347826086,59.333333333333336,0,124,53,81,0,E5,20,20,0.0,0.0,100,0
mas_iterative,1021,default,180,20,20,51.0,0,4,52.04347826086956,59.0,0,120,55,84,0,E5,20,20,0.0,0.0,100,0
hungarian,1021,default,180,20,20,50.8,0,4,51.78260869565217,59.0,0,120,72,188,0,E5,20,20,0.0,0.0,100,0
cbba,1021,default,180,20,20,51.0,0,4,52.04347826086956,59.0,0,120,284,1022,66,E5,20,20,0.0,0.0,100,0
no_coordination,1022,default,429,20,20,163.05,17,4,148.8235294117647,106.75,1125,106,0,0,0,E5,20,20,0.0,0.0,100,0
claim,1022,default,291,20,20,131.15,6,4,122.41176470588235,94.5,406,180,34,34,0,E5,20,20,0.0,0.0,100,0
mas,1022,default,192,20,20,54.5,0,4,51.19607843137255,42.5,0,184,51,78,0,E5,20,20,0.0,0.0,100,0
mas_iterative,1022,default,192,20,20,54.2,0,4,50.90196078431372,42.25,0,184,51,78,0,E5,20,20,0.0,0.0,100,0
hungarian,1022,default,192,20,20,54.2,0,4,50.90196078431372,42.25,0,184,68,228,0,E5,20,20,0.0,0.0,100,0
cbba,1022,default,192,20,20,54.2,0,4,50.90196078431372,42.25,0,184,388,1718,92,E5,20,20,0.0,0.0,100,0
no_coordination,1023,default,441,20,20,190.45,16,4,168.49019607843138,103.33333333333333,1162,66,0,0,0,E5,20,20,0.0,0.0,100,0
claim,1023,default,267,20,20,114.9,8,4,104.3529411764706,68.33333333333333,404,93,36,36,0,E5,20,20,0.0,0.0,100,0
mas,1023,default,164,20,20,45.5,0,4,43.72549019607843,38.666666666666664,0,67,49,75,0,E5,20,20,0.0,0.0,100,0
mas_iterative,1023,default,164,20,20,45.5,0,4,43.72549019607843,38.666666666666664,0,67,49,75,0,E5,20,20,0.0,0.0,100,0
hungarian,1023,default,164,20,20,45.5,0,4,43.72549019607843,38.666666666666664,0,67,72,178,0,E5,20,20,0.0,0.0,100,0
cbba,1023,default,164,20,20,45.5,0,4,43.72549019607843,38.666666666666664,0,67,324,1164,76,E5,20,20,0.0,0.0,100,0
no_coordination,1024,default,349,20,20,162.4,17,4,146.12244897959184,116.33333333333333,881,55,0,0,0,E5,20,20,0.0,0.0,100,0
claim,1024,default,218,20,20,96.15,5,4,89.9795918367347,70.66666666666667,306,41,30,30,0,E5,20,20,0.0,0.0,100,0
mas,1024,default,160,20,20,49.9,0,4,48.40816326530612,42.0,0,54,46,70,0,E5,20,20,0.0,0.0,100,0
mas_iterative,1024,default,160,20,20,49.7,0,4,48.16326530612245,41.666666666666664,0,54,48,73,0,E5,20,20,0.0,0.0,100,0
hungarian,1024,default,160,20,20,49.7,0,4,48.16326530612245,41.666666666666664,0,54,66,203,0,E5,20,20,0.0,0.0,100,0
cbba,1024,default,160,20,20,49.7,0,4,48.16326530612245,41.666666666666664,0,54,320,1258,75,E5,20,20,0.0,0.0,100,0
no_coordination,1025,default,309,20,20,128.8,15,4,116.77551020408163,45.25,767,77,0,0,0,E5,20,20,0.0,0.0,100,0
claim,1025,default,247,20,20,90.05,10,4,82.42857142857143,44.5,388,162,35,35,0,E5,20,20,0.0,0.0,100,0
mas,1025,default,167,20,20,42.55,0,4,39.44897959183673,24.5,0,140,51,78,0,E5,20,20,0.0,0.0,100,0
mas_iterative,1025,default,166,20,20,42.25,0,4,39.183673469387756,24.5,0,136,53,81,0,E5,20,20,0.0,0.0,100,0
hungarian,1025,default,164,20,20,39.35,0,4,36.755102040816325,24.25,0,140,68,180,0,E5,20,20,0.0,0.0,100,0
cbba,1025,default,166,20,20,42.25,0,4,39.183673469387756,24.5,0,136,300,1098,70,E5,20,20,0.0,0.0,100,0
no_coordination,1026,default,477,20,20,217.0,15,4,190.0566037735849,139.66666666666666,1209,103,0,0,0,E5,20,20,0.0,0.0,100,0
claim,1026,default,329,20,20,146.5,9,4,131.60377358490567,101.5,594,140,39,39,0,E5,20,20,0.0,0.0,100,0
mas,1026,default,189,20,20,47.0,0,4,42.22641509433962,30.166666666666668,0,168,49,75,0,E5,20,20,0.0,0.0,100,0
mas_iterative,1026,default,189,20,20,46.75,0,4,42.0188679245283,30.166666666666668,0,168,51,78,0,E5,20,20,0.0,0.0,100,0
hungarian,1026,default,189,20,20,46.75,0,4,42.0188679245283,30.166666666666668,0,168,68,188,0,E5,20,20,0.0,0.0,100,0
cbba,1026,default,189,20,20,46.75,0,4,42.0188679245283,30.166666666666668,0,168,320,1240,75,E5,20,20,0.0,0.0,100,0
no_coordination,1027,default,393,20,20,141.75,15,4,131.5531914893617,122.75,1055,63,0,0,0,E5,20,20,0.0,0.0,100,0
claim,1027,default,216,20,20,86.75,6,4,79.7872340425532,62.25,282,57,32,32,0,E5,20,20,0.0,0.0,100,0
mas,1027,default,168,20,20,54.35,0,4,48.95744680851064,41.75,0,80,49,75,0,E5,20,20,0.0,0.0,100,0
mas_iterative,1027,default,168,20,20,54.35,0,4,48.95744680851064,41.75,0,80,49,75,0,E5,20,20,0.0,0.0,100,0
hungarian,1027,default,168,20,20,54.35,0,4,48.95744680851064,41.75,0,80,72,224,0,E5,20,20,0.0,0.0,100,0
cbba,1027,default,168,20,20,54.35,0,4,48.95744680851064,41.75,0,80,420,1802,100,E5,20,20,0.0,0.0,100,0
no_coordination,1028,default,431,20,20,178.15,17,4,156.5681818181818,102.0,1140,63,0,0,0,E5,20,20,0.0,0.0,100,0
claim,1028,default,276,20,20,123.65,7,4,110.86363636363636,82.0,420,114,36,36,0,E5,20,20,0.0,0.0,100,0
mas,1028,default,187,20,20,53.9,0,4,48.43181818181818,28.5,0,144,49,75,0,E5,20,20,0.0,0.0,100,0
mas_iterative,1028,default,187,20,20,53.9,0,4,48.43181818181818,28.5,0,144,49,75,0,E5,20,20,0.0,0.0,100,0
hungarian,1028,default,187,20,20,53.9,0,4,48.43181818181818,28.5,0,144,72,202,0,E5,20,20,0.0,0.0,100,0
cbba,1028,default,187,20,20,53.9,0,4,48.43181818181818,28.5,0,144,376,1492,89,E5,20,20,0.0,0.0,100,0
no_coordination,1030,default,352,20,20,132.2,18,4,112.02380952380952,39.5,795,73,0,0,0,E5,20,20,0.0,0.0,100,0
claim,1030,default,250,20,20,103.55,9,4,89.19047619047619,39.5,403,121,42,42,0,E5,20,20,0.0,0.0,100,0
mas,1030,default,175,20,20,47.3,0,4,43.42857142857143,23.0,0,124,49,75,0,E5,20,20,0.0,0.0,100,0
mas_iterative,1030,default,174,20,20,47.05,0,4,43.214285714285715,23.0,0,120,51,78,0,E5,20,20,0.0,0.0,100,0
hungarian,1030,default,174,20,20,47.05,0,4,43.214285714285715,23.0,0,120,66,195,0,E5,20,20,0.0,0.0,100,0
cbba,1030,default,173,20,20,45.55,0,4,41.714285714285715,20.5,0,134,444,1498,106,E5,20,20,0.0,0.0,100,0
no_coordination,1031,default,459,20,20,196.95,17,4,181.85454545454544,146.0,1231,87,0,0,0,E5,20,20,0.0,0.0,100,0
claim,1031,default,281,20,20,114.65,8,4,105.2,83.71428571428571,436,164,41,41,0,E5,20,20,0.0,0.0,100,0
mas,1031,default,180,20,20,42.65,0,4,39.67272727272727,34.714285714285715,0,170,53,81,0,E5,20,20,0.0,0.0,100,0
mas_iterative,1031,default,179,20,20,42.3,0,4,39.38181818181818,34.42857142857143,0,166,57,87,0,E5,20,20,0.0,0.0,100,0
hungarian,1031,default,179,20,20,42.3,0,4,39.236363636363635,34.142857142857146,0,166,72,174,0,E5,20,20,0.0,0.0,100,0
cbba,1031,default,179,20,20,42.3,0,4,39.38181818181818,34.42857142857143,0,166,260,890,60,E5,20,20,0.0,0.0,100,0
no_coordination,1032,default,415,20,20,190.0,15,4,164.91489361702128,70.0,1058,98,0,0,0,E5,20,20,0.0,0.0,100,0
claim,1032,default,239,20,20,104.1,4,4,94.95744680851064,67.5,277,135,29,29,0,E5,20,20,0.0,0.0,100,0
mas,1032,default,197,20,20,61.0,0,4,54.1063829787234,27.5,0,184,49,75,0,E5,20,20,0.0,0.0,100,0
mas_iterative,1032,default,197,20,20,61.0,0,4,54.1063829787234,27.5,0,184,49,75,0,E5,20,20,0.0,0.0,100,0
hungarian,1032,default,197,20,20,61.0,0,4,53.851063829787236,27.5,0,184,72,262,0,E5,20,20,0.0,0.0,100,0
cbba,1032,default,195,20,20,59.9,0,4,52.8936170212766,26.5,0,186,536,2362,129,E5,20,20,0.0,0.0,100,0
no_coordination,1033,default,493,20,20,194.75,18,4,188.05555555555554,160.2,1346,83,0,0,0,E5,20,20,0.0,0.0,100,0
claim,1033,default,315,20,20,121.0,8,4,115.14814814814815,95.0,439,188,37,37,0,E5,20,20,0.0,0.0,100,0
mas,1033,default,204,20,20,57.25,0,4,55.25925925925926,47.4,0,145,49,75,0,E5,20,20,0.0,0.0,100,0
mas_iterative,1033,default,203,20,20,56.95,0,4,55.03703703703704,47.2,0,141,49,75,0,E5,20,20,0.0,0.0,100,0
hungarian,1033,default,203,20,20,56.95,0,4,55.03703703703704,47.2,0,141,70,191,0,E5,20,20,0.0,0.0,100,0
cbba,1033,default,203,20,20,56.95,0,4,55.03703703703704,47.2,0,141,336,1316,79,E5,20,20,0.0,0.0,100,0
no_coordination,1034,default,433,20,20,196.9,18,4,170.66666666666666,123.5,1122,65,0,0,0,E5,20,20,0.0,0.0,100,0
claim,1034,default,328,20,20,169.05,9,4,148.73333333333332,123.5,616,112,48,48,0,E5,20,20,0.0,0.0,100,0
mas,1034,default,186,20,20,61.15,0,4,52.977777777777774,30.0,0,106,49,75,0,E5,20,20,0.0,0.0,100,0
mas_iterative,1034,default,186,20,20,61.15,0,4,52.977777777777774,30.0,0,106,49,75,0,E5,20,20,0.0,0.0,100,0
hungarian,1034,default,186,20,20,61.15,0,4,52.977777777777774,30.0,0,106,72,230,0,E5,20,20,0.0,0.0,100,0
cbba,1034,default,178,20,20,54.1,0,4,46.93333333333333,28.0,0,116,480,1934,115,E5,20,20,0.0,0.0,100,0
no_coordination,1035,default,463,20,20,147.1,18,4,138.74074074074073,113.6,1309,69,0,0,0,E5,20,20,0.0,0.0,100,0
claim,1035,default,267,20,20,87.75,8,4,82.33333333333333,67.2,446,86,36,36,0,E5,20,20,0.0,0.0,100,0
mas,1035,default,186,20,20,36.55,0,4,34.7037037037037,26.0,0,184,51,78,0,E5,20,20,0.0,0.0,100,0
mas_iterative,1035,default,186,20,20,36.45,0,4,34.592592592592595,25.8,0,184,53,81,0,E5,20,20,0.0,0.0,100,0
hungarian,1035,default,186,20,20,36.45,0,4,34.592592592592595,25.8,0,184,74,149,0,E5,20,20,0.0,0.0,100,0
cbba,1035,default,186,20,20,36.45,0,4,34.592592592592595,25.8,0,184,256,700,59,E5,20,20,0.0,0.0,100,0
no_coordination,1036,default,628,20,20,268.4,19,4,235.16326530612244,114.25,1809,101,0,0,0,E5,20,20,0.0,0.0,100,0
claim,1036,default,594,20,20,266.6,17,4,234.42857142857142,114.25,1619,145,83,83,0,E5,20,20,0.0,0.0,100,0
mas,1036,default,210,20,20,55.35,0,4,51.55102040816327,41.0,0,170,57,87,0,E5,20,20,0.0,0.0,100,0
mas_iterative,1036,default,208,20,20,54.65,0,4,51.0,41.0,0,162,55,84,0,E5,20,20,0.0,0.0,100,0
hungarian,1036,default,208,20,20,54.65,0,4,51.0,41.0,0,162,68,204,0,E5,20,20,0.0,0.0,100,0
cbba,1036,default,205,20,20,50.7,0,4,46.40816326530612,35.25,0,172,372,1464,88,E5,20,20,0.0,0.0,100,0
no_coordination,1037,default,447,20,20,183.95,18,4,173.6086956521739,142.8,1200,66,0,0,0,E5,20,20,0.0,0.0,100,0
claim,1037,default,259,20,20,119.4,4,4,112.73913043478261,95.8,302,131,29,29,0,E5,20,20,0.0,0.0,100,0
mas,1037,default,195,20,20,67.05,0,4,64.32608695652173,54.8,0,132,49,75,0,E5,20,20,0.0,0.0,100,0
mas_iterative,1037,default,194,20,20,66.8,0,4,64.08695652173913,54.6,0,128,51,78,0,E5,20,20,0.0,0.0,100,0
hungarian,1037,default,194,20,20,66.8,0,4,64.08695652173913,54.6,0,128,70,267,0,E5,20,20,0.0,0.0,100,0
cbba,1037,default,196,20,20,66.9,0,4,64.5,54.6,0,136,492,2420,118,E5,20,20,0.0,0.0,100,0
no_coordination,1038,default,476,20,20,206.45,18,4,184.1551724137931,124.66666666666667,1328,85,0,0,0,E5,20,20,0.0,0.0,100,0
claim,1038,default,336,20,20,157.75,11,4,145.0,113.33333333333333,667,122,46,46,0,E5,20,20,0.0,0.0,100,0
mas,1038,default,188,20,20,50.4,0,4,43.327586206896555,31.833333333333332,0,146,53,81,0,E5,20,20,0.0,0.0,100,0
mas_iterative,1038,default,187,20,20,50.0,0,4,43.0,31.666666666666668,0,142,51,78,0,E5,20,20,0.0,0.0,100,0
hungarian,1038,default,187,20,20,50.0,0,4,43.0,31.666666666666668,0,142,70,201,0,E5,20,20,0.0,0.0,100,0
cbba,1038,default,187,20,20,50.0,0,4,43.0,31.666666666666668,0,142,348,1380,82,E5,20,20,0.0,0.0,100,0
no_coordination,1039,default,470,20,20,197.25,17,4,181.60714285714286,171.33333333333334,1132,100,0,0,0,E5,20,20,0.0,0.0,100,0
claim,1039,default,364,20,20,171.05,9,4,161.67857142857142,158.83333333333334,738,144,43,43,0,E5,20,20,0.0,0.0,100,0
mas,1039,default,181,20,20,50.7,0,4,46.375,40.0,0,130,51,78,0,E5,20,20,0.0,0.0,100,0
mas_iterative,1039,default,181,20,20,50.6,0,4,46.30357142857143,40.0,0,130,51,78,0,E5,20,20,0.0,0.0,100,0
hungarian,1039,default,179,20,20,50.9,0,4,45.517857142857146,36.666666666666664,0,122,72,204,0,E5,20,20,0.0,0.0,100,0
cbba,1039,default,181,20,20,50.6,0,4,46.30357142857143,40.0,0,130,344,1360,81,E5,20,20,0.0,0.0,100,0
no_coordination,1040,default,414,20,20,195.0,16,4,187.0612244897959,178.5,1045,62,0,0,0,E5,20,20,0.0,0.0,100,0
claim,1040,default,317,20,20,167.05,9,4,161.83673469387756,129.5,656,68,47,47,0,E5,20,20,0.0,0.0,100,0
mas,1040,default,170,20,20,56.25,0,4,56.30612244897959,48.5,0,72,49,75,0,E5,20,20,0.0,0.0,100,0
mas_iterative,1040,default,170,20,20,56.25,0,4,56.30612244897959,48.5,0,72,49,75,0,E5,20,20,0.0,0.0,100,0
hungarian,1040,default,170,20,20,56.1,0,4,56.244897959183675,48.5,0,72,72,222,0,E5,20,20,0.0,0.0,100,0
cbba,1040,default,170,20,20,56.25,0,4,56.30612244897959,48.5,0,72,428,1768,102,E5,20,20,0.0,0.0,100,0
no_coordination,1041,default,327,20,20,116.9,15,4,103.6,82.0,780,57,0,0,0,E5,20,20,0.0,0.0,100,0
claim,1041,default,216,20,20,86.55,5,4,82.4,73.75,264,56,33,33,0,E5,20,20,0.0,0.0,100,0
mas,1041,default,177,20,20,55.5,0,4,53.42,52.75,0,116,51,78,0,E5,20,20,0.0,0.0,100,0
mas_iterative,1041,default,177,20,20,55.35,0,4,53.22,52.25,0,116,51,78,0,E5,20,20,0.0,0.0,100,0
hungarian,1041,default,177,20,20,55.35,0,4,53.22,52.25,0,116,72,230,0,E5,20,20,0.0,0.0,100,0
cbba,1041,default,178,20,20,55.3,0,4,53.14,52.25,0,120,408,1754,97,E5,20,20,0.0,0.0,100,0
no_coordination,1042,default,443,20,20,166.7,15,4,143.40384615384616,125.2,1230,81,0,0,0,E5,20,20,0.0,0.0,100,0
claim,1042,default,268,20,20,93.6,9,4,83.51923076923077,75.2,508,59,40,40,0,E5,20,20,0.0,0.0,100,0
mas,1042,default,191,20,20,38.8,0,4,33.40384615384615,27.4,0,226,53,81,0,E5,20,20,0.0,0.0,100,0
mas_iterative,1042,default,191,20,20,38.8,0,4,33.40384615384615,27.4,0,226,53,81,0,E5,20,20,0.0,0.0,100,0
hungarian,1042,default,191,20,20,38.8,0,4,33.40384615384615,27.4,0,226,76,160,0,E5,20,20,0.0,0.0,100,0
cbba,1042,default,187,20,20,35.85,0,4,30.403846153846153,24.4,0,228,280,802,65,E5,20,20,0.0,0.0,100,0
no_coordination,1043,default,420,20,20,164.05,17,4,149.47368421052633,36.0,1070,70,0,0,0,E5,20,20,0.0,0.0,100,0
claim,1043,default,315,20,20,140.95,9,4,127.34210526315789,36.0,632,71,44,44,0,E5,20,20,0.0,0.0,100,0
mas,1043,default,168,20,20,47.35,0,4,42.26315789473684,7.0,0,76,55,84,0,E5,20,20,0.0,0.0,100,0
mas_iterative,1043,default,167,20,20,47.0,0,4,41.921052631578945,7.0,0,72,53,81,0,E5,20,20,0.0,0.0,100,0
hungarian,1043,default,167,20,20,47.0,0,4,41.921052631578945,7.0,0,72,72,190,0,E5,20,20,0.0,0.0,100,0
cbba,1043,default,164,20,20,41.15,0,4,36.94736842105263,5.0,0,96,364,1072,86,E5,20,20,0.0,0.0,100,0
no_coordination,1044,default,373,20,20,171.65,16,4,162.78,160.5,930,79,0,0,0,E5,20,20,0.0,0.0,100,0
claim,1044,default,317,20,20,153.0,9,4,148.38,153.0,670,70,46,46,0,E5,20,20,0.0,0.0,100,0
mas,1044,default,168,20,20,41.85,0,4,40.1,35.5,0,112,51,78,0,E5,20,20,0.0,0.0,100,0
mas_iterative,1044,default,168,20,20,41.7,0,4,39.98,35.5,0,112,51,78,0,E5,20,20,0.0,0.0,100,0
hungarian,1044,default,168,20,20,41.7,0,4,39.98,35.5,0,112,72,172,0,E5,20,20,0.0,0.0,100,0
cbba,1044,default,170,20,20,41.05,0,4,39.98,35.5,0,120,304,1026,71,E5,20,20,0.0,0.0,100,0
no_coordination,1045,default,503,20,20,186.95,16,4,160.05769230769232,100.5,1378,95,0,0,0,E5,20,20,0.0,0.0,100,0
claim,1045,default,258,20,20,82.4,5,4,72.3076923076923,48.0,269,159,29,29,0,E5,20,20,0.0,0.0,100,0
mas,1045,default,218,20,20,54.55,0,4,47.38461538461539,32.25,0,214,56,86,0,E5,20,20,0.0,0.0,100,0
mas_iterative,1045,default,218,20,20,54.55,0,4,47.38461538461539,32.25,0,214,56,86,0,E5,20,20,0.0,0.0,100,0
hungarian,1045,default,216,20,20,54.35,0,4,47.11538461538461,31.75,0,206,80,210,0,E5,20,20,0.0,0.0,100,0
cbba,1045,default,212,20,20,52.7,0,4,45.71153846153846,31.75,0,225,572,1752,138,E5,20,20,0.0,0.0,100,0
no_coordination,1046,default,478,20,20,172.9,16,4,164.20754716981133,116.0,1328,82,0,0,0,E5,20,20,0.0,0.0,100,0
claim,1046,default,237,20,20,94.8,6,4,88.49056603773585,59.8,291,113,32,32,0,E5,20,20,0.0,0.0,100,0
mas,1046,default,169,20,20,40.65,0,4,38.60377358490566,24.0,0,129,49,75,0,E5,20,20,0.0,0.0,100,0
mas_iterative,1046,default,168,20,20,40.35,0,4,38.37735849056604,24.0,0,125,53,81,0,E5,20,20,0.0,0.0,100,0
hungarian,1046,default,168,20,20,40.35,0,4,38.37735849056604,24.0,0,125,66,181,0,E5,20,20,0.0,0.0,100,0
cbba,1046,default,168,20,20,40.35,0,4,38.37735849056604,24.0,0,125,300,1106,70,E5,20,20,0.0,0.0,100,0
no_coordination,1047,default,355,20,20,154.6,16,4,145.55555555555554,154.5,930,69,0,0,0,E5,20,20,0.0,0.0,100,0
claim,1047,default,270,20,20,128.85,8,4,125.8,149.5,526,81,39,39,0,E5,20,20,0.0,0.0,100,0
mas,1047,default,160,20,20,38.5,0,4,37.77777777777778,47.5,0,110,55,84,0,E5,20,20,0.0,0.0,100,0
mas_iterative,1047,default,160,20,20,38.45,0,4,37.71111111111111,47.5,0,110,55,84,0,E5,20,20,0.0,0.0,100,0
hungarian,1047,default,160,20,20,38.45,0,4,37.71111111111111,47.5,0,110,76,156,0,E5,20,20,0.0,0.0,100,0
cbba,1047,default,160,20,20,38.45,0,4,37.71111111111111,47.5,0,110,256,710,59,E5,20,20,0.0,0.0,100,0
no_coordination,1048,default,424,20,20,165.15,17,4,159.17021276595744,180.5,1110,84,0,0,0,E5,20,20,0.0,0.0,100,0
claim,1048,default,260,20,20,112.35,5,4,107.48936170212765,114.0,368,112,33,33,0,E5,20,20,0.0,0.0,100,0
mas,1048,default,191,20,20,48.5,0,4,47.829787234042556,57.5,0,160,49,75,0,E5,20,20,0.0,0.0,100,0
mas_iterative,1048,default,190,20,20,48.3,0,4,47.659574468085104,57.5,0,156,49,75,0,E5,20,20,0.0,0.0,100,0
hungarian,1048,default,185,20,20,48.6,0,4,48.48936170212766,63.0,0,136,70,181,0,E5,20,20,0.0,0.0,100,0
cbba,1048,default,190,20,20,48.3,0,4,47.659574468085104,57.5,0,156,336,1274,79,E5,20,20,0.0,0.0,100,0
no_coordination,1049,default,418,20,20,200.65,15,4,197.78181818181818,137.33333333333334,1014,61,0,0,0,E5,20,20,0.0,0.0,100,0
claim,1049,default,295,20,20,131.95,7,4,129.21818181818182,100.0,459,123,36,36,0,E5,20,20,0.0,0.0,100,0
mas,1049,default,184,20,20,45.15,0,4,43.49090909090909,28.0,0,140,53,81,0,E5,20,20,0.0,0.0,100,0
mas_iterative,1049,default,183,20,20,45.05,0,4,43.41818181818182,28.0,0,136,51,78,0,E5,20,20,0.0,0.0,100,0
hungarian,1049,default,183,20,20,45.05,0,4,43.41818181818182,28.0,0,136,72,166,0,E5,20,20,0.0,0.0,100,0
cbba,1049,default,183,20,20,45.05,0,4,43.41818181818182,28.0,0,136,276,878,64,E5,20,20,0.0,0.0,100,0
no_coordination,1050,default,522,20,20,210.85,20,4,199.75,114.0,1496,113,0,0,0,E5,20,20,0.0,0.0,100,0
claim,1050,default,402,20,20,197.2,15,4,187.25,113.0,1005,95,65,65,0,E5,20,20,0.0,0.0,100,0
mas,1050,default,181,20,20,52.65,0,4,48.4375,34.5,0,108,51,78,0,E5,20,20,0.0,0.0,100,0
mas_iterative,1050,default,180,20,20,52.25,0,4,48.0625,34.25,0,104,49,75,0,E5,20,20,0.0,0.0,100,0
hungarian,1050,default,178,20,20,50.0,0,4,46.145833333333336,33.5,0,106,68,188,0,E5,20,20,0.0,0.0,100,0
cbba,1050,default,174,20,20,44.4,0,4,40.5625,26.0,0,122,320,1080,75,E5,20,20,0.0,0.0,100,0
no_coordination,1051,default,416,20,20,152.25,17,4,142.51111111111112,112.5,990,83,0,0,0,E5,20,20,0.0,0.0,100,0
claim,1051,default,274,20,20,101.95,7,4,95.2,65.5,426,95,36,36,0,E5,20,20,0.0,0.0,100,0
mas,1051,default,184,20,20,40.6,0,4,38.93333333333333,29.0,0,168,49,75,0,E5,20,20,0.0,0.0,100,0
mas_iterative,1051,default,184,20,20,40.6,0,4,38.93333333333333,29.0,0,168,49,75,0,E5,20,20,0.0,0.0,100,0
hungarian,1051,default,184,20,20,40.6,0,4,38.93333333333333,29.0,0,168,72,140,0,E5,20,20,0.0,0.0,100,0
cbba,1051,default,176,20,20,39.7,0,4,36.955555555555556,28.5,0,138,272,814,63,E5,20,20,0.0,0.0,100,0
no_coordination,1052,default,409,20,20,155.8,15,4,138.52173913043478,68.33333333333333,1085,90,0,0,0,E5,20,20,0.0,0.0,100,0
claim,1052,default,220,20,20,83.65,5,4,75.93478260869566,47.666666666666664,256,111,30,30,0,E5,20,20,0.0,0.0,100,0
mas,1052,default,166,20,20,39.95,0,4,37.56521739130435,29.666666666666668,0,120,51,78,0,E5,20,20,0.0,0.0,100,0
mas_iterative,1052,default,166,20,20,39.8,0,4,37.43478260869565,29.666666666666668,0,120,51,78,0,E5,20,20,0.0,0.0,100,0
hungarian,1052,default,166,20,20,39.8,0,4,37.43478260869565,29.666666666666668,0,120,72,158,0,E5,20,20,0.0,0.0,100,0
cbba,1052,default,166,20,20,39.8,0,4,37.43478260869565,29.666666666666668,0,120,288,902,67,E5,20,20,0.0,0.0,100,0
no_coordination,1053,default,363,20,20,154.7,17,4,153.11764705882354,157.8,889,78,0,0,0,E5,20,20,0.0,0.0,100,0
claim,1053,default,218,20,20,97.6,6,4,95.3529411764706,93.2,312,62,31,31,0,E5,20,20,0.0,0.0,100,0
mas,1053,default,176,20,20,49.45,0,4,48.05882352941177,44.6,0,130,49,75,0,E5,20,20,0.0,0.0,100,0
mas_iterative,1053,default,176,20,20,49.45,0,4,48.05882352941177,44.6,0,130,49,75,0,E5,20,20,0.0,0.0,100,0
hungarian,1053,default,177,20,20,49.05,0,4,47.666666666666664,44.6,0,134,72,194,0,E5,20,20,0.0,0.0,100,0
cbba,1053,default,176,20,20,49.45,0,4,48.05882352941177,44.6,0,130,368,1396,87,E5,20,20,0.0,0.0,100,0
no_coordination,1054,default,507,20,20,236.75,18,4,214.45454545454547,62.0,1435,75,0,0,0,E5,20,20,0.0,0.0,100,0
claim,1054,default,369,20,20,195.4,11,4,179.6590909090909,62.0,855,56,52,52,0,E5,20,20,0.0,0.0,100,0
mas,1054,default,163,20,20,48.35,0,4,45.79545454545455,36.5,0,72,49,75,0,E5,20,20,0.0,0.0,100,0
mas_iterative,1054,default,163,20,20,48.35,0,4,45.79545454545455,36.5,0,72,49,75,0,E5,20,20,0.0,0.0,100,0
hungarian,1054,default,163,20,20,48.35,0,4,45.79545454545455,36.5,0,72,72,182,0,E5,20,20,0.0,0.0,100,0
cbba,1054,default,163,20,20,48.35,0,4,45.79545454545455,36.5,0,72,348,1266,82,E5,20,20,0.0,0.0,100,0
no_coordination,1055,default,424,20,20,184.5,16,4,172.0943396226415,144.0,1137,79,0,0,0,E5,20,20,0.0,0.0,100,0
claim,1055,default,299,20,20,128.85,9,4,120.35849056603773,101.25,529,105,42,42,0,E5,20,20,0.0,0.0,100,0
mas,1055,default,191,20,20,54.75,0,4,51.45283018867924,40.75,0,160,51,78,0,E5,20,20,0.0,0.0,100,0
mas_iterative,1055,default,196,20,20,54.95,0,4,53.056603773584904,45.25,0,180,51,78,0,E5,20,20,0.0,0.0,100,0
hungarian,1055,default,196,20,20,54.95,0,4,53.056603773584904,45.25,0,180,72,214,0,E5,20,20,0.0,0.0,100,0
cbba,1055,default,196,20,20,54.95,0,4,53.283018867924525,45.25,0,180,396,1678,94,E5,20,20,0.0,0.0,100,0
no_coordination,1056,default,356,20,20,149.2,15,4,144.67924528301887,119.4,878,55,0,0,0,E5,20,20,0.0,0.0,100,0
claim,1056,default,180,20,20,78.6,3,4,74.32075471698113,66.4,174,50,26,26,0,E5,20,20,0.0,0.0,100,0
mas,1056,default,147,20,20,51.55,0,4,50.54716981132076,53.2,0,68,53,81,0,E5,20,20,0.0,0.0,100,0
mas_iterative,1056,default,147,20,20,51.15,0,4,50.094339622641506,52.8,0,68,55,84,0,E5,20,20,0.0,0.0,100,0
hungarian,1056,default,149,20,20,51.25,0,4,50.58490566037736,54.4,0,76,72,250,0,E5,20,20,0.0,0.0,100,0
cbba,1056,default,147,20,20,51.15,0,4,50.094339622641506,52.8,0,68,384,1702,91,E5,20,20,0.0,0.0,100,0
no_coordination,1057,default,394,20,20,150.0,17,4,135.21052631578948,121.16666666666667,962,83,0,0,0,E5,20,20,0.0,0.0,100,0
claim,1057,default,213,20,20,83.9,3,4,78.42105263157895,68.83333333333333,243,72,29,29,0,E5,20,20,0.0,0.0,100,0
mas,1057,default,178,20,20,50.1,0,4,46.43859649122807,37.833333333333336,0,136,51,78,0,E5,20,20,0.0,0.0,100,0
mas_iterative,1057,default,178,20,20,50.1,0,4,46.43859649122807,37.833333333333336,0,136,51,78,0,E5,20,20,0.0,0.0,100,0
hungarian,1057,default,178,20,20,50.1,0,4,46.43859649122807,37.833333333333336,0,136,74,211,0,E5,20,20,0.0,0.0,100,0
cbba,1057,default,174,20,20,45.1,0,4,41.64912280701754,36.5,0,152,404,1430,96,E5,20,20,0.0,0.0,100,0
no_coordination,1058,default,448,20,20,168.75,16,4,159.1764705882353,73.0,1170,85,0,0,0,E5,20,20,0.0,0.0,100,0
claim,1058,default,237,20,20,85.95,3,4,82.6470588235294,57.25,186,140,26,26,0,E5,20,20,0.0,0.0,100,0
mas,1058,default,194,20,20,47.25,0,4,45.84313725490196,29.0,0,154,49,75,0,E5,20,20,0.0,0.0,100,0
mas_iterative,1058,default,194,20,20,47.25,0,4,45.84313725490196,29.0,0,154,49,75,0,E5,20,20,0.0,0.0,100,0
hungarian,1058,default,194,20,20,47.25,0,4,45.84313725490196,29.0,0,154,72,164,0,E5,20,20,0.0,0.0,100,0
cbba,1058,default,194,20,20,47.25,0,4,46.09803921568628,29.0,0,154,308,1002,72,E5,20,20,0.0,0.0,100,0
no_coordination,1059,default,409,20,20,177.2,17,4,169.65384615384616,147.0,1066,85,0,0,0,E5,20,20,0.0,0.0,100,0
claim,1059,default,321,20,20,161.45,8,4,151.6153846153846,127.8,611,161,41,41,0,E5,20,20,0.0,0.0,100,0
mas,1059,default,183,20,20,44.4,0,4,44.34615384615385,42.6,0,162,55,84,0,E5,20,20,0.0,0.0,100,0
mas_iterative,1059,default,178,20,20,44.65,0,4,45.26923076923077,45.6,0,142,53,81,0,E5,20,20,0.0,0.0,100,0
hungarian,1059,default,178,20,20,44.65,0,4,45.26923076923077,45.6,0,142,66,175,0,E5,20,20,0.0,0.0,100,0
cbba,1059,default,178,20,20,44.65,0,4,45.26923076923077,45.6,0,142,252,822,58,E5,20,20,0.0,0.0,100,0
no_coordination,1060,default,401,20,20,178.7,14,4,180.02173913043478,217.0,1103,63,0,0,0,E5,20,20,0.0,0.0,100,0
claim,1060,default,290,20,20,138.55,7,4,137.2608695652174,147.66666666666666,572,115,42,42,0,E5,20,20,0.0,0.0,100,0
mas,1060,default,163,20,20,31.75,0,4,31.26086956521739,32.666666666666664,0,150,53,81,0,E5,20,20,0.0,0.0,100,0
mas_iterative,1060,default,163,20,20,31.75,0,4,31.26086956521739,32.666666666666664,0,150,53,81,0,E5,20,20,0.0,0.0,100,0
hungarian,1060,default,163,20,20,31.75,0,4,31.26086956521739,32.666666666666664,0,150,76,138,0,E5,20,20,0.0,0.0,100,0
cbba,1060,default,163,20,20,31.75,0,4,31.26086956521739,32.666666666666664,0,150,240,590,55,E5,20,20,0.0,0.0,100,0
no_coordination,1061,default,494,20,20,207.1,16,4,194.5625,152.33333333333334,1313,114,0,0,0,E5,20,20,0.0,0.0,100,0
claim,1061,default,341,20,20,160.9,9,4,152.83333333333334,107.0,607,181,43,43,0,E5,20,20,0.0,0.0,100,0
mas,1061,default,205,20,20,62.6,0,4,59.270833333333336,38.0,0,181,51,78,0,E5,20,20,0.0,0.0,100,0
mas_iterative,1061,default,204,20,20,62.25,0,4,58.9375,37.666666666666664,0,177,51,78,0,E5,20,20,0.0,0.0,100,0
hungarian,1061,default,204,20,20,62.25,0,4,57.9375,32.333333333333336,0,177,68,248,0,E5,20,20,0.0,0.0,100,0
cbba,1061,default,204,20,20,62.25,0,4,58.9375,37.666666666666664,0,177,420,1922,100,E5,20,20,0.0,0.0,100,0
no_coordination,1062,default,354,20,20,144.95,14,4,140.33898305084745,114.8,862,54,0,0,0,E5,20,20,0.0,0.0,100,0
claim,1062,default,266,20,20,113.4,5,4,110.52542372881356,89.2,378,120,32,32,0,E5,20,20,0.0,0.0,100,0
mas,1062,default,192,20,20,46.95,0,4,46.728813559322035,45.6,0,164,49,75,0,E5,20,20,0.0,0.0,100,0
mas_iterative,1062,default,192,20,20,46.95,0,4,46.728813559322035,45.6,0,164,49,75,0,E5,20,20,0.0,0.0,100,0
hungarian,1062,default,192,20,20,46.95,0,4,46.728813559322035,45.6,0,164,72,168,0,E5,20,20,0.0,0.0,100,0
cbba,1062,default,192,20,20,46.95,0,4,46.728813559322035,45.6,0,164,320,1084,75,E5,20,20,0.0,0.0,100,0
no_coordination,1063,default,446,20,20,180.65,17,4,154.39622641509433,87.2,1265,79,0,0,0,E5,20,20,0.0,0.0,100,0
claim,1063,default,242,20,20,120.0,6,4,110.98113207547169,80.8,410,83,38,38,0,E5,20,20,0.0,0.0,100,0
mas,1063,default,166,20,20,45.8,0,4,41.132075471698116,28.6,0,138,49,75,0,E5,20,20,0.0,0.0,100,0
mas_iterative,1063,default,166,20,20,45.8,0,4,41.132075471698116,28.6,0,138,49,75,0,E5,20,20,0.0,0.0,100,0
hungarian,1063,default,166,20,20,45.8,0,4,41.132075471698116,28.6,0,138,72,200,0,E5,20,20,0.0,0.0,100,0
cbba,1063,default,166,20,20,45.8,0,4,41.132075471698116,28.6,0,138,352,1348,83,E5,20,20,0.0,0.0,100,0
no_coordination,1064,default,439,20,20,131.35,16,4,109.51785714285714,70.33333333333333,1207,76,0,0,0,E5,20,20,0.0,0.0,100,0
claim,1064,default,286,20,20,91.75,8,4,80.48214285714286,60.0,488,158,42,42,0,E5,20,20,0.0,0.0,100,0
mas,1064,default,181,20,20,41.45,0,4,36.142857142857146,27.166666666666668,0,142,51,78,0,E5,20,20,0.0,0.0,100,0
mas_iterative,1064,default,181,20,20,41.45,0,4,36.142857142857146,27.166666666666668,0,142,51,78,0,E5,20,20,0.0,0.0,100,0
hungarian,1064,default,181,20,20,41.45,0,4,36.142857142857146,27.166666666666668,0,142,74,159,0,E5,20,20,0.0,0.0,100,0
cbba,1064,default,173,20,20,37.05,0,4,32.714285714285715,27.166666666666668,0,152,308,840,72,E5,20,20,0.0,0.0,100,0
no_coordination,1065,default,306,20,20,123.7,13,4,120.625,133.66666666666666,791,47,0,0,0,E5,20,20,0.0,0.0,100,0
claim,1065,default,244,20,20,104.25,8,4,100.47916666666667,101.66666666666667,508,55,36,36,0,E5,20,20,0.0,0.0,100,0
mas,1065,default,142,20,20,35.5,0,4,34.1875,32.0,0,98,49,75,0,E5,20,20,0.0,0.0,100,0
mas_iterative,1065,default,142,20,20,35.5,0,4,34.1875,32.0,0,98,49,75,0,E5,20,20,0.0,0.0,100,0
hungarian,1065,default,142,20,20,35.5,0,4,34.1875,32.0,0,98,72,182,0,E5,20,20,0.0,0.0,100,0
cbba,1065,default,136,20,20,35.5,0,4,34.1875,32.0,0,74,328,1156,77,E5,20,20,0.0,0.0,100,0
no_coordination,1066,default,404,20,20,187.95,17,4,174.92727272727274,170.57142857142858,1021,135,0,0,0,E5,20,20,0.0,0.0,100,0
claim,1066,default,412,20,20,194.55,13,4,181.0909090909091,175.28571428571428,985,137,59,59,0,E5,20,20,0.0,0.0,100,0
mas,1066,default,185,20,20,44.5,0,4,40.96363636363636,33.857142857142854,0,190,51,78,0,E5,20,20,0.0,0.0,100,0
mas_iterative,1066,default,179,20,20,44.65,0,4,41.90909090909091,34.57142857142857,0,166,53,81,0,E5,20,20,0.0,0.0,100,0
hungarian,1066,default,179,20,20,44.65,0,4,41.90909090909091,34.57142857142857,0,166,72,180,0,E5,20,20,0.0,0.0,100,0
cbba,1066,default,179,20,20,44.65,0,4,41.90909090909091,34.57142857142857,0,166,316,1132,74,E5,20,20,0.0,0.0,100,0
no_coordination,1067,default,505,20,20,229.9,17,4,217.33333333333334,146.25,1396,79,0,0,0,E5,20,20,0.0,0.0,100,0
claim,1067,default,313,20,20,162.8,6,4,157.97916666666666,126.5,547,115,41,41,0,E5,20,20,0.0,0.0,100,0
mas,1067,default,183,20,20,44.95,0,4,40.75,26.75,0,125,53,81,0,E5,20,20,0.0,0.0,100,0
mas_iterative,1067,default,183,20,20,44.7,0,4,40.5,26.75,0,125,53,81,0,E5,20,20,0.0,0.0,100,0
hungarian,1067,default,183,20,20,44.7,0,4,40.5,26.75,0,125,72,164,0,E5,20,20,0.0,0.0,100,0
cbba,1067,default,182,20,20,44.7,0,4,40.520833333333336,26.75,0,121,276,896,64,E5,20,20,0.0,0.0,100,0
no_coordination,1068,default,352,20,20,110.0,16,4,105.12962962962963,88.4,861,56,0,0,0,E5,20,20,0.0,0.0,100,0
claim,1068,default,226,20,20,75.6,7,4,74.14814814814815,69.4,306,77,31,31,0,E5,20,20,0.0,0.0,100,0
mas,1068,default,179,20,20,51.8,0,4,50.81481481481482,48.6,0,128,49,75,0,E5,20,20,0.0,0.0,100,0
mas_iterative,1068,default,179,20,20,51.8,0,4,50.81481481481482,48.6,0,128,49,75,0,E5,20,20,0.0,0.0,100,0
hungarian,1068,default,179,20,20,51.8,0,4,50.81481481481482,48.6,0,128,72,220,0,E5,20,20,0.0,0.0,100,0
cbba,1068,default,179,20,20,51.8,0,4,50.888888888888886,49.0,0,128,336,1352,79,E5,20,20,0.0,0.0,100,0
no_coordination,1069,default,406,20,20,185.5,17,4,173.69230769230768,140.2,1063,63,0,0,0,E5,20,20,0.0,0.0,100,0
claim,1069,default,239,20,20,127.85,5,4,120.59615384615384,109.4,352,54,33,33,0,E5,20,20,0.0,0.0,100,0
mas,1069,default,158,20,20,47.55,0,4,45.61538461538461,40.4,0,90,49,75,0,E5,20,20,0.0,0.0,100,0
mas_iterative,1069,default,158,20,20,47.55,0,4,45.61538461538461,40.4,0,90,49,75,0,E5,20,20,0.0,0.0,100,0
hungarian,1069,default,158,20,20,47.55,0,4,45.61538461538461,40.4,0,90,72,204,0,E5,20,20,0.0,0.0,100,0
cbba,1069,default,158,20,20,47.55,0,4,45.61538461538461,40.4,0,90,368,1382,87,E5,20,20,0.0,0.0,100,0
no_coordination,1070,default,527,20,20,231.55,18,4,222.2295081967213,188.57142857142858,1441,104,0,0,0,E5,20,20,0.0,0.0,100,0
claim,1070,default,458,20,20,222.1,15,4,212.49180327868854,180.0,1168,150,69,69,0,E5,20,20,0.0,0.0,100,0
mas,1070,default,190,20,20,46.9,0,4,43.16393442622951,36.714285714285715,0,176,56,86,0,E5,20,20,0.0,0.0,100,0
mas_iterative,1070,default,189,20,20,46.55,0,4,42.77049180327869,36.142857142857146,0,172,56,86,0,E5,20,20,0.0,0.0,100,0
hungarian,1070,default,189,20,20,46.55,0,4,42.77049180327869,36.142857142857146,0,172,72,194,0,E5,20,20,0.0,0.0,100,0
cbba,1070,default,187,20,20,45.8,0,4,42.0,35.714285714285715,0,170,336,1102,79,E5,20,20,0.0,0.0,100,0
no_coordination,1071,default,435,20,20,175.3,19,4,166.76470588235293,148.0,1178,67,0,0,0,E5,20,20,0.0,0.0,100,0
claim,1071,default,252,20,20,108.4,7,4,103.29411764705883,93.6,392,58,33,33,0,E5,20,20,0.0,0.0,100,0
mas,1071,default,187,20,20,45.9,0,4,41.8235294117647,35.4,0,148,49,75,0,E5,20,20,0.0,0.0,100,0
mas_iterative,1071,default,187,20,20,45.9,0,4,41.8235294117647,35.4,0,148,49,75,0,E5,20,20,0.0,0.0,100,0
hungarian,1071,default,187,20,20,45.9,0,4,41.8235294117647,35.4,0,148,72,180,0,E5,20,20,0.0,0.0,100,0
cbba,1071,default,186,20,20,44.45,0,4,40.23529411764706,30.4,0,154,352,1234,83,E5,20,20,0.0,0.0,100,0
no_coordination,1072,default,363,20,20,145.65,13,4,140.74545454545455,136.75,940,59,0,0,0,E5,20,20,0.0,0.0,100,0
claim,1072,default,246,20,20,77.55,8,4,76.0909090909091,79.25,409,88,38,38,0,E5,20,20,0.0,0.0,100,0
mas,1072,default,168,20,20,40.95,0,4,40.03636363636364,45.0,0,148,55,84,0,E5,20,20,0.0,0.0,100,0
mas_iterative,1072,default,168,20,20,40.25,0,4,39.32727272727273,44.25,0,148,60,92,0,E5,20,20,0.0,0.0,100,0
hungarian,1072,default,168,20,20,40.25,0,4,39.32727272727273,44.25,0,148,72,192,0,E5,20,20,0.0,0.0,100,0
cbba,1072,default,164,20,20,38.15,0,4,37.163636363636364,40.25,0,150,332,960,78,E5,20,20,0.0,0.0,100,0
no_coordination,1073,default,421,20,20,205.1,15,4,183.6530612244898,144.25,1112,97,0,0,0,E5,20,20,0.0,0.0,100,0
claim,1073,default,292,20,20,153.4,9,4,144.6530612244898,126.5,568,100,43,43,0,E5,20,20,0.0,0.0,100,0
mas,1073,default,159,20,20,41.75,0,4,39.89795918367347,32.0,0,117,55,84,0,E5,20,20,0.0,0.0,100,0
mas_iterative,1073,default,158,20,20,41.35,0,4,39.46938775510204,31.5,0,113,55,84,0,E5,20,20,0.0,0.0,100,0
hungarian,1073,default,158,20,20,41.35,0,4,39.46938775510204,31.5,0,113,72,180,0,E5,20,20,0.0,0.0,100,0
cbba,1073,default,158,20,20,41.35,0,4,39.46938775510204,31.5,0,113,260,838,60,E5,20,20,0.0,0.0,100,0
no_coordination,1074,default,397,20,20,192.0,17,4,184.98076923076923,154.4,1061,67,0,0,0,E5,20,20,0.0,0.0,100,0
claim,1074,default,256,20,20,125.15,6,4,119.61538461538461,99.4,413,83,34,34,0,E5,20,20,0.0,0.0,100,0
mas,1074,default,168,20,20,48.65,0,4,48.0,48.2,0,79,48,73,0,E5,20,20,0.0,0.0,100,0
mas_iterative,1074,default,167,20,20,47.8,0,4,47.40384615384615,47.2,0,77,49,75,0,E5,20,20,0.0,0.0,100,0
hungarian,1074,default,167,20,20,47.8,0,4,47.40384615384615,47.2,0,77,66,189,0,E5,20,20,0.0,0.0,100,0
cbba,1074,default,167,20,20,47.8,0,4,47.40384615384615,47.2,0,77,344,1322,81,E5,20,20,0.0,0.0,100,0
no_coordination,1075,default,478,20,20,239.15,17,4,225.7659574468085,324.3333333333333,1252,66,0,0,0,E5,20,20,0.0,0.0,100,0
claim,1075,default,334,20,20,171.2,9,4,161.82978723404256,201.66666666666666,632,115,42,42,0,E5,20,20,0.0,0.0,100,0
mas,1075,default,194,20,20,61.7,0,4,56.02127659574468,66.66666666666667,0,148,49,75,0,E5,20,20,0.0,0.0,100,0
mas_iterative,1075,default,194,20,20,61.7,0,4,56.02127659574468,66.66666666666667,0,148,49,75,0,E5,20,20,0.0,0.0,100,0
hungarian,1075,default,194,20,20,61.7,0,4,56.02127659574468,66.66666666666667,0,148,72,230,0,E5,20,20,0.0,0.0,100,0
cbba,1075,default,194,20,20,61.7,0,4,56.02127659574468,66.66666666666667,0,148,436,1952,104,E5,20,20,0.0,0.0,100,0
no_coordination,1076,default,440,20,20,180.45,17,4,147.3125,124.0,1119,138,0,0,0,E5,20,20,0.0,0.0,100,0
claim,1076,default,225,20,20,88.5,3,4,76.125,63.4,177,138,26,26,0,E5,20,20,0.0,0.0,100,0
mas,1076,default,201,20,20,61.2,0,4,51.229166666666664,42.2,0,170,49,75,0,E5,20,20,0.0,0.0,100,0
mas_iterative,1076,default,201,20,20,61.2,0,4,51.229166666666664,42.2,0,170,49,75,0,E5,20,20,0.0,0.0,100,0
hungarian,1076,default,201,20,20,61.2,0,4,51.229166666666664,42.2,0,170,72,218,0,E5,20,20,0.0,0.0,100,0
cbba,1076,default,195,20,20,62.45,0,4,51.5625,42.2,0,146,408,1722,97,E5,20,20,0.0,0.0,100,0
no_coordination,1077,default,393,20,20,124.55,18,4,115.54545454545455,103.875,1045,77,0,0,0,E5,20,20,0.0,0.0,100,0
claim,1077,default,239,20,20,78.95,7,4,74.05454545454545,64.375,369,88,34,34,0,E5,20,20,0.0,0.0,100,0
mas,1077,default,160,20,20,42.65,0,4,40.41818181818182,33.75,0,90,49,75,0,E5,20,20,0.0,0.0,100,0
mas_iterative,1077,default,160,20,20,42.65,0,4,40.41818181818182,33.75,0,90,49,75,0,E5,20,20,0.0,0.0,100,0
hungarian,1077,default,160,20,20,42.65,0,4,40.41818181818182,33.75,0,90,72,180,0,E5,20,20,0.0,0.0,100,0
cbba,1077,default,160,20,20,42.65,0,4,40.41818181818182,33.75,0,90,336,1194,79,E5,20,20,0.0,0.0,100,0
no_coordination,1078,default,402,20,20,147.05,15,4,128.08695652173913,113.33333333333333,998,84,0,0,0,E5,20,20,0.0,0.0,100,0
claim,1078,default,261,20,20,97.0,8,4,86.58695652173913,68.0,371,128,33,33,0,E5,20,20,0.0,0.0,100,0
mas,1078,default,178,20,20,42.35,0,4,38.58695652173913,25.666666666666668,0,130,53,81,0,E5,20,20,0.0,0.0,100,0
mas_iterative,1078,default,177,20,20,42.25,0,4,38.5,25.666666666666668,0,126,53,81,0,E5,20,20,0.0,0.0,100,0
hungarian,1078,default,177,20,20,42.25,0,4,38.5,25.666666666666668,0,126,74,165,0,E5,20,20,0.0,0.0,100,0
cbba,1078,default,182,20,20,43.25,0,4,39.369565217391305,25.666666666666668,0,146,348,1086,82,E5,20,20,0.0,0.0,100,0
no_coordination,1079,default,409,20,20,151.5,15,4,140.36,107.0,986,60,0,0,0,E5,20,20,0.0,0.0,100,0
claim,1079,default,221,20,20,83.0,8,4,77.42,74.25,306,63,31,31,0,E5,20,20,0.0,0.0,100,0
mas,1079,default,174,20,20,48.1,0,4,45.48,49.25,0,126,49,75,0,E5,20,20,0.0,0.0,100,0
mas_iterative,1079,default,174,20,20,48.1,0,4,45.48,49.25,0,126,49,75,0,E5,20,20,0.0,0.0,100,0
hungarian,1079,default,174,20,20,48.1,0,4,45.48,49.25,0,126,72,200,0,E5,20,20,0.0,0.0,100,0
cbba,1079,default,174,20,20,48.1,0,4,45.48,49.25,0,126,384,1470,91,E5,20,20,0.0,0.0,100,0
no_coordination,1080,default,441,20,20,172.25,17,4,158.84444444444443,115.0,1172,84,0,0,0,E5,20,20,0.0,0.0,100,0
claim,1080,default,311,20,20,139.55,10,4,128.93333333333334,93.0,640,95,47,47,0,E5,20,20,0.0,0.0,100,0
mas,1080,default,172,20,20,49.3,0,4,45.266666666666666,32.666666666666664,0,96,51,78,0,E5,20,20,0.0,0.0,100,0
mas_iterative,1080,default,171,20,20,48.85,0,4,44.84444444444444,32.333333333333336,0,92,51,78,0,E5,20,20,0.0,0.0,100,0
hungarian,1080,default,171,20,20,48.85,0,4,44.84444444444444,32.333333333333336,0,92,70,189,0,E5,20,20,0.0,0.0,100,0
cbba,1080,default,167,20,20,48.2,0,4,44.22222222222222,28.666666666666668,0,76,320,1268,75,E5,20,20,0.0,0.0,100,0
no_coordination,1081,default,429,20,20,185.4,17,4,174.06382978723406,164.66666666666666,1104,93,0,0,0,E5,20,20,0.0,0.0,100,0
claim,1081,default,286,20,20,143.75,7,4,134.72340425531914,127.66666666666667,455,136,38,38,0,E5,20,20,0.0,0.0,100,0
mas,1081,default,181,20,20,58.4,0,4,53.95744680851064,40.666666666666664,0,132,49,75,0,E5,20,20,0.0,0.0,100,0
mas_iterative,1081,default,181,20,20,58.4,0,4,53.95744680851064,40.666666666666664,0,132,49,75,0,E5,20,20,0.0,0.0,100,0
hungarian,1081,default,181,20,20,58.4,0,4,53.95744680851064,40.666666666666664,0,132,72,218,0,E5,20,20,0.0,0.0,100,0
cbba,1081,default,181,20,20,58.4,0,4,53.95744680851064,40.666666666666664,0,132,416,1754,99,E5,20,20,0.0,0.0,100,0
no_coordination,1082,default,446,20,20,160.6,17,4,141.875,106.0,1205,98,0,0,0,E5,20,20,0.0,0.0,100,0
claim,1082,default,231,20,20,82.15,5,4,75.45833333333333,60.0,256,124,30,30,0,E5,20,20,0.0,0.0,100,0
mas,1082,default,192,20,20,43.2,0,4,40.458333333333336,41.5,0,178,51,78,0,E5,20,20,0.0,0.0,100,0
mas_iterative,1082,default,192,20,20,42.9,0,4,40.166666666666664,41.25,0,178,53,81,0,E5,20,20,0.0,0.0,100,0
hungarian,1082,default,192,20,20,42.9,0,4,40.166666666666664,41.25,0,178,66,161,0,E5,20,20,0.0,0.0,100,0
cbba,1082,default,192,20,20,42.9,0,4,40.166666666666664,41.25,0,178,244,804,56,E5,20,20,0.0,0.0,100,0
no_coordination,1083,default,408,20,20,129.75,14,4,112.86666666666666,85.25,1078,79,0,0,0,E5,20,20,0.0,0.0,100,0
claim,1083,default,235,20,20,88.0,5,4,80.33333333333333,61.0,302,92,31,31,0,E5,20,20,0.0,0.0,100,0
mas,1083,default,183,20,20,44.75,0,4,40.111111111111114,28.0,0,129,51,78,0,E5,20,20,0.0,0.0,100,0
mas_iterative,1083,default,186,20,20,44.05,0,4,39.6,28.75,0,141,53,81,0,E5,20,20,0.0,0.0,100,0
hungarian,1083,default,186,20,20,44.05,0,4,39.6,28.75,0,141,66,187,0,E5,20,20,0.0,0.0,100,0
cbba,1083,default,182,20,20,44.25,0,4,39.68888888888889,27.75,0,125,316,1178,74,E5,20,20,0.0,0.0,100,0
no_coordination,1084,default,394,20,20,161.2,16,4,144.91071428571428,100.66666666666667,1006,65,0,0,0,E5,20,20,0.0,0.0,100,0
claim,1084,default,220,20,20,67.2,4,4,62.19642857142857,46.666666666666664,225,107,27,27,0,E5,20,20,0.0,0.0,100,0
mas,1084,default,197,20,20,47.45,0,4,44.285714285714285,34.5,0,210,63,98,0,E5,20,20,0.0,0.0,100,0
mas_iterative,1084,default,197,20,20,47.45,0,4,44.285714285714285,34.5,0,210,63,98,0,E5,20,20,0.0,0.0,100,0
hungarian,1084,default,197,20,20,47.45,0,4,44.285714285714285,34.5,0,210,90,217,0,E5,20,20,0.0,0.0,100,0
cbba,1084,default,197,20,20,47.45,0,4,44.285714285714285,34.5,0,210,364,1452,86,E5,20,20,0.0,0.0,100,0
no_coordination,1085,default,432,20,20,164.25,16,4,158.7058823529412,117.25,1169,76,0,0,0,E5,20,20,0.0,0.0,100,0
claim,1085,default,337,20,20,121.8,9,4,115.6078431372549,89.75,671,160,45,45,0,E5,20,20,0.0,0.0,100,0
mas,1085,default,188,20,20,35.95,0,4,33.745098039215684,27.5,0,184,49,75,0,E5,20,20,0.0,0.0,100,0
mas_iterative,1085,default,188,20,20,35.95,0,4,33.745098039215684,27.5,0,184,49,75,0,E5,20,20,0.0,0.0,100,0
hungarian,1085,default,188,20,20,35.95,0,4,33.745098039215684,27.5,0,184,72,138,0,E5,20,20,0.0,0.0,100,0
cbba,1085,default,181,20,20,34.75,0,4,33.254901960784316,27.5,0,174,300,654,70,E5,20,20,0.0,0.0,100,0
no_coordination,1086,default,443,20,20,191.1,15,4,180.64583333333334,138.5,1147,63,0,0,0,E5,20,20,0.0,0.0,100,0
claim,1086,default,259,20,20,124.05,7,4,118.64583333333333,101.0,435,78,34,34,0,E5,20,20,0.0,0.0,100,0
mas,1086,default,160,20,20,42.35,0,4,40.666666666666664,39.5,0,99,55,84,0,E5,20,20,0.0,0.0,100,0
mas_iterative,1086,default,159,20,20,41.7,0,4,39.958333333333336,38.5,0,95,53,81,0,E5,20,20,0.0,0.0,100,0
hungarian,1086,default,159,20,20,41.7,0,4,39.958333333333336,38.5,0,95,70,163,0,E5,20,20,0.0,0.0,100,0
cbba,1086,default,159,20,20,41.7,0,4,39.958333333333336,38.5,0,95,264,810,61,E5,20,20,0.0,0.0,100,0
no_coordination,1087,default,406,20,20,171.85,14,4,150.9268292682927,30.0,1049,120,0,0,0,E5,20,20,0.0,0.0,100,0
claim,1087,default,253,20,20,107.6,7,4,96.78048780487805,30.0,396,149,39,39,0,E5,20,20,0.0,0.0,100,0
mas,1087,default,165,20,20,45.85,0,4,42.63414634146341,27.0,0,143,55,84,0,E5,20,20,0.0,0.0,100,0
mas_iterative,1087,default,165,20,20,45.5,0,4,42.26829268292683,27.0,0,143,55,84,0,E5,20,20,0.0,0.0,100,0
hungarian,1087,default,165,20,20,45.5,0,4,42.26829268292683,27.0,0,143,72,208,0,E5,20,20,0.0,0.0,100,0
cbba,1087,default,165,20,20,45.5,0,4,42.26829268292683,27.0,0,143,312,1200,73,E5,20,20,0.0,0.0,100,0
no_coordination,1088,default,351,20,20,127.6,15,4,108.52173913043478,62.25,902,73,0,0,0,E5,20,20,0.0,0.0,100,0
claim,1088,default,203,20,20,69.1,5,4,59.58695652173913,42.0,254,127,31,31,0,E5,20,20,0.0,0.0,100,0
mas,1088,default,155,20,20,33.25,0,4,29.891304347826086,26.0,0,134,49,75,0,E5,20,20,0.0,0.0,100,0
mas_iterative,1088,default,155,20,20,33.0,0,4,29.652173913043477,25.75,0,134,49,75,0,E5,20,20,0.0,0.0,100,0
hungarian,1088,default,155,20,20,33.0,0,4,29.652173913043477,25.75,0,134,70,147,0,E5,20,20,0.0,0.0,100,0
cbba,1088,default,155,20,20,30.85,0,4,28.67391304347826,27.25,0,156,268,646,62,E5,20,20,0.0,0.0,100,0
no_coordination,1090,default,348,20,20,125.35,16,4,118.41025641025641,113.0,836,121,0,0,0,E5,20,20,0.0,0.0,100,0
claim,1090,default,251,20,20,82.85,7,4,76.8974358974359,60.0,269,222,30,30,0,E5,20,20,0.0,0.0,100,0
mas,1090,default,173,20,20,39.55,0,4,38.56410256410256,35.0,0,184,49,75,0,E5,20,20,0.0,0.0,100,0
mas_iterative,1090,default,173,20,20,39.55,0,4,38.56410256410256,35.0,0,184,49,75,0,E5,20,20,0.0,0.0,100,0
hungarian,1090,default,173,20,20,39.55,0,4,38.56410256410256,35.0,0,184,72,178,0,E5,20,20,0.0,0.0,100,0
cbba,1090,default,173,20,20,39.55,0,4,38.56410256410256,35.0,0,184,340,1200,80,E5,20,20,0.0,0.0,100,0
no_coordination,1091,default,531,20,20,198.0,19,4,170.40425531914894,98.5,1479,94,0,0,0,E5,20,20,0.0,0.0,100,0
claim,1091,default,255,20,20,99.3,7,4,90.12765957446808,48.5,330,76,32,32,0,E5,20,20,0.0,0.0,100,0
mas,1091,default,197,20,20,58.7,0,4,54.02127659574468,29.5,0,114,49,75,0,E5,20,20,0.0,0.0,100,0
mas_iterative,1091,default,197,20,20,58.7,0,4,54.02127659574468,29.5,0,114,49,75,0,E5,20,20,0.0,0.0,100,0
hungarian,1091,default,197,20,20,58.7,0,4,54.02127659574468,29.5,0,114,72,196,0,E5,20,20,0.0,0.0,100,0
cbba,1091,default,197,20,20,58.7,0,4,54.02127659574468,29.5,0,114,376,1506,89,E5,20,20,0.0,0.0,100,0
no_coordination,1092,default,355,20,20,142.6,17,4,140.94230769230768,117.33333333333333,955,69,0,0,0,E5,20,20,0.0,0.0,100,0
claim,1092,default,236,20,20,116.8,7,4,115.82692307692308,99.66666666666667,438,50,38,38,0,E5,20,20,0.0,0.0,100,0
mas,1092,default,148,20,20,44.3,0,4,44.15384615384615,42.666666666666664,0,68,51,78,0,E5,20,20,0.0,0.0,100,0
mas_iterative,1092,default,148,20,20,44.2,0,4,44.05769230769231,42.666666666666664,0,68,51,78,0,E5,20,20,0.0,0.0,100,0
hungarian,1092,default,148,20,20,44.2,0,4,44.05769230769231,42.666666666666664,0,68,72,206,0,E5,20,20,0.0,0.0,100,0
cbba,1092,default,148,20,20,44.2,0,4,44.05769230769231,42.666666666666664,0,68,368,1474,87,E5,20,20,0.0,0.0,100,0
no_coordination,1093,default,388,20,20,143.05,14,4,128.05769230769232,118.66666666666667,999,72,0,0,0,E5,20,20,0.0,0.0,100,0
claim,1093,default,251,20,20,98.2,6,4,91.5,72.66666666666667,287,152,31,31,0,E5,20,20,0.0,0.0,100,0
mas,1093,default,195,20,20,67.15,0,4,64.34615384615384,67.33333333333333,0,156,53,81,0,E5,20,20,0.0,0.0,100,0
mas_iterative,1093,default,195,20,20,66.35,0,4,63.5,66.0,0,156,53,81,0,E5,20,20,0.0,0.0,100,0
hungarian,1093,default,192,20,20,66.35,0,4,63.36538461538461,63.666666666666664,0,146,64,262,0,E5,20,20,0.0,0.0,100,0
cbba,1093,default,190,20,20,65.55,0,4,63.84615384615385,66.33333333333333,0,140,412,2014,98,E5,20,20,0.0,0.0,100,0
no_coordination,1094,default,488,20,20,186.65,16,4,181.1509433962264,311.0,1277,137,0,0,0,E5,20,20,0.0,0.0,100,0
claim,1094,default,247,20,20,105.2,4,4,100.47169811320755,126.0,241,133,28,28,0,E5,20,20,0.0,0.0,100,0
mas,1094,default,205,20,20,61.85,0,4,58.528301886792455,79.0,0,180,51,78,0,E5,20,20,0.0,0.0,100,0
mas_iterative,1094,default,205,20,20,61.75,0,4,58.41509433962264,78.66666666666667,0,180,51,78,0,E5,20,20,0.0,0.0,100,0
hungarian,1094,default,205,20,20,61.75,0,4,58.41509433962264,78.66666666666667,0,180,72,228,0,E5,20,20,0.0,0.0,100,0
cbba,1094,default,205,20,20,61.75,0,4,58.41509433962264,78.66666666666667,0,180,388,1676,92,E5,20,20,0.0,0.0,100,0
no_coordination,1095,default,435,20,20,138.7,16,4,123.85964912280701,85.0,1215,70,0,0,0,E5,20,20,0.0,0.0,100,0
claim,1095,default,223,20,20,74.7,4,4,69.6140350877193,54.166666666666664,217,164,27,27,0,E5,20,20,0.0,0.0,100,0
mas,1095,default,175,20,20,36.1,0,4,33.78947368421053,26.0,0,154,53,81,0,E5,20,20,0.0,0.0,100,0
mas_iterative,1095,default,175,20,20,35.35,0,4,33.08771929824562,25.666666666666668,0,154,49,75,0,E5,20,20,0.0,0.0,100,0
hungarian,1095,default,175,20,20,35.35,0,4,33.08771929824562,25.666666666666668,0,154,62,133,0,E5,20,20,0.0,0.0,100,0
cbba,1095,default,175,20,20,35.35,0,4,33.08771929824562,25.666666666666668,0,154,240,644,55,E5,20,20,0.0,0.0,100,0
no_coordination,1096,default,457,20,20,166.4,18,4,149.10416666666666,141.8,1222,75,0,0,0,E5,20,20,0.0,0.0,100,0
claim,1096,default,281,20,20,105.7,7,4,94.4375,84.4,380,112,34,34,0,E5,20,20,0.0,0.0,100,0
mas,1096,default,200,20,20,60.4,0,4,52.583333333333336,43.2,0,138,49,75,0,E5,20,20,0.0,0.0,100,0
mas_iterative,1096,default,200,20,20,60.4,0,4,52.583333333333336,43.2,0,138,49,75,0,E5,20,20,0.0,0.0,100,0
hungarian,1096,default,200,20,20,60.4,0,4,52.583333333333336,43.2,0,138,72,218,0,E5,20,20,0.0,0.0,100,0
cbba,1096,default,197,20,20,58.8,0,4,50.833333333333336,40.6,0,134,416,1690,99,E5,20,20,0.0,0.0,100,0
no_coordination,1097,default,422,20,20,161.95,15,4,132.6590909090909,97.5,1089,99,0,0,0,E5,20,20,0.0,0.0,100,0
claim,1097,default,289,20,20,117.85,6,4,101.52272727272727,82.0,408,167,36,36,0,E5,20,20,0.0,0.0,100,0
mas,1097,default,193,20,20,56.05,0,4,48.47727272727273,39.0,0,148,49,75,0,E5,20,20,0.0,0.0,100,0
mas_iterative,1097,default,193,20,20,56.05,0,4,48.47727272727273,39.0,0,148,49,75,0,E5,20,20,0.0,0.0,100,0
hungarian,1097,default,193,20,20,56.05,0,4,48.47727272727273,39.0,0,148,72,218,0,E5,20,20,0.0,0.0,100,0
cbba,1097,default,193,20,20,57.1,0,4,48.59090909090909,39.0,0,148,400,1688,95,E5,20,20,0.0,0.0,100,0
no_coordination,1098,default,412,20,20,187.95,17,4,180.07843137254903,165.66666666666666,1048,59,0,0,0,E5,20,20,0.0,0.0,100,0
claim,1098,default,310,20,20,151.4,8,4,145.11764705882354,133.33333333333334,574,75,39,39,0,E5,20,20,0.0,0.0,100,0
mas,1098,default,201,20,20,60.75,0,4,58.568627450980394,50.0,0,134,51,78,0,E5,20,20,0.0,0.0,100,0
mas_iterative,1098,default,201,20,20,60.7,0,4,58.529411764705884,50.0,0,134,53,81,0,E5,20,20,0.0,0.0,100,0
hungarian,1098,default,201,20,20,60.7,0,4,58.529411764705884,50.0,0,134,74,201,0,E5,20,20,0.0,0.0,100,0
cbba,1098,default,201,20,20,60.7,0,4,58.529411764705884,50.0,0,134,364,1480,86,E5,20,20,0.0,0.0,100,0
no_coordination,1099,default,395,20,20,142.4,16,4,122.68085106382979,37.666666666666664,1060,75,0,0,0,E5,20,20,0.0,0.0,100,0
claim,1099,default,264,20,20,105.35,9,4,94.70212765957447,37.666666666666664,443,125,40,40,0,E5,20,20,0.0,0.0,100,0
mas,1099,default,182,20,20,50.85,0,4,47.59574468085106,27.666666666666668,0,128,49,75,0,E5,20,20,0.0,0.0,100,0
mas_iterative,1099,default,182,20,20,50.85,0,4,47.59574468085106,27.666666666666668,0,128,49,75,0,E5,20,20,0.0,0.0,100,0
hungarian,1099,default,182,20,20,50.85,0,4,47.59574468085106,27.666666666666668,0,128,72,204,0,E5,20,20,0.0,0.0,100,0
cbba,1099,default,173,20,20,45.4,0,4,43.1063829787234,27.666666666666668,0,122,380,1254,90,E5,20,20,0.0,0.0,100,0
no_coordination,1101,default,454,20,20,241.5,17,4,231.6734693877551,198.4,1148,69,0,0,0,E5,20,20,0.0,0.0,100,0
claim,1101,default,380,20,20,205.85,8,4,193.55102040816325,158.2,776,135,47,47,0,E5,20,20,0.0,0.0,100,0
mas,1101,default,194,20,20,57.4,0,4,54.6530612244898,44.4,0,116,53,81,0,E5,20,20,0.0,0.0,100,0
mas_iterative,1101,default,196,20,20,57.6,0,4,54.61224489795919,43.0,0,124,53,81,0,E5,20,20,0.0,0.0,100,0
hungarian,1101,default,196,20,20,57.6,0,4,54.61224489795919,43.0,0,124,74,207,0,E5,20,20,0.0,0.0,100,0
cbba,1101,default,196,20,20,57.6,0,4,54.61224489795919,43.0,0,124,360,1432,85,E5,20,20,0.0,0.0,100,0
no_coordination,1102,default,475,20,20,159.5,18,4,152.67796610169492,105.83333333333333,1347,78,0,0,0,E5,20,20,0.0,0.0,100,0
claim,1102,default,221,20,20,70.55,5,4,66.83050847457628,52.833333333333336,237,127,28,28,0,E5,20,20,0.0,0.0,100,0
mas,1102,default,178,20,20,43.05,0,4,42.47457627118644,40.333333333333336,0,130,49,75,0,E5,20,20,0.0,0.0,100,0
mas_iterative,1102,default,178,20,20,43.05,0,4,42.47457627118644,40.333333333333336,0,130,49,75,0,E5,20,20,0.0,0.0,100,0
hungarian,1102,default,188,20,20,43.25,0,4,42.11864406779661,39.666666666666664,0,170,74,163,0,E5,20,20,0.0,0.0,100,0
cbba,1102,default,178,20,20,43.05,0,4,42.47457627118644,40.333333333333336,0,130,304,950,71,E5,20,20,0.0,0.0,100,0
no_coordination,1103,default,488,20,20,200.9,16,4,180.35185185185185,137.0,1354,131,0,0,0,E5,20,20,0.0,0.0,100,0
claim,1103,default,395,20,20,179.95,12,4,164.7962962962963,134.0,903,160,57,57,0,E5,20,20,0.0,0.0,100,0
mas,1103,default,190,20,20,40.2,0,4,36.72222222222222,37.0,0,206,51,78,0,E5,20,20,0.0,0.0,100,0
mas_iterative,1103,default,190,20,20,40.2,0,4,36.72222222222222,37.0,0,206,51,78,0,E5,20,20,0.0,0.0,100,0
hungarian,1103,default,190,20,20,40.2,0,4,36.72222222222222,37.0,0,206,74,171,0,E5,20,20,0.0,0.0,100,0
cbba,1103,default,190,20,20,40.2,0,4,36.72222222222222,37.0,0,206,308,1054,72,E5,20,20,0.0,0.0,100,0
no_coordination,1104,default,461,20,20,163.75,16,4,143.3695652173913,55.5,1209,94,0,0,0,E5,20,20,0.0,0.0,100,0
claim,1104,default,277,20,20,111.8,6,4,102.1304347826087,56.5,400,127,35,35,0,E5,20,20,0.0,0.0,100,0
mas,1104,default,197,20,20,49.3,0,4,45.71739130434783,36.5,0,186,54,83,0,E5,20,20,0.0,0.0,100,0
mas_iterative,1104,default,197,20,20,49.1,0,4,45.47826086956522,36.25,0,186,56,86,0,E5,20,20,0.0,0.0,100,0
hungarian,1104,default,201,20,20,49.1,0,4,45.26086956521739,36.25,0,202,76,200,0,E5,20,20,0.0,0.0,100,0
cbba,1104,default,197,20,20,49.1,0,4,45.47826086956522,36.25,0,186,340,1312,80,E5,20,20,0.0,0.0,100,0
no_coordination,1106,default,428,20,20,171.2,16,4,156.11320754716982,83.0,1071,112,0,0,0,E5,20,20,0.0,0.0,100,0
claim,1106,default,298,20,20,123.5,7,4,114.66037735849056,77.4,440,204,39,39,0,E5,20,20,0.0,0.0,100,0
mas,1106,default,193,20,20,48.05,0,4,45.716981132075475,33.6,0,178,55,84,0,E5,20,20,0.0,0.0,100,0
mas_iterative,1106,default,192,20,20,47.9,0,4,45.62264150943396,33.6,0,174,58,89,0,E5,20,20,0.0,0.0,100,0
hungarian,1106,default,192,20,20,47.9,0,4,45.62264150943396,33.6,0,174,74,203,0,E5,20,20,0.0,0.0,100,0
cbba,1106,default,192,20,20,47.9,0,4,45.62264150943396,33.6,0,174,304,1138,71,E5,20,20,0.0,0.0,100,0
no_coordination,1107,default,433,20,20,146.8,14,4,129.9387755102041,49.0,1181,113,0,0,0,E5,20,20,0.0,0.0,100,0
claim,1107,default,228,20,20,86.0,7,4,79.28571428571429,45.0,300,128,35,35,0,E5,20,20,0.0,0.0,100,0
mas,1107,default,182,20,20,48.05,0,4,45.816326530612244,26.5,0,152,49,75,0,E5,20,20,0.0,0.0,100,0
mas_iterative,1107,default,182,20,20,48.05,0,4,45.816326530612244,26.5,0,152,49,75,0,E5,20,20,0.0,0.0,100,0
hungarian,1107,default,182,20,20,48.0,0,4,45.755102040816325,26.5,0,152,72,210,0,E5,20,20,0.0,0.0,100,0
cbba,1107,default,170,20,20,41.3,0,4,38.224489795918366,26.0,0,178,512,1806,123,E5,20,20,0.0,0.0,100,0
no_coordination,1108,default,408,20,20,124.95,17,4,109.12962962962963,71.4,1089,73,0,0,0,E5,20,20,0.0,0.0,100,0
claim,1108,default,196,20,20,49.05,5,4,44.388888888888886,28.8,135,126,25,25,0,E5,20,20,0.0,0.0,100,0
mas,1108,default,182,20,20,41.7,0,4,39.666666666666664,34.2,0,154,46,69,0,E5,20,20,0.0,0.0,100,0
mas_iterative,1108,default,182,20,20,41.7,0,4,39.666666666666664,34.2,0,154,46,69,0,E5,20,20,0.0,0.0,100,0
hungarian,1108,default,182,20,20,41.7,0,4,39.666666666666664,34.2,0,154,66,157,0,E5,20,20,0.0,0.0,100,0
cbba,1108,default,182,20,20,41.7,0,4,39.666666666666664,34.2,0,154,292,948,68,E5,20,20,0.0,0.0,100,0
no_coordination,1109,default,404,20,20,151.35,18,4,129.41860465116278,20.0,1116,79,0,0,0,E5,20,20,0.0,0.0,100,0
claim,1109,default,276,20,20,116.5,10,4,101.74418604651163,20.0,507,127,42,42,0,E5,20,20,0.0,0.0,100,0
mas,1109,default,164,20,20,34.2,0,4,30.41860465116279,13.0,0,151,49,75,0,E5,20,20,0.0,0.0,100,0
mas_iterative,1109,default,164,20,20,34.2,0,4,30.41860465116279,13.0,0,151,49,75,0,E5,20,20,0.0,0.0,100,0
hungarian,1109,default,164,20,20,34.2,0,4,30.41860465116279,13.0,0,151,72,158,0,E5,20,20,0.0,0.0,100,0
cbba,1109,default,164,20,20,34.2,0,4,30.41860465116279,13.0,0,151,292,890,68,E5,20,20,0.0,0.0,100,0
no_coordination,1110,default,407,20,20,155.3,16,4,149.75409836065575,140.28571428571428,1088,63,0,0,0,E5,20,20,0.0,0.0,100,0
claim,1110,default,288,20,20,120.7,8,4,115.73770491803279,107.71428571428571,574,54,40,40,0,E5,20,20,0.0,0.0,100,0
mas,1110,default,175,20,20,47.15,0,4,45.114754098360656,42.714285714285715,0,124,55,84,0,E5,20,20,0.0,0.0,100,0
mas_iterative,1110,default,174,20,20,46.75,0,4,44.704918032786885,42.142857142857146,0,120,56,86,0,E5,20,20,0.0,0.0,100,0
hungarian,1110,default,174,20,20,46.75,0,4,44.704918032786885,42.142857142857146,0,120,72,198,0,E5,20,20,0.0,0.0,100,0
cbba,1110,default,174,20,20,46.8,0,4,44.75409836065574,42.142857142857146,0,120,296,1146,69,E5,20,20,0.0,0.0,100,0
no_coordination,1111,default,460,20,20,204.45,18,4,184.34,115.8,1334,78,0,0,0,E5,20,20,0.0,0.0,100,0
claim,1111,default,364,20,20,184.75,13,4,167.02,110.2,918,79,55,55,0,E5,20,20,0.0,0.0,100,0
mas,1111,default,156,20,20,42.35,0,4,37.68,32.6,0,76,49,75,0,E5,20,20,0.0,0.0,100,0
mas_iterative,1111,default,156,20,20,42.35,0,4,37.68,32.6,0,76,49,75,0,E5,20,20,0.0,0.0,100,0
hungarian,1111,default,156,20,20,42.35,0,4,37.68,32.6,0,76,72,172,0,E5,20,20,0.0,0.0,100,0
cbba,1111,default,156,20,20,42.35,0,4,37.68,32.6,0,76,328,1104,77,E5,20,20,0.0,0.0,100,0
no_coordination,1112,default,420,20,20,177.95,16,4,165.55555555555554,130.0,1065,63,0,0,0,E5,20,20,0.0,0.0,100,0
claim,1112,default,334,20,20,159.65,12,4,153.0,117.5,722,91,48,48,0,E5,20,20,0.0,0.0,100,0
mas,1112,default,183,20,20,43.7,0,4,42.955555555555556,38.5,0,162,53,81,0,E5,20,20,0.0,0.0,100,0
mas_iterative,1112,default,183,20,20,43.7,0,4,42.955555555555556,38.5,0,162,53,81,0,E5,20,20,0.0,0.0,100,0
hungarian,1112,default,183,20,20,43.7,0,4,42.955555555555556,38.5,0,162,76,182,0,E5,20,20,0.0,0.0,100,0
cbba,1112,default,183,20,20,43.7,0,4,42.955555555555556,38.5,0,162,336,1174,79,E5,20,20,0.0,0.0,100,0
no_coordination,1113,default,422,20,20,172.6,18,4,150.0188679245283,110.8,1101,103,0,0,0,E5,20,20,0.0,0.0,100,0
claim,1113,default,328,20,20,161.45,11,4,144.32075471698113,111.0,704,109,52,52,0,E5,20,20,0.0,0.0,100,0
mas,1113,default,181,20,20,51.5,0,4,44.924528301886795,28.0,0,146,49,75,0,E5,20,20,0.0,0.0,100,0
mas_iterative,1113,default,181,20,20,51.5,0,4,44.924528301886795,28.0,0,146,49,75,0,E5,20,20,0.0,0.0,100,0
hungarian,1113,default,181,20,20,51.5,0,4,44.924528301886795,28.0,0,146,72,206,0,E5,20,20,0.0,0.0,100,0
cbba,1113,default,181,20,20,51.5,0,4,44.924528301886795,28.0,0,146,396,1616,94,E5,20,20,0.0,0.0,100,0
no_coordination,1114,default,432,20,20,181.75,16,4,155.71153846153845,123.66666666666667,1131,79,0,0,0,E5,20,20,0.0,0.0,100,0
claim,1114,default,321,20,20,141.25,10,4,120.82692307692308,98.0,594,80,44,44,0,E5,20,20,0.0,0.0,100,0
mas,1114,default,207,20,20,58.75,0,4,49.75,45.333333333333336,0,176,55,84,0,E5,20,20,0.0,0.0,100,0
mas_iterative,1114,default,206,20,20,58.45,0,4,49.51923076923077,45.166666666666664,0,172,51,78,0,E5,20,20,0.0,0.0,100,0
hungarian,1114,default,206,20,20,58.45,0,4,49.51923076923077,45.166666666666664,0,172,72,214,0,E5,20,20,0.0,0.0,100,0
cbba,1114,default,199,20,20,51.9,0,4,42.84615384615385,38.0,0,174,360,1418,85,E5,20,20,0.0,0.0,100,0
no_coordination,1115,default,414,20,20,173.5,15,4,144.35416666666666,74.8,1112,89,0,0,0,E5,20,20,0.0,0.0,100,0
claim,1115,default,297,20,20,145.5,8,4,125.14583333333333,74.8,614,111,43,43,0,E5,20,20,0.0,0.0,100,0
mas,1115,default,162,20,20,36.4,0,4,33.604166666666664,32.6,0,172,55,84,0,E5,20,20,0.0,0.0,100,0
mas_iterative,1115,default,161,20,20,36.0,0,4,33.333333333333336,32.4,0,168,51,78,0,E5,20,20,0.0,0.0,100,0
hungarian,1115,default,161,20,20,36.0,0,4,33.333333333333336,32.4,0,168,72,170,0,E5,20,20,0.0,0.0,100,0
cbba,1115,default,161,20,20,36.0,0,4,33.333333333333336,32.4,0,168,304,1016,71,E5,20,20,0.0,0.0,100,0
no_coordination,1116,default,370,20,20,134.0,17,4,121.69047619047619,47.0,1020,66,0,0,0,E5,20,20,0.0,0.0,100,0
claim,1116,default,179,20,20,57.5,8,4,54.214285714285715,33.5,211,62,28,28,0,E5,20,20,0.0,0.0,100,0
mas,1116,default,137,20,20,27.4,0,4,26.404761904761905,25.5,0,98,52,78,0,E5,20,20,0.0,0.0,100,0
mas_iterative,1116,default,137,20,20,27.4,0,4,26.404761904761905,25.5,0,98,52,78,0,E5,20,20,0.0,0.0,100,0
hungarian,1116,default,137,20,20,27.4,0,4,26.404761904761905,25.5,0,98,72,130,0,E5,20,20,0.0,0.0,100,0
cbba,1116,default,137,20,20,27.4,0,4,26.404761904761905,25.5,0,98,220,502,50,E5,20,20,0.0,0.0,100,0
no_coordination,1117,default,387,20,20,152.15,17,4,139.0188679245283,98.2,959,81,0,0,0,E5,20,20,0.0,0.0,100,0
claim,1117,default,308,20,20,125.35,8,4,117.66037735849056,101.0,520,194,46,46,0,E5,20,20,0.0,0.0,100,0
mas,1117,default,180,20,20,41.4,0,4,38.9811320754717,36.8,0,128,51,78,0,E5,20,20,0.0,0.0,100,0
mas_iterative,1117,default,180,20,20,41.4,0,4,38.9811320754717,36.8,0,128,51,78,0,E5,20,20,0.0,0.0,100,0
hungarian,1117,default,180,20,20,41.4,0,4,38.9811320754717,36.8,0,128,74,139,0,E5,20,20,0.0,0.0,100,0
cbba,1117,default,177,20,20,39.8,0,4,37.60377358490566,34.6,0,138,256,648,59,E5,20,20,0.0,0.0,100,0
no_coordination,1118,default,434,20,20,189.55,16,4,175.03773584905662,145.75,1103,68,0,0,0,E5,20,20,0.0,0.0,100,0
claim,1118,default,256,20,20,97.95,4,4,89.81132075471699,64.75,250,108,30,30,0,E5,20,20,0.0,0.0,100,0
mas,1118,default,206,20,20,50.45,0,4,45.320754716981135,28.75,0,153,51,78,0,E5,20,20,0.0,0.0,100,0
mas_iterative,1118,default,206,20,20,50.45,0,4,45.320754716981135,28.75,0,153,51,78,0,E5,20,20,0.0,0.0,100,0
hungarian,1118,default,206,20,20,50.45,0,4,45.320754716981135,28.75,0,153,74,163,0,E5,20,20,0.0,0.0,100,0
cbba,1118,default,206,20,20,50.45,0,4,45.320754716981135,28.75,0,153,304,1042,71,E5,20,20,0.0,0.0,100,0
no_coordination,1119,default,357,20,20,141.45,16,4,137.24489795918367,112.0,846,107,0,0,0,E5,20,20,0.0,0.0,100,0
claim,1119,default,219,20,20,73.1,3,4,68.06122448979592,48.0,182,172,26,26,0,E5,20,20,0.0,0.0,100,0
mas,1119,default,187,20,20,44.2,0,4,41.42857142857143,35.0,0,186,51,78,0,E5,20,20,0.0,0.0,100,0
mas_iterative,1119,default,193,20,20,44.95,0,4,43.06122448979592,43.5,0,210,53,81,0,E5,20,20,0.0,0.0,100,0
hungarian,1119,default,193,20,20,44.95,0,4,43.06122448979592,43.5,0,210,72,184,0,E5,20,20,0.0,0.0,100,0
cbba,1119,default,193,20,20,44.95,0,4,43.06122448979592,43.5,0,210,296,1000,69,E5,20,20,0.0,0.0,100,0
no_coordination,1120,default,411,20,20,164.8,19,4,144.61363636363637,50.5,1079,83,0,0,0,E5,20,20,0.0,0.0,100,0
claim,1120,default,288,20,20,139.05,10,4,126.79545454545455,50.5,542,94,43,43,0,E5,20,20,0.0,0.0,100,0
mas,1120,default,161,20,20,52.95,0,4,51.27272727272727,37.5,0,70,49,75,0,E5,20,20,0.0,0.0,100,0
mas_iterative,1120,default,161,20,20,52.95,0,4,51.27272727272727,37.5,0,70,49,75,0,E5,20,20,0.0,0.0,100,0
hungarian,1120,default,161,20,20,52.95,0,4,51.27272727272727,37.5,0,70,72,222,0,E5,20,20,0.0,0.0,100,0
cbba,1120,default,157,20,20,50.45,0,4,48.86363636363637,35.5,0,68,428,1646,102,E5,20,20,0.0,0.0,100,0
no_coordination,1121,default,440,20,20,188.4,16,4,177.67391304347825,97.5,1149,67,0,0,0,E5,20,20,0.0,0.0,100,0
claim,1121,default,269,20,20,121.15,6,4,114.45652173913044,83.0,394,61,33,33,0,E5,20,20,0.0,0.0,100,0
mas,1121,default,183,20,20,51.85,0,4,49.91304347826087,39.75,0,107,55,84,0,E5,20,20,0.0,0.0,100,0
mas_iterative,1121,default,182,20,20,51.05,0,4,49.15217391304348,39.25,0,103,58,89,0,E5,20,20,0.0,0.0,100,0
hungarian,1121,default,182,20,20,51.05,0,4,49.15217391304348,39.25,0,103,70,209,0,E5,20,20,0.0,0.0,100,0
cbba,1121,default,182,20,20,51.05,0,4,49.15217391304348,39.25,0,103,292,1150,68,E5,20,20,0.0,0.0,100,0
no_coordination,1123,default,373,20,20,154.35,16,4,140.64583333333334,102.8,981,66,0,0,0,E5,20,20,0.0,0.0,100,0
claim,1123,default,248,20,20,124.15,6,4,115.85416666666667,94.2,433,93,36,36,0,E5,20,20,0.0,0.0,100,0
mas,1123,default,142,20,20,38.6,0,4,36.8125,30.6,0,84,46,70,0,E5,20,20,0.0,0.0,100,0
mas_iterative,1123,default,142,20,20,38.6,0,4,36.8125,30.6,0,84,46,70,0,E5,20,20,0.0,0.0,100,0
hungarian,1123,default,142,20,20,38.6,0,4,36.8125,30.6,0,84,68,190,0,E5,20,20,0.0,0.0,100,0
cbba,1123,default,142,20,20,38.6,0,4,36.8125,30.6,0,84,348,1312,82,E5,20,20,0.0,0.0,100,0
no_coordination,1124,default,398,20,20,164.4,18,4,156.38888888888889,89.66666666666667,1011,66,0,0,0,E5,20,20,0.0,0.0,100,0
claim,1124,default,203,20,20,76.2,8,4,71.44444444444444,51.333333333333336,227,79,29,29,0,E5,20,20,0.0,0.0,100,0
mas,1124,default,157,20,20,39.35,0,4,38.05555555555556,35.666666666666664,0,82,48,72,0,E5,20,20,0.0,0.0,100,0
mas_iterative,1124,default,157,20,20,39.3,0,4,38.0,35.666666666666664,0,82,48,72,0,E5,20,20,0.0,0.0,100,0
hungarian,1124,default,157,20,20,39.3,0,4,38.0,35.666666666666664,0,82,66,159,0,E5,20,20,0.0,0.0,100,0
cbba,1124,default,157,20,20,39.3,0,4,38.0,35.666666666666664,0,82,268,866,62,E5,20,20,0.0,0.0,100,0
no_coordination,1125,default,423,20,20,186.5,15,4,178.80851063829786,133.33333333333334,1138,74,0,0,0,E5,20,20,0.0,0.0,100,0
claim,1125,default,291,20,20,128.15,9,4,121.36170212765957,97.66666666666667,571,49,40,40,0,E5,20,20,0.0,0.0,100,0
mas,1125,default,177,20,20,50.5,0,4,46.234042553191486,41.666666666666664,0,110,49,75,0,E5,20,20,0.0,0.0,100,0
mas_iterative,1125,default,177,20,20,50.5,0,4,46.234042553191486,41.666666666666664,0,110,49,75,0,E5,20,20,0.0,0.0,100,0
hungarian,1125,default,177,20,20,50.5,0,4,46.234042553191486,41.666666666666664,0,110,72,200,0,E5,20,20,0.0,0.0,100,0
cbba,1125,default,177,20,20,50.5,0,4,46.234042553191486,41.666666666666664,0,110,352,1376,83,E5,20,20,0.0,0.0,100,0
no_coordination,1126,default,416,20,20,157.6,19,4,147.38,78.0,1170,111,0,0,0,E5,20,20,0.0,0.0,100,0
claim,1126,default,244,20,20,103.15,10,4,96.7,63.75,442,115,38,38,0,E5,20,20,0.0,0.0,100,0
mas,1126,default,146,20,20,32.95,0,4,30.3,24.0,0,108,53,81,0,E5,20,20,0.0,0.0,100,0
mas_iterative,1126,default,146,20,20,32.7,0,4,30.1,24.0,0,108,57,87,0,E5,20,20,0.0,0.0,100,0
hungarian,1126,default,146,20,20,32.7,0,4,30.1,24.0,0,108,72,150,0,E5,20,20,0.0,0.0,100,0
cbba,1126,default,146,20,20,32.7,0,4,30.1,24.0,0,108,216,588,49,E5,20,20,0.0,0.0,100,0
no_coordination,1127,default,411,20,20,133.5,14,4,133.40816326530611,168.66666666666666,1131,60,0,0,0,E5,20,20,0.0,0.0,100,0
claim,1127,default,239,20,20,96.8,5,4,96.20408163265306,106.66666666666667,346,106,32,32,0,E5,20,20,0.0,0.0,100,0
mas,1127,default,165,20,20,43.55,0,4,44.3469387755102,43.666666666666664,0,87,51,78,0,E5,20,20,0.0,0.0,100,0
mas_iterative,1127,default,165,20,20,43.45,0,4,44.244897959183675,43.666666666666664,0,87,51,78,0,E5,20,20,0.0,0.0,100,0
hungarian,1127,default,165,20,20,43.45,0,4,44.244897959183675,43.666666666666664,0,87,72,176,0,E5,20,20,0.0,0.0,100,0
cbba,1127,default,165,20,20,43.45,0,4,44.244897959183675,43.666666666666664,0,87,316,1052,74,E5,20,20,0.0,0.0,100,0
no_coordination,1128,default,375,20,20,164.05,17,4,178.7826086956522,219.0,974,63,0,0,0,E5,20,20,0.0,0.0,100,0
claim,1128,default,270,20,20,106.65,8,4,113.78260869565217,140.0,506,63,39,39,0,E5,20,20,0.0,0.0,100,0
mas,1128,default,165,20,20,43.6,0,4,46.23913043478261,51.0,0,85,56,85,0,E5,20,20,0.0,0.0,100,0
mas_iterative,1128,default,164,20,20,43.3,0,4,45.91304347826087,50.666666666666664,0,81,52,79,0,E5,20,20,0.0,0.0,100,0
hungarian,1128,default,164,20,20,43.3,0,4,45.91304347826087,50.666666666666664,0,81,70,183,0,E5,20,20,0.0,0.0,100,0
cbba,1128,default,164,20,20,43.3,0,4,45.91304347826087,50.666666666666664,0,81,300,1144,70,E5,20,20,0.0,0.0,100,0
no_coordination,1129,default,448,20,20,180.25,17,4,176.08163265306123,100.0,1182,81,0,0,0,E5,20,20,0.0,0.0,100,0
claim,1129,default,336,20,20,144.05,10,4,139.40816326530611,100.0,657,111,51,51,0,E5,20,20,0.0,0.0,100,0
mas,1129,default,208,20,20,57.85,0,4,57.12244897959184,51.0,0,134,53,81,0,E5,20,20,0.0,0.0,100,0
mas_iterative,1129,default,208,20,20,57.8,0,4,57.06122448979592,51.0,0,134,53,81,0,E5,20,20,0.0,0.0,100,0
hungarian,1129,default,208,20,20,57.8,0,4,57.06122448979592,51.0,0,134,74,191,0,E5,20,20,0.0,0.0,100,0
cbba,1129,default,203,20,20,54.55,0,4,53.89795918367347,51.0,0,154,500,1598,120,E5,20,20,0.0,0.0,100,0
no_coordination,1130,default,392,20,20,145.85,18,4,137.21428571428572,107.0,964,157,0,0,0,E5,20,20,0.0,0.0,100,0
claim,1130,default,228,20,20,90.3,3,4,86.25,65.6,188,175,26,26,0,E5,20,20,0.0,0.0,100,0
mas,1130,default,188,20,20,54.9,0,4,53.732142857142854,34.8,0,188,49,75,0,E5,20,20,0.0,0.0,100,0
mas_iterative,1130,default,188,20,20,54.9,0,4,53.732142857142854,34.8,0,188,49,75,0,E5,20,20,0.0,0.0,100,0
hungarian,1130,default,188,20,20,54.9,0,4,53.732142857142854,34.8,0,188,72,240,0,E5,20,20,0.0,0.0,100,0
cbba,1130,default,188,20,20,54.9,0,4,53.732142857142854,34.8,0,188,456,2000,109,E5,20,20,0.0,0.0,100,0
no_coordination,1131,default,445,20,20,194.15,16,4,175.16949152542372,123.0,1208,93,0,0,0,E5,20,20,0.0,0.0,100,0
claim,1131,default,281,20,20,126.1,6,4,117.08474576271186,95.625,442,142,34,34,0,E5,20,20,0.0,0.0,100,0
mas,1131,default,187,20,20,51.4,0,4,49.813559322033896,46.5,0,172,51,78,0,E5,20,20,0.0,0.0,100,0
mas_iterative,1131,default,187,20,20,51.4,0,4,49.813559322033896,46.5,0,172,51,78,0,E5,20,20,0.0,0.0,100,0
hungarian,1131,default,187,20,20,51.4,0,4,49.813559322033896,46.5,0,172,74,219,0,E5,20,20,0.0,0.0,100,0
cbba,1131,default,179,20,20,45.65,0,4,44.389830508474574,41.625,0,168,404,1560,96,E5,20,20,0.0,0.0,100,0
no_coordination,1132,default,412,20,20,155.85,18,4,144.66037735849056,100.0,1076,70,0,0,0,E5,20,20,0.0,0.0,100,0
claim,1132,default,243,20,20,100.25,7,4,94.16981132075472,58.333333333333336,324,74,36,36,0,E5,20,20,0.0,0.0,100,0
mas,1132,default,169,20,20,55.3,0,4,53.18867924528302,43.666666666666664,0,66,49,75,0,E5,20,20,0.0,0.0,100,0
mas_iterative,1132,default,169,20,20,55.3,0,4,53.18867924528302,43.666666666666664,0,66,49,75,0,E5,20,20,0.0,0.0,100,0
hungarian,1132,default,169,20,20,55.3,0,4,53.18867924528302,43.666666666666664,0,66,72,216,0,E5,20,20,0.0,0.0,100,0
cbba,1132,default,161,20,20,49.55,0,4,47.75471698113208,37.666666666666664,0,70,384,1472,91,E5,20,20,0.0,0.0,100,0
no_coordination,1133,default,475,20,20,198.65,16,4,185.60377358490567,98.0,1289,128,0,0,0,E5,20,20,0.0,0.0,100,0
claim,1133,default,326,20,20,140.25,9,4,130.66037735849056,83.0,594,193,45,45,0,E5,20,20,0.0,0.0,100,0
mas,1133,default,190,20,20,40.05,0,4,39.471698113207545,36.25,0,204,51,78,0,E5,20,20,0.0,0.0,100,0
mas_iterative,1133,default,190,20,20,39.9,0,4,39.264150943396224,36.0,0,204,53,81,0,E5,20,20,0.0,0.0,100,0
hungarian,1133,default,190,20,20,39.9,0,4,39.264150943396224,36.0,0,204,74,179,0,E5,20,20,0.0,0.0,100,0
cbba,1133,default,190,20,20,39.9,0,4,39.301886792452834,36.0,0,204,304,1022,71,E5,20,20,0.0,0.0,100,0
no_coordination,1134,default,378,20,20,153.75,18,4,151.30612244897958,51.0,999,112,0,0,0,E5,20,20,0.0,0.0,100,0
claim,1134,default,235,20,20,90.6,6,4,86.10204081632654,51.0,291,183,32,32,0,E5,20,20,0.0,0.0,100,0
mas,1134,default,174,20,20,50.5,0,4,48.183673469387756,40.5,0,148,50,76,0,E5,20,20,0.0,0.0,100,0
mas_iterative,1134,default,174,20,20,50.05,0,4,47.775510204081634,40.5,0,148,51,78,0,E5,20,20,0.0,0.0,100,0
hungarian,1134,default,174,20,20,50.05,0,4,47.734693877551024,40.5,0,148,66,219,0,E5,20,20,0.0,0.0,100,0
cbba,1134,default,174,20,20,50.05,0,4,47.775510204081634,40.5,0,148,356,1538,84,E5,20,20,0.0,0.0,100,0
no_coordination,1135,default,406,20,20,187.0,16,4,169.25,112.2,1058,94,0,0,0,E5,20,20,0.0,0.0,100,0
claim,1135,default,295,20,20,133.75,7,4,126.58333333333333,104.4,437,202,38,38,0,E5,20,20,0.0,0.0,100,0
mas,1135,default,188,20,20,56.05,0,4,50.3125,38.4,0,158,49,75,0,E5,20,20,0.0,0.0,100,0
mas_iterative,1135,default,188,20,20,56.05,0,4,50.3125,38.4,0,158,49,75,0,E5,20,20,0.0,0.0,100,0
hungarian,1135,default,188,20,20,55.8,0,4,49.895833333333336,38.4,0,158,72,228,0,E5,20,20,0.0,0.0,100,0
cbba,1135,default,188,20,20,56.05,0,4,50.3125,38.4,0,158,432,1842,103,E5,20,20,0.0,0.0,100,0
no_coordination,1136,default,413,20,20,166.35,15,4,163.7450980392157,168.8,1055,67,0,0,0,E5,20,20,0.0,0.0,100,0
claim,1136,default,290,20,20,136.8,6,4,136.19607843137254,136.4,423,138,32,32,0,E5,20,20,0.0,0.0,100,0
mas,1136,default,193,20,20,62.45,0,4,61.13725490196079,57.2,0,122,51,78,0,E5,20,20,0.0,0.0,100,0
mas_iterative,1136,default,193,20,20,62.3,0,4,61.0,57.0,0,122,51,78,0,E5,20,20,0.0,0.0,100,0
hungarian,1136,default,193,20,20,62.3,0,4,61.0,57.0,0,122,72,220,0,E5,20,20,0.0,0.0,100,0
cbba,1136,default,193,20,20,62.3,0,4,61.0,57.0,0,122,396,1682,94,E5,20,20,0.0,0.0,100,0
no_coordination,1137,default,367,20,20,140.25,18,4,121.91489361702128,78.5,896,74,0,0,0,E5,20,20,0.0,0.0,100,0
claim,1137,default,281,20,20,108.1,10,4,92.53191489361703,53.25,516,74,41,41,0,E5,20,20,0.0,0.0,100,0
mas,1137,default,171,20,20,43.95,0,4,39.95744680851064,30.75,0,104,49,75,0,E5,20,20,0.0,0.0,100,0
mas_iterative,1137,default,171,20,20,43.95,0,4,39.95744680851064,30.75,0,104,49,75,0,E5,20,20,0.0,0.0,100,0
hungarian,1137,default,171,20,20,43.95,0,4,39.95744680851064,30.75,0,104,72,170,0,E5,20,20,0.0,0.0,100,0
cbba,1137,default,171,20,20,43.95,0,4,39.95744680851064,30.75,0,104,320,1096,75,E5,20,20,0.0,0.0,100,0
no_coordination,1138,default,349,20,20,130.1,14,4,115.92592592592592,51.75,901,54,0,0,0,E5,20,20,0.0,0.0,100,0
claim,1138,default,228,20,20,97.6,8,4,88.62962962962963,45.0,395,45,32,32,0,E5,20,20,0.0,0.0,100,0
mas,1138,default,171,20,20,46.7,0,4,43.666666666666664,32.25,0,154,49,75,0,E5,20,20,0.0,0.0,100,0
mas_iterative,1138,default,171,20,20,46.7,0,4,43.666666666666664,32.25,0,154,49,75,0,E5,20,20,0.0,0.0,100,0
hungarian,1138,default,181,20,20,46.7,0,4,43.666666666666664,32.25,0,194,72,196,0,E5,20,20,0.0,0.0,100,0
cbba,1138,default,172,20,20,43.35,0,4,41.48148148148148,36.5,0,174,348,1312,82,E5,20,20,0.0,0.0,100,0
no_coordination,1139,default,354,20,20,135.6,17,4,124.14814814814815,98.0,887,66,0,0,0,E5,20,20,0.0,0.0,100,0
claim,1139,default,219,20,20,91.9,7,4,85.83333333333333,67.25,320,63,32,32,0,E5,20,20,0.0,0.0,100,0
mas,1139,default,164,20,20,40.35,0,4,40.68518518518518,39.75,0,123,51,78,0,E5,20,20,0.0,0.0,100,0
mas_iterative,1139,default,164,20,20,40.3,0,4,40.629629629629626,39.75,0,123,51,78,0,E5,20,20,0.0,0.0,100,0
hungarian,1139,default,164,20,20,40.3,0,4,40.629629629629626,39.75,0,123,72,158,0,E5,20,20,0.0,0.0,100,0
cbba,1139,default,164,20,20,40.3,0,4,40.629629629629626,39.75,0,123,276,858,64,E5,20,20,0.0,0.0,100,0
no_coordination,1140,default,387,20,20,144.3,16,4,144.75,169.75,1030,66,0,0,0,E5,20,20,0.0,0.0,100,0
claim,1140,default,206,20,20,79.55,5,4,77.85416666666667,78.25,260,53,28,28,0,E5,20,20,0.0,0.0,100,0
mas,1140,default,150,20,20,39.95,0,4,38.104166666666664,34.5,0,66,51,78,0,E5,20,20,0.0,0.0,100,0
mas_iterative,1140,default,147,20,20,39.25,0,4,38.1875,37.75,0,54,51,78,0,E5,20,20,0.0,0.0,100,0
hungarian,1140,default,147,20,20,39.25,0,4,38.1875,37.75,0,54,72,164,0,E5,20,20,0.0,0.0,100,0
cbba,1140,default,148,20,20,39.35,0,4,38.3125,38.0,0,58,300,978,70,E5,20,20,0.0,0.0,100,0
no_coordination,1141,default,367,20,20,143.2,16,4,132.9090909090909,127.875,875,119,0,0,0,E5,20,20,0.0,0.0,100,0
claim,1141,default,219,20,20,81.25,3,4,76.41818181818182,74.0,159,174,26,26,0,E5,20,20,0.0,0.0,100,0
mas,1141,default,201,20,20,65.95,0,4,62.32727272727273,62.125,0,164,53,81,0,E5,20,20,0.0,0.0,100,0
mas_iterative,1141,default,199,20,20,64.0,0,4,61.07272727272727,61.375,0,162,51,78,0,E5,20,20,0.0,0.0,100,0
hungarian,1141,default,199,20,20,64.0,0,4,61.07272727272727,61.375,0,162,66,243,0,E5,20,20,0.0,0.0,100,0
cbba,1141,default,193,20,20,56.55,0,4,55.10909090909091,55.5,0,178,444,1844,106,E5,20,20,0.0,0.0,100,0
no_coordination,1142,default,392,20,20,141.55,17,4,129.04,119.5,952,74,0,0,0,E5,20,20,0.0,0.0,100,0
claim,1142,default,231,20,20,88.5,4,4,83.24,73.75,256,107,29,29,0,E5,20,20,0.0,0.0,100,0
mas,1142,default,191,20,20,53.65,0,4,50.44,44.75,0,138,51,78,0,E5,20,20,0.0,0.0,100,0
mas_iterative,1142,default,191,20,20,53.65,0,4,50.44,44.75,0,138,51,78,0,E5,20,20,0.0,0.0,100,0
hungarian,1142,default,191,20,20,53.65,0,4,50.44,44.75,0,138,74,203,0,E5,20,20,0.0,0.0,100,0
cbba,1142,default,186,20,20,47.6,0,4,44.52,40.75,0,142,356,1184,84,E5,20,20,0.0,0.0,100,0
no_coordination,1143,default,374,20,20,114.95,18,4,85.83720930232558,26.333333333333332,809,129,0,0,0,E5,20,20,0.0,0.0,100,0
claim,1143,default,234,20,20,66.7,6,4,52.25581395348837,19.333333333333332,203,166,28,28,0,E5,20,20,0.0,0.0,100,0
mas,1143,default,197,20,20,48.2,0,4,39.46511627906977,19.333333333333332,0,200,51,77,0,E5,20,20,0.0,0.0,100,0
mas_iterative,1143,default,197,20,20,47.7,0,4,39.06976744186046,19.333333333333332,0,200,53,80,0,E5,20,20,0.0,0.0,100,0
hungarian,1143,default,197,20,20,47.7,0,4,39.06976744186046,19.333333333333332,0,200,66,205,0,E5,20,20,0.0,0.0,100,0
cbba,1143,default,192,20,20,47.7,0,4,39.06976744186046,19.333333333333332,0,180,312,1232,73,E5,20,20,0.0,0.0,100,0
no_coordination,1144,default,363,20,20,129.9,17,4,112.3921568627451,73.0,872,63,0,0,0,E5,20,20,0.0,0.0,100,0
claim,1144,default,267,20,20,107.8,10,4,97.94117647058823,72.5,499,68,41,41,0,E5,20,20,0.0,0.0,100,0
mas,1144,default,175,20,20,46.3,0,4,42.588235294117645,27.333333333333332,0,126,55,84,0,E5,20,20,0.0,0.0,100,0
mas_iterative,1144,default,174,20,20,46.2,0,4,42.529411764705884,27.333333333333332,0,122,53,81,0,E5,20,20,0.0,0.0,100,0
hungarian,1144,default,174,20,20,46.2,0,4,42.529411764705884,27.333333333333332,0,122,74,189,0,E5,20,20,0.0,0.0,100,0
cbba,1144,default,175,20,20,45.2,0,4,41.549019607843135,27.333333333333332,0,152,500,1470,120,E5,20,20,0.0,0.0,100,0
no_coordination,1145,default,410,20,20,182.65,17,4,164.26785714285714,125.875,1095,70,0,0,0,E5,20,20,0.0,0.0,100,0
claim,1145,default,277,20,20,126.95,8,4,113.28571428571429,91.375,498,109,38,38,0,E5,20,20,0.0,0.0,100,0
mas,1145,default,160,20,20,38.1,0,4,34.57142857142857,29.75,0,124,49,75,0,E5,20,20,0.0,0.0,100,0
mas_iterative,1145,default,160,20,20,38.1,0,4,34.57142857142857,29.75,0,124,49,75,0,E5,20,20,0.0,0.0,100,0
hungarian,1145,default,160,20,20,38.1,0,4,34.57142857142857,29.75,0,124,72,160,0,E5,20,20,0.0,0.0,100,0
cbba,1145,default,160,20,20,38.1,0,4,34.57142857142857,29.75,0,124,304,998,71,E5,20,20,0.0,0.0,100,0
no_coordination,1146,default,342,20,20,152.6,16,4,145.78181818181818,95.25,823,90,0,0,0,E5,20,20,0.0,0.0,100,0
claim,1146,default,227,20,20,87.75,4,4,84.58181818181818,64.0,219,152,27,27,0,E5,20,20,0.0,0.0,100,0
mas,1146,default,200,20,20,59.8,0,4,59.945454545454545,48.5,0,196,53,81,0,E5,20,20,0.0,0.0,100,0
mas_iterative,1146,default,200,20,20,59.55,0,4,59.70909090909091,48.25,0,196,53,81,0,E5,20,20,0.0,0.0,100,0
hungarian,1146,default,200,20,20,59.55,0,4,59.74545454545454,48.5,0,196,72,240,0,E5,20,20,0.0,0.0,100,0
cbba,1146,default,200,20,20,59.55,0,4,59.70909090909091,48.25,0,196,408,1848,97,E5,20,20,0.0,0.0,100,0
no_coordination,1147,default,408,20,20,181.5,16,4,169.2340425531915,102.66666666666667,1087,62,0,0,0,E5,20,20,0.0,0.0,100,0
claim,1147,default,239,20,20,88.4,7,4,81.80851063829788,65.0,333,63,35,35,0,E5,20,20,0.0,0.0,100,0
mas,1147,default,176,20,20,43.55,0,4,40.38297872340426,40.666666666666664,0,120,53,81,0,E5,20,20,0.0,0.0,100,0
mas_iterative,1147,default,176,20,20,43.25,0,4,40.08510638297872,40.666666666666664,0,120,55,84,0,E5,20,20,0.0,0.0,100,0
hungarian,1147,default,176,20,20,43.25,0,4,40.08510638297872,40.666666666666664,0,120,72,172,0,E5,20,20,0.0,0.0,100,0
cbba,1147,default,176,20,20,43.25,0,4,40.08510638297872,40.666666666666664,0,120,240,728,55,E5,20,20,0.0,0.0,100,0
no_coordination,1149,default,361,20,20,125.9,13,4,111.78846153846153,79.33333333333333,977,59,0,0,0,E5,20,20,0.0,0.0,100,0
claim,1149,default,228,20,20,72.85,6,4,67.51923076923077,53.0,324,131,32,32,0,E5,20,20,0.0,0.0,100,0
mas,1149,default,166,20,20,31.3,0,4,29.884615384615383,23.0,0,168,57,87,0,E5,20,20,0.0,0.0,100,0
mas_iterative,1149,default,161,20,20,32.0,0,4,30.634615384615383,26.333333333333332,0,148,55,84,0,E5,20,20,0.0,0.0,100,0
hungarian,1149,default,161,20,20,32.0,0,4,30.634615384615383,26.333333333333332,0,148,76,146,0,E5,20,20,0.0,0.0,100,0
cbba,1149,default,161,20,20,32.0,0,4,30.634615384615383,26.333333333333332,0,148,248,634,57,E5,20,20,0.0,0.0,100,0
no_coordination,1150,default,312,20,20,111.2,12,4,105.72916666666667,85.8,785,53,0,0,0,E5,20,20,0.0,0.0,100,0
claim,1150,default,242,20,20,93.45,7,4,89.85416666666667,81.4,393,78,34,34,0,E5,20,20,0.0,0.0,100,0
mas,1150,default,170,20,20,43.35,0,4,42.208333333333336,40.2,0,113,49,75,0,E5,20,20,0.0,0.0,100,0
mas_iterative,1150,default,170,20,20,43.35,0,4,42.208333333333336,40.2,0,113,49,75,0,E5,20,20,0.0,0.0,100,0
hungarian,1150,default,170,20,20,43.35,0,4,42.208333333333336,40.2,0,113,72,168,0,E5,20,20,0.0,0.0,100,0
cbba,1150,default,160,20,20,38.75,0,4,39.5,40.6,0,95,248,750,57,E5,20,20,0.0,0.0,100,0
no_coordination,1152,default,415,20,20,169.2,15,4,148.72916666666666,91.5,1097,65,0,0,0,E5,20,20,0.0,0.0,100,0
claim,1152,default,257,20,20,105.9,9,4,94.52083333333333,70.0,343,120,33,33,0,E5,20,20,0.0,0.0,100,0
mas,1152,default,180,20,20,48.9,0,4,43.291666666666664,32.0,0,130,51,78,0,E5,20,20,0.0,0.0,100,0
mas_iterative,1152,default,180,20,20,48.55,0,4,43.020833333333336,32.0,0,130,55,84,0,E5,20,20,0.0,0.0,100,0
hungarian,1152,default,180,20,20,48.55,0,4,43.020833333333336,32.0,0,130,66,201,0,E5,20,20,0.0,0.0,100,0
cbba,1152,default,180,20,20,48.55,0,4,43.020833333333336,32.0,0,130,320,1260,75,E5,20,20,0.0,0.0,100,0
no_coordination,1153,default,444,20,20,189.2,17,4,189.41509433962264,187.8,1033,102,0,0,0,E5,20,20,0.0,0.0,100,0
claim,1153,default,301,20,20,148.1,6,4,146.9056603773585,141.0,491,117,38,38,0,E5,20,20,0.0,0.0,100,0
mas,1153,default,208,20,20,60.2,0,4,60.20754716981132,58.0,0,166,49,75,0,E5,20,20,0.0,0.0,100,0
mas_iterative,1153,default,208,20,20,60.2,0,4,60.20754716981132,58.0,0,166,49,75,0,E5,20,20,0.0,0.0,100,0
hungarian,1153,default,198,20,20,59.7,0,4,59.83018867924528,58.0,0,126,72,216,0,E5,20,20,0.0,0.0,100,0
cbba,1153,default,202,20,20,57.65,0,4,59.056603773584904,57.8,0,174,488,1926,117,E5,20,20,0.0,0.0,100,0
no_coordination,1155,default,410,20,20,160.35,16,4,133.27083333333334,83.4,953,88,0,0,0,E5,20,20,0.0,0.0,100,0
claim,1155,default,247,20,20,97.75,5,4,85.08333333333333,68.4,316,105,33,33,0,E5,20,20,0.0,0.0,100,0
mas,1155,default,189,20,20,49.9,0,4,43.833333333333336,41.4,0,175,49,75,0,E5,20,20,0.0,0.0,100,0
mas_iterative,1155,default,189,20,20,49.9,0,4,43.833333333333336,41.4,0,175,49,75,0,E5,20,20,0.0,0.0,100,0
hungarian,1155,default,189,20,20,49.9,0,4,43.833333333333336,41.4,0,175,72,202,0,E5,20,20,0.0,0.0,100,0
cbba,1155,default,189,20,20,51.6,0,4,46.0,41.4,0,175,372,1506,88,E5,20,20,0.0,0.0,100,0
no_coordination,1156,default,467,20,20,203.5,17,4,196.74468085106383,173.0,1250,96,0,0,0,E5,20,20,0.0,0.0,100,0
claim,1156,default,276,20,20,123.5,8,4,120.93617021276596,109.0,439,89,37,37,0,E5,20,20,0.0,0.0,100,0
mas,1156,default,185,20,20,54.5,0,4,52.42553191489362,39.0,0,124,51,78,0,E5,20,20,0.0,0.0,100,0
mas_iterative,1156,default,177,20,20,53.5,0,4,52.51063829787234,59.0,0,92,49,75,0,E5,20,20,0.0,0.0,100,0
hungarian,1156,default,176,20,20,53.25,0,4,52.06382978723404,59.0,0,88,70,189,0,E5,20,20,0.0,0.0,100,0
cbba,1156,default,177,20,20,53.5,0,4,52.51063829787234,59.0,0,92,356,1334,84,E5,20,20,0.0,0.0,100,0
no_coordination,1157,default,557,20,20,236.0,18,4,230.60416666666666,242.33333333333334,1566,80,0,0,0,E5,20,20,0.0,0.0,100,0
claim,1157,default,313,20,20,170.75,8,4,167.4375,171.33333333333334,624,76,41,41,0,E5,20,20,0.0,0.0,100,0
mas,1157,default,167,20,20,49.65,0,4,49.020833333333336,44.666666666666664,0,73,51,78,0,E5,20,20,0.0,0.0,100,0
mas_iterative,1157,default,167,20,20,49.55,0,4,48.958333333333336,44.666666666666664,0,73,51,78,0,E5,20,20,0.0,0.0,100,0
hungarian,1157,default,167,20,20,49.55,0,4,48.958333333333336,44.666666666666664,0,73,72,200,0,E5,20,20,0.0,0.0,100,0
cbba,1157,default,169,20,20,51.35,0,4,50.625,46.0,0,83,464,1710,111,E5,20,20,0.0,0.0,100,0
no_coordination,1000,default,389,20,20,125.4,18,4,117.80434782608695,124.33333333333333,1018,63,0,0,0,E5,20,20,0.0,0.0,200,0
claim,1000,default,301,20,20,97.45,12,4,92.19565217391305,84.33333333333333,687,57,47,47,0,E5,20,20,0.0,0.0,200,0
mas,1000,default,203,20,20,26.8,0,4,25.543478260869566,26.666666666666668,0,310,71,110,0,E5,20,20,0.0,0.0,200,0
mas_iterative,1000,default,203,20,20,26.75,0,4,25.47826086956522,26.666666666666668,0,310,71,110,0,E5,20,20,0.0,0.0,200,0
hungarian,1000,default,203,20,20,26.75,0,4,25.47826086956522,26.666666666666668,0,310,94,143,0,E5,20,20,0.0,0.0,200,0
cbba,1000,default,203,20,20,26.75,0,4,25.47826086956522,26.666666666666668,0,310,188,290,42,E5,20,20,0.0,0.0,200,0
no_coordination,1001,default,408,20,20,110.75,16,4,104.66071428571429,100.2,1087,100,0,0,0,E5,20,20,0.0,0.0,200,0
claim,1001,default,277,20,20,73.2,8,4,72.17857142857143,79.6,515,93,37,37,0,E5,20,20,0.0,0.0,200,0
mas,1001,default,233,20,20,26.1,0,4,26.0,27.8,0,407,75,116,0,E5,20,20,0.0,0.0,200,0
mas_iterative,1001,default,233,20,20,26.05,0,4,25.946428571428573,27.8,0,407,75,116,0,E5,20,20,0.0,0.0,200,0
hungarian,1001,default,233,20,20,26.05,0,4,25.946428571428573,27.8,0,407,100,144,0,E5,20,20,0.0,0.0,200,0
cbba,1001,default,233,20,20,26.05,0,4,25.946428571428573,27.8,0,407,176,228,39,E5,20,20,0.0,0.0,200,0
no_coordination,1002,default,494,20,20,167.8,18,4,153.95652173913044,161.5,1347,125,0,0,0,E5,20,20,0.0,0.0,200,0
claim,1002,default,323,20,20,86.7,9,4,79.45652173913044,78.25,589,187,46,46,0,E5,20,20,0.0,0.0,200,0
mas,1002,default,240,20,20,28.85,0,4,29.52173913043478,31.0,0,404,73,113,0,E5,20,20,0.0,0.0,200,0
mas_iterative,1002,default,240,20,20,28.85,0,4,29.52173913043478,31.0,0,404,73,113,0,E5,20,20,0.0,0.0,200,0
hungarian,1002,default,240,20,20,28.85,0,4,29.52173913043478,31.0,0,404,100,140,0,E5,20,20,0.0,0.0,200,0
cbba,1002,default,240,20,20,28.7,0,4,29.347826086956523,31.0,0,428,396,648,94,E5,20,20,0.0,0.0,200,0
no_coordination,1003,default,383,20,20,74.5,18,4,63.916666666666664,47.666666666666664,1045,104,0,0,0,E5,20,20,0.0,0.0,200,0
claim,1003,default,286,20,20,56.85,9,4,55.395833333333336,47.5,479,235,40,40,0,E5,20,20,0.0,0.0,200,0
mas,1003,default,240,20,20,27.5,0,4,27.104166666666668,25.5,0,443,69,108,0,E5,20,20,0.0,0.0,200,0
mas_iterative,1003,default,240,20,20,27.45,0,4,27.083333333333332,25.5,0,443,69,108,0,E5,20,20,0.0,0.0,200,0
hungarian,1003,default,240,20,20,27.45,0,4,27.083333333333332,25.5,0,443,96,142,0,E5,20,20,0.0,0.0,200,0
cbba,1003,default,240,20,20,27.1,0,4,26.8125,25.166666666666668,0,451,196,292,44,E5,20,20,0.0,0.0,200,0
no_coordination,1004,default,479,20,20,155.1,18,4,167.08510638297872,209.33333333333334,1288,113,0,0,0,E5,20,20,0.0,0.0,200,0
claim,1004,default,360,20,20,106.65,11,4,112.85106382978724,141.33333333333334,772,111,54,54,0,E5,20,20,0.0,0.0,200,0
mas,1004,default,242,20,20,33.05,0,4,33.212765957446805,39.333333333333336,0,376,62,97,0,E5,20,20,0.0,0.0,200,0
mas_iterative,1004,default,242,20,20,32.95,0,4,33.08510638297872,39.333333333333336,0,376,62,97,0,E5,20,20,0.0,0.0,200,0
hungarian,1004,default,242,20,20,32.95,0,4,33.08510638297872,39.333333333333336,0,376,88,134,0,E5,20,20,0.0,0.0,200,0
cbba,1004,default,242,20,20,32.95,0,4,33.08510638297872,39.333333333333336,0,376,192,318,43,E5,20,20,0.0,0.0,200,0
no_coordination,1005,default,448,20,20,117.4,16,4,110.63636363636364,116.5,1201,155,0,0,0,E5,20,20,0.0,0.0,200,0
claim,1005,default,263,20,20,59.95,9,4,58.054545454545455,56.833333333333336,463,155,42,42,0,E5,20,20,0.0,0.0,200,0
mas,1005,default,256,20,20,29.3,0,4,31.454545454545453,37.5,0,483,72,112,0,E5,20,20,0.0,0.0,200,0
mas_iterative,1005,default,256,20,20,29.25,0,4,31.4,37.5,0,483,72,112,0,E5,20,20,0.0,0.0,200,0
hungarian,1005,default,256,20,20,29.25,0,4,31.4,37.5,0,483,94,145,0,E5,20,20,0.0,0.0,200,0
cbba,1005,default,256,20,20,29.4,0,4,30.927272727272726,36.333333333333336,0,525,484,764,116,E5,20,20,0.0,0.0,200,0
no_coordination,1006,default,395,20,20,123.5,16,4,117.12820512820512,79.5,1012,145,0,0,0,E5,20,20,0.0,0.0,200,0
claim,1006,default,326,20,20,96.05,10,4,94.33333333333333,79.5,630,200,47,47,0,E5,20,20,0.0,0.0,200,0
mas,1006,default,240,20,20,27.45,0,4,26.82051282051282,28.0,0,449,72,113,0,E5,20,20,0.0,0.0,200,0
mas_iterative,1006,default,240,20,20,27.45,0,4,26.82051282051282,28.0,0,449,72,113,0,E5,20,20,0.0,0.0,200,0
hungarian,1006,default,240,20,20,27.45,0,4,26.82051282051282,28.0,0,449,102,147,0,E5,20,20,0.0,0.0,200,0
cbba,1006,default,240,20,20,27.45,0,4,26.82051282051282,28.0,0,449,188,256,42,E5,20,20,0.0,0.0,200,0
no_coordination,1007,default,336,20,20,88.95,17,4,83.2,52.0,853,132,0,0,0,E5,20,20,0.0,0.0,200,0
claim,1007,default,275,20,20,66.6,8,4,66.97777777777777,52.0,451,218,37,37,0,E5,20,20,0.0,0.0,200,0
mas,1007,default,226,20,20,24.3,0,4,25.066666666666666,28.0,0,445,73,114,0,E5,20,20,0.0,0.0,200,0
mas_iterative,1007,default,226,20,20,24.3,0,4,25.066666666666666,28.0,0,445,73,114,0,E5,20,20,0.0,0.0,200,0
hungarian,1007,default,226,20,20,24.3,0,4,25.066666666666666,28.0,0,445,102,147,0,E5,20,20,0.0,0.0,200,0
cbba,1007,default,226,20,20,24.3,0,4,25.066666666666666,28.0,0,445,180,240,40,E5,20,20,0.0,0.0,200,0
no_coordination,1008,default,528,20,20,169.8,19,4,168.06,159.0,1518,108,0,0,0,E5,20,20,0.0,0.0,200,0
claim,1008,default,391,20,20,134.0,14,4,129.8,116.5,925,114,60,60,0,E5,20,20,0.0,0.0,200,0
mas,1008,default,241,20,20,32.55,0,4,32.26,29.5,0,382,68,106,0,E5,20,20,0.0,0.0,200,0
mas_iterative,1008,default,241,20,20,32.5,0,4,32.22,29.5,0,382,68,106,0,E5,20,20,0.0,0.0,200,0
hungarian,1008,default,241,20,20,32.5,0,4,32.22,29.5,0,382,94,143,0,E5,20,20,0.0,0.0,200,0
cbba,1008,default,241,20,20,31.8,0,4,31.4,28.0,0,394,256,424,59,E5,20,20,0.0,0.0,200,0
no_coordination,1009,default,629,20,20,275.7,18,4,271.17021276595744,209.0,1785,118,0,0,0,E5,20,20,0.0,0.0,200,0
claim,1009,default,595,20,20,268.75,17,4,265.36170212765956,209.0,1685,108,80,80,0,E5,20,20,0.0,0.0,200,0
mas,1009,default,239,20,20,30.05,0,4,30.51063829787234,29.666666666666668,0,368,71,110,0,E5,20,20,0.0,0.0,200,0
mas_iterative,1009,default,239,20,20,30.05,0,4,30.51063829787234,29.666666666666668,0,368,71,110,0,E5,20,20,0.0,0.0,200,0
hungarian,1009,default,239,20,20,30.05,0,4,30.51063829787234,29.666666666666668,0,368,98,141,0,E5,20,20,0.0,0.0,200,0
cbba,1009,default,239,20,20,30.05,0,4,30.51063829787234,29.666666666666668,0,368,188,260,42,E5,20,20,0.0,0.0,200,0
no_coordination,1010,default,429,20,20,126.05,17,4,121.18867924528301,98.2,1086,133,0,0,0,E5,20,20,0.0,0.0,200,0
claim,1010,default,322,20,20,84.1,10,4,81.01886792452831,64.2,635,176,47,47,0,E5,20,20,0.0,0.0,200,0
mas,1010,default,229,20,20,29.15,0,4,29.88679245283019,32.4,0,385,68,106,0,E5,20,20,0.0,0.0,200,0
mas_iterative,1010,default,229,20,20,29.15,0,4,29.88679245283019,32.4,0,385,68,106,0,E5,20,20,0.0,0.0,200,0
hungarian,1010,default,229,20,20,29.15,0,4,29.88679245283019,32.4,0,385,96,140,0,E5,20,20,0.0,0.0,200,0
cbba,1010,default,229,20,20,27.75,0,4,28.452830188679247,30.4,0,407,224,324,51,E5,20,20,0.0,0.0,200,0
no_coordination,1011,default,436,20,20,117.2,17,4,107.18518518518519,57.6,1152,110,0,0,0,E5,20,20,0.0,0.0,200,0
claim,1011,default,261,20,20,72.9,7,4,67.70370370370371,48.6,471,103,38,38,0,E5,20,20,0.0,0.0,200,0
mas,1011,default,223,20,20,29.35,0,4,28.333333333333332,28.0,0,354,72,112,0,E5,20,20,0.0,0.0,200,0
mas_iterative,1011,default,223,20,20,29.35,0,4,28.333333333333332,28.0,0,354,72,112,0,E5,20,20,0.0,0.0,200,0
hungarian,1011,default,223,20,20,29.35,0,4,28.333333333333332,28.0,0,354,100,150,0,E5,20,20,0.0,0.0,200,0
cbba,1011,default,223,20,20,28.55,0,4,27.425925925925927,25.8,0,372,216,348,49,E5,20,20,0.0,0.0,200,0
no_coordination,1012,default,454,20,20,145.0,19,4,135.0,111.6,1253,103,0,0,0,E5,20,20,0.0,0.0,200,0
claim,1012,default,405,20,20,133.25,16,4,124.73584905660377,104.2,1085,102,73,73,0,E5,20,20,0.0,0.0,200,0
mas,1012,default,219,20,20,25.35,0,4,25.528301886792452,28.6,0,386,75,117,0,E5,20,20,0.0,0.0,200,0
mas_iterative,1012,default,217,20,20,25.05,0,4,25.28301886792453,28.4,0,378,73,114,0,E5,20,20,0.0,0.0,200,0
hungarian,1012,default,217,20,20,24.85,0,4,25.88679245283019,28.4,0,382,90,145,0,E5,20,20,0.0,0.0,200,0
cbba,1012,default,217,20,20,24.45,0,4,25.132075471698112,28.8,0,402,260,370,60,E5,20,20,0.0,0.0,200,0
no_coordination,1013,default,500,20,20,172.5,17,4,176.85365853658536,nan,1407,92,0,0,0,E5,20,20,0.0,0.0,200,0
claim,1013,default,342,20,20,128.35,8,4,130.26829268292684,nan,670,131,43,43,0,E5,20,20,0.0,0.0,200,0
mas,1013,default,225,20,20,28.3,0,4,29.5609756097561,nan,0,339,68,105,0,E5,20,20,0.0,0.0,200,0
mas_iterative,1013,default,225,20,20,28.3,0,4,29.5609756097561,nan,0,339,68,105,0,E5,20,20,0.0,0.0,200,0
hungarian,1013,default,225,20,20,28.3,0,4,29.5609756097561,nan,0,339,94,131,0,E5,20,20,0.0,0.0,200,0
cbba,1013,default,225,20,20,27.4,0,4,28.390243902439025,nan,0,359,256,328,59,E5,20,20,0.0,0.0,200,0
no_coordination,1014,default,406,20,20,116.2,14,4,116.4,137.5,1083,76,0,0,0,E5,20,20,0.0,0.0,200,0
claim,1014,default,260,20,20,44.9,7,4,43.22,54.0,298,204,30,30,0,E5,20,20,0.0,0.0,200,0
mas,1014,default,237,20,20,27.75,0,4,27.94,42.5,0,398,72,111,0,E5,20,20,0.0,0.0,200,0
mas_iterative,1014,default,237,20,20,27.75,0,4,27.94,42.5,0,398,72,111,0,E5,20,20,0.0,0.0,200,0
hungarian,1014,default,237,20,20,27.75,0,4,27.94,42.5,0,398,98,139,0,E5,20,20,0.0,0.0,200,0
cbba,1014,default,237,20,20,27.95,0,4,28.08,42.5,0,400,232,296,53,E5,20,20,0.0,0.0,200,0
no_coordination,1015,default,433,20,20,121.7,17,4,114.22,114.66666666666667,1150,74,0,0,0,E5,20,20,0.0,0.0,200,0
claim,1015,default,277,20,20,50.3,10,4,47.84,33.666666666666664,446,102,38,38,0,E5,20,20,0.0,0.0,200,0
mas,1015,default,239,20,20,29.35,0,4,29.92,28.333333333333332,0,368,76,119,0,E5,20,20,0.0,0.0,200,0
mas_iterative,1015,default,239,20,20,29.35,0,4,29.92,28.333333333333332,0,368,76,119,0,E5,20,20,0.0,0.0,200,0
hungarian,1015,default,239,20,20,29.35,0,4,29.92,28.333333333333332,0,368,106,149,0,E5,20,20,0.0,0.0,200,0
cbba,1015,default,239,20,20,29.35,0,4,29.92,28.333333333333332,0,368,180,220,40,E5,20,20,0.0,0.0,200,0
no_coordination,1016,default,396,20,20,95.45,16,4,86.1,73.83333333333333,1057,80,0,0,0,E5,20,20,0.0,0.0,200,0
claim,1016,default,275,20,20,58.95,8,4,53.78,47.5,573,80,42,42,0,E5,20,20,0.0,0.0,200,0
mas,1016,default,227,20,20,24.85,0,4,25.42,23.5,0,428,71,111,0,E5,20,20,0.0,0.0,200,0
mas_iterative,1016,default,226,20,20,24.8,0,4,25.36,23.5,0,424,71,111,0,E5,20,20,0.0,0.0,200,0
hungarian,1016,default,226,20,20,24.8,0,4,25.36,23.5,0,424,98,143,0,E5,20,20,0.0,0.0,200,0
cbba,1016,default,226,20,20,24.15,0,4,25.06,23.666666666666668,0,442,220,296,50,E5,20,20,0.0,0.0,200,0
no_coordination,1017,default,433,20,20,124.25,16,4,125.26923076923077,118.0,1104,93,0,0,0,E5,20,20,0.0,0.0,200,0
claim,1017,default,251,20,20,75.35,7,4,72.09615384615384,52.333333333333336,417,85,34,34,0,E5,20,20,0.0,0.0,200,0
mas,1017,default,208,20,20,31.95,0,4,32.07692307692308,33.0,0,270,56,86,0,E5,20,20,0.0,0.0,200,0
mas_iterative,1017,default,208,20,20,31.9,0,4,32.03846153846154,33.0,0,270,58,89,0,E5,20,20,0.0,0.0,200,0
hungarian,1017,default,208,20,20,31.9,0,4,32.03846153846154,33.0,0,270,78,135,0,E5,20,20,0.0,0.0,200,0
cbba,1017,default,208,20,20,31.9,0,4,32.03846153846154,33.0,0,270,220,472,50,E5,20,20,0.0,0.0,200,0
no_coordination,1018,default,536,20,20,224.05,18,4,211.25,220.66666666666666,1451,77,0,0,0,E5,20,20,0.0,0.0,200,0
claim,1018,default,323,20,20,137.85,8,4,130.52272727272728,143.66666666666666,566,63,41,41,0,E5,20,20,0.0,0.0,200,0
mas,1018,default,200,20,20,40.85,0,4,41.65909090909091,51.666666666666664,0,128,57,87,0,E5,20,20,0.0,0.0,200,0
mas_iterative,1018,default,200,20,20,40.8,0,4,41.63636363636363,51.666666666666664,0,128,55,84,0,E5,20,20,0.0,0.0,200,0
hungarian,1018,default,200,20,20,40.8,0,4,41.63636363636363,51.666666666666664,0,128,76,128,0,E5,20,20,0.0,0.0,200,0
cbba,1018,default,200,20,20,40.8,0,4,41.63636363636363,51.666666666666664,0,128,212,442,48,E5,20,20,0.0,0.0,200,0
no_coordination,1019,default,491,20,20,156.85,18,4,147.07843137254903,59.333333333333336,1381,86,0,0,0,E5,20,20,0.0,0.0,200,0
claim,1019,default,304,20,20,102.4,8,4,94.96078431372548,60.666666666666664,504,159,39,39,0,E5,20,20,0.0,0.0,200,0
mas,1019,default,231,20,20,29.55,0,4,28.901960784313726,22.666666666666668,0,379,68,105,0,E5,20,20,0.0,0.0,200,0
mas_iterative,1019,default,231,20,20,29.55,0,4,28.901960784313726,22.666666666666668,0,379,68,105,0,E5,20,20,0.0,0.0,200,0
hungarian,1019,default,231,20,20,29.55,0,4,28.901960784313726,22.666666666666668,0,379,94,141,0,E5,20,20,0.0,0.0,200,0
cbba,1019,default,231,20,20,29.65,0,4,28.941176470588236,22.666666666666668,0,379,196,310,44,E5,20,20,0.0,0.0,200,0
no_coordination,1020,default,529,20,20,205.5,19,4,218.52173913043478,248.5,1514,74,0,0,0,E5,20,20,0.0,0.0,200,0
claim,1020,default,317,20,20,108.8,14,4,110.65217391304348,109.5,657,55,43,43,0,E5,20,20,0.0,0.0,200,0
mas,1020,default,224,20,20,28.25,0,4,28.717391304347824,27.0,0,334,77,120,0,E5,20,20,0.0,0.0,200,0
mas_iterative,1020,default,224,20,20,28.25,0,4,28.717391304347824,27.0,0,334,77,120,0,E5,20,20,0.0,0.0,200,0
hungarian,1020,default,224,20,20,28.25,0,4,28.717391304347824,27.0,0,334,106,149,0,E5,20,20,0.0,0.0,200,0
cbba,1020,default,224,20,20,28.25,0,4,28.717391304347824,27.0,0,334,180,220,40,E5,20,20,0.0,0.0,200,0
no_coordination,1021,default,452,20,20,142.35,18,4,145.30434782608697,184.33333333333334,1129,90,0,0,0,E5,20,20,0.0,0.0,200,0
claim,1021,default,314,20,20,95.2,9,4,93.71739130434783,113.0,577,130,41,41,0,E5,20,20,0.0,0.0,200,0
mas,1021,default,225,20,20,31.35,0,4,32.19565217391305,41.0,0,300,64,99,0,E5,20,20,0.0,0.0,200,0
mas_iterative,1021,default,225,20,20,31.35,0,4,32.19565217391305,41.0,0,300,64,99,0,E5,20,20,0.0,0.0,200,0
hungarian,1021,default,225,20,20,31.35,0,4,32.19565217391305,41.0,0,300,90,133,0,E5,20,20,0.0,0.0,200,0
cbba,1021,default,225,20,20,31.35,0,4,32.19565217391305,41.0,0,300,196,310,44,E5,20,20,0.0,0.0,200,0
no_coordination,1022,default,555,20,20,190.55,17,4,176.31372549019608,140.75,1555,150,0,0,0,E5,20,20,0.0,0.0,200,0
claim,1022,default,461,20,20,134.4,13,4,126.49019607843137,99.75,1155,136,60,60,0,E5,20,20,0.0,0.0,200,0
mas,1022,default,239,20,20,33.15,0,4,31.88235294117647,28.5,0,372,57,88,0,E5,20,20,0.0,0.0,200,0
mas_iterative,1022,default,239,20,20,33.15,0,4,31.88235294117647,28.5,0,372,57,88,0,E5,20,20,0.0,0.0,200,0
hungarian,1022,default,239,20,20,33.15,0,4,31.88235294117647,28.5,0,372,82,129,0,E5,20,20,0.0,0.0,200,0
cbba,1022,default,239,20,20,33.15,0,4,31.88235294117647,28.5,0,372,208,394,47,E5,20,20,0.0,0.0,200,0
no_coordination,1023,default,564,20,20,223.0,18,4,201.33333333333334,144.66666666666666,1574,90,0,0,0,E5,20,20,0.0,0.0,200,0
claim,1023,default,250,20,20,59.7,7,4,57.0,42.333333333333336,313,93,32,32,0,E5,20,20,0.0,0.0,200,0
mas,1023,default,231,20,20,31.0,0,4,30.764705882352942,32.333333333333336,0,335,71,110,0,E5,20,20,0.0,0.0,200,0
mas_iterative,1023,default,231,20,20,31.0,0,4,30.764705882352942,32.333333333333336,0,335,71,110,0,E5,20,20,0.0,0.0,200,0
hungarian,1023,default,231,20,20,31.0,0,4,30.764705882352942,32.333333333333336,0,335,98,145,0,E5,20,20,0.0,0.0,200,0
cbba,1023,default,231,20,20,31.0,0,4,30.764705882352942,32.333333333333336,0,335,196,310,44,E5,20,20,0.0,0.0,200,0
no_coordination,1024,default,397,20,20,149.45,17,4,137.48979591836735,118.66666666666667,1066,65,0,0,0,E5,20,20,0.0,0.0,200,0
claim,1024,default,260,20,20,70.8,9,4,67.59183673469387,49.0,450,46,36,36,0,E5,20,20,0.0,0.0,200,0
mas,1024,default,222,20,20,30.95,0,4,33.04081632653061,34.0,0,302,66,102,0,E5,20,20,0.0,0.0,200,0
mas_iterative,1024,default,222,20,20,30.85,0,4,32.95918367346939,34.0,0,302,66,102,0,E5,20,20,0.0,0.0,200,0
hungarian,1024,default,222,20,20,30.85,0,4,32.95918367346939,34.0,0,302,86,139,0,E5,20,20,0.0,0.0,200,0
cbba,1024,default,222,20,20,30.85,0,4,32.95918367346939,34.0,0,302,168,258,37,E5,20,20,0.0,0.0,200,0
no_coordination,1025,default,392,20,20,124.15,17,4,117.75510204081633,66.75,1030,113,0,0,0,E5,20,20,0.0,0.0,200,0
claim,1025,default,277,20,20,85.6,11,4,80.10204081632654,57.25,570,98,46,46,0,E5,20,20,0.0,0.0,200,0
mas,1025,default,217,20,20,27.95,0,4,25.836734693877553,18.0,0,340,70,108,0,E5,20,20,0.0,0.0,200,0
mas_iterative,1025,default,217,20,20,27.85,0,4,25.79591836734694,18.0,0,340,70,108,0,E5,20,20,0.0,0.0,200,0
hungarian,1025,default,217,20,20,26.65,0,4,25.244897959183675,17.75,0,352,94,149,0,E5,20,20,0.0,0.0,200,0
cbba,1025,default,217,20,20,26.9,0,4,25.408163265306122,18.0,0,366,256,440,59,E5,20,20,0.0,0.0,200,0
no_coordination,1026,default,565,20,20,208.35,17,4,187.1509433962264,144.16666666666666,1565,159,0,0,0,E5,20,20,0.0,0.0,200,0
claim,1026,default,478,20,20,162.3,14,4,149.16981132075472,119.83333333333333,1209,148,63,63,0,E5,20,20,0.0,0.0,200,0
mas,1026,default,232,20,20,31.4,0,4,31.433962264150942,30.0,0,340,68,106,0,E5,20,20,0.0,0.0,200,0
mas_iterative,1026,default,232,20,20,31.4,0,4,31.433962264150942,30.0,0,340,68,106,0,E5,20,20,0.0,0.0,200,0
hungarian,1026,default,232,20,20,31.4,0,4,31.433962264150942,30.0,0,340,96,144,0,E5,20,20,0.0,0.0,200,0
cbba,1026,default,232,20,20,31.4,0,4,31.433962264150942,30.0,0,340,200,324,45,E5,20,20,0.0,0.0,200,0
no_coordination,1027,default,462,20,20,163.35,16,4,155.51063829787233,151.0,1305,71,0,0,0,E5,20,20,0.0,0.0,200,0
claim,1027,default,295,20,20,111.45,9,4,105.31914893617021,89.5,561,81,41,41,0,E5,20,20,0.0,0.0,200,0
mas,1027,default,212,20,20,31.9,0,4,30.46808510638298,25.5,0,256,58,89,0,E5,20,20,0.0,0.0,200,0
mas_iterative,1027,default,212,20,20,31.9,0,4,30.46808510638298,25.5,0,256,58,89,0,E5,20,20,0.0,0.0,200,0
hungarian,1027,default,212,20,20,31.9,0,4,30.46808510638298,25.5,0,256,82,117,0,E5,20,20,0.0,0.0,200,0
cbba,1027,default,212,20,20,31.4,0,4,29.53191489361702,25.5,0,270,284,418,66,E5,20,20,0.0,0.0,200,0
no_coordination,1028,default,491,20,20,179.35,19,4,162.52272727272728,139.0,1357,90,0,0,0,E5,20,20,0.0,0.0,200,0
claim,1028,default,359,20,20,132.1,10,4,123.13636363636364,102.5,789,86,49,49,0,E5,20,20,0.0,0.0,200,0
mas,1028,default,220,20,20,34.15,0,4,34.0,26.0,0,276,62,96,0,E5,20,20,0.0,0.0,200,0
mas_iterative,1028,default,220,20,20,34.15,0,4,34.0,26.0,0,276,62,96,0,E5,20,20,0.0,0.0,200,0
hungarian,1028,default,220,20,20,34.15,0,4,34.0,26.0,0,276,88,130,0,E5,20,20,0.0,0.0,200,0
cbba,1028,default,220,20,20,34.15,0,4,34.0,26.0,0,276,196,310,44,E5,20,20,0.0,0.0,200,0
no_coordination,1030,default,444,20,20,140.2,17,4,125.76190476190476,52.5,1185,96,0,0,0,E5,20,20,0.0,0.0,200,0
claim,1030,default,278,20,20,85.55,10,4,79.64285714285714,52.5,503,76,44,44,0,E5,20,20,0.0,0.0,200,0
mas,1030,default,222,20,20,29.15,0,4,27.88095238095238,13.5,0,336,67,105,0,E5,20,20,0.0,0.0,200,0
mas_iterative,1030,default,222,20,20,29.15,0,4,27.88095238095238,13.5,0,336,67,105,0,E5,20,20,0.0,0.0,200,0
hungarian,1030,default,222,20,20,29.15,0,4,27.88095238095238,13.5,0,336,96,142,0,E5,20,20,0.0,0.0,200,0
cbba,1030,default,222,20,20,29.15,0,4,27.88095238095238,13.5,0,336,196,302,44,E5,20,20,0.0,0.0,200,0
no_coordination,1031,default,443,20,20,151.35,17,4,140.70909090909092,121.42857142857143,1161,100,0,0,0,E5,20,20,0.0,0.0,200,0
claim,1031,default,270,20,20,70.0,6,4,63.90909090909091,55.57142857142857,376,183,37,37,0,E5,20,20,0.0,0.0,200,0
mas,1031,default,222,20,20,30.9,0,4,29.327272727272728,25.714285714285715,0,338,76,118,0,E5,20,20,0.0,0.0,200,0
mas_iterative,1031,default,221,20,20,30.7,0,4,29.163636363636364,25.571428571428573,0,334,76,118,0,E5,20,20,0.0,0.0,200,0
hungarian,1031,default,221,20,20,30.7,0,4,29.163636363636364,25.571428571428573,0,334,96,150,0,E5,20,20,0.0,0.0,200,0
cbba,1031,default,221,20,20,30.7,0,4,29.163636363636364,25.571428571428573,0,334,164,250,36,E5,20,20,0.0,0.0,200,0
no_coordination,1032,default,442,20,20,134.4,15,4,119.36170212765957,55.5,1126,138,0,0,0,E5,20,20,0.0,0.0,200,0
claim,1032,default,254,20,20,74.05,5,4,68.08510638297872,35.0,317,139,30,30,0,E5,20,20,0.0,0.0,200,0
mas,1032,default,218,20,20,41.45,0,4,37.97872340425532,24.0,0,268,53,81,0,E5,20,20,0.0,0.0,200,0
mas_iterative,1032,default,218,20,20,41.45,0,4,37.97872340425532,24.0,0,268,53,81,0,E5,20,20,0.0,0.0,200,0
hungarian,1032,default,218,20,20,41.45,0,4,37.97872340425532,24.0,0,268,76,152,0,E5,20,20,0.0,0.0,200,0
cbba,1032,default,209,20,20,36.65,0,4,34.02127659574468,24.0,0,260,268,586,62,E5,20,20,0.0,0.0,200,0
no_coordination,1033,default,435,20,20,116.95,17,4,116.77777777777777,106.4,1013,85,0,0,0,E5,20,20,0.0,0.0,200,0
claim,1033,default,334,20,20,84.55,9,4,83.05555555555556,78.2,582,120,45,45,0,E5,20,20,0.0,0.0,200,0
mas,1033,default,234,20,20,34.75,0,4,34.888888888888886,35.8,0,265,65,100,0,E5,20,20,0.0,0.0,200,0
mas_iterative,1033,default,234,20,20,34.65,0,4,34.833333333333336,35.8,0,265,66,102,0,E5,20,20,0.0,0.0,200,0
hungarian,1033,default,234,20,20,34.65,0,4,34.833333333333336,35.8,0,265,88,130,0,E5,20,20,0.0,0.0,200,0
cbba,1033,default,234,20,20,34.65,0,4,34.833333333333336,35.8,0,265,172,240,38,E5,20,20,0.0,0.0,200,0
no_coordination,1034,default,459,20,20,164.6,19,4,143.73333333333332,111.0,1211,78,0,0,0,E5,20,20,0.0,0.0,200,0
claim,1034,default,310,20,20,122.5,8,4,109.24444444444444,99.0,558,102,44,44,0,E5,20,20,0.0,0.0,200,0
mas,1034,default,214,20,20,41.8,0,4,39.13333333333333,30.0,0,218,60,92,0,E5,20,20,0.0,0.0,200,0
mas_iterative,1034,default,214,20,20,41.8,0,4,39.13333333333333,30.0,0,218,60,92,0,E5,20,20,0.0,0.0,200,0
hungarian,1034,default,214,20,20,41.8,0,4,39.13333333333333,30.0,0,218,84,150,0,E5,20,20,0.0,0.0,200,0
cbba,1034,default,214,20,20,38.1,0,4,37.022222222222226,35.5,0,260,240,516,55,E5,20,20,0.0,0.0,200,0
no_coordination,1035,default,490,20,20,180.4,17,4,165.7037037037037,147.2,1346,76,0,0,0,E5,20,20,0.0,0.0,200,0
claim,1035,default,410,20,20,157.4,13,4,145.8148148148148,131.2,1043,74,60,60,0,E5,20,20,0.0,0.0,200,0
mas,1035,default,242,20,20,31.6,0,4,30.962962962962962,30.0,0,398,69,108,0,E5,20,20,0.0,0.0,200,0
mas_iterative,1035,default,242,20,20,31.6,0,4,30.962962962962962,30.0,0,398,69,108,0,E5,20,20,0.0,0.0,200,0
hungarian,1035,default,242,20,20,31.6,0,4,30.962962962962962,30.0,0,398,98,147,0,E5,20,20,0.0,0.0,200,0
cbba,1035,default,242,20,20,31.6,0,4,30.962962962962962,30.0,0,398,200,320,45,E5,20,20,0.0,0.0,200,0
no_coordination,1036,default,605,20,20,211.3,19,4,187.28571428571428,102.0,1707,113,0,0,0,E5,20,20,0.0,0.0,200,0
claim,1036,default,435,20,20,176.9,11,4,161.83673469387756,102.0,997,115,58,58,0,E5,20,20,0.0,0.0,200,0
mas,1036,default,283,20,20,36.7,0,4,34.53061224489796,29.75,0,484,71,111,0,E5,20,20,0.0,0.0,200,0
mas_iterative,1036,default,283,20,20,36.7,0,4,34.53061224489796,29.75,0,484,71,111,0,E5,20,20,0.0,0.0,200,0
hungarian,1036,default,283,20,20,36.7,0,4,34.53061224489796,29.75,0,484,100,148,0,E5,20,20,0.0,0.0,200,0
cbba,1036,default,283,20,20,36.7,0,4,34.53061224489796,29.75,0,484,196,306,44,E5,20,20,0.0,0.0,200,0
no_coordination,1037,default,542,20,20,203.25,18,4,203.3695652173913,182.8,1536,77,0,0,0,E5,20,20,0.0,0.0,200,0
claim,1037,default,488,20,20,199.4,15,4,200.34782608695653,178.0,1255,129,63,63,0,E5,20,20,0.0,0.0,200,0
mas,1037,default,231,20,20,46.95,0,4,47.21739130434783,44.6,0,266,57,87,0,E5,20,20,0.0,0.0,200,0
mas_iterative,1037,default,231,20,20,44.55,0,4,44.0,42.0,0,276,54,83,0,E5,20,20,0.0,0.0,200,0
hungarian,1037,default,231,20,20,44.55,0,4,44.0,42.0,0,276,74,157,0,E5,20,20,0.0,0.0,200,0
cbba,1037,default,231,20,20,42.35,0,4,41.80434782608695,39.4,0,288,256,720,59,E5,20,20,0.0,0.0,200,0
no_coordination,1038,default,502,20,20,166.35,17,4,153.89655172413794,112.33333333333333,1411,98,0,0,0,E5,20,20,0.0,0.0,200,0
claim,1038,default,419,20,20,153.7,14,4,141.08620689655172,108.33333333333333,1067,97,60,60,0,E5,20,20,0.0,0.0,200,0
mas,1038,default,230,20,20,32.4,0,4,29.75862068965517,29.166666666666668,0,314,67,103,0,E5,20,20,0.0,0.0,200,0
mas_iterative,1038,default,230,20,20,32.4,0,4,29.75862068965517,29.166666666666668,0,314,67,103,0,E5,20,20,0.0,0.0,200,0
hungarian,1038,default,230,20,20,32.4,0,4,29.75862068965517,29.166666666666668,0,314,92,132,0,E5,20,20,0.0,0.0,200,0
cbba,1038,default,230,20,20,32.4,0,4,29.75862068965517,29.166666666666668,0,314,188,260,42,E5,20,20,0.0,0.0,200,0
no_coordination,1039,default,590,20,20,231.15,18,4,219.01785714285714,218.5,1642,157,0,0,0,E5,20,20,0.0,0.0,200,0
claim,1039,default,472,20,20,196.65,18,4,188.625,194.16666666666666,1133,197,61,61,0,E5,20,20,0.0,0.0,200,0
mas,1039,default,240,20,20,30.2,0,4,29.696428571428573,30.166666666666668,0,366,68,105,0,E5,20,20,0.0,0.0,200,0
mas_iterative,1039,default,240,20,20,30.2,0,4,29.696428571428573,30.166666666666668,0,366,68,105,0,E5,20,20,0.0,0.0,200,0
hungarian,1039,default,240,20,20,30.2,0,4,29.696428571428573,30.166666666666668,0,366,94,133,0,E5,20,20,0.0,0.0,200,0
cbba,1039,default,240,20,20,29.9,0,4,29.267857142857142,29.166666666666668,0,374,200,260,45,E5,20,20,0.0,0.0,200,0
no_coordination,1040,default,452,20,20,164.7,18,4,159.44897959183675,147.0,1236,78,0,0,0,E5,20,20,0.0,0.0,200,0
claim,1040,default,351,20,20,142.75,10,4,137.10204081632654,96.5,750,116,51,51,0,E5,20,20,0.0,0.0,200,0
mas,1040,default,236,20,20,32.65,0,4,35.265306122448976,31.5,0,336,54,83,0,E5,20,20,0.0,0.0,200,0
mas_iterative,1040,default,236,20,20,32.65,0,4,35.265306122448976,31.5,0,336,54,83,0,E5,20,20,0.0,0.0,200,0
hungarian,1040,default,236,20,20,32.65,0,4,35.265306122448976,31.5,0,336,78,115,0,E5,20,20,0.0,0.0,200,0
cbba,1040,default,236,20,20,32.65,0,4,35.265306122448976,31.5,0,336,196,310,44,E5,20,20,0.0,0.0,200,0
no_coordination,1041,default,379,20,20,95.2,16,4,85.4,69.5,971,71,0,0,0,E5,20,20,0.0,0.0,200,0
claim,1041,default,249,20,20,50.75,6,4,49.38,49.0,373,80,36,36,0,E5,20,20,0.0,0.0,200,0
mas,1041,default,221,20,20,34.0,0,4,34.58,36.75,0,292,63,97,0,E5,20,20,0.0,0.0,200,0
mas_iterative,1041,default,221,20,20,33.0,0,4,34.14,41.0,0,292,63,97,0,E5,20,20,0.0,0.0,200,0
hungarian,1041,default,221,20,20,33.0,0,4,34.14,41.0,0,292,86,129,0,E5,20,20,0.0,0.0,200,0
cbba,1041,default,221,20,20,32.0,0,4,32.96,38.25,0,312,252,392,58,E5,20,20,0.0,0.0,200,0
no_coordination,1042,default,429,20,20,104.75,14,4,86.86538461538461,71.2,1149,100,0,0,0,E5,20,20,0.0,0.0,200,0
claim,1042,default,287,20,20,47.4,7,4,40.92307692307692,31.0,458,191,40,40,0,E5,20,20,0.0,0.0,200,0
mas,1042,default,265,20,20,30.9,0,4,27.5,23.4,0,540,78,123,0,E5,20,20,0.0,0.0,200,0
mas_iterative,1042,default,265,20,20,30.85,0,4,27.46153846153846,23.4,0,540,78,123,0,E5,20,20,0.0,0.0,200,0
hungarian,1042,default,265,20,20,30.85,0,4,27.46153846153846,23.4,0,540,108,174,0,E5,20,20,0.0,0.0,200,0
cbba,1042,default,265,20,20,30.85,0,4,27.46153846153846,23.4,0,540,204,398,46,E5,20,20,0.0,0.0,200,0
no_coordination,1043,default,498,20,20,145.6,17,4,140.21052631578948,83.0,1367,92,0,0,0,E5,20,20,0.0,0.0,200,0
claim,1043,default,284,20,20,84.45,9,4,79.21052631578948,52.0,519,61,39,39,0,E5,20,20,0.0,0.0,200,0
mas,1043,default,238,20,20,29.85,0,4,27.94736842105263,3.0,0,356,70,108,0,E5,20,20,0.0,0.0,200,0
mas_iterative,1043,default,238,20,20,29.8,0,4,27.92105263157895,3.0,0,356,70,108,0,E5,20,20,0.0,0.0,200,0
hungarian,1043,default,238,20,20,29.8,0,4,27.92105263157895,3.0,0,356,94,135,0,E5,20,20,0.0,0.0,200,0
cbba,1043,default,238,20,20,28.45,0,4,26.5,3.0,0,392,260,350,60,E5,20,20,0.0,0.0,200,0
no_coordination,1044,default,445,20,20,146.5,16,4,140.96,149.5,1154,102,0,0,0,E5,20,20,0.0,0.0,200,0
claim,1044,default,317,20,20,104.8,7,4,104.2,106.5,636,118,44,44,0,E5,20,20,0.0,0.0,200,0
mas,1044,default,233,20,20,29.45,0,4,30.88,30.5,0,372,68,105,0,E5,20,20,0.0,0.0,200,0
mas_iterative,1044,default,233,20,20,29.4,0,4,30.86,30.5,0,372,68,105,0,E5,20,20,0.0,0.0,200,0
hungarian,1044,default,233,20,20,29.4,0,4,30.86,30.5,0,372,92,138,0,E5,20,20,0.0,0.0,200,0
cbba,1044,default,233,20,20,28.75,0,4,30.24,30.5,0,396,272,408,63,E5,20,20,0.0,0.0,200,0
no_coordination,1045,default,452,20,20,97.7,15,4,84.21153846153847,53.5,1150,148,0,0,0,E5,20,20,0.0,0.0,200,0
claim,1045,default,340,20,20,88.85,7,4,81.15384615384616,59.5,546,238,41,41,0,E5,20,20,0.0,0.0,200,0
mas,1045,default,287,20,20,46.45,0,4,42.40384615384615,30.0,0,490,67,105,0,E5,20,20,0.0,0.0,200,0
mas_iterative,1045,default,287,20,20,46.3,0,4,42.25,29.75,0,490,67,105,0,E5,20,20,0.0,0.0,200,0
hungarian,1045,default,289,20,20,45.8,0,4,41.67307692307692,29.25,0,498,94,209,0,E5,20,20,0.0,0.0,200,0
cbba,1045,default,283,20,20,44.05,0,4,40.19230769230769,29.75,0,509,448,1098,107,E5,20,20,0.0,0.0,200,0
no_coordination,1046,default,455,20,20,140.6,17,4,134.9056603773585,107.8,1226,98,0,0,0,E5,20,20,0.0,0.0,200,0
claim,1046,default,270,20,20,73.4,9,4,66.84905660377359,44.6,451,100,39,39,0,E5,20,20,0.0,0.0,200,0
mas,1046,default,222,20,20,27.3,0,4,26.71698113207547,21.6,0,341,76,118,0,E5,20,20,0.0,0.0,200,0
mas_iterative,1046,default,222,20,20,27.25,0,4,26.69811320754717,21.6,0,341,76,118,0,E5,20,20,0.0,0.0,200,0
hungarian,1046,default,222,20,20,27.25,0,4,26.69811320754717,21.6,0,341,98,145,0,E5,20,20,0.0,0.0,200,0
cbba,1046,default,222,20,20,27.25,0,4,26.69811320754717,21.6,0,341,176,230,39,E5,20,20,0.0,0.0,200,0
no_coordination,1047,default,464,20,20,156.3,17,4,149.22222222222223,161.0,1254,94,0,0,0,E5,20,20,0.0,0.0,200,0
claim,1047,default,306,20,20,109.9,9,4,112.4888888888889,134.5,622,122,43,43,0,E5,20,20,0.0,0.0,200,0
mas,1047,default,223,20,20,28.1,0,4,30.0,44.0,0,362,67,104,0,E5,20,20,0.0,0.0,200,0
mas_iterative,1047,default,223,20,20,28.1,0,4,30.0,44.0,0,362,67,104,0,E5,20,20,0.0,0.0,200,0
hungarian,1047,default,223,20,20,28.1,0,4,30.0,44.0,0,362,94,135,0,E5,20,20,0.0,0.0,200,0
cbba,1047,default,223,20,20,28.1,0,4,30.0,44.0,0,362,184,250,41,E5,20,20,0.0,0.0,200,0
no_coordination,1048,default,398,20,20,118.1,15,4,120.44680851063829,151.5,1004,98,0,0,0,E5,20,20,0.0,0.0,200,0
claim,1048,default,306,20,20,91.05,7,4,89.85106382978724,99.0,498,174,38,38,0,E5,20,20,0.0,0.0,200,0
mas,1048,default,246,20,20,31.4,0,4,31.97872340425532,37.0,0,380,66,101,0,E5,20,20,0.0,0.0,200,0
mas_iterative,1048,default,246,20,20,31.4,0,4,31.97872340425532,37.0,0,380,66,101,0,E5,20,20,0.0,0.0,200,0
hungarian,1048,default,246,20,20,31.4,0,4,31.97872340425532,37.0,0,380,90,129,0,E5,20,20,0.0,0.0,200,0
cbba,1048,default,246,20,20,30.5,0,4,31.04255319148936,37.0,0,398,188,258,42,E5,20,20,0.0,0.0,200,0
no_coordination,1049,default,507,20,20,200.1,17,4,200.45454545454547,159.66666666666666,1417,76,0,0,0,E5,20,20,0.0,0.0,200,0
claim,1049,default,310,20,20,126.65,6,4,125.65454545454546,121.33333333333333,581,79,41,41,0,E5,20,20,0.0,0.0,200,0
mas,1049,default,217,20,20,31.55,0,4,31.0,27.666666666666668,0,272,66,102,0,E5,20,20,0.0,0.0,200,0
mas_iterative,1049,default,217,20,20,31.55,0,4,31.0,27.666666666666668,0,272,66,102,0,E5,20,20,0.0,0.0,200,0
hungarian,1049,default,217,20,20,31.55,0,4,31.0,27.666666666666668,0,272,92,132,0,E5,20,20,0.0,0.0,200,0
cbba,1049,default,217,20,20,31.55,0,4,31.0,27.666666666666668,0,272,188,258,42,E5,20,20,0.0,0.0,200,0
no_coordination,1050,default,437,20,20,140.7,16,4,135.22916666666666,95.75,1152,124,0,0,0,E5,20,20,0.0,0.0,200,0
claim,1050,default,395,20,20,109.25,12,4,100.8125,64.25,875,187,54,54,0,E5,20,20,0.0,0.0,200,0
mas,1050,default,241,20,20,31.95,0,4,30.6875,23.25,0,348,75,116,0,E5,20,20,0.0,0.0,200,0
mas_iterative,1050,default,241,20,20,31.9,0,4,30.645833333333332,23.25,0,348,75,116,0,E5,20,20,0.0,0.0,200,0
hungarian,1050,default,241,20,20,31.3,0,4,30.208333333333332,23.25,0,358,96,142,0,E5,20,20,0.0,0.0,200,0
cbba,1050,default,241,20,20,29.85,0,4,29.791666666666668,23.25,0,390,216,320,49,E5,20,20,0.0,0.0,200,0
no_coordination,1051,default,473,20,20,130.45,16,4,125.77777777777777,112.0,1250,102,0,0,0,E5,20,20,0.0,0.0,200,0
claim,1051,default,298,20,20,75.3,8,4,70.8,55.5,511,144,43,43,0,E5,20,20,0.0,0.0,200,0
mas,1051,default,232,20,20,27.85,0,4,27.711111111111112,25.0,0,380,74,115,0,E5,20,20,0.0,0.0,200,0
mas_iterative,1051,default,232,20,20,27.85,0,4,27.711111111111112,25.0,0,380,74,115,0,E5,20,20,0.0,0.0,200,0
hungarian,1051,default,232,20,20,27.85,0,4,27.711111111111112,25.0,0,380,102,145,0,E5,20,20,0.0,0.0,200,0
cbba,1051,default,232,20,20,27.85,0,4,27.711111111111112,25.0,0,380,184,238,41,E5,20,20,0.0,0.0,200,0
no_coordination,1052,default,403,20,20,150.45,14,4,142.2826086956522,122.33333333333333,962,112,0,0,0,E5,20,20,0.0,0.0,200,0
claim,1052,default,321,20,20,109.75,9,4,102.47826086956522,80.0,628,137,40,40,0,E5,20,20,0.0,0.0,200,0
mas,1052,default,233,20,20,30.9,0,4,30.217391304347824,26.0,0,370,61,93,0,E5,20,20,0.0,0.0,200,0
mas_iterative,1052,default,234,20,20,30.9,0,4,30.217391304347824,26.0,0,374,61,93,0,E5,20,20,0.0,0.0,200,0
hungarian,1052,default,234,20,20,30.9,0,4,30.217391304347824,26.0,0,374,82,125,0,E5,20,20,0.0,0.0,200,0
cbba,1052,default,234,20,20,28.65,0,4,27.97826086956522,22.666666666666668,0,408,276,394,64,E5,20,20,0.0,0.0,200,0
no_coordination,1053,default,534,20,20,181.75,19,4,179.45098039215685,165.8,1537,119,0,0,0,E5,20,20,0.0,0.0,200,0
claim,1053,default,344,20,20,128.9,10,4,126.82352941176471,115.0,692,171,43,43,0,E5,20,20,0.0,0.0,200,0
mas,1053,default,229,20,20,32.65,0,4,32.490196078431374,31.0,0,342,68,106,0,E5,20,20,0.0,0.0,200,0
mas_iterative,1053,default,229,20,20,32.65,0,4,32.490196078431374,31.0,0,342,68,106,0,E5,20,20,0.0,0.0,200,0
hungarian,1053,default,229,20,20,32.4,0,4,31.92156862745098,31.0,0,342,98,151,0,E5,20,20,0.0,0.0,200,0
cbba,1053,default,229,20,20,32.65,0,4,32.490196078431374,31.0,0,342,208,390,47,E5,20,20,0.0,0.0,200,0
no_coordination,1054,default,437,20,20,131.35,16,4,125.95454545454545,62.5,1178,68,0,0,0,E5,20,20,0.0,0.0,200,0
claim,1054,default,249,20,20,63.95,6,4,58.79545454545455,37.0,309,103,30,30,0,E5,20,20,0.0,0.0,200,0
mas,1054,default,217,20,20,35.5,0,4,34.22727272727273,34.5,0,256,66,102,0,E5,20,20,0.0,0.0,200,0
mas_iterative,1054,default,217,20,20,35.5,0,4,34.22727272727273,34.5,0,256,66,102,0,E5,20,20,0.0,0.0,200,0
hungarian,1054,default,217,20,20,35.5,0,4,34.22727272727273,34.5,0,256,92,146,0,E5,20,20,0.0,0.0,200,0
cbba,1054,default,217,20,20,35.75,0,4,34.45454545454545,34.5,0,256,212,410,48,E5,20,20,0.0,0.0,200,0
no_coordination,1055,default,439,20,20,146.6,17,4,140.49056603773585,122.0,1174,94,0,0,0,E5,20,20,0.0,0.0,200,0
claim,1055,default,302,20,20,88.7,8,4,86.0,74.0,529,102,41,41,0,E5,20,20,0.0,0.0,200,0
mas,1055,default,243,20,20,35.85,0,4,35.886792452830186,38.0,0,370,60,93,0,E5,20,20,0.0,0.0,200,0
mas_iterative,1055,default,243,20,20,35.85,0,4,35.886792452830186,38.0,0,370,60,93,0,E5,20,20,0.0,0.0,200,0
hungarian,1055,default,243,20,20,35.85,0,4,35.886792452830186,38.0,0,370,86,141,0,E5,20,20,0.0,0.0,200,0
cbba,1055,default,243,20,20,34.9,0,4,34.679245283018865,35.5,0,388,268,516,62,E5,20,20,0.0,0.0,200,0
no_coordination,1056,default,392,20,20,135.0,16,4,126.56603773584905,93.6,1046,58,0,0,0,E5,20,20,0.0,0.0,200,0
claim,1056,default,221,20,20,79.25,6,4,73.77358490566037,73.2,334,56,34,34,0,E5,20,20,0.0,0.0,200,0
mas,1056,default,189,20,20,27.85,0,4,29.0,37.0,0,236,62,96,0,E5,20,20,0.0,0.0,200,0
mas_iterative,1056,default,189,20,20,27.8,0,4,28.9811320754717,37.0,0,236,62,96,0,E5,20,20,0.0,0.0,200,0
hungarian,1056,default,189,20,20,27.8,0,4,28.9811320754717,37.0,0,236,86,127,0,E5,20,20,0.0,0.0,200,0
cbba,1056,default,189,20,20,27.8,0,4,28.9811320754717,37.0,0,236,184,264,41,E5,20,20,0.0,0.0,200,0
no_coordination,1057,default,396,20,20,133.85,17,4,130.40350877192984,129.5,996,111,0,0,0,E5,20,20,0.0,0.0,200,0
claim,1057,default,358,20,20,117.35,10,4,115.05263157894737,112.66666666666667,775,133,48,48,0,E5,20,20,0.0,0.0,200,0
mas,1057,default,235,20,20,30.1,0,4,29.42105263157895,28.166666666666668,0,396,66,103,0,E5,20,20,0.0,0.0,200,0
mas_iterative,1057,default,235,20,20,29.95,0,4,29.31578947368421,28.166666666666668,0,396,66,103,0,E5,20,20,0.0,0.0,200,0
hungarian,1057,default,235,20,20,29.95,0,4,29.31578947368421,28.166666666666668,0,396,90,143,0,E5,20,20,0.0,0.0,200,0
cbba,1057,default,235,20,20,29.95,0,4,29.31578947368421,28.166666666666668,0,396,200,360,45,E5,20,20,0.0,0.0,200,0
no_coordination,1058,default,489,20,20,131.95,17,4,126.23529411764706,73.25,1336,102,0,0,0,E5,20,20,0.0,0.0,200,0
claim,1058,default,246,20,20,44.0,5,4,42.705882352941174,35.75,301,97,31,31,0,E5,20,20,0.0,0.0,200,0
mas,1058,default,240,20,20,31.0,0,4,30.647058823529413,26.75,0,338,69,106,0,E5,20,20,0.0,0.0,200,0
mas_iterative,1058,default,240,20,20,30.95,0,4,30.58823529411765,26.75,0,338,68,104,0,E5,20,20,0.0,0.0,200,0
hungarian,1058,default,240,20,20,30.95,0,4,30.58823529411765,26.75,0,338,88,128,0,E5,20,20,0.0,0.0,200,0
cbba,1058,default,240,20,20,30.95,0,4,30.58823529411765,26.75,0,338,176,230,39,E5,20,20,0.0,0.0,200,0
no_coordination,1059,default,393,20,20,105.65,16,4,100.9423076923077,93.6,988,104,0,0,0,E5,20,20,0.0,0.0,200,0
claim,1059,default,267,20,20,47.4,7,4,43.55769230769231,36.0,426,131,39,39,0,E5,20,20,0.0,0.0,200,0
mas,1059,default,244,20,20,30.05,0,4,31.53846153846154,32.8,0,406,70,109,0,E5,20,20,0.0,0.0,200,0
mas_iterative,1059,default,244,20,20,29.95,0,4,31.403846153846153,32.6,0,406,70,109,0,E5,20,20,0.0,0.0,200,0
hungarian,1059,default,244,20,20,29.95,0,4,31.403846153846153,32.6,0,406,92,138,0,E5,20,20,0.0,0.0,200,0
cbba,1059,default,244,20,20,29.95,0,4,31.403846153846153,32.6,0,406,172,240,38,E5,20,20,0.0,0.0,200,0
no_coordination,1060,default,499,20,20,165.1,17,4,170.95652173913044,200.66666666666666,1454,84,0,0,0,E5,20,20,0.0,0.0,200,0
claim,1060,default,362,20,20,115.85,12,4,116.23913043478261,117.0,877,79,59,59,0,E5,20,20,0.0,0.0,200,0
mas,1060,default,244,20,20,26.15,0,4,27.065217391304348,31.0,0,474,81,127,0,E5,20,20,0.0,0.0,200,0
mas_iterative,1060,default,244,20,20,26.15,0,4,27.065217391304348,31.0,0,474,81,127,0,E5,20,20,0.0,0.0,200,0
hungarian,1060,default,244,20,20,26.15,0,4,27.065217391304348,31.0,0,474,112,160,0,E5,20,20,0.0,0.0,200,0
cbba,1060,default,244,20,20,26.15,0,4,27.065217391304348,31.0,0,474,184,238,41,E5,20,20,0.0,0.0,200,0
no_coordination,1061,default,492,20,20,190.7,18,4,179.125,153.66666666666666,1279,156,0,0,0,E5,20,20,0.0,0.0,200,0
claim,1061,default,393,20,20,119.5,11,4,114.10416666666667,85.0,801,178,54,54,0,E5,20,20,0.0,0.0,200,0
mas,1061,default,226,20,20,35.5,0,4,35.625,21.666666666666668,0,265,53,81,0,E5,20,20,0.0,0.0,200,0
mas_iterative,1061,default,226,20,20,35.5,0,4,35.625,21.666666666666668,0,265,53,81,0,E5,20,20,0.0,0.0,200,0
hungarian,1061,default,226,20,20,35.5,0,4,35.625,21.666666666666668,0,265,76,120,0,E5,20,20,0.0,0.0,200,0
cbba,1061,default,226,20,20,32.15,0,4,32.354166666666664,21.666666666666668,0,295,256,364,59,E5,20,20,0.0,0.0,200,0
no_coordination,1062,default,524,20,20,171.55,18,4,168.74576271186442,151.0,1446,81,0,0,0,E5,20,20,0.0,0.0,200,0
claim,1062,default,385,20,20,119.5,11,4,116.32203389830508,99.0,839,143,52,52,0,E5,20,20,0.0,0.0,200,0
mas,1062,default,235,20,20,30.4,0,4,30.728813559322035,33.4,0,336,67,103,0,E5,20,20,0.0,0.0,200,0
mas_iterative,1062,default,235,20,20,30.4,0,4,30.728813559322035,33.4,0,336,67,103,0,E5,20,20,0.0,0.0,200,0
hungarian,1062,default,235,20,20,30.4,0,4,30.728813559322035,33.4,0,336,92,128,0,E5,20,20,0.0,0.0,200,0
cbba,1062,default,235,20,20,30.4,0,4,30.728813559322035,33.4,0,336,180,220,40,E5,20,20,0.0,0.0,200,0
no_coordination,1063,default,434,20,20,159.7,15,4,141.9056603773585,97.6,1166,77,0,0,0,E5,20,20,0.0,0.0,200,0
claim,1063,default,308,20,20,102.75,10,4,94.33962264150944,66.6,596,145,46,46,0,E5,20,20,0.0,0.0,200,0
mas,1063,default,225,20,20,31.75,0,4,30.71698113207547,25.0,0,380,64,99,0,E5,20,20,0.0,0.0,200,0
mas_iterative,1063,default,225,20,20,31.75,0,4,30.71698113207547,25.0,0,380,64,99,0,E5,20,20,0.0,0.0,200,0
hungarian,1063,default,225,20,20,31.75,0,4,30.71698113207547,25.0,0,380,90,143,0,E5,20,20,0.0,0.0,200,0
cbba,1063,default,225,20,20,31.35,0,4,30.169811320754718,24.2,0,384,216,380,49,E5,20,20,0.0,0.0,200,0
no_coordination,1064,default,444,20,20,79.3,14,4,61.964285714285715,32.0,1209,89,0,0,0,E5,20,20,0.0,0.0,200,0
claim,1064,default,311,20,20,53.35,13,4,44.80357142857143,33.166666666666664,643,87,51,51,0,E5,20,20,0.0,0.0,200,0
mas,1064,default,234,20,20,28.4,0,4,26.946428571428573,25.166666666666668,0,380,68,106,0,E5,20,20,0.0,0.0,200,0
mas_iterative,1064,default,234,20,20,28.4,0,4,26.946428571428573,25.166666666666668,0,380,68,106,0,E5,20,20,0.0,0.0,200,0
hungarian,1064,default,234,20,20,28.4,0,4,26.946428571428573,25.166666666666668,0,380,96,136,0,E5,20,20,0.0,0.0,200,0
cbba,1064,default,234,20,20,26.8,0,4,25.053571428571427,23.5,0,418,276,350,64,E5,20,20,0.0,0.0,200,0
no_coordination,1065,default,327,20,20,79.0,14,4,77.10416666666667,83.66666666666667,875,56,0,0,0,E5,20,20,0.0,0.0,200,0
claim,1065,default,228,20,20,35.7,8,4,33.895833333333336,23.666666666666668,365,118,36,36,0,E5,20,20,0.0,0.0,200,0
mas,1065,default,218,20,20,24.9,0,4,24.520833333333332,23.666666666666668,0,402,77,121,0,E5,20,20,0.0,0.0,200,0
mas_iterative,1065,default,218,20,20,24.85,0,4,24.479166666666668,23.666666666666668,0,402,77,121,0,E5,20,20,0.0,0.0,200,0
hungarian,1065,default,218,20,20,24.85,0,4,24.479166666666668,23.666666666666668,0,402,102,157,0,E5,20,20,0.0,0.0,200,0
cbba,1065,default,218,20,20,23.65,0,4,23.1875,23.666666666666668,0,434,244,380,56,E5,20,20,0.0,0.0,200,0
no_coordination,1066,default,454,20,20,160.3,17,4,155.8909090909091,164.28571428571428,1062,217,0,0,0,E5,20,20,0.0,0.0,200,0
claim,1066,default,338,20,20,125.7,10,4,119.07272727272728,112.71428571428571,635,216,46,46,0,E5,20,20,0.0,0.0,200,0
mas,1066,default,231,20,20,34.45,0,4,32.85454545454545,29.285714285714285,0,374,66,102,0,E5,20,20,0.0,0.0,200,0
mas_iterative,1066,default,231,20,20,34.45,0,4,32.85454545454545,29.285714285714285,0,374,66,102,0,E5,20,20,0.0,0.0,200,0
hungarian,1066,default,231,20,20,34.45,0,4,32.85454545454545,29.285714285714285,0,374,92,152,0,E5,20,20,0.0,0.0,200,0
cbba,1066,default,231,20,20,34.45,0,4,32.85454545454545,29.285714285714285,0,374,228,508,52,E5,20,20,0.0,0.0,200,0
no_coordination,1067,default,467,20,20,189.85,18,4,185.375,148.0,1258,88,0,0,0,E5,20,20,0.0,0.0,200,0
claim,1067,default,466,20,20,178.4,14,4,173.75,141.75,1172,115,67,67,0,E5,20,20,0.0,0.0,200,0
mas,1067,default,233,20,20,33.9,0,4,32.375,26.0,0,325,63,98,0,E5,20,20,0.0,0.0,200,0
mas_iterative,1067,default,232,20,20,33.7,0,4,32.208333333333336,26.0,0,321,63,98,0,E5,20,20,0.0,0.0,200,0
hungarian,1067,default,232,20,20,33.7,0,4,32.208333333333336,26.0,0,321,86,137,0,E5,20,20,0.0,0.0,200,0
cbba,1067,default,232,20,20,33.7,0,4,32.208333333333336,26.0,0,325,232,384,53,E5,20,20,0.0,0.0,200,0
no_coordination,1068,default,463,20,20,143.7,17,4,141.05555555555554,128.0,1240,79,0,0,0,E5,20,20,0.0,0.0,200,0
claim,1068,default,352,20,20,109.95,13,4,109.9074074074074,105.2,788,110,55,55,0,E5,20,20,0.0,0.0,200,0
mas,1068,default,231,20,20,29.5,0,4,29.796296296296298,31.2,0,352,72,112,0,E5,20,20,0.0,0.0,200,0
mas_iterative,1068,default,231,20,20,29.5,0,4,29.796296296296298,31.2,0,352,72,112,0,E5,20,20,0.0,0.0,200,0
hungarian,1068,default,231,20,20,29.5,0,4,29.796296296296298,31.2,0,352,100,142,0,E5,20,20,0.0,0.0,200,0
cbba,1068,default,231,20,20,29.45,0,4,30.12962962962963,32.4,0,380,352,460,83,E5,20,20,0.0,0.0,200,0
no_coordination,1069,default,485,20,20,196.85,15,4,186.6153846153846,166.2,1379,63,0,0,0,E5,20,20,0.0,0.0,200,0
claim,1069,default,259,20,20,100.85,6,4,94.26923076923077,90.6,424,65,35,35,0,E5,20,20,0.0,0.0,200,0
mas,1069,default,235,20,20,32.5,0,4,32.42307692307692,31.8,0,398,68,106,0,E5,20,20,0.0,0.0,200,0
mas_iterative,1069,default,235,20,20,32.45,0,4,32.38461538461539,31.8,0,398,68,106,0,E5,20,20,0.0,0.0,200,0
hungarian,1069,default,235,20,20,32.45,0,4,32.38461538461539,31.8,0,398,94,153,0,E5,20,20,0.0,0.0,200,0
cbba,1069,default,235,20,20,32.45,0,4,32.38461538461539,31.8,0,398,208,420,47,E5,20,20,0.0,0.0,200,0
no_coordination,1070,default,524,20,20,185.1,18,4,182.27868852459017,169.0,1412,129,0,0,0,E5,20,20,0.0,0.0,200,0
claim,1070,default,380,20,20,139.0,10,4,132.34426229508196,110.71428571428571,826,180,54,54,0,E5,20,20,0.0,0.0,200,0
mas,1070,default,237,20,20,32.8,0,4,31.229508196721312,33.142857142857146,0,354,66,102,0,E5,20,20,0.0,0.0,200,0
mas_iterative,1070,default,237,20,20,32.8,0,4,31.229508196721312,33.142857142857146,0,354,66,102,0,E5,20,20,0.0,0.0,200,0
hungarian,1070,default,237,20,20,32.8,0,4,31.229508196721312,33.142857142857146,0,354,92,140,0,E5,20,20,0.0,0.0,200,0
cbba,1070,default,237,20,20,33.9,0,4,32.31147540983606,34.285714285714285,0,354,268,440,62,E5,20,20,0.0,0.0,200,0
no_coordination,1071,default,492,20,20,154.15,18,4,137.6078431372549,68.0,1374,70,0,0,0,E5,20,20,0.0,0.0,200,0
claim,1071,default,309,20,20,69.15,9,4,61.411764705882355,39.8,554,104,39,39,0,E5,20,20,0.0,0.0,200,0
mas,1071,default,242,20,20,35.55,0,4,33.07843137254902,29.2,0,374,60,93,0,E5,20,20,0.0,0.0,200,0
mas_iterative,1071,default,242,20,20,35.4,0,4,32.94117647058823,29.2,0,374,60,93,0,E5,20,20,0.0,0.0,200,0
hungarian,1071,default,242,20,20,35.4,0,4,32.94117647058823,29.2,0,374,82,141,0,E5,20,20,0.0,0.0,200,0
cbba,1071,default,242,20,20,34.2,0,4,31.470588235294116,25.8,0,392,212,436,48,E5,20,20,0.0,0.0,200,0
no_coordination,1072,default,484,20,20,175.0,15,4,172.65454545454546,195.0,1385,77,0,0,0,E5,20,20,0.0,0.0,200,0
claim,1072,default,252,20,20,61.0,7,4,58.2,53.0,447,62,37,37,0,E5,20,20,0.0,0.0,200,0
mas,1072,default,218,20,20,28.2,0,4,27.98181818181818,32.5,0,348,70,109,0,E5,20,20,0.0,0.0,200,0
mas_iterative,1072,default,218,20,20,28.15,0,4,27.927272727272726,32.5,0,348,70,109,0,E5,20,20,0.0,0.0,200,0
hungarian,1072,default,218,20,20,28.15,0,4,27.927272727272726,32.5,0,348,96,148,0,E5,20,20,0.0,0.0,200,0
cbba,1072,default,218,20,20,26.65,0,4,26.436363636363637,31.25,0,374,228,346,52,E5,20,20,0.0,0.0,200,0
no_coordination,1073,default,414,20,20,150.65,16,4,138.85714285714286,113.75,1082,127,0,0,0,E5,20,20,0.0,0.0,200,0
claim,1073,default,326,20,20,124.05,10,4,118.83673469387755,106.0,657,149,48,48,0,E5,20,20,0.0,0.0,200,0
mas,1073,default,226,20,20,28.15,0,4,30.285714285714285,30.75,0,385,64,100,0,E5,20,20,0.0,0.0,200,0
mas_iterative,1073,default,226,20,20,28.15,0,4,30.285714285714285,30.75,0,385,64,100,0,E5,20,20,0.0,0.0,200,0
hungarian,1073,default,226,20,20,28.15,0,4,30.285714285714285,30.75,0,385,92,134,0,E5,20,20,0.0,0.0,200,0
cbba,1073,default,226,20,20,28.15,0,4,30.285714285714285,30.75,0,385,192,274,43,E5,20,20,0.0,0.0,200,0
no_coordination,1074,default,461,20,20,168.75,17,4,161.67307692307693,128.4,1246,85,0,0,0,E5,20,20,0.0,0.0,200,0
claim,1074,default,364,20,20,147.95,12,4,141.78846153846155,124.6,831,114,49,49,0,E5,20,20,0.0,0.0,200,0
mas,1074,default,224,20,20,32.2,0,4,33.76923076923077,37.2,0,317,66,103,0,E5,20,20,0.0,0.0,200,0
mas_iterative,1074,default,224,20,20,32.0,0,4,33.57692307692308,37.2,0,317,66,103,0,E5,20,20,0.0,0.0,200,0
hungarian,1074,default,224,20,20,32.0,0,4,33.57692307692308,37.2,0,317,84,136,0,E5,20,20,0.0,0.0,200,0
cbba,1074,default,224,20,20,31.95,0,4,33.53846153846154,37.4,0,317,184,310,41,E5,20,20,0.0,0.0,200,0
no_coordination,1075,default,526,20,20,217.85,17,4,209.63829787234042,292.3333333333333,1492,70,0,0,0,E5,20,20,0.0,0.0,200,0
claim,1075,default,421,20,20,193.95,12,4,183.36170212765958,224.33333333333334,1000,112,59,59,0,E5,20,20,0.0,0.0,200,0
mas,1075,default,232,20,20,34.9,0,4,33.61702127659574,31.0,0,300,59,92,0,E5,20,20,0.0,0.0,200,0
mas_iterative,1075,default,232,20,20,34.9,0,4,33.61702127659574,31.0,0,300,59,92,0,E5,20,20,0.0,0.0,200,0
hungarian,1075,default,232,20,20,34.9,0,4,33.61702127659574,31.0,0,300,86,135,0,E5,20,20,0.0,0.0,200,0
cbba,1075,default,232,20,20,34.9,0,4,33.61702127659574,31.0,0,300,212,384,48,E5,20,20,0.0,0.0,200,0
no_coordination,1076,default,512,20,20,185.05,16,4,159.0625,142.6,1280,217,0,0,0,E5,20,20,0.0,0.0,200,0
claim,1076,default,335,20,20,124.05,6,4,112.22916666666667,100.0,538,219,42,42,0,E5,20,20,0.0,0.0,200,0
mas,1076,default,231,20,20,35.4,0,4,33.479166666666664,32.8,0,314,57,87,0,E5,20,20,0.0,0.0,200,0
mas_iterative,1076,default,231,20,20,35.4,0,4,33.479166666666664,32.8,0,314,57,87,0,E5,20,20,0.0,0.0,200,0
hungarian,1076,default,231,20,20,35.4,0,4,33.479166666666664,32.8,0,314,80,128,0,E5,20,20,0.0,0.0,200,0
cbba,1076,default,231,20,20,35.4,0,4,33.479166666666664,32.8,0,314,216,402,49,E5,20,20,0.0,0.0,200,0
no_coordination,1077,default,464,20,20,128.55,17,4,110.05454545454545,94.0,1273,105,0,0,0,E5,20,20,0.0,0.0,200,0
claim,1077,default,294,20,20,79.05,10,4,73.50909090909092,64.5,495,164,41,41,0,E5,20,20,0.0,0.0,200,0
mas,1077,default,236,20,20,29.8,0,4,28.581818181818182,23.625,0,356,65,100,0,E5,20,20,0.0,0.0,200,0
mas_iterative,1077,default,236,20,20,29.8,0,4,28.581818181818182,23.625,0,356,65,100,0,E5,20,20,0.0,0.0,200,0
hungarian,1077,default,236,20,20,29.8,0,4,28.581818181818182,23.625,0,356,90,125,0,E5,20,20,0.0,0.0,200,0
cbba,1077,default,236,20,20,29.05,0,4,27.727272727272727,23.0,0,378,296,390,69,E5,20,20,0.0,0.0,200,0
no_coordination,1078,default,452,20,20,128.7,16,4,116.30434782608695,101.33333333333333,1176,123,0,0,0,E5,20,20,0.0,0.0,200,0
claim,1078,default,328,20,20,75.9,9,4,67.84782608695652,45.0,609,139,42,42,0,E5,20,20,0.0,0.0,200,0
mas,1078,default,244,20,20,30.6,0,4,29.956521739130434,23.666666666666668,0,416,71,111,0,E5,20,20,0.0,0.0,200,0
mas_iterative,1078,default,244,20,20,30.55,0,4,29.934782608695652,23.666666666666668,0,416,71,111,0,E5,20,20,0.0,0.0,200,0
hungarian,1078,default,244,20,20,30.55,0,4,29.934782608695652,23.666666666666668,0,416,98,147,0,E5,20,20,0.0,0.0,200,0
cbba,1078,default,244,20,20,30.55,0,4,29.934782608695652,23.666666666666668,0,416,184,274,41,E5,20,20,0.0,0.0,200,0
no_coordination,1079,default,414,20,20,122.1,18,4,121.64,117.25,1055,72,0,0,0,E5,20,20,0.0,0.0,200,0
claim,1079,default,255,20,20,71.65,5,4,69.0,76.5,395,89,33,33,0,E5,20,20,0.0,0.0,200,0
mas,1079,default,236,20,20,32.6,0,4,33.58,44.25,0,374,67,104,0,E5,20,20,0.0,0.0,200,0
mas_iterative,1079,default,236,20,20,32.6,0,4,33.58,44.25,0,374,67,104,0,E5,20,20,0.0,0.0,200,0
hungarian,1079,default,236,20,20,32.6,0,4,33.58,44.25,0,374,94,143,0,E5,20,20,0.0,0.0,200,0
cbba,1079,default,236,20,20,27.55,0,4,27.04,31.25,0,416,192,250,43,E5,20,20,0.0,0.0,200,0
no_coordination,1080,default,360,20,20,103.25,14,4,97.95555555555555,93.66666666666667,869,101,0,0,0,E5,20,20,0.0,0.0,200,0
claim,1080,default,262,20,20,69.9,9,4,66.17777777777778,50.0,451,95,37,37,0,E5,20,20,0.0,0.0,200,0
mas,1080,default,201,20,20,29.9,0,4,29.133333333333333,27.0,0,256,64,99,0,E5,20,20,0.0,0.0,200,0
mas_iterative,1080,default,201,20,20,29.75,0,4,29.022222222222222,27.0,0,256,65,101,0,E5,20,20,0.0,0.0,200,0
hungarian,1080,default,201,20,20,29.75,0,4,29.022222222222222,27.0,0,256,86,133,0,E5,20,20,0.0,0.0,200,0
cbba,1080,default,201,20,20,28.65,0,4,27.977777777777778,26.666666666666668,0,299,372,518,88,E5,20,20,0.0,0.0,200,0
no_coordination,1081,default,502,20,20,189.0,17,4,180.95744680851064,186.33333333333334,1265,126,0,0,0,E5,20,20,0.0,0.0,200,0
claim,1081,default,347,20,20,134.4,14,4,127.29787234042553,122.66666666666667,673,168,44,44,0,E5,20,20,0.0,0.0,200,0
mas,1081,default,221,20,20,34.7,0,4,33.02127659574468,28.0,0,292,56,86,0,E5,20,20,0.0,0.0,200,0
mas_iterative,1081,default,221,20,20,34.45,0,4,32.787234042553195,27.666666666666668,0,292,56,86,0,E5,20,20,0.0,0.0,200,0
hungarian,1081,default,221,20,20,34.45,0,4,32.787234042553195,27.666666666666668,0,292,76,126,0,E5,20,20,0.0,0.0,200,0
cbba,1081,default,221,20,20,34.45,0,4,32.787234042553195,27.666666666666668,0,292,200,392,45,E5,20,20,0.0,0.0,200,0
no_coordination,1082,default,501,20,20,146.85,16,4,127.79166666666667,95.75,1394,132,0,0,0,E5,20,20,0.0,0.0,200,0
claim,1082,default,364,20,20,117.35,10,4,104.27083333333333,82.5,791,168,46,46,0,E5,20,20,0.0,0.0,200,0
mas,1082,default,245,20,20,27.05,0,4,26.375,26.0,0,438,75,118,0,E5,20,20,0.0,0.0,200,0
mas_iterative,1082,default,245,20,20,27.0,0,4,26.3125,26.0,0,438,75,118,0,E5,20,20,0.0,0.0,200,0
hungarian,1082,default,245,20,20,27.0,0,4,26.3125,26.0,0,438,100,156,0,E5,20,20,0.0,0.0,200,0
cbba,1082,default,245,20,20,27.0,0,4,26.3125,26.0,0,438,168,230,37,E5,20,20,0.0,0.0,200,0
no_coordination,1083,default,445,20,20,118.05,17,4,104.5111111111111,82.0,1179,106,0,0,0,E5,20,20,0.0,0.0,200,0
claim,1083,default,271,20,20,73.6,8,4,66.31111111111112,48.75,449,110,39,39,0,E5,20,20,0.0,0.0,200,0
mas,1083,default,249,20,20,32.95,0,4,33.06666666666667,30.75,0,393,69,107,0,E5,20,20,0.0,0.0,200,0
mas_iterative,1083,default,249,20,20,32.85,0,4,32.977777777777774,30.75,0,393,69,107,0,E5,20,20,0.0,0.0,200,0
hungarian,1083,default,249,20,20,32.85,0,4,32.977777777777774,30.75,0,393,88,146,0,E5,20,20,0.0,0.0,200,0
cbba,1083,default,249,20,20,32.85,0,4,32.977777777777774,30.75,0,393,168,280,37,E5,20,20,0.0,0.0,200,0
no_coordination,1084,default,451,20,20,124.35,17,4,114.39285714285714,86.66666666666667,1161,73,0,0,0,E5,20,20,0.0,0.0,200,0
claim,1084,default,381,20,20,113.3,13,4,105.83928571428571,86.66666666666667,870,114,55,55,0,E5,20,20,0.0,0.0,200,0
mas,1084,default,256,20,20,39.95,0,4,40.19642857142857,39.0,0,446,69,108,0,E5,20,20,0.0,0.0,200,0
mas_iterative,1084,default,256,20,20,39.85,0,4,40.089285714285715,38.833333333333336,0,446,69,108,0,E5,20,20,0.0,0.0,200,0
hungarian,1084,default,256,20,20,39.85,0,4,40.089285714285715,38.833333333333336,0,446,96,178,0,E5,20,20,0.0,0.0,200,0
cbba,1084,default,256,20,20,39.85,0,4,40.089285714285715,38.833333333333336,0,446,256,734,59,E5,20,20,0.0,0.0,200,0
no_coordination,1085,default,490,20,20,155.7,18,4,154.11764705882354,120.0,1388,93,0,0,0,E5,20,20,0.0,0.0,200,0
claim,1085,default,393,20,20,128.1,15,4,124.45098039215686,101.75,963,106,66,66,0,E5,20,20,0.0,0.0,200,0
mas,1085,default,236,20,20,26.8,0,4,26.352941176470587,25.25,0,404,83,128,0,E5,20,20,0.0,0.0,200,0
mas_iterative,1085,default,236,20,20,26.8,0,4,26.352941176470587,25.25,0,404,83,128,0,E5,20,20,0.0,0.0,200,0
hungarian,1085,default,236,20,20,26.8,0,4,26.352941176470587,25.25,0,404,110,155,0,E5,20,20,0.0,0.0,200,0
cbba,1085,default,236,20,20,27.6,0,4,27.294117647058822,27.75,0,408,340,420,80,E5,20,20,0.0,0.0,200,0
no_coordination,1086,default,485,20,20,181.7,16,4,174.02083333333334,136.0,1376,73,0,0,0,E5,20,20,0.0,0.0,200,0
claim,1086,default,268,20,20,99.05,6,4,92.54166666666667,75.0,483,62,38,38,0,E5,20,20,0.0,0.0,200,0
mas,1086,default,237,20,20,30.65,0,4,30.708333333333332,36.0,0,407,70,109,0,E5,20,20,0.0,0.0,200,0
mas_iterative,1086,default,237,20,20,30.6,0,4,30.625,35.75,0,407,70,109,0,E5,20,20,0.0,0.0,200,0
hungarian,1086,default,237,20,20,30.6,0,4,30.625,35.75,0,407,96,148,0,E5,20,20,0.0,0.0,200,0
cbba,1086,default,237,20,20,30.6,0,4,30.625,35.75,0,407,196,328,44,E5,20,20,0.0,0.0,200,0
no_coordination,1087,default,403,20,20,124.85,14,4,109.1219512195122,28.0,947,174,0,0,0,E5,20,20,0.0,0.0,200,0
claim,1087,default,237,20,20,58.6,6,4,53.24390243902439,28.0,298,176,32,32,0,E5,20,20,0.0,0.0,200,0
mas,1087,default,210,20,20,29.2,0,4,28.853658536585368,27.0,0,323,65,100,0,E5,20,20,0.0,0.0,200,0
mas_iterative,1087,default,210,20,20,29.1,0,4,28.853658536585368,27.0,0,323,66,102,0,E5,20,20,0.0,0.0,200,0
hungarian,1087,default,210,20,20,29.1,0,4,28.853658536585368,27.0,0,323,88,140,0,E5,20,20,0.0,0.0,200,0
cbba,1087,default,210,20,20,28.0,0,4,28.926829268292682,28.0,0,362,316,548,74,E5,20,20,0.0,0.0,200,0
no_coordination,1088,default,408,20,20,109.85,18,4,95.73913043478261,52.5,1110,106,0,0,0,E5,20,20,0.0,0.0,200,0
claim,1088,default,219,20,20,35.6,9,4,31.97826086956522,24.75,374,76,36,36,0,E5,20,20,0.0,0.0,200,0
mas,1088,default,202,20,20,25.6,0,4,25.543478260869566,26.0,0,322,77,122,0,E5,20,20,0.0,0.0,200,0
mas_iterative,1088,default,202,20,20,25.45,0,4,25.41304347826087,26.0,0,322,77,122,0,E5,20,20,0.0,0.0,200,0
hungarian,1088,default,202,20,20,25.45,0,4,25.41304347826087,26.0,0,322,106,157,0,E5,20,20,0.0,0.0,200,0
cbba,1088,default,202,20,20,24.65,0,4,24.217391304347824,23.0,0,344,224,316,51,E5,20,20,0.0,0.0,200,0
no_coordination,1090,default,371,20,20,86.9,16,4,87.38461538461539,95.0,844,186,0,0,0,E5,20,20,0.0,0.0,200,0
claim,1090,default,270,20,20,51.2,9,4,48.794871794871796,37.0,378,194,34,34,0,E5,20,20,0.0,0.0,200,0
mas,1090,default,238,20,20,27.5,0,4,28.23076923076923,25.0,0,408,66,102,0,E5,20,20,0.0,0.0,200,0
mas_iterative,1090,default,238,20,20,27.5,0,4,28.23076923076923,25.0,0,408,66,102,0,E5,20,20,0.0,0.0,200,0
hungarian,1090,default,238,20,20,27.5,0,4,28.23076923076923,25.0,0,408,92,128,0,E5,20,20,0.0,0.0,200,0
cbba,1090,default,238,20,20,26.95,0,4,27.205128205128204,25.0,0,440,392,578,93,E5,20,20,0.0,0.0,200,0
no_coordination,1091,default,601,20,20,224.4,18,4,205.6595744680851,140.0,1652,114,0,0,0,E5,20,20,0.0,0.0,200,0
claim,1091,default,518,20,20,205.85,16,4,191.46808510638297,125.0,1363,112,68,68,0,E5,20,20,0.0,0.0,200,0
mas,1091,default,249,20,20,37.5,0,4,37.191489361702125,28.5,0,326,67,103,0,E5,20,20,0.0,0.0,200,0
mas_iterative,1091,default,249,20,20,37.45,0,4,37.170212765957444,28.5,0,326,67,103,0,E5,20,20,0.0,0.0,200,0
hungarian,1091,default,249,20,20,37.45,0,4,37.170212765957444,28.5,0,326,90,147,0,E5,20,20,0.0,0.0,200,0
cbba,1091,default,249,20,20,36.7,0,4,36.48936170212766,28.5,0,348,268,530,62,E5,20,20,0.0,0.0,200,0
no_coordination,1092,default,410,20,20,128.15,18,4,129.25,121.66666666666667,1131,81,0,0,0,E5,20,20,0.0,0.0,200,0
claim,1092,default,312,20,20,106.6,11,4,106.82692307692308,95.0,690,90,45,45,0,E5,20,20,0.0,0.0,200,0
mas,1092,default,210,20,20,25.8,0,4,26.326923076923077,31.0,0,334,70,107,0,E5,20,20,0.0,0.0,200,0
mas_iterative,1092,default,210,20,20,25.75,0,4,26.26923076923077,31.0,0,334,70,107,0,E5,20,20,0.0,0.0,200,0
hungarian,1092,default,210,20,20,25.75,0,4,26.26923076923077,31.0,0,334,92,132,0,E5,20,20,0.0,0.0,200,0
cbba,1092,default,210,20,20,25.75,0,4,26.26923076923077,31.0,0,334,176,228,39,E5,20,20,0.0,0.0,200,0
no_coordination,1093,default,454,20,20,161.75,18,4,150.3846153846154,156.0,1200,100,0,0,0,E5,20,20,0.0,0.0,200,0
claim,1093,default,274,20,20,103.75,7,4,101.84615384615384,93.0,386,107,36,36,0,E5,20,20,0.0,0.0,200,0
mas,1093,default,222,20,20,47.2,0,4,47.61538461538461,44.666666666666664,0,264,60,92,0,E5,20,20,0.0,0.0,200,0
mas_iterative,1093,default,222,20,20,46.1,0,4,46.55769230769231,45.333333333333336,0,268,56,86,0,E5,20,20,0.0,0.0,200,0
hungarian,1093,default,222,20,20,45.7,0,4,46.42307692307692,44.333333333333336,0,270,80,186,0,E5,20,20,0.0,0.0,200,0
cbba,1093,default,222,20,20,43.65,0,4,43.92307692307692,44.333333333333336,0,290,340,1094,80,E5,20,20,0.0,0.0,200,0
no_coordination,1094,default,517,20,20,163.35,17,4,167.33962264150944,301.0,1225,205,0,0,0,E5,20,20,0.0,0.0,200,0
claim,1094,default,308,20,20,98.95,6,4,95.35849056603773,115.0,396,225,35,35,0,E5,20,20,0.0,0.0,200,0
mas,1094,default,228,20,20,38.15,0,4,36.62264150943396,41.666666666666664,0,272,55,84,0,E5,20,20,0.0,0.0,200,0
mas_iterative,1094,default,228,20,20,38.05,0,4,36.943396226415096,41.666666666666664,0,272,57,87,0,E5,20,20,0.0,0.0,200,0
hungarian,1094,default,228,20,20,38.05,0,4,36.943396226415096,41.666666666666664,0,272,76,134,0,E5,20,20,0.0,0.0,200,0
cbba,1094,default,228,20,20,38.05,0,4,36.943396226415096,41.666666666666664,0,272,212,470,48,E5,20,20,0.0,0.0,200,0
no_coordination,1095,default,489,20,20,126.3,17,4,115.70175438596492,84.83333333333333,1407,81,0,0,0,E5,20,20,0.0,0.0,200,0
claim,1095,default,291,20,20,47.3,8,4,43.421052631578945,34.0,431,221,36,36,0,E5,20,20,0.0,0.0,200,0
mas,1095,default,247,20,20,29.35,0,4,28.385964912280702,24.333333333333332,0,442,80,126,0,E5,20,20,0.0,0.0,200,0
mas_iterative,1095,default,247,20,20,29.2,0,4,28.263157894736842,24.333333333333332,0,442,80,126,0,E5,20,20,0.0,0.0,200,0
hungarian,1095,default,247,20,20,29.2,0,4,28.263157894736842,24.333333333333332,0,442,106,159,0,E5,20,20,0.0,0.0,200,0
cbba,1095,default,247,20,20,29.2,0,4,28.263157894736842,24.333333333333332,0,442,180,250,40,E5,20,20,0.0,0.0,200,0
no_coordination,1096,default,564,20,20,180.1,19,4,168.08333333333334,173.0,1579,94,0,0,0,E5,20,20,0.0,0.0,200,0
claim,1096,default,356,20,20,112.1,11,4,104.58333333333333,101.8,706,75,42,42,0,E5,20,20,0.0,0.0,200,0
mas,1096,default,245,20,20,47.15,0,4,43.458333333333336,36.8,0,326,61,95,0,E5,20,20,0.0,0.0,200,0
mas_iterative,1096,default,245,20,20,47.15,0,4,43.458333333333336,36.8,0,326,61,95,0,E5,20,20,0.0,0.0,200,0
hungarian,1096,default,245,20,20,47.15,0,4,43.458333333333336,36.8,0,326,88,170,0,E5,20,20,0.0,0.0,200,0
cbba,1096,default,245,20,20,47.15,0,4,43.458333333333336,36.8,0,326,276,788,64,E5,20,20,0.0,0.0,200,0
no_coordination,1097,default,487,20,20,149.95,17,4,125.75,113.5,1288,153,0,0,0,E5,20,20,0.0,0.0,200,0
claim,1097,default,334,20,20,100.95,9,4,89.63636363636364,85.5,566,211,44,44,0,E5,20,20,0.0,0.0,200,0
mas,1097,default,237,20,20,35.7,0,4,33.95454545454545,34.75,0,324,61,94,0,E5,20,20,0.0,0.0,200,0
mas_iterative,1097,default,237,20,20,35.7,0,4,33.95454545454545,34.75,0,324,61,94,0,E5,20,20,0.0,0.0,200,0
hungarian,1097,default,237,20,20,35.7,0,4,33.95454545454545,34.75,0,324,86,131,0,E5,20,20,0.0,0.0,200,0
cbba,1097,default,237,20,20,34.9,0,4,33.04545454545455,34.75,0,346,272,428,63,E5,20,20,0.0,0.0,200,0
no_coordination,1098,default,489,20,20,177.6,17,4,176.2941176470588,176.16666666666666,1357,68,0,0,0,E5,20,20,0.0,0.0,200,0
claim,1098,default,282,20,20,90.5,7,4,87.07843137254902,84.0,433,107,35,35,0,E5,20,20,0.0,0.0,200,0
mas,1098,default,221,20,20,43.6,0,4,42.254901960784316,39.0,0,214,59,91,0,E5,20,20,0.0,0.0,200,0
mas_iterative,1098,default,221,20,20,43.6,0,4,42.254901960784316,39.0,0,214,59,91,0,E5,20,20,0.0,0.0,200,0
hungarian,1098,default,221,20,20,43.6,0,4,42.254901960784316,39.0,0,214,84,154,0,E5,20,20,0.0,0.0,200,0
cbba,1098,default,227,20,20,43.05,0,4,41.450980392156865,38.833333333333336,0,264,396,828,94,E5,20,20,0.0,0.0,200,0
no_coordination,1099,default,429,20,20,161.2,16,4,159.31914893617022,125.0,1115,91,0,0,0,E5,20,20,0.0,0.0,200,0
claim,1099,default,333,20,20,132.05,10,4,129.51063829787233,95.66666666666667,732,91,48,48,0,E5,20,20,0.0,0.0,200,0
mas,1099,default,222,20,20,28.6,0,4,29.127659574468087,21.666666666666668,0,346,72,110,0,E5,20,20,0.0,0.0,200,0
mas_iterative,1099,default,222,20,20,28.45,0,4,29.0,21.666666666666668,0,346,68,104,0,E5,20,20,0.0,0.0,200,0
hungarian,1099,default,222,20,20,28.45,0,4,29.0,21.666666666666668,0,346,90,135,0,E5,20,20,0.0,0.0,200,0
cbba,1099,default,222,20,20,25.9,0,4,26.617021276595743,21.666666666666668,0,380,196,276,44,E5,20,20,0.0,0.0,200,0
no_coordination,1101,default,565,20,20,213.6,18,4,214.73469387755102,203.8,1587,77,0,0,0,E5,20,20,0.0,0.0,200,0
claim,1101,default,282,20,20,83.5,7,4,75.40816326530613,54.4,410,107,35,35,0,E5,20,20,0.0,0.0,200,0
mas,1101,default,231,20,20,33.65,0,4,33.04081632653061,26.6,0,280,69,107,0,E5,20,20,0.0,0.0,200,0
mas_iterative,1101,default,231,20,20,33.6,0,4,32.97959183673469,26.6,0,280,67,104,0,E5,20,20,0.0,0.0,200,0
hungarian,1101,default,231,20,20,33.6,0,4,32.97959183673469,26.6,0,280,92,132,0,E5,20,20,0.0,0.0,200,0
cbba,1101,default,231,20,20,33.6,0,4,32.97959183673469,26.6,0,280,176,230,39,E5,20,20,0.0,0.0,200,0
no_coordination,1102,default,431,20,20,104.45,16,4,100.30508474576271,83.33333333333333,1185,69,0,0,0,E5,20,20,0.0,0.0,200,0
claim,1102,default,255,20,20,55.65,8,4,53.54237288135593,54.333333333333336,415,87,37,37,0,E5,20,20,0.0,0.0,200,0
mas,1102,default,237,20,20,30.15,0,4,30.796610169491526,34.166666666666664,0,364,72,111,0,E5,20,20,0.0,0.0,200,0
mas_iterative,1102,default,237,20,20,30.15,0,4,30.796610169491526,34.166666666666664,0,364,72,111,0,E5,20,20,0.0,0.0,200,0
hungarian,1102,default,237,20,20,30.15,0,4,30.796610169491526,34.166666666666664,0,364,98,137,0,E5,20,20,0.0,0.0,200,0
cbba,1102,default,237,20,20,30.15,0,4,30.796610169491526,34.166666666666664,0,364,180,220,40,E5,20,20,0.0,0.0,200,0
no_coordination,1103,default,475,20,20,137.95,19,4,135.0,124.25,1249,186,0,0,0,E5,20,20,0.0,0.0,200,0
claim,1103,default,356,20,20,107.55,12,4,103.68518518518519,89.75,694,228,51,51,0,E5,20,20,0.0,0.0,200,0
mas,1103,default,252,20,20,29.3,0,4,29.12962962962963,31.75,0,440,65,101,0,E5,20,20,0.0,0.0,200,0
mas_iterative,1103,default,252,20,20,29.3,0,4,29.12962962962963,31.75,0,440,65,101,0,E5,20,20,0.0,0.0,200,0
hungarian,1103,default,252,20,20,29.3,0,4,29.12962962962963,31.75,0,440,92,134,0,E5,20,20,0.0,0.0,200,0
cbba,1103,default,252,20,20,28.25,0,4,28.27777777777778,31.25,0,472,268,396,62,E5,20,20,0.0,0.0,200,0
no_coordination,1104,default,515,20,20,163.15,17,4,165.06521739130434,120.75,1325,132,0,0,0,E5,20,20,0.0,0.0,200,0
claim,1104,default,345,20,20,116.35,10,4,114.76086956521739,95.25,660,186,45,45,0,E5,20,20,0.0,0.0,200,0
mas,1104,default,247,20,20,30.95,0,4,30.73913043478261,27.5,0,420,68,106,0,E5,20,20,0.0,0.0,200,0
mas_iterative,1104,default,247,20,20,30.85,0,4,30.652173913043477,27.5,0,420,68,106,0,E5,20,20,0.0,0.0,200,0
hungarian,1104,default,247,20,20,30.85,0,4,30.652173913043477,27.5,0,420,94,141,0,E5,20,20,0.0,0.0,200,0
cbba,1104,default,247,20,20,30.85,0,4,30.652173913043477,27.5,0,420,188,282,42,E5,20,20,0.0,0.0,200,0
no_coordination,1106,default,520,20,20,173.85,16,4,167.71698113207546,123.6,1425,166,0,0,0,E5,20,20,0.0,0.0,200,0
claim,1106,default,321,20,20,97.4,9,4,93.56603773584905,82.4,544,190,43,43,0,E5,20,20,0.0,0.0,200,0
mas,1106,default,230,20,20,30.7,0,4,30.0,26.2,0,326,68,105,0,E5,20,20,0.0,0.0,200,0
mas_iterative,1106,default,230,20,20,30.7,0,4,30.0,26.2,0,326,68,105,0,E5,20,20,0.0,0.0,200,0
hungarian,1106,default,230,20,20,30.7,0,4,30.0,26.2,0,326,94,133,0,E5,20,20,0.0,0.0,200,0
cbba,1106,default,230,20,20,30.7,0,4,30.0,26.2,0,326,184,240,41,E5,20,20,0.0,0.0,200,0
no_coordination,1107,default,365,20,20,103.9,15,4,97.3061224489796,34.0,890,158,0,0,0,E5,20,20,0.0,0.0,200,0
claim,1107,default,286,20,20,68.0,8,4,64.46938775510205,30.0,445,222,40,40,0,E5,20,20,0.0,0.0,200,0
mas,1107,default,228,20,20,27.85,0,4,27.387755102040817,24.0,0,410,70,109,0,E5,20,20,0.0,0.0,200,0
mas_iterative,1107,default,228,20,20,27.75,0,4,27.3265306122449,24.0,0,410,70,109,0,E5,20,20,0.0,0.0,200,0
hungarian,1107,default,228,20,20,27.75,0,4,27.3265306122449,24.0,0,410,96,148,0,E5,20,20,0.0,0.0,200,0
cbba,1107,default,228,20,20,27.75,0,4,27.3265306122449,24.0,0,410,196,320,44,E5,20,20,0.0,0.0,200,0
no_coordination,1108,default,541,20,20,171.9,19,4,162.3148148148148,140.0,1577,88,0,0,0,E5,20,20,0.0,0.0,200,0
claim,1108,default,286,20,20,83.75,9,4,80.05555555555556,67.2,479,129,43,43,0,E5,20,20,0.0,0.0,200,0
mas,1108,default,242,20,20,31.3,0,4,29.88888888888889,24.6,0,364,75,117,0,E5,20,20,0.0,0.0,200,0
mas_iterative,1108,default,242,20,20,31.3,0,4,29.88888888888889,24.6,0,364,75,117,0,E5,20,20,0.0,0.0,200,0
hungarian,1108,default,242,20,20,31.3,0,4,29.88888888888889,24.6,0,364,104,146,0,E5,20,20,0.0,0.0,200,0
cbba,1108,default,242,20,20,30.4,0,4,29.14814814814815,24.0,0,386,260,320,60,E5,20,20,0.0,0.0,200,0
no_coordination,1109,default,397,20,20,107.0,16,4,95.97674418604652,61.5,1073,92,0,0,0,E5,20,20,0.0,0.0,200,0
claim,1109,default,300,20,20,73.4,10,4,67.06976744186046,45.5,597,109,44,44,0,E5,20,20,0.0,0.0,200,0
mas,1109,default,252,20,20,25.05,0,4,23.558139534883722,12.0,0,503,82,128,0,E5,20,20,0.0,0.0,200,0
mas_iterative,1109,default,252,20,20,25.05,0,4,23.558139534883722,12.0,0,503,82,128,0,E5,20,20,0.0,0.0,200,0
hungarian,1109,default,252,20,20,25.05,0,4,23.558139534883722,12.0,0,503,112,158,0,E5,20,20,0.0,0.0,200,0
cbba,1109,default,252,20,20,24.85,0,4,23.27906976744186,12.0,0,527,340,420,80,E5,20,20,0.0,0.0,200,0
no_coordination,1110,default,491,20,20,177.7,20,4,169.1639344262295,145.85714285714286,1307,77,0,0,0,E5,20,20,0.0,0.0,200,0
claim,1110,default,246,20,20,47.5,8,4,47.721311475409834,45.42857142857143,333,78,32,32,0,E5,20,20,0.0,0.0,200,0
mas,1110,default,224,20,20,33.9,0,4,33.65573770491803,33.42857142857143,0,296,70,109,0,E5,20,20,0.0,0.0,200,0
mas_iterative,1110,default,224,20,20,33.9,0,4,33.65573770491803,33.42857142857143,0,296,70,109,0,E5,20,20,0.0,0.0,200,0
hungarian,1110,default,224,20,20,33.9,0,4,33.65573770491803,33.42857142857143,0,296,98,147,0,E5,20,20,0.0,0.0,200,0
cbba,1110,default,224,20,20,33.0,0,4,33.0655737704918,36.0,0,318,220,366,50,E5,20,20,0.0,0.0,200,0
no_coordination,1111,default,463,20,20,155.35,20,4,143.72,102.6,1334,87,0,0,0,E5,20,20,0.0,0.0,200,0
claim,1111,default,298,20,20,73.7,11,4,66.18,54.4,657,56,49,49,0,E5,20,20,0.0,0.0,200,0
mas,1111,default,216,20,20,27.65,0,4,26.18,28.0,0,316,75,117,0,E5,20,20,0.0,0.0,200,0
mas_iterative,1111,default,216,20,20,27.55,0,4,26.14,28.0,0,316,75,117,0,E5,20,20,0.0,0.0,200,0
hungarian,1111,default,216,20,20,27.55,0,4,26.14,28.0,0,316,98,145,0,E5,20,20,0.0,0.0,200,0
cbba,1111,default,216,20,20,26.1,0,4,25.28,28.0,0,346,236,320,54,E5,20,20,0.0,0.0,200,0
no_coordination,1112,default,456,20,20,158.55,18,4,151.3111111111111,128.0,1294,72,0,0,0,E5,20,20,0.0,0.0,200,0
claim,1112,default,379,20,20,144.7,12,4,138.33333333333334,109.0,912,107,56,56,0,E5,20,20,0.0,0.0,200,0
mas,1112,default,225,20,20,31.1,0,4,32.84444444444444,32.5,0,330,63,98,0,E5,20,20,0.0,0.0,200,0
mas_iterative,1112,default,225,20,20,31.1,0,4,32.84444444444444,32.5,0,330,63,98,0,E5,20,20,0.0,0.0,200,0
hungarian,1112,default,225,20,20,31.1,0,4,32.84444444444444,32.5,0,330,90,129,0,E5,20,20,0.0,0.0,200,0
cbba,1112,default,225,20,20,30.45,0,4,31.844444444444445,29.5,0,344,196,276,44,E5,20,20,0.0,0.0,200,0
no_coordination,1113,default,464,20,20,132.7,16,4,127.73584905660377,117.4,1177,142,0,0,0,E5,20,20,0.0,0.0,200,0
claim,1113,default,282,20,20,72.2,8,4,67.9245283018868,52.6,374,199,37,37,0,E5,20,20,0.0,0.0,200,0
mas,1113,default,233,20,20,37.05,0,4,34.41509433962264,22.4,0,354,62,96,0,E5,20,20,0.0,0.0,200,0
mas_iterative,1113,default,233,20,20,37.0,0,4,34.39622641509434,22.4,0,354,62,96,0,E5,20,20,0.0,0.0,200,0
hungarian,1113,default,233,20,20,37.0,0,4,34.39622641509434,22.4,0,354,84,150,0,E5,20,20,0.0,0.0,200,0
cbba,1113,default,212,20,20,36.6,0,4,34.283018867924525,25.8,0,284,248,508,57,E5,20,20,0.0,0.0,200,0
no_coordination,1114,default,547,20,20,193.25,15,4,165.19230769230768,132.16666666666666,1525,115,0,0,0,E5,20,20,0.0,0.0,200,0
claim,1114,default,309,20,20,85.35,6,4,76.28846153846153,70.0,476,144,37,37,0,E5,20,20,0.0,0.0,200,0
mas,1114,default,253,20,20,37.65,0,4,33.40384615384615,32.833333333333336,0,390,65,101,0,E5,20,20,0.0,0.0,200,0
mas_iterative,1114,default,253,20,20,37.55,0,4,33.36538461538461,32.833333333333336,0,390,65,101,0,E5,20,20,0.0,0.0,200,0
hungarian,1114,default,253,20,20,37.55,0,4,33.36538461538461,32.833333333333336,0,390,88,148,0,E5,20,20,0.0,0.0,200,0
cbba,1114,default,253,20,20,37.55,0,4,33.36538461538461,32.833333333333336,0,390,212,446,48,E5,20,20,0.0,0.0,200,0
no_coordination,1115,default,438,20,20,144.35,17,4,144.47916666666666,138.2,1182,117,0,0,0,E5,20,20,0.0,0.0,200,0
claim,1115,default,262,20,20,82.9,9,4,79.41666666666667,72.0,499,118,39,39,0,E5,20,20,0.0,0.0,200,0
mas,1115,default,210,20,20,23.2,0,4,23.979166666666668,29.2,0,385,76,119,0,E5,20,20,0.0,0.0,200,0
mas_iterative,1115,default,210,20,20,23.2,0,4,23.979166666666668,29.2,0,385,76,119,0,E5,20,20,0.0,0.0,200,0
hungarian,1115,default,210,20,20,23.2,0,4,23.979166666666668,29.2,0,385,106,151,0,E5,20,20,0.0,0.0,200,0
cbba,1115,default,210,20,20,23.2,0,4,23.979166666666668,29.2,0,385,184,240,41,E5,20,20,0.0,0.0,200,0
no_coordination,1116,default,411,20,20,108.55,19,4,102.04761904761905,52.0,1155,83,0,0,0,E5,20,20,0.0,0.0,200,0
claim,1116,default,323,20,20,73.25,15,4,67.57142857142857,22.0,727,155,52,52,0,E5,20,20,0.0,0.0,200,0
mas,1116,default,214,20,20,22.7,0,4,21.952380952380953,22.0,0,400,77,119,0,E5,20,20,0.0,0.0,200,0
mas_iterative,1116,default,214,20,20,22.65,0,4,21.928571428571427,22.0,0,400,77,119,0,E5,20,20,0.0,0.0,200,0
hungarian,1116,default,214,20,20,22.65,0,4,21.928571428571427,22.0,0,400,102,155,0,E5,20,20,0.0,0.0,200,0
cbba,1116,default,214,20,20,21.85,0,4,21.38095238095238,22.0,0,422,216,314,49,E5,20,20,0.0,0.0,200,0
no_coordination,1117,default,509,20,20,164.1,18,4,153.79245283018867,111.2,1447,115,0,0,0,E5,20,20,0.0,0.0,200,0
claim,1117,default,439,20,20,152.85,15,4,144.0,111.2,1130,140,75,75,0,E5,20,20,0.0,0.0,200,0
mas,1117,default,237,20,20,32.2,0,4,32.905660377358494,36.0,0,356,68,107,0,E5,20,20,0.0,0.0,200,0
mas_iterative,1117,default,237,20,20,32.2,0,4,32.905660377358494,36.0,0,356,68,107,0,E5,20,20,0.0,0.0,200,0
hungarian,1117,default,237,20,20,32.2,0,4,32.905660377358494,36.0,0,356,98,141,0,E5,20,20,0.0,0.0,200,0
cbba,1117,default,237,20,20,31.35,0,4,31.62264150943396,32.6,0,378,224,322,51,E5,20,20,0.0,0.0,200,0
no_coordination,1118,default,463,20,20,171.15,17,4,162.0,151.25,1168,82,0,0,0,E5,20,20,0.0,0.0,200,0
claim,1118,default,314,20,20,91.15,6,4,86.09433962264151,79.5,504,114,40,40,0,E5,20,20,0.0,0.0,200,0
mas,1118,default,275,20,20,40.4,0,4,36.39622641509434,25.75,0,429,65,101,0,E5,20,20,0.0,0.0,200,0
mas_iterative,1118,default,275,20,20,40.4,0,4,36.39622641509434,25.75,0,429,65,101,0,E5,20,20,0.0,0.0,200,0
hungarian,1118,default,275,20,20,40.4,0,4,36.39622641509434,25.75,0,429,92,156,0,E5,20,20,0.0,0.0,200,0
cbba,1118,default,275,20,20,40.4,0,4,36.39622641509434,25.75,0,429,236,552,54,E5,20,20,0.0,0.0,200,0
no_coordination,1119,default,448,20,20,154.6,17,4,156.59183673469389,176.5,1124,167,0,0,0,E5,20,20,0.0,0.0,200,0
claim,1119,default,374,20,20,122.25,11,4,121.3265306122449,127.0,763,203,48,48,0,E5,20,20,0.0,0.0,200,0
mas,1119,default,242,20,20,30.95,0,4,29.857142857142858,31.5,0,396,62,96,0,E5,20,20,0.0,0.0,200,0
mas_iterative,1119,default,242,20,20,30.95,0,4,29.857142857142858,31.5,0,396,62,96,0,E5,20,20,0.0,0.0,200,0
hungarian,1119,default,242,20,20,30.95,0,4,29.857142857142858,31.5,0,396,88,134,0,E5,20,20,0.0,0.0,200,0
cbba,1119,default,242,20,20,30.2,0,4,29.244897959183675,31.5,0,416,240,384,55,E5,20,20,0.0,0.0,200,0
no_coordination,1120,default,516,20,20,186.3,17,4,164.61363636363637,46.5,1464,105,0,0,0,E5,20,20,0.0,0.0,200,0
claim,1120,default,302,20,20,114.25,9,4,103.63636363636364,46.5,568,125,44,44,0,E5,20,20,0.0,0.0,200,0
mas,1120,default,196,20,20,33.5,0,4,34.47727272727273,37.5,0,210,58,89,0,E5,20,20,0.0,0.0,200,0
mas_iterative,1120,default,196,20,20,33.5,0,4,34.47727272727273,37.5,0,210,58,89,0,E5,20,20,0.0,0.0,200,0
hungarian,1120,default,196,20,20,33.5,0,4,34.47727272727273,37.5,0,210,82,129,0,E5,20,20,0.0,0.0,200,0
cbba,1120,default,196,20,20,32.65,0,4,32.86363636363637,31.5,0,234,428,1046,102,E5,20,20,0.0,0.0,200,0
no_coordination,1121,default,592,20,20,222.0,18,4,209.67391304347825,104.25,1677,103,0,0,0,E5,20,20,0.0,0.0,200,0
claim,1121,default,281,20,20,87.3,5,4,82.45652173913044,75.75,378,126,33,33,0,E5,20,20,0.0,0.0,200,0
mas,1121,default,242,20,20,32.0,0,4,31.869565217391305,32.75,0,343,74,114,0,E5,20,20,0.0,0.0,200,0
mas_iterative,1121,default,242,20,20,31.9,0,4,31.82608695652174,32.75,0,343,75,116,0,E5,20,20,0.0,0.0,200,0
hungarian,1121,default,242,20,20,31.9,0,4,31.82608695652174,32.75,0,343,100,144,0,E5,20,20,0.0,0.0,200,0
cbba,1121,default,242,20,20,31.9,0,4,31.82608695652174,32.75,0,343,176,230,39,E5,20,20,0.0,0.0,200,0
no_coordination,1123,default,409,20,20,160.8,15,4,155.04166666666666,116.0,1120,83,0,0,0,E5,20,20,0.0,0.0,200,0
claim,1123,default,292,20,20,93.2,9,4,90.08333333333333,72.2,584,105,42,42,0,E5,20,20,0.0,0.0,200,0
mas,1123,default,205,20,20,27.3,0,4,28.5625,28.0,0,336,65,101,0,E5,20,20,0.0,0.0,200,0
mas_iterative,1123,default,205,20,20,27.3,0,4,28.5625,28.0,0,336,65,101,0,E5,20,20,0.0,0.0,200,0
hungarian,1123,default,205,20,20,27.3,0,4,28.5625,28.0,0,336,92,142,0,E5,20,20,0.0,0.0,200,0
cbba,1123,default,205,20,20,27.3,0,4,28.5625,28.0,0,336,188,306,42,E5,20,20,0.0,0.0,200,0
no_coordination,1124,default,292,20,20,59.4,17,4,57.074074074074076,35.666666666666664,667,65,0,0,0,E5,20,20,0.0,0.0,200,0
claim,1124,default,252,20,20,39.35,11,4,38.907407407407405,39.333333333333336,354,176,34,34,0,E5,20,20,0.0,0.0,200,0
mas,1124,default,230,20,20,29.2,0,4,29.833333333333332,33.333333333333336,0,374,64,99,0,E5,20,20,0.0,0.0,200,0
mas_iterative,1124,default,230,20,20,29.2,0,4,29.833333333333332,33.333333333333336,0,374,64,99,0,E5,20,20,0.0,0.0,200,0
hungarian,1124,default,230,20,20,29.2,0,4,29.833333333333332,33.333333333333336,0,374,90,139,0,E5,20,20,0.0,0.0,200,0
cbba,1124,default,230,20,20,29.2,0,4,29.833333333333332,33.333333333333336,0,374,184,278,41,E5,20,20,0.0,0.0,200,0
no_coordination,1125,default,505,20,20,182.7,16,4,179.4255319148936,154.66666666666666,1391,95,0,0,0,E5,20,20,0.0,0.0,200,0
claim,1125,default,300,20,20,102.2,8,4,95.42553191489361,87.66666666666667,529,108,39,39,0,E5,20,20,0.0,0.0,200,0
mas,1125,default,226,20,20,31.05,0,4,29.0,30.333333333333332,0,306,61,93,0,E5,20,20,0.0,0.0,200,0
mas_iterative,1125,default,226,20,20,30.95,0,4,28.95744680851064,30.333333333333332,0,306,59,90,0,E5,20,20,0.0,0.0,200,0
hungarian,1125,default,226,20,20,30.95,0,4,28.95744680851064,30.333333333333332,0,306,80,116,0,E5,20,20,0.0,0.0,200,0
cbba,1125,default,226,20,20,30.95,0,4,28.95744680851064,30.333333333333332,0,306,180,250,40,E5,20,20,0.0,0.0,200,0
no_coordination,1126,default,412,20,20,121.25,17,4,113.5,64.75,1048,148,0,0,0,E5,20,20,0.0,0.0,200,0
claim,1126,default,305,20,20,88.65,11,4,83.72,62.25,614,197,47,47,0,E5,20,20,0.0,0.0,200,0
mas,1126,default,218,20,20,25.4,0,4,23.62,21.25,0,396,69,107,0,E5,20,20,0.0,0.0,200,0
mas_iterative,1126,default,218,20,20,25.9,0,4,23.82,21.25,0,384,69,107,0,E5,20,20,0.0,0.0,200,0
hungarian,1126,default,218,20,20,25.9,0,4,23.82,21.25,0,384,92,138,0,E5,20,20,0.0,0.0,200,0
cbba,1126,default,218,20,20,25.9,0,4,23.82,21.25,0,384,176,260,39,E5,20,20,0.0,0.0,200,0
no_coordination,1127,default,380,20,20,96.95,15,4,95.63265306122449,111.66666666666667,1011,64,0,0,0,E5,20,20,0.0,0.0,200,0
claim,1127,default,246,20,20,56.1,5,4,54.10204081632653,42.0,346,134,32,32,0,E5,20,20,0.0,0.0,200,0
mas,1127,default,231,20,20,30.15,0,4,31.897959183673468,34.0,0,351,63,97,0,E5,20,20,0.0,0.0,200,0
mas_iterative,1127,default,231,20,20,30.15,0,4,31.897959183673468,34.0,0,351,63,97,0,E5,20,20,0.0,0.0,200,0
hungarian,1127,default,231,20,20,30.15,0,4,31.897959183673468,34.0,0,351,88,124,0,E5,20,20,0.0,0.0,200,0
cbba,1127,default,231,20,20,30.15,0,4,31.897959183673468,34.0,0,351,184,240,41,E5,20,20,0.0,0.0,200,0
no_coordination,1128,default,421,20,20,127.3,18,4,135.41304347826087,163.0,1157,72,0,0,0,E5,20,20,0.0,0.0,200,0
claim,1128,default,304,20,20,59.3,10,4,57.69565217391305,59.0,633,69,43,43,0,E5,20,20,0.0,0.0,200,0
mas,1128,default,239,20,20,29.55,0,4,31.391304347826086,34.333333333333336,0,381,75,117,0,E5,20,20,0.0,0.0,200,0
mas_iterative,1128,default,239,20,20,29.55,0,4,31.391304347826086,34.333333333333336,0,381,75,117,0,E5,20,20,0.0,0.0,200,0
hungarian,1128,default,239,20,20,29.55,0,4,31.391304347826086,34.333333333333336,0,381,104,146,0,E5,20,20,0.0,0.0,200,0
cbba,1128,default,239,20,20,29.55,0,4,31.391304347826086,34.333333333333336,0,381,180,220,40,E5,20,20,0.0,0.0,200,0
no_coordination,1129,default,499,20,20,138.0,18,4,140.85714285714286,56.0,1346,101,0,0,0,E5,20,20,0.0,0.0,200,0
claim,1129,default,345,20,20,94.25,11,4,91.73469387755102,56.0,611,194,49,49,0,E5,20,20,0.0,0.0,200,0
mas,1129,default,281,20,20,46.5,0,4,46.142857142857146,51.0,0,466,67,105,0,E5,20,20,0.0,0.0,200,0
mas_iterative,1129,default,281,20,20,46.3,0,4,45.93877551020408,51.0,0,466,67,105,0,E5,20,20,0.0,0.0,200,0
hungarian,1129,default,281,20,20,46.3,0,4,45.93877551020408,51.0,0,466,94,177,0,E5,20,20,0.0,0.0,200,0
cbba,1129,default,272,20,20,41.45,0,4,40.326530612244895,27.0,0,470,308,716,72,E5,20,20,0.0,0.0,200,0
no_coordination,1130,default,532,20,20,165.15,18,4,159.375,127.2,1382,261,0,0,0,E5,20,20,0.0,0.0,200,0
claim,1130,default,264,20,20,69.2,4,4,66.05357142857143,51.4,235,267,28,28,0,E5,20,20,0.0,0.0,200,0
mas,1130,default,230,20,20,33.85,0,4,33.05357142857143,24.4,0,356,49,75,0,E5,20,20,0.0,0.0,200,0
mas_iterative,1130,default,230,20,20,33.85,0,4,33.05357142857143,24.4,0,356,49,75,0,E5,20,20,0.0,0.0,200,0
hungarian,1130,default,230,20,20,33.85,0,4,33.05357142857143,24.4,0,356,72,118,0,E5,20,20,0.0,0.0,200,0
cbba,1130,default,227,20,20,32.15,0,4,31.857142857142858,29.0,0,368,260,496,60,E5,20,20,0.0,0.0,200,0
no_coordination,1131,default,394,20,20,117.75,17,4,111.84745762711864,95.25,991,133,0,0,0,E5,20,20,0.0,0.0,200,0
claim,1131,default,286,20,20,84.95,6,4,81.0,73.125,464,167,36,36,0,E5,20,20,0.0,0.0,200,0
mas,1131,default,227,20,20,28.85,0,4,29.71186440677966,34.125,0,360,74,115,0,E5,20,20,0.0,0.0,200,0
mas_iterative,1131,default,227,20,20,28.7,0,4,29.576271186440678,34.0,0,360,72,112,0,E5,20,20,0.0,0.0,200,0
hungarian,1131,default,227,20,20,28.7,0,4,29.576271186440678,34.0,0,360,96,144,0,E5,20,20,0.0,0.0,200,0
cbba,1131,default,227,20,20,28.7,0,4,29.576271186440678,34.0,0,360,184,264,41,E5,20,20,0.0,0.0,200,0
no_coordination,1132,default,426,20,20,126.55,17,4,118.98113207547169,93.0,1170,73,0,0,0,E5,20,20,0.0,0.0,200,0
claim,1132,default,254,20,20,72.8,6,4,69.01886792452831,42.333333333333336,376,74,36,36,0,E5,20,20,0.0,0.0,200,0
mas,1132,default,232,20,20,30.85,0,4,32.22641509433962,26.333333333333332,0,354,65,100,0,E5,20,20,0.0,0.0,200,0
mas_iterative,1132,default,232,20,20,30.85,0,4,32.22641509433962,26.333333333333332,0,354,65,100,0,E5,20,20,0.0,0.0,200,0
hungarian,1132,default,232,20,20,30.85,0,4,32.22641509433962,26.333333333333332,0,354,90,133,0,E5,20,20,0.0,0.0,200,0
cbba,1132,default,232,20,20,30.85,0,4,32.22641509433962,26.333333333333332,0,354,196,300,44,E5,20,20,0.0,0.0,200,0
no_coordination,1133,default,416,20,20,111.8,15,4,107.30188679245283,76.5,1032,175,0,0,0,E5,20,20,0.0,0.0,200,0
claim,1133,default,283,20,20,48.35,6,4,47.37735849056604,46.5,341,282,30,30,0,E5,20,20,0.0,0.0,200,0
mas,1133,default,246,20,20,33.05,0,4,32.490566037735846,30.5,0,374,69,107,0,E5,20,20,0.0,0.0,200,0
mas_iterative,1133,default,246,20,20,33.0,0,4,32.45283018867924,30.5,0,374,69,107,0,E5,20,20,0.0,0.0,200,0
hungarian,1133,default,246,20,20,33.0,0,4,32.45283018867924,30.5,0,374,94,137,0,E5,20,20,0.0,0.0,200,0
cbba,1133,default,246,20,20,31.35,0,4,31.433962264150942,30.5,0,402,208,266,47,E5,20,20,0.0,0.0,200,0
no_coordination,1134,default,415,20,20,136.55,17,4,136.22448979591837,78.0,1074,168,0,0,0,E5,20,20,0.0,0.0,200,0
claim,1134,default,331,20,20,108.95,13,4,105.79591836734694,70.0,660,216,52,52,0,E5,20,20,0.0,0.0,200,0
mas,1134,default,218,20,20,33.05,0,4,31.714285714285715,38.0,0,324,63,97,0,E5,20,20,0.0,0.0,200,0
mas_iterative,1134,default,218,20,20,33.05,0,4,31.714285714285715,38.0,0,324,63,97,0,E5,20,20,0.0,0.0,200,0
hungarian,1134,default,218,20,20,33.05,0,4,31.714285714285715,38.0,0,324,88,144,0,E5,20,20,0.0,0.0,200,0
cbba,1134,default,218,20,20,31.1,0,4,29.591836734693878,31.5,0,340,244,470,56,E5,20,20,0.0,0.0,200,0
no_coordination,1135,default,419,20,20,165.45,16,4,156.1875,126.0,1020,132,0,0,0,E5,20,20,0.0,0.0,200,0
claim,1135,default,328,20,20,139.5,7,4,132.79166666666666,117.2,608,172,44,44,0,E5,20,20,0.0,0.0,200,0
mas,1135,default,209,20,20,35.55,0,4,34.583333333333336,36.2,0,242,61,95,0,E5,20,20,0.0,0.0,200,0
mas_iterative,1135,default,209,20,20,35.55,0,4,34.583333333333336,36.2,0,242,61,95,0,E5,20,20,0.0,0.0,200,0
hungarian,1135,default,209,20,20,35.55,0,4,34.583333333333336,36.2,0,242,88,148,0,E5,20,20,0.0,0.0,200,0
cbba,1135,default,209,20,20,35.55,0,4,34.583333333333336,36.2,0,242,228,506,52,E5,20,20,0.0,0.0,200,0
no_coordination,1136,default,536,20,20,188.95,15,4,188.76470588235293,202.6,1489,93,0,0,0,E5,20,20,0.0,0.0,200,0
claim,1136,default,274,20,20,90.9,4,4,88.92156862745098,75.2,310,137,29,29,0,E5,20,20,0.0,0.0,200,0
mas,1136,default,211,20,20,37.65,0,4,37.627450980392155,35.6,0,194,54,83,0,E5,20,20,0.0,0.0,200,0
mas_iterative,1136,default,211,20,20,37.65,0,4,37.627450980392155,35.6,0,194,54,83,0,E5,20,20,0.0,0.0,200,0
hungarian,1136,default,211,20,20,37.65,0,4,37.627450980392155,35.6,0,194,78,119,0,E5,20,20,0.0,0.0,200,0
cbba,1136,default,211,20,20,36.9,0,4,37.6078431372549,35.0,0,210,248,482,57,E5,20,20,0.0,0.0,200,0
no_coordination,1137,default,475,20,20,162.7,18,4,152.31914893617022,123.75,1305,106,0,0,0,E5,20,20,0.0,0.0,200,0
claim,1137,default,371,20,20,132.65,13,4,121.19148936170212,97.75,822,152,52,52,0,E5,20,20,0.0,0.0,200,0
mas,1137,default,225,20,20,29.25,0,4,28.02127659574468,26.75,0,328,69,106,0,E5,20,20,0.0,0.0,200,0
mas_iterative,1137,default,225,20,20,29.25,0,4,28.02127659574468,26.75,0,328,69,106,0,E5,20,20,0.0,0.0,200,0
hungarian,1137,default,225,20,20,29.25,0,4,28.02127659574468,26.75,0,328,94,133,0,E5,20,20,0.0,0.0,200,0
cbba,1137,default,225,20,20,29.25,0,4,28.02127659574468,26.75,0,328,184,236,41,E5,20,20,0.0,0.0,200,0
no_coordination,1138,default,441,20,20,142.8,17,4,131.87037037037038,72.75,1213,70,0,0,0,E5,20,20,0.0,0.0,200,0
claim,1138,default,221,20,20,54.6,5,4,52.092592592592595,44.75,327,67,30,30,0,E5,20,20,0.0,0.0,200,0
mas,1138,default,214,20,20,27.85,0,4,27.90740740740741,30.0,0,342,68,105,0,E5,20,20,0.0,0.0,200,0
mas_iterative,1138,default,214,20,20,27.8,0,4,27.87037037037037,30.0,0,342,68,105,0,E5,20,20,0.0,0.0,200,0
hungarian,1138,default,214,20,20,27.8,0,4,27.87037037037037,30.0,0,342,90,143,0,E5,20,20,0.0,0.0,200,0
cbba,1138,default,214,20,20,27.8,0,4,27.87037037037037,30.0,0,342,180,292,40,E5,20,20,0.0,0.0,200,0
no_coordination,1139,default,389,20,20,119.55,15,4,114.07407407407408,105.75,1013,78,0,0,0,E5,20,20,0.0,0.0,200,0
claim,1139,default,222,20,20,43.6,8,4,42.53703703703704,33.5,300,82,31,31,0,E5,20,20,0.0,0.0,200,0
mas,1139,default,220,20,20,29.85,0,4,31.38888888888889,33.25,0,347,69,107,0,E5,20,20,0.0,0.0,200,0
mas_iterative,1139,default,220,20,20,29.85,0,4,31.38888888888889,33.25,0,347,69,107,0,E5,20,20,0.0,0.0,200,0
hungarian,1139,default,220,20,20,29.85,0,4,31.38888888888889,33.25,0,347,96,146,0,E5,20,20,0.0,0.0,200,0
cbba,1139,default,220,20,20,29.85,0,4,31.38888888888889,33.25,0,347,200,344,45,E5,20,20,0.0,0.0,200,0
no_coordination,1140,default,444,20,20,152.55,16,4,156.1875,194.25,1184,77,0,0,0,E5,20,20,0.0,0.0,200,0
claim,1140,default,329,20,20,78.5,11,4,80.64583333333333,97.5,751,64,49,49,0,E5,20,20,0.0,0.0,200,0
mas,1140,default,224,20,20,27.55,0,4,27.666666666666668,29.0,0,362,73,113,0,E5,20,20,0.0,0.0,200,0
mas_iterative,1140,default,224,20,20,27.5,0,4,27.625,29.0,0,362,73,113,0,E5,20,20,0.0,0.0,200,0
hungarian,1140,default,224,20,20,27.5,0,4,27.625,29.0,0,362,98,141,0,E5,20,20,0.0,0.0,200,0
cbba,1140,default,224,20,20,27.5,0,4,27.625,29.0,0,362,176,230,39,E5,20,20,0.0,0.0,200,0
no_coordination,1141,default,572,20,20,226.05,17,4,220.03636363636363,227.75,1539,209,0,0,0,E5,20,20,0.0,0.0,200,0
claim,1141,default,315,20,20,120.95,6,4,118.56363636363636,123.125,468,240,37,37,0,E5,20,20,0.0,0.0,200,0
mas,1141,default,227,20,20,37.1,0,4,36.127272727272725,36.5,0,274,55,84,0,E5,20,20,0.0,0.0,200,0
mas_iterative,1141,default,227,20,20,37.05,0,4,36.09090909090909,36.5,0,274,55,84,0,E5,20,20,0.0,0.0,200,0
hungarian,1141,default,227,20,20,37.05,0,4,36.09090909090909,36.5,0,274,76,128,0,E5,20,20,0.0,0.0,200,0
cbba,1141,default,227,20,20,33.55,0,4,34.50909090909091,36.5,0,314,276,476,64,E5,20,20,0.0,0.0,200,0
no_coordination,1142,default,493,20,20,128.25,16,4,121.98,135.75,1310,100,0,0,0,E5,20,20,0.0,0.0,200,0
claim,1142,default,279,20,20,59.35,8,4,57.58,58.25,452,92,37,37,0,E5,20,20,0.0,0.0,200,0
mas,1142,default,230,20,20,29.9,0,4,30.74,35.5,0,330,72,111,0,E5,20,20,0.0,0.0,200,0
mas_iterative,1142,default,230,20,20,29.9,0,4,30.74,35.5,0,330,72,111,0,E5,20,20,0.0,0.0,200,0
hungarian,1142,default,230,20,20,29.9,0,4,30.74,35.5,0,330,98,137,0,E5,20,20,0.0,0.0,200,0
cbba,1142,default,230,20,20,29.9,0,4,30.74,35.5,0,330,180,220,40,E5,20,20,0.0,0.0,200,0
no_coordination,1143,default,461,20,20,136.55,18,4,110.4186046511628,49.333333333333336,1068,213,0,0,0,E5,20,20,0.0,0.0,200,0
claim,1143,default,256,20,20,42.4,5,4,35.81395348837209,22.0,233,237,29,29,0,E5,20,20,0.0,0.0,200,0
mas,1143,default,239,20,20,35.15,0,4,32.7906976744186,22.333333333333332,0,358,57,86,0,E5,20,20,0.0,0.0,200,0
mas_iterative,1143,default,238,20,20,35.0,0,4,32.69767441860465,22.333333333333332,0,354,57,86,0,E5,20,20,0.0,0.0,200,0
hungarian,1143,default,238,20,20,35.0,0,4,32.69767441860465,22.333333333333332,0,354,70,133,0,E5,20,20,0.0,0.0,200,0
cbba,1143,default,238,20,20,35.0,0,4,32.69767441860465,22.333333333333332,0,354,192,444,43,E5,20,20,0.0,0.0,200,0
no_coordination,1144,default,382,20,20,100.45,18,4,90.92156862745098,66.33333333333333,975,74,0,0,0,E5,20,20,0.0,0.0,200,0
claim,1144,default,310,20,20,79.3,11,4,73.90196078431373,58.5,648,88,47,47,0,E5,20,20,0.0,0.0,200,0
mas,1144,default,229,20,20,30.3,0,4,30.568627450980394,29.166666666666668,0,342,68,106,0,E5,20,20,0.0,0.0,200,0
mas_iterative,1144,default,229,20,20,30.2,0,4,30.431372549019606,29.0,0,342,70,109,0,E5,20,20,0.0,0.0,200,0
hungarian,1144,default,229,20,20,30.2,0,4,30.431372549019606,29.0,0,342,94,139,0,E5,20,20,0.0,0.0,200,0
cbba,1144,default,229,20,20,30.45,0,4,30.235294117647058,26.0,0,356,268,392,62,E5,20,20,0.0,0.0,200,0
no_coordination,1145,default,444,20,20,137.25,18,4,127.89285714285714,100.375,1177,77,0,0,0,E5,20,20,0.0,0.0,200,0
claim,1145,default,237,20,20,51.35,7,4,44.57142857142857,36.875,353,92,33,33,0,E5,20,20,0.0,0.0,200,0
mas,1145,default,221,20,20,26.1,0,4,26.035714285714285,27.625,0,368,76,117,0,E5,20,20,0.0,0.0,200,0
mas_iterative,1145,default,221,20,20,26.1,0,4,26.035714285714285,27.625,0,368,76,117,0,E5,20,20,0.0,0.0,200,0
hungarian,1145,default,221,20,20,26.1,0,4,26.035714285714285,27.625,0,368,102,143,0,E5,20,20,0.0,0.0,200,0
cbba,1145,default,221,20,20,26.1,0,4,26.035714285714285,27.625,0,368,180,220,40,E5,20,20,0.0,0.0,200,0
no_coordination,1146,default,522,20,20,164.9,17,4,161.65454545454546,118.0,1450,145,0,0,0,E5,20,20,0.0,0.0,200,0
claim,1146,default,295,20,20,87.05,9,4,83.32727272727273,68.25,483,162,42,42,0,E5,20,20,0.0,0.0,200,0
mas,1146,default,238,20,20,34.1,0,4,34.92727272727273,35.5,0,348,60,92,0,E5,20,20,0.0,0.0,200,0
mas_iterative,1146,default,238,20,20,34.0,0,4,34.836363636363636,35.5,0,348,60,92,0,E5,20,20,0.0,0.0,200,0
hungarian,1146,default,238,20,20,34.85,0,4,35.03636363636364,35.5,0,348,82,137,0,E5,20,20,0.0,0.0,200,0
cbba,1146,default,238,20,20,32.95,0,4,33.72727272727273,33.25,0,374,316,520,74,E5,20,20,0.0,0.0,200,0
no_coordination,1147,default,606,20,20,217.35,19,4,202.89361702127658,107.66666666666667,1801,97,0,0,0,E5,20,20,0.0,0.0,200,0
claim,1147,default,340,20,20,125.35,9,4,121.04255319148936,102.66666666666667,702,108,49,49,0,E5,20,20,0.0,0.0,200,0
mas,1147,default,230,20,20,29.75,0,4,29.106382978723403,34.666666666666664,0,344,74,115,0,E5,20,20,0.0,0.0,200,0
mas_iterative,1147,default,230,20,20,29.65,0,4,29.06382978723404,34.666666666666664,0,344,72,112,0,E5,20,20,0.0,0.0,200,0
hungarian,1147,default,230,20,20,29.65,0,4,29.06382978723404,34.666666666666664,0,344,96,142,0,E5,20,20,0.0,0.0,200,0
cbba,1147,default,230,20,20,29.65,0,4,29.06382978723404,34.666666666666664,0,344,180,250,40,E5,20,20,0.0,0.0,200,0
no_coordination,1149,default,493,20,20,158.15,19,4,143.09615384615384,100.66666666666667,1460,96,0,0,0,E5,20,20,0.0,0.0,200,0
claim,1149,default,450,20,20,151.05,15,4,138.5,100.66666666666667,1171,197,72,72,0,E5,20,20,0.0,0.0,200,0
mas,1149,default,242,20,20,24.9,0,4,25.423076923076923,24.666666666666668,0,472,85,134,0,E5,20,20,0.0,0.0,200,0
mas_iterative,1149,default,242,20,20,24.85,0,4,25.403846153846153,24.666666666666668,0,472,85,134,0,E5,20,20,0.0,0.0,200,0
hungarian,1149,default,242,20,20,24.85,0,4,25.403846153846153,24.666666666666668,0,472,112,166,0,E5,20,20,0.0,0.0,200,0
cbba,1149,default,242,20,20,24.85,0,4,25.403846153846153,24.666666666666668,0,472,176,230,39,E5,20,20,0.0,0.0,200,0
no_coordination,1150,default,405,20,20,113.6,15,4,113.54166666666667,105.2,1120,60,0,0,0,E5,20,20,0.0,0.0,200,0
claim,1150,default,308,20,20,85.45,8,4,83.85416666666667,76.8,595,113,41,41,0,E5,20,20,0.0,0.0,200,0
mas,1150,default,223,20,20,28.4,0,4,29.4375,31.4,0,347,73,114,0,E5,20,20,0.0,0.0,200,0
mas_iterative,1150,default,223,20,20,28.4,0,4,29.4375,31.4,0,347,73,114,0,E5,20,20,0.0,0.0,200,0
hungarian,1150,default,223,20,20,28.4,0,4,29.4375,31.4,0,347,102,149,0,E5,20,20,0.0,0.0,200,0
cbba,1150,default,223,20,20,28.4,0,4,29.4375,31.4,0,347,192,290,43,E5,20,20,0.0,0.0,200,0
no_coordination,1152,default,462,20,20,145.65,18,4,131.4375,93.0,1287,77,0,0,0,E5,20,20,0.0,0.0,200,0
claim,1152,default,251,20,20,51.5,7,4,51.645833333333336,60.5,283,176,31,31,0,E5,20,20,0.0,0.0,200,0
mas,1152,default,245,20,20,30.25,0,4,29.291666666666668,23.0,0,390,68,105,0,E5,20,20,0.0,0.0,200,0
mas_iterative,1152,default,245,20,20,30.15,0,4,29.229166666666668,23.0,0,390,70,108,0,E5,20,20,0.0,0.0,200,0
hungarian,1152,default,245,20,20,30.15,0,4,29.229166666666668,23.0,0,390,86,133,0,E5,20,20,0.0,0.0,200,0
cbba,1152,default,245,20,20,30.15,0,4,29.229166666666668,23.0,0,390,172,240,38,E5,20,20,0.0,0.0,200,0
no_coordination,1153,default,542,20,20,201.0,16,4,205.0566037735849,206.6,1457,145,0,0,0,E5,20,20,0.0,0.0,200,0
claim,1153,default,329,20,20,107.3,8,4,106.33962264150944,103.8,546,136,41,41,0,E5,20,20,0.0,0.0,200,0
mas,1153,default,249,20,20,36.15,0,4,35.75471698113208,35.6,0,330,63,98,0,E5,20,20,0.0,0.0,200,0
mas_iterative,1153,default,249,20,20,36.15,0,4,35.75471698113208,35.6,0,330,63,98,0,E5,20,20,0.0,0.0,200,0
hungarian,1153,default,249,20,20,36.15,0,4,35.75471698113208,35.6,0,330,90,135,0,E5,20,20,0.0,0.0,200,0
cbba,1153,default,249,20,20,32.95,0,4,34.43396226415094,39.0,0,362,232,300,53,E5,20,20,0.0,0.0,200,0
no_coordination,1155,default,495,20,20,180.6,16,4,162.3125,140.0,1342,128,0,0,0,E5,20,20,0.0,0.0,200,0
claim,1155,default,271,20,20,75.65,5,4,69.58333333333333,64.4,372,151,33,33,0,E5,20,20,0.0,0.0,200,0
mas,1155,default,218,20,20,32.45,0,4,31.354166666666668,33.2,0,291,60,93,0,E5,20,20,0.0,0.0,200,0
mas_iterative,1155,default,218,20,20,32.45,0,4,31.354166666666668,33.2,0,291,60,93,0,E5,20,20,0.0,0.0,200,0
hungarian,1155,default,218,20,20,32.45,0,4,31.354166666666668,33.2,0,291,86,125,0,E5,20,20,0.0,0.0,200,0
cbba,1155,default,218,20,20,32.45,0,4,31.354166666666668,33.2,0,291,192,276,43,E5,20,20,0.0,0.0,200,0
no_coordination,1156,default,457,20,20,126.4,18,4,127.48936170212765,203.0,1172,125,0,0,0,E5,20,20,0.0,0.0,200,0
claim,1156,default,315,20,20,71.1,9,4,71.31914893617021,75.0,515,142,42,42,0,E5,20,20,0.0,0.0,200,0
mas,1156,default,246,20,20,36.45,0,4,38.191489361702125,58.0,0,324,68,105,0,E5,20,20,0.0,0.0,200,0
mas_iterative,1156,default,246,20,20,36.4,0,4,38.148936170212764,58.0,0,324,68,105,0,E5,20,20,0.0,0.0,200,0
hungarian,1156,default,246,20,20,36.3,0,4,38.06382978723404,58.0,0,326,92,138,0,E5,20,20,0.0,0.0,200,0
cbba,1156,default,246,20,20,35.65,0,4,37.148936170212764,58.0,0,346,252,410,58,E5,20,20,0.0,0.0,200,0
no_coordination,1157,default,500,20,20,166.2,17,4,168.39583333333334,185.66666666666666,1391,75,0,0,0,E5,20,20,0.0,0.0,200,0
claim,1157,default,323,20,20,126.6,10,4,126.75,123.66666666666667,657,78,42,42,0,E5,20,20,0.0,0.0,200,0
mas,1157,default,235,20,20,32.55,0,4,33.895833333333336,33.0,0,345,67,105,0,E5,20,20,0.0,0.0,200,0
mas_iterative,1157,default,235,20,20,32.5,0,4,33.875,33.0,0,345,67,105,0,E5,20,20,0.0,0.0,200,0
hungarian,1157,default,235,20,20,32.5,0,4,33.875,33.0,0,345,94,145,0,E5,20,20,0.0,0.0,200,0
cbba,1157,default,235,20,20,31.5,0,4,32.6875,33.0,0,373,332,544,78,E5,20,20,0.0,0.0,200,0
no_coordination,1000,default,458,20,20,65.4,18,4,60.02173913043478,63.0,1238,133,0,0,0,E5,20,20,0.0,0.0,400,0
claim,1000,default,399,20,20,36.1,13,4,35.95652173913044,41.666666666666664,848,299,56,56,0,E5,20,20,0.0,0.0,400,0
mas,1000,default,385,20,20,25.8,0,4,24.91304347826087,26.666666666666668,0,1030,92,148,0,E5,20,20,0.0,0.0,400,0
mas_iterative,1000,default,385,20,20,25.8,0,4,24.91304347826087,26.666666666666668,0,1030,92,148,0,E5,20,20,0.0,0.0,400,0
hungarian,1000,default,385,20,20,24.8,0,4,24.043478260869566,26.666666666666668,0,1050,138,203,0,E5,20,20,0.0,0.0,400,0
cbba,1000,default,385,20,20,24.8,0,4,24.043478260869566,26.666666666666668,0,1050,176,226,39,E5,20,20,0.0,0.0,400,0
no_coordination,1001,default,532,20,20,80.6,17,4,77.5,82.2,1515,148,0,0,0,E5,20,20,0.0,0.0,400,0
claim,1001,default,468,20,20,51.55,14,4,49.785714285714285,55.2,1177,207,67,67,0,E5,20,20,0.0,0.0,400,0
mas,1001,default,425,20,20,26.05,0,4,25.946428571428573,27.8,0,1175,100,161,0,E5,20,20,0.0,0.0,400,0
mas_iterative,1001,default,425,20,20,26.05,0,4,25.946428571428573,27.8,0,1175,100,161,0,E5,20,20,0.0,0.0,400,0
hungarian,1001,default,425,20,20,26.05,0,4,25.946428571428573,27.8,0,1175,142,203,0,E5,20,20,0.0,0.0,400,0
cbba,1001,default,425,20,20,26.05,0,4,25.946428571428573,27.8,0,1175,180,220,40,E5,20,20,0.0,0.0,400,0
no_coordination,1002,default,574,20,20,99.25,17,4,94.26086956521739,98.5,1571,226,0,0,0,E5,20,20,0.0,0.0,400,0
claim,1002,default,438,20,20,51.0,11,4,48.71739130434783,50.0,915,321,57,57,0,E5,20,20,0.0,0.0,400,0
mas,1002,default,432,20,20,27.6,0,4,28.73913043478261,31.0,0,1172,98,157,0,E5,20,20,0.0,0.0,400,0
mas_iterative,1002,default,432,20,20,27.6,0,4,28.73913043478261,31.0,0,1172,98,157,0,E5,20,20,0.0,0.0,400,0
hungarian,1002,default,432,20,20,27.6,0,4,28.73913043478261,31.0,0,1172,138,197,0,E5,20,20,0.0,0.0,400,0
cbba,1002,default,432,20,20,27.15,0,4,28.195652173913043,31.0,0,1196,300,370,70,E5,20,20,0.0,0.0,400,0
no_coordination,1003,default,510,20,20,42.6,18,4,38.708333333333336,31.0,1143,508,0,0,0,E5,20,20,0.0,0.0,400,0
claim,1003,default,515,20,20,41.25,15,4,37.916666666666664,30.333333333333332,969,681,62,62,0,E5,20,20,0.0,0.0,400,0
mas,1003,default,429,20,20,25.85,0,4,25.104166666666668,22.0,0,1195,92,147,0,E5,20,20,0.0,0.0,400,0
mas_iterative,1003,default,429,20,20,25.85,0,4,25.104166666666668,22.0,0,1195,92,147,0,E5,20,20,0.0,0.0,400,0
hungarian,1003,default,429,20,20,25.85,0,4,25.104166666666668,22.0,0,1195,130,185,0,E5,20,20,0.0,0.0,400,0
cbba,1003,default,429,20,20,24.35,0,4,23.583333333333332,20.5,0,1231,224,288,51,E5,20,20,0.0,0.0,400,0
no_coordination,1004,default,599,20,20,107.95,19,4,116.46808510638297,153.33333333333334,1497,359,0,0,0,E5,20,20,0.0,0.0,400,0
claim,1004,default,447,20,20,66.3,11,4,67.80851063829788,69.0,860,359,56,56,0,E5,20,20,0.0,0.0,400,0
mas,1004,default,426,20,20,29.8,0,4,30.29787234042553,37.666666666666664,0,1122,90,144,0,E5,20,20,0.0,0.0,400,0
mas_iterative,1004,default,426,20,20,29.8,0,4,30.29787234042553,37.666666666666664,0,1122,90,144,0,E5,20,20,0.0,0.0,400,0
hungarian,1004,default,426,20,20,29.8,0,4,30.29787234042553,37.666666666666664,0,1122,128,182,0,E5,20,20,0.0,0.0,400,0
cbba,1004,default,426,20,20,29.8,0,4,30.29787234042553,37.666666666666664,0,1122,180,220,40,E5,20,20,0.0,0.0,400,0
no_coordination,1005,default,520,20,20,61.2,16,4,57.527272727272724,56.0,1302,314,0,0,0,E5,20,20,0.0,0.0,400,0
claim,1005,default,449,20,20,46.4,12,4,46.45454545454545,50.666666666666664,889,474,57,57,0,E5,20,20,0.0,0.0,400,0
mas,1005,default,411,20,20,26.35,0,4,28.654545454545456,34.5,0,1115,94,150,0,E5,20,20,0.0,0.0,400,0
mas_iterative,1005,default,411,20,20,26.3,0,4,28.6,34.5,0,1115,94,150,0,E5,20,20,0.0,0.0,400,0
hungarian,1005,default,411,20,20,26.3,0,4,28.6,34.5,0,1115,126,187,0,E5,20,20,0.0,0.0,400,0
cbba,1005,default,411,20,20,25.5,0,4,27.563636363636363,33.0,0,1145,288,370,67,E5,20,20,0.0,0.0,400,0
no_coordination,1006,default,489,20,20,47.4,17,4,43.23076923076923,37.5,1231,303,0,0,0,E5,20,20,0.0,0.0,400,0
claim,1006,default,489,20,20,44.65,14,4,40.92307692307692,37.5,1064,446,65,65,0,E5,20,20,0.0,0.0,400,0
mas,1006,default,435,20,20,25.35,0,4,25.384615384615383,28.0,0,1229,90,144,0,E5,20,20,0.0,0.0,400,0
mas_iterative,1006,default,435,20,20,25.35,0,4,25.384615384615383,28.0,0,1229,90,144,0,E5,20,20,0.0,0.0,400,0
hungarian,1006,default,435,20,20,25.35,0,4,25.384615384615383,28.0,0,1229,128,182,0,E5,20,20,0.0,0.0,400,0
cbba,1006,default,435,20,20,24.7,0,4,24.358974358974358,23.5,0,1261,332,410,78,E5,20,20,0.0,0.0,400,0
no_coordination,1007,default,510,20,20,95.0,20,4,92.86666666666666,49.0,1422,226,0,0,0,E5,20,20,0.0,0.0,400,0
claim,1007,default,510,20,20,95.0,20,4,92.86666666666666,49.0,1422,226,86,86,0,E5,20,20,0.0,0.0,400,0
mas,1007,default,402,20,20,23.35,0,4,24.155555555555555,28.0,0,1149,94,150,0,E5,20,20,0.0,0.0,400,0
mas_iterative,1007,default,402,20,20,23.35,0,4,24.155555555555555,28.0,0,1149,94,150,0,E5,20,20,0.0,0.0,400,0
hungarian,1007,default,402,20,20,23.35,0,4,24.155555555555555,28.0,0,1149,132,188,0,E5,20,20,0.0,0.0,400,0
cbba,1007,default,395,20,20,21.65,0,4,23.0,28.0,0,1159,308,380,72,E5,20,20,0.0,0.0,400,0
no_coordination,1008,default,493,20,20,93.2,18,4,91.34,81.25,1335,132,0,0,0,E5,20,20,0.0,0.0,400,0
claim,1008,default,448,20,20,74.35,13,4,72.7,58.5,1076,226,61,61,0,E5,20,20,0.0,0.0,400,0
mas,1008,default,416,20,20,28.05,0,4,28.32,27.5,0,1100,88,140,0,E5,20,20,0.0,0.0,400,0
mas_iterative,1008,default,416,20,20,28.05,0,4,28.32,27.5,0,1100,88,140,0,E5,20,20,0.0,0.0,400,0
hungarian,1008,default,416,20,20,28.05,0,4,28.32,27.5,0,1100,124,176,0,E5,20,20,0.0,0.0,400,0
cbba,1008,default,416,20,20,27.15,0,4,27.88,27.5,0,1118,188,230,42,E5,20,20,0.0,0.0,400,0
no_coordination,1009,default,611,20,20,143.3,19,4,141.14893617021278,122.33333333333333,1720,150,0,0,0,E5,20,20,0.0,0.0,400,0
claim,1009,default,488,20,20,67.05,14,4,64.14893617021276,61.666666666666664,1147,222,63,63,0,E5,20,20,0.0,0.0,400,0
mas,1009,default,438,20,20,29.3,0,4,29.93617021276596,29.666666666666668,0,1164,102,164,0,E5,20,20,0.0,0.0,400,0
mas_iterative,1009,default,438,20,20,29.2,0,4,29.872340425531913,29.666666666666668,0,1164,102,164,0,E5,20,20,0.0,0.0,400,0
hungarian,1009,default,438,20,20,29.2,0,4,29.872340425531913,29.666666666666668,0,1164,134,205,0,E5,20,20,0.0,0.0,400,0
cbba,1009,default,438,20,20,29.2,0,4,29.872340425531913,29.666666666666668,0,1164,172,240,38,E5,20,20,0.0,0.0,400,0
no_coordination,1010,default,503,20,20,98.2,18,4,96.9622641509434,89.2,1360,203,0,0,0,E5,20,20,0.0,0.0,400,0
claim,1010,default,488,20,20,50.3,16,4,51.094339622641506,46.0,1104,381,66,66,0,E5,20,20,0.0,0.0,400,0
mas,1010,default,418,20,20,24.75,0,4,24.962264150943398,26.2,0,1179,93,149,0,E5,20,20,0.0,0.0,400,0
mas_iterative,1010,default,418,20,20,24.7,0,4,24.92452830188679,26.2,0,1179,93,149,0,E5,20,20,0.0,0.0,400,0
hungarian,1010,default,418,20,20,24.7,0,4,24.92452830188679,26.2,0,1179,130,189,0,E5,20,20,0.0,0.0,400,0
cbba,1010,default,418,20,20,24.7,0,4,24.92452830188679,26.2,0,1179,176,230,39,E5,20,20,0.0,0.0,400,0
no_coordination,1011,default,500,20,20,59.35,19,4,54.48148148148148,37.6,1371,163,0,0,0,E5,20,20,0.0,0.0,400,0
claim,1011,default,416,20,20,45.2,15,4,42.53703703703704,35.6,1033,168,62,62,0,E5,20,20,0.0,0.0,400,0
mas,1011,default,416,20,20,25.3,0,4,24.35185185185185,23.2,0,1158,91,146,0,E5,20,20,0.0,0.0,400,0
mas_iterative,1011,default,416,20,20,25.3,0,4,24.35185185185185,23.2,0,1158,91,146,0,E5,20,20,0.0,0.0,400,0
hungarian,1011,default,416,20,20,25.3,0,4,24.35185185185185,23.2,0,1158,130,185,0,E5,20,20,0.0,0.0,400,0
cbba,1011,default,416,20,20,25.3,0,4,24.35185185185185,23.2,0,1158,180,220,40,E5,20,20,0.0,0.0,400,0
no_coordination,1012,default,485,20,20,76.65,17,4,73.90566037735849,71.0,1212,275,0,0,0,E5,20,20,0.0,0.0,400,0
claim,1012,default,502,20,20,78.1,18,4,75.0,71.0,1313,276,84,84,0,E5,20,20,0.0,0.0,400,0
mas,1012,default,410,20,20,24.2,0,4,25.39622641509434,28.4,0,1154,100,161,0,E5,20,20,0.0,0.0,400,0
mas_iterative,1012,default,410,20,20,24.1,0,4,25.32075471698113,28.4,0,1154,100,161,0,E5,20,20,0.0,0.0,400,0
hungarian,1012,default,410,20,20,24.1,0,4,25.32075471698113,28.4,0,1154,136,202,0,E5,20,20,0.0,0.0,400,0
cbba,1012,default,410,20,20,23.35,0,4,24.50943396226415,28.4,0,1174,216,280,49,E5,20,20,0.0,0.0,400,0
no_coordination,1013,default,489,20,20,92.85,18,4,93.26829268292683,nan,1371,113,0,0,0,E5,20,20,0.0,0.0,400,0
claim,1013,default,412,20,20,75.75,12,4,74.0,nan,830,292,51,51,0,E5,20,20,0.0,0.0,400,0
mas,1013,default,412,20,20,26.85,0,4,28.024390243902438,nan,0,1107,100,161,0,E5,20,20,0.0,0.0,400,0
mas_iterative,1013,default,412,20,20,26.85,0,4,28.024390243902438,nan,0,1107,100,161,0,E5,20,20,0.0,0.0,400,0
hungarian,1013,default,412,20,20,26.85,0,4,28.024390243902438,nan,0,1107,142,203,0,E5,20,20,0.0,0.0,400,0
cbba,1013,default,412,20,20,26.85,0,4,28.024390243902438,nan,0,1107,180,220,40,E5,20,20,0.0,0.0,400,0
no_coordination,1014,default,508,20,20,98.0,16,4,94.52,86.0,1443,101,0,0,0,E5,20,20,0.0,0.0,400,0
claim,1014,default,443,20,20,79.55,13,4,74.7,72.5,1155,95,63,63,0,E5,20,20,0.0,0.0,400,0
mas,1014,default,408,20,20,26.0,0,4,26.08,39.0,0,1108,95,152,0,E5,20,20,0.0,0.0,400,0
mas_iterative,1014,default,408,20,20,26.0,0,4,26.08,39.0,0,1108,95,152,0,E5,20,20,0.0,0.0,400,0
hungarian,1014,default,408,20,20,26.0,0,4,26.08,39.0,0,1108,134,191,0,E5,20,20,0.0,0.0,400,0
cbba,1014,default,408,20,20,26.0,0,4,26.08,39.0,0,1108,180,220,40,E5,20,20,0.0,0.0,400,0
no_coordination,1015,default,569,20,20,113.35,19,4,110.04,122.66666666666667,1616,126,0,0,0,E5,20,20,0.0,0.0,400,0
claim,1015,default,507,20,20,106.8,16,4,104.22,117.0,1351,121,69,69,0,E5,20,20,0.0,0.0,400,0
mas,1015,default,436,20,20,29.2,0,4,29.74,28.333333333333332,0,1156,100,161,0,E5,20,20,0.0,0.0,400,0
mas_iterative,1015,default,436,20,20,29.2,0,4,29.74,28.333333333333332,0,1156,100,161,0,E5,20,20,0.0,0.0,400,0
hungarian,1015,default,436,20,20,29.2,0,4,29.74,28.333333333333332,0,1156,142,203,0,E5,20,20,0.0,0.0,400,0
cbba,1015,default,436,20,20,29.2,0,4,29.74,28.333333333333332,0,1156,180,220,40,E5,20,20,0.0,0.0,400,0
no_coordination,1016,default,524,20,20,81.25,19,4,77.12,71.5,1349,310,0,0,0,E5,20,20,0.0,0.0,400,0
claim,1016,default,503,20,20,79.15,17,4,75.02,68.0,1259,336,75,75,0,E5,20,20,0.0,0.0,400,0
mas,1016,default,414,20,20,23.0,0,4,23.8,21.833333333333332,0,1192,96,154,0,E5,20,20,0.0,0.0,400,0
mas_iterative,1016,default,414,20,20,23.0,0,4,23.8,21.833333333333332,0,1192,96,154,0,E5,20,20,0.0,0.0,400,0
hungarian,1016,default,414,20,20,23.0,0,4,23.8,21.833333333333332,0,1192,136,194,0,E5,20,20,0.0,0.0,400,0
cbba,1016,default,414,20,20,22.15,0,4,23.3,21.833333333333332,0,1210,188,230,42,E5,20,20,0.0,0.0,400,0
no_coordination,1017,default,433,20,20,82.2,16,4,80.65384615384616,73.33333333333333,1166,127,0,0,0,E5,20,20,0.0,0.0,400,0
claim,1017,default,387,20,20,36.9,12,4,36.32692307692308,32.0,691,383,50,50,0,E5,20,20,0.0,0.0,400,0
mas,1017,default,387,20,20,26.85,0,4,27.46153846153846,29.666666666666668,0,1015,89,142,0,E5,20,20,0.0,0.0,400,0
mas_iterative,1017,default,387,20,20,26.75,0,4,27.403846153846153,29.666666666666668,0,1015,89,142,0,E5,20,20,0.0,0.0,400,0
hungarian,1017,default,387,20,20,26.75,0,4,27.403846153846153,29.666666666666668,0,1015,118,179,0,E5,20,20,0.0,0.0,400,0
cbba,1017,default,387,20,20,26.75,0,4,27.403846153846153,29.666666666666668,0,1015,172,238,38,E5,20,20,0.0,0.0,400,0
no_coordination,1018,default,485,20,20,118.85,17,4,114.6590909090909,119.66666666666667,1267,72,0,0,0,E5,20,20,0.0,0.0,400,0
claim,1018,default,356,20,20,67.15,10,4,66.47727272727273,69.33333333333333,682,94,46,46,0,E5,20,20,0.0,0.0,400,0
mas,1018,default,349,20,20,34.15,0,4,34.61363636363637,37.0,0,712,82,129,0,E5,20,20,0.0,0.0,400,0
mas_iterative,1018,default,349,20,20,34.15,0,4,34.61363636363637,37.0,0,712,82,129,0,E5,20,20,0.0,0.0,400,0
hungarian,1018,default,349,20,20,34.15,0,4,34.61363636363637,37.0,0,712,114,161,0,E5,20,20,0.0,0.0,400,0
cbba,1018,default,349,20,20,33.45,0,4,33.79545454545455,37.0,0,728,220,270,50,E5,20,20,0.0,0.0,400,0
no_coordination,1019,default,559,20,20,113.3,19,4,108.43137254901961,75.66666666666667,1616,128,0,0,0,E5,20,20,0.0,0.0,400,0
claim,1019,default,468,20,20,44.0,13,4,43.05882352941177,46.0,1036,328,59,59,0,E5,20,20,0.0,0.0,400,0
mas,1019,default,417,20,20,28.0,0,4,27.647058823529413,22.666666666666668,0,1123,92,148,0,E5,20,20,0.0,0.0,400,0
mas_iterative,1019,default,417,20,20,28.0,0,4,27.647058823529413,22.666666666666668,0,1123,92,148,0,E5,20,20,0.0,0.0,400,0
hungarian,1019,default,417,20,20,28.0,0,4,27.647058823529413,22.666666666666668,0,1123,132,194,0,E5,20,20,0.0,0.0,400,0
cbba,1019,default,417,20,20,28.0,0,4,27.647058823529413,22.666666666666668,0,1123,188,272,42,E5,20,20,0.0,0.0,400,0
no_coordination,1020,default,619,20,20,164.25,20,4,170.04347826086956,175.5,1857,85,0,0,0,E5,20,20,0.0,0.0,400,0
claim,1020,default,619,20,20,164.25,20,4,170.04347826086956,175.5,1857,85,89,89,0,E5,20,20,0.0,0.0,400,0
mas,1020,default,414,20,20,27.9,0,4,28.456521739130434,27.0,0,1094,96,154,0,E5,20,20,0.0,0.0,400,0
mas_iterative,1020,default,414,20,20,27.9,0,4,28.456521739130434,27.0,0,1094,96,154,0,E5,20,20,0.0,0.0,400,0
hungarian,1020,default,414,20,20,27.9,0,4,28.456521739130434,27.0,0,1094,136,194,0,E5,20,20,0.0,0.0,400,0
cbba,1020,default,414,20,20,27.9,0,4,28.456521739130434,27.0,0,1094,180,220,40,E5,20,20,0.0,0.0,400,0
no_coordination,1021,default,534,20,20,102.95,18,4,103.08695652173913,116.33333333333333,1399,114,0,0,0,E5,20,20,0.0,0.0,400,0
claim,1021,default,483,20,20,74.8,14,4,73.58695652173913,74.66666666666667,1171,233,60,60,0,E5,20,20,0.0,0.0,400,0
mas,1021,default,410,20,20,29.8,0,4,30.804347826086957,41.0,0,1040,94,149,0,E5,20,20,0.0,0.0,400,0
mas_iterative,1021,default,410,20,20,29.8,0,4,30.804347826086957,41.0,0,1040,94,149,0,E5,20,20,0.0,0.0,400,0
hungarian,1021,default,410,20,20,29.8,0,4,30.804347826086957,41.0,0,1040,130,185,0,E5,20,20,0.0,0.0,400,0
cbba,1021,default,410,20,20,28.95,0,4,30.304347826086957,41.0,0,1072,288,378,67,E5,20,20,0.0,0.0,400,0
no_coordination,1022,default,553,20,20,118.95,16,4,107.98039215686275,89.5,1441,226,0,0,0,E5,20,20,0.0,0.0,400,0
claim,1022,default,485,20,20,71.05,13,4,66.09803921568627,58.0,1159,226,62,62,0,E5,20,20,0.0,0.0,400,0
mas,1022,default,417,20,20,29.1,0,4,28.980392156862745,27.0,0,1084,81,127,0,E5,20,20,0.0,0.0,400,0
mas_iterative,1022,default,417,20,20,29.05,0,4,28.96078431372549,27.0,0,1084,81,127,0,E5,20,20,0.0,0.0,400,0
hungarian,1022,default,417,20,20,29.05,0,4,28.96078431372549,27.0,0,1084,108,158,0,E5,20,20,0.0,0.0,400,0
cbba,1022,default,417,20,20,28.2,0,4,28.431372549019606,27.0,0,1102,192,248,43,E5,20,20,0.0,0.0,400,0
no_coordination,1023,default,536,20,20,130.95,16,4,126.31372549019608,102.66666666666667,1413,99,0,0,0,E5,20,20,0.0,0.0,400,0
claim,1023,default,488,20,20,84.35,13,4,82.15686274509804,70.66666666666667,1209,161,67,67,0,E5,20,20,0.0,0.0,400,0
mas,1023,default,430,20,20,29.25,0,4,29.03921568627451,31.333333333333332,0,1131,93,148,0,E5,20,20,0.0,0.0,400,0
mas_iterative,1023,default,430,20,20,29.25,0,4,29.03921568627451,31.333333333333332,0,1131,93,148,0,E5,20,20,0.0,0.0,400,0
hungarian,1023,default,430,20,20,29.25,0,4,29.03921568627451,31.333333333333332,0,1131,130,185,0,E5,20,20,0.0,0.0,400,0
cbba,1023,default,430,20,20,29.25,0,4,29.03921568627451,31.333333333333332,0,1131,180,220,40,E5,20,20,0.0,0.0,400,0
no_coordination,1024,default,487,20,20,115.8,17,4,109.04081632653062,91.66666666666667,1341,81,0,0,0,E5,20,20,0.0,0.0,400,0
claim,1024,default,422,20,20,44.9,12,4,45.857142857142854,39.0,742,435,50,50,0,E5,20,20,0.0,0.0,400,0
mas,1024,default,422,20,20,29.75,0,4,31.897959183673468,34.0,0,1102,91,145,0,E5,20,20,0.0,0.0,400,0
mas_iterative,1024,default,422,20,20,29.65,0,4,31.775510204081634,34.0,0,1102,91,145,0,E5,20,20,0.0,0.0,400,0
hungarian,1024,default,422,20,20,29.65,0,4,31.775510204081634,34.0,0,1102,124,182,0,E5,20,20,0.0,0.0,400,0
cbba,1024,default,422,20,20,29.65,0,4,31.775510204081634,34.0,0,1102,176,228,39,E5,20,20,0.0,0.0,400,0
no_coordination,1025,default,453,20,20,61.35,17,4,57.38775510204081,40.0,1223,169,0,0,0,E5,20,20,0.0,0.0,400,0
claim,1025,default,405,20,20,54.05,14,4,48.673469387755105,39.25,883,297,56,56,0,E5,20,20,0.0,0.0,400,0
mas,1025,default,382,20,20,25.1,0,4,24.06122448979592,16.0,0,1026,92,147,0,E5,20,20,0.0,0.0,400,0
mas_iterative,1025,default,382,20,20,25.05,0,4,24.040816326530614,16.0,0,1026,92,147,0,E5,20,20,0.0,0.0,400,0
hungarian,1025,default,382,20,20,24.45,0,4,23.857142857142858,16.25,0,1038,126,185,0,E5,20,20,0.0,0.0,400,0
cbba,1025,default,382,20,20,25.3,0,4,24.6734693877551,17.5,0,1040,328,430,77,E5,20,20,0.0,0.0,400,0
no_coordination,1026,default,643,20,20,133.6,20,4,123.94339622641509,99.33333333333333,1766,260,0,0,0,E5,20,20,0.0,0.0,400,0
claim,1026,default,503,20,20,94.8,13,4,92.41509433962264,89.16666666666667,1095,342,59,59,0,E5,20,20,0.0,0.0,400,0
mas,1026,default,422,20,20,29.25,0,4,29.339622641509433,27.833333333333332,0,1100,96,153,0,E5,20,20,0.0,0.0,400,0
mas_iterative,1026,default,422,20,20,29.2,0,4,29.32075471698113,27.833333333333332,0,1100,96,153,0,E5,20,20,0.0,0.0,400,0
hungarian,1026,default,422,20,20,29.2,0,4,29.32075471698113,27.833333333333332,0,1100,128,190,0,E5,20,20,0.0,0.0,400,0
cbba,1026,default,422,20,20,29.2,0,4,29.32075471698113,27.833333333333332,0,1100,176,230,39,E5,20,20,0.0,0.0,400,0
no_coordination,1027,default,564,20,20,137.5,19,4,131.68085106382978,124.0,1626,99,0,0,0,E5,20,20,0.0,0.0,400,0
claim,1027,default,512,20,20,129.9,16,4,124.02127659574468,111.0,1361,177,71,71,0,E5,20,20,0.0,0.0,400,0
mas,1027,default,390,20,20,28.9,0,4,27.893617021276597,25.5,0,982,90,143,0,E5,20,20,0.0,0.0,400,0
mas_iterative,1027,default,390,20,20,28.9,0,4,27.893617021276597,25.5,0,982,90,143,0,E5,20,20,0.0,0.0,400,0
hungarian,1027,default,390,20,20,28.9,0,4,27.893617021276597,25.5,0,982,126,181,0,E5,20,20,0.0,0.0,400,0
cbba,1027,default,390,20,20,28.7,0,4,27.595744680851062,25.0,0,992,232,298,53,E5,20,20,0.0,0.0,400,0
no_coordination,1028,default,650,20,20,182.3,20,4,169.38636363636363,133.0,1818,235,0,0,0,E5,20,20,0.0,0.0,400,0
claim,1028,default,633,20,20,180.85,18,4,168.0681818181818,133.0,1749,229,84,84,0,E5,20,20,0.0,0.0,400,0
mas,1028,default,406,20,20,30.1,0,4,30.65909090909091,26.0,0,1020,86,138,0,E5,20,20,0.0,0.0,400,0
mas_iterative,1028,default,406,20,20,30.1,0,4,30.65909090909091,26.0,0,1020,86,138,0,E5,20,20,0.0,0.0,400,0
hungarian,1028,default,406,20,20,30.1,0,4,30.65909090909091,26.0,0,1020,124,176,0,E5,20,20,0.0,0.0,400,0
cbba,1028,default,406,20,20,30.1,0,4,30.65909090909091,26.0,0,1020,180,220,40,E5,20,20,0.0,0.0,400,0
no_coordination,1030,default,547,20,20,95.75,19,4,88.45238095238095,32.5,1548,130,0,0,0,E5,20,20,0.0,0.0,400,0
claim,1030,default,392,20,20,62.6,12,4,58.285714285714285,32.5,826,204,55,55,0,E5,20,20,0.0,0.0,400,0
mas,1030,default,392,20,20,27.5,0,4,26.595238095238095,13.0,0,1016,96,154,0,E5,20,20,0.0,0.0,400,0
mas_iterative,1030,default,392,20,20,27.4,0,4,26.523809523809526,13.0,0,1016,96,154,0,E5,20,20,0.0,0.0,400,0
hungarian,1030,default,392,20,20,27.4,0,4,26.523809523809526,13.0,0,1016,128,194,0,E5,20,20,0.0,0.0,400,0
cbba,1030,default,392,20,20,27.4,0,4,26.523809523809526,13.0,0,1016,172,238,38,E5,20,20,0.0,0.0,400,0
no_coordination,1031,default,528,20,20,101.95,19,4,92.12727272727273,79.71428571428571,1463,151,0,0,0,E5,20,20,0.0,0.0,400,0
claim,1031,default,413,20,20,67.4,13,4,59.74545454545454,55.42857142857143,921,215,59,59,0,E5,20,20,0.0,0.0,400,0
mas,1031,default,386,20,20,27.9,0,4,27.10909090909091,24.0,0,994,79,125,0,E5,20,20,0.0,0.0,400,0
mas_iterative,1031,default,386,20,20,27.9,0,4,27.10909090909091,24.0,0,994,79,125,0,E5,20,20,0.0,0.0,400,0
hungarian,1031,default,386,20,20,27.9,0,4,27.10909090909091,24.0,0,994,112,160,0,E5,20,20,0.0,0.0,400,0
cbba,1031,default,386,20,20,27.0,0,4,26.727272727272727,23.857142857142858,0,1032,336,456,79,E5,20,20,0.0,0.0,400,0
no_coordination,1032,default,524,20,20,99.25,18,4,90.93617021276596,63.5,1356,231,0,0,0,E5,20,20,0.0,0.0,400,0
claim,1032,default,393,20,20,62.05,11,4,58.148936170212764,54.0,735,301,48,48,0,E5,20,20,0.0,0.0,400,0
mas,1032,default,385,20,20,28.6,0,4,28.46808510638298,21.0,0,964,86,137,0,E5,20,20,0.0,0.0,400,0
mas_iterative,1032,default,385,20,20,28.6,0,4,28.46808510638298,21.0,0,964,86,137,0,E5,20,20,0.0,0.0,400,0
hungarian,1032,default,385,20,20,28.6,0,4,28.46808510638298,21.0,0,964,122,173,0,E5,20,20,0.0,0.0,400,0
cbba,1032,default,385,20,20,28.6,0,4,28.46808510638298,21.0,0,964,180,220,40,E5,20,20,0.0,0.0,400,0
no_coordination,1033,default,627,20,20,140.15,17,4,142.4814814814815,139.0,1692,134,0,0,0,E5,20,20,0.0,0.0,400,0
claim,1033,default,452,20,20,79.45,13,4,76.24074074074075,62.4,983,223,58,58,0,E5,20,20,0.0,0.0,400,0
mas,1033,default,431,20,20,32.4,0,4,31.98148148148148,32.2,0,1073,100,161,0,E5,20,20,0.0,0.0,400,0
mas_iterative,1033,default,431,20,20,32.35,0,4,31.962962962962962,32.2,0,1073,100,161,0,E5,20,20,0.0,0.0,400,0
hungarian,1033,default,431,20,20,32.35,0,4,31.962962962962962,32.2,0,1073,136,202,0,E5,20,20,0.0,0.0,400,0
cbba,1033,default,431,20,20,32.35,0,4,31.962962962962962,32.2,0,1073,176,230,39,E5,20,20,0.0,0.0,400,0
no_coordination,1034,default,619,20,20,159.9,19,4,148.53333333333333,157.0,1775,99,0,0,0,E5,20,20,0.0,0.0,400,0
claim,1034,default,443,20,20,105.35,12,4,97.6,104.5,1077,83,62,62,0,E5,20,20,0.0,0.0,400,0
mas,1034,default,397,20,20,32.65,0,4,31.711111111111112,26.0,0,992,87,140,0,E5,20,20,0.0,0.0,400,0
mas_iterative,1034,default,397,20,20,32.65,0,4,31.711111111111112,26.0,0,992,87,140,0,E5,20,20,0.0,0.0,400,0
hungarian,1034,default,397,20,20,32.65,0,4,31.711111111111112,26.0,0,992,126,183,0,E5,20,20,0.0,0.0,400,0
cbba,1034,default,397,20,20,32.65,0,4,31.711111111111112,26.0,0,992,188,258,42,E5,20,20,0.0,0.0,400,0
no_coordination,1035,default,547,20,20,86.45,19,4,78.75925925925925,60.0,1548,126,0,0,0,E5,20,20,0.0,0.0,400,0
claim,1035,default,465,20,20,58.25,14,4,53.574074074074076,36.8,1085,239,63,63,0,E5,20,20,0.0,0.0,400,0
mas,1035,default,421,20,20,29.05,0,4,28.62962962962963,27.6,0,1106,86,137,0,E5,20,20,0.0,0.0,400,0
mas_iterative,1035,default,421,20,20,29.05,0,4,28.62962962962963,27.6,0,1106,86,137,0,E5,20,20,0.0,0.0,400,0
hungarian,1035,default,421,20,20,29.05,0,4,28.62962962962963,27.6,0,1106,122,173,0,E5,20,20,0.0,0.0,400,0
cbba,1035,default,421,20,20,28.05,0,4,27.444444444444443,25.2,0,1128,196,240,44,E5,20,20,0.0,0.0,400,0
no_coordination,1036,default,625,20,20,113.1,19,4,104.06122448979592,92.5,1639,268,0,0,0,E5,20,20,0.0,0.0,400,0
claim,1036,default,531,20,20,80.75,14,4,78.22448979591837,90.0,1203,284,70,70,0,E5,20,20,0.0,0.0,400,0
mas,1036,default,458,20,20,33.1,0,4,32.08163265306123,27.75,0,1194,88,140,0,E5,20,20,0.0,0.0,400,0
mas_iterative,1036,default,458,20,20,33.1,0,4,32.08163265306123,27.75,0,1194,88,140,0,E5,20,20,0.0,0.0,400,0
hungarian,1036,default,458,20,20,33.1,0,4,32.08163265306123,27.75,0,1194,124,176,0,E5,20,20,0.0,0.0,400,0
cbba,1036,default,458,20,20,33.1,0,4,32.08163265306123,27.75,0,1194,180,220,40,E5,20,20,0.0,0.0,400,0
no_coordination,1037,default,654,20,20,179.85,19,4,184.97826086956522,162.6,1901,134,0,0,0,E5,20,20,0.0,0.0,400,0
claim,1037,default,470,20,20,133.85,14,4,138.5,129.8,1161,110,59,59,0,E5,20,20,0.0,0.0,400,0
mas,1037,default,410,20,20,32.4,0,4,33.02173913043478,35.6,0,994,79,125,0,E5,20,20,0.0,0.0,400,0
mas_iterative,1037,default,410,20,20,32.35,0,4,33.0,35.6,0,994,81,128,0,E5,20,20,0.0,0.0,400,0
hungarian,1037,default,410,20,20,32.35,0,4,33.0,35.6,0,994,110,161,0,E5,20,20,0.0,0.0,400,0
cbba,1037,default,410,20,20,32.35,0,4,33.0,35.6,0,994,176,230,39,E5,20,20,0.0,0.0,400,0
no_coordination,1038,default,556,20,20,114.05,18,4,105.41379310344827,83.0,1544,135,0,0,0,E5,20,20,0.0,0.0,400,0
claim,1038,default,454,20,20,96.35,15,4,88.55172413793103,83.0,1153,151,65,65,0,E5,20,20,0.0,0.0,400,0
mas,1038,default,420,20,20,30.75,0,4,29.0,29.5,0,1074,88,140,0,E5,20,20,0.0,0.0,400,0
mas_iterative,1038,default,420,20,20,30.75,0,4,29.0,29.5,0,1074,88,140,0,E5,20,20,0.0,0.0,400,0
hungarian,1038,default,420,20,20,30.75,0,4,29.0,29.5,0,1074,124,176,0,E5,20,20,0.0,0.0,400,0
cbba,1038,default,420,20,20,30.15,0,4,28.586206896551722,29.5,0,1092,224,290,51,E5,20,20,0.0,0.0,400,0
no_coordination,1039,default,628,20,20,118.0,19,4,109.94642857142857,98.0,1727,240,0,0,0,E5,20,20,0.0,0.0,400,0
claim,1039,default,547,20,20,108.5,17,4,101.51785714285714,98.0,1403,258,77,77,0,E5,20,20,0.0,0.0,400,0
mas,1039,default,434,20,20,27.95,0,4,27.446428571428573,26.5,0,1173,102,164,0,E5,20,20,0.0,0.0,400,0
mas_iterative,1039,default,434,20,20,27.95,0,4,27.446428571428573,26.5,0,1173,102,164,0,E5,20,20,0.0,0.0,400,0
hungarian,1039,default,434,20,20,27.95,0,4,27.446428571428573,26.5,0,1173,144,206,0,E5,20,20,0.0,0.0,400,0
cbba,1039,default,434,20,20,27.95,0,4,27.446428571428573,26.5,0,1173,180,220,40,E5,20,20,0.0,0.0,400,0
no_coordination,1040,default,538,20,20,119.0,19,4,119.0204081632653,62.5,1544,96,0,0,0,E5,20,20,0.0,0.0,400,0
claim,1040,default,378,20,20,53.15,11,4,51.61224489795919,21.5,735,235,52,52,0,E5,20,20,0.0,0.0,400,0
mas,1040,default,369,20,20,28.4,0,4,30.285714285714285,17.5,0,904,94,150,0,E5,20,20,0.0,0.0,400,0
mas_iterative,1040,default,369,20,20,28.4,0,4,30.285714285714285,17.5,0,904,94,150,0,E5,20,20,0.0,0.0,400,0
hungarian,1040,default,369,20,20,28.4,0,4,30.285714285714285,17.5,0,904,132,188,0,E5,20,20,0.0,0.0,400,0
cbba,1040,default,369,20,20,28.4,0,4,30.285714285714285,17.5,0,904,180,220,40,E5,20,20,0.0,0.0,400,0
no_coordination,1041,default,519,20,20,107.4,17,4,102.02,82.0,1407,140,0,0,0,E5,20,20,0.0,0.0,400,0
claim,1041,default,464,20,20,83.85,14,4,79.86,60.5,1169,169,66,66,0,E5,20,20,0.0,0.0,400,0
mas,1041,default,411,20,20,28.45,0,4,28.48,31.75,0,1072,91,146,0,E5,20,20,0.0,0.0,400,0
mas_iterative,1041,default,411,20,20,28.4,0,4,28.44,31.75,0,1072,91,146,0,E5,20,20,0.0,0.0,400,0
hungarian,1041,default,411,20,20,28.4,0,4,28.44,31.75,0,1072,126,185,0,E5,20,20,0.0,0.0,400,0
cbba,1041,default,411,20,20,27.55,0,4,27.9,31.75,0,1092,200,260,45,E5,20,20,0.0,0.0,400,0
no_coordination,1042,default,587,20,20,77.3,19,4,61.75,39.8,1570,308,0,0,0,E5,20,20,0.0,0.0,400,0
claim,1042,default,486,20,20,60.3,15,4,53.42307692307692,39.8,1106,351,72,72,0,E5,20,20,0.0,0.0,400,0
mas,1042,default,438,20,20,25.4,0,4,23.384615384615383,22.2,0,1246,91,145,0,E5,20,20,0.0,0.0,400,0
mas_iterative,1042,default,438,20,20,25.4,0,4,23.384615384615383,22.2,0,1246,91,145,0,E5,20,20,0.0,0.0,400,0
hungarian,1042,default,438,20,20,25.4,0,4,23.384615384615383,22.2,0,1246,128,182,0,E5,20,20,0.0,0.0,400,0
cbba,1042,default,438,20,20,25.4,0,4,23.384615384615383,22.2,0,1246,180,220,40,E5,20,20,0.0,0.0,400,0
no_coordination,1043,default,594,20,20,115.4,19,4,108.47368421052632,62.0,1724,124,0,0,0,E5,20,20,0.0,0.0,400,0
claim,1043,default,444,20,20,77.75,14,4,69.97368421052632,62.0,1139,111,67,67,0,E5,20,20,0.0,0.0,400,0
mas,1043,default,433,20,20,27.85,0,4,25.842105263157894,3.0,0,1172,102,164,0,E5,20,20,0.0,0.0,400,0
mas_iterative,1043,default,433,20,20,27.8,0,4,25.81578947368421,3.0,0,1172,102,164,0,E5,20,20,0.0,0.0,400,0
hungarian,1043,default,433,20,20,27.8,0,4,25.81578947368421,3.0,0,1172,138,205,0,E5,20,20,0.0,0.0,400,0
cbba,1043,default,433,20,20,27.8,0,4,25.81578947368421,3.0,0,1172,176,230,39,E5,20,20,0.0,0.0,400,0
no_coordination,1044,default,549,20,20,82.25,17,4,78.46,86.5,1506,151,0,0,0,E5,20,20,0.0,0.0,400,0
claim,1044,default,445,20,20,56.1,13,4,56.06,56.5,1105,159,63,63,0,E5,20,20,0.0,0.0,400,0
mas,1044,default,418,20,20,25.95,0,4,27.46,30.5,0,1150,99,158,0,E5,20,20,0.0,0.0,400,0
mas_iterative,1044,default,418,20,20,25.9,0,4,27.4,30.5,0,1150,99,158,0,E5,20,20,0.0,0.0,400,0
hungarian,1044,default,418,20,20,25.9,0,4,27.4,30.5,0,1150,134,197,0,E5,20,20,0.0,0.0,400,0
cbba,1044,default,418,20,20,25.9,0,4,27.4,30.5,0,1150,176,230,39,E5,20,20,0.0,0.0,400,0
no_coordination,1045,default,637,20,20,123.95,19,4,119.42307692307692,93.75,1559,457,0,0,0,E5,20,20,0.0,0.0,400,0
claim,1045,default,544,20,20,98.9,14,4,92.96153846153847,73.0,1085,521,66,66,0,E5,20,20,0.0,0.0,400,0
mas,1045,default,446,20,20,35.95,0,4,34.53846153846154,30.0,0,1132,80,127,0,E5,20,20,0.0,0.0,400,0
mas_iterative,1045,default,446,20,20,35.75,0,4,34.40384615384615,30.0,0,1132,78,124,0,E5,20,20,0.0,0.0,400,0
hungarian,1045,default,446,20,20,35.75,0,4,34.40384615384615,30.0,0,1132,108,166,0,E5,20,20,0.0,0.0,400,0
cbba,1045,default,446,20,20,34.85,0,4,33.59615384615385,30.25,0,1167,336,490,79,E5,20,20,0.0,0.0,400,0
no_coordination,1046,default,524,20,20,122.45,17,4,121.66037735849056,102.0,1405,131,0,0,0,E5,20,20,0.0,0.0,400,0
claim,1046,default,491,20,20,111.2,15,4,107.49056603773585,81.0,1279,151,74,74,0,E5,20,20,0.0,0.0,400,0
mas,1046,default,399,20,20,27.2,0,4,26.60377358490566,21.6,0,1049,97,155,0,E5,20,20,0.0,0.0,400,0
mas_iterative,1046,default,399,20,20,27.15,0,4,26.58490566037736,21.6,0,1049,97,155,0,E5,20,20,0.0,0.0,400,0
hungarian,1046,default,399,20,20,27.15,0,4,26.58490566037736,21.6,0,1049,130,193,0,E5,20,20,0.0,0.0,400,0
cbba,1046,default,399,20,20,27.05,0,4,26.471698113207548,21.6,0,1055,208,270,47,E5,20,20,0.0,0.0,400,0
no_coordination,1047,default,483,20,20,73.9,17,4,74.02222222222223,76.0,1301,147,0,0,0,E5,20,20,0.0,0.0,400,0
claim,1047,default,430,20,20,56.8,14,4,62.77777777777778,70.5,1051,193,60,60,0,E5,20,20,0.0,0.0,400,0
mas,1047,default,416,20,20,26.6,0,4,28.68888888888889,44.0,0,1134,91,146,0,E5,20,20,0.0,0.0,400,0
mas_iterative,1047,default,416,20,20,26.6,0,4,28.68888888888889,44.0,0,1134,91,146,0,E5,20,20,0.0,0.0,400,0
hungarian,1047,default,416,20,20,26.6,0,4,28.68888888888889,44.0,0,1134,130,185,0,E5,20,20,0.0,0.0,400,0
cbba,1047,default,416,20,20,26.85,0,4,28.91111111111111,44.0,0,1136,236,318,54,E5,20,20,0.0,0.0,400,0
no_coordination,1048,default,601,20,20,109.4,19,4,100.12765957446808,83.0,1714,168,0,0,0,E5,20,20,0.0,0.0,400,0
claim,1048,default,497,20,20,45.05,13,4,46.851063829787236,54.0,1029,402,60,60,0,E5,20,20,0.0,0.0,400,0
mas,1048,default,435,20,20,29.05,0,4,29.085106382978722,29.0,0,1156,89,142,0,E5,20,20,0.0,0.0,400,0
mas_iterative,1048,default,435,20,20,29.0,0,4,29.06382978723404,29.0,0,1156,89,142,0,E5,20,20,0.0,0.0,400,0
hungarian,1048,default,435,20,20,29.0,0,4,29.06382978723404,29.0,0,1156,124,184,0,E5,20,20,0.0,0.0,400,0
cbba,1048,default,435,20,20,29.0,0,4,29.06382978723404,29.0,0,1156,168,230,37,E5,20,20,0.0,0.0,400,0
no_coordination,1049,default,544,20,20,112.05,17,4,110.72727272727273,95.0,1516,90,0,0,0,E5,20,20,0.0,0.0,400,0
claim,1049,default,421,20,20,51.85,10,4,49.654545454545456,37.0,871,197,50,50,0,E5,20,20,0.0,0.0,400,0
mas,1049,default,395,20,20,29.6,0,4,28.87272727272727,23.0,0,984,95,152,0,E5,20,20,0.0,0.0,400,0
mas_iterative,1049,default,395,20,20,29.6,0,4,28.87272727272727,23.0,0,984,95,152,0,E5,20,20,0.0,0.0,400,0
hungarian,1049,default,395,20,20,29.6,0,4,28.87272727272727,23.0,0,984,134,191,0,E5,20,20,0.0,0.0,400,0
cbba,1049,default,395,20,20,29.6,0,4,28.87272727272727,23.0,0,984,180,220,40,E5,20,20,0.0,0.0,400,0
no_coordination,1050,default,570,20,20,86.15,20,4,79.83333333333333,50.0,1590,202,0,0,0,E5,20,20,0.0,0.0,400,0
claim,1050,default,470,20,20,49.15,15,4,44.145833333333336,32.0,1119,253,70,70,0,E5,20,20,0.0,0.0,400,0
mas,1050,default,441,20,20,28.5,0,4,28.6875,23.25,0,1190,100,160,0,E5,20,20,0.0,0.0,400,0
mas_iterative,1050,default,441,20,20,28.5,0,4,28.6875,23.25,0,1190,100,160,0,E5,20,20,0.0,0.0,400,0
hungarian,1050,default,441,20,20,28.5,0,4,28.6875,23.25,0,1190,140,200,0,E5,20,20,0.0,0.0,400,0
cbba,1050,default,441,20,20,28.05,0,4,28.1875,23.25,0,1212,284,350,66,E5,20,20,0.0,0.0,400,0
no_coordination,1051,default,574,20,20,78.85,18,4,82.06666666666666,95.0,1522,231,0,0,0,E5,20,20,0.0,0.0,400,0
claim,1051,default,588,20,20,77.55,17,4,82.93333333333334,102.0,1539,295,78,78,0,E5,20,20,0.0,0.0,400,0
mas,1051,default,419,20,20,27.1,0,4,26.91111111111111,23.0,0,1130,100,161,0,E5,20,20,0.0,0.0,400,0
mas_iterative,1051,default,419,20,20,27.1,0,4,26.91111111111111,23.0,0,1130,100,161,0,E5,20,20,0.0,0.0,400,0
hungarian,1051,default,419,20,20,27.1,0,4,26.91111111111111,23.0,0,1130,142,203,0,E5,20,20,0.0,0.0,400,0
cbba,1051,default,419,20,20,27.1,0,4,26.91111111111111,23.0,0,1130,180,220,40,E5,20,20,0.0,0.0,400,0
no_coordination,1052,default,484,20,20,105.15,18,4,98.91304347826087,89.0,1278,182,0,0,0,E5,20,20,0.0,0.0,400,0
claim,1052,default,375,20,20,53.65,12,4,50.869565217391305,45.0,735,256,46,46,0,E5,20,20,0.0,0.0,400,0
mas,1052,default,376,20,20,26.7,0,4,26.543478260869566,21.0,0,976,91,146,0,E5,20,20,0.0,0.0,400,0
mas_iterative,1052,default,376,20,20,26.6,0,4,26.456521739130434,21.0,0,976,91,146,0,E5,20,20,0.0,0.0,400,0
hungarian,1052,default,376,20,20,26.6,0,4,26.456521739130434,21.0,0,976,124,184,0,E5,20,20,0.0,0.0,400,0
cbba,1052,default,376,20,20,26.6,0,4,26.456521739130434,21.0,0,976,176,230,39,E5,20,20,0.0,0.0,400,0
no_coordination,1053,default,548,20,20,117.8,19,4,114.56862745098039,90.6,1531,170,0,0,0,E5,20,20,0.0,0.0,400,0
claim,1053,default,450,20,20,95.55,15,4,93.47058823529412,74.4,1101,199,63,63,0,E5,20,20,0.0,0.0,400,0
mas,1053,default,421,20,20,28.5,0,4,29.0,30.2,0,1110,87,138,0,E5,20,20,0.0,0.0,400,0
mas_iterative,1053,default,421,20,20,28.5,0,4,29.0,30.2,0,1110,87,138,0,E5,20,20,0.0,0.0,400,0
hungarian,1053,default,421,20,20,28.5,0,4,29.0,30.2,0,1110,122,173,0,E5,20,20,0.0,0.0,400,0
cbba,1053,default,421,20,20,28.0,0,4,28.764705882352942,30.2,0,1126,228,280,52,E5,20,20,0.0,0.0,400,0
no_coordination,1054,default,523,20,20,118.8,19,4,117.22727272727273,95.5,1486,87,0,0,0,E5,20,20,0.0,0.0,400,0
claim,1054,default,401,20,20,76.85,11,4,72.04545454545455,54.5,935,92,58,58,0,E5,20,20,0.0,0.0,400,0
mas,1054,default,401,20,20,30.9,0,4,30.34090909090909,30.0,0,992,85,136,0,E5,20,20,0.0,0.0,400,0
mas_iterative,1054,default,401,20,20,30.9,0,4,30.34090909090909,30.0,0,992,85,136,0,E5,20,20,0.0,0.0,400,0
hungarian,1054,default,401,20,20,30.9,0,4,30.34090909090909,30.0,0,992,122,175,0,E5,20,20,0.0,0.0,400,0
cbba,1054,default,401,20,20,30.9,0,4,30.34090909090909,30.0,0,992,180,230,40,E5,20,20,0.0,0.0,400,0
no_coordination,1055,default,511,20,20,89.6,18,4,88.09433962264151,76.0,1415,129,0,0,0,E5,20,20,0.0,0.0,400,0
claim,1055,default,493,20,20,82.5,16,4,80.84905660377359,68.5,1280,186,73,73,0,E5,20,20,0.0,0.0,400,0
mas,1055,default,436,20,20,30.2,0,4,30.37735849056604,33.75,0,1172,86,137,0,E5,20,20,0.0,0.0,400,0
mas_iterative,1055,default,436,20,20,30.2,0,4,30.37735849056604,33.75,0,1172,86,137,0,E5,20,20,0.0,0.0,400,0
hungarian,1055,default,436,20,20,30.2,0,4,30.37735849056604,33.75,0,1172,122,175,0,E5,20,20,0.0,0.0,400,0
cbba,1055,default,436,20,20,30.75,0,4,30.962264150943398,33.25,0,1172,268,356,62,E5,20,20,0.0,0.0,400,0
no_coordination,1056,default,440,20,20,93.85,17,4,92.52830188679245,92.8,1211,65,0,0,0,E5,20,20,0.0,0.0,400,0
claim,1056,default,361,20,20,50.1,11,4,47.15094339622642,50.4,723,227,45,45,0,E5,20,20,0.0,0.0,400,0
mas,1056,default,360,20,20,25.85,0,4,27.245283018867923,34.8,0,920,95,151,0,E5,20,20,0.0,0.0,400,0
mas_iterative,1056,default,360,20,20,25.8,0,4,27.22641509433962,34.8,0,920,96,153,0,E5,20,20,0.0,0.0,400,0
hungarian,1056,default,360,20,20,25.8,0,4,27.22641509433962,34.8,0,920,130,191,0,E5,20,20,0.0,0.0,400,0
cbba,1056,default,360,20,20,25.8,0,4,27.22641509433962,34.8,0,920,176,230,39,E5,20,20,0.0,0.0,400,0
no_coordination,1057,default,499,20,20,59.7,18,4,55.92982456140351,51.0,1258,244,0,0,0,E5,20,20,0.0,0.0,400,0
claim,1057,default,432,20,20,40.2,13,4,38.14035087719298,36.0,898,322,54,54,0,E5,20,20,0.0,0.0,400,0
mas,1057,default,428,20,20,27.2,0,4,27.29824561403509,26.666666666666668,0,1168,87,139,0,E5,20,20,0.0,0.0,400,0
mas_iterative,1057,default,428,20,20,27.15,0,4,27.24561403508772,26.666666666666668,0,1168,87,139,0,E5,20,20,0.0,0.0,400,0
hungarian,1057,default,428,20,20,27.15,0,4,27.24561403508772,26.666666666666668,0,1168,118,175,0,E5,20,20,0.0,0.0,400,0
cbba,1057,default,428,20,20,27.15,0,4,27.24561403508772,26.666666666666668,0,1168,176,230,39,E5,20,20,0.0,0.0,400,0
no_coordination,1058,default,623,20,20,133.2,20,4,131.54901960784315,102.75,1800,154,0,0,0,E5,20,20,0.0,0.0,400,0
claim,1058,default,623,20,20,133.2,19,4,131.54901960784315,102.75,1707,244,91,91,0,E5,20,20,0.0,0.0,400,0
mas,1058,default,429,20,20,30.95,0,4,30.607843137254903,26.75,0,1094,100,160,0,E5,20,20,0.0,0.0,400,0
mas_iterative,1058,default,429,20,20,30.9,0,4,30.54901960784314,26.75,0,1094,100,160,0,E5,20,20,0.0,0.0,400,0
hungarian,1058,default,429,20,20,30.9,0,4,30.54901960784314,26.75,0,1094,134,199,0,E5,20,20,0.0,0.0,400,0
cbba,1058,default,429,20,20,30.9,0,4,30.54901960784314,26.75,0,1094,176,230,39,E5,20,20,0.0,0.0,400,0
no_coordination,1059,default,506,20,20,72.95,16,4,69.0,66.4,1317,229,0,0,0,E5,20,20,0.0,0.0,400,0
claim,1059,default,504,20,20,52.45,12,4,53.55769230769231,51.2,911,596,54,54,0,E5,20,20,0.0,0.0,400,0
mas,1059,default,438,20,20,28.35,0,4,29.596153846153847,30.6,0,1182,88,140,0,E5,20,20,0.0,0.0,400,0
mas_iterative,1059,default,438,20,20,28.3,0,4,29.51923076923077,30.4,0,1182,88,140,0,E5,20,20,0.0,0.0,400,0
hungarian,1059,default,438,20,20,28.3,0,4,29.51923076923077,30.4,0,1182,118,175,0,E5,20,20,0.0,0.0,400,0
cbba,1059,default,438,20,20,28.3,0,4,29.51923076923077,30.4,0,1182,176,230,39,E5,20,20,0.0,0.0,400,0
no_coordination,1060,default,492,20,20,59.55,16,4,64.3913043478261,70.0,1420,100,0,0,0,E5,20,20,0.0,0.0,400,0
claim,1060,default,443,20,20,36.05,13,4,36.65217391304348,27.666666666666668,1025,278,65,65,0,E5,20,20,0.0,0.0,400,0
mas,1060,default,443,20,20,24.9,0,4,25.26086956521739,28.333333333333332,0,1270,101,163,0,E5,20,20,0.0,0.0,400,0
mas_iterative,1060,default,443,20,20,24.9,0,4,25.26086956521739,28.333333333333332,0,1270,101,163,0,E5,20,20,0.0,0.0,400,0
hungarian,1060,default,443,20,20,24.9,0,4,25.26086956521739,28.333333333333332,0,1270,144,206,0,E5,20,20,0.0,0.0,400,0
cbba,1060,default,443,20,20,24.9,0,4,25.26086956521739,28.333333333333332,0,1270,180,220,40,E5,20,20,0.0,0.0,400,0
no_coordination,1061,default,677,20,20,182.6,19,4,179.02083333333334,172.0,1871,264,0,0,0,E5,20,20,0.0,0.0,400,0
claim,1061,default,573,20,20,162.85,16,4,157.08333333333334,137.33333333333334,1455,273,76,76,0,E5,20,20,0.0,0.0,400,0
mas,1061,default,414,20,20,30.3,0,4,30.270833333333332,19.666666666666668,0,1047,99,158,0,E5,20,20,0.0,0.0,400,0
mas_iterative,1061,default,414,20,20,30.25,0,4,30.229166666666668,19.666666666666668,0,1047,99,158,0,E5,20,20,0.0,0.0,400,0
hungarian,1061,default,414,20,20,30.25,0,4,30.229166666666668,19.666666666666668,0,1047,134,197,0,E5,20,20,0.0,0.0,400,0
cbba,1061,default,414,20,20,29.85,0,4,30.020833333333332,19.666666666666668,0,1077,352,448,83,E5,20,20,0.0,0.0,400,0
no_coordination,1062,default,515,20,20,59.7,18,4,56.813559322033896,49.8,1433,134,0,0,0,E5,20,20,0.0,0.0,400,0
claim,1062,default,480,20,20,46.95,13,4,43.644067796610166,33.2,1139,228,64,64,0,E5,20,20,0.0,0.0,400,0
mas,1062,default,423,20,20,29.0,0,4,29.220338983050848,32.4,0,1108,98,157,0,E5,20,20,0.0,0.0,400,0
mas_iterative,1062,default,423,20,20,29.0,0,4,29.220338983050848,32.4,0,1108,98,157,0,E5,20,20,0.0,0.0,400,0
hungarian,1062,default,423,20,20,29.0,0,4,29.220338983050848,32.4,0,1108,138,197,0,E5,20,20,0.0,0.0,400,0
cbba,1062,default,423,20,20,29.0,0,4,29.220338983050848,32.4,0,1108,180,220,40,E5,20,20,0.0,0.0,400,0
no_coordination,1063,default,505,20,20,126.2,20,4,115.83018867924528,96.0,1447,107,0,0,0,E5,20,20,0.0,0.0,400,0
claim,1063,default,417,20,20,113.6,14,4,107.86792452830188,95.4,1069,114,66,66,0,E5,20,20,0.0,0.0,400,0
mas,1063,default,411,20,20,25.35,0,4,24.943396226415093,22.0,0,1138,81,129,0,E5,20,20,0.0,0.0,400,0
mas_iterative,1063,default,411,20,20,25.35,0,4,24.943396226415093,22.0,0,1138,81,129,0,E5,20,20,0.0,0.0,400,0
hungarian,1063,default,411,20,20,25.35,0,4,24.943396226415093,22.0,0,1138,116,164,0,E5,20,20,0.0,0.0,400,0
cbba,1063,default,411,20,20,25.35,0,4,24.943396226415093,22.0,0,1138,180,220,40,E5,20,20,0.0,0.0,400,0
no_coordination,1064,default,592,20,20,76.6,20,4,64.19642857142857,43.833333333333336,1665,242,0,0,0,E5,20,20,0.0,0.0,400,0
claim,1064,default,592,20,20,76.6,20,4,64.19642857142857,43.833333333333336,1665,242,98,98,0,E5,20,20,0.0,0.0,400,0
mas,1064,default,417,20,20,25.7,0,4,23.946428571428573,22.5,0,1150,97,155,0,E5,20,20,0.0,0.0,400,0
mas_iterative,1064,default,417,20,20,25.7,0,4,23.946428571428573,22.5,0,1150,97,155,0,E5,20,20,0.0,0.0,400,0
hungarian,1064,default,417,20,20,25.7,0,4,23.946428571428573,22.5,0,1150,136,194,0,E5,20,20,0.0,0.0,400,0
cbba,1064,default,417,20,20,25.2,0,4,23.375,21.333333333333332,0,1170,260,320,60,E5,20,20,0.0,0.0,400,0
no_coordination,1065,default,482,20,20,90.8,19,4,87.08333333333333,77.66666666666667,1412,113,0,0,0,E5,20,20,0.0,0.0,400,0
claim,1065,default,475,20,20,86.45,18,4,82.75,76.33333333333333,1363,134,82,82,0,E5,20,20,0.0,0.0,400,0
mas,1065,default,398,20,20,21.95,0,4,22.020833333333332,23.666666666666668,0,1154,95,153,0,E5,20,20,0.0,0.0,400,0
mas_iterative,1065,default,398,20,20,21.9,0,4,21.979166666666668,23.666666666666668,0,1154,95,153,0,E5,20,20,0.0,0.0,400,0
hungarian,1065,default,398,20,20,21.9,0,4,21.979166666666668,23.666666666666668,0,1154,130,195,0,E5,20,20,0.0,0.0,400,0
cbba,1065,default,398,20,20,21.9,0,4,21.979166666666668,23.666666666666668,0,1154,180,250,40,E5,20,20,0.0,0.0,400,0
no_coordination,1066,default,554,20,20,101.9,17,4,102.65454545454546,114.85714285714286,1362,376,0,0,0,E5,20,20,0.0,0.0,400,0
claim,1066,default,461,20,20,74.2,11,4,71.69090909090909,65.0,935,369,57,57,0,E5,20,20,0.0,0.0,400,0
mas,1066,default,416,20,20,27.85,0,4,27.363636363636363,21.428571428571427,0,1114,92,147,0,E5,20,20,0.0,0.0,400,0
mas_iterative,1066,default,416,20,20,27.85,0,4,27.363636363636363,21.428571428571427,0,1114,92,147,0,E5,20,20,0.0,0.0,400,0
hungarian,1066,default,416,20,20,27.85,0,4,27.363636363636363,21.428571428571427,0,1114,130,185,0,E5,20,20,0.0,0.0,400,0
cbba,1066,default,416,20,20,27.85,0,4,27.363636363636363,21.428571428571427,0,1114,180,220,40,E5,20,20,0.0,0.0,400,0
no_coordination,1067,default,548,20,20,104.35,17,4,103.47916666666667,96.0,1482,118,0,0,0,E5,20,20,0.0,0.0,400,0
claim,1067,default,463,20,20,77.45,13,4,76.89583333333333,81.5,1123,128,63,63,0,E5,20,20,0.0,0.0,400,0
mas,1067,default,419,20,20,29.65,0,4,29.583333333333332,26.0,0,1091,93,148,0,E5,20,20,0.0,0.0,400,0
mas_iterative,1067,default,419,20,20,29.6,0,4,29.541666666666668,26.0,0,1091,93,148,0,E5,20,20,0.0,0.0,400,0
hungarian,1067,default,419,20,20,29.6,0,4,29.541666666666668,26.0,0,1091,128,186,0,E5,20,20,0.0,0.0,400,0
cbba,1067,default,419,20,20,29.6,0,4,29.541666666666668,26.0,0,1091,176,230,39,E5,20,20,0.0,0.0,400,0
no_coordination,1068,default,507,20,20,80.15,18,4,81.03703703703704,89.6,1308,206,0,0,0,E5,20,20,0.0,0.0,400,0
claim,1068,default,446,20,20,53.45,12,4,55.77777777777778,64.2,941,334,57,57,0,E5,20,20,0.0,0.0,400,0
mas,1068,default,422,20,20,27.0,0,4,27.59259259259259,30.6,0,1144,100,161,0,E5,20,20,0.0,0.0,400,0
mas_iterative,1068,default,422,20,20,27.0,0,4,27.59259259259259,30.6,0,1144,100,161,0,E5,20,20,0.0,0.0,400,0
hungarian,1068,default,422,20,20,27.0,0,4,27.59259259259259,30.6,0,1144,142,203,0,E5,20,20,0.0,0.0,400,0
cbba,1068,default,422,20,20,27.0,0,4,27.59259259259259,30.6,0,1144,180,220,40,E5,20,20,0.0,0.0,400,0
no_coordination,1069,default,537,20,20,161.05,19,4,149.71153846153845,122.6,1559,84,0,0,0,E5,20,20,0.0,0.0,400,0
claim,1069,default,433,20,20,45.85,11,4,44.38461538461539,39.2,715,510,56,56,0,E5,20,20,0.0,0.0,400,0
mas,1069,default,431,20,20,27.25,0,4,27.365384615384617,28.6,0,1182,89,142,0,E5,20,20,0.0,0.0,400,0
mas_iterative,1069,default,431,20,20,27.25,0,4,27.365384615384617,28.6,0,1182,89,142,0,E5,20,20,0.0,0.0,400,0
hungarian,1069,default,431,20,20,27.25,0,4,27.365384615384617,28.6,0,1182,126,179,0,E5,20,20,0.0,0.0,400,0
cbba,1069,default,431,20,20,27.25,0,4,27.365384615384617,28.6,0,1182,180,220,40,E5,20,20,0.0,0.0,400,0
no_coordination,1070,default,472,20,20,60.2,19,4,57.59016393442623,57.57142857142857,1114,239,0,0,0,E5,20,20,0.0,0.0,400,0
claim,1070,default,449,20,20,51.45,14,4,48.81967213114754,47.42857142857143,949,336,64,64,0,E5,20,20,0.0,0.0,400,0
mas,1070,default,423,20,20,30.3,0,4,29.704918032786885,31.571428571428573,0,1098,89,142,0,E5,20,20,0.0,0.0,400,0
mas_iterative,1070,default,423,20,20,30.3,0,4,29.704918032786885,31.571428571428573,0,1098,89,142,0,E5,20,20,0.0,0.0,400,0
hungarian,1070,default,423,20,20,30.3,0,4,29.704918032786885,31.571428571428573,0,1098,126,179,0,E5,20,20,0.0,0.0,400,0
cbba,1070,default,423,20,20,29.5,0,4,28.950819672131146,30.714285714285715,0,1120,276,340,64,E5,20,20,0.0,0.0,400,0
no_coordination,1071,default,577,20,20,97.55,19,4,87.84313725490196,52.4,1636,122,0,0,0,E5,20,20,0.0,0.0,400,0
claim,1071,default,450,20,20,66.75,15,4,62.705882352941174,52.4,1147,102,59,59,0,E5,20,20,0.0,0.0,400,0
mas,1071,default,403,20,20,28.75,0,4,27.49019607843137,25.0,0,1036,87,138,0,E5,20,20,0.0,0.0,400,0
mas_iterative,1071,default,403,20,20,28.75,0,4,27.49019607843137,25.0,0,1036,87,138,0,E5,20,20,0.0,0.0,400,0
hungarian,1071,default,403,20,20,28.75,0,4,27.49019607843137,25.0,0,1036,122,179,0,E5,20,20,0.0,0.0,400,0
cbba,1071,default,403,20,20,28.75,0,4,27.49019607843137,25.0,0,1036,172,220,38,E5,20,20,0.0,0.0,400,0
no_coordination,1072,default,425,20,20,70.0,18,4,69.61818181818182,88.5,1158,87,0,0,0,E5,20,20,0.0,0.0,400,0
claim,1072,default,417,20,20,49.75,13,4,48.054545454545455,45.0,879,326,61,61,0,E5,20,20,0.0,0.0,400,0
mas,1072,default,407,20,20,25.7,0,4,25.818181818181817,30.0,0,1114,92,147,0,E5,20,20,0.0,0.0,400,0
mas_iterative,1072,default,407,20,20,25.7,0,4,25.818181818181817,30.0,0,1114,92,147,0,E5,20,20,0.0,0.0,400,0
hungarian,1072,default,407,20,20,25.7,0,4,25.818181818181817,30.0,0,1114,130,185,0,E5,20,20,0.0,0.0,400,0
cbba,1072,default,407,20,20,24.35,0,4,24.818181818181817,30.0,0,1157,300,380,70,E5,20,20,0.0,0.0,400,0
no_coordination,1073,default,553,20,20,127.45,17,4,122.06122448979592,102.75,1443,204,0,0,0,E5,20,20,0.0,0.0,400,0
claim,1073,default,518,20,20,99.65,15,4,100.26530612244898,94.0,1318,265,73,73,0,E5,20,20,0.0,0.0,400,0
mas,1073,default,422,20,20,25.75,0,4,27.755102040816325,29.0,0,1169,93,148,0,E5,20,20,0.0,0.0,400,0
mas_iterative,1073,default,422,20,20,25.75,0,4,27.755102040816325,29.0,0,1169,93,148,0,E5,20,20,0.0,0.0,400,0
hungarian,1073,default,422,20,20,25.75,0,4,27.755102040816325,29.0,0,1169,130,185,0,E5,20,20,0.0,0.0,400,0
cbba,1073,default,422,20,20,25.75,0,4,27.755102040816325,29.0,0,1169,180,220,40,E5,20,20,0.0,0.0,400,0
no_coordination,1074,default,534,20,20,91.3,19,4,91.3076923076923,77.0,1529,123,0,0,0,E5,20,20,0.0,0.0,400,0
claim,1074,default,435,20,20,59.85,13,4,58.26923076923077,54.6,749,471,51,51,0,E5,20,20,0.0,0.0,400,0
mas,1074,default,423,20,20,29.45,0,4,30.807692307692307,34.6,0,1113,88,140,0,E5,20,20,0.0,0.0,400,0
mas_iterative,1074,default,423,20,20,29.4,0,4,30.75,34.6,0,1113,88,140,0,E5,20,20,0.0,0.0,400,0
hungarian,1074,default,423,20,20,29.4,0,4,30.75,34.6,0,1113,120,176,0,E5,20,20,0.0,0.0,400,0
cbba,1074,default,423,20,20,29.4,0,4,30.75,34.6,0,1113,176,230,39,E5,20,20,0.0,0.0,400,0
no_coordination,1075,default,535,20,20,126.0,18,4,117.53191489361703,148.33333333333334,1523,76,0,0,0,E5,20,20,0.0,0.0,400,0
claim,1075,default,422,20,20,45.35,13,4,42.57446808510638,33.0,818,288,54,54,0,E5,20,20,0.0,0.0,400,0
mas,1075,default,422,20,20,31.2,0,4,30.872340425531913,29.666666666666668,0,1060,95,150,0,E5,20,20,0.0,0.0,400,0
mas_iterative,1075,default,422,20,20,31.2,0,4,30.872340425531913,29.666666666666668,0,1060,95,150,0,E5,20,20,0.0,0.0,400,0
hungarian,1075,default,422,20,20,31.2,0,4,30.872340425531913,29.666666666666668,0,1060,130,185,0,E5,20,20,0.0,0.0,400,0
cbba,1075,default,422,20,20,31.2,0,4,30.872340425531913,29.666666666666668,0,1060,180,220,40,E5,20,20,0.0,0.0,400,0
no_coordination,1076,default,654,20,20,176.85,19,4,155.70833333333334,135.4,1657,383,0,0,0,E5,20,20,0.0,0.0,400,0
claim,1076,default,420,20,20,70.1,9,4,67.33333333333333,56.0,699,380,50,50,0,E5,20,20,0.0,0.0,400,0
mas,1076,default,420,20,20,30.3,0,4,30.625,32.2,0,1070,94,149,0,E5,20,20,0.0,0.0,400,0
mas_iterative,1076,default,420,20,20,30.3,0,4,30.625,32.2,0,1070,94,149,0,E5,20,20,0.0,0.0,400,0
hungarian,1076,default,420,20,20,30.3,0,4,30.625,32.2,0,1070,130,185,0,E5,20,20,0.0,0.0,400,0
cbba,1076,default,420,20,20,30.3,0,4,30.625,32.2,0,1070,180,220,40,E5,20,20,0.0,0.0,400,0
no_coordination,1077,default,542,20,20,102.05,18,4,90.50909090909092,78.75,1511,154,0,0,0,E5,20,20,0.0,0.0,400,0
claim,1077,default,422,20,20,63.15,14,4,59.21818181818182,52.25,971,211,64,64,0,E5,20,20,0.0,0.0,400,0
mas,1077,default,422,20,20,28.1,0,4,26.70909090909091,23.0,0,1122,95,152,0,E5,20,20,0.0,0.0,400,0
mas_iterative,1077,default,422,20,20,28.1,0,4,26.70909090909091,23.0,0,1122,95,152,0,E5,20,20,0.0,0.0,400,0
hungarian,1077,default,422,20,20,28.1,0,4,26.70909090909091,23.0,0,1122,134,191,0,E5,20,20,0.0,0.0,400,0
cbba,1077,default,422,20,20,27.8,0,4,26.854545454545455,23.0,0,1136,244,300,56,E5,20,20,0.0,0.0,400,0
no_coordination,1078,default,565,20,20,75.1,17,4,70.30434782608695,61.0,1394,338,0,0,0,E5,20,20,0.0,0.0,400,0
claim,1078,default,537,20,20,66.85,14,4,64.58695652173913,61.0,1115,506,63,63,0,E5,20,20,0.0,0.0,400,0
mas,1078,default,430,20,20,27.3,0,4,26.804347826086957,21.666666666666668,0,1170,96,154,0,E5,20,20,0.0,0.0,400,0
mas_iterative,1078,default,430,20,20,27.3,0,4,26.804347826086957,21.666666666666668,0,1170,96,154,0,E5,20,20,0.0,0.0,400,0
hungarian,1078,default,430,20,20,27.3,0,4,26.804347826086957,21.666666666666668,0,1170,136,194,0,E5,20,20,0.0,0.0,400,0
cbba,1078,default,430,20,20,27.3,0,4,26.804347826086957,21.666666666666668,0,1170,180,220,40,E5,20,20,0.0,0.0,400,0
no_coordination,1079,default,529,20,20,100.05,19,4,101.98,113.5,1498,97,0,0,0,E5,20,20,0.0,0.0,400,0
claim,1079,default,519,20,20,88.75,17,4,92.54,106.5,1465,96,76,76,0,E5,20,20,0.0,0.0,400,0
mas,1079,default,422,20,20,26.2,0,4,26.0,30.25,0,1160,99,158,0,E5,20,20,0.0,0.0,400,0
mas_iterative,1079,default,422,20,20,26.2,0,4,26.0,30.25,0,1160,99,158,0,E5,20,20,0.0,0.0,400,0
hungarian,1079,default,422,20,20,26.2,0,4,26.0,30.25,0,1160,138,197,0,E5,20,20,0.0,0.0,400,0
cbba,1079,default,422,20,20,26.2,0,4,26.0,30.25,0,1160,180,220,40,E5,20,20,0.0,0.0,400,0
no_coordination,1080,default,438,20,20,73.85,16,4,71.86666666666666,64.0,1163,158,0,0,0,E5,20,20,0.0,0.0,400,0
claim,1080,default,383,20,20,46.55,11,4,44.53333333333333,34.0,716,357,48,48,0,E5,20,20,0.0,0.0,400,0
mas,1080,default,367,20,20,27.3,0,4,27.133333333333333,26.333333333333332,0,920,92,147,0,E5,20,20,0.0,0.0,400,0
mas_iterative,1080,default,367,20,20,27.2,0,4,27.044444444444444,26.333333333333332,0,920,92,147,0,E5,20,20,0.0,0.0,400,0
hungarian,1080,default,367,20,20,27.2,0,4,27.044444444444444,26.333333333333332,0,920,122,185,0,E5,20,20,0.0,0.0,400,0
cbba,1080,default,367,20,20,26.0,0,4,25.711111111111112,24.333333333333332,0,963,324,426,76,E5,20,20,0.0,0.0,400,0
no_coordination,1081,default,566,20,20,156.6,19,4,148.51063829787233,144.33333333333334,1447,196,0,0,0,E5,20,20,0.0,0.0,400,0
claim,1081,default,457,20,20,131.3,12,4,124.42553191489361,118.33333333333333,1015,261,58,58,0,E5,20,20,0.0,0.0,400,0
mas,1081,default,405,20,20,30.1,0,4,29.659574468085108,27.666666666666668,0,1028,77,123,0,E5,20,20,0.0,0.0,400,0
mas_iterative,1081,default,405,20,20,30.1,0,4,29.659574468085108,27.666666666666668,0,1028,77,123,0,E5,20,20,0.0,0.0,400,0
hungarian,1081,default,405,20,20,30.1,0,4,29.659574468085108,27.666666666666668,0,1028,112,162,0,E5,20,20,0.0,0.0,400,0
cbba,1081,default,405,20,20,29.2,0,4,28.78723404255319,27.666666666666668,0,1046,188,260,42,E5,20,20,0.0,0.0,400,0
no_coordination,1082,default,617,20,20,82.7,19,4,71.45833333333333,53.75,1688,283,0,0,0,E5,20,20,0.0,0.0,400,0
claim,1082,default,484,20,20,49.85,14,4,45.166666666666664,38.0,1014,404,61,61,0,E5,20,20,0.0,0.0,400,0
mas,1082,default,441,20,20,26.95,0,4,26.291666666666668,26.0,0,1222,97,155,0,E5,20,20,0.0,0.0,400,0
mas_iterative,1082,default,441,20,20,26.9,0,4,26.229166666666668,26.0,0,1222,97,155,0,E5,20,20,0.0,0.0,400,0
hungarian,1082,default,441,20,20,26.9,0,4,26.229166666666668,26.0,0,1222,130,201,0,E5,20,20,0.0,0.0,400,0
cbba,1082,default,441,20,20,26.9,0,4,26.229166666666668,26.0,0,1222,168,230,37,E5,20,20,0.0,0.0,400,0
no_coordination,1083,default,605,20,20,108.1,18,4,99.57777777777778,92.25,1724,163,0,0,0,E5,20,20,0.0,0.0,400,0
claim,1083,default,486,20,20,65.95,12,4,65.28888888888889,69.25,1022,359,62,62,0,E5,20,20,0.0,0.0,400,0
mas,1083,default,426,20,20,30.05,0,4,30.133333333333333,26.75,0,1101,82,130,0,E5,20,20,0.0,0.0,400,0
mas_iterative,1083,default,426,20,20,30.05,0,4,30.133333333333333,26.75,0,1101,82,130,0,E5,20,20,0.0,0.0,400,0
hungarian,1083,default,426,20,20,30.05,0,4,30.133333333333333,26.75,0,1101,116,170,0,E5,20,20,0.0,0.0,400,0
cbba,1083,default,426,20,20,30.05,0,4,30.133333333333333,26.75,0,1101,172,220,38,E5,20,20,0.0,0.0,400,0
no_coordination,1084,default,652,20,20,123.25,19,4,118.55357142857143,100.66666666666667,1588,465,0,0,0,E5,20,20,0.0,0.0,400,0
claim,1084,default,547,20,20,104.35,14,4,101.375,90.83333333333333,1129,519,66,66,0,E5,20,20,0.0,0.0,400,0
mas,1084,default,412,20,20,29.95,0,4,30.482142857142858,31.5,0,1084,80,128,0,E5,20,20,0.0,0.0,400,0
mas_iterative,1084,default,412,20,20,29.95,0,4,30.482142857142858,31.5,0,1084,80,128,0,E5,20,20,0.0,0.0,400,0
hungarian,1084,default,412,20,20,29.95,0,4,30.482142857142858,31.5,0,1084,116,172,0,E5,20,20,0.0,0.0,400,0
cbba,1084,default,412,20,20,29.95,0,4,30.482142857142858,31.5,0,1084,196,298,44,E5,20,20,0.0,0.0,400,0
no_coordination,1085,default,559,20,20,68.45,19,4,71.37254901960785,73.0,1614,116,0,0,0,E5,20,20,0.0,0.0,400,0
claim,1085,default,519,20,20,64.75,18,4,66.3529411764706,64.5,1459,135,83,83,0,E5,20,20,0.0,0.0,400,0
mas,1085,default,433,20,20,25.5,0,4,25.568627450980394,25.25,0,1218,107,174,0,E5,20,20,0.0,0.0,400,0
mas_iterative,1085,default,433,20,20,25.5,0,4,25.568627450980394,25.25,0,1218,107,174,0,E5,20,20,0.0,0.0,400,0
hungarian,1085,default,433,20,20,25.5,0,4,25.568627450980394,25.25,0,1218,154,221,0,E5,20,20,0.0,0.0,400,0
cbba,1085,default,433,20,20,25.5,0,4,25.568627450980394,25.25,0,1218,180,220,40,E5,20,20,0.0,0.0,400,0
no_coordination,1086,default,556,20,20,111.6,18,4,105.6875,83.0,1634,93,0,0,0,E5,20,20,0.0,0.0,400,0
claim,1086,default,493,20,20,69.25,15,4,62.854166666666664,48.75,1194,273,67,67,0,E5,20,20,0.0,0.0,400,0
mas,1086,default,427,20,20,28.0,0,4,29.416666666666668,38.25,0,1177,91,146,0,E5,20,20,0.0,0.0,400,0
mas_iterative,1086,default,427,20,20,28.0,0,4,29.416666666666668,38.25,0,1177,91,146,0,E5,20,20,0.0,0.0,400,0
hungarian,1086,default,427,20,20,28.0,0,4,29.416666666666668,38.25,0,1177,130,193,0,E5,20,20,0.0,0.0,400,0
cbba,1086,default,427,20,20,28.0,0,4,29.416666666666668,38.25,0,1177,176,240,39,E5,20,20,0.0,0.0,400,0
no_coordination,1087,default,525,20,20,109.7,16,4,97.90243902439025,26.0,1281,300,0,0,0,E5,20,20,0.0,0.0,400,0
claim,1087,default,415,20,20,55.85,14,4,51.46341463414634,26.0,812,375,59,59,0,E5,20,20,0.0,0.0,400,0
mas,1087,default,396,20,20,26.3,0,4,26.78048780487805,27.0,0,1067,86,136,0,E5,20,20,0.0,0.0,400,0
mas_iterative,1087,default,396,20,20,26.25,0,4,26.75609756097561,27.0,0,1067,86,136,0,E5,20,20,0.0,0.0,400,0
hungarian,1087,default,396,20,20,26.25,0,4,26.75609756097561,27.0,0,1067,116,170,0,E5,20,20,0.0,0.0,400,0
cbba,1087,default,396,20,20,25.5,0,4,26.317073170731707,26.0,0,1106,364,480,86,E5,20,20,0.0,0.0,400,0
no_coordination,1088,default,455,20,20,60.45,18,4,54.630434782608695,34.0,1205,212,0,0,0,E5,20,20,0.0,0.0,400,0
claim,1088,default,396,20,20,45.15,15,4,40.34782608695652,32.25,953,211,64,64,0,E5,20,20,0.0,0.0,400,0
mas,1088,default,396,20,20,23.2,0,4,23.08695652173913,24.5,0,1116,100,161,0,E5,20,20,0.0,0.0,400,0
mas_iterative,1088,default,396,20,20,23.2,0,4,23.08695652173913,24.5,0,1116,100,161,0,E5,20,20,0.0,0.0,400,0
hungarian,1088,default,396,20,20,23.2,0,4,23.08695652173913,24.5,0,1116,142,203,0,E5,20,20,0.0,0.0,400,0
cbba,1088,default,396,20,20,21.6,0,4,20.58695652173913,19.75,0,1152,212,260,48,E5,20,20,0.0,0.0,400,0
no_coordination,1090,default,483,20,20,71.35,17,4,70.97435897435898,44.0,1116,330,0,0,0,E5,20,20,0.0,0.0,400,0
claim,1090,default,526,20,20,55.95,16,4,55.84615384615385,45.0,1222,392,71,71,0,E5,20,20,0.0,0.0,400,0
mas,1090,default,427,20,20,25.4,0,4,25.974358974358974,25.0,0,1196,102,164,0,E5,20,20,0.0,0.0,400,0
mas_iterative,1090,default,427,20,20,25.4,0,4,25.974358974358974,25.0,0,1196,102,164,0,E5,20,20,0.0,0.0,400,0
hungarian,1090,default,427,20,20,25.4,0,4,25.974358974358974,25.0,0,1196,144,206,0,E5,20,20,0.0,0.0,400,0
cbba,1090,default,427,20,20,25.4,0,4,25.974358974358974,25.0,0,1196,180,220,40,E5,20,20,0.0,0.0,400,0
no_coordination,1091,default,625,20,20,142.5,19,4,131.7872340425532,96.0,1776,155,0,0,0,E5,20,20,0.0,0.0,400,0
claim,1091,default,605,20,20,138.9,17,4,129.68085106382978,96.0,1633,193,80,80,0,E5,20,20,0.0,0.0,400,0
mas,1091,default,428,20,20,32.0,0,4,31.97872340425532,21.5,0,1068,94,149,0,E5,20,20,0.0,0.0,400,0
mas_iterative,1091,default,428,20,20,32.0,0,4,31.97872340425532,21.5,0,1068,94,149,0,E5,20,20,0.0,0.0,400,0
hungarian,1091,default,428,20,20,32.0,0,4,31.97872340425532,21.5,0,1068,130,185,0,E5,20,20,0.0,0.0,400,0
cbba,1091,default,428,20,20,32.0,0,4,31.97872340425532,21.5,0,1068,180,220,40,E5,20,20,0.0,0.0,400,0
no_coordination,1092,default,412,20,20,36.7,20,4,36.86538461538461,37.333333333333336,1123,124,0,0,0,E5,20,20,0.0,0.0,400,0
claim,1092,default,449,20,20,40.5,17,4,40.30769230769231,41.0,1188,189,70,70,0,E5,20,20,0.0,0.0,400,0
mas,1092,default,389,20,20,24.5,0,4,24.98076923076923,31.0,0,1062,102,164,0,E5,20,20,0.0,0.0,400,0
mas_iterative,1092,default,389,20,20,24.5,0,4,24.98076923076923,31.0,0,1062,102,164,0,E5,20,20,0.0,0.0,400,0
hungarian,1092,default,389,20,20,24.5,0,4,24.98076923076923,31.0,0,1062,144,206,0,E5,20,20,0.0,0.0,400,0
cbba,1092,default,389,20,20,24.3,0,4,24.903846153846153,31.0,0,1070,212,260,48,E5,20,20,0.0,0.0,400,0
no_coordination,1093,default,531,20,20,136.0,18,4,131.75,121.66666666666667,1448,141,0,0,0,E5,20,20,0.0,0.0,400,0
claim,1093,default,411,20,20,71.85,8,4,74.40384615384616,76.33333333333333,659,409,44,44,0,E5,20,20,0.0,0.0,400,0
mas,1093,default,411,20,20,33.25,0,4,33.40384615384615,37.666666666666664,0,1024,76,121,0,E5,20,20,0.0,0.0,400,0
mas_iterative,1093,default,411,20,20,33.15,0,4,33.32692307692308,37.666666666666664,0,1024,76,121,0,E5,20,20,0.0,0.0,400,0
hungarian,1093,default,411,20,20,33.05,0,4,33.65384615384615,38.333333333333336,0,1026,108,160,0,E5,20,20,0.0,0.0,400,0
cbba,1093,default,411,20,20,32.05,0,4,32.36538461538461,37.0,0,1046,284,490,66,E5,20,20,0.0,0.0,400,0
no_coordination,1094,default,610,20,20,137.5,18,4,138.81132075471697,215.66666666666666,1442,348,0,0,0,E5,20,20,0.0,0.0,400,0
claim,1094,default,413,20,20,55.3,11,4,54.84905660377358,39.333333333333336,627,430,44,44,0,E5,20,20,0.0,0.0,400,0
mas,1094,default,413,20,20,33.15,0,4,32.886792452830186,41.0,0,1004,80,126,0,E5,20,20,0.0,0.0,400,0
mas_iterative,1094,default,413,20,20,33.15,0,4,32.886792452830186,41.0,0,1004,80,126,0,E5,20,20,0.0,0.0,400,0
hungarian,1094,default,413,20,20,33.15,0,4,32.886792452830186,41.0,0,1004,112,160,0,E5,20,20,0.0,0.0,400,0
cbba,1094,default,413,20,20,32.0,0,4,31.77358490566038,41.0,0,1026,208,276,47,E5,20,20,0.0,0.0,400,0
no_coordination,1095,default,539,20,20,65.6,18,4,59.36842105263158,44.666666666666664,1570,105,0,0,0,E5,20,20,0.0,0.0,400,0
claim,1095,default,533,20,20,56.9,18,4,51.98245614035088,39.0,1445,212,80,80,0,E5,20,20,0.0,0.0,400,0
mas,1095,default,442,20,20,27.45,0,4,27.12280701754386,24.333333333333332,0,1222,92,147,0,E5,20,20,0.0,0.0,400,0
mas_iterative,1095,default,442,20,20,27.45,0,4,27.12280701754386,24.333333333333332,0,1222,92,147,0,E5,20,20,0.0,0.0,400,0
hungarian,1095,default,442,20,20,27.45,0,4,27.12280701754386,24.333333333333332,0,1222,130,185,0,E5,20,20,0.0,0.0,400,0
cbba,1095,default,442,20,20,27.45,0,4,27.12280701754386,24.333333333333332,0,1222,180,220,40,E5,20,20,0.0,0.0,400,0
no_coordination,1096,default,666,20,20,145.5,19,4,137.8125,147.6,1865,214,0,0,0,E5,20,20,0.0,0.0,400,0
claim,1096,default,485,20,20,80.2,12,4,73.9375,64.6,1049,268,57,57,0,E5,20,20,0.0,0.0,400,0
mas,1096,default,439,20,20,34.45,0,4,34.229166666666664,33.6,0,1102,82,131,0,E5,20,20,0.0,0.0,400,0
mas_iterative,1096,default,439,20,20,34.45,0,4,34.229166666666664,33.6,0,1102,82,131,0,E5,20,20,0.0,0.0,400,0
hungarian,1096,default,439,20,20,34.45,0,4,34.229166666666664,33.6,0,1102,118,169,0,E5,20,20,0.0,0.0,400,0
cbba,1096,default,439,20,20,34.45,0,4,34.229166666666664,33.6,0,1102,184,240,41,E5,20,20,0.0,0.0,400,0
no_coordination,1097,default,482,20,20,79.25,17,4,72.63636363636364,75.0,1185,236,0,0,0,E5,20,20,0.0,0.0,400,0
claim,1097,default,434,20,20,54.55,14,4,52.52272727272727,56.75,794,369,58,58,0,E5,20,20,0.0,0.0,400,0
mas,1097,default,428,20,20,31.05,0,4,30.068181818181817,31.75,0,1110,84,134,0,E5,20,20,0.0,0.0,400,0
mas_iterative,1097,default,428,20,20,31.05,0,4,30.068181818181817,31.75,0,1110,84,134,0,E5,20,20,0.0,0.0,400,0
hungarian,1097,default,428,20,20,31.05,0,4,30.068181818181817,31.75,0,1110,120,174,0,E5,20,20,0.0,0.0,400,0
cbba,1097,default,428,20,20,31.05,0,4,30.068181818181817,31.75,0,1110,188,260,42,E5,20,20,0.0,0.0,400,0
no_coordination,1098,default,483,20,20,97.95,17,4,96.23529411764706,94.5,1327,74,0,0,0,E5,20,20,0.0,0.0,400,0
claim,1098,default,457,20,20,80.35,13,4,77.62745098039215,77.66666666666667,1103,130,58,58,0,E5,20,20,0.0,0.0,400,0
mas,1098,default,400,20,20,36.05,0,4,35.13725490196079,32.666666666666664,0,930,79,125,0,E5,20,20,0.0,0.0,400,0
mas_iterative,1098,default,400,20,20,36.05,0,4,35.13725490196079,32.666666666666664,0,930,79,125,0,E5,20,20,0.0,0.0,400,0
hungarian,1098,default,400,20,20,36.05,0,4,35.13725490196079,32.666666666666664,0,930,112,164,0,E5,20,20,0.0,0.0,400,0
cbba,1098,default,400,20,20,34.8,0,4,34.294117647058826,32.666666666666664,0,956,200,284,45,E5,20,20,0.0,0.0,400,0
no_coordination,1099,default,513,20,20,123.45,17,4,121.46808510638297,63.666666666666664,1383,128,0,0,0,E5,20,20,0.0,0.0,400,0
claim,1099,default,471,20,20,114.75,15,4,113.93617021276596,63.666666666666664,1251,131,70,70,0,E5,20,20,0.0,0.0,400,0
mas,1099,default,418,20,20,25.5,0,4,26.361702127659573,21.666666666666668,0,1164,90,143,0,E5,20,20,0.0,0.0,400,0
mas_iterative,1099,default,418,20,20,25.45,0,4,26.29787234042553,21.666666666666668,0,1164,90,143,0,E5,20,20,0.0,0.0,400,0
hungarian,1099,default,418,20,20,25.45,0,4,26.29787234042553,21.666666666666668,0,1164,124,186,0,E5,20,20,0.0,0.0,400,0
cbba,1099,default,418,20,20,25.45,0,4,26.29787234042553,21.666666666666668,0,1164,168,230,37,E5,20,20,0.0,0.0,400,0
no_coordination,1101,default,564,20,20,127.25,19,4,125.73469387755102,109.8,1625,77,0,0,0,E5,20,20,0.0,0.0,400,0
claim,1101,default,425,20,20,76.7,13,4,67.65306122448979,39.0,1017,79,58,58,0,E5,20,20,0.0,0.0,400,0
mas,1101,default,425,20,20,32.75,0,4,31.918367346938776,26.4,0,1056,91,145,0,E5,20,20,0.0,0.0,400,0
mas_iterative,1101,default,425,20,20,32.75,0,4,31.918367346938776,26.4,0,1056,91,145,0,E5,20,20,0.0,0.0,400,0
hungarian,1101,default,425,20,20,32.75,0,4,31.918367346938776,26.4,0,1056,128,182,0,E5,20,20,0.0,0.0,400,0
cbba,1101,default,425,20,20,32.75,0,4,31.918367346938776,26.4,0,1056,180,220,40,E5,20,20,0.0,0.0,400,0
no_coordination,1102,default,486,20,20,70.4,17,4,72.50847457627118,73.16666666666667,1368,93,0,0,0,E5,20,20,0.0,0.0,400,0
claim,1102,default,496,20,20,54.55,17,4,58.20338983050848,66.33333333333333,1220,262,70,70,0,E5,20,20,0.0,0.0,400,0
mas,1102,default,428,20,20,27.1,0,4,27.220338983050848,27.166666666666668,0,1166,100,161,0,E5,20,20,0.0,0.0,400,0
mas_iterative,1102,default,428,20,20,27.1,0,4,27.220338983050848,27.166666666666668,0,1166,100,161,0,E5,20,20,0.0,0.0,400,0
hungarian,1102,default,428,20,20,27.1,0,4,27.220338983050848,27.166666666666668,0,1166,142,203,0,E5,20,20,0.0,0.0,400,0
cbba,1102,default,428,20,20,27.1,0,4,27.220338983050848,27.166666666666668,0,1166,180,220,40,E5,20,20,0.0,0.0,400,0
no_coordination,1103,default,585,20,20,80.65,19,4,80.38888888888889,78.0,1534,317,0,0,0,E5,20,20,0.0,0.0,400,0
claim,1103,default,507,20,20,60.65,15,4,59.129629629629626,52.0,1175,339,69,69,0,E5,20,20,0.0,0.0,400,0
mas,1103,default,442,20,20,26.6,0,4,26.61111111111111,28.5,0,1232,94,150,0,E5,20,20,0.0,0.0,400,0
mas_iterative,1103,default,442,20,20,26.6,0,4,26.61111111111111,28.5,0,1232,94,150,0,E5,20,20,0.0,0.0,400,0
hungarian,1103,default,442,20,20,26.6,0,4,26.61111111111111,28.5,0,1232,132,188,0,E5,20,20,0.0,0.0,400,0
cbba,1103,default,442,20,20,25.95,0,4,25.796296296296298,27.25,0,1252,236,290,54,E5,20,20,0.0,0.0,400,0
no_coordination,1104,default,524,20,20,79.1,19,4,80.19565217391305,76.75,1352,202,0,0,0,E5,20,20,0.0,0.0,400,0
claim,1104,default,480,20,20,50.45,12,4,52.95652173913044,55.5,1018,348,55,55,0,E5,20,20,0.0,0.0,400,0
mas,1104,default,425,20,20,28.45,0,4,28.32608695652174,26.0,0,1132,87,139,0,E5,20,20,0.0,0.0,400,0
mas_iterative,1104,default,425,20,20,28.45,0,4,28.32608695652174,26.0,0,1132,87,139,0,E5,20,20,0.0,0.0,400,0
hungarian,1104,default,425,20,20,28.45,0,4,28.32608695652174,26.0,0,1132,124,176,0,E5,20,20,0.0,0.0,400,0
cbba,1104,default,425,20,20,28.45,0,4,28.32608695652174,26.0,0,1132,180,220,40,E5,20,20,0.0,0.0,400,0
no_coordination,1106,default,625,20,20,137.75,19,4,131.71698113207546,103.8,1677,281,0,0,0,E5,20,20,0.0,0.0,400,0
claim,1106,default,566,20,20,132.75,17,4,127.81132075471699,103.8,1459,281,80,80,0,E5,20,20,0.0,0.0,400,0
mas,1106,default,428,20,20,29.55,0,4,28.735849056603772,26.2,0,1118,96,154,0,E5,20,20,0.0,0.0,400,0
mas_iterative,1106,default,428,20,20,29.5,0,4,28.71698113207547,26.2,0,1118,96,154,0,E5,20,20,0.0,0.0,400,0
hungarian,1106,default,428,20,20,29.5,0,4,28.71698113207547,26.2,0,1118,130,193,0,E5,20,20,0.0,0.0,400,0
cbba,1106,default,428,20,20,28.95,0,4,27.943396226415093,24.2,0,1130,184,240,41,E5,20,20,0.0,0.0,400,0
no_coordination,1107,default,577,20,20,102.85,17,4,97.53061224489795,31.0,1415,438,0,0,0,E5,20,20,0.0,0.0,400,0
claim,1107,default,467,20,20,82.65,14,4,78.6734693877551,31.0,967,445,65,65,0,E5,20,20,0.0,0.0,400,0
mas,1107,default,386,20,20,25.15,0,4,24.959183673469386,24.0,0,1042,86,136,0,E5,20,20,0.0,0.0,400,0
mas_iterative,1107,default,386,20,20,25.15,0,4,24.959183673469386,24.0,0,1042,86,136,0,E5,20,20,0.0,0.0,400,0
hungarian,1107,default,386,20,20,25.15,0,4,24.959183673469386,24.0,0,1042,120,172,0,E5,20,20,0.0,0.0,400,0
cbba,1107,default,386,20,20,24.2,0,4,24.040816326530614,24.0,0,1082,344,446,81,E5,20,20,0.0,0.0,400,0
no_coordination,1108,default,510,20,20,69.15,18,4,66.05555555555556,55.0,1473,87,0,0,0,E5,20,20,0.0,0.0,400,0
claim,1108,default,438,20,20,53.5,14,4,51.925925925925924,45.6,1099,143,65,65,0,E5,20,20,0.0,0.0,400,0
mas,1108,default,438,20,20,28.9,0,4,28.425925925925927,23.4,0,1170,97,155,0,E5,20,20,0.0,0.0,400,0
mas_iterative,1108,default,438,20,20,28.9,0,4,28.425925925925927,23.4,0,1170,97,155,0,E5,20,20,0.0,0.0,400,0
hungarian,1108,default,438,20,20,28.9,0,4,28.425925925925927,23.4,0,1170,136,194,0,E5,20,20,0.0,0.0,400,0
cbba,1108,default,438,20,20,28.9,0,4,28.425925925925927,23.4,0,1170,180,220,40,E5,20,20,0.0,0.0,400,0
no_coordination,1109,default,491,20,20,64.25,17,4,60.55813953488372,61.5,1386,148,0,0,0,E5,20,20,0.0,0.0,400,0
claim,1109,default,450,20,20,52.85,14,4,51.23255813953488,65.5,1153,200,66,66,0,E5,20,20,0.0,0.0,400,0
mas,1109,default,450,20,20,25.05,0,4,23.558139534883722,12.0,0,1295,102,164,0,E5,20,20,0.0,0.0,400,0
mas_iterative,1109,default,450,20,20,25.05,0,4,23.558139534883722,12.0,0,1295,102,164,0,E5,20,20,0.0,0.0,400,0
hungarian,1109,default,450,20,20,25.05,0,4,23.558139534883722,12.0,0,1295,144,206,0,E5,20,20,0.0,0.0,400,0
cbba,1109,default,450,20,20,24.45,0,4,22.72093023255814,12.0,0,1319,276,340,64,E5,20,20,0.0,0.0,400,0
no_coordination,1110,default,426,20,20,50.5,16,4,50.868852459016395,55.0,1004,229,0,0,0,E5,20,20,0.0,0.0,400,0
claim,1110,default,427,20,20,52.95,14,4,53.19672131147541,57.0,862,320,55,55,0,E5,20,20,0.0,0.0,400,0
mas,1110,default,414,20,20,30.5,0,4,30.114754098360656,31.285714285714285,0,1072,86,138,0,E5,20,20,0.0,0.0,400,0
mas_iterative,1110,default,414,20,20,30.5,0,4,30.114754098360656,31.285714285714285,0,1072,86,138,0,E5,20,20,0.0,0.0,400,0
hungarian,1110,default,414,20,20,30.5,0,4,30.114754098360656,31.285714285714285,0,1072,124,176,0,E5,20,20,0.0,0.0,400,0
cbba,1110,default,414,20,20,30.5,0,4,30.114754098360656,31.285714285714285,0,1072,180,220,40,E5,20,20,0.0,0.0,400,0
no_coordination,1111,default,515,20,20,75.15,19,4,66.94,53.2,1457,139,0,0,0,E5,20,20,0.0,0.0,400,0
claim,1111,default,471,20,20,53.4,16,4,45.44,38.4,1201,232,69,69,0,E5,20,20,0.0,0.0,400,0
mas,1111,default,408,20,20,25.8,0,4,25.0,28.0,0,1114,98,158,0,E5,20,20,0.0,0.0,400,0
mas_iterative,1111,default,408,20,20,25.7,0,4,24.96,28.0,0,1114,98,158,0,E5,20,20,0.0,0.0,400,0
hungarian,1111,default,408,20,20,25.7,0,4,24.96,28.0,0,1114,134,199,0,E5,20,20,0.0,0.0,400,0
cbba,1111,default,408,20,20,25.7,0,4,24.98,27.2,0,1148,448,570,107,E5,20,20,0.0,0.0,400,0
no_coordination,1112,default,509,20,20,73.1,19,4,68.4888888888889,48.0,1388,99,0,0,0,E5,20,20,0.0,0.0,400,0
claim,1112,default,446,20,20,63.85,15,4,59.75555555555555,41.5,1155,110,63,63,0,E5,20,20,0.0,0.0,400,0
mas,1112,default,387,20,20,27.6,0,4,28.733333333333334,27.0,0,992,90,143,0,E5,20,20,0.0,0.0,400,0
mas_iterative,1112,default,387,20,20,27.6,0,4,28.733333333333334,27.0,0,992,90,143,0,E5,20,20,0.0,0.0,400,0
hungarian,1112,default,387,20,20,27.6,0,4,28.733333333333334,27.0,0,992,126,179,0,E5,20,20,0.0,0.0,400,0
cbba,1112,default,387,20,20,27.6,0,4,28.733333333333334,27.0,0,992,180,220,40,E5,20,20,0.0,0.0,400,0
no_coordination,1113,default,584,20,20,119.6,18,4,116.11320754716981,117.0,1547,295,0,0,0,E5,20,20,0.0,0.0,400,0
claim,1113,default,391,20,20,56.85,11,4,51.943396226415096,40.4,748,282,51,51,0,E5,20,20,0.0,0.0,400,0
mas,1113,default,358,20,20,29.05,0,4,26.69811320754717,18.4,0,868,78,123,0,E5,20,20,0.0,0.0,400,0
mas_iterative,1113,default,358,20,20,29.05,0,4,26.69811320754717,18.4,0,868,78,123,0,E5,20,20,0.0,0.0,400,0
hungarian,1113,default,358,20,20,29.05,0,4,26.69811320754717,18.4,0,868,110,159,0,E5,20,20,0.0,0.0,400,0
cbba,1113,default,358,20,20,29.05,0,4,26.69811320754717,18.4,0,868,188,254,42,E5,20,20,0.0,0.0,400,0
no_coordination,1114,default,636,20,20,150.05,17,4,128.59615384615384,99.16666666666667,1701,287,0,0,0,E5,20,20,0.0,0.0,400,0
claim,1114,default,589,20,20,142.45,14,4,122.73076923076923,99.16666666666667,1411,368,71,71,0,E5,20,20,0.0,0.0,400,0
mas,1114,default,410,20,20,32.1,0,4,30.01923076923077,32.833333333333336,0,1018,75,119,0,E5,20,20,0.0,0.0,400,0
mas_iterative,1114,default,410,20,20,32.05,0,4,30.0,32.833333333333336,0,1018,75,119,0,E5,20,20,0.0,0.0,400,0
hungarian,1114,default,410,20,20,32.05,0,4,30.0,32.833333333333336,0,1018,102,153,0,E5,20,20,0.0,0.0,400,0
cbba,1114,default,410,20,20,32.05,0,4,30.0,32.833333333333336,0,1018,176,240,39,E5,20,20,0.0,0.0,400,0
no_coordination,1115,default,499,20,20,88.6,19,4,88.875,83.4,1385,178,0,0,0,E5,20,20,0.0,0.0,400,0
claim,1115,default,489,20,20,79.8,17,4,80.29166666666667,75.0,1338,207,75,75,0,E5,20,20,0.0,0.0,400,0
mas,1115,default,391,20,20,22.55,0,4,23.270833333333332,29.0,0,1109,101,163,0,E5,20,20,0.0,0.0,400,0
mas_iterative,1115,default,391,20,20,22.55,0,4,23.270833333333332,29.0,0,1109,101,163,0,E5,20,20,0.0,0.0,400,0
hungarian,1115,default,391,20,20,22.55,0,4,23.270833333333332,29.0,0,1109,144,206,0,E5,20,20,0.0,0.0,400,0
cbba,1115,default,391,20,20,22.55,0,4,23.270833333333332,29.0,0,1109,180,220,40,E5,20,20,0.0,0.0,400,0
no_coordination,1116,default,482,20,20,50.0,19,4,46.45238095238095,30.5,1189,327,0,0,0,E5,20,20,0.0,0.0,400,0
claim,1116,default,414,20,20,38.0,15,4,36.92857142857143,30.5,907,338,57,57,0,E5,20,20,0.0,0.0,400,0
mas,1116,default,404,20,20,21.5,0,4,21.047619047619047,22.0,0,1182,99,158,0,E5,20,20,0.0,0.0,400,0
mas_iterative,1116,default,404,20,20,21.5,0,4,21.047619047619047,22.0,0,1182,99,158,0,E5,20,20,0.0,0.0,400,0
hungarian,1116,default,404,20,20,21.5,0,4,21.047619047619047,22.0,0,1182,138,205,0,E5,20,20,0.0,0.0,400,0
cbba,1116,default,404,20,20,21.5,0,4,21.047619047619047,22.0,0,1182,172,220,38,E5,20,20,0.0,0.0,400,0
no_coordination,1117,default,517,20,20,69.85,18,4,66.50943396226415,57.8,1319,237,0,0,0,E5,20,20,0.0,0.0,400,0
claim,1117,default,441,20,20,54.8,15,4,53.43396226415094,57.8,1023,223,70,70,0,E5,20,20,0.0,0.0,400,0
mas,1117,default,428,20,20,27.75,0,4,27.641509433962263,28.0,0,1154,91,145,0,E5,20,20,0.0,0.0,400,0
mas_iterative,1117,default,428,20,20,27.75,0,4,27.641509433962263,28.0,0,1154,91,145,0,E5,20,20,0.0,0.0,400,0
hungarian,1117,default,428,20,20,27.75,0,4,27.641509433962263,28.0,0,1154,128,182,0,E5,20,20,0.0,0.0,400,0
cbba,1117,default,428,20,20,27.75,0,4,27.641509433962263,28.0,0,1154,180,220,40,E5,20,20,0.0,0.0,400,0
no_coordination,1118,default,616,20,20,110.3,16,4,102.41509433962264,99.5,1756,107,0,0,0,E5,20,20,0.0,0.0,400,0
claim,1118,default,561,20,20,114.55,13,4,106.18867924528301,92.5,1314,293,70,70,0,E5,20,20,0.0,0.0,400,0
mas,1118,default,422,20,20,33.75,0,4,32.0188679245283,24.75,0,1017,83,131,0,E5,20,20,0.0,0.0,400,0
mas_iterative,1118,default,422,20,20,33.7,0,4,31.9811320754717,24.75,0,1017,83,131,0,E5,20,20,0.0,0.0,400,0
hungarian,1118,default,422,20,20,33.7,0,4,31.9811320754717,24.75,0,1017,112,164,0,E5,20,20,0.0,0.0,400,0
cbba,1118,default,422,20,20,33.7,0,4,31.9811320754717,24.75,0,1017,176,230,39,E5,20,20,0.0,0.0,400,0
no_coordination,1119,default,473,20,20,56.85,18,4,55.142857142857146,59.0,1076,326,0,0,0,E5,20,20,0.0,0.0,400,0
claim,1119,default,459,20,20,51.05,14,4,48.36734693877551,40.5,882,466,54,54,0,E5,20,20,0.0,0.0,400,0
mas,1119,default,404,20,20,26.4,0,4,25.93877551020408,30.0,0,1084,92,146,0,E5,20,20,0.0,0.0,400,0
mas_iterative,1119,default,404,20,20,26.4,0,4,25.93877551020408,30.0,0,1084,92,146,0,E5,20,20,0.0,0.0,400,0
hungarian,1119,default,404,20,20,26.4,0,4,25.93877551020408,30.0,0,1084,128,182,0,E5,20,20,0.0,0.0,400,0
cbba,1119,default,404,20,20,26.4,0,4,25.93877551020408,30.0,0,1084,180,220,40,E5,20,20,0.0,0.0,400,0
no_coordination,1120,default,508,20,20,103.6,17,4,92.97727272727273,39.0,1381,129,0,0,0,E5,20,20,0.0,0.0,400,0
claim,1120,default,423,20,20,52.15,12,4,47.20454545454545,39.0,914,253,59,59,0,E5,20,20,0.0,0.0,400,0
mas,1120,default,353,20,20,29.2,0,4,29.727272727272727,24.0,0,838,83,131,0,E5,20,20,0.0,0.0,400,0
mas_iterative,1120,default,353,20,20,29.2,0,4,29.727272727272727,24.0,0,838,83,131,0,E5,20,20,0.0,0.0,400,0
hungarian,1120,default,353,20,20,29.2,0,4,29.727272727272727,24.0,0,838,116,164,0,E5,20,20,0.0,0.0,400,0
cbba,1120,default,353,20,20,28.05,0,4,29.25,24.0,0,870,252,310,58,E5,20,20,0.0,0.0,400,0
no_coordination,1121,default,677,20,20,189.5,19,4,181.02173913043478,118.5,1979,134,0,0,0,E5,20,20,0.0,0.0,400,0
claim,1121,default,632,20,20,185.65,18,4,177.1304347826087,118.5,1797,147,90,90,0,E5,20,20,0.0,0.0,400,0
mas,1121,default,432,20,20,31.05,0,4,31.108695652173914,32.75,0,1103,93,149,0,E5,20,20,0.0,0.0,400,0
mas_iterative,1121,default,432,20,20,31.05,0,4,31.108695652173914,32.75,0,1103,93,149,0,E5,20,20,0.0,0.0,400,0
hungarian,1121,default,432,20,20,31.05,0,4,31.108695652173914,32.75,0,1103,132,188,0,E5,20,20,0.0,0.0,400,0
cbba,1121,default,432,20,20,31.05,0,4,31.108695652173914,32.75,0,1103,180,220,40,E5,20,20,0.0,0.0,400,0
no_coordination,1123,default,441,20,20,76.2,19,4,73.52083333333333,61.8,1209,120,0,0,0,E5,20,20,0.0,0.0,400,0
claim,1123,default,431,20,20,57.4,15,4,57.3125,56.0,939,326,63,63,0,E5,20,20,0.0,0.0,400,0
mas,1123,default,372,20,20,24.6,0,4,26.145833333333332,27.4,0,1004,81,128,0,E5,20,20,0.0,0.0,400,0
mas_iterative,1123,default,372,20,20,24.6,0,4,26.145833333333332,27.4,0,1004,81,128,0,E5,20,20,0.0,0.0,400,0
hungarian,1123,default,372,20,20,24.6,0,4,26.145833333333332,27.4,0,1004,114,169,0,E5,20,20,0.0,0.0,400,0
cbba,1123,default,372,20,20,24.6,0,4,26.145833333333332,27.4,0,1004,176,240,39,E5,20,20,0.0,0.0,400,0
no_coordination,1124,default,488,20,20,53.4,17,4,50.925925925925924,41.0,1162,325,0,0,0,E5,20,20,0.0,0.0,400,0
claim,1124,default,488,20,20,52.95,17,4,50.648148148148145,41.666666666666664,975,501,59,59,0,E5,20,20,0.0,0.0,400,0
mas,1124,default,407,20,20,27.3,0,4,27.72222222222222,29.0,0,1082,89,142,0,E5,20,20,0.0,0.0,400,0
mas_iterative,1124,default,407,20,20,27.3,0,4,27.72222222222222,29.0,0,1082,89,142,0,E5,20,20,0.0,0.0,400,0
hungarian,1124,default,407,20,20,27.3,0,4,27.72222222222222,29.0,0,1082,126,187,0,E5,20,20,0.0,0.0,400,0
cbba,1124,default,407,20,20,27.3,0,4,27.72222222222222,29.0,0,1082,172,220,38,E5,20,20,0.0,0.0,400,0
no_coordination,1125,default,587,20,20,158.55,18,4,153.87234042553192,138.33333333333334,1628,134,0,0,0,E5,20,20,0.0,0.0,400,0
claim,1125,default,535,20,20,152.1,16,4,146.4468085106383,138.33333333333334,1451,151,76,76,0,E5,20,20,0.0,0.0,400,0
mas,1125,default,412,20,20,29.95,0,4,28.51063829787234,30.333333333333332,0,1050,88,139,0,E5,20,20,0.0,0.0,400,0
mas_iterative,1125,default,412,20,20,29.95,0,4,28.51063829787234,30.333333333333332,0,1050,88,139,0,E5,20,20,0.0,0.0,400,0
hungarian,1125,default,412,20,20,29.95,0,4,28.51063829787234,30.333333333333332,0,1050,122,173,0,E5,20,20,0.0,0.0,400,0
cbba,1125,default,412,20,20,29.95,0,4,28.51063829787234,30.333333333333332,0,1050,180,220,40,E5,20,20,0.0,0.0,400,0
no_coordination,1126,default,524,20,20,83.3,20,4,75.7,47.0,1434,258,0,0,0,E5,20,20,0.0,0.0,400,0
claim,1126,default,516,20,20,76.0,19,4,69.94,48.0,1361,303,79,79,0,E5,20,20,0.0,0.0,400,0
mas,1126,default,400,20,20,25.0,0,4,23.38,21.25,0,1112,93,148,0,E5,20,20,0.0,0.0,400,0
mas_iterative,1126,default,400,20,20,24.95,0,4,23.36,21.25,0,1112,93,148,0,E5,20,20,0.0,0.0,400,0
hungarian,1126,default,400,20,20,24.95,0,4,23.36,21.25,0,1112,124,184,0,E5,20,20,0.0,0.0,400,0
cbba,1126,default,400,20,20,24.4,0,4,23.08,21.0,0,1124,188,258,42,E5,20,20,0.0,0.0,400,0
no_coordination,1127,default,508,20,20,89.45,16,4,88.08163265306122,93.66666666666667,1476,88,0,0,0,E5,20,20,0.0,0.0,400,0
claim,1127,default,421,20,20,51.85,13,4,50.97959183673469,33.666666666666664,947,229,65,65,0,E5,20,20,0.0,0.0,400,0
mas,1127,default,421,20,20,28.45,0,4,30.102040816326532,30.666666666666668,0,1111,98,156,0,E5,20,20,0.0,0.0,400,0
mas_iterative,1127,default,421,20,20,28.45,0,4,30.102040816326532,30.666666666666668,0,1111,98,156,0,E5,20,20,0.0,0.0,400,0
hungarian,1127,default,421,20,20,28.45,0,4,30.102040816326532,30.666666666666668,0,1111,136,194,0,E5,20,20,0.0,0.0,400,0
cbba,1127,default,421,20,20,26.9,0,4,28.20408163265306,30.666666666666668,0,1151,252,310,58,E5,20,20,0.0,0.0,400,0
no_coordination,1128,default,469,20,20,64.0,17,4,63.17391304347826,54.666666666666664,1311,88,0,0,0,E5,20,20,0.0,0.0,400,0
claim,1128,default,470,20,20,59.5,15,4,59.67391304347826,61.0,1214,165,66,66,0,E5,20,20,0.0,0.0,400,0
mas,1128,default,431,20,20,28.55,0,4,30.217391304347824,34.333333333333336,0,1149,94,150,0,E5,20,20,0.0,0.0,400,0
mas_iterative,1128,default,431,20,20,28.55,0,4,30.217391304347824,34.333333333333336,0,1149,94,150,0,E5,20,20,0.0,0.0,400,0
hungarian,1128,default,431,20,20,28.55,0,4,30.217391304347824,34.333333333333336,0,1149,132,188,0,E5,20,20,0.0,0.0,400,0
cbba,1128,default,431,20,20,28.55,0,4,30.217391304347824,34.333333333333336,0,1149,180,220,40,E5,20,20,0.0,0.0,400,0
no_coordination,1129,default,601,20,20,88.25,19,4,89.34693877551021,47.0,1446,413,0,0,0,E5,20,20,0.0,0.0,400,0
claim,1129,default,506,20,20,72.15,13,4,71.44897959183673,47.0,1005,420,65,65,0,E5,20,20,0.0,0.0,400,0
mas,1129,default,442,20,20,32.15,0,4,31.714285714285715,27.0,0,1150,84,134,0,E5,20,20,0.0,0.0,400,0
mas_iterative,1129,default,442,20,20,32.05,0,4,31.612244897959183,27.0,0,1150,84,134,0,E5,20,20,0.0,0.0,400,0
hungarian,1129,default,442,20,20,32.05,0,4,31.612244897959183,27.0,0,1150,116,176,0,E5,20,20,0.0,0.0,400,0
cbba,1129,default,442,20,20,32.05,0,4,31.612244897959183,27.0,0,1150,188,300,42,E5,20,20,0.0,0.0,400,0
no_coordination,1130,default,687,20,20,168.7,20,4,170.69642857142858,150.4,1772,470,0,0,0,E5,20,20,0.0,0.0,400,0
claim,1130,default,432,20,20,41.05,12,4,40.089285714285715,39.4,616,569,47,47,0,E5,20,20,0.0,0.0,400,0
mas,1130,default,413,20,20,28.8,0,4,28.696428571428573,27.2,0,1072,82,129,0,E5,20,20,0.0,0.0,400,0
mas_iterative,1130,default,413,20,20,28.8,0,4,28.696428571428573,27.2,0,1072,82,129,0,E5,20,20,0.0,0.0,400,0
hungarian,1130,default,413,20,20,28.8,0,4,28.696428571428573,27.2,0,1072,114,161,0,E5,20,20,0.0,0.0,400,0
cbba,1130,default,413,20,20,27.15,0,4,26.535714285714285,22.8,0,1112,224,298,51,E5,20,20,0.0,0.0,400,0
no_coordination,1131,default,532,20,20,70.5,18,4,70.50847457627118,66.125,1435,211,0,0,0,E5,20,20,0.0,0.0,400,0
claim,1131,default,434,20,20,47.9,12,4,48.3728813559322,51.125,941,256,56,56,0,E5,20,20,0.0,0.0,400,0
mas,1131,default,416,20,20,27.25,0,4,28.864406779661017,34.125,0,1116,96,154,0,E5,20,20,0.0,0.0,400,0
mas_iterative,1131,default,416,20,20,27.2,0,4,28.796610169491526,34.0,0,1116,96,154,0,E5,20,20,0.0,0.0,400,0
hungarian,1131,default,416,20,20,27.2,0,4,28.796610169491526,34.0,0,1116,132,194,0,E5,20,20,0.0,0.0,400,0
cbba,1131,default,416,20,20,27.2,0,4,28.796610169491526,34.0,0,1116,176,228,39,E5,20,20,0.0,0.0,400,0
no_coordination,1132,default,461,20,20,96.65,18,4,92.90566037735849,69.33333333333333,1221,137,0,0,0,E5,20,20,0.0,0.0,400,0
claim,1132,default,417,20,20,74.45,12,4,72.69811320754717,54.666666666666664,885,231,57,57,0,E5,20,20,0.0,0.0,400,0
mas,1132,default,401,20,20,28.7,0,4,29.69811320754717,24.333333333333332,0,1030,88,140,0,E5,20,20,0.0,0.0,400,0
mas_iterative,1132,default,401,20,20,28.7,0,4,29.69811320754717,24.333333333333332,0,1030,88,140,0,E5,20,20,0.0,0.0,400,0
hungarian,1132,default,401,20,20,28.7,0,4,29.69811320754717,24.333333333333332,0,1030,124,176,0,E5,20,20,0.0,0.0,400,0
cbba,1132,default,401,20,20,28.7,0,4,29.69811320754717,24.333333333333332,0,1030,180,220,40,E5,20,20,0.0,0.0,400,0
no_coordination,1133,default,556,20,20,83.2,15,4,80.09433962264151,70.25,1389,314,0,0,0,E5,20,20,0.0,0.0,400,0
claim,1133,default,551,20,20,72.2,12,4,69.39622641509433,57.0,1045,635,58,58,0,E5,20,20,0.0,0.0,400,0
mas,1133,default,443,20,20,29.45,0,4,30.132075471698112,28.75,0,1190,87,138,0,E5,20,20,0.0,0.0,400,0
mas_iterative,1133,default,443,20,20,29.45,0,4,30.132075471698112,28.75,0,1190,87,138,0,E5,20,20,0.0,0.0,400,0
hungarian,1133,default,443,20,20,29.45,0,4,30.132075471698112,28.75,0,1190,122,173,0,E5,20,20,0.0,0.0,400,0
cbba,1133,default,443,20,20,29.45,0,4,30.132075471698112,28.75,0,1190,180,220,40,E5,20,20,0.0,0.0,400,0
no_coordination,1134,default,503,20,20,97.15,16,4,95.57142857142857,74.0,1297,275,0,0,0,E5,20,20,0.0,0.0,400,0
claim,1134,default,434,20,20,46.95,11,4,44.91836734693877,35.0,768,507,54,54,0,E5,20,20,0.0,0.0,400,0
mas,1134,default,394,20,20,27.45,0,4,26.122448979591837,28.0,0,1028,84,132,0,E5,20,20,0.0,0.0,400,0
mas_iterative,1134,default,394,20,20,27.45,0,4,26.122448979591837,28.0,0,1028,84,132,0,E5,20,20,0.0,0.0,400,0
hungarian,1134,default,394,20,20,27.45,0,4,26.122448979591837,28.0,0,1028,116,164,0,E5,20,20,0.0,0.0,400,0
cbba,1134,default,394,20,20,26.95,0,4,25.714285714285715,28.0,0,1052,308,468,72,E5,20,20,0.0,0.0,400,0
no_coordination,1135,default,543,20,20,137.1,18,4,130.25,103.8,1453,220,0,0,0,E5,20,20,0.0,0.0,400,0
claim,1135,default,401,20,20,79.25,11,4,76.10416666666667,73.4,726,328,50,50,0,E5,20,20,0.0,0.0,400,0
mas,1135,default,401,20,20,29.8,0,4,29.145833333333332,29.4,0,1010,78,123,0,E5,20,20,0.0,0.0,400,0
mas_iterative,1135,default,401,20,20,29.8,0,4,29.145833333333332,29.4,0,1010,78,123,0,E5,20,20,0.0,0.0,400,0
hungarian,1135,default,401,20,20,29.8,0,4,29.145833333333332,29.4,0,1010,110,157,0,E5,20,20,0.0,0.0,400,0
cbba,1135,default,401,20,20,29.8,0,4,29.145833333333332,29.4,0,1010,184,238,41,E5,20,20,0.0,0.0,400,0
no_coordination,1136,default,575,20,20,153.8,17,4,151.6078431372549,149.4,1582,130,0,0,0,E5,20,20,0.0,0.0,400,0
claim,1136,default,387,20,20,79.9,11,4,75.19607843137256,51.2,829,118,47,47,0,E5,20,20,0.0,0.0,400,0
mas,1136,default,365,20,20,32.65,0,4,33.333333333333336,32.4,0,832,78,123,0,E5,20,20,0.0,0.0,400,0
mas_iterative,1136,default,365,20,20,32.65,0,4,33.333333333333336,32.4,0,832,78,123,0,E5,20,20,0.0,0.0,400,0
hungarian,1136,default,365,20,20,32.65,0,4,33.333333333333336,32.4,0,832,110,157,0,E5,20,20,0.0,0.0,400,0
cbba,1136,default,365,20,20,32.65,0,4,33.333333333333336,32.4,0,832,184,236,41,E5,20,20,0.0,0.0,400,0
no_coordination,1137,default,603,20,20,111.2,20,4,110.72340425531915,101.75,1761,152,0,0,0,E5,20,20,0.0,0.0,400,0
claim,1137,default,603,20,20,111.2,20,4,110.72340425531915,101.75,1761,152,92,92,0,E5,20,20,0.0,0.0,400,0
mas,1137,default,412,20,20,28.4,0,4,27.06382978723404,25.75,0,1076,98,157,0,E5,20,20,0.0,0.0,400,0
mas_iterative,1137,default,412,20,20,28.4,0,4,27.06382978723404,25.75,0,1076,98,157,0,E5,20,20,0.0,0.0,400,0
hungarian,1137,default,412,20,20,28.4,0,4,27.06382978723404,25.75,0,1076,138,197,0,E5,20,20,0.0,0.0,400,0
cbba,1137,default,412,20,20,28.4,0,4,27.06382978723404,25.75,0,1076,180,220,40,E5,20,20,0.0,0.0,400,0
no_coordination,1138,default,487,20,20,91.0,17,4,85.74074074074075,68.0,1312,139,0,0,0,E5,20,20,0.0,0.0,400,0
claim,1138,default,440,20,20,63.75,15,4,60.22222222222222,52.0,1056,225,60,60,0,E5,20,20,0.0,0.0,400,0
mas,1138,default,385,20,20,25.5,0,4,25.5,26.5,0,1026,91,146,0,E5,20,20,0.0,0.0,400,0
mas_iterative,1138,default,385,20,20,25.5,0,4,25.5,26.5,0,1026,91,146,0,E5,20,20,0.0,0.0,400,0
hungarian,1138,default,385,20,20,25.5,0,4,25.5,26.5,0,1026,130,191,0,E5,20,20,0.0,0.0,400,0
cbba,1138,default,385,20,20,25.5,0,4,25.5,26.5,0,1026,172,220,38,E5,20,20,0.0,0.0,400,0
no_coordination,1139,default,504,20,20,78.7,18,4,74.18518518518519,68.0,1260,276,0,0,0,E5,20,20,0.0,0.0,400,0
claim,1139,default,502,20,20,74.4,14,4,71.25925925925925,65.5,1085,449,63,63,0,E5,20,20,0.0,0.0,400,0
mas,1139,default,417,20,20,27.0,0,4,28.48148148148148,29.0,0,1145,86,137,0,E5,20,20,0.0,0.0,400,0
mas_iterative,1139,default,417,20,20,27.0,0,4,28.48148148148148,29.0,0,1145,86,137,0,E5,20,20,0.0,0.0,400,0
hungarian,1139,default,417,20,20,27.0,0,4,28.48148148148148,29.0,0,1145,122,177,0,E5,20,20,0.0,0.0,400,0
cbba,1139,default,417,20,20,27.0,0,4,28.48148148148148,29.0,0,1145,188,256,42,E5,20,20,0.0,0.0,400,0
no_coordination,1140,default,500,20,20,111.05,18,4,110.02083333333333,109.75,1435,108,0,0,0,E5,20,20,0.0,0.0,400,0
claim,1140,default,434,20,20,92.55,14,4,88.66666666666667,72.5,1059,185,68,68,0,E5,20,20,0.0,0.0,400,0
mas,1140,default,412,20,20,26.85,0,4,27.083333333333332,29.0,0,1114,100,161,0,E5,20,20,0.0,0.0,400,0
mas_iterative,1140,default,412,20,20,26.8,0,4,27.041666666666668,29.0,0,1114,100,161,0,E5,20,20,0.0,0.0,400,0
hungarian,1140,default,412,20,20,26.8,0,4,27.041666666666668,29.0,0,1114,136,202,0,E5,20,20,0.0,0.0,400,0
cbba,1140,default,412,20,20,26.0,0,4,26.041666666666668,29.0,0,1140,276,448,64,E5,20,20,0.0,0.0,400,0
no_coordination,1141,default,578,20,20,114.75,17,4,112.10909090909091,112.125,1461,332,0,0,0,E5,20,20,0.0,0.0,400,0
claim,1141,default,442,20,20,53.6,11,4,51.127272727272725,47.25,741,468,52,52,0,E5,20,20,0.0,0.0,400,0
mas,1141,default,412,20,20,31.7,0,4,32.03636363636364,33.75,0,1014,85,134,0,E5,20,20,0.0,0.0,400,0
mas_iterative,1141,default,412,20,20,31.7,0,4,32.03636363636364,33.75,0,1014,85,134,0,E5,20,20,0.0,0.0,400,0
hungarian,1141,default,412,20,20,31.7,0,4,32.03636363636364,33.75,0,1014,118,167,0,E5,20,20,0.0,0.0,400,0
cbba,1141,default,412,20,20,30.55,0,4,31.618181818181817,33.75,0,1054,316,400,74,E5,20,20,0.0,0.0,400,0
no_coordination,1142,default,550,20,20,101.15,19,4,97.34,103.0,1503,175,0,0,0,E5,20,20,0.0,0.0,400,0
claim,1142,default,538,20,20,101.45,17,4,98.26,105.75,1421,189,73,73,0,E5,20,20,0.0,0.0,400,0
mas,1142,default,428,20,20,29.0,0,4,29.8,34.75,0,1128,97,155,0,E5,20,20,0.0,0.0,400,0
mas_iterative,1142,default,428,20,20,29.0,0,4,29.8,34.75,0,1128,97,155,0,E5,20,20,0.0,0.0,400,0
hungarian,1142,default,428,20,20,29.0,0,4,29.8,34.75,0,1128,136,194,0,E5,20,20,0.0,0.0,400,0
cbba,1142,default,428,20,20,29.0,0,4,29.8,34.75,0,1128,180,220,40,E5,20,20,0.0,0.0,400,0
no_coordination,1143,default,542,20,20,111.2,18,4,99.76744186046511,70.0,1270,369,0,0,0,E5,20,20,0.0,0.0,400,0
claim,1143,default,494,20,20,39.95,14,4,32.06976744186046,14.666666666666666,861,573,54,54,0,E5,20,20,0.0,0.0,400,0
mas,1143,default,423,20,20,29.75,0,4,25.953488372093023,12.333333333333334,0,1094,87,136,0,E5,20,20,0.0,0.0,400,0
mas_iterative,1143,default,423,20,20,29.7,0,4,25.930232558139537,12.333333333333334,0,1094,87,136,0,E5,20,20,0.0,0.0,400,0
hungarian,1143,default,423,20,20,29.7,0,4,25.930232558139537,12.333333333333334,0,1094,112,174,0,E5,20,20,0.0,0.0,400,0
cbba,1143,default,423,20,20,29.7,0,4,25.930232558139537,12.333333333333334,0,1094,168,230,37,E5,20,20,0.0,0.0,400,0
no_coordination,1144,default,587,20,20,110.55,19,4,103.74509803921569,90.83333333333333,1553,319,0,0,0,E5,20,20,0.0,0.0,400,0
claim,1144,default,587,20,20,110.55,19,4,103.74509803921569,90.83333333333333,1553,322,82,82,0,E5,20,20,0.0,0.0,400,0
mas,1144,default,421,20,20,28.25,0,4,28.19607843137255,25.5,0,1120,96,154,0,E5,20,20,0.0,0.0,400,0
mas_iterative,1144,default,421,20,20,28.25,0,4,28.19607843137255,25.5,0,1120,96,154,0,E5,20,20,0.0,0.0,400,0
hungarian,1144,default,421,20,20,28.25,0,4,28.19607843137255,25.5,0,1120,136,194,0,E5,20,20,0.0,0.0,400,0
cbba,1144,default,421,20,20,28.5,0,4,28.392156862745097,25.5,0,1120,224,290,51,E5,20,20,0.0,0.0,400,0
no_coordination,1145,default,490,20,20,55.9,18,4,51.767857142857146,44.875,1359,139,0,0,0,E5,20,20,0.0,0.0,400,0
claim,1145,default,475,20,20,47.7,16,4,44.232142857142854,39.0,1241,190,68,68,0,E5,20,20,0.0,0.0,400,0
mas,1145,default,420,20,20,25.0,0,4,24.732142857142858,25.5,0,1176,103,167,0,E5,20,20,0.0,0.0,400,0
mas_iterative,1145,default,420,20,20,25.0,0,4,24.732142857142858,25.5,0,1176,103,167,0,E5,20,20,0.0,0.0,400,0
hungarian,1145,default,420,20,20,25.0,0,4,24.732142857142858,25.5,0,1176,148,212,0,E5,20,20,0.0,0.0,400,0
cbba,1145,default,420,20,20,25.0,0,4,24.732142857142858,25.5,0,1176,180,220,40,E5,20,20,0.0,0.0,400,0
no_coordination,1146,default,556,20,20,96.55,17,4,98.4,93.0,1479,242,0,0,0,E5,20,20,0.0,0.0,400,0
claim,1146,default,463,20,20,53.4,13,4,55.49090909090909,68.0,967,345,58,58,0,E5,20,20,0.0,0.0,400,0
mas,1146,default,433,20,20,28.8,0,4,29.12727272727273,27.75,0,1152,94,149,0,E5,20,20,0.0,0.0,400,0
mas_iterative,1146,default,433,20,20,28.8,0,4,29.12727272727273,27.75,0,1152,94,149,0,E5,20,20,0.0,0.0,400,0
hungarian,1146,default,433,20,20,28.8,0,4,29.12727272727273,27.75,0,1152,130,185,0,E5,20,20,0.0,0.0,400,0
cbba,1146,default,433,20,20,27.95,0,4,28.436363636363637,27.75,0,1176,236,290,54,E5,20,20,0.0,0.0,400,0
no_coordination,1147,default,578,20,20,114.4,19,4,107.72340425531915,75.66666666666667,1705,99,0,0,0,E5,20,20,0.0,0.0,400,0
claim,1147,default,428,20,20,73.0,12,4,70.87234042553192,75.66666666666667,1027,149,62,62,0,E5,20,20,0.0,0.0,400,0
mas,1147,default,416,20,20,28.4,0,4,27.872340425531913,34.0,0,1092,94,149,0,E5,20,20,0.0,0.0,400,0
mas_iterative,1147,default,416,20,20,28.4,0,4,27.872340425531913,34.0,0,1092,94,149,0,E5,20,20,0.0,0.0,400,0
hungarian,1147,default,416,20,20,28.4,0,4,27.872340425531913,34.0,0,1092,130,185,0,E5,20,20,0.0,0.0,400,0
cbba,1147,default,416,20,20,28.4,0,4,27.872340425531913,34.0,0,1092,180,220,40,E5,20,20,0.0,0.0,400,0
no_coordination,1149,default,502,20,20,70.35,18,4,70.76923076923077,68.0,1286,317,0,0,0,E5,20,20,0.0,0.0,400,0
claim,1149,default,436,20,20,47.9,14,4,51.38461538461539,68.0,905,385,59,59,0,E5,20,20,0.0,0.0,400,0
mas,1149,default,416,20,20,26.65,0,4,27.153846153846153,23.0,0,1128,97,155,0,E5,20,20,0.0,0.0,400,0
mas_iterative,1149,default,416,20,20,26.6,0,4,27.115384615384617,23.0,0,1128,97,155,0,E5,20,20,0.0,0.0,400,0
hungarian,1149,default,416,20,20,26.6,0,4,27.115384615384617,23.0,0,1128,130,193,0,E5,20,20,0.0,0.0,400,0
cbba,1149,default,416,20,20,25.9,0,4,26.576923076923077,23.0,0,1152,256,330,59,E5,20,20,0.0,0.0,400,0
no_coordination,1150,default,455,20,20,54.4,16,4,51.5625,39.6,1218,150,0,0,0,E5,20,20,0.0,0.0,400,0
claim,1150,default,404,20,20,38.85,12,4,35.75,29.2,859,255,56,56,0,E5,20,20,0.0,0.0,400,0
mas,1150,default,404,20,20,27.1,0,4,27.8125,29.8,0,1071,101,162,0,E5,20,20,0.0,0.0,400,0
mas_iterative,1150,default,404,20,20,27.05,0,4,27.770833333333332,29.8,0,1071,101,162,0,E5,20,20,0.0,0.0,400,0
hungarian,1150,default,404,20,20,27.05,0,4,27.770833333333332,29.8,0,1071,138,203,0,E5,20,20,0.0,0.0,400,0
cbba,1150,default,404,20,20,27.05,0,4,27.770833333333332,29.8,0,1071,176,230,39,E5,20,20,0.0,0.0,400,0
no_coordination,1152,default,531,20,20,107.5,19,4,104.27083333333333,107.5,1514,96,0,0,0,E5,20,20,0.0,0.0,400,0
claim,1152,default,470,20,20,76.35,13,4,78.33333333333333,99.75,1209,154,68,68,0,E5,20,20,0.0,0.0,400,0
mas,1152,default,441,20,20,29.4,0,4,28.583333333333332,23.0,0,1174,99,159,0,E5,20,20,0.0,0.0,400,0
mas_iterative,1152,default,441,20,20,29.3,0,4,28.520833333333332,23.0,0,1174,99,159,0,E5,20,20,0.0,0.0,400,0
hungarian,1152,default,441,20,20,29.3,0,4,28.520833333333332,23.0,0,1174,128,198,0,E5,20,20,0.0,0.0,400,0
cbba,1152,default,441,20,20,29.3,0,4,28.520833333333332,23.0,0,1174,172,240,38,E5,20,20,0.0,0.0,400,0
no_coordination,1153,default,540,20,20,97.4,16,4,96.09433962264151,101.0,1402,222,0,0,0,E5,20,20,0.0,0.0,400,0
claim,1153,default,464,20,20,42.0,11,4,43.64150943396226,49.4,965,272,55,55,0,E5,20,20,0.0,0.0,400,0
mas,1153,default,431,20,20,31.5,0,4,32.716981132075475,36.8,0,1090,96,153,0,E5,20,20,0.0,0.0,400,0
mas_iterative,1153,default,431,20,20,31.5,0,4,32.716981132075475,36.8,0,1090,96,153,0,E5,20,20,0.0,0.0,400,0
hungarian,1153,default,431,20,20,31.5,0,4,32.716981132075475,36.8,0,1090,134,191,0,E5,20,20,0.0,0.0,400,0
cbba,1153,default,431,20,20,31.5,0,4,32.716981132075475,36.8,0,1090,180,220,40,E5,20,20,0.0,0.0,400,0
no_coordination,1155,default,564,20,20,139.95,18,4,131.125,129.4,1484,195,0,0,0,E5,20,20,0.0,0.0,400,0
claim,1155,default,533,20,20,130.9,15,4,124.02083333333333,129.4,1405,187,71,71,0,E5,20,20,0.0,0.0,400,0
mas,1155,default,395,20,20,28.85,0,4,27.9375,30.4,0,999,81,128,0,E5,20,20,0.0,0.0,400,0
mas_iterative,1155,default,395,20,20,28.85,0,4,27.9375,30.4,0,999,81,128,0,E5,20,20,0.0,0.0,400,0
hungarian,1155,default,395,20,20,28.85,0,4,27.9375,30.4,0,999,114,161,0,E5,20,20,0.0,0.0,400,0
cbba,1155,default,395,20,20,28.85,0,4,27.9375,30.4,0,999,180,220,40,E5,20,20,0.0,0.0,400,0
no_coordination,1156,default,614,20,20,103.75,19,4,109.12765957446808,172.0,1692,200,0,0,0,E5,20,20,0.0,0.0,400,0
claim,1156,default,490,20,20,64.5,14,4,66.7872340425532,70.0,1127,264,62,62,0,E5,20,20,0.0,0.0,400,0
mas,1156,default,415,20,20,31.9,0,4,32.808510638297875,39.0,0,1018,87,137,0,E5,20,20,0.0,0.0,400,0
mas_iterative,1156,default,415,20,20,31.9,0,4,32.808510638297875,39.0,0,1018,87,137,0,E5,20,20,0.0,0.0,400,0
hungarian,1156,default,415,20,20,31.9,0,4,32.808510638297875,39.0,0,1018,120,170,0,E5,20,20,0.0,0.0,400,0
cbba,1156,default,415,20,20,32.65,0,4,33.765957446808514,39.0,0,1024,340,430,80,E5,20,20,0.0,0.0,400,0
no_coordination,1157,default,516,20,20,98.4,18,4,99.02083333333333,92.33333333333333,1470,86,0,0,0,E5,20,20,0.0,0.0,400,0
claim,1157,default,434,20,20,63.2,12,4,59.25,43.333333333333336,898,293,55,55,0,E5,20,20,0.0,0.0,400,0
mas,1157,default,431,20,20,28.25,0,4,29.583333333333332,33.0,0,1157,91,144,0,E5,20,20,0.0,0.0,400,0
mas_iterative,1157,default,431,20,20,28.25,0,4,29.583333333333332,33.0,0,1157,91,144,0,E5,20,20,0.0,0.0,400,0
hungarian,1157,default,431,20,20,28.25,0,4,29.583333333333332,33.0,0,1157,126,179,0,E5,20,20,0.0,0.0,400,0
cbba,1157,default,431,20,20,28.25,0,4,29.583333333333332,33.0,0,1157,180,220,40,E5,20,20,0.0,0.0,400,0
