policy,seed,scenario,completion_time,victims_total,victims_rescued,avg_waiting_time,duplicate_conflicts,rescue_agents,weighted_wait,critical_wait,wasted_ticks,idle_ticks,messages,message_payload,consensus_rounds,experiment,victims,grid,blockage,comm_loss,arrival_window,burst_length
claim,1000,default,173,20,20,79.45,4,4,65.58695652173913,32.0,105,130,24,24,0,E6,20,20,0.0,0.1,0,1
mas,1000,default,147,20,20,72.8,3,4,60.30434782608695,28.666666666666668,61,56,50,75,0,E6,20,20,0.0,0.1,0,1
mas_iterative,1000,default,146,20,20,73.35,2,4,61.32608695652174,28.333333333333332,44,73,46,69,0,E6,20,20,0.0,0.1,0,1
cbba,1000,default,146,20,20,73.35,2,4,61.32608695652174,28.333333333333332,44,73,614,3332,148,E6,20,20,0.0,0.1,0,1
claim,1001,default,180,20,20,83.0,4,4,72.76785714285714,40.4,116,110,24,24,0,E6,20,20,0.0,0.1,0,1
mas,1001,default,166,20,20,77.85,3,4,67.10714285714286,36.2,74,124,56,84,0,E6,20,20,0.0,0.1,0,1
mas_iterative,1001,default,153,20,20,73.3,3,4,63.57142857142857,35.8,32,96,58,87,0,E6,20,20,0.0,0.1,0,1
cbba,1001,default,153,20,20,73.3,3,4,63.57142857142857,35.8,32,96,531,2803,127,E6,20,20,0.0,0.1,0,1
claim,1002,default,178,20,20,88.3,3,4,72.71739130434783,47.0,114,67,26,26,0,E6,20,20,0.0,0.1,0,1
mas,1002,default,170,20,20,79.95,1,4,64.45652173913044,35.75,12,131,50,75,0,E6,20,20,0.0,0.1,0,1
mas_iterative,1002,default,168,20,20,79.5,1,4,63.45652173913044,34.75,17,123,48,72,0,E6,20,20,0.0,0.1,0,1
cbba,1002,default,168,20,20,79.5,1,4,63.45652173913044,34.75,17,123,605,3281,146,E6,20,20,0.0,0.1,0,1
claim,1003,default,175,20,20,83.25,6,4,65.91666666666667,44.5,188,64,29,29,0,E6,20,20,0.0,0.1,0,1
mas,1003,default,144,20,20,69.35,0,4,54.958333333333336,36.333333333333336,0,87,50,75,0,E6,20,20,0.0,0.1,0,1
mas_iterative,1003,default,167,20,20,74.5,5,4,57.1875,35.5,139,84,64,96,0,E6,20,20,0.0,0.1,0,1
cbba,1003,default,167,20,20,74.5,5,4,57.1875,35.5,140,83,482,2624,114,E6,20,20,0.0,0.1,0,1
claim,1004,default,196,20,20,113.1,4,4,98.29787234042553,40.0,177,80,26,26,0,E6,20,20,0.0,0.1,0,1
mas,1004,default,160,20,20,79.45,2,4,67.42553191489361,29.333333333333332,34,90,52,78,0,E6,20,20,0.0,0.1,0,1
mas_iterative,1004,default,158,20,20,78.35,1,4,66.57446808510639,29.0,30,78,50,75,0,E6,20,20,0.0,0.1,0,1
cbba,1004,default,158,20,20,78.35,1,4,66.57446808510639,29.0,30,78,569,3043,137,E6,20,20,0.0,0.1,0,1
claim,1005,default,164,20,20,80.55,5,4,71.96363636363637,48.666666666666664,104,130,25,25,0,E6,20,20,0.0,0.1,0,1
mas,1005,default,146,20,20,73.45,3,4,63.945454545454545,39.166666666666664,49,112,54,81,0,E6,20,20,0.0,0.1,0,1
mas_iterative,1005,default,139,20,20,65.65,1,4,57.92727272727273,38.5,5,119,50,75,0,E6,20,20,0.0,0.1,0,1
cbba,1005,default,140,20,20,65.25,0,4,57.45454545454545,38.0,0,124,552,2988,133,E6,20,20,0.0,0.1,0,1
claim,1006,default,182,20,20,99.75,7,4,82.41025641025641,38.0,201,82,30,30,0,E6,20,20,0.0,0.1,0,1
mas,1006,default,159,20,20,70.6,1,4,58.53846153846154,29.0,41,120,48,72,0,E6,20,20,0.0,0.1,0,1
mas_iterative,1006,default,149,20,20,68.3,0,4,56.743589743589745,28.5,0,99,46,69,0,E6,20,20,0.0,0.1,0,1
cbba,1006,default,149,20,20,68.3,0,4,56.743589743589745,28.5,0,99,524,2812,126,E6,20,20,0.0,0.1,0,1
claim,1007,default,166,20,20,83.4,3,4,73.04444444444445,33.0,100,150,23,23,0,E6,20,20,0.0,0.1,0,1
mas,1007,default,131,20,20,70.85,2,4,62.333333333333336,33.0,24,67,48,72,0,E6,20,20,0.0,0.1,0,1
mas_iterative,1007,default,131,20,20,70.15,2,4,61.0,33.0,40,72,55,83,0,E6,20,20,0.0,0.1,0,1
cbba,1007,default,123,20,20,67.45,0,4,59.044444444444444,28.0,0,73,484,2568,116,E6,20,20,0.0,0.1,0,1
claim,1008,default,178,20,20,96.85,5,4,83.7,36.25,107,69,25,25,0,E6,20,20,0.0,0.1,0,1
mas,1008,default,175,20,20,90.8,4,4,78.7,32.25,73,79,52,78,0,E6,20,20,0.0,0.1,0,1
mas_iterative,1008,default,185,20,20,93.55,5,4,79.26,32.0,136,76,62,93,0,E6,20,20,0.0,0.1,0,1
cbba,1008,default,180,20,20,94.0,5,4,80.36,32.0,138,54,670,3616,161,E6,20,20,0.0,0.1,0,1
claim,1009,default,236,20,20,116.05,6,4,95.0,38.0,209,140,27,27,0,E6,20,20,0.0,0.1,0,1
mas,1009,default,186,20,20,92.95,2,4,76.74468085106383,27.666666666666668,46,91,54,81,0,E6,20,20,0.0,0.1,0,1
mas_iterative,1009,default,188,20,20,92.35,2,4,76.06382978723404,27.333333333333332,50,98,52,78,0,E6,20,20,0.0,0.1,0,1
cbba,1009,default,188,20,20,92.35,2,4,76.06382978723404,27.333333333333332,50,98,535,2911,128,E6,20,20,0.0,0.1,0,1
claim,1010,default,207,20,20,113.6,5,4,99.52830188679245,58.2,236,103,30,30,0,E6,20,20,0.0,0.1,0,1
mas,1010,default,147,20,20,73.0,0,4,62.264150943396224,37.8,0,75,46,70,0,E6,20,20,0.0,0.1,0,1
mas_iterative,1010,default,153,20,20,74.35,3,4,63.15094339622642,37.0,56,79,54,82,0,E6,20,20,0.0,0.1,0,1
cbba,1010,default,153,20,20,74.35,3,4,63.15094339622642,37.0,56,79,579,3207,139,E6,20,20,0.0,0.1,0,1
claim,1011,default,168,20,20,81.75,3,4,67.92592592592592,37.2,75,127,23,23,0,E6,20,20,0.0,0.1,0,1
mas,1011,default,160,20,20,76.2,1,4,63.111111111111114,37.2,29,123,46,69,0,E6,20,20,0.0,0.1,0,1
mas_iterative,1011,default,168,20,20,78.15,3,4,64.61111111111111,37.2,65,123,50,75,0,E6,20,20,0.0,0.1,0,1
cbba,1011,default,167,20,20,79.55,4,4,65.83333333333333,37.0,167,31,622,3292,149,E6,20,20,0.0,0.1,0,1
claim,1012,default,172,20,20,81.1,6,4,72.15094339622641,40.2,109,148,26,26,0,E6,20,20,0.0,0.1,0,1
mas,1012,default,153,20,20,67.95,2,4,59.339622641509436,35.0,49,156,52,78,0,E6,20,20,0.0,0.1,0,1
mas_iterative,1012,default,137,20,20,65.85,2,4,57.9811320754717,34.8,23,97,50,75,0,E6,20,20,0.0,0.1,0,1
cbba,1012,default,137,20,20,65.85,2,4,57.9811320754717,34.8,23,97,606,3358,146,E6,20,20,0.0,0.1,0,1
claim,1013,default,180,20,20,81.85,2,4,74.39024390243902,nan,57,160,22,22,0,E6,20,20,0.0,0.1,0,1
mas,1013,default,170,20,20,77.45,1,4,70.04878048780488,nan,29,141,53,80,0,E6,20,20,0.0,0.1,0,1
mas_iterative,1013,default,180,20,20,78.3,2,4,70.4390243902439,nan,43,160,50,75,0,E6,20,20,0.0,0.1,0,1
cbba,1013,default,180,20,20,78.3,2,4,70.4390243902439,nan,43,160,518,2786,124,E6,20,20,0.0,0.1,0,1
claim,1014,default,177,20,20,86.4,3,4,73.72,28.5,81,107,23,23,0,E6,20,20,0.0,0.1,0,1
mas,1014,default,163,20,20,74.9,0,4,64.02,28.5,0,112,48,72,0,E6,20,20,0.0,0.1,0,1
mas_iterative,1014,default,162,20,20,74.05,0,4,63.24,28.5,0,108,46,69,0,E6,20,20,0.0,0.1,0,1
cbba,1014,default,164,20,20,74.4,0,4,62.32,28.0,0,102,496,2648,119,E6,20,20,0.0,0.1,0,1
claim,1015,default,189,20,20,97.05,4,4,85.78,34.0,116,99,24,24,0,E6,20,20,0.0,0.1,0,1
mas,1015,default,184,20,20,92.2,5,4,81.44,34.0,128,75,52,78,0,E6,20,20,0.0,0.1,0,1
mas_iterative,1015,default,177,20,20,92.45,3,4,81.8,34.0,84,68,52,78,0,E6,20,20,0.0,0.1,0,1
cbba,1015,default,172,20,20,85.15,2,4,75.44,34.0,38,89,506,2706,121,E6,20,20,0.0,0.1,0,1
claim,1016,default,150,20,20,79.65,5,4,64.82,39.833333333333336,104,69,26,26,0,E6,20,20,0.0,0.1,0,1
mas,1016,default,131,20,20,63.75,2,4,51.86,35.666666666666664,44,70,54,81,0,E6,20,20,0.0,0.1,0,1
mas_iterative,1016,default,147,20,20,74.65,2,4,55.76,35.166666666666664,128,52,58,87,0,E6,20,20,0.0,0.1,0,1
cbba,1016,default,147,20,20,74.65,2,4,55.76,35.166666666666664,128,52,552,2970,132,E6,20,20,0.0,0.1,0,1
claim,1017,default,204,20,20,91.4,6,4,79.65384615384616,41.666666666666664,164,167,27,27,0,E6,20,20,0.0,0.1,0,1
mas,1017,default,141,20,20,73.2,1,4,62.76923076923077,36.333333333333336,29,58,50,75,0,E6,20,20,0.0,0.1,0,1
mas_iterative,1017,default,156,20,20,73.35,1,4,63.82692307692308,36.0,22,116,48,72,0,E6,20,20,0.0,0.1,0,1
cbba,1017,default,156,20,20,72.4,2,4,62.80769230769231,36.0,43,92,550,2954,132,E6,20,20,0.0,0.1,0,1
claim,1018,default,215,20,20,107.1,6,4,84.97727272727273,32.666666666666664,202,67,29,29,0,E6,20,20,0.0,0.1,0,1
mas,1018,default,200,20,20,100.5,4,4,76.75,32.666666666666664,154,52,64,96,0,E6,20,20,0.0,0.1,0,1
mas_iterative,1018,default,199,20,20,95.25,3,4,73.38636363636364,32.666666666666664,78,111,54,81,0,E6,20,20,0.0,0.1,0,1
cbba,1018,default,199,20,20,95.25,3,4,73.38636363636364,32.666666666666664,78,111,603,3293,145,E6,20,20,0.0,0.1,0,1
claim,1019,default,177,20,20,93.85,5,4,81.58823529411765,32.0,134,45,25,25,0,E6,20,20,0.0,0.1,0,1
mas,1019,default,162,20,20,80.2,1,4,69.01960784313725,32.0,54,81,52,78,0,E6,20,20,0.0,0.1,0,1
mas_iterative,1019,default,176,20,20,79.05,2,4,68.31372549019608,32.0,76,106,50,75,0,E6,20,20,0.0,0.1,0,1
cbba,1019,default,176,20,20,79.05,2,4,68.31372549019608,32.0,76,106,659,3615,159,E6,20,20,0.0,0.1,0,1
claim,1020,default,195,20,20,98.15,5,4,81.58695652173913,28.5,159,64,26,26,0,E6,20,20,0.0,0.1,0,1
mas,1020,default,176,20,20,84.7,0,4,69.84782608695652,28.5,0,126,48,72,0,E6,20,20,0.0,0.1,0,1
mas_iterative,1020,default,177,20,20,88.8,2,4,72.32608695652173,28.5,63,86,58,87,0,E6,20,20,0.0,0.1,0,1
cbba,1020,default,185,20,20,88.75,2,4,71.8913043478261,28.5,53,118,495,2665,118,E6,20,20,0.0,0.1,0,1
claim,1021,default,162,20,20,84.95,5,4,71.04347826086956,35.666666666666664,123,32,25,25,0,E6,20,20,0.0,0.1,0,1
mas,1021,default,165,20,20,79.45,3,4,66.0,35.666666666666664,71,105,56,84,0,E6,20,20,0.0,0.1,0,1
mas_iterative,1021,default,153,20,20,78.0,5,4,64.52173913043478,35.666666666666664,67,66,56,84,0,E6,20,20,0.0,0.1,0,1
cbba,1021,default,153,20,20,78.0,5,4,64.52173913043478,35.666666666666664,67,66,561,3039,134,E6,20,20,0.0,0.1,0,1
claim,1022,default,175,20,20,96.3,6,4,82.92156862745098,41.5,146,36,26,26,0,E6,20,20,0.0,0.1,0,1
mas,1022,default,158,20,20,80.35,2,4,68.05882352941177,41.5,46,76,50,75,0,E6,20,20,0.0,0.1,0,1
mas_iterative,1022,default,162,20,20,76.95,2,4,64.7843137254902,41.0,37,99,56,84,0,E6,20,20,0.0,0.1,0,1
cbba,1022,default,155,20,20,78.15,1,4,66.6078431372549,36.25,14,56,501,2679,120,E6,20,20,0.0,0.1,0,1
claim,1023,default,214,20,20,107.7,9,4,90.98039215686275,38.0,254,65,30,30,0,E6,20,20,0.0,0.1,0,1
mas,1023,default,192,20,20,92.05,3,4,77.3921568627451,29.333333333333332,72,114,50,75,0,E6,20,20,0.0,0.1,0,1
mas_iterative,1023,default,192,20,20,90.5,2,4,76.31372549019608,29.0,79,88,54,81,0,E6,20,20,0.0,0.1,0,1
cbba,1023,default,192,20,20,90.5,2,4,76.31372549019608,29.0,79,88,575,3005,138,E6,20,20,0.0,0.1,0,1
claim,1024,default,223,20,20,129.7,6,4,114.53061224489795,54.333333333333336,333,35,34,34,0,E6,20,20,0.0,0.1,0,1
mas,1024,default,173,20,20,92.5,2,4,78.28571428571429,29.666666666666668,71,81,52,79,0,E6,20,20,0.0,0.1,0,1
mas_iterative,1024,default,168,20,20,82.85,1,4,71.06122448979592,29.0,30,88,52,79,0,E6,20,20,0.0,0.1,0,1
cbba,1024,default,168,20,20,82.85,1,4,71.06122448979592,29.0,30,88,549,2941,132,E6,20,20,0.0,0.1,0,1
claim,1025,default,156,20,20,80.5,3,4,66.93877551020408,40.5,59,34,24,24,0,E6,20,20,0.0,0.1,0,1
mas,1025,default,152,20,20,74.6,2,4,59.36734693877551,34.0,64,93,50,75,0,E6,20,20,0.0,0.1,0,1
mas_iterative,1025,default,136,20,20,68.15,1,4,55.63265306122449,33.5,12,68,48,72,0,E6,20,20,0.0,0.1,0,1
cbba,1025,default,131,20,20,65.6,1,4,53.857142857142854,37.75,12,71,549,2941,132,E6,20,20,0.0,0.1,0,1
claim,1026,default,189,20,20,110.1,6,4,94.01886792452831,48.333333333333336,178,34,27,27,0,E6,20,20,0.0,0.1,0,1
mas,1026,default,151,20,20,81.75,0,4,69.32075471698113,41.166666666666664,0,38,46,69,0,E6,20,20,0.0,0.1,0,1
mas_iterative,1026,default,162,20,20,86.3,2,4,72.47169811320755,40.833333333333336,43,62,52,78,0,E6,20,20,0.0,0.1,0,1
cbba,1026,default,153,20,20,82.25,1,4,69.71698113207547,40.833333333333336,10,40,473,2493,113,E6,20,20,0.0,0.1,0,1
claim,1027,default,238,20,20,131.15,9,4,107.59574468085107,54.5,399,90,35,35,0,E6,20,20,0.0,0.1,0,1
mas,1027,default,175,20,20,88.65,2,4,73.08510638297872,40.0,57,102,53,80,0,E6,20,20,0.0,0.1,0,1
mas_iterative,1027,default,175,20,20,86.5,2,4,70.85106382978724,37.75,55,100,53,80,0,E6,20,20,0.0,0.1,0,1
cbba,1027,default,170,20,20,80.55,0,4,65.31914893617021,32.25,0,110,496,2612,119,E6,20,20,0.0,0.1,0,1
claim,1028,default,243,20,20,150.35,7,4,128.88636363636363,43.0,355,63,34,34,0,E6,20,20,0.0,0.1,0,1
mas,1028,default,174,20,20,87.5,1,4,70.54545454545455,28.5,6,98,48,73,0,E6,20,20,0.0,0.1,0,1
mas_iterative,1028,default,169,20,20,84.9,0,4,68.25,27.5,0,86,52,79,0,E6,20,20,0.0,0.1,0,1
cbba,1028,default,169,20,20,84.9,0,4,68.25,27.5,0,86,452,2392,108,E6,20,20,0.0,0.1,0,1
claim,1030,default,192,20,20,91.75,7,4,73.42857142857143,43.5,179,115,28,28,0,E6,20,20,0.0,0.1,0,1
mas,1030,default,161,20,20,81.05,3,4,65.78571428571429,42.5,71,80,53,80,0,E6,20,20,0.0,0.1,0,1
mas_iterative,1030,default,158,20,20,77.6,2,4,63.38095238095238,42.0,49,94,55,83,0,E6,20,20,0.0,0.1,0,1
cbba,1030,default,156,20,20,72.75,1,4,58.095238095238095,33.5,17,100,570,3076,137,E6,20,20,0.0,0.1,0,1
claim,1031,default,191,20,20,93.55,4,4,77.43636363636364,42.57142857142857,118,117,25,25,0,E6,20,20,0.0,0.1,0,1
mas,1031,default,176,20,20,85.05,4,4,70.56363636363636,38.857142857142854,100,54,57,86,0,E6,20,20,0.0,0.1,0,1
mas_iterative,1031,default,172,20,20,84.3,3,4,69.78181818181818,38.285714285714285,96,37,54,81,0,E6,20,20,0.0,0.1,0,1
cbba,1031,default,172,20,20,83.95,2,4,69.65454545454546,38.285714285714285,50,88,574,3096,138,E6,20,20,0.0,0.1,0,1
claim,1032,default,198,20,20,101.05,8,4,83.46808510638297,34.0,191,110,29,29,0,E6,20,20,0.0,0.1,0,1
mas,1032,default,178,20,20,82.95,5,4,67.93617021276596,34.0,87,130,60,90,0,E6,20,20,0.0,0.1,0,1
mas_iterative,1032,default,168,20,20,80.85,3,4,66.25531914893617,34.0,65,105,53,80,0,E6,20,20,0.0,0.1,0,1
cbba,1032,default,174,20,20,81.55,3,4,66.82978723404256,34.0,83,112,484,2482,115,E6,20,20,0.0,0.1,0,1
claim,1033,default,229,20,20,101.85,5,4,86.29629629629629,50.4,160,147,26,26,0,E6,20,20,0.0,0.1,0,1
mas,1033,default,186,20,20,83.35,1,4,70.31481481481481,45.6,5,127,53,80,0,E6,20,20,0.0,0.1,0,1
mas_iterative,1033,default,182,20,20,82.4,2,4,69.46296296296296,45.0,47,70,61,92,0,E6,20,20,0.0,0.1,0,1
cbba,1033,default,182,20,20,82.4,2,4,69.46296296296296,45.0,47,70,503,2629,120,E6,20,20,0.0,0.1,0,1
claim,1034,default,187,20,20,93.8,3,4,74.84444444444445,48.5,89,92,23,23,0,E6,20,20,0.0,0.1,0,1
mas,1034,default,170,20,20,83.9,1,4,66.17777777777778,37.0,28,74,48,72,0,E6,20,20,0.0,0.1,0,1
mas_iterative,1034,default,193,20,20,85.4,3,4,66.57777777777778,36.5,103,113,52,78,0,E6,20,20,0.0,0.1,0,1
cbba,1034,default,171,20,20,82.0,1,4,63.55555555555556,27.5,20,77,497,2667,119,E6,20,20,0.0,0.1,0,1
claim,1035,default,174,20,20,89.4,3,4,78.53703703703704,38.6,73,72,23,23,0,E6,20,20,0.0,0.1,0,1
mas,1035,default,171,20,20,78.55,3,4,66.70370370370371,34.0,67,106,61,92,0,E6,20,20,0.0,0.1,0,1
mas_iterative,1035,default,165,20,20,75.9,1,4,65.38888888888889,33.4,33,103,50,75,0,E6,20,20,0.0,0.1,0,1
cbba,1035,default,165,20,20,75.9,1,4,65.38888888888889,33.4,33,103,602,3268,145,E6,20,20,0.0,0.1,0,1
claim,1036,default,202,20,20,109.35,5,4,91.06122448979592,44.5,137,93,26,26,0,E6,20,20,0.0,0.1,0,1
mas,1036,default,180,20,20,89.85,1,4,72.85714285714286,37.75,17,90,46,69,0,E6,20,20,0.0,0.1,0,1
mas_iterative,1036,default,180,20,20,89.55,1,4,72.48979591836735,37.5,18,89,46,69,0,E6,20,20,0.0,0.1,0,1
cbba,1036,default,174,20,20,88.0,0,4,71.89795918367346,35.25,0,60,468,2468,112,E6,20,20,0.0,0.1,0,1
claim,1037,default,199,20,20,96.1,6,4,75.26086956521739,43.2,198,26,30,30,0,E6,20,20,0.0,0.1,0,1
mas,1037,default,176,20,20,91.9,3,4,71.69565217391305,38.6,66,59,48,72,0,E6,20,20,0.0,0.1,0,1
mas_iterative,1037,default,176,20,20,91.65,3,4,71.45652173913044,38.4,67,58,48,72,0,E6,20,20,0.0,0.1,0,1
cbba,1037,default,176,20,20,91.65,3,4,71.45652173913044,38.4,67,58,571,3057,137,E6,20,20,0.0,0.1,0,1
claim,1038,default,181,20,20,91.8,5,4,77.65517241379311,47.0,129,83,25,25,0,E6,20,20,0.0,0.1,0,1
mas,1038,default,187,20,20,82.45,4,4,69.27586206896552,45.166666666666664,97,129,53,80,0,E6,20,20,0.0,0.1,0,1
mas_iterative,1038,default,172,20,20,79.9,2,4,67.89655172413794,45.0,56,116,50,75,0,E6,20,20,0.0,0.1,0,1
cbba,1038,default,169,20,20,79.7,2,4,67.79310344827586,45.0,48,106,530,2838,127,E6,20,20,0.0,0.1,0,1
claim,1039,default,180,20,20,87.25,2,4,73.83928571428571,39.666666666666664,57,107,22,22,0,E6,20,20,0.0,0.1,0,1
mas,1039,default,195,20,20,87.6,3,4,71.41071428571429,36.333333333333336,97,128,50,75,0,E6,20,20,0.0,0.1,0,1
mas_iterative,1039,default,201,20,20,85.25,3,4,70.44642857142857,36.166666666666664,81,164,50,75,0,E6,20,20,0.0,0.1,0,1
cbba,1039,default,201,20,20,85.25,3,4,70.44642857142857,36.166666666666664,81,164,583,3115,140,E6,20,20,0.0,0.1,0,1
claim,1040,default,170,20,20,100.35,5,4,88.06122448979592,46.0,128,62,26,26,0,E6,20,20,0.0,0.1,0,1
mas,1040,default,153,20,20,88.45,3,4,77.61224489795919,50.0,70,55,54,81,0,E6,20,20,0.0,0.1,0,1
mas_iterative,1040,default,150,20,20,86.4,3,4,75.10204081632654,49.5,61,47,54,81,0,E6,20,20,0.0,0.1,0,1
cbba,1040,default,157,20,20,80.25,2,4,69.85714285714286,50.0,38,80,606,2914,146,E6,20,20,0.0,0.1,0,1
claim,1041,default,185,20,20,92.1,5,4,74.48,36.5,153,65,26,26,0,E6,20,20,0.0,0.1,0,1
mas,1041,default,161,20,20,78.65,1,4,63.26,31.0,36,82,50,75,0,E6,20,20,0.0,0.1,0,1
mas_iterative,1041,default,170,20,20,80.85,4,4,64.44,30.75,95,64,60,90,0,E6,20,20,0.0,0.1,0,1
cbba,1041,default,163,20,20,78.3,3,4,63.58,30.75,84,60,544,2934,130,E6,20,20,0.0,0.1,0,1
claim,1042,default,189,20,20,82.3,5,4,67.1923076923077,38.2,229,52,29,29,0,E6,20,20,0.0,0.1,0,1
mas,1042,default,162,20,20,76.4,3,4,62.15384615384615,33.4,43,109,50,75,0,E6,20,20,0.0,0.1,0,1
mas_iterative,1042,default,160,20,20,76.1,3,4,61.88461538461539,33.2,44,101,50,75,0,E6,20,20,0.0,0.1,0,1
cbba,1042,default,166,20,20,73.65,3,4,59.67307692307692,31.6,79,108,572,3050,137,E6,20,20,0.0,0.1,0,1
claim,1043,default,161,20,20,82.75,3,4,66.15789473684211,31.0,61,70,23,23,0,E6,20,20,0.0,0.1,0,1
mas,1043,default,156,20,20,75.1,1,4,58.10526315789474,31.0,23,73,55,83,0,E6,20,20,0.0,0.1,0,1
mas_iterative,1043,default,183,20,20,76.25,2,4,58.3421052631579,31.0,84,128,52,78,0,E6,20,20,0.0,0.1,0,1
cbba,1043,default,183,20,20,76.25,2,4,58.3421052631579,31.0,84,128,656,3558,158,E6,20,20,0.0,0.1,0,1
claim,1044,default,163,20,20,86.4,2,4,76.28,45.5,57,84,22,22,0,E6,20,20,0.0,0.1,0,1
mas,1044,default,158,20,20,78.35,1,4,67.88,40.0,26,96,46,69,0,E6,20,20,0.0,0.1,0,1
mas_iterative,1044,default,154,20,20,75.9,1,4,66.0,39.5,12,89,50,75,0,E6,20,20,0.0,0.1,0,1
cbba,1044,default,153,20,20,74.05,0,4,64.5,39.5,0,92,416,2146,99,E6,20,20,0.0,0.1,0,1
claim,1045,default,183,20,20,97.65,3,4,80.53846153846153,39.0,90,31,23,23,0,E6,20,20,0.0,0.1,0,1
mas,1045,default,192,20,20,85.95,1,4,71.09615384615384,32.25,26,129,50,75,0,E6,20,20,0.0,0.1,0,1
mas_iterative,1045,default,187,20,20,82.4,0,4,68.0576923076923,32.0,0,121,50,75,0,E6,20,20,0.0,0.1,0,1
cbba,1045,default,187,20,20,82.4,0,4,68.0576923076923,32.0,0,121,496,2666,119,E6,20,20,0.0,0.1,0,1
claim,1046,default,225,20,20,115.95,5,4,100.16981132075472,57.4,253,105,31,31,0,E6,20,20,0.0,0.1,0,1
mas,1046,default,193,20,20,83.15,4,4,69.86792452830188,34.8,105,98,54,82,0,E6,20,20,0.0,0.1,0,1
mas_iterative,1046,default,182,20,20,81.65,1,4,68.45283018867924,33.8,29,120,52,79,0,E6,20,20,0.0,0.1,0,1
cbba,1046,default,182,20,20,81.65,1,4,68.45283018867924,33.8,29,120,477,2559,114,E6,20,20,0.0,0.1,0,1
claim,1047,default,163,20,20,84.4,6,4,70.71111111111111,43.0,180,38,27,27,0,E6,20,20,0.0,0.1,0,1
mas,1047,default,161,20,20,85.25,6,4,68.6,31.0,132,84,58,87,0,E6,20,20,0.0,0.1,0,1
mas_iterative,1047,default,161,20,20,85.1,6,4,68.42222222222222,30.5,133,83,58,87,0,E6,20,20,0.0,0.1,0,1
cbba,1047,default,164,20,20,86.2,5,4,69.15555555555555,30.5,134,92,639,3459,153,E6,20,20,0.0,0.1,0,1
claim,1048,default,230,20,20,127.15,7,4,111.82978723404256,56.0,328,47,35,35,0,E6,20,20,0.0,0.1,0,1
mas,1048,default,165,20,20,82.9,0,4,71.7872340425532,30.5,0,86,53,81,0,E6,20,20,0.0,0.1,0,1
mas_iterative,1048,default,170,20,20,85.75,2,4,73.82978723404256,30.0,39,84,50,76,0,E6,20,20,0.0,0.1,0,1
cbba,1048,default,170,20,20,85.75,2,4,73.82978723404256,30.0,39,84,618,3370,149,E6,20,20,0.0,0.1,0,1
claim,1049,default,215,20,20,111.4,7,4,98.41818181818182,39.333333333333336,190,108,28,28,0,E6,20,20,0.0,0.1,0,1
mas,1049,default,197,20,20,90.6,4,4,78.87272727272727,32.0,86,110,52,78,0,E6,20,20,0.0,0.1,0,1
mas_iterative,1049,default,188,20,20,88.55,4,4,77.30909090909091,31.666666666666668,50,70,54,81,0,E6,20,20,0.0,0.1,0,1
cbba,1049,default,188,20,20,88.55,4,4,77.30909090909091,31.666666666666668,50,70,544,2938,130,E6,20,20,0.0,0.1,0,1
claim,1050,default,211,20,20,109.2,6,4,89.5625,44.0,168,137,28,28,0,E6,20,20,0.0,0.1,0,1
mas,1050,default,182,20,20,90.65,3,4,74.89583333333333,39.25,99,75,59,89,0,E6,20,20,0.0,0.1,0,1
mas_iterative,1050,default,182,20,20,91.9,4,4,75.79166666666667,39.0,82,111,54,81,0,E6,20,20,0.0,0.1,0,1
cbba,1050,default,193,20,20,92.65,4,4,75.14583333333333,38.75,117,106,537,2803,128,E6,20,20,0.0,0.1,0,1
claim,1051,default,243,20,20,129.75,10,4,105.95555555555555,38.5,375,74,37,37,0,E6,20,20,0.0,0.1,0,1
mas,1051,default,165,20,20,84.15,1,4,69.33333333333333,28.5,21,70,48,72,0,E6,20,20,0.0,0.1,0,1
mas_iterative,1051,default,167,20,20,83.05,0,4,68.71111111111111,28.0,0,88,48,72,0,E6,20,20,0.0,0.1,0,1
cbba,1051,default,167,20,20,83.05,0,4,68.71111111111111,28.0,0,88,508,2738,122,E6,20,20,0.0,0.1,0,1
claim,1052,default,220,20,20,111.1,7,4,93.93478260869566,41.0,319,78,34,34,0,E6,20,20,0.0,0.1,0,1
mas,1052,default,172,20,20,83.6,1,4,71.3913043478261,35.333333333333336,31,110,49,74,0,E6,20,20,0.0,0.1,0,1
mas_iterative,1052,default,182,20,20,88.2,3,4,74.34782608695652,34.666666666666664,80,112,55,83,0,E6,20,20,0.0,0.1,0,1
cbba,1052,default,175,20,20,86.2,2,4,73.15217391304348,33.666666666666664,51,107,546,2964,131,E6,20,20,0.0,0.1,0,1
claim,1053,default,201,20,20,96.55,7,4,82.11764705882354,41.8,257,38,29,29,0,E6,20,20,0.0,0.1,0,1
mas,1053,default,143,20,20,74.85,0,4,63.490196078431374,37.8,0,59,46,69,0,E6,20,20,0.0,0.1,0,1
mas_iterative,1053,default,143,20,20,74.15,0,4,62.86274509803921,37.6,0,59,49,74,0,E6,20,20,0.0,0.1,0,1
cbba,1053,default,143,20,20,74.15,0,4,62.86274509803921,37.6,0,59,508,2714,122,E6,20,20,0.0,0.1,0,1
claim,1054,default,182,20,20,99.7,5,4,86.47727272727273,41.0,101,61,25,25,0,E6,20,20,0.0,0.1,0,1
mas,1054,default,195,20,20,95.4,4,4,81.52272727272727,29.0,85,105,52,78,0,E6,20,20,0.0,0.1,0,1
mas_iterative,1054,default,193,20,20,96.8,5,4,83.52272727272727,28.5,93,56,58,87,0,E6,20,20,0.0,0.1,0,1
cbba,1054,default,183,20,20,91.25,1,4,77.27272727272727,28.5,38,92,599,3243,144,E6,20,20,0.0,0.1,0,1
claim,1055,default,167,20,20,88.1,3,4,78.0,42.5,78,83,23,23,0,E6,20,20,0.0,0.1,0,1
mas,1055,default,176,20,20,83.3,3,4,72.20754716981132,40.75,98,85,50,75,0,E6,20,20,0.0,0.1,0,1
mas_iterative,1055,default,160,20,20,80.05,1,4,68.98113207547169,36.0,36,75,48,72,0,E6,20,20,0.0,0.1,0,1
cbba,1055,default,159,20,20,80.7,1,4,68.90566037735849,33.25,51,75,518,2820,124,E6,20,20,0.0,0.1,0,1
claim,1056,default,169,20,20,87.3,3,4,73.50943396226415,44.4,84,114,23,23,0,E6,20,20,0.0,0.1,0,1
mas,1056,default,151,20,20,76.45,0,4,63.679245283018865,35.8,0,92,44,66,0,E6,20,20,0.0,0.1,0,1
mas_iterative,1056,default,152,20,20,76.45,1,4,63.39622641509434,35.4,19,87,48,72,0,E6,20,20,0.0,0.1,0,1
cbba,1056,default,152,20,20,76.45,1,4,63.39622641509434,35.4,19,87,633,3411,153,E6,20,20,0.0,0.1,0,1
claim,1057,default,197,20,20,95.9,4,4,80.56140350877193,45.333333333333336,162,96,25,25,0,E6,20,20,0.0,0.1,0,1
mas,1057,default,171,20,20,83.25,2,4,71.01754385964912,38.5,46,120,50,75,0,E6,20,20,0.0,0.1,0,1
mas_iterative,1057,default,158,20,20,79.15,1,4,66.73684210526316,38.0,22,74,50,75,0,E6,20,20,0.0,0.1,0,1
cbba,1057,default,158,20,20,79.15,1,4,66.73684210526316,38.0,22,74,529,2813,127,E6,20,20,0.0,0.1,0,1
claim,1058,default,243,20,20,113.15,9,4,95.82352941176471,41.0,359,32,35,35,0,E6,20,20,0.0,0.1,0,1
mas,1058,default,169,20,20,83.0,0,4,70.17647058823529,32.25,0,74,48,72,0,E6,20,20,0.0,0.1,0,1
mas_iterative,1058,default,184,20,20,83.15,1,4,69.7843137254902,32.0,30,105,50,75,0,E6,20,20,0.0,0.1,0,1
cbba,1058,default,184,20,20,83.15,1,4,69.7843137254902,32.0,30,105,537,2855,129,E6,20,20,0.0,0.1,0,1
claim,1059,default,191,20,20,89.4,7,4,74.40384615384616,45.6,161,131,27,27,0,E6,20,20,0.0,0.1,0,1
mas,1059,default,165,20,20,73.1,1,4,61.15384615384615,35.4,24,125,50,75,0,E6,20,20,0.0,0.1,0,1
mas_iterative,1059,default,180,20,20,75.65,2,4,61.94230769230769,34.6,85,126,50,75,0,E6,20,20,0.0,0.1,0,1
cbba,1059,default,181,20,20,75.7,2,4,61.96153846153846,34.6,107,109,636,3350,153,E6,20,20,0.0,0.1,0,1
claim,1060,default,197,20,20,101.45,9,4,80.34782608695652,41.0,297,56,33,33,0,E6,20,20,0.0,0.1,0,1
mas,1060,default,150,20,20,69.25,1,4,56.78260869565217,33.333333333333336,8,103,50,75,0,E6,20,20,0.0,0.1,0,1
mas_iterative,1060,default,155,20,20,70.85,1,4,58.21739130434783,33.0,18,108,48,72,0,E6,20,20,0.0,0.1,0,1
cbba,1060,default,152,20,20,69.2,1,4,56.5,33.0,8,111,505,2659,121,E6,20,20,0.0,0.1,0,1
claim,1061,default,180,20,20,95.0,3,4,82.02083333333333,48.333333333333336,92,77,23,23,0,E6,20,20,0.0,0.1,0,1
mas,1061,default,174,20,20,82.55,2,4,70.5625,32.0,36,104,54,81,0,E6,20,20,0.0,0.1,0,1
mas_iterative,1061,default,170,20,20,86.0,2,4,72.85416666666667,31.333333333333332,53,69,50,75,0,E6,20,20,0.0,0.1,0,1
cbba,1061,default,174,20,20,82.95,2,4,70.54166666666667,31.333333333333332,68,56,511,2691,122,E6,20,20,0.0,0.1,0,1
claim,1062,default,221,20,20,110.45,7,4,98.28813559322033,46.2,278,54,32,32,0,E6,20,20,0.0,0.1,0,1
mas,1062,default,186,20,20,86.45,2,4,77.05084745762711,35.4,54,99,50,75,0,E6,20,20,0.0,0.1,0,1
mas_iterative,1062,default,176,20,20,87.4,1,4,77.69491525423729,34.8,21,89,50,75,0,E6,20,20,0.0,0.1,0,1
cbba,1062,default,176,20,20,87.4,1,4,77.69491525423729,34.8,21,89,545,2951,131,E6,20,20,0.0,0.1,0,1
claim,1063,default,248,20,20,109.7,10,4,92.26415094339623,50.4,517,37,41,41,0,E6,20,20,0.0,0.1,0,1
mas,1063,default,159,20,20,69.8,2,4,58.62264150943396,35.4,45,129,56,85,0,E6,20,20,0.0,0.1,0,1
mas_iterative,1063,default,155,20,20,68.3,2,4,57.509433962264154,34.0,39,125,56,85,0,E6,20,20,0.0,0.1,0,1
cbba,1063,default,144,20,20,68.85,3,4,57.60377358490566,34.0,57,70,575,3121,138,E6,20,20,0.0,0.1,0,1
claim,1064,default,215,20,20,96.7,9,4,77.98214285714286,52.333333333333336,284,128,35,35,0,E6,20,20,0.0,0.1,0,1
mas,1064,default,164,20,20,75.55,2,4,62.857142857142854,44.0,38,122,54,81,0,E6,20,20,0.0,0.1,0,1
mas_iterative,1064,default,169,20,20,75.95,3,4,62.910714285714285,43.5,56,128,52,78,0,E6,20,20,0.0,0.1,0,1
cbba,1064,default,156,20,20,72.85,5,4,60.05357142857143,42.666666666666664,104,54,545,2817,130,E6,20,20,0.0,0.1,0,1
claim,1065,default,213,20,20,92.6,9,4,75.3125,38.0,415,35,39,39,0,E6,20,20,0.0,0.1,0,1
mas,1065,default,150,20,20,67.8,2,4,57.270833333333336,34.333333333333336,67,87,52,78,0,E6,20,20,0.0,0.1,0,1
mas_iterative,1065,default,145,20,20,67.35,4,4,56.833333333333336,31.666666666666668,55,102,58,87,0,E6,20,20,0.0,0.1,0,1
cbba,1065,default,145,20,20,67.35,4,4,56.833333333333336,31.666666666666668,55,102,536,2886,128,E6,20,20,0.0,0.1,0,1
claim,1066,default,201,20,20,94.65,8,4,77.8,42.57142857142857,236,73,32,32,0,E6,20,20,0.0,0.1,0,1
mas,1066,default,145,20,20,75.15,1,4,62.30909090909091,37.0,16,52,50,75,0,E6,20,20,0.0,0.1,0,1
mas_iterative,1066,default,138,20,20,73.15,0,4,60.70909090909091,36.285714285714285,0,28,48,72,0,E6,20,20,0.0,0.1,0,1
cbba,1066,default,138,20,20,73.15,0,4,60.70909090909091,36.285714285714285,0,28,492,2608,118,E6,20,20,0.0,0.1,0,1
claim,1067,default,206,20,20,101.65,4,4,85.45833333333333,41.0,110,134,25,25,0,E6,20,20,0.0,0.1,0,1
mas,1067,default,175,20,20,88.9,0,4,73.97916666666667,31.0,0,85,46,69,0,E6,20,20,0.0,0.1,0,1
mas_iterative,1067,default,174,20,20,88.15,0,4,73.29166666666667,30.5,0,81,44,66,0,E6,20,20,0.0,0.1,0,1
cbba,1067,default,181,20,20,89.35,2,4,74.39583333333333,35.5,70,85,522,2764,125,E6,20,20,0.0,0.1,0,1
claim,1068,default,185,20,20,87.45,5,4,75.35185185185185,38.0,87,122,25,25,0,E6,20,20,0.0,0.1,0,1
mas,1068,default,167,20,20,81.35,4,4,69.57407407407408,34.4,40,54,52,78,0,E6,20,20,0.0,0.1,0,1
mas_iterative,1068,default,168,20,20,80.05,3,4,68.42592592592592,34.2,62,60,50,75,0,E6,20,20,0.0,0.1,0,1
cbba,1068,default,168,20,20,80.05,3,4,68.42592592592592,34.2,62,60,547,2935,131,E6,20,20,0.0,0.1,0,1
claim,1069,default,167,20,20,86.95,4,4,74.07692307692308,44.6,71,79,24,24,0,E6,20,20,0.0,0.1,0,1
mas,1069,default,168,20,20,84.5,5,4,71.36538461538461,39.4,88,77,58,87,0,E6,20,20,0.0,0.1,0,1
mas_iterative,1069,default,160,20,20,80.35,3,4,67.92307692307692,38.0,44,75,54,81,0,E6,20,20,0.0,0.1,0,1
cbba,1069,default,160,20,20,80.7,3,4,68.09615384615384,38.0,50,81,543,2907,130,E6,20,20,0.0,0.1,0,1
claim,1070,default,186,20,20,92.6,5,4,80.40983606557377,45.57142857142857,149,65,26,26,0,E6,20,20,0.0,0.1,0,1
mas,1070,default,164,20,20,80.7,1,4,70.26229508196721,42.714285714285715,23,93,48,72,0,E6,20,20,0.0,0.1,0,1
mas_iterative,1070,default,175,20,20,82.8,1,4,71.37704918032787,39.42857142857143,49,107,50,75,0,E6,20,20,0.0,0.1,0,1
cbba,1070,default,175,20,20,82.8,1,4,71.37704918032787,39.42857142857143,49,107,618,3408,149,E6,20,20,0.0,0.1,0,1
claim,1071,default,187,20,20,95.9,4,4,76.76470588235294,37.2,100,109,24,24,0,E6,20,20,0.0,0.1,0,1
mas,1071,default,190,20,20,93.4,4,4,73.70588235294117,33.6,83,121,55,83,0,E6,20,20,0.0,0.1,0,1
mas_iterative,1071,default,176,20,20,89.55,2,4,70.86274509803921,33.2,54,85,52,78,0,E6,20,20,0.0,0.1,0,1
cbba,1071,default,182,20,20,84.6,2,4,66.0,33.2,56,111,530,2822,127,E6,20,20,0.0,0.1,0,1
claim,1072,default,213,20,20,118.1,5,4,107.9090909090909,62.75,320,72,34,34,0,E6,20,20,0.0,0.1,0,1
mas,1072,default,146,20,20,72.3,3,4,65.4,35.25,92,80,65,99,0,E6,20,20,0.0,0.1,0,1
mas_iterative,1072,default,131,20,20,63.15,0,4,57.43636363636364,34.5,0,76,46,70,0,E6,20,20,0.0,0.1,0,1
cbba,1072,default,131,20,20,63.15,0,4,57.43636363636364,34.5,0,76,568,3092,137,E6,20,20,0.0,0.1,0,1
claim,1073,default,172,20,20,88.05,3,4,75.10204081632654,39.0,87,104,23,23,0,E6,20,20,0.0,0.1,0,1
mas,1073,default,155,20,20,82.3,2,4,69.77551020408163,39.0,35,87,46,69,0,E6,20,20,0.0,0.1,0,1
mas_iterative,1073,default,152,20,20,80.9,1,4,69.46938775510205,39.0,28,75,46,69,0,E6,20,20,0.0,0.1,0,1
cbba,1073,default,152,20,20,76.2,1,4,64.34693877551021,32.75,3,95,469,2463,112,E6,20,20,0.0,0.1,0,1
claim,1074,default,172,20,20,92.7,3,4,79.26923076923077,43.6,79,88,23,23,0,E6,20,20,0.0,0.1,0,1
mas,1074,default,155,20,20,81.4,2,4,67.65384615384616,39.8,36,61,52,78,0,E6,20,20,0.0,0.1,0,1
mas_iterative,1074,default,157,20,20,77.55,2,4,64.09615384615384,39.0,46,78,60,90,0,E6,20,20,0.0,0.1,0,1
cbba,1074,default,157,20,20,77.55,2,4,64.09615384615384,39.0,46,78,600,3206,144,E6,20,20,0.0,0.1,0,1
claim,1075,default,204,20,20,108.8,4,4,89.04255319148936,43.0,125,114,25,25,0,E6,20,20,0.0,0.1,0,1
mas,1075,default,191,20,20,88.15,2,4,69.72340425531915,28.666666666666668,74,82,60,90,0,E6,20,20,0.0,0.1,0,1
mas_iterative,1075,default,184,20,20,89.1,1,4,70.27659574468085,27.666666666666668,20,117,50,75,0,E6,20,20,0.0,0.1,0,1
cbba,1075,default,181,20,20,89.95,1,4,71.0,27.666666666666668,20,99,473,2501,113,E6,20,20,0.0,0.1,0,1
claim,1076,default,235,20,20,113.65,6,4,90.5625,44.0,215,136,29,29,0,E6,20,20,0.0,0.1,0,1
mas,1076,default,192,20,20,92.85,4,4,74.52083333333333,37.4,107,90,52,78,0,E6,20,20,0.0,0.1,0,1
mas_iterative,1076,default,192,20,20,92.75,4,4,74.35416666666667,37.0,108,89,54,81,0,E6,20,20,0.0,0.1,0,1
cbba,1076,default,198,20,20,89.15,2,4,70.4375,32.6,55,113,643,3451,155,E6,20,20,0.0,0.1,0,1
claim,1077,default,176,20,20,90.35,3,4,73.50909090909092,45.75,67,95,23,23,0,E6,20,20,0.0,0.1,0,1
mas,1077,default,172,20,20,83.05,3,4,65.94545454545455,42.25,60,123,57,86,0,E6,20,20,0.0,0.1,0,1
mas_iterative,1077,default,164,20,20,81.8,3,4,66.01818181818182,42.5,35,86,56,84,0,E6,20,20,0.0,0.1,0,1
cbba,1077,default,164,20,20,82.3,3,4,66.01818181818182,42.5,35,86,607,3341,146,E6,20,20,0.0,0.1,0,1
claim,1078,default,197,20,20,103.1,6,4,82.45652173913044,40.666666666666664,176,108,27,27,0,E6,20,20,0.0,0.1,0,1
mas,1078,default,171,20,20,89.45,3,4,71.3695652173913,41.0,105,87,55,83,0,E6,20,20,0.0,0.1,0,1
mas_iterative,1078,default,170,20,20,88.55,4,4,71.19565217391305,40.666666666666664,102,86,50,75,0,E6,20,20,0.0,0.1,0,1
cbba,1078,default,170,20,20,88.55,4,4,71.19565217391305,40.666666666666664,102,86,564,3068,135,E6,20,20,0.0,0.1,0,1
claim,1079,default,177,20,20,92.8,5,4,74.98,38.5,157,65,26,26,0,E6,20,20,0.0,0.1,0,1
mas,1079,default,163,20,20,83.95,4,4,66.08,29.25,81,66,56,84,0,E6,20,20,0.0,0.1,0,1
mas_iterative,1079,default,153,20,20,79.0,2,4,63.46,28.5,24,66,52,78,0,E6,20,20,0.0,0.1,0,1
cbba,1079,default,164,20,20,84.9,3,4,67.52,28.5,62,70,639,3477,154,E6,20,20,0.0,0.1,0,1
claim,1080,default,171,20,20,88.8,9,4,76.73333333333333,36.0,163,43,29,29,0,E6,20,20,0.0,0.1,0,1
mas,1080,default,158,20,20,78.35,3,4,67.93333333333334,35.333333333333336,78,54,50,75,0,E6,20,20,0.0,0.1,0,1
mas_iterative,1080,default,157,20,20,77.85,2,4,67.5111111111111,35.333333333333336,57,70,52,78,0,E6,20,20,0.0,0.1,0,1
cbba,1080,default,157,20,20,77.85,2,4,67.5111111111111,35.333333333333336,57,70,450,2350,107,E6,20,20,0.0,0.1,0,1
claim,1081,default,213,20,20,98.4,9,4,78.34042553191489,29.333333333333332,234,120,32,32,0,E6,20,20,0.0,0.1,0,1
mas,1081,default,153,20,20,79.7,4,4,64.85106382978724,29.333333333333332,41,67,54,81,0,E6,20,20,0.0,0.1,0,1
mas_iterative,1081,default,156,20,20,78.1,3,4,63.340425531914896,29.333333333333332,37,69,56,84,0,E6,20,20,0.0,0.1,0,1
cbba,1081,default,156,20,20,78.1,3,4,63.340425531914896,29.333333333333332,37,69,543,2917,130,E6,20,20,0.0,0.1,0,1
claim,1082,default,184,20,20,89.4,4,4,71.375,35.25,105,118,24,24,0,E6,20,20,0.0,0.1,0,1
mas,1082,default,172,20,20,79.8,0,4,63.895833333333336,28.25,0,124,48,72,0,E6,20,20,0.0,0.1,0,1
mas_iterative,1082,default,172,20,20,78.95,0,4,63.041666666666664,27.5,0,124,50,75,0,E6,20,20,0.0,0.1,0,1
cbba,1082,default,172,20,20,78.95,0,4,63.041666666666664,27.5,0,124,516,2756,124,E6,20,20,0.0,0.1,0,1
claim,1083,default,243,20,20,108.7,9,4,86.37777777777778,35.75,301,141,32,32,0,E6,20,20,0.0,0.1,0,1
mas,1083,default,178,20,20,84.05,3,4,68.06666666666666,35.75,81,94,52,78,0,E6,20,20,0.0,0.1,0,1
mas_iterative,1083,default,180,20,20,87.25,4,4,69.66666666666667,35.75,108,88,56,84,0,E6,20,20,0.0,0.1,0,1
cbba,1083,default,172,20,20,84.65,2,4,68.13333333333334,35.75,67,92,507,2707,121,E6,20,20,0.0,0.1,0,1
claim,1084,default,245,20,20,138.9,8,4,118.21428571428571,52.5,363,96,32,32,0,E6,20,20,0.0,0.1,0,1
mas,1084,default,174,20,20,86.5,2,4,74.67857142857143,37.833333333333336,42,107,48,72,0,E6,20,20,0.0,0.1,0,1
mas_iterative,1084,default,187,20,20,86.0,2,4,74.01785714285714,37.5,68,129,50,75,0,E6,20,20,0.0,0.1,0,1
cbba,1084,default,187,20,20,85.9,2,4,73.94642857142857,37.5,71,126,498,2650,119,E6,20,20,0.0,0.1,0,1
claim,1085,default,161,20,20,86.95,5,4,72.31372549019608,36.5,131,63,26,26,0,E6,20,20,0.0,0.1,0,1
mas,1085,default,152,20,20,75.75,2,4,61.21568627450981,32.0,78,38,54,81,0,E6,20,20,0.0,0.1,0,1
mas_iterative,1085,default,154,20,20,70.2,1,4,59.294117647058826,31.75,12,112,52,78,0,E6,20,20,0.0,0.1,0,1
cbba,1085,default,154,20,20,70.2,1,4,59.294117647058826,31.75,12,112,509,2723,122,E6,20,20,0.0,0.1,0,1
claim,1086,default,179,20,20,93.85,5,4,80.33333333333333,39.25,165,63,26,26,0,E6,20,20,0.0,0.1,0,1
mas,1086,default,152,20,20,71.6,0,4,59.833333333333336,34.0,0,109,48,72,0,E6,20,20,0.0,0.1,0,1
mas_iterative,1086,default,159,20,20,74.45,3,4,62.083333333333336,33.75,34,113,57,86,0,E6,20,20,0.0,0.1,0,1
cbba,1086,default,159,20,20,74.45,3,4,62.083333333333336,33.75,34,113,635,3569,153,E6,20,20,0.0,0.1,0,1
claim,1087,default,150,20,20,73.95,3,4,64.34146341463415,30.0,69,93,23,23,0,E6,20,20,0.0,0.1,0,1
mas,1087,default,144,20,20,67.55,1,4,58.048780487804876,30.0,27,101,53,80,0,E6,20,20,0.0,0.1,0,1
mas_iterative,1087,default,142,20,20,65.0,1,4,55.951219512195124,30.0,18,100,48,72,0,E6,20,20,0.0,0.1,0,1
cbba,1087,default,142,20,20,65.0,1,4,55.951219512195124,30.0,18,100,465,2449,111,E6,20,20,0.0,0.1,0,1
claim,1088,default,188,20,20,104.6,5,4,86.95652173913044,49.0,216,121,28,28,0,E6,20,20,0.0,0.1,0,1
mas,1088,default,150,20,20,66.75,1,4,53.5,36.25,20,122,50,76,0,E6,20,20,0.0,0.1,0,1
mas_iterative,1088,default,141,20,20,64.15,0,4,51.73913043478261,35.5,0,112,48,73,0,E6,20,20,0.0,0.1,0,1
cbba,1088,default,141,20,20,64.15,0,4,51.73913043478261,35.5,0,112,524,2800,126,E6,20,20,0.0,0.1,0,1
claim,1090,default,197,20,20,93.2,4,4,78.33333333333333,27.0,109,150,24,24,0,E6,20,20,0.0,0.1,0,1
mas,1090,default,176,20,20,79.95,2,4,66.71794871794872,27.0,43,127,46,69,0,E6,20,20,0.0,0.1,0,1
mas_iterative,1090,default,176,20,20,79.8,2,4,66.53846153846153,27.0,44,126,46,69,0,E6,20,20,0.0,0.1,0,1
cbba,1090,default,176,20,20,79.8,2,4,66.53846153846153,27.0,44,126,586,3194,141,E6,20,20,0.0,0.1,0,1
claim,1091,default,195,20,20,111.2,6,4,94.14893617021276,47.0,128,59,26,26,0,E6,20,20,0.0,0.1,0,1
mas,1091,default,181,20,20,92.3,1,4,76.61702127659575,40.0,15,98,50,75,0,E6,20,20,0.0,0.1,0,1
mas_iterative,1091,default,181,20,20,96.55,2,4,80.12765957446808,39.5,43,71,55,83,0,E6,20,20,0.0,0.1,0,1
cbba,1091,default,181,20,20,96.55,2,4,80.12765957446808,39.5,43,71,591,3209,142,E6,20,20,0.0,0.1,0,1
claim,1092,default,213,20,20,124.4,10,4,110.8076923076923,37.666666666666664,341,68,35,35,0,E6,20,20,0.0,0.1,0,1
mas,1092,default,139,20,20,72.75,3,4,64.57692307692308,28.333333333333332,45,70,61,92,0,E6,20,20,0.0,0.1,0,1
mas_iterative,1092,default,142,20,20,73.4,4,4,65.07692307692308,28.0,72,35,56,84,0,E6,20,20,0.0,0.1,0,1
cbba,1092,default,140,20,20,72.35,1,4,64.5576923076923,28.0,20,76,557,3023,134,E6,20,20,0.0,0.1,0,1
claim,1093,default,178,20,20,89.0,2,4,76.8076923076923,35.0,57,96,22,22,0,E6,20,20,0.0,0.1,0,1
mas,1093,default,184,20,20,84.35,3,4,69.6923076923077,28.0,69,106,54,81,0,E6,20,20,0.0,0.1,0,1
mas_iterative,1093,default,174,20,20,83.7,3,4,69.59615384615384,27.666666666666668,70,84,58,87,0,E6,20,20,0.0,0.1,0,1
cbba,1093,default,174,20,20,83.7,3,4,69.59615384615384,27.666666666666668,70,84,520,2866,124,E6,20,20,0.0,0.1,0,1
claim,1094,default,327,20,20,139.2,10,4,120.13207547169812,51.333333333333336,642,136,47,47,0,E6,20,20,0.0,0.1,0,1
mas,1094,default,218,20,20,98.25,5,4,85.81132075471699,38.666666666666664,191,78,65,98,0,E6,20,20,0.0,0.1,0,1
mas_iterative,1094,default,177,20,20,88.05,1,4,77.39622641509433,38.333333333333336,29,77,49,74,0,E6,20,20,0.0,0.1,0,1
cbba,1094,default,168,20,20,82.4,0,4,71.58490566037736,29.666666666666668,0,66,556,3008,134,E6,20,20,0.0,0.1,0,1
claim,1095,default,187,20,20,90.75,5,4,78.03508771929825,39.333333333333336,126,134,25,25,0,E6,20,20,0.0,0.1,0,1
mas,1095,default,174,20,20,81.25,2,4,70.96491228070175,41.166666666666664,49,143,46,69,0,E6,20,20,0.0,0.1,0,1
mas_iterative,1095,default,183,20,20,87.05,5,4,74.7719298245614,36.666666666666664,136,97,54,81,0,E6,20,20,0.0,0.1,0,1
cbba,1095,default,183,20,20,87.05,5,4,74.7719298245614,36.666666666666664,136,97,566,2976,135,E6,20,20,0.0,0.1,0,1
claim,1096,default,225,20,20,112.1,7,4,88.20833333333333,43.2,221,71,30,30,0,E6,20,20,0.0,0.1,0,1
mas,1096,default,202,20,20,100.4,4,4,79.3125,39.6,77,109,50,75,0,E6,20,20,0.0,0.1,0,1
mas_iterative,1096,default,206,20,20,99.45,2,4,77.8125,39.4,66,133,48,72,0,E6,20,20,0.0,0.1,0,1
cbba,1096,default,220,20,20,105.2,3,4,80.9375,37.4,137,119,617,3419,148,E6,20,20,0.0,0.1,0,1
claim,1097,default,177,20,20,93.3,4,4,73.63636363636364,38.0,91,81,24,24,0,E6,20,20,0.0,0.1,0,1
mas,1097,default,176,20,20,83.75,1,4,64.8409090909091,32.5,32,118,54,81,0,E6,20,20,0.0,0.1,0,1
mas_iterative,1097,default,167,20,20,79.15,0,4,61.61363636363637,32.25,0,100,48,72,0,E6,20,20,0.0,0.1,0,1
cbba,1097,default,167,20,20,79.15,0,4,61.61363636363637,32.25,0,100,496,2626,119,E6,20,20,0.0,0.1,0,1
claim,1098,default,187,20,20,98.25,3,4,81.68627450980392,44.166666666666664,75,66,23,23,0,E6,20,20,0.0,0.1,0,1
mas,1098,default,185,20,20,90.8,2,4,74.29411764705883,36.833333333333336,81,38,52,78,0,E6,20,20,0.0,0.1,0,1
mas_iterative,1098,default,193,20,20,92.05,4,4,74.29411764705883,36.333333333333336,86,98,58,87,0,E6,20,20,0.0,0.1,0,1
cbba,1098,default,189,20,20,88.75,1,4,71.19607843137256,36.333333333333336,41,99,497,2635,119,E6,20,20,0.0,0.1,0,1
claim,1099,default,186,20,20,100.5,5,4,82.91489361702128,39.666666666666664,143,95,26,26,0,E6,20,20,0.0,0.1,0,1
mas,1099,default,174,20,20,84.15,3,4,69.36170212765957,33.333333333333336,100,74,52,78,0,E6,20,20,0.0,0.1,0,1
mas_iterative,1099,default,174,20,20,83.95,3,4,69.12765957446808,33.0,101,73,52,78,0,E6,20,20,0.0,0.1,0,1
cbba,1099,default,174,20,20,83.95,3,4,69.12765957446808,33.0,101,73,560,2922,134,E6,20,20,0.0,0.1,0,1
claim,1101,default,205,20,20,110.15,7,4,87.46938775510205,49.8,176,47,27,27,0,E6,20,20,0.0,0.1,0,1
mas,1101,default,181,20,20,89.45,1,4,69.0204081632653,36.2,32,69,50,75,0,E6,20,20,0.0,0.1,0,1
mas_iterative,1101,default,202,20,20,90.25,2,4,69.14285714285714,35.4,65,126,54,81,0,E6,20,20,0.0,0.1,0,1
cbba,1101,default,202,20,20,90.25,2,4,69.14285714285714,35.4,65,126,550,2986,132,E6,20,20,0.0,0.1,0,1
claim,1102,default,204,20,20,99.2,6,4,83.64406779661017,51.166666666666664,297,44,30,30,0,E6,20,20,0.0,0.1,0,1
mas,1102,default,156,20,20,80.5,3,4,70.77966101694915,44.666666666666664,78,62,50,75,0,E6,20,20,0.0,0.1,0,1
mas_iterative,1102,default,158,20,20,81.2,2,4,71.05084745762711,44.166666666666664,61,83,52,78,0,E6,20,20,0.0,0.1,0,1
cbba,1102,default,160,20,20,74.35,0,4,65.0,39.666666666666664,0,136,516,2762,124,E6,20,20,0.0,0.1,0,1
claim,1103,default,176,20,20,90.7,3,4,78.94444444444444,40.0,90,92,23,23,0,E6,20,20,0.0,0.1,0,1
mas,1103,default,166,20,20,78.65,1,4,67.31481481481481,34.0,27,104,46,69,0,E6,20,20,0.0,0.1,0,1
mas_iterative,1103,default,158,20,20,76.8,1,4,65.98148148148148,33.75,0,62,48,72,0,E6,20,20,0.0,0.1,0,1
cbba,1103,default,158,20,20,76.8,1,4,65.98148148148148,33.75,0,62,557,2993,134,E6,20,20,0.0,0.1,0,1
claim,1104,default,233,20,20,96.35,6,4,76.6304347826087,34.5,366,26,30,30,0,E6,20,20,0.0,0.1,0,1
mas,1104,default,184,20,20,84.25,2,4,69.04347826086956,34.5,65,130,46,69,0,E6,20,20,0.0,0.1,0,1
mas_iterative,1104,default,184,20,20,84.0,2,4,68.80434782608695,34.5,65,130,48,72,0,E6,20,20,0.0,0.1,0,1
cbba,1104,default,170,20,20,82.7,1,4,66.54347826086956,29.75,62,70,506,2730,121,E6,20,20,0.0,0.1,0,1
claim,1106,default,250,20,20,132.9,10,4,111.98113207547169,56.8,404,82,39,39,0,E6,20,20,0.0,0.1,0,1
mas,1106,default,171,20,20,84.15,4,4,69.69811320754717,37.8,69,97,56,85,0,E6,20,20,0.0,0.1,0,1
mas_iterative,1106,default,151,20,20,77.2,0,4,64.84905660377359,36.6,0,44,48,73,0,E6,20,20,0.0,0.1,0,1
cbba,1106,default,151,20,20,77.2,0,4,64.84905660377359,36.6,0,44,604,3344,146,E6,20,20,0.0,0.1,0,1
claim,1107,default,152,20,20,76.55,4,4,67.83673469387755,47.0,133,31,26,26,0,E6,20,20,0.0,0.1,0,1
mas,1107,default,140,20,20,71.25,2,4,62.6530612244898,39.0,45,53,50,75,0,E6,20,20,0.0,0.1,0,1
mas_iterative,1107,default,135,20,20,64.3,0,4,56.69387755102041,35.0,0,84,48,72,0,E6,20,20,0.0,0.1,0,1
cbba,1107,default,135,20,20,64.3,0,4,56.69387755102041,35.0,0,84,528,2798,127,E6,20,20,0.0,0.1,0,1
claim,1108,default,183,20,20,91.8,3,4,78.61111111111111,38.2,81,103,23,23,0,E6,20,20,0.0,0.1,0,1
mas,1108,default,197,20,20,94.25,6,4,77.98148148148148,36.6,201,74,64,96,0,E6,20,20,0.0,0.1,0,1
mas_iterative,1108,default,206,20,20,94.9,6,4,77.5925925925926,36.6,195,149,65,98,0,E6,20,20,0.0,0.1,0,1
cbba,1108,default,163,20,20,77.2,2,4,64.75925925925925,38.2,41,113,514,2800,123,E6,20,20,0.0,0.1,0,1
claim,1109,default,178,20,20,79.75,3,4,66.06976744186046,33.5,75,146,24,24,0,E6,20,20,0.0,0.1,0,1
mas,1109,default,183,20,20,78.75,4,4,64.86046511627907,33.5,128,98,57,86,0,E6,20,20,0.0,0.1,0,1
mas_iterative,1109,default,182,20,20,78.55,3,4,64.67441860465117,33.5,87,145,50,75,0,E6,20,20,0.0,0.1,0,1
cbba,1109,default,180,20,20,78.15,2,4,64.30232558139535,33.5,87,138,583,3113,140,E6,20,20,0.0,0.1,0,1
claim,1110,default,167,20,20,88.2,5,4,77.91803278688525,46.714285714285715,100,67,25,25,0,E6,20,20,0.0,0.1,0,1
mas,1110,default,156,20,20,77.35,2,4,67.34426229508196,36.857142857142854,36,72,52,78,0,E6,20,20,0.0,0.1,0,1
mas_iterative,1110,default,161,20,20,77.9,2,4,67.45901639344262,36.142857142857146,40,86,52,78,0,E6,20,20,0.0,0.1,0,1
cbba,1110,default,161,20,20,77.9,2,4,67.45901639344262,36.142857142857146,40,86,506,2724,121,E6,20,20,0.0,0.1,0,1
claim,1111,default,188,20,20,93.3,6,4,76.12,42.2,156,108,26,26,0,E6,20,20,0.0,0.1,0,1
mas,1111,default,164,20,20,76.7,1,4,61.88,39.0,19,118,48,72,0,E6,20,20,0.0,0.1,0,1
mas_iterative,1111,default,159,20,20,74.0,0,4,59.92,38.6,0,112,44,66,0,E6,20,20,0.0,0.1,0,1
cbba,1111,default,159,20,20,74.0,0,4,59.92,38.6,0,112,604,3308,146,E6,20,20,0.0,0.1,0,1
claim,1112,default,262,20,20,162.9,8,4,141.2888888888889,41.0,476,79,40,40,0,E6,20,20,0.0,0.1,0,1
mas,1112,default,147,20,20,77.7,1,4,65.37777777777778,37.5,18,62,48,73,0,E6,20,20,0.0,0.1,0,1
mas_iterative,1112,default,165,20,20,80.55,4,4,65.77777777777777,37.0,107,71,58,88,0,E6,20,20,0.0,0.1,0,1
cbba,1112,default,165,20,20,80.55,4,4,65.77777777777777,37.0,107,71,589,3199,141,E6,20,20,0.0,0.1,0,1
claim,1113,default,218,20,20,107.75,11,4,84.86792452830188,43.8,328,68,35,35,0,E6,20,20,0.0,0.1,0,1
mas,1113,default,171,20,20,76.5,1,4,61.528301886792455,42.6,34,130,48,72,0,E6,20,20,0.0,0.1,0,1
mas_iterative,1113,default,174,20,20,79.65,4,4,63.35849056603774,43.0,106,85,54,81,0,E6,20,20,0.0,0.1,0,1
cbba,1113,default,172,20,20,80.5,2,4,64.18867924528301,36.8,33,112,590,3234,142,E6,20,20,0.0,0.1,0,1
claim,1114,default,196,20,20,103.05,4,4,82.71153846153847,55.833333333333336,117,76,24,24,0,E6,20,20,0.0,0.1,0,1
mas,1114,default,179,20,20,85.35,1,4,65.67307692307692,40.666666666666664,32,77,48,72,0,E6,20,20,0.0,0.1,0,1
mas_iterative,1114,default,180,20,20,87.45,3,4,66.9423076923077,39.5,73,69,52,78,0,E6,20,20,0.0,0.1,0,1
cbba,1114,default,188,20,20,85.1,3,4,65.40384615384616,41.166666666666664,84,60,596,3132,143,E6,20,20,0.0,0.1,0,1
claim,1115,default,209,20,20,106.4,6,4,85.10416666666667,51.2,257,146,30,30,0,E6,20,20,0.0,0.1,0,1
mas,1115,default,153,20,20,70.75,1,4,56.583333333333336,35.2,32,116,48,73,0,E6,20,20,0.0,0.1,0,1
mas_iterative,1115,default,158,20,20,69.3,3,4,53.895833333333336,34.4,41,129,54,82,0,E6,20,20,0.0,0.1,0,1
cbba,1115,default,155,20,20,66.5,3,4,52.125,34.4,40,121,564,3016,135,E6,20,20,0.0,0.1,0,1
claim,1116,default,145,20,20,77.55,6,4,64.38095238095238,27.5,123,65,26,26,0,E6,20,20,0.0,0.1,0,1
mas,1116,default,144,20,20,72.1,3,4,59.11904761904762,27.5,69,95,55,83,0,E6,20,20,0.0,0.1,0,1
mas_iterative,1116,default,139,20,20,69.85,3,4,58.07142857142857,27.5,48,88,52,78,0,E6,20,20,0.0,0.1,0,1
cbba,1116,default,174,20,20,81.15,7,4,65.66666666666667,27.0,173,112,683,3683,164,E6,20,20,0.0,0.1,0,1
claim,1117,default,185,20,20,88.95,8,4,73.73584905660377,37.2,179,102,28,28,0,E6,20,20,0.0,0.1,0,1
mas,1117,default,160,20,20,71.0,3,4,58.15094339622642,32.0,67,97,60,90,0,E6,20,20,0.0,0.1,0,1
mas_iterative,1117,default,154,20,20,68.8,2,4,56.84905660377358,31.8,19,120,52,78,0,E6,20,20,0.0,0.1,0,1
cbba,1117,default,154,20,20,68.8,2,4,56.84905660377358,31.8,19,120,542,2908,130,E6,20,20,0.0,0.1,0,1
claim,1118,default,271,20,20,126.7,9,4,106.52830188679245,48.5,337,124,34,34,0,E6,20,20,0.0,0.1,0,1
mas,1118,default,195,20,20,88.7,0,4,74.0754716981132,42.25,0,133,46,69,0,E6,20,20,0.0,0.1,0,1
mas_iterative,1118,default,185,20,20,89.4,1,4,74.20754716981132,42.0,41,65,53,80,0,E6,20,20,0.0,0.1,0,1
cbba,1118,default,185,20,20,89.4,1,4,74.20754716981132,42.0,41,65,521,2775,125,E6,20,20,0.0,0.1,0,1
claim,1119,default,186,20,20,91.55,5,4,79.75510204081633,39.0,128,109,25,25,0,E6,20,20,0.0,0.1,0,1
mas,1119,default,154,20,20,75.45,1,4,64.77551020408163,27.5,10,90,50,75,0,E6,20,20,0.0,0.1,0,1
mas_iterative,1119,default,156,20,20,73.85,1,4,63.40816326530612,27.0,20,96,54,81,0,E6,20,20,0.0,0.1,0,1
cbba,1119,default,156,20,20,73.85,1,4,63.40816326530612,27.0,20,96,473,2455,113,E6,20,20,0.0,0.1,0,1
claim,1120,default,171,20,20,87.9,5,4,76.20454545454545,50.5,142,56,28,28,0,E6,20,20,0.0,0.1,0,1
mas,1120,default,164,20,20,77.25,2,4,66.20454545454545,38.5,56,103,50,75,0,E6,20,20,0.0,0.1,0,1
mas_iterative,1120,default,148,20,20,73.8,0,4,63.86363636363637,38.0,0,82,48,72,0,E6,20,20,0.0,0.1,0,1
cbba,1120,default,148,20,20,73.8,0,4,63.86363636363637,38.0,0,82,516,2748,124,E6,20,20,0.0,0.1,0,1
claim,1121,default,234,20,20,106.15,5,4,84.08695652173913,43.5,217,136,28,28,0,E6,20,20,0.0,0.1,0,1
mas,1121,default,184,20,20,88.95,1,4,71.76086956521739,43.0,32,105,44,66,0,E6,20,20,0.0,0.1,0,1
mas_iterative,1121,default,187,20,20,89.15,2,4,71.80434782608695,42.75,46,114,48,72,0,E6,20,20,0.0,0.1,0,1
cbba,1121,default,195,20,20,92.1,3,4,73.02173913043478,42.0,91,123,623,3433,150,E6,20,20,0.0,0.1,0,1
claim,1123,default,166,20,20,88.2,5,4,73.41666666666667,39.8,121,73,25,25,0,E6,20,20,0.0,0.1,0,1
mas,1123,default,156,20,20,72.25,2,4,59.916666666666664,31.4,47,81,54,81,0,E6,20,20,0.0,0.1,0,1
mas_iterative,1123,default,146,20,20,71.35,1,4,59.25,31.0,15,72,56,84,0,E6,20,20,0.0,0.1,0,1
cbba,1123,default,156,20,20,71.6,1,4,59.104166666666664,31.0,27,112,426,2262,101,E6,20,20,0.0,0.1,0,1
claim,1124,default,150,20,20,78.45,2,4,69.12962962962963,34.0,57,76,22,22,0,E6,20,20,0.0,0.1,0,1
mas,1124,default,150,20,20,78.45,2,4,69.12962962962963,34.0,57,76,44,66,0,E6,20,20,0.0,0.1,0,1
mas_iterative,1124,default,150,20,20,78.45,2,4,69.12962962962963,34.0,57,76,44,66,0,E6,20,20,0.0,0.1,0,1
cbba,1124,default,150,20,20,78.45,2,4,69.12962962962963,34.0,57,76,566,3054,136,E6,20,20,0.0,0.1,0,1
claim,1125,default,207,20,20,105.35,8,4,83.42553191489361,36.0,261,70,30,30,0,E6,20,20,0.0,0.1,0,1
mas,1125,default,177,20,20,79.4,1,4,63.08510638297872,28.0,49,71,55,83,0,E6,20,20,0.0,0.1,0,1
mas_iterative,1125,default,176,20,20,78.6,0,4,62.340425531914896,27.666666666666668,0,114,50,75,0,E6,20,20,0.0,0.1,0,1
cbba,1125,default,176,20,20,78.6,0,4,62.340425531914896,27.666666666666668,0,114,444,2342,106,E6,20,20,0.0,0.1,0,1
claim,1126,default,152,20,20,74.25,6,4,61.7,44.75,126,90,26,26,0,E6,20,20,0.0,0.1,0,1
mas,1126,default,143,20,20,67.0,4,4,53.38,38.25,73,103,58,87,0,E6,20,20,0.0,0.1,0,1
mas_iterative,1126,default,126,20,20,63.75,3,4,51.68,37.5,63,32,56,84,0,E6,20,20,0.0,0.1,0,1
cbba,1126,default,126,20,20,63.75,3,4,51.68,37.5,74,22,485,2519,115,E6,20,20,0.0,0.1,0,1
claim,1127,default,172,20,20,90.35,6,4,79.59183673469387,28.333333333333332,186,60,27,27,0,E6,20,20,0.0,0.1,0,1
mas,1127,default,152,20,20,75.7,1,4,67.79591836734694,28.333333333333332,30,93,54,81,0,E6,20,20,0.0,0.1,0,1
mas_iterative,1127,default,149,20,20,74.35,2,4,66.93877551020408,28.333333333333332,32,81,48,72,0,E6,20,20,0.0,0.1,0,1
cbba,1127,default,142,20,20,71.95,1,4,63.69387755102041,28.333333333333332,29,69,429,2237,102,E6,20,20,0.0,0.1,0,1
claim,1128,default,171,20,20,89.5,3,4,73.69565217391305,33.333333333333336,87,98,23,23,0,E6,20,20,0.0,0.1,0,1
mas,1128,default,166,20,20,83.25,2,4,68.1086956521739,33.333333333333336,52,114,52,78,0,E6,20,20,0.0,0.1,0,1
mas_iterative,1128,default,166,20,20,83.0,3,4,67.97826086956522,33.333333333333336,54,114,54,81,0,E6,20,20,0.0,0.1,0,1
cbba,1128,default,158,20,20,79.85,2,4,64.43478260869566,33.333333333333336,47,96,478,2602,114,E6,20,20,0.0,0.1,0,1
claim,1129,default,207,20,20,99.15,7,4,86.93877551020408,27.0,233,34,28,28,0,E6,20,20,0.0,0.1,0,1
mas,1129,default,167,20,20,83.9,1,4,73.61224489795919,27.0,14,84,48,72,0,E6,20,20,0.0,0.1,0,1
mas_iterative,1129,default,174,20,20,83.95,2,4,73.65306122448979,27.0,29,107,52,78,0,E6,20,20,0.0,0.1,0,1
cbba,1129,default,174,20,20,83.95,2,4,73.65306122448979,27.0,29,107,622,3422,150,E6,20,20,0.0,0.1,0,1
claim,1130,default,179,20,20,91.95,5,4,78.19642857142857,46.0,117,79,26,26,0,E6,20,20,0.0,0.1,0,1
mas,1130,default,163,20,20,77.15,1,4,64.78571428571429,40.2,23,105,52,78,0,E6,20,20,0.0,0.1,0,1
mas_iterative,1130,default,160,20,20,77.0,3,4,64.80357142857143,40.6,24,50,54,81,0,E6,20,20,0.0,0.1,0,1
cbba,1130,default,166,20,20,76.8,2,4,65.21428571428571,39.4,56,82,542,2850,130,E6,20,20,0.0,0.1,0,1
claim,1131,default,189,20,20,96.35,7,4,82.40677966101696,57.625,204,72,28,28,0,E6,20,20,0.0,0.1,0,1
mas,1131,default,151,20,20,75.35,0,4,64.94915254237289,46.0,0,96,50,75,0,E6,20,20,0.0,0.1,0,1
mas_iterative,1131,default,153,20,20,76.2,1,4,65.10169491525424,45.25,36,87,52,78,0,E6,20,20,0.0,0.1,0,1
cbba,1131,default,155,20,20,76.45,2,4,65.15254237288136,44.125,46,86,526,2778,126,E6,20,20,0.0,0.1,0,1
claim,1132,default,189,20,20,97.6,8,4,84.60377358490567,38.666666666666664,191,85,28,28,0,E6,20,20,0.0,0.1,0,1
mas,1132,default,156,20,20,79.8,2,4,70.18867924528301,36.333333333333336,32,89,52,78,0,E6,20,20,0.0,0.1,0,1
mas_iterative,1132,default,155,20,20,78.9,2,4,69.26415094339623,35.666666666666664,32,85,52,78,0,E6,20,20,0.0,0.1,0,1
cbba,1132,default,155,20,20,78.9,2,4,69.26415094339623,35.666666666666664,32,85,510,2706,122,E6,20,20,0.0,0.1,0,1
claim,1133,default,180,20,20,88.9,3,4,76.84905660377359,36.0,75,109,23,23,0,E6,20,20,0.0,0.1,0,1
mas,1133,default,164,20,20,78.85,1,4,67.9622641509434,35.75,28,95,44,66,0,E6,20,20,0.0,0.1,0,1
mas_iterative,1133,default,164,20,20,78.55,1,4,67.69811320754717,35.5,28,95,44,66,0,E6,20,20,0.0,0.1,0,1
cbba,1133,default,164,20,20,78.55,1,4,67.69811320754717,35.5,28,95,533,2851,128,E6,20,20,0.0,0.1,0,1
claim,1134,default,216,20,20,94.55,6,4,79.71428571428571,28.5,251,119,30,30,0,E6,20,20,0.0,0.1,0,1
mas,1134,default,173,20,20,73.4,2,4,63.12244897959184,28.5,70,122,54,81,0,E6,20,20,0.0,0.1,0,1
mas_iterative,1134,default,151,20,20,69.85,0,4,60.673469387755105,28.5,0,102,50,75,0,E6,20,20,0.0,0.1,0,1
cbba,1134,default,151,20,20,69.85,0,4,60.673469387755105,28.5,0,102,500,2652,120,E6,20,20,0.0,0.1,0,1
claim,1135,default,173,20,20,86.3,5,4,72.79166666666667,42.0,86,84,26,26,0,E6,20,20,0.0,0.1,0,1
mas,1135,default,157,20,20,78.85,3,4,66.125,36.0,56,52,54,81,0,E6,20,20,0.0,0.1,0,1
mas_iterative,1135,default,156,20,20,78.25,3,4,65.60416666666667,35.8,57,48,52,78,0,E6,20,20,0.0,0.1,0,1
cbba,1135,default,174,20,20,78.6,4,4,64.47916666666667,32.2,82,101,640,3468,154,E6,20,20,0.0,0.1,0,1
claim,1136,default,212,20,20,119.75,7,4,102.86274509803921,62.2,191,95,27,27,0,E6,20,20,0.0,0.1,0,1
mas,1136,default,188,20,20,99.0,4,4,83.49019607843137,45.8,124,55,54,81,0,E6,20,20,0.0,0.1,0,1
mas_iterative,1136,default,188,20,20,98.65,4,4,83.15686274509804,45.4,126,54,61,92,0,E6,20,20,0.0,0.1,0,1
cbba,1136,default,183,20,20,98.6,4,4,82.3921568627451,44.0,120,68,602,3194,144,E6,20,20,0.0,0.1,0,1
claim,1137,default,206,20,20,100.9,6,4,80.72340425531915,38.75,138,133,26,26,0,E6,20,20,0.0,0.1,0,1
mas,1137,default,182,20,20,84.1,2,4,66.46808510638297,30.25,13,135,52,78,0,E6,20,20,0.0,0.1,0,1
mas_iterative,1137,default,181,20,20,83.0,1,4,65.95744680851064,29.5,21,129,48,72,0,E6,20,20,0.0,0.1,0,1
cbba,1137,default,181,20,20,83.0,1,4,65.95744680851064,29.5,21,129,625,3443,151,E6,20,20,0.0,0.1,0,1
claim,1138,default,168,20,20,87.0,4,4,76.01851851851852,37.0,115,79,24,24,0,E6,20,20,0.0,0.1,0,1
mas,1138,default,161,20,20,76.9,3,4,67.96296296296296,37.0,63,112,55,83,0,E6,20,20,0.0,0.1,0,1
mas_iterative,1138,default,152,20,20,76.85,3,4,67.24074074074075,37.0,60,63,48,72,0,E6,20,20,0.0,0.1,0,1
cbba,1138,default,165,20,20,77.5,1,4,68.51851851851852,39.5,33,126,589,3193,142,E6,20,20,0.0,0.1,0,1
claim,1139,default,206,20,20,101.1,9,4,87.46296296296296,48.0,260,99,33,33,0,E6,20,20,0.0,0.1,0,1
mas,1139,default,161,20,20,83.2,3,4,73.68518518518519,39.5,73,108,52,78,0,E6,20,20,0.0,0.1,0,1
mas_iterative,1139,default,164,20,20,82.55,3,4,72.20370370370371,38.0,67,113,52,78,0,E6,20,20,0.0,0.1,0,1
cbba,1139,default,154,20,20,75.55,1,4,66.83333333333333,38.0,22,113,481,2559,115,E6,20,20,0.0,0.1,0,1
claim,1140,default,173,20,20,84.7,6,4,69.72916666666667,36.25,123,62,26,26,0,E6,20,20,0.0,0.1,0,1
mas,1140,default,159,20,20,72.75,0,4,59.145833333333336,31.5,0,118,50,75,0,E6,20,20,0.0,0.1,0,1
mas_iterative,1140,default,157,20,20,71.8,0,4,58.3125,31.25,0,110,48,72,0,E6,20,20,0.0,0.1,0,1
cbba,1140,default,157,20,20,71.8,0,4,58.3125,31.25,0,110,504,2718,121,E6,20,20,0.0,0.1,0,1
claim,1141,default,188,20,20,94.9,5,4,79.25454545454545,54.0,156,52,27,27,0,E6,20,20,0.0,0.1,0,1
mas,1141,default,171,20,20,83.75,1,4,68.78181818181818,43.25,43,90,54,81,0,E6,20,20,0.0,0.1,0,1
mas_iterative,1141,default,172,20,20,83.35,2,4,68.23636363636363,42.5,48,88,56,84,0,E6,20,20,0.0,0.1,0,1
cbba,1141,default,172,20,20,83.35,2,4,68.23636363636363,42.5,48,88,507,2739,121,E6,20,20,0.0,0.1,0,1
claim,1142,default,209,20,20,99.3,8,4,83.46,40.25,210,86,29,29,0,E6,20,20,0.0,0.1,0,1
mas,1142,default,155,20,20,79.75,1,4,67.26,34.25,15,40,48,72,0,E6,20,20,0.0,0.1,0,1
mas_iterative,1142,default,162,20,20,82.45,2,4,69.04,34.0,29,61,54,81,0,E6,20,20,0.0,0.1,0,1
cbba,1142,default,160,20,20,82.85,2,4,69.2,34.0,36,53,591,3233,142,E6,20,20,0.0,0.1,0,1
claim,1143,default,185,20,20,89.25,4,4,69.37209302325581,42.0,122,66,27,27,0,E6,20,20,0.0,0.1,0,1
mas,1143,default,181,20,20,85.45,4,4,65.06976744186046,41.333333333333336,83,107,58,87,0,E6,20,20,0.0,0.1,0,1
mas_iterative,1143,default,175,20,20,82.9,2,4,63.604651162790695,40.666666666666664,51,97,54,81,0,E6,20,20,0.0,0.1,0,1
cbba,1143,default,175,20,20,82.9,2,4,63.604651162790695,40.666666666666664,51,97,510,2740,122,E6,20,20,0.0,0.1,0,1
claim,1144,default,233,20,20,119.25,10,4,97.86274509803921,56.166666666666664,392,60,36,36,0,E6,20,20,0.0,0.1,0,1
mas,1144,default,180,20,20,92.55,5,4,74.70588235294117,44.5,151,69,55,83,0,E6,20,20,0.0,0.1,0,1
mas_iterative,1144,default,171,20,20,85.7,3,4,68.03921568627452,37.666666666666664,68,94,53,80,0,E6,20,20,0.0,0.1,0,1
cbba,1144,default,171,20,20,85.7,3,4,68.03921568627452,37.666666666666664,68,94,611,3307,147,E6,20,20,0.0,0.1,0,1
claim,1145,default,191,20,20,90.4,6,4,73.67857142857143,48.375,181,100,29,29,0,E6,20,20,0.0,0.1,0,1
mas,1145,default,183,20,20,80.3,5,4,64.28571428571429,40.875,80,147,60,90,0,E6,20,20,0.0,0.1,0,1
mas_iterative,1145,default,159,20,20,75.65,1,4,60.767857142857146,38.5,9,106,52,78,0,E6,20,20,0.0,0.1,0,1
cbba,1145,default,159,20,20,75.65,1,4,60.767857142857146,38.5,9,106,521,2811,125,E6,20,20,0.0,0.1,0,1
claim,1146,default,180,20,20,93.5,3,4,83.0909090909091,46.25,101,95,24,24,0,E6,20,20,0.0,0.1,0,1
mas,1146,default,188,20,20,88.25,4,4,76.58181818181818,35.25,100,117,63,95,0,E6,20,20,0.0,0.1,0,1
mas_iterative,1146,default,148,20,20,79.4,0,4,70.2,34.5,0,46,52,78,0,E6,20,20,0.0,0.1,0,1
cbba,1146,default,148,20,20,79.4,0,4,70.2,34.5,0,46,484,2650,116,E6,20,20,0.0,0.1,0,1
claim,1147,default,177,20,20,92.55,3,4,76.42553191489361,38.666666666666664,87,76,23,23,0,E6,20,20,0.0,0.1,0,1
mas,1147,default,171,20,20,87.1,1,4,71.0,31.333333333333332,28,80,44,66,0,E6,20,20,0.0,0.1,0,1
mas_iterative,1147,default,171,20,20,86.9,1,4,70.76595744680851,31.0,28,80,46,69,0,E6,20,20,0.0,0.1,0,1
cbba,1147,default,169,20,20,86.5,1,4,70.48936170212765,31.0,38,75,590,3182,142,E6,20,20,0.0,0.1,0,1
claim,1149,default,217,20,20,102.3,8,4,85.23076923076923,40.333333333333336,305,129,31,31,0,E6,20,20,0.0,0.1,0,1
mas,1149,default,143,20,20,71.9,1,4,62.44230769230769,39.333333333333336,28,98,46,69,0,E6,20,20,0.0,0.1,0,1
mas_iterative,1149,default,142,20,20,71.6,1,4,62.13461538461539,39.0,28,94,44,66,0,E6,20,20,0.0,0.1,0,1
cbba,1149,default,142,20,20,71.6,1,4,62.13461538461539,39.0,28,94,581,3129,140,E6,20,20,0.0,0.1,0,1
claim,1150,default,159,20,20,92.15,7,4,75.83333333333333,39.6,153,28,27,27,0,E6,20,20,0.0,0.1,0,1
mas,1150,default,153,20,20,75.1,0,4,60.333333333333336,30.0,0,100,55,83,0,E6,20,20,0.0,0.1,0,1
mas_iterative,1150,default,153,20,20,78.55,3,4,61.958333333333336,29.2,83,53,56,84,0,E6,20,20,0.0,0.1,0,1
cbba,1150,default,143,20,20,76.7,2,4,60.770833333333336,29.2,53,40,550,2930,132,E6,20,20,0.0,0.1,0,1
claim,1152,default,172,20,20,90.75,3,4,76.39583333333333,42.75,75,73,23,23,0,E6,20,20,0.0,0.1,0,1
mas,1152,default,167,20,20,83.8,2,4,69.22916666666667,36.5,40,86,48,72,0,E6,20,20,0.0,0.1,0,1
mas_iterative,1152,default,173,20,20,83.9,2,4,69.29166666666667,36.25,77,64,50,75,0,E6,20,20,0.0,0.1,0,1
cbba,1152,default,158,20,20,78.95,1,4,64.77083333333333,31.75,0,30,541,2815,130,E6,20,20,0.0,0.1,0,1
claim,1153,default,234,20,20,121.65,6,4,102.50943396226415,46.2,212,119,28,28,0,E6,20,20,0.0,0.1,0,1
mas,1153,default,199,20,20,94.4,2,4,80.35849056603773,46.4,56,133,50,75,0,E6,20,20,0.0,0.1,0,1
mas_iterative,1153,default,193,20,20,92.9,2,4,79.49056603773585,46.2,48,128,54,81,0,E6,20,20,0.0,0.1,0,1
cbba,1153,default,189,20,20,89.65,3,4,75.69811320754717,41.2,36,121,551,2995,132,E6,20,20,0.0,0.1,0,1
claim,1155,default,234,20,20,99.05,8,4,74.6875,43.2,407,30,34,34,0,E6,20,20,0.0,0.1,0,1
mas,1155,default,207,20,20,99.2,4,4,76.02083333333333,35.2,145,127,62,93,0,E6,20,20,0.0,0.1,0,1
mas_iterative,1155,default,177,20,20,82.4,4,4,63.791666666666664,34.6,85,64,54,81,0,E6,20,20,0.0,0.1,0,1
cbba,1155,default,165,20,20,75.95,1,4,58.458333333333336,33.4,10,91,549,2955,132,E6,20,20,0.0,0.1,0,1
claim,1156,default,223,20,20,118.1,6,4,105.61702127659575,30.0,269,73,33,33,0,E6,20,20,0.0,0.1,0,1
mas,1156,default,176,20,20,87.65,4,4,76.48936170212765,29.0,129,40,58,88,0,E6,20,20,0.0,0.1,0,1
mas_iterative,1156,default,159,20,20,80.75,1,4,70.55319148936171,29.0,31,42,52,79,0,E6,20,20,0.0,0.1,0,1
cbba,1156,default,159,20,20,80.75,1,4,70.55319148936171,29.0,31,42,465,2451,111,E6,20,20,0.0,0.1,0,1
claim,1157,default,203,20,20,98.4,7,4,82.1875,38.333333333333336,180,68,28,28,0,E6,20,20,0.0,0.1,0,1
mas,1157,default,156,20,20,80.65,1,4,67.08333333333333,30.0,43,36,52,78,0,E6,20,20,0.0,0.1,0,1
mas_iterative,1157,default,174,20,20,82.05,2,4,67.4375,29.666666666666668,92,70,52,78,0,E6,20,20,0.0,0.1,0,1
cbba,1157,default,174,20,20,82.05,2,4,67.4375,29.666666666666668,92,70,575,3011,138,E6,20,20,0.0,0.1,0,1
claim,1000,default,182,20,20,80.95,8,4,66.32608695652173,32.0,229,68,32,32,0,E6,20,20,0.0,0.1,0,5
mas,1000,default,143,20,20,70.05,0,4,57.97826086956522,27.666666666666668,0,80,50,75,0,E6,20,20,0.0,0.1,0,5
mas_iterative,1000,default,138,20,20,70.4,1,4,57.73913043478261,27.333333333333332,32,46,50,75,0,E6,20,20,0.0,0.1,0,5
cbba,1000,default,138,20,20,70.4,1,4,57.73913043478261,27.333333333333332,32,46,589,3215,142,E6,20,20,0.0,0.1,0,5
claim,1001,default,166,20,20,81.15,2,4,71.44642857142857,40.4,61,99,22,22,0,E6,20,20,0.0,0.1,0,5
mas,1001,default,168,20,20,74.0,3,4,63.5,36.2,81,91,54,81,0,E6,20,20,0.0,0.1,0,5
mas_iterative,1001,default,142,20,20,70.75,2,4,61.5,35.8,41,38,54,81,0,E6,20,20,0.0,0.1,0,5
cbba,1001,default,142,20,20,70.75,2,4,61.5,35.8,41,38,518,2752,124,E6,20,20,0.0,0.1,0,5
claim,1002,default,192,20,20,96.1,7,4,77.21739130434783,47.0,190,89,28,28,0,E6,20,20,0.0,0.1,0,5
mas,1002,default,170,20,20,79.9,1,4,64.19565217391305,35.75,7,135,58,87,0,E6,20,20,0.0,0.1,0,5
mas_iterative,1002,default,167,20,20,78.25,0,4,62.76086956521739,34.75,0,124,48,72,0,E6,20,20,0.0,0.1,0,5
cbba,1002,default,167,20,20,78.25,0,4,62.76086956521739,34.75,0,124,576,3120,139,E6,20,20,0.0,0.1,0,5
claim,1003,default,173,20,20,82.2,6,4,64.97916666666667,44.5,131,117,26,26,0,E6,20,20,0.0,0.1,0,5
mas,1003,default,157,20,20,75.5,4,4,59.208333333333336,39.0,54,102,52,78,0,E6,20,20,0.0,0.1,0,5
mas_iterative,1003,default,153,20,20,74.2,4,4,58.5,38.666666666666664,48,67,56,84,0,E6,20,20,0.0,0.1,0,5
cbba,1003,default,153,20,20,74.2,4,4,58.5,38.666666666666664,48,67,476,2554,113,E6,20,20,0.0,0.1,0,5
claim,1004,default,181,20,20,96.3,3,4,82.97872340425532,40.0,94,86,23,23,0,E6,20,20,0.0,0.1,0,5
mas,1004,default,161,20,20,77.2,0,4,65.80851063829788,29.333333333333332,0,107,50,75,0,E6,20,20,0.0,0.1,0,5
mas_iterative,1004,default,158,20,20,78.35,1,4,66.57446808510639,29.0,30,78,50,75,0,E6,20,20,0.0,0.1,0,5
cbba,1004,default,158,20,20,78.35,1,4,66.57446808510639,29.0,30,78,589,3157,142,E6,20,20,0.0,0.1,0,5
claim,1005,default,175,20,20,82.55,5,4,72.25454545454545,47.666666666666664,151,131,26,26,0,E6,20,20,0.0,0.1,0,5
mas,1005,default,149,20,20,69.4,3,4,60.69090909090909,39.0,62,112,52,78,0,E6,20,20,0.0,0.1,0,5
mas_iterative,1005,default,147,20,20,68.9,4,4,60.10909090909091,38.333333333333336,91,73,54,81,0,E6,20,20,0.0,0.1,0,5
cbba,1005,default,148,20,20,68.7,4,4,59.90909090909091,38.333333333333336,121,67,573,2973,137,E6,20,20,0.0,0.1,0,5
claim,1006,default,190,20,20,102.3,7,4,83.56410256410257,38.0,196,115,30,30,0,E6,20,20,0.0,0.1,0,5
mas,1006,default,161,20,20,70.7,1,4,58.76923076923077,29.0,33,133,48,72,0,E6,20,20,0.0,0.1,0,5
mas_iterative,1006,default,161,20,20,70.15,1,4,58.205128205128204,28.5,34,132,48,72,0,E6,20,20,0.0,0.1,0,5
cbba,1006,default,161,20,20,70.15,1,4,58.205128205128204,28.5,34,132,569,3093,137,E6,20,20,0.0,0.1,0,5
claim,1007,default,151,20,20,85.5,5,4,73.68888888888888,33.0,124,75,26,26,0,E6,20,20,0.0,0.1,0,5
mas,1007,default,122,20,20,69.1,2,4,60.577777777777776,33.0,15,73,52,78,0,E6,20,20,0.0,0.1,0,5
mas_iterative,1007,default,121,20,20,68.45,1,4,59.977777777777774,33.0,12,68,50,75,0,E6,20,20,0.0,0.1,0,5
cbba,1007,default,123,20,20,67.45,0,4,59.044444444444444,28.0,0,73,488,2606,117,E6,20,20,0.0,0.1,0,5
claim,1008,default,195,20,20,101.85,6,4,87.38,36.25,155,51,26,26,0,E6,20,20,0.0,0.1,0,5
mas,1008,default,190,20,20,90.35,3,4,76.72,30.5,127,93,55,83,0,E6,20,20,0.0,0.1,0,5
mas_iterative,1008,default,183,20,20,86.8,4,4,74.3,30.25,103,93,58,87,0,E6,20,20,0.0,0.1,0,5
cbba,1008,default,183,20,20,86.8,4,4,74.3,30.25,103,93,532,2832,127,E6,20,20,0.0,0.1,0,5
claim,1009,default,242,20,20,104.45,9,4,85.68085106382979,33.333333333333336,293,100,35,35,0,E6,20,20,0.0,0.1,0,5
mas,1009,default,194,20,20,104.3,4,4,87.34042553191489,38.0,103,75,54,81,0,E6,20,20,0.0,0.1,0,5
mas_iterative,1009,default,193,20,20,102.3,4,4,86.38297872340425,38.0,94,79,50,75,0,E6,20,20,0.0,0.1,0,5
cbba,1009,default,182,20,20,91.45,3,4,75.65957446808511,33.333333333333336,76,74,571,3071,137,E6,20,20,0.0,0.1,0,5
claim,1010,default,215,20,20,111.15,8,4,97.0,56.8,296,49,33,33,0,E6,20,20,0.0,0.1,0,5
mas,1010,default,147,20,20,73.0,0,4,62.264150943396224,37.8,0,75,46,70,0,E6,20,20,0.0,0.1,0,5
mas_iterative,1010,default,145,20,20,71.95,0,4,61.283018867924525,37.0,0,67,48,73,0,E6,20,20,0.0,0.1,0,5
cbba,1010,default,145,20,20,71.95,0,4,61.283018867924525,37.0,0,67,500,2664,120,E6,20,20,0.0,0.1,0,5
claim,1011,default,181,20,20,92.1,9,4,74.33333333333333,37.2,225,28,32,32,0,E6,20,20,0.0,0.1,0,5
mas,1011,default,167,20,20,79.8,4,4,66.0925925925926,37.2,104,85,55,83,0,E6,20,20,0.0,0.1,0,5
mas_iterative,1011,default,161,20,20,75.95,1,4,62.81481481481482,37.0,30,127,50,75,0,E6,20,20,0.0,0.1,0,5
cbba,1011,default,161,20,20,75.95,1,4,62.81481481481482,37.0,30,127,530,2824,127,E6,20,20,0.0,0.1,0,5
claim,1012,default,150,20,20,79.3,6,4,71.0754716981132,40.2,127,52,26,26,0,E6,20,20,0.0,0.1,0,5
mas,1012,default,163,20,20,77.0,4,4,67.58490566037736,35.0,71,140,52,78,0,E6,20,20,0.0,0.1,0,5
mas_iterative,1012,default,162,20,20,76.55,4,4,67.18867924528301,34.8,71,136,54,81,0,E6,20,20,0.0,0.1,0,5
cbba,1012,default,150,20,20,68.1,3,4,59.56603773584906,35.0,49,131,583,3171,140,E6,20,20,0.0,0.1,0,5
claim,1013,default,164,20,20,83.05,3,4,74.82926829268293,nan,98,75,23,23,0,E6,20,20,0.0,0.1,0,5
mas,1013,default,172,20,20,79.95,3,4,71.26829268292683,nan,59,117,54,81,0,E6,20,20,0.0,0.1,0,5
mas_iterative,1013,default,159,20,20,79.2,3,4,70.48780487804878,nan,78,67,52,78,0,E6,20,20,0.0,0.1,0,5
cbba,1013,default,169,20,20,80.9,3,4,71.3170731707317,nan,113,73,548,2964,131,E6,20,20,0.0,0.1,0,5
claim,1014,default,181,20,20,89.95,6,4,76.36,28.5,165,56,26,26,0,E6,20,20,0.0,0.1,0,5
mas,1014,default,155,20,20,76.65,2,4,65.24,28.5,29,40,54,81,0,E6,20,20,0.0,0.1,0,5
mas_iterative,1014,default,164,20,20,78.6,2,4,65.98,28.5,97,52,54,81,0,E6,20,20,0.0,0.1,0,5
cbba,1014,default,164,20,20,74.4,0,4,62.32,28.0,0,102,496,2668,119,E6,20,20,0.0,0.1,0,5
claim,1015,default,181,20,20,94.4,3,4,84.04,34.0,89,79,23,23,0,E6,20,20,0.0,0.1,0,5
mas,1015,default,182,20,20,84.9,2,4,75.44,34.0,50,109,54,81,0,E6,20,20,0.0,0.1,0,5
mas_iterative,1015,default,182,20,20,89.8,2,4,78.88,34.0,66,101,50,75,0,E6,20,20,0.0,0.1,0,5
cbba,1015,default,176,20,20,84.85,1,4,75.2,34.0,28,107,485,2569,116,E6,20,20,0.0,0.1,0,5
claim,1016,default,153,20,20,79.5,7,4,64.18,39.833333333333336,149,67,28,28,0,E6,20,20,0.0,0.1,0,5
mas,1016,default,128,20,20,63.8,1,4,52.22,35.666666666666664,12,90,50,75,0,E6,20,20,0.0,0.1,0,5
mas_iterative,1016,default,126,20,20,62.15,0,4,50.76,35.166666666666664,0,88,48,72,0,E6,20,20,0.0,0.1,0,5
cbba,1016,default,126,20,20,62.15,0,4,50.76,35.166666666666664,0,88,516,2730,124,E6,20,20,0.0,0.1,0,5
claim,1017,default,205,20,20,89.05,5,4,77.57692307692308,41.666666666666664,171,181,27,27,0,E6,20,20,0.0,0.1,0,5
mas,1017,default,167,20,20,75.7,2,4,64.9423076923077,36.333333333333336,50,127,52,78,0,E6,20,20,0.0,0.1,0,5
mas_iterative,1017,default,145,20,20,73.15,3,4,62.30769230769231,36.0,53,60,56,84,0,E6,20,20,0.0,0.1,0,5
cbba,1017,default,145,20,20,73.15,3,4,62.30769230769231,36.0,53,60,575,3097,138,E6,20,20,0.0,0.1,0,5
claim,1018,default,215,20,20,113.05,6,4,87.88636363636364,32.666666666666664,170,89,28,28,0,E6,20,20,0.0,0.1,0,5
mas,1018,default,199,20,20,101.5,4,4,79.56818181818181,32.666666666666664,100,93,54,81,0,E6,20,20,0.0,0.1,0,5
mas_iterative,1018,default,204,20,20,103.6,4,4,80.6590909090909,32.666666666666664,99,109,54,81,0,E6,20,20,0.0,0.1,0,5
cbba,1018,default,203,20,20,103.65,4,4,81.93181818181819,32.666666666666664,110,105,565,3103,135,E6,20,20,0.0,0.1,0,5
claim,1019,default,163,20,20,88.15,2,4,77.2156862745098,32.0,59,43,22,22,0,E6,20,20,0.0,0.1,0,5
mas,1019,default,172,20,20,79.05,3,4,68.70588235294117,32.0,79,85,52,78,0,E6,20,20,0.0,0.1,0,5
mas_iterative,1019,default,168,20,20,78.25,1,4,68.05882352941177,32.0,49,102,50,75,0,E6,20,20,0.0,0.1,0,5
cbba,1019,default,158,20,20,78.75,1,4,67.74509803921569,32.0,49,58,634,3514,153,E6,20,20,0.0,0.1,0,5
claim,1020,default,214,20,20,104.75,6,4,85.91304347826087,28.5,230,87,30,30,0,E6,20,20,0.0,0.1,0,5
mas,1020,default,195,20,20,97.35,5,4,79.65217391304348,28.5,157,78,52,78,0,E6,20,20,0.0,0.1,0,5
mas_iterative,1020,default,199,20,20,96.55,5,4,78.65217391304348,28.5,140,113,56,84,0,E6,20,20,0.0,0.1,0,5
cbba,1020,default,199,20,20,96.55,5,4,78.65217391304348,28.5,140,113,581,3233,139,E6,20,20,0.0,0.1,0,5
claim,1021,default,165,20,20,82.85,3,4,69.1086956521739,35.666666666666664,75,81,23,23,0,E6,20,20,0.0,0.1,0,5
mas,1021,default,146,20,20,72.5,0,4,59.47826086956522,28.666666666666668,0,66,51,77,0,E6,20,20,0.0,0.1,0,5
mas_iterative,1021,default,155,20,20,71.65,1,4,58.76086956521739,28.333333333333332,16,94,52,78,0,E6,20,20,0.0,0.1,0,5
cbba,1021,default,155,20,20,71.65,1,4,58.76086956521739,28.333333333333332,16,94,533,2821,128,E6,20,20,0.0,0.1,0,5
claim,1022,default,226,20,20,105.95,8,4,87.92156862745098,42.25,330,44,33,33,0,E6,20,20,0.0,0.1,0,5
mas,1022,default,155,20,20,80.05,2,4,67.80392156862744,42.0,40,68,52,78,0,E6,20,20,0.0,0.1,0,5
mas_iterative,1022,default,158,20,20,79.7,3,4,67.19607843137256,41.25,58,70,54,81,0,E6,20,20,0.0,0.1,0,5
cbba,1022,default,181,20,20,81.5,3,4,68.25490196078431,36.5,67,116,552,2868,132,E6,20,20,0.0,0.1,0,5
claim,1023,default,204,20,20,104.9,4,4,89.96078431372548,38.0,129,121,25,25,0,E6,20,20,0.0,0.1,0,5
mas,1023,default,209,20,20,94.95,4,4,79.86274509803921,38.0,108,165,50,75,0,E6,20,20,0.0,0.1,0,5
mas_iterative,1023,default,209,20,20,94.65,4,4,79.56862745098039,38.0,107,166,54,81,0,E6,20,20,0.0,0.1,0,5
cbba,1023,default,202,20,20,93.45,4,4,78.11764705882354,38.0,117,145,472,2500,112,E6,20,20,0.0,0.1,0,5
claim,1024,default,214,20,20,132.2,4,4,116.44897959183673,54.333333333333336,256,83,30,30,0,E6,20,20,0.0,0.1,0,5
mas,1024,default,173,20,20,91.2,4,4,76.42857142857143,29.666666666666668,108,46,60,91,0,E6,20,20,0.0,0.1,0,5
mas_iterative,1024,default,172,20,20,89.1,3,4,74.9795918367347,29.0,73,80,52,79,0,E6,20,20,0.0,0.1,0,5
cbba,1024,default,178,20,20,92.05,3,4,76.79591836734694,29.0,125,56,481,2577,114,E6,20,20,0.0,0.1,0,5
claim,1025,default,196,20,20,96.6,8,4,76.18367346938776,40.5,284,38,30,30,0,E6,20,20,0.0,0.1,0,5
mas,1025,default,137,20,20,69.6,1,4,56.48979591836735,34.0,22,68,52,78,0,E6,20,20,0.0,0.1,0,5
mas_iterative,1025,default,138,20,20,70.15,3,4,56.87755102040816,33.5,31,69,50,75,0,E6,20,20,0.0,0.1,0,5
cbba,1025,default,136,20,20,67.45,2,4,54.775510204081634,37.5,41,78,558,2994,134,E6,20,20,0.0,0.1,0,5
claim,1026,default,175,20,20,100.95,3,4,86.18867924528301,46.833333333333336,93,41,23,23,0,E6,20,20,0.0,0.1,0,5
mas,1026,default,173,20,20,90.75,2,4,76.43396226415095,39.833333333333336,52,76,46,69,0,E6,20,20,0.0,0.1,0,5
mas_iterative,1026,default,173,20,20,90.55,2,4,76.24528301886792,39.666666666666664,53,75,50,75,0,E6,20,20,0.0,0.1,0,5
cbba,1026,default,164,20,20,83.95,2,4,70.16981132075472,40.833333333333336,41,66,514,2752,123,E6,20,20,0.0,0.1,0,5
claim,1027,default,216,20,20,121.35,5,4,102.34042553191489,54.5,234,119,28,28,0,E6,20,20,0.0,0.1,0,5
mas,1027,default,175,20,20,82.35,1,4,66.63829787234043,33.0,10,130,50,76,0,E6,20,20,0.0,0.1,0,5
mas_iterative,1027,default,174,20,20,81.3,1,4,65.61702127659575,32.25,10,126,52,79,0,E6,20,20,0.0,0.1,0,5
cbba,1027,default,174,20,20,81.3,1,4,65.61702127659575,32.25,10,126,517,2765,124,E6,20,20,0.0,0.1,0,5
claim,1028,default,260,20,20,152.05,7,4,129.5,43.0,358,111,34,34,0,E6,20,20,0.0,0.1,0,5
mas,1028,default,182,20,20,91.9,4,4,74.04545454545455,28.5,96,71,58,88,0,E6,20,20,0.0,0.1,0,5
mas_iterative,1028,default,188,20,20,89.3,5,4,71.6590909090909,27.5,116,88,62,94,0,E6,20,20,0.0,0.1,0,5
cbba,1028,default,190,20,20,93.9,4,4,74.1590909090909,27.5,129,100,557,2975,133,E6,20,20,0.0,0.1,0,5
claim,1030,default,165,20,20,90.6,5,4,73.76190476190476,43.5,131,48,25,25,0,E6,20,20,0.0,0.1,0,5
mas,1030,default,155,20,20,72.0,0,4,57.95238095238095,34.0,2,102,46,69,0,E6,20,20,0.0,0.1,0,5
mas_iterative,1030,default,154,20,20,71.3,0,4,57.285714285714285,33.5,0,98,48,72,0,E6,20,20,0.0,0.1,0,5
cbba,1030,default,154,20,20,71.3,0,4,57.285714285714285,33.5,0,98,516,2742,124,E6,20,20,0.0,0.1,0,5
claim,1031,default,205,20,20,107.15,8,4,89.63636363636364,49.714285714285715,255,49,34,34,0,E6,20,20,0.0,0.1,0,5
mas,1031,default,168,20,20,84.5,3,4,69.96363636363637,38.857142857142854,91,41,51,77,0,E6,20,20,0.0,0.1,0,5
mas_iterative,1031,default,171,20,20,83.25,1,4,69.16363636363636,38.285714285714285,29,97,46,69,0,E6,20,20,0.0,0.1,0,5
cbba,1031,default,171,20,20,83.25,1,4,69.16363636363636,38.285714285714285,29,97,549,2985,132,E6,20,20,0.0,0.1,0,5
claim,1032,default,197,20,20,99.7,7,4,83.25531914893617,34.0,166,122,28,28,0,E6,20,20,0.0,0.1,0,5
mas,1032,default,148,20,20,75.9,1,4,61.829787234042556,34.0,14,72,56,85,0,E6,20,20,0.0,0.1,0,5
mas_iterative,1032,default,143,20,20,73.5,0,4,60.276595744680854,33.5,0,61,51,77,0,E6,20,20,0.0,0.1,0,5
cbba,1032,default,143,20,20,73.5,0,4,60.276595744680854,33.5,0,61,500,2684,120,E6,20,20,0.0,0.1,0,5
claim,1033,default,199,20,20,101.5,5,4,86.79629629629629,50.4,136,52,26,26,0,E6,20,20,0.0,0.1,0,5
mas,1033,default,183,20,20,87.35,1,4,74.01851851851852,45.6,66,77,50,75,0,E6,20,20,0.0,0.1,0,5
mas_iterative,1033,default,179,20,20,85.65,2,4,72.5925925925926,45.0,65,68,56,84,0,E6,20,20,0.0,0.1,0,5
cbba,1033,default,179,20,20,85.65,2,4,72.5925925925926,45.0,65,68,454,2470,108,E6,20,20,0.0,0.1,0,5
claim,1034,default,187,20,20,93.8,3,4,74.84444444444445,48.5,89,92,23,23,0,E6,20,20,0.0,0.1,0,5
mas,1034,default,178,20,20,89.25,3,4,70.13333333333334,37.5,67,74,54,81,0,E6,20,20,0.0,0.1,0,5
mas_iterative,1034,default,177,20,20,88.55,3,4,69.57777777777778,37.0,67,71,52,78,0,E6,20,20,0.0,0.1,0,5
cbba,1034,default,177,20,20,86.05,3,4,67.4888888888889,36.5,67,87,579,3143,139,E6,20,20,0.0,0.1,0,5
claim,1035,default,208,20,20,111.1,7,4,95.46296296296296,41.2,219,101,30,30,0,E6,20,20,0.0,0.1,0,5
mas,1035,default,191,20,20,92.75,5,4,81.0925925925926,38.6,131,112,54,81,0,E6,20,20,0.0,0.1,0,5
mas_iterative,1035,default,190,20,20,92.5,5,4,80.88888888888889,38.6,131,108,54,81,0,E6,20,20,0.0,0.1,0,5
cbba,1035,default,178,20,20,92.15,4,4,81.22222222222223,38.8,147,24,622,3292,149,E6,20,20,0.0,0.1,0,5
claim,1036,default,207,20,20,112.1,7,4,92.12244897959184,44.5,192,53,28,28,0,E6,20,20,0.0,0.1,0,5
mas,1036,default,218,20,20,99.65,3,4,80.06122448979592,37.75,101,151,54,81,0,E6,20,20,0.0,0.1,0,5
mas_iterative,1036,default,195,20,20,96.1,4,4,78.28571428571429,37.5,112,60,50,75,0,E6,20,20,0.0,0.1,0,5
cbba,1036,default,195,20,20,96.1,4,4,78.28571428571429,37.5,112,60,612,3214,147,E6,20,20,0.0,0.1,0,5
claim,1037,default,199,20,20,99.6,6,4,77.3695652173913,43.2,159,99,26,26,0,E6,20,20,0.0,0.1,0,5
mas,1037,default,184,20,20,88.5,1,4,67.78260869565217,34.4,24,116,54,81,0,E6,20,20,0.0,0.1,0,5
mas_iterative,1037,default,179,20,20,86.4,0,4,66.3913043478261,33.8,1,118,52,78,0,E6,20,20,0.0,0.1,0,5
cbba,1037,default,179,20,20,86.4,0,4,66.3913043478261,33.8,1,118,577,3143,139,E6,20,20,0.0,0.1,0,5
claim,1038,default,203,20,20,100.5,8,4,84.15517241379311,46.166666666666664,263,34,33,33,0,E6,20,20,0.0,0.1,0,5
mas,1038,default,170,20,20,81.7,2,4,69.70689655172414,46.833333333333336,50,111,48,72,0,E6,20,20,0.0,0.1,0,5
mas_iterative,1038,default,162,20,20,81.15,3,4,69.39655172413794,46.5,63,77,50,75,0,E6,20,20,0.0,0.1,0,5
cbba,1038,default,176,20,20,87.8,2,4,75.48275862068965,50.166666666666664,82,107,548,2930,131,E6,20,20,0.0,0.1,0,5
claim,1039,default,192,20,20,87.85,3,4,74.26785714285714,39.666666666666664,110,105,25,25,0,E6,20,20,0.0,0.1,0,5
mas,1039,default,186,20,20,80.6,2,4,66.41071428571429,32.833333333333336,71,109,50,75,0,E6,20,20,0.0,0.1,0,5
mas_iterative,1039,default,181,20,20,79.85,2,4,65.73214285714286,32.5,59,99,50,75,0,E6,20,20,0.0,0.1,0,5
cbba,1039,default,181,20,20,79.85,2,4,65.73214285714286,32.5,59,99,578,3144,139,E6,20,20,0.0,0.1,0,5
claim,1040,default,172,20,20,96.2,5,4,85.53061224489795,46.0,109,75,25,25,0,E6,20,20,0.0,0.1,0,5
mas,1040,default,143,20,20,79.9,2,4,69.79591836734694,50.5,18,56,52,78,0,E6,20,20,0.0,0.1,0,5
mas_iterative,1040,default,152,20,20,81.1,3,4,70.0204081632653,50.0,52,61,54,81,0,E6,20,20,0.0,0.1,0,5
cbba,1040,default,152,20,20,81.1,3,4,70.0204081632653,50.0,52,61,580,3128,139,E6,20,20,0.0,0.1,0,5
claim,1041,default,168,20,20,87.35,3,4,72.06,36.5,78,67,23,23,0,E6,20,20,0.0,0.1,0,5
mas,1041,default,163,20,20,77.3,1,4,62.46,31.0,41,78,50,75,0,E6,20,20,0.0,0.1,0,5
mas_iterative,1041,default,170,20,20,79.6,3,4,63.44,30.75,68,107,58,87,0,E6,20,20,0.0,0.1,0,5
cbba,1041,default,163,20,20,78.6,2,4,63.24,30.75,52,98,522,2812,125,E6,20,20,0.0,0.1,0,5
claim,1042,default,169,20,20,80.2,2,4,66.25,38.2,57,122,22,22,0,E6,20,20,0.0,0.1,0,5
mas,1042,default,167,20,20,72.15,1,4,57.61538461538461,29.0,34,127,46,69,0,E6,20,20,0.0,0.1,0,5
mas_iterative,1042,default,167,20,20,71.7,1,4,57.17307692307692,28.6,35,126,48,72,0,E6,20,20,0.0,0.1,0,5
cbba,1042,default,167,20,20,71.7,1,4,57.17307692307692,28.6,35,126,597,3189,144,E6,20,20,0.0,0.1,0,5
claim,1043,default,173,20,20,86.15,5,4,68.52631578947368,31.0,92,100,26,26,0,E6,20,20,0.0,0.1,0,5
mas,1043,default,165,20,20,78.3,3,4,60.39473684210526,31.0,48,95,52,78,0,E6,20,20,0.0,0.1,0,5
mas_iterative,1043,default,165,20,20,78.45,3,4,59.94736842105263,31.0,59,95,50,75,0,E6,20,20,0.0,0.1,0,5
cbba,1043,default,165,20,20,78.45,3,4,59.94736842105263,31.0,59,95,563,3065,135,E6,20,20,0.0,0.1,0,5
claim,1044,default,179,20,20,88.0,4,4,77.96,45.5,86,135,24,24,0,E6,20,20,0.0,0.1,0,5
mas,1044,default,161,20,20,81.55,3,4,70.08,40.0,84,56,50,75,0,E6,20,20,0.0,0.1,0,5
mas_iterative,1044,default,153,20,20,74.05,0,4,64.5,39.5,0,92,48,72,0,E6,20,20,0.0,0.1,0,5
cbba,1044,default,153,20,20,74.05,0,4,64.5,39.5,0,92,460,2432,110,E6,20,20,0.0,0.1,0,5
claim,1045,default,200,20,20,95.25,2,4,78.53846153846153,39.0,57,117,22,22,0,E6,20,20,0.0,0.1,0,5
mas,1045,default,196,20,20,87.7,1,4,72.78846153846153,32.25,39,134,50,75,0,E6,20,20,0.0,0.1,0,5
mas_iterative,1045,default,199,20,20,85.2,2,4,70.28846153846153,32.0,79,101,54,81,0,E6,20,20,0.0,0.1,0,5
cbba,1045,default,191,20,20,84.65,2,4,69.96153846153847,32.0,108,46,520,2644,124,E6,20,20,0.0,0.1,0,5
claim,1046,default,211,20,20,117.0,7,4,101.37735849056604,57.4,234,87,31,31,0,E6,20,20,0.0,0.1,0,5
mas,1046,default,175,20,20,83.8,2,4,70.0754716981132,34.8,73,73,56,85,0,E6,20,20,0.0,0.1,0,5
mas_iterative,1046,default,183,20,20,86.8,4,4,72.0,33.8,92,39,60,91,0,E6,20,20,0.0,0.1,0,5
cbba,1046,default,183,20,20,86.8,4,4,72.0,33.8,92,39,584,3138,140,E6,20,20,0.0,0.1,0,5
claim,1047,default,154,20,20,83.8,5,4,70.57777777777778,43.0,96,56,26,26,0,E6,20,20,0.0,0.1,0,5
mas,1047,default,161,20,20,80.75,3,4,66.31111111111112,31.0,83,108,50,75,0,E6,20,20,0.0,0.1,0,5
mas_iterative,1047,default,161,20,20,80.6,3,4,66.13333333333334,30.5,85,106,50,75,0,E6,20,20,0.0,0.1,0,5
cbba,1047,default,150,20,20,77.9,4,4,64.08888888888889,28.0,71,65,520,2744,124,E6,20,20,0.0,0.1,0,5
claim,1048,default,229,20,20,126.85,6,4,110.85106382978724,56.0,281,99,30,30,0,E6,20,20,0.0,0.1,0,5
mas,1048,default,172,20,20,86.2,1,4,75.85106382978724,45.0,32,100,49,74,0,E6,20,20,0.0,0.1,0,5
mas_iterative,1048,default,173,20,20,86.45,2,4,75.76595744680851,45.0,39,102,51,77,0,E6,20,20,0.0,0.1,0,5
cbba,1048,default,170,20,20,84.45,2,4,72.53191489361703,30.0,42,85,598,3242,144,E6,20,20,0.0,0.1,0,5
claim,1049,default,267,20,20,118.8,10,4,102.96363636363637,39.333333333333336,350,146,34,34,0,E6,20,20,0.0,0.1,0,5
mas,1049,default,189,20,20,92.9,3,4,80.9090909090909,32.0,85,82,54,81,0,E6,20,20,0.0,0.1,0,5
mas_iterative,1049,default,192,20,20,90.35,4,4,78.50909090909092,31.666666666666668,106,71,58,87,0,E6,20,20,0.0,0.1,0,5
cbba,1049,default,192,20,20,93.35,4,4,81.18181818181819,31.666666666666668,118,76,521,2789,124,E6,20,20,0.0,0.1,0,5
claim,1050,default,209,20,20,102.8,6,4,84.41666666666667,44.5,205,92,27,27,0,E6,20,20,0.0,0.1,0,5
mas,1050,default,182,20,20,91.65,2,4,76.54166666666667,44.0,57,114,46,69,0,E6,20,20,0.0,0.1,0,5
mas_iterative,1050,default,182,20,20,91.4,2,4,76.35416666666667,44.0,57,114,46,69,0,E6,20,20,0.0,0.1,0,5
cbba,1050,default,182,20,20,91.4,2,4,76.35416666666667,44.0,57,114,526,2764,126,E6,20,20,0.0,0.1,0,5
claim,1051,default,247,20,20,121.95,9,4,98.93333333333334,38.5,306,134,33,33,0,E6,20,20,0.0,0.1,0,5
mas,1051,default,167,20,20,83.55,0,4,69.17777777777778,28.5,0,88,44,66,0,E6,20,20,0.0,0.1,0,5
mas_iterative,1051,default,167,20,20,83.05,0,4,68.71111111111111,28.0,0,88,48,72,0,E6,20,20,0.0,0.1,0,5
cbba,1051,default,167,20,20,83.05,0,4,68.71111111111111,28.0,0,88,516,2776,124,E6,20,20,0.0,0.1,0,5
claim,1052,default,207,20,20,110.1,7,4,93.3913043478261,41.0,292,40,33,33,0,E6,20,20,0.0,0.1,0,5
mas,1052,default,185,20,20,84.2,3,4,70.3913043478261,29.0,79,129,52,79,0,E6,20,20,0.0,0.1,0,5
mas_iterative,1052,default,169,20,20,84.45,3,4,70.76086956521739,28.0,45,88,56,85,0,E6,20,20,0.0,0.1,0,5
cbba,1052,default,178,20,20,84.75,2,4,71.30434782608695,28.0,75,110,531,2867,127,E6,20,20,0.0,0.1,0,5
claim,1053,default,202,20,20,97.75,9,4,84.68627450980392,41.8,269,48,31,31,0,E6,20,20,0.0,0.1,0,5
mas,1053,default,139,20,20,75.3,1,4,64.03921568627452,37.8,21,35,48,72,0,E6,20,20,0.0,0.1,0,5
mas_iterative,1053,default,143,20,20,75.45,2,4,64.3921568627451,37.6,34,40,58,88,0,E6,20,20,0.0,0.1,0,5
cbba,1053,default,143,20,20,75.45,2,4,64.3921568627451,37.6,34,40,550,3042,132,E6,20,20,0.0,0.1,0,5
claim,1054,default,218,20,20,118.1,4,4,101.97727272727273,41.0,170,118,26,26,0,E6,20,20,0.0,0.1,0,5
mas,1054,default,181,20,20,88.15,2,4,75.04545454545455,28.5,33,97,50,75,0,E6,20,20,0.0,0.1,0,5
mas_iterative,1054,default,180,20,20,87.6,2,4,74.5,28.0,34,92,52,78,0,E6,20,20,0.0,0.1,0,5
cbba,1054,default,180,20,20,87.6,2,4,74.5,28.0,34,92,618,3376,149,E6,20,20,0.0,0.1,0,5
claim,1055,default,171,20,20,94.2,3,4,83.01886792452831,42.5,98,72,24,24,0,E6,20,20,0.0,0.1,0,5
mas,1055,default,161,20,20,85.25,2,4,74.56603773584905,40.5,54,74,46,69,0,E6,20,20,0.0,0.1,0,5
mas_iterative,1055,default,160,20,20,84.85,2,4,74.15094339622641,40.25,53,71,46,69,0,E6,20,20,0.0,0.1,0,5
cbba,1055,default,158,20,20,79.5,2,4,68.71698113207547,33.25,24,78,478,2524,114,E6,20,20,0.0,0.1,0,5
claim,1056,default,178,20,20,88.55,4,4,73.98113207547169,44.4,111,124,24,24,0,E6,20,20,0.0,0.1,0,5
mas,1056,default,168,20,20,82.05,2,4,68.67924528301887,40.2,56,111,46,69,0,E6,20,20,0.0,0.1,0,5
mas_iterative,1056,default,173,20,20,82.6,3,4,68.84905660377359,40.0,63,120,48,72,0,E6,20,20,0.0,0.1,0,5
cbba,1056,default,173,20,20,82.6,3,4,68.84905660377359,40.0,63,120,655,3521,158,E6,20,20,0.0,0.1,0,5
claim,1057,default,187,20,20,97.9,4,4,82.05263157894737,45.333333333333336,165,49,25,25,0,E6,20,20,0.0,0.1,0,5
mas,1057,default,166,20,20,86.6,1,4,73.6140350877193,38.5,29,77,51,77,0,E6,20,20,0.0,0.1,0,5
mas_iterative,1057,default,183,20,20,87.45,2,4,73.73684210526316,38.0,69,106,48,72,0,E6,20,20,0.0,0.1,0,5
cbba,1057,default,183,20,20,87.45,2,4,73.73684210526316,38.0,69,106,562,3018,135,E6,20,20,0.0,0.1,0,5
claim,1058,default,205,20,20,107.45,4,4,92.82352941176471,41.0,111,105,24,24,0,E6,20,20,0.0,0.1,0,5
mas,1058,default,182,20,20,91.65,3,4,78.2156862745098,31.25,74,33,58,87,0,E6,20,20,0.0,0.1,0,5
mas_iterative,1058,default,186,20,20,92.3,3,4,78.58823529411765,31.0,76,77,58,87,0,E6,20,20,0.0,0.1,0,5
cbba,1058,default,186,20,20,92.3,3,4,78.58823529411765,31.0,76,77,560,3026,134,E6,20,20,0.0,0.1,0,5
claim,1059,default,182,20,20,85.7,5,4,72.5576923076923,45.6,155,76,28,28,0,E6,20,20,0.0,0.1,0,5
mas,1059,default,165,20,20,76.4,2,4,63.09615384615385,35.4,68,103,60,90,0,E6,20,20,0.0,0.1,0,5
mas_iterative,1059,default,161,20,20,74.05,1,4,61.32692307692308,34.6,45,102,50,75,0,E6,20,20,0.0,0.1,0,5
cbba,1059,default,161,20,20,74.05,1,4,61.32692307692308,34.6,45,102,594,3208,143,E6,20,20,0.0,0.1,0,5
claim,1060,default,168,20,20,80.3,3,4,66.65217391304348,41.0,65,128,23,23,0,E6,20,20,0.0,0.1,0,5
mas,1060,default,160,20,20,71.35,2,4,57.54347826086956,33.333333333333336,83,66,57,86,0,E6,20,20,0.0,0.1,0,5
mas_iterative,1060,default,159,20,20,69.8,2,4,56.45652173913044,33.0,63,108,57,86,0,E6,20,20,0.0,0.1,0,5
cbba,1060,default,159,20,20,69.8,2,4,56.45652173913044,33.0,63,108,515,2673,123,E6,20,20,0.0,0.1,0,5
claim,1061,default,187,20,20,92.2,4,4,80.5625,48.333333333333336,129,56,25,25,0,E6,20,20,0.0,0.1,0,5
mas,1061,default,169,20,20,81.15,1,4,69.66666666666667,32.0,28,68,52,78,0,E6,20,20,0.0,0.1,0,5
mas_iterative,1061,default,168,20,20,80.45,1,4,68.89583333333333,31.333333333333332,50,43,55,83,0,E6,20,20,0.0,0.1,0,5
cbba,1061,default,168,20,20,80.45,1,4,68.89583333333333,31.333333333333332,50,43,542,2828,130,E6,20,20,0.0,0.1,0,5
claim,1062,default,216,20,20,108.35,8,4,96.77966101694915,46.2,234,61,32,32,0,E6,20,20,0.0,0.1,0,5
mas,1062,default,182,20,20,90.3,1,4,80.89830508474576,41.2,32,108,44,66,0,E6,20,20,0.0,0.1,0,5
mas_iterative,1062,default,181,20,20,90.0,1,4,80.61016949152543,40.8,32,104,46,69,0,E6,20,20,0.0,0.1,0,5
cbba,1062,default,181,20,20,90.0,1,4,80.61016949152543,40.8,32,104,549,2951,132,E6,20,20,0.0,0.1,0,5
claim,1063,default,184,20,20,103.3,3,4,89.33962264150944,50.4,184,93,26,26,0,E6,20,20,0.0,0.1,0,5
mas,1063,default,156,20,20,73.4,2,4,62.528301886792455,35.6,48,112,49,74,0,E6,20,20,0.0,0.1,0,5
mas_iterative,1063,default,155,20,20,72.7,2,4,61.716981132075475,34.4,50,106,53,80,0,E6,20,20,0.0,0.1,0,5
cbba,1063,default,155,20,20,72.7,2,4,61.716981132075475,34.4,50,106,542,2964,130,E6,20,20,0.0,0.1,0,5
claim,1064,default,169,20,20,80.05,3,4,67.82142857142857,48.833333333333336,109,59,26,26,0,E6,20,20,0.0,0.1,0,5
mas,1064,default,164,20,20,74.3,2,4,62.44642857142857,46.666666666666664,65,100,48,72,0,E6,20,20,0.0,0.1,0,5
mas_iterative,1064,default,161,20,20,73.6,1,4,61.892857142857146,46.333333333333336,29,123,48,72,0,E6,20,20,0.0,0.1,0,5
cbba,1064,default,149,20,20,70.7,2,4,58.232142857142854,41.166666666666664,61,58,514,2704,123,E6,20,20,0.0,0.1,0,5
claim,1065,default,153,20,20,76.5,4,4,65.60416666666667,38.0,105,107,25,25,0,E6,20,20,0.0,0.1,0,5
mas,1065,default,137,20,20,66.0,1,4,56.520833333333336,34.333333333333336,20,94,53,80,0,E6,20,20,0.0,0.1,0,5
mas_iterative,1065,default,136,20,20,65.0,1,4,55.625,31.666666666666668,11,88,50,75,0,E6,20,20,0.0,0.1,0,5
cbba,1065,default,136,20,20,65.0,1,4,55.625,31.666666666666668,11,88,485,2597,116,E6,20,20,0.0,0.1,0,5
claim,1066,default,166,20,20,89.25,4,4,74.0,41.285714285714285,100,42,24,24,0,E6,20,20,0.0,0.1,0,5
mas,1066,default,144,20,20,75.1,2,4,62.763636363636365,38.285714285714285,21,45,52,78,0,E6,20,20,0.0,0.1,0,5
mas_iterative,1066,default,147,20,20,76.05,2,4,62.236363636363635,37.0,30,49,52,78,0,E6,20,20,0.0,0.1,0,5
cbba,1066,default,147,20,20,76.05,2,4,62.236363636363635,37.0,30,49,478,2540,114,E6,20,20,0.0,0.1,0,5
claim,1067,default,255,20,20,124.55,10,4,100.16666666666667,41.0,434,43,34,34,0,E6,20,20,0.0,0.1,0,5
mas,1067,default,175,20,20,88.9,0,4,73.97916666666667,31.0,0,85,46,69,0,E6,20,20,0.0,0.1,0,5
mas_iterative,1067,default,174,20,20,88.15,0,4,73.29166666666667,30.5,0,81,44,66,0,E6,20,20,0.0,0.1,0,5
cbba,1067,default,182,20,20,90.75,4,4,75.27083333333333,35.5,74,87,532,2834,127,E6,20,20,0.0,0.1,0,5
claim,1068,default,191,20,20,93.45,7,4,79.9074074074074,38.0,182,83,29,29,0,E6,20,20,0.0,0.1,0,5
mas,1068,default,187,20,20,82.9,4,4,69.81481481481481,28.6,83,131,62,93,0,E6,20,20,0.0,0.1,0,5
mas_iterative,1068,default,184,20,20,83.35,5,4,69.72222222222223,28.2,126,85,60,90,0,E6,20,20,0.0,0.1,0,5
cbba,1068,default,186,20,20,78.55,3,4,65.25925925925925,28.2,72,125,443,2373,105,E6,20,20,0.0,0.1,0,5
claim,1069,default,186,20,20,92.45,8,4,78.0,44.6,152,90,28,28,0,E6,20,20,0.0,0.1,0,5
mas,1069,default,166,20,20,77.5,1,4,64.51923076923077,32.0,3,125,54,81,0,E6,20,20,0.0,0.1,0,5
mas_iterative,1069,default,164,20,20,80.15,2,4,66.5,31.2,38,95,50,75,0,E6,20,20,0.0,0.1,0,5
cbba,1069,default,162,20,20,79.65,2,4,66.11538461538461,31.2,38,89,482,2576,115,E6,20,20,0.0,0.1,0,5
claim,1070,default,185,20,20,94.45,8,4,82.36065573770492,47.42857142857143,201,37,30,30,0,E6,20,20,0.0,0.1,0,5
mas,1070,default,172,20,20,88.75,3,4,77.22950819672131,42.57142857142857,80,83,48,72,0,E6,20,20,0.0,0.1,0,5
mas_iterative,1070,default,172,20,20,88.7,3,4,77.1639344262295,42.42857142857143,81,82,48,72,0,E6,20,20,0.0,0.1,0,5
cbba,1070,default,166,20,20,81.7,2,4,70.55737704918033,39.57142857142857,13,83,494,2652,118,E6,20,20,0.0,0.1,0,5
claim,1071,default,229,20,20,122.1,8,4,96.88235294117646,39.4,265,99,31,31,0,E6,20,20,0.0,0.1,0,5
mas,1071,default,182,20,20,89.95,4,4,70.68627450980392,33.8,74,110,56,84,0,E6,20,20,0.0,0.1,0,5
mas_iterative,1071,default,171,20,20,86.0,4,4,68.31372549019608,33.4,68,82,52,78,0,E6,20,20,0.0,0.1,0,5
cbba,1071,default,183,20,20,85.9,3,4,67.45098039215686,33.4,56,121,528,2838,126,E6,20,20,0.0,0.1,0,5
claim,1072,default,219,20,20,118.15,6,4,107.92727272727272,62.75,365,59,35,35,0,E6,20,20,0.0,0.1,0,5
mas,1072,default,172,20,20,83.6,6,4,75.72727272727273,40.0,143,99,61,92,0,E6,20,20,0.0,0.1,0,5
mas_iterative,1072,default,151,20,20,80.0,3,4,72.9090909090909,39.25,84,71,51,77,0,E6,20,20,0.0,0.1,0,5
cbba,1072,default,140,20,20,70.8,3,4,64.01818181818182,34.5,67,59,571,3071,137,E6,20,20,0.0,0.1,0,5
claim,1073,default,178,20,20,89.75,4,4,75.57142857142857,39.0,105,123,24,24,0,E6,20,20,0.0,0.1,0,5
mas,1073,default,157,20,20,82.65,2,4,70.65306122448979,39.0,46,84,46,69,0,E6,20,20,0.0,0.1,0,5
mas_iterative,1073,default,157,20,20,82.45,2,4,70.46938775510205,39.0,47,83,48,72,0,E6,20,20,0.0,0.1,0,5
cbba,1073,default,157,20,20,82.45,2,4,70.46938775510205,39.0,47,83,530,2848,127,E6,20,20,0.0,0.1,0,5
claim,1074,default,175,20,20,94.6,3,4,80.42307692307692,45.0,86,92,23,23,0,E6,20,20,0.0,0.1,0,5
mas,1074,default,175,20,20,94.6,3,4,80.42307692307692,45.0,86,92,46,69,0,E6,20,20,0.0,0.1,0,5
mas_iterative,1074,default,175,20,20,94.6,3,4,80.42307692307692,45.0,86,92,46,69,0,E6,20,20,0.0,0.1,0,5
cbba,1074,default,166,20,20,82.05,2,4,68.71153846153847,43.6,57,101,558,3006,134,E6,20,20,0.0,0.1,0,5
claim,1075,default,195,20,20,101.8,4,4,81.1063829787234,43.0,126,91,25,25,0,E6,20,20,0.0,0.1,0,5
mas,1075,default,187,20,20,91.95,2,4,73.65957446808511,35.666666666666664,46,121,46,69,0,E6,20,20,0.0,0.1,0,5
mas_iterative,1075,default,186,20,20,91.7,2,4,73.38297872340425,35.333333333333336,46,117,48,72,0,E6,20,20,0.0,0.1,0,5
cbba,1075,default,198,20,20,93.1,3,4,73.8936170212766,35.333333333333336,69,137,591,3205,142,E6,20,20,0.0,0.1,0,5
claim,1076,default,204,20,20,102.3,3,4,83.85416666666667,44.0,96,124,25,25,0,E6,20,20,0.0,0.1,0,5
mas,1076,default,184,20,20,96.5,3,4,75.41666666666667,37.4,76,83,54,81,0,E6,20,20,0.0,0.1,0,5
mas_iterative,1076,default,184,20,20,96.25,3,4,75.16666666666667,37.0,76,82,59,89,0,E6,20,20,0.0,0.1,0,5
cbba,1076,default,210,20,20,94.8,4,4,74.08333333333333,32.6,98,134,593,3171,142,E6,20,20,0.0,0.1,0,5
claim,1077,default,176,20,20,90.35,3,4,73.50909090909092,45.75,67,95,23,23,0,E6,20,20,0.0,0.1,0,5
mas,1077,default,156,20,20,77.15,0,4,62.36363636363637,41.375,0,80,44,66,0,E6,20,20,0.0,0.1,0,5
mas_iterative,1077,default,157,20,20,76.25,0,4,62.018181818181816,41.0,0,84,46,69,0,E6,20,20,0.0,0.1,0,5
cbba,1077,default,155,20,20,76.7,0,4,61.89090909090909,41.0,0,76,568,3038,137,E6,20,20,0.0,0.1,0,5
claim,1078,default,176,20,20,94.0,3,4,77.02173913043478,40.666666666666664,77,97,23,23,0,E6,20,20,0.0,0.1,0,5
mas,1078,default,167,20,20,83.35,2,4,67.30434782608695,40.666666666666664,44,101,54,81,0,E6,20,20,0.0,0.1,0,5
mas_iterative,1078,default,161,20,20,81.75,1,4,66.23913043478261,40.333333333333336,29,91,48,72,0,E6,20,20,0.0,0.1,0,5
cbba,1078,default,161,20,20,81.75,1,4,66.23913043478261,40.333333333333336,29,91,493,2651,118,E6,20,20,0.0,0.1,0,5
claim,1079,default,170,20,20,92.1,4,4,74.92,38.5,111,83,25,25,0,E6,20,20,0.0,0.1,0,5
mas,1079,default,181,20,20,91.95,7,4,73.7,32.0,164,92,66,99,0,E6,20,20,0.0,0.1,0,5
mas_iterative,1079,default,180,20,20,92.45,8,4,73.86,31.75,188,56,68,102,0,E6,20,20,0.0,0.1,0,5
cbba,1079,default,152,20,20,80.3,5,4,64.5,28.5,45,41,510,2674,121,E6,20,20,0.0,0.1,0,5
claim,1080,default,174,20,20,88.3,7,4,75.28888888888889,36.0,132,54,27,27,0,E6,20,20,0.0,0.1,0,5
mas,1080,default,158,20,20,75.8,2,4,65.5111111111111,35.333333333333336,53,89,53,80,0,E6,20,20,0.0,0.1,0,5
mas_iterative,1080,default,167,20,20,74.35,3,4,63.71111111111111,35.666666666666664,80,99,56,84,0,E6,20,20,0.0,0.1,0,5
cbba,1080,default,167,20,20,74.35,3,4,63.71111111111111,35.666666666666664,80,99,471,2417,112,E6,20,20,0.0,0.1,0,5
claim,1081,default,169,20,20,90.4,3,4,73.72340425531915,29.333333333333332,80,70,23,23,0,E6,20,20,0.0,0.1,0,5
mas,1081,default,158,20,20,81.6,2,4,65.87234042553192,29.333333333333332,41,70,46,69,0,E6,20,20,0.0,0.1,0,5
mas_iterative,1081,default,157,20,20,81.3,2,4,65.61702127659575,29.333333333333332,41,66,46,69,0,E6,20,20,0.0,0.1,0,5
cbba,1081,default,156,20,20,77.0,1,4,62.765957446808514,29.333333333333332,10,86,589,3187,142,E6,20,20,0.0,0.1,0,5
claim,1082,default,188,20,20,94.8,8,4,75.72916666666667,35.25,162,72,30,30,0,E6,20,20,0.0,0.1,0,5
mas,1082,default,192,20,20,89.2,4,4,70.02083333333333,28.25,101,128,56,84,0,E6,20,20,0.0,0.1,0,5
mas_iterative,1082,default,192,20,20,88.25,4,4,69.1875,27.5,104,125,58,87,0,E6,20,20,0.0,0.1,0,5
cbba,1082,default,168,20,20,88.3,4,4,69.64583333333333,27.5,84,50,513,2777,122,E6,20,20,0.0,0.1,0,5
claim,1083,default,211,20,20,97.7,5,4,77.35555555555555,35.75,185,103,26,26,0,E6,20,20,0.0,0.1,0,5
mas,1083,default,174,20,20,87.85,2,4,71.88888888888889,35.75,57,79,46,69,0,E6,20,20,0.0,0.1,0,5
mas_iterative,1083,default,174,20,20,87.65,2,4,71.75555555555556,35.75,57,79,48,72,0,E6,20,20,0.0,0.1,0,5
cbba,1083,default,160,20,20,75.95,1,4,61.0,29.75,6,73,453,2399,108,E6,20,20,0.0,0.1,0,5
claim,1084,default,209,20,20,106.1,7,4,93.07142857142857,51.666666666666664,187,100,29,29,0,E6,20,20,0.0,0.1,0,5
mas,1084,default,175,20,20,89.4,1,4,78.67857142857143,44.666666666666664,29,99,46,69,0,E6,20,20,0.0,0.1,0,5
mas_iterative,1084,default,175,20,20,88.95,1,4,78.25,44.333333333333336,29,99,48,72,0,E6,20,20,0.0,0.1,0,5
cbba,1084,default,177,20,20,83.25,1,4,72.125,37.5,13,128,545,2953,131,E6,20,20,0.0,0.1,0,5
claim,1085,default,172,20,20,91.35,7,4,75.23529411764706,36.5,185,68,27,27,0,E6,20,20,0.0,0.1,0,5
mas,1085,default,154,20,20,69.5,0,4,58.8235294117647,32.0,0,117,50,75,0,E6,20,20,0.0,0.1,0,5
mas_iterative,1085,default,144,20,20,73.4,2,4,60.490196078431374,31.75,56,39,52,78,0,E6,20,20,0.0,0.1,0,5
cbba,1085,default,156,20,20,71.3,3,4,59.490196078431374,31.75,38,68,539,2889,129,E6,20,20,0.0,0.1,0,5
claim,1086,default,171,20,20,87.25,4,4,73.8125,39.25,92,111,24,24,0,E6,20,20,0.0,0.1,0,5
mas,1086,default,147,20,20,72.75,1,4,59.979166666666664,34.0,34,76,50,75,0,E6,20,20,0.0,0.1,0,5
mas_iterative,1086,default,141,20,20,73.1,2,4,59.8125,33.75,61,31,50,75,0,E6,20,20,0.0,0.1,0,5
cbba,1086,default,141,20,20,73.1,2,4,59.8125,33.75,61,31,610,3392,147,E6,20,20,0.0,0.1,0,5
claim,1087,default,175,20,20,77.05,7,4,65.63414634146342,30.0,222,32,30,30,0,E6,20,20,0.0,0.1,0,5
mas,1087,default,141,20,20,64.55,2,4,55.75609756097561,30.0,19,99,54,81,0,E6,20,20,0.0,0.1,0,5
mas_iterative,1087,default,140,20,20,65.5,3,4,56.48780487804878,30.0,28,90,54,81,0,E6,20,20,0.0,0.1,0,5
cbba,1087,default,140,20,20,65.5,3,4,56.48780487804878,30.0,28,90,507,2669,121,E6,20,20,0.0,0.1,0,5
claim,1088,default,225,20,20,107.7,8,4,88.04347826086956,49.0,377,102,36,36,0,E6,20,20,0.0,0.1,0,5
mas,1088,default,142,20,20,65.4,0,4,52.91304347826087,36.25,0,116,48,73,0,E6,20,20,0.0,0.1,0,5
mas_iterative,1088,default,148,20,20,65.75,3,4,52.65217391304348,35.5,67,83,61,93,0,E6,20,20,0.0,0.1,0,5
cbba,1088,default,148,20,20,65.75,3,4,52.65217391304348,35.5,67,83,604,3208,145,E6,20,20,0.0,0.1,0,5
claim,1090,default,197,20,20,93.2,5,4,78.33333333333333,27.0,158,89,28,28,0,E6,20,20,0.0,0.1,0,5
mas,1090,default,152,20,20,71.95,0,4,60.07692307692308,27.0,0,86,44,66,0,E6,20,20,0.0,0.1,0,5
mas_iterative,1090,default,152,20,20,71.5,0,4,59.64102564102564,27.0,0,86,46,69,0,E6,20,20,0.0,0.1,0,5
cbba,1090,default,152,20,20,71.5,0,4,59.64102564102564,27.0,0,86,564,3040,136,E6,20,20,0.0,0.1,0,5
claim,1091,default,229,20,20,107.3,6,4,89.72340425531915,47.0,269,54,28,28,0,E6,20,20,0.0,0.1,0,5
mas,1091,default,183,20,20,91.55,1,4,75.68085106382979,40.0,23,105,48,72,0,E6,20,20,0.0,0.1,0,5
mas_iterative,1091,default,182,20,20,90.95,1,4,75.14893617021276,39.5,23,101,50,75,0,E6,20,20,0.0,0.1,0,5
cbba,1091,default,182,20,20,90.95,1,4,75.14893617021276,39.5,23,101,549,2983,132,E6,20,20,0.0,0.1,0,5
claim,1092,default,153,20,20,87.85,3,4,79.61538461538461,37.666666666666664,87,64,23,23,0,E6,20,20,0.0,0.1,0,5
mas,1092,default,141,20,20,77.3,1,4,69.40384615384616,37.666666666666664,30,66,46,69,0,E6,20,20,0.0,0.1,0,5
mas_iterative,1092,default,141,20,20,76.85,1,4,68.96153846153847,37.666666666666664,30,66,48,72,0,E6,20,20,0.0,0.1,0,5
cbba,1092,default,135,20,20,70.2,0,4,62.44230769230769,28.0,0,68,556,2996,134,E6,20,20,0.0,0.1,0,5
claim,1093,default,178,20,20,89.0,2,4,76.8076923076923,35.0,57,96,22,22,0,E6,20,20,0.0,0.1,0,5
mas,1093,default,154,20,20,81.0,2,4,67.96153846153847,28.0,45,24,54,81,0,E6,20,20,0.0,0.1,0,5
mas_iterative,1093,default,157,20,20,80.2,1,4,67.09615384615384,27.666666666666668,35,51,52,78,0,E6,20,20,0.0,0.1,0,5
cbba,1093,default,157,20,20,80.2,1,4,67.09615384615384,27.666666666666668,35,51,509,2685,122,E6,20,20,0.0,0.1,0,5
claim,1094,default,281,20,20,153.65,10,4,135.03773584905662,51.333333333333336,534,61,42,42,0,E6,20,20,0.0,0.1,0,5
mas,1094,default,179,20,20,85.85,2,4,74.50943396226415,30.333333333333332,45,96,52,79,0,E6,20,20,0.0,0.1,0,5
mas_iterative,1094,default,168,20,20,82.4,0,4,71.58490566037736,29.666666666666668,0,66,48,73,0,E6,20,20,0.0,0.1,0,5
cbba,1094,default,168,20,20,82.4,0,4,71.58490566037736,29.666666666666668,0,66,556,3014,134,E6,20,20,0.0,0.1,0,5
claim,1095,default,207,20,20,92.95,7,4,79.29824561403508,39.333333333333336,275,42,32,32,0,E6,20,20,0.0,0.1,0,5
mas,1095,default,168,20,20,74.5,1,4,65.3157894736842,37.5,15,137,50,75,0,E6,20,20,0.0,0.1,0,5
mas_iterative,1095,default,166,20,20,73.85,0,4,63.78947368421053,36.833333333333336,0,134,50,75,0,E6,20,20,0.0,0.1,0,5
cbba,1095,default,166,20,20,73.85,0,4,63.78947368421053,36.833333333333336,0,134,520,2770,125,E6,20,20,0.0,0.1,0,5
claim,1096,default,220,20,20,110.1,5,4,87.16666666666667,43.2,139,117,26,26,0,E6,20,20,0.0,0.1,0,5
mas,1096,default,185,20,20,89.8,0,4,70.125,38.4,0,104,52,78,0,E6,20,20,0.0,0.1,0,5
mas_iterative,1096,default,190,20,20,89.45,1,4,69.375,37.8,35,90,50,75,0,E6,20,20,0.0,0.1,0,5
cbba,1096,default,190,20,20,89.45,1,4,69.375,37.8,35,90,589,3177,142,E6,20,20,0.0,0.1,0,5
claim,1097,default,186,20,20,93.15,5,4,73.81818181818181,38.0,143,37,28,28,0,E6,20,20,0.0,0.1,0,5
mas,1097,default,174,20,20,81.05,1,4,62.81818181818182,32.5,28,114,50,75,0,E6,20,20,0.0,0.1,0,5
mas_iterative,1097,default,174,20,20,82.8,1,4,64.04545454545455,32.25,32,110,50,75,0,E6,20,20,0.0,0.1,0,5
cbba,1097,default,171,20,20,80.4,1,4,62.31818181818182,32.25,13,111,501,2673,120,E6,20,20,0.0,0.1,0,5
claim,1098,default,216,20,20,104.7,6,4,85.84313725490196,44.166666666666664,192,79,28,28,0,E6,20,20,0.0,0.1,0,5
mas,1098,default,195,20,20,97.25,4,4,79.49019607843137,40.0,97,89,52,78,0,E6,20,20,0.0,0.1,0,5
mas_iterative,1098,default,181,20,20,90.8,2,4,74.74509803921569,39.833333333333336,37,73,52,78,0,E6,20,20,0.0,0.1,0,5
cbba,1098,default,194,20,20,97.1,4,4,79.33333333333333,39.833333333333336,98,84,524,2818,125,E6,20,20,0.0,0.1,0,5
claim,1099,default,186,20,20,100.5,5,4,82.91489361702128,39.666666666666664,143,95,26,26,0,E6,20,20,0.0,0.1,0,5
mas,1099,default,155,20,20,77.65,0,4,63.93617021276596,33.333333333333336,0,92,44,66,0,E6,20,20,0.0,0.1,0,5
mas_iterative,1099,default,154,20,20,77.15,0,4,63.4468085106383,33.0,0,88,44,66,0,E6,20,20,0.0,0.1,0,5
cbba,1099,default,154,20,20,77.15,0,4,63.4468085106383,33.0,0,88,604,3278,146,E6,20,20,0.0,0.1,0,5
claim,1101,default,209,20,20,111.9,7,4,88.22448979591837,49.8,187,72,27,27,0,E6,20,20,0.0,0.1,0,5
mas,1101,default,207,20,20,99.25,4,4,77.57142857142857,41.0,99,115,50,75,0,E6,20,20,0.0,0.1,0,5
mas_iterative,1101,default,207,20,20,99.2,4,4,77.48979591836735,40.8,100,114,50,75,0,E6,20,20,0.0,0.1,0,5
cbba,1101,default,201,20,20,99.45,3,4,75.18367346938776,35.4,109,86,556,3014,133,E6,20,20,0.0,0.1,0,5
claim,1102,default,164,20,20,88.1,6,4,77.44067796610169,51.166666666666664,133,25,27,27,0,E6,20,20,0.0,0.1,0,5
mas,1102,default,155,20,20,83.45,3,4,73.42372881355932,47.0,67,70,50,75,0,E6,20,20,0.0,0.1,0,5
mas_iterative,1102,default,154,20,20,82.15,3,4,72.32203389830508,46.833333333333336,65,72,52,78,0,E6,20,20,0.0,0.1,0,5
cbba,1102,default,162,20,20,76.75,2,4,67.30508474576271,40.666666666666664,20,132,542,2940,130,E6,20,20,0.0,0.1,0,5
claim,1103,default,206,20,20,114.9,6,4,100.87037037037037,43.5,211,96,29,29,0,E6,20,20,0.0,0.1,0,5
mas,1103,default,163,20,20,83.9,1,4,72.33333333333333,34.0,36,81,44,66,0,E6,20,20,0.0,0.1,0,5
mas_iterative,1103,default,163,20,20,83.65,1,4,72.07407407407408,33.75,36,81,46,69,0,E6,20,20,0.0,0.1,0,5
cbba,1103,default,158,20,20,76.8,0,4,65.98148148148148,33.75,0,98,528,2850,127,E6,20,20,0.0,0.1,0,5
claim,1104,default,203,20,20,92.7,6,4,75.04347826086956,34.5,214,57,29,29,0,E6,20,20,0.0,0.1,0,5
mas,1104,default,170,20,20,78.65,0,4,63.91304347826087,30.0,0,116,50,75,0,E6,20,20,0.0,0.1,0,5
mas_iterative,1104,default,177,20,20,79.4,1,4,64.43478260869566,29.75,34,121,54,81,0,E6,20,20,0.0,0.1,0,5
cbba,1104,default,177,20,20,79.4,1,4,64.43478260869566,29.75,34,121,465,2479,111,E6,20,20,0.0,0.1,0,5
claim,1106,default,235,20,20,124.35,7,4,105.98113207547169,56.8,339,82,36,36,0,E6,20,20,0.0,0.1,0,5
mas,1106,default,195,20,20,89.65,4,4,74.13207547169812,37.4,117,133,58,88,0,E6,20,20,0.0,0.1,0,5
mas_iterative,1106,default,194,20,20,89.05,4,4,73.49056603773585,36.6,120,126,58,88,0,E6,20,20,0.0,0.1,0,5
cbba,1106,default,194,20,20,89.05,4,4,73.49056603773585,36.6,120,126,614,3262,147,E6,20,20,0.0,0.1,0,5
claim,1107,default,150,20,20,77.2,4,4,68.42857142857143,47.0,96,66,24,24,0,E6,20,20,0.0,0.1,0,5
mas,1107,default,137,20,20,65.6,0,4,57.83673469387755,35.5,0,92,54,81,0,E6,20,20,0.0,0.1,0,5
mas_iterative,1107,default,135,20,20,64.3,0,4,56.69387755102041,35.0,0,84,48,72,0,E6,20,20,0.0,0.1,0,5
cbba,1107,default,135,20,20,64.3,0,4,56.69387755102041,35.0,0,84,556,2956,134,E6,20,20,0.0,0.1,0,5
claim,1108,default,227,20,20,115.1,10,4,94.22222222222223,38.2,355,78,35,35,0,E6,20,20,0.0,0.1,0,5
mas,1108,default,158,20,20,74.9,1,4,62.907407407407405,38.2,21,105,46,69,0,E6,20,20,0.0,0.1,0,5
mas_iterative,1108,default,158,20,20,74.55,1,4,62.51851851851852,38.0,22,104,48,72,0,E6,20,20,0.0,0.1,0,5
cbba,1108,default,158,20,20,74.55,1,4,62.51851851851852,38.0,22,104,485,2613,116,E6,20,20,0.0,0.1,0,5
claim,1109,default,175,20,20,83.0,5,4,67.86046511627907,33.5,139,86,25,25,0,E6,20,20,0.0,0.1,0,5
mas,1109,default,172,20,20,77.4,2,4,64.23255813953489,33.5,57,133,48,72,0,E6,20,20,0.0,0.1,0,5
mas_iterative,1109,default,175,20,20,79.85,2,4,66.34883720930233,33.5,57,131,52,78,0,E6,20,20,0.0,0.1,0,5
cbba,1109,default,172,20,20,76.95,1,4,63.74418604651163,33.5,58,134,590,3184,142,E6,20,20,0.0,0.1,0,5
claim,1110,default,173,20,20,89.5,4,4,79.19672131147541,46.714285714285715,95,86,24,24,0,E6,20,20,0.0,0.1,0,5
mas,1110,default,160,20,20,77.45,1,4,66.93442622950819,36.57142857142857,20,82,52,78,0,E6,20,20,0.0,0.1,0,5
mas_iterative,1110,default,160,20,20,75.35,1,4,65.21311475409836,36.0,21,91,52,78,0,E6,20,20,0.0,0.1,0,5
cbba,1110,default,160,20,20,75.35,1,4,65.21311475409836,36.0,21,91,517,2769,124,E6,20,20,0.0,0.1,0,5
claim,1111,default,222,20,20,101.6,10,4,80.26,42.2,341,74,33,33,0,E6,20,20,0.0,0.1,0,5
mas,1111,default,160,20,20,74.7,0,4,60.58,39.0,0,116,46,69,0,E6,20,20,0.0,0.1,0,5
mas_iterative,1111,default,159,20,20,74.0,0,4,59.92,38.6,0,112,44,66,0,E6,20,20,0.0,0.1,0,5
cbba,1111,default,159,20,20,74.0,0,4,59.92,38.6,0,112,568,3106,137,E6,20,20,0.0,0.1,0,5
claim,1112,default,279,20,20,168.85,9,4,144.7111111111111,41.0,528,82,42,42,0,E6,20,20,0.0,0.1,0,5
mas,1112,default,152,20,20,82.7,1,4,69.93333333333334,39.0,33,57,47,71,0,E6,20,20,0.0,0.1,0,5
mas_iterative,1112,default,151,20,20,82.1,1,4,69.31111111111112,38.5,33,53,45,68,0,E6,20,20,0.0,0.1,0,5
cbba,1112,default,150,20,20,80.05,1,4,67.5111111111111,37.0,31,61,565,3101,136,E6,20,20,0.0,0.1,0,5
claim,1113,default,236,20,20,111.45,9,4,86.71698113207547,43.8,335,105,35,35,0,E6,20,20,0.0,0.1,0,5
mas,1113,default,172,20,20,85.5,3,4,69.15094339622641,43.0,76,91,54,81,0,E6,20,20,0.0,0.1,0,5
mas_iterative,1113,default,183,20,20,88.45,4,4,70.37735849056604,42.4,139,100,54,81,0,E6,20,20,0.0,0.1,0,5
cbba,1113,default,169,20,20,77.05,0,4,61.58490566037736,36.6,0,119,572,3082,138,E6,20,20,0.0,0.1,0,5
claim,1114,default,201,20,20,104.05,5,4,83.28846153846153,55.833333333333336,138,92,25,25,0,E6,20,20,0.0,0.1,0,5
mas,1114,default,190,20,20,85.45,2,4,65.71153846153847,40.666666666666664,70,82,52,78,0,E6,20,20,0.0,0.1,0,5
mas_iterative,1114,default,180,20,20,83.2,1,4,64.48076923076923,40.166666666666664,42,70,55,83,0,E6,20,20,0.0,0.1,0,5
cbba,1114,default,180,20,20,83.2,1,4,64.48076923076923,40.166666666666664,42,70,566,3020,136,E6,20,20,0.0,0.1,0,5
claim,1115,default,197,20,20,101.25,8,4,82.64583333333333,51.2,291,66,33,33,0,E6,20,20,0.0,0.1,0,5
mas,1115,default,151,20,20,67.95,1,4,53.604166666666664,35.2,21,117,50,76,0,E6,20,20,0.0,0.1,0,5
mas_iterative,1115,default,152,20,20,66.75,2,4,52.1875,34.4,44,117,54,82,0,E6,20,20,0.0,0.1,0,5
cbba,1115,default,152,20,20,66.75,2,4,52.1875,34.4,44,117,602,3286,145,E6,20,20,0.0,0.1,0,5
claim,1116,default,144,20,20,78.15,4,4,64.52380952380952,27.5,102,82,25,25,0,E6,20,20,0.0,0.1,0,5
mas,1116,default,139,20,20,71.5,5,4,58.976190476190474,27.5,84,41,64,96,0,E6,20,20,0.0,0.1,0,5
mas_iterative,1116,default,142,20,20,71.8,5,4,58.666666666666664,27.5,66,90,58,87,0,E6,20,20,0.0,0.1,0,5
cbba,1116,default,150,20,20,76.15,4,4,61.833333333333336,27.0,87,101,506,2708,120,E6,20,20,0.0,0.1,0,5
claim,1117,default,177,20,20,82.75,5,4,67.73584905660377,37.2,128,132,25,25,0,E6,20,20,0.0,0.1,0,5
mas,1117,default,156,20,20,73.15,2,4,60.698113207547166,32.0,44,107,48,72,0,E6,20,20,0.0,0.1,0,5
mas_iterative,1117,default,156,20,20,72.9,2,4,60.45283018867924,31.8,45,106,48,72,0,E6,20,20,0.0,0.1,0,5
cbba,1117,default,156,20,20,72.9,2,4,60.45283018867924,31.8,45,106,594,3210,143,E6,20,20,0.0,0.1,0,5
claim,1118,default,212,20,20,107.45,4,4,91.16981132075472,45.25,105,101,24,24,0,E6,20,20,0.0,0.1,0,5
mas,1118,default,184,20,20,91.15,2,4,76.9245283018868,42.25,54,47,48,72,0,E6,20,20,0.0,0.1,0,5
mas_iterative,1118,default,191,20,20,89.45,1,4,74.83018867924528,42.0,16,110,50,75,0,E6,20,20,0.0,0.1,0,5
cbba,1118,default,183,20,20,90.7,2,4,76.50943396226415,42.0,54,43,510,2672,122,E6,20,20,0.0,0.1,0,5
claim,1119,default,217,20,20,100.5,9,4,84.77551020408163,39.0,338,51,36,36,0,E6,20,20,0.0,0.1,0,5
mas,1119,default,172,20,20,78.05,3,4,66.28571428571429,27.5,83,91,52,78,0,E6,20,20,0.0,0.1,0,5
mas_iterative,1119,default,153,20,20,75.1,2,4,63.775510204081634,27.0,34,81,56,84,0,E6,20,20,0.0,0.1,0,5
cbba,1119,default,153,20,20,75.1,2,4,63.775510204081634,27.0,34,81,510,2750,122,E6,20,20,0.0,0.1,0,5
claim,1120,default,164,20,20,85.15,3,4,74.77272727272727,50.5,64,97,23,23,0,E6,20,20,0.0,0.1,0,5
mas,1120,default,154,20,20,78.7,3,4,66.97727272727273,38.5,44,86,52,78,0,E6,20,20,0.0,0.1,0,5
mas_iterative,1120,default,152,20,20,76.65,3,4,66.0909090909091,38.0,72,48,54,81,0,E6,20,20,0.0,0.1,0,5
cbba,1120,default,169,20,20,76.05,2,4,65.3409090909091,38.0,50,123,618,3280,149,E6,20,20,0.0,0.1,0,5
claim,1121,default,204,20,20,99.1,4,4,80.5,43.5,99,121,24,24,0,E6,20,20,0.0,0.1,0,5
mas,1121,default,190,20,20,93.7,2,4,75.23913043478261,37.5,54,104,48,72,0,E6,20,20,0.0,0.1,0,5
mas_iterative,1121,default,190,20,20,93.55,2,4,75.04347826086956,37.25,56,102,48,72,0,E6,20,20,0.0,0.1,0,5
cbba,1121,default,188,20,20,84.0,2,4,66.73913043478261,36.0,89,65,575,3031,138,E6,20,20,0.0,0.1,0,5
claim,1123,default,171,20,20,85.95,4,4,72.04166666666667,39.8,108,112,24,24,0,E6,20,20,0.0,0.1,0,5
mas,1123,default,144,20,20,71.2,0,4,59.375,31.4,0,72,48,72,0,E6,20,20,0.0,0.1,0,5
mas_iterative,1123,default,150,20,20,74.3,1,4,60.666666666666664,31.0,26,84,50,75,0,E6,20,20,0.0,0.1,0,5
cbba,1123,default,150,20,20,74.3,1,4,60.666666666666664,31.0,26,84,425,2215,101,E6,20,20,0.0,0.1,0,5
claim,1124,default,157,20,20,84.05,6,4,73.33333333333333,34.0,140,46,27,27,0,E6,20,20,0.0,0.1,0,5
mas,1124,default,141,20,20,72.9,2,4,63.72222222222222,28.333333333333332,37,63,52,78,0,E6,20,20,0.0,0.1,0,5
mas_iterative,1124,default,147,20,20,71.6,3,4,62.2037037037037,28.0,71,46,54,81,0,E6,20,20,0.0,0.1,0,5
cbba,1124,default,147,20,20,70.95,2,4,61.96296296296296,28.0,41,88,506,2694,121,E6,20,20,0.0,0.1,0,5
claim,1125,default,258,20,20,118.25,10,4,92.0,36.0,417,61,37,37,0,E6,20,20,0.0,0.1,0,5
mas,1125,default,171,20,20,80.8,1,4,64.04255319148936,28.0,8,91,54,81,0,E6,20,20,0.0,0.1,0,5
mas_iterative,1125,default,180,20,20,81.45,2,4,64.27659574468085,27.666666666666668,22,110,54,81,0,E6,20,20,0.0,0.1,0,5
cbba,1125,default,180,20,20,81.45,2,4,64.27659574468085,27.666666666666668,22,110,478,2544,114,E6,20,20,0.0,0.1,0,5
claim,1126,default,143,20,20,72.45,4,4,60.14,44.75,128,39,25,25,0,E6,20,20,0.0,0.1,0,5
mas,1126,default,131,20,20,63.6,1,4,51.9,38.25,15,90,48,72,0,E6,20,20,0.0,0.1,0,5
mas_iterative,1126,default,133,20,20,62.95,1,4,51.4,37.5,32,91,50,75,0,E6,20,20,0.0,0.1,0,5
cbba,1126,default,122,20,20,61.25,2,4,50.62,37.5,18,63,482,2616,115,E6,20,20,0.0,0.1,0,5
claim,1127,default,163,20,20,86.2,6,4,76.51020408163265,28.333333333333332,160,46,26,26,0,E6,20,20,0.0,0.1,0,5
mas,1127,default,157,20,20,80.2,5,4,70.91836734693878,28.333333333333332,95,78,60,90,0,E6,20,20,0.0,0.1,0,5
mas_iterative,1127,default,148,20,20,75.85,4,4,67.57142857142857,28.333333333333332,59,58,58,87,0,E6,20,20,0.0,0.1,0,5
cbba,1127,default,139,20,20,70.1,2,4,63.30612244897959,28.333333333333332,22,59,453,2359,107,E6,20,20,0.0,0.1,0,5
claim,1128,default,186,20,20,87.25,4,4,72.02173913043478,33.333333333333336,147,91,28,28,0,E6,20,20,0.0,0.1,0,5
mas,1128,default,154,20,20,75.85,0,4,61.891304347826086,33.333333333333336,0,105,44,66,0,E6,20,20,0.0,0.1,0,5
mas_iterative,1128,default,154,20,20,75.35,0,4,61.45652173913044,33.333333333333336,0,105,50,75,0,E6,20,20,0.0,0.1,0,5
cbba,1128,default,154,20,20,75.35,0,4,61.45652173913044,33.333333333333336,0,105,480,2542,115,E6,20,20,0.0,0.1,0,5
claim,1129,default,177,20,20,95.1,4,4,84.51020408163265,27.0,91,53,24,24,0,E6,20,20,0.0,0.1,0,5
mas,1129,default,172,20,20,88.3,2,4,78.0,27.0,39,82,46,69,0,E6,20,20,0.0,0.1,0,5
mas_iterative,1129,default,172,20,20,88.05,2,4,77.73469387755102,27.0,39,82,46,69,0,E6,20,20,0.0,0.1,0,5
cbba,1129,default,162,20,20,83.55,2,4,73.24489795918367,27.0,44,52,662,3666,160,E6,20,20,0.0,0.1,0,5
claim,1130,default,189,20,20,89.5,4,4,75.66071428571429,45.0,106,104,24,24,0,E6,20,20,0.0,0.1,0,5
mas,1130,default,168,20,20,80.8,2,4,68.125,41.2,40,103,50,75,0,E6,20,20,0.0,0.1,0,5
mas_iterative,1130,default,160,20,20,75.6,1,4,63.785714285714285,40.6,6,98,50,75,0,E6,20,20,0.0,0.1,0,5
cbba,1130,default,160,20,20,75.6,1,4,63.785714285714285,40.6,6,98,489,2599,117,E6,20,20,0.0,0.1,0,5
claim,1131,default,170,20,20,97.9,8,4,83.27118644067797,56.0,180,40,28,28,0,E6,20,20,0.0,0.1,0,5
mas,1131,default,158,20,20,81.1,2,4,69.96610169491525,50.0,47,98,48,72,0,E6,20,20,0.0,0.1,0,5
mas_iterative,1131,default,165,20,20,85.05,3,4,73.0677966101695,51.25,77,101,48,72,0,E6,20,20,0.0,0.1,0,5
cbba,1131,default,157,20,20,75.1,2,4,65.10169491525424,45.625,34,97,462,2406,110,E6,20,20,0.0,0.1,0,5
claim,1132,default,169,20,20,94.8,6,4,83.37735849056604,38.666666666666664,134,46,26,26,0,E6,20,20,0.0,0.1,0,5
mas,1132,default,157,20,20,77.5,2,4,67.66037735849056,36.333333333333336,28,99,56,84,0,E6,20,20,0.0,0.1,0,5
mas_iterative,1132,default,155,20,20,78.9,2,4,69.26415094339623,35.666666666666664,32,85,52,78,0,E6,20,20,0.0,0.1,0,5
cbba,1132,default,152,20,20,78.75,2,4,68.98113207547169,35.666666666666664,38,78,474,2504,113,E6,20,20,0.0,0.1,0,5
claim,1133,default,179,20,20,90.55,4,4,77.86792452830188,36.0,107,95,24,24,0,E6,20,20,0.0,0.1,0,5
mas,1133,default,173,20,20,78.85,3,4,66.24528301886792,35.5,117,53,52,78,0,E6,20,20,0.0,0.1,0,5
mas_iterative,1133,default,163,20,20,79.75,2,4,66.77358490566037,35.25,85,72,54,81,0,E6,20,20,0.0,0.1,0,5
cbba,1133,default,163,20,20,79.75,2,4,66.77358490566037,35.25,85,72,579,3197,139,E6,20,20,0.0,0.1,0,5
claim,1134,default,209,20,20,93.8,7,4,79.34693877551021,28.5,202,150,29,29,0,E6,20,20,0.0,0.1,0,5
mas,1134,default,172,20,20,83.05,2,4,71.91836734693878,28.5,61,116,54,81,0,E6,20,20,0.0,0.1,0,5
mas_iterative,1134,default,162,20,20,76.55,1,4,65.85714285714286,28.5,29,100,50,75,0,E6,20,20,0.0,0.1,0,5
cbba,1134,default,171,20,20,82.55,2,4,71.53061224489795,28.5,63,111,571,3047,137,E6,20,20,0.0,0.1,0,5
claim,1135,default,206,20,20,102.0,7,4,84.0,45.6,259,68,30,30,0,E6,20,20,0.0,0.1,0,5
mas,1135,default,161,20,20,79.15,3,4,66.22916666666667,36.0,41,41,50,75,0,E6,20,20,0.0,0.1,0,5
mas_iterative,1135,default,161,20,20,79.35,4,4,66.35416666666667,35.8,63,42,54,81,0,E6,20,20,0.0,0.1,0,5
cbba,1135,default,161,20,20,79.35,4,4,66.35416666666667,35.8,63,42,608,3300,146,E6,20,20,0.0,0.1,0,5
claim,1136,default,256,20,20,127.2,10,4,106.41176470588235,62.2,426,59,34,34,0,E6,20,20,0.0,0.1,0,5
mas,1136,default,199,20,20,97.1,5,4,79.84313725490196,41.2,167,38,62,93,0,E6,20,20,0.0,0.1,0,5
mas_iterative,1136,default,183,20,20,92.0,2,4,76.07843137254902,40.4,79,77,63,96,0,E6,20,20,0.0,0.1,0,5
cbba,1136,default,183,20,20,92.0,2,4,76.07843137254902,40.4,79,77,599,3287,144,E6,20,20,0.0,0.1,0,5
claim,1137,default,209,20,20,103.3,8,4,82.1063829787234,38.75,183,119,28,28,0,E6,20,20,0.0,0.1,0,5
mas,1137,default,212,20,20,90.95,4,4,70.59574468085107,32.25,138,149,54,81,0,E6,20,20,0.0,0.1,0,5
mas_iterative,1137,default,205,20,20,90.1,3,4,70.02127659574468,32.0,136,128,54,81,0,E6,20,20,0.0,0.1,0,5
cbba,1137,default,192,20,20,89.45,3,4,69.74468085106383,32.0,149,68,576,3126,138,E6,20,20,0.0,0.1,0,5
claim,1138,default,175,20,20,84.65,3,4,74.31481481481481,37.0,101,102,23,23,0,E6,20,20,0.0,0.1,0,5
mas,1138,default,157,20,20,71.55,0,4,62.68518518518518,31.0,0,124,44,66,0,E6,20,20,0.0,0.1,0,5
mas_iterative,1138,default,156,20,20,71.0,0,4,62.166666666666664,30.75,0,120,44,66,0,E6,20,20,0.0,0.1,0,5
cbba,1138,default,152,20,20,70.75,1,4,62.407407407407405,38.75,0,74,557,2987,134,E6,20,20,0.0,0.1,0,5
claim,1139,default,178,20,20,96.85,8,4,83.87037037037037,48.0,201,55,29,29,0,E6,20,20,0.0,0.1,0,5
mas,1139,default,162,20,20,86.0,3,4,74.31481481481481,39.0,101,78,53,80,0,E6,20,20,0.0,0.1,0,5
mas_iterative,1139,default,161,20,20,85.25,3,4,73.51851851851852,38.0,102,73,50,75,0,E6,20,20,0.0,0.1,0,5
cbba,1139,default,144,20,20,75.95,1,4,65.72222222222223,38.0,35,63,501,2683,120,E6,20,20,0.0,0.1,0,5
claim,1140,default,159,20,20,82.7,3,4,68.75,36.25,71,69,23,23,0,E6,20,20,0.0,0.1,0,5
mas,1140,default,165,20,20,78.55,1,4,64.04166666666667,31.5,29,116,46,69,0,E6,20,20,0.0,0.1,0,5
mas_iterative,1140,default,164,20,20,77.85,1,4,63.5,31.25,29,112,46,69,0,E6,20,20,0.0,0.1,0,5
cbba,1140,default,157,20,20,71.8,0,4,58.3125,31.25,0,110,500,2682,120,E6,20,20,0.0,0.1,0,5
claim,1141,default,179,20,20,91.4,4,4,77.45454545454545,55.0,103,60,24,24,0,E6,20,20,0.0,0.1,0,5
mas,1141,default,167,20,20,87.55,2,4,73.83636363636364,50.375,48,63,48,72,0,E6,20,20,0.0,0.1,0,5
mas_iterative,1141,default,166,20,20,87.15,2,4,73.50909090909092,50.125,48,59,50,75,0,E6,20,20,0.0,0.1,0,5
cbba,1141,default,166,20,20,87.15,2,4,73.50909090909092,50.125,48,59,526,2800,126,E6,20,20,0.0,0.1,0,5
claim,1142,default,230,20,20,106.95,9,4,89.48,40.25,283,105,31,31,0,E6,20,20,0.0,0.1,0,5
mas,1142,default,184,20,20,92.7,3,4,78.06,34.25,84,101,52,78,0,E6,20,20,0.0,0.1,0,5
mas_iterative,1142,default,184,20,20,92.3,3,4,77.68,34.0,85,100,52,78,0,E6,20,20,0.0,0.1,0,5
cbba,1142,default,185,20,20,96.9,4,4,81.48,34.0,110,85,585,3217,140,E6,20,20,0.0,0.1,0,5
claim,1143,default,185,20,20,89.25,3,4,69.37209302325581,42.0,75,109,23,23,0,E6,20,20,0.0,0.1,0,5
mas,1143,default,170,20,20,80.5,1,4,60.93023255813954,41.333333333333336,37,85,50,75,0,E6,20,20,0.0,0.1,0,5
mas_iterative,1143,default,175,20,20,77.15,0,4,58.72093023255814,40.666666666666664,0,126,48,72,0,E6,20,20,0.0,0.1,0,5
cbba,1143,default,175,20,20,77.15,0,4,58.72093023255814,40.666666666666664,0,126,520,2804,125,E6,20,20,0.0,0.1,0,5
claim,1144,default,215,20,20,120.4,7,4,98.43137254901961,56.666666666666664,313,47,32,32,0,E6,20,20,0.0,0.1,0,5
mas,1144,default,169,20,20,90.65,3,4,72.33333333333333,45.0,92,73,49,74,0,E6,20,20,0.0,0.1,0,5
mas_iterative,1144,default,169,20,20,90.4,3,4,72.01960784313725,44.666666666666664,94,71,51,77,0,E6,20,20,0.0,0.1,0,5
cbba,1144,default,165,20,20,80.95,4,4,63.96078431372549,37.5,78,74,612,3274,147,E6,20,20,0.0,0.1,0,5
claim,1145,default,177,20,20,86.9,5,4,71.46428571428571,48.375,114,96,25,25,0,E6,20,20,0.0,0.1,0,5
mas,1145,default,175,20,20,76.65,1,4,61.55357142857143,39.25,28,147,50,75,0,E6,20,20,0.0,0.1,0,5
mas_iterative,1145,default,174,20,20,76.15,1,4,60.910714285714285,38.5,28,143,50,75,0,E6,20,20,0.0,0.1,0,5
cbba,1145,default,174,20,20,76.15,1,4,60.910714285714285,38.5,28,143,537,2859,129,E6,20,20,0.0,0.1,0,5
claim,1146,default,200,20,20,99.2,5,4,87.14545454545454,46.25,199,84,26,26,0,E6,20,20,0.0,0.1,0,5
mas,1146,default,156,20,20,85.1,2,4,74.76363636363637,35.25,57,49,63,95,0,E6,20,20,0.0,0.1,0,5
mas_iterative,1146,default,157,20,20,81.75,1,4,72.12727272727273,34.5,30,62,50,75,0,E6,20,20,0.0,0.1,0,5
cbba,1146,default,169,20,20,82.5,2,4,72.14545454545454,34.5,40,104,578,3152,139,E6,20,20,0.0,0.1,0,5
claim,1147,default,193,20,20,98.85,5,4,80.87234042553192,38.666666666666664,175,47,28,28,0,E6,20,20,0.0,0.1,0,5
mas,1147,default,161,20,20,81.45,1,4,67.2127659574468,31.333333333333332,13,79,48,72,0,E6,20,20,0.0,0.1,0,5
mas_iterative,1147,default,161,20,20,81.0,1,4,66.7872340425532,31.0,14,78,48,72,0,E6,20,20,0.0,0.1,0,5
cbba,1147,default,164,20,20,81.35,1,4,65.61702127659575,29.333333333333332,14,74,509,2705,122,E6,20,20,0.0,0.1,0,5
claim,1149,default,227,20,20,104.1,11,4,84.26923076923077,40.333333333333336,448,72,38,38,0,E6,20,20,0.0,0.1,0,5
mas,1149,default,140,20,20,68.0,2,4,58.55769230769231,39.333333333333336,26,99,52,78,0,E6,20,20,0.0,0.1,0,5
mas_iterative,1149,default,140,20,20,70.35,3,4,59.80769230769231,39.0,71,77,52,78,0,E6,20,20,0.0,0.1,0,5
cbba,1149,default,142,20,20,70.65,5,4,59.51923076923077,39.0,106,64,654,3526,157,E6,20,20,0.0,0.1,0,5
claim,1150,default,162,20,20,93.7,7,4,76.10416666666667,39.6,156,46,27,27,0,E6,20,20,0.0,0.1,0,5
mas,1150,default,166,20,20,76.15,2,4,60.875,30.0,31,127,56,84,0,E6,20,20,0.0,0.1,0,5
mas_iterative,1150,default,154,20,20,74.8,1,4,59.9375,29.2,16,97,52,78,0,E6,20,20,0.0,0.1,0,5
cbba,1150,default,154,20,20,74.8,1,4,59.9375,29.2,16,97,481,2531,115,E6,20,20,0.0,0.1,0,5
claim,1152,default,219,20,20,117.25,8,4,95.39583333333333,42.75,278,96,32,32,0,E6,20,20,0.0,0.1,0,5
mas,1152,default,170,20,20,87.75,3,4,71.875,36.5,67,82,48,72,0,E6,20,20,0.0,0.1,0,5
mas_iterative,1152,default,170,20,20,87.45,3,4,71.58333333333333,36.25,67,82,48,72,0,E6,20,20,0.0,0.1,0,5
cbba,1152,default,170,20,20,86.05,3,4,70.5,36.25,59,90,583,3113,140,E6,20,20,0.0,0.1,0,5
claim,1153,default,212,20,20,105.35,4,4,89.86792452830188,44.4,112,133,24,24,0,E6,20,20,0.0,0.1,0,5
mas,1153,default,189,20,20,92.75,1,4,78.05660377358491,41.8,27,124,50,75,0,E6,20,20,0.0,0.1,0,5
mas_iterative,1153,default,188,20,20,92.15,1,4,77.49056603773585,41.4,28,119,46,69,0,E6,20,20,0.0,0.1,0,5
cbba,1153,default,188,20,20,92.15,1,4,77.62264150943396,41.4,28,119,497,2623,119,E6,20,20,0.0,0.1,0,5
claim,1155,default,179,20,20,86.8,3,4,68.375,40.0,71,106,23,23,0,E6,20,20,0.0,0.1,0,5
mas,1155,default,177,20,20,80.75,2,4,61.791666666666664,30.0,40,106,52,78,0,E6,20,20,0.0,0.1,0,5
mas_iterative,1155,default,200,20,20,81.25,3,4,61.3125,29.4,96,139,54,81,0,E6,20,20,0.0,0.1,0,5
cbba,1155,default,166,20,20,76.95,2,4,59.0,33.4,20,83,590,3226,142,E6,20,20,0.0,0.1,0,5
claim,1156,default,208,20,20,115.75,4,4,104.53191489361703,30.0,180,106,27,27,0,E6,20,20,0.0,0.1,0,5
mas,1156,default,192,20,20,94.3,3,4,81.31914893617021,29.0,100,108,57,86,0,E6,20,20,0.0,0.1,0,5
mas_iterative,1156,default,164,20,20,85.4,1,4,75.1063829787234,29.0,30,71,51,77,0,E6,20,20,0.0,0.1,0,5
cbba,1156,default,164,20,20,85.4,1,4,75.1063829787234,29.0,30,71,517,2829,124,E6,20,20,0.0,0.1,0,5
claim,1157,default,177,20,20,98.45,4,4,84.02083333333333,35.666666666666664,101,76,26,26,0,E6,20,20,0.0,0.1,0,5
mas,1157,default,186,20,20,86.15,3,4,71.52083333333333,35.666666666666664,95,116,53,80,0,E6,20,20,0.0,0.1,0,5
mas_iterative,1157,default,161,20,20,85.15,2,4,72.14583333333333,40.666666666666664,40,68,50,75,0,E6,20,20,0.0,0.1,0,5
cbba,1157,default,155,20,20,80.45,1,4,67.39583333333333,29.666666666666668,7,69,529,2811,127,E6,20,20,0.0,0.1,0,5
claim,1000,default,151,20,20,77.9,3,4,64.91304347826087,32.0,71,75,23,23,0,E6,20,20,0.0,0.1,0,20
mas,1000,default,143,20,20,70.05,0,4,57.97826086956522,27.666666666666668,0,80,50,75,0,E6,20,20,0.0,0.1,0,20
mas_iterative,1000,default,142,20,20,69.15,0,4,57.17391304347826,27.333333333333332,0,76,48,72,0,E6,20,20,0.0,0.1,0,20
cbba,1000,default,142,20,20,69.15,0,4,56.91304347826087,27.333333333333332,0,76,572,3048,138,E6,20,20,0.0,0.1,0,20
claim,1001,default,170,20,20,81.35,3,4,71.51785714285714,40.4,84,93,23,23,0,E6,20,20,0.0,0.1,0,20
mas,1001,default,173,20,20,75.4,3,4,64.55357142857143,36.2,144,54,62,93,0,E6,20,20,0.0,0.1,0,20
mas_iterative,1001,default,165,20,20,71.65,2,4,61.714285714285715,35.8,59,109,58,87,0,E6,20,20,0.0,0.1,0,20
cbba,1001,default,165,20,20,71.65,2,4,61.714285714285715,35.8,59,109,519,2741,124,E6,20,20,0.0,0.1,0,20
claim,1002,default,189,20,20,93.3,6,4,75.8695652173913,47.0,136,101,26,26,0,E6,20,20,0.0,0.1,0,20
mas,1002,default,164,20,20,81.65,3,4,65.3695652173913,35.75,53,50,52,78,0,E6,20,20,0.0,0.1,0,20
mas_iterative,1002,default,163,20,20,80.5,2,4,64.30434782608695,34.75,49,80,50,75,0,E6,20,20,0.0,0.1,0,20
cbba,1002,default,171,20,20,80.85,2,4,64.26086956521739,34.75,42,104,602,3294,145,E6,20,20,0.0,0.1,0,20
claim,1003,default,185,20,20,90.6,6,4,70.39583333333333,44.666666666666664,215,100,31,31,0,E6,20,20,0.0,0.1,0,20
mas,1003,default,154,20,20,78.1,2,4,63.395833333333336,44.666666666666664,58,88,50,75,0,E6,20,20,0.0,0.1,0,20
mas_iterative,1003,default,153,20,20,77.75,2,4,63.166666666666664,44.666666666666664,58,84,50,75,0,E6,20,20,0.0,0.1,0,20
cbba,1003,default,153,20,20,77.75,2,4,63.166666666666664,44.666666666666664,58,84,503,2663,120,E6,20,20,0.0,0.1,0,20
claim,1004,default,270,20,20,118.55,12,4,97.40425531914893,40.0,452,115,40,40,0,E6,20,20,0.0,0.1,0,20
mas,1004,default,166,20,20,80.6,1,4,68.23404255319149,29.333333333333332,23,117,50,75,0,E6,20,20,0.0,0.1,0,20
mas_iterative,1004,default,160,20,20,80.95,2,4,68.68085106382979,29.0,44,75,52,78,0,E6,20,20,0.0,0.1,0,20
cbba,1004,default,165,20,20,79.3,1,4,67.08510638297872,29.0,21,115,477,2545,114,E6,20,20,0.0,0.1,0,20
claim,1005,default,160,20,20,77.9,4,4,69.63636363636364,47.666666666666664,100,116,24,24,0,E6,20,20,0.0,0.1,0,20
mas,1005,default,139,20,20,66.0,0,4,58.10909090909091,38.666666666666664,0,120,48,72,0,E6,20,20,0.0,0.1,0,20
mas_iterative,1005,default,138,20,20,65.25,0,4,57.41818181818182,38.0,0,116,44,66,0,E6,20,20,0.0,0.1,0,20
cbba,1005,default,140,20,20,65.25,0,4,57.45454545454545,38.0,0,124,596,3204,144,E6,20,20,0.0,0.1,0,20
claim,1006,default,204,20,20,105.65,11,4,85.28205128205128,38.0,284,89,36,36,0,E6,20,20,0.0,0.1,0,20
mas,1006,default,151,20,20,69.1,1,4,57.43589743589744,29.0,17,91,48,72,0,E6,20,20,0.0,0.1,0,20
mas_iterative,1006,default,150,20,20,68.45,1,4,56.82051282051282,28.5,18,86,48,72,0,E6,20,20,0.0,0.1,0,20
cbba,1006,default,150,20,20,68.45,1,4,56.82051282051282,28.5,18,86,569,3003,137,E6,20,20,0.0,0.1,0,20
claim,1007,default,142,20,20,80.1,3,4,70.24444444444444,33.0,87,66,23,23,0,E6,20,20,0.0,0.1,0,20
mas,1007,default,126,20,20,68.2,0,4,60.044444444444444,33.0,0,91,46,69,0,E6,20,20,0.0,0.1,0,20
mas_iterative,1007,default,123,20,20,67.25,0,4,59.31111111111111,33.0,0,79,46,69,0,E6,20,20,0.0,0.1,0,20
cbba,1007,default,123,20,20,67.45,0,4,59.044444444444444,28.0,0,73,492,2600,118,E6,20,20,0.0,0.1,0,20
claim,1008,default,195,20,20,103.1,8,4,88.16,36.25,219,38,30,30,0,E6,20,20,0.0,0.1,0,20
mas,1008,default,176,20,20,87.6,2,4,75.2,30.5,52,102,55,83,0,E6,20,20,0.0,0.1,0,20
mas_iterative,1008,default,182,20,20,86.75,3,4,74.46,30.25,102,92,56,84,0,E6,20,20,0.0,0.1,0,20
cbba,1008,default,182,20,20,86.75,3,4,74.46,30.25,102,92,556,3002,133,E6,20,20,0.0,0.1,0,20
claim,1009,default,215,20,20,104.0,6,4,84.97872340425532,33.333333333333336,202,84,28,28,0,E6,20,20,0.0,0.1,0,20
mas,1009,default,188,20,20,96.2,3,4,80.59574468085107,33.333333333333336,68,86,54,81,0,E6,20,20,0.0,0.1,0,20
mas_iterative,1009,default,189,20,20,95.5,2,4,79.8936170212766,33.333333333333336,57,92,46,69,0,E6,20,20,0.0,0.1,0,20
cbba,1009,default,177,20,20,88.9,1,4,73.68085106382979,33.333333333333336,28,73,513,2745,123,E6,20,20,0.0,0.1,0,20
claim,1010,default,211,20,20,113.45,6,4,99.0,57.6,256,100,30,30,0,E6,20,20,0.0,0.1,0,20
mas,1010,default,147,20,20,73.0,0,4,62.264150943396224,37.8,0,75,46,70,0,E6,20,20,0.0,0.1,0,20
mas_iterative,1010,default,145,20,20,71.95,0,4,61.283018867924525,37.0,0,67,48,73,0,E6,20,20,0.0,0.1,0,20
cbba,1010,default,145,20,20,71.95,0,4,61.283018867924525,37.0,0,67,556,2990,134,E6,20,20,0.0,0.1,0,20
claim,1011,default,196,20,20,85.95,6,4,69.96296296296296,37.2,170,143,27,27,0,E6,20,20,0.0,0.1,0,20
mas,1011,default,183,20,20,79.25,5,4,64.88888888888889,37.2,160,91,60,90,0,E6,20,20,0.0,0.1,0,20
mas_iterative,1011,default,174,20,20,79.4,5,4,64.83333333333333,37.0,137,92,58,87,0,E6,20,20,0.0,0.1,0,20
cbba,1011,default,158,20,20,71.7,3,4,58.888888888888886,33.0,34,75,567,2971,136,E6,20,20,0.0,0.1,0,20
claim,1012,default,184,20,20,85.2,6,4,75.94339622641509,42.0,150,160,28,28,0,E6,20,20,0.0,0.1,0,20
mas,1012,default,172,20,20,76.25,6,4,67.56603773584905,35.0,160,91,61,92,0,E6,20,20,0.0,0.1,0,20
mas_iterative,1012,default,148,20,20,75.6,6,4,66.84905660377359,34.8,127,40,58,87,0,E6,20,20,0.0,0.1,0,20
cbba,1012,default,159,20,20,72.1,5,4,62.45283018867924,34.8,155,63,660,3526,158,E6,20,20,0.0,0.1,0,20
claim,1013,default,207,20,20,102.1,11,4,88.2439024390244,nan,337,44,34,34,0,E6,20,20,0.0,0.1,0,20
mas,1013,default,167,20,20,85.8,6,4,74.78048780487805,nan,118,78,58,87,0,E6,20,20,0.0,0.1,0,20
mas_iterative,1013,default,156,20,20,82.8,3,4,73.14634146341463,nan,84,58,48,72,0,E6,20,20,0.0,0.1,0,20
cbba,1013,default,156,20,20,82.8,3,4,73.14634146341463,nan,84,58,519,2785,124,E6,20,20,0.0,0.1,0,20
claim,1014,default,203,20,20,90.55,6,4,76.84,28.5,185,101,30,30,0,E6,20,20,0.0,0.1,0,20
mas,1014,default,165,20,20,75.0,1,4,64.32,28.5,9,120,52,78,0,E6,20,20,0.0,0.1,0,20
mas_iterative,1014,default,162,20,20,74.05,0,4,63.24,28.5,0,108,46,69,0,E6,20,20,0.0,0.1,0,20
cbba,1014,default,164,20,20,74.4,0,4,62.32,28.0,0,102,504,2696,121,E6,20,20,0.0,0.1,0,20
claim,1015,default,190,20,20,96.6,3,4,85.42,34.0,90,111,23,23,0,E6,20,20,0.0,0.1,0,20
mas,1015,default,174,20,20,85.0,1,4,74.84,34.0,28,106,52,78,0,E6,20,20,0.0,0.1,0,20
mas_iterative,1015,default,172,20,20,84.15,1,4,74.08,34.0,30,96,50,75,0,E6,20,20,0.0,0.1,0,20
cbba,1015,default,172,20,20,84.15,1,4,74.08,34.0,30,96,545,2927,131,E6,20,20,0.0,0.1,0,20
claim,1016,default,180,20,20,89.05,10,4,70.5,43.333333333333336,206,127,31,31,0,E6,20,20,0.0,0.1,0,20
mas,1016,default,147,20,20,75.55,6,4,60.24,36.333333333333336,122,51,68,102,0,E6,20,20,0.0,0.1,0,20
mas_iterative,1016,default,149,20,20,74.6,5,4,59.34,35.833333333333336,105,82,64,96,0,E6,20,20,0.0,0.1,0,20
cbba,1016,default,130,20,20,65.8,2,4,53.46,35.5,20,83,490,2572,117,E6,20,20,0.0,0.1,0,20
claim,1017,default,197,20,20,91.05,8,4,78.3076923076923,41.666666666666664,204,39,30,30,0,E6,20,20,0.0,0.1,0,20
mas,1017,default,163,20,20,72.65,1,4,62.84615384615385,36.333333333333336,25,145,52,78,0,E6,20,20,0.0,0.1,0,20
mas_iterative,1017,default,165,20,20,72.8,3,4,62.86538461538461,36.0,64,122,52,78,0,E6,20,20,0.0,0.1,0,20
cbba,1017,default,165,20,20,72.8,3,4,62.86538461538461,36.0,64,122,623,3311,150,E6,20,20,0.0,0.1,0,20
claim,1018,default,233,20,20,117.0,8,4,91.3409090909091,32.666666666666664,256,109,30,30,0,E6,20,20,0.0,0.1,0,20
mas,1018,default,203,20,20,104.85,4,4,82.45454545454545,32.666666666666664,99,90,54,81,0,E6,20,20,0.0,0.1,0,20
mas_iterative,1018,default,217,20,20,109.95,5,4,85.56818181818181,32.666666666666664,192,88,61,92,0,E6,20,20,0.0,0.1,0,20
cbba,1018,default,212,20,20,111.25,5,4,86.1590909090909,32.666666666666664,223,43,603,3301,144,E6,20,20,0.0,0.1,0,20
claim,1019,default,163,20,20,88.15,2,4,77.2156862745098,32.0,59,43,22,22,0,E6,20,20,0.0,0.1,0,20
mas,1019,default,156,20,20,77.25,0,4,67.05882352941177,32.0,0,73,48,72,0,E6,20,20,0.0,0.1,0,20
mas_iterative,1019,default,155,20,20,76.6,0,4,66.41176470588235,32.0,0,69,44,66,0,E6,20,20,0.0,0.1,0,20
cbba,1019,default,155,20,20,76.6,0,4,66.41176470588235,32.0,0,69,596,3236,144,E6,20,20,0.0,0.1,0,20
claim,1020,default,187,20,20,95.55,2,4,79.93478260869566,28.5,59,118,22,22,0,E6,20,20,0.0,0.1,0,20
mas,1020,default,184,20,20,90.2,1,4,74.84782608695652,28.5,29,130,44,66,0,E6,20,20,0.0,0.1,0,20
mas_iterative,1020,default,184,20,20,89.95,1,4,74.6304347826087,28.5,29,130,48,72,0,E6,20,20,0.0,0.1,0,20
cbba,1020,default,184,20,20,89.95,1,4,74.6304347826087,28.5,29,130,549,2937,132,E6,20,20,0.0,0.1,0,20
claim,1021,default,158,20,20,82.1,2,4,68.6304347826087,35.666666666666664,59,68,22,22,0,E6,20,20,0.0,0.1,0,20
mas,1021,default,146,20,20,72.5,0,4,59.47826086956522,28.666666666666668,0,66,51,77,0,E6,20,20,0.0,0.1,0,20
mas_iterative,1021,default,144,20,20,71.2,0,4,58.32608695652174,28.333333333333332,0,58,48,72,0,E6,20,20,0.0,0.1,0,20
cbba,1021,default,144,20,20,71.2,0,4,58.32608695652174,28.333333333333332,0,58,512,2728,123,E6,20,20,0.0,0.1,0,20
claim,1022,default,172,20,20,94.25,4,4,81.54901960784314,41.5,101,56,24,24,0,E6,20,20,0.0,0.1,0,20
mas,1022,default,172,20,20,78.05,2,4,65.43137254901961,41.5,53,106,54,81,0,E6,20,20,0.0,0.1,0,20
mas_iterative,1022,default,147,20,20,75.2,1,4,63.84313725490196,41.0,6,51,52,78,0,E6,20,20,0.0,0.1,0,20
cbba,1022,default,155,20,20,78.15,1,4,66.6078431372549,36.25,14,56,509,2719,122,E6,20,20,0.0,0.1,0,20
claim,1023,default,224,20,20,113.95,7,4,95.31372549019608,38.0,253,51,31,31,0,E6,20,20,0.0,0.1,0,20
mas,1023,default,195,20,20,98.65,3,4,83.52941176470588,38.0,94,110,54,81,0,E6,20,20,0.0,0.1,0,20
mas_iterative,1023,default,195,20,20,97.75,3,4,82.66666666666667,38.0,94,110,57,86,0,E6,20,20,0.0,0.1,0,20
cbba,1023,default,186,20,20,96.35,3,4,81.03921568627452,38.0,92,88,491,2645,117,E6,20,20,0.0,0.1,0,20
claim,1024,default,211,20,20,128.4,4,4,113.61224489795919,54.333333333333336,238,77,29,29,0,E6,20,20,0.0,0.1,0,20
mas,1024,default,165,20,20,80.3,0,4,69.79591836734694,29.666666666666668,0,94,46,70,0,E6,20,20,0.0,0.1,0,20
mas_iterative,1024,default,165,20,20,79.35,0,4,68.85714285714286,29.0,0,94,48,73,0,E6,20,20,0.0,0.1,0,20
cbba,1024,default,168,20,20,80.3,0,4,69.12244897959184,29.0,0,106,572,3062,138,E6,20,20,0.0,0.1,0,20
claim,1025,default,169,20,20,90.9,7,4,73.77551020408163,40.5,131,51,27,27,0,E6,20,20,0.0,0.1,0,20
mas,1025,default,157,20,20,74.9,5,4,59.673469387755105,34.0,101,72,54,81,0,E6,20,20,0.0,0.1,0,20
mas_iterative,1025,default,145,20,20,70.9,2,4,57.142857142857146,33.5,39,80,48,72,0,E6,20,20,0.0,0.1,0,20
cbba,1025,default,134,20,20,66.4,2,4,54.224489795918366,37.75,25,70,491,2593,117,E6,20,20,0.0,0.1,0,20
claim,1026,default,202,20,20,110.6,8,4,92.62264150943396,46.833333333333336,182,45,29,29,0,E6,20,20,0.0,0.1,0,20
mas,1026,default,190,20,20,97.35,4,4,80.58490566037736,39.833333333333336,129,97,50,75,0,E6,20,20,0.0,0.1,0,20
mas_iterative,1026,default,180,20,20,95.6,3,4,79.58490566037736,39.666666666666664,102,68,50,75,0,E6,20,20,0.0,0.1,0,20
cbba,1026,default,176,20,20,86.85,3,4,71.94339622641509,40.833333333333336,83,94,492,2700,117,E6,20,20,0.0,0.1,0,20
claim,1027,default,216,20,20,121.35,5,4,102.34042553191489,54.5,234,119,28,28,0,E6,20,20,0.0,0.1,0,20
mas,1027,default,171,20,20,81.65,0,4,66.34042553191489,33.0,0,114,50,76,0,E6,20,20,0.0,0.1,0,20
mas_iterative,1027,default,170,20,20,80.55,0,4,65.31914893617021,32.25,0,110,52,79,0,E6,20,20,0.0,0.1,0,20
cbba,1027,default,170,20,20,80.55,0,4,65.31914893617021,32.25,0,110,516,2720,124,E6,20,20,0.0,0.1,0,20
claim,1028,default,260,20,20,152.05,7,4,129.5,43.0,358,111,34,34,0,E6,20,20,0.0,0.1,0,20
mas,1028,default,171,20,20,85.9,0,4,69.22727272727273,28.5,0,94,48,73,0,E6,20,20,0.0,0.1,0,20
mas_iterative,1028,default,169,20,20,84.9,0,4,68.25,27.5,0,86,52,79,0,E6,20,20,0.0,0.1,0,20
cbba,1028,default,169,20,20,84.9,0,4,68.25,27.5,0,86,456,2402,109,E6,20,20,0.0,0.1,0,20
claim,1030,default,196,20,20,100.45,10,4,80.9047619047619,43.5,281,49,33,33,0,E6,20,20,0.0,0.1,0,20
mas,1030,default,154,20,20,81.0,3,4,64.28571428571429,34.0,74,46,56,84,0,E6,20,20,0.0,0.1,0,20
mas_iterative,1030,default,166,20,20,77.0,4,4,61.61904761904762,33.5,107,77,60,90,0,E6,20,20,0.0,0.1,0,20
cbba,1030,default,166,20,20,77.0,4,4,61.61904761904762,33.5,107,77,497,2661,118,E6,20,20,0.0,0.1,0,20
claim,1031,default,199,20,20,106.55,6,4,88.89090909090909,49.714285714285715,201,94,30,30,0,E6,20,20,0.0,0.1,0,20
mas,1031,default,178,20,20,89.5,3,4,74.54545454545455,42.142857142857146,89,90,54,81,0,E6,20,20,0.0,0.1,0,20
mas_iterative,1031,default,175,20,20,85.55,4,4,70.94545454545455,38.285714285714285,100,57,58,87,0,E6,20,20,0.0,0.1,0,20
cbba,1031,default,175,20,20,85.55,4,4,70.94545454545455,38.285714285714285,100,57,525,2701,125,E6,20,20,0.0,0.1,0,20
claim,1032,default,185,20,20,98.15,5,4,82.17021276595744,34.0,122,105,26,26,0,E6,20,20,0.0,0.1,0,20
mas,1032,default,149,20,20,75.55,1,4,62.170212765957444,34.0,12,80,52,78,0,E6,20,20,0.0,0.1,0,20
mas_iterative,1032,default,152,20,20,74.7,1,4,61.361702127659576,33.5,14,91,48,72,0,E6,20,20,0.0,0.1,0,20
cbba,1032,default,152,20,20,74.7,1,4,61.361702127659576,33.5,14,91,493,2599,118,E6,20,20,0.0,0.1,0,20
claim,1033,default,197,20,20,100.95,4,4,86.4074074074074,50.4,105,72,24,24,0,E6,20,20,0.0,0.1,0,20
mas,1033,default,182,20,20,84.9,1,4,71.77777777777777,45.6,34,94,48,72,0,E6,20,20,0.0,0.1,0,20
mas_iterative,1033,default,181,20,20,84.05,1,4,71.0,45.0,33,91,52,78,0,E6,20,20,0.0,0.1,0,20
cbba,1033,default,181,20,20,84.05,1,4,71.0,45.0,33,91,497,2679,119,E6,20,20,0.0,0.1,0,20
claim,1034,default,225,20,20,102.75,6,4,79.86666666666666,48.5,226,122,28,28,0,E6,20,20,0.0,0.1,0,20
mas,1034,default,187,20,20,90.45,3,4,70.4,37.5,104,89,54,81,0,E6,20,20,0.0,0.1,0,20
mas_iterative,1034,default,186,20,20,90.0,4,4,69.97777777777777,37.0,104,53,52,78,0,E6,20,20,0.0,0.1,0,20
cbba,1034,default,192,20,20,85.9,4,4,67.5111111111111,36.5,104,87,605,3163,145,E6,20,20,0.0,0.1,0,20
claim,1035,default,174,20,20,89.4,3,4,78.53703703703704,38.6,73,72,23,23,0,E6,20,20,0.0,0.1,0,20
mas,1035,default,175,20,20,87.55,2,4,76.20370370370371,38.6,59,100,48,72,0,E6,20,20,0.0,0.1,0,20
mas_iterative,1035,default,172,20,20,88.8,2,4,77.22222222222223,38.8,59,84,48,72,0,E6,20,20,0.0,0.1,0,20
cbba,1035,default,172,20,20,88.8,2,4,77.22222222222223,38.8,59,84,598,3246,144,E6,20,20,0.0,0.1,0,20
claim,1036,default,229,20,20,116.95,9,4,94.12244897959184,44.25,245,88,30,30,0,E6,20,20,0.0,0.1,0,20
mas,1036,default,221,20,20,105.6,6,4,84.24489795918367,37.75,205,110,67,101,0,E6,20,20,0.0,0.1,0,20
mas_iterative,1036,default,221,20,20,105.45,6,4,84.10204081632654,37.5,207,108,65,98,0,E6,20,20,0.0,0.1,0,20
cbba,1036,default,221,20,20,105.45,6,4,84.10204081632654,37.5,207,108,533,2799,126,E6,20,20,0.0,0.1,0,20
claim,1037,default,194,20,20,96.6,5,4,75.47826086956522,43.2,149,83,26,26,0,E6,20,20,0.0,0.1,0,20
mas,1037,default,190,20,20,88.25,3,4,67.6086956521739,34.4,125,43,63,95,0,E6,20,20,0.0,0.1,0,20
mas_iterative,1037,default,180,20,20,86.85,2,4,66.54347826086956,33.8,70,64,63,95,0,E6,20,20,0.0,0.1,0,20
cbba,1037,default,180,20,20,86.85,2,4,66.54347826086956,33.8,70,64,628,3342,151,E6,20,20,0.0,0.1,0,20
claim,1038,default,176,20,20,88.8,3,4,75.91379310344827,47.0,81,92,23,23,0,E6,20,20,0.0,0.1,0,20
mas,1038,default,167,20,20,79.2,1,4,67.1896551724138,45.166666666666664,28,109,46,69,0,E6,20,20,0.0,0.1,0,20
mas_iterative,1038,default,166,20,20,78.85,1,4,66.89655172413794,45.0,28,105,48,72,0,E6,20,20,0.0,0.1,0,20
cbba,1038,default,171,20,20,80.8,1,4,68.8103448275862,46.666666666666664,31,115,541,2901,130,E6,20,20,0.0,0.1,0,20
claim,1039,default,193,20,20,89.8,4,4,75.23214285714286,39.666666666666664,150,70,26,26,0,E6,20,20,0.0,0.1,0,20
mas,1039,default,173,20,20,78.25,1,4,65.26785714285714,32.833333333333336,12,120,50,75,0,E6,20,20,0.0,0.1,0,20
mas_iterative,1039,default,172,20,20,77.6,1,4,64.64285714285714,32.5,13,116,50,75,0,E6,20,20,0.0,0.1,0,20
cbba,1039,default,172,20,20,77.6,1,4,64.64285714285714,32.5,13,116,581,3183,140,E6,20,20,0.0,0.1,0,20
claim,1040,default,172,20,20,97.8,5,4,85.12244897959184,46.0,156,28,26,26,0,E6,20,20,0.0,0.1,0,20
mas,1040,default,141,20,20,80.85,1,4,70.14285714285714,49.5,27,38,50,75,0,E6,20,20,0.0,0.1,0,20
mas_iterative,1040,default,144,20,20,77.55,0,4,68.34693877551021,49.0,0,61,46,69,0,E6,20,20,0.0,0.1,0,20
cbba,1040,default,144,20,20,77.55,0,4,68.34693877551021,49.0,0,61,544,2938,131,E6,20,20,0.0,0.1,0,20
claim,1041,default,182,20,20,88.55,5,4,72.64,36.5,141,60,28,28,0,E6,20,20,0.0,0.1,0,20
mas,1041,default,184,20,20,79.95,3,4,64.5,31.0,95,124,58,87,0,E6,20,20,0.0,0.1,0,20
mas_iterative,1041,default,173,20,20,78.8,2,4,63.22,30.75,96,88,56,84,0,E6,20,20,0.0,0.1,0,20
cbba,1041,default,154,20,20,77.2,2,4,62.84,30.75,78,20,523,2687,125,E6,20,20,0.0,0.1,0,20
claim,1042,default,169,20,20,80.2,2,4,66.25,38.2,57,122,22,22,0,E6,20,20,0.0,0.1,0,20
mas,1042,default,167,20,20,72.15,1,4,57.61538461538461,29.0,34,127,46,69,0,E6,20,20,0.0,0.1,0,20
mas_iterative,1042,default,167,20,20,71.7,1,4,57.17307692307692,28.6,35,126,48,72,0,E6,20,20,0.0,0.1,0,20
cbba,1042,default,167,20,20,71.7,1,4,57.17307692307692,28.6,35,126,597,3191,144,E6,20,20,0.0,0.1,0,20
claim,1043,default,161,20,20,82.75,3,4,66.15789473684211,31.0,61,70,23,23,0,E6,20,20,0.0,0.1,0,20
mas,1043,default,155,20,20,73.6,0,4,57.18421052631579,31.0,0,84,46,69,0,E6,20,20,0.0,0.1,0,20
mas_iterative,1043,default,154,20,20,72.95,0,4,56.60526315789474,31.0,0,80,44,66,0,E6,20,20,0.0,0.1,0,20
cbba,1043,default,154,20,20,72.95,0,4,56.60526315789474,31.0,0,80,624,3416,151,E6,20,20,0.0,0.1,0,20
claim,1044,default,163,20,20,86.4,3,4,76.28,45.5,86,56,23,23,0,E6,20,20,0.0,0.1,0,20
mas,1044,default,158,20,20,78.35,1,4,67.88,40.0,26,96,46,69,0,E6,20,20,0.0,0.1,0,20
mas_iterative,1044,default,153,20,20,74.05,0,4,64.5,39.5,0,92,48,72,0,E6,20,20,0.0,0.1,0,20
cbba,1044,default,153,20,20,74.05,0,4,64.5,39.5,0,92,488,2554,117,E6,20,20,0.0,0.1,0,20
claim,1045,default,216,20,20,97.2,4,4,79.28846153846153,39.0,172,71,27,27,0,E6,20,20,0.0,0.1,0,20
mas,1045,default,195,20,20,86.1,2,4,70.23076923076923,32.25,66,107,56,84,0,E6,20,20,0.0,0.1,0,20
mas_iterative,1045,default,204,20,20,86.4,2,4,69.84615384615384,32.0,79,118,58,87,0,E6,20,20,0.0,0.1,0,20
cbba,1045,default,204,20,20,86.4,2,4,69.84615384615384,32.0,79,118,584,3106,140,E6,20,20,0.0,0.1,0,20
claim,1046,default,215,20,20,117.65,5,4,101.62264150943396,57.4,222,104,30,30,0,E6,20,20,0.0,0.1,0,20
mas,1046,default,182,20,20,85.4,2,4,72.26415094339623,34.8,57,102,55,84,0,E6,20,20,0.0,0.1,0,20
mas_iterative,1046,default,180,20,20,83.95,2,4,70.9245283018868,33.8,56,95,56,85,0,E6,20,20,0.0,0.1,0,20
cbba,1046,default,180,20,20,83.95,2,4,70.9245283018868,33.8,56,95,538,2956,129,E6,20,20,0.0,0.1,0,20
claim,1047,default,159,20,20,81.8,4,4,69.2,43.0,117,73,24,24,0,E6,20,20,0.0,0.1,0,20
mas,1047,default,145,20,20,75.45,1,4,63.333333333333336,31.0,29,99,44,66,0,E6,20,20,0.0,0.1,0,20
mas_iterative,1047,default,144,20,20,75.15,1,4,63.044444444444444,30.5,29,95,44,66,0,E6,20,20,0.0,0.1,0,20
cbba,1047,default,141,20,20,73.9,2,4,61.68888888888889,28.0,35,87,582,3122,140,E6,20,20,0.0,0.1,0,20
claim,1048,default,240,20,20,126.95,7,4,110.8936170212766,56.0,322,89,33,33,0,E6,20,20,0.0,0.1,0,20
mas,1048,default,172,20,20,86.2,1,4,75.85106382978724,45.0,32,100,49,74,0,E6,20,20,0.0,0.1,0,20
mas_iterative,1048,default,171,20,20,85.15,1,4,74.85106382978724,44.5,32,96,47,71,0,E6,20,20,0.0,0.1,0,20
cbba,1048,default,163,20,20,81.1,0,4,70.1063829787234,30.0,0,78,592,3194,143,E6,20,20,0.0,0.1,0,20
claim,1049,default,196,20,20,97.8,4,4,86.9090909090909,39.333333333333336,104,94,25,25,0,E6,20,20,0.0,0.1,0,20
mas,1049,default,197,20,20,93.45,3,4,81.56363636363636,32.0,82,101,50,75,0,E6,20,20,0.0,0.1,0,20
mas_iterative,1049,default,176,20,20,85.05,1,4,74.45454545454545,31.666666666666668,16,71,54,81,0,E6,20,20,0.0,0.1,0,20
cbba,1049,default,176,20,20,85.05,1,4,74.45454545454545,31.666666666666668,16,71,389,2025,92,E6,20,20,0.0,0.1,0,20
claim,1050,default,196,20,20,101.65,4,4,83.9375,44.5,117,125,24,24,0,E6,20,20,0.0,0.1,0,20
mas,1050,default,182,20,20,91.65,2,4,76.54166666666667,44.0,57,114,46,69,0,E6,20,20,0.0,0.1,0,20
mas_iterative,1050,default,182,20,20,91.4,2,4,76.35416666666667,44.0,57,114,46,69,0,E6,20,20,0.0,0.1,0,20
cbba,1050,default,182,20,20,91.4,2,4,76.35416666666667,44.0,57,114,526,2764,126,E6,20,20,0.0,0.1,0,20
claim,1051,default,218,20,20,111.55,9,4,92.4,38.5,254,85,30,30,0,E6,20,20,0.0,0.1,0,20
mas,1051,default,167,20,20,84.6,1,4,69.8,28.5,16,83,46,69,0,E6,20,20,0.0,0.1,0,20
mas_iterative,1051,default,167,20,20,84.1,1,4,69.31111111111112,28.0,16,83,52,78,0,E6,20,20,0.0,0.1,0,20
cbba,1051,default,167,20,20,84.1,1,4,69.31111111111112,28.0,16,83,545,2969,131,E6,20,20,0.0,0.1,0,20
claim,1052,default,199,20,20,107.1,8,4,91.84782608695652,41.0,188,63,31,31,0,E6,20,20,0.0,0.1,0,20
mas,1052,default,184,20,20,92.9,4,4,76.69565217391305,29.0,105,99,56,85,0,E6,20,20,0.0,0.1,0,20
mas_iterative,1052,default,160,20,20,85.1,4,4,70.76086956521739,28.0,76,45,56,85,0,E6,20,20,0.0,0.1,0,20
cbba,1052,default,193,20,20,91.25,4,4,75.6086956521739,28.0,140,111,541,2849,129,E6,20,20,0.0,0.1,0,20
claim,1053,default,200,20,20,95.7,6,4,81.94117647058823,41.8,170,122,26,26,0,E6,20,20,0.0,0.1,0,20
mas,1053,default,143,20,20,74.85,1,4,63.490196078431374,37.8,23,37,48,72,0,E6,20,20,0.0,0.1,0,20
mas_iterative,1053,default,143,20,20,74.15,1,4,62.86274509803921,37.6,24,36,51,77,0,E6,20,20,0.0,0.1,0,20
cbba,1053,default,143,20,20,74.15,1,4,62.86274509803921,37.6,24,36,517,2723,124,E6,20,20,0.0,0.1,0,20
claim,1054,default,218,20,20,118.1,4,4,101.97727272727273,41.0,170,118,26,26,0,E6,20,20,0.0,0.1,0,20
mas,1054,default,184,20,20,87.65,3,4,72.9090909090909,28.5,63,87,52,78,0,E6,20,20,0.0,0.1,0,20
mas_iterative,1054,default,182,20,20,86.65,3,4,72.06818181818181,28.0,63,80,52,78,0,E6,20,20,0.0,0.1,0,20
cbba,1054,default,182,20,20,86.65,3,4,72.06818181818181,28.0,63,80,659,3553,159,E6,20,20,0.0,0.1,0,20
claim,1055,default,171,20,20,94.2,3,4,83.01886792452831,42.5,98,72,24,24,0,E6,20,20,0.0,0.1,0,20
mas,1055,default,165,20,20,86.2,3,4,75.20754716981132,40.5,67,87,48,72,0,E6,20,20,0.0,0.1,0,20
mas_iterative,1055,default,164,20,20,85.6,3,4,74.67924528301887,40.25,65,85,48,72,0,E6,20,20,0.0,0.1,0,20
cbba,1055,default,159,20,20,82.1,3,4,70.45283018867924,33.25,48,67,487,2567,116,E6,20,20,0.0,0.1,0,20
claim,1056,default,169,20,20,87.3,3,4,73.50943396226415,44.4,84,114,23,23,0,E6,20,20,0.0,0.1,0,20
mas,1056,default,160,20,20,81.65,1,4,68.52830188679245,40.2,28,106,44,66,0,E6,20,20,0.0,0.1,0,20
mas_iterative,1056,default,160,20,20,81.35,1,4,68.26415094339623,40.0,28,106,44,66,0,E6,20,20,0.0,0.1,0,20
cbba,1056,default,160,20,20,81.35,1,4,68.26415094339623,40.0,28,106,621,3351,150,E6,20,20,0.0,0.1,0,20
claim,1057,default,174,20,20,91.75,4,4,78.66666666666667,45.333333333333336,102,50,25,25,0,E6,20,20,0.0,0.1,0,20
mas,1057,default,166,20,20,86.7,2,4,73.64912280701755,38.5,63,44,53,80,0,E6,20,20,0.0,0.1,0,20
mas_iterative,1057,default,183,20,20,87.45,3,4,73.73684210526316,38.0,116,61,52,78,0,E6,20,20,0.0,0.1,0,20
cbba,1057,default,183,20,20,87.45,3,4,73.73684210526316,38.0,116,61,572,3014,137,E6,20,20,0.0,0.1,0,20
claim,1058,default,209,20,20,109.55,6,4,94.49019607843137,41.0,165,89,27,27,0,E6,20,20,0.0,0.1,0,20
mas,1058,default,189,20,20,90.55,1,4,77.27450980392157,31.25,28,113,50,75,0,E6,20,20,0.0,0.1,0,20
mas_iterative,1058,default,188,20,20,89.7,1,4,76.49019607843137,31.0,28,109,48,72,0,E6,20,20,0.0,0.1,0,20
cbba,1058,default,188,20,20,89.7,1,4,76.49019607843137,31.0,28,109,553,2969,133,E6,20,20,0.0,0.1,0,20
claim,1059,default,174,20,20,88.9,5,4,74.9423076923077,45.6,106,101,26,26,0,E6,20,20,0.0,0.1,0,20
mas,1059,default,161,20,20,76.75,2,4,63.78846153846154,35.4,53,104,54,81,0,E6,20,20,0.0,0.1,0,20
mas_iterative,1059,default,156,20,20,76.55,1,4,63.30769230769231,34.6,69,73,50,75,0,E6,20,20,0.0,0.1,0,20
cbba,1059,default,166,20,20,76.9,1,4,63.25,34.6,69,105,554,3022,133,E6,20,20,0.0,0.1,0,20
claim,1060,default,168,20,20,80.3,3,4,66.65217391304348,41.0,65,128,23,23,0,E6,20,20,0.0,0.1,0,20
mas,1060,default,153,20,20,69.2,0,4,56.608695652173914,33.333333333333336,0,118,48,72,0,E6,20,20,0.0,0.1,0,20
mas_iterative,1060,default,151,20,20,68.15,0,4,55.73913043478261,33.0,0,110,48,72,0,E6,20,20,0.0,0.1,0,20
cbba,1060,default,151,20,20,68.15,0,4,55.73913043478261,33.0,0,110,480,2488,115,E6,20,20,0.0,0.1,0,20
claim,1061,default,183,20,20,91.95,4,4,80.22916666666667,48.333333333333336,142,29,27,27,0,E6,20,20,0.0,0.1,0,20
mas,1061,default,173,20,20,82.15,1,4,70.375,32.0,21,91,52,78,0,E6,20,20,0.0,0.1,0,20
mas_iterative,1061,default,168,20,20,80.2,0,4,68.79166666666667,31.333333333333332,0,91,48,72,0,E6,20,20,0.0,0.1,0,20
cbba,1061,default,168,20,20,80.2,0,4,68.79166666666667,31.333333333333332,0,91,520,2778,125,E6,20,20,0.0,0.1,0,20
claim,1062,default,198,20,20,104.7,4,4,94.16949152542372,46.2,113,99,24,24,0,E6,20,20,0.0,0.1,0,20
mas,1062,default,185,20,20,91.8,2,4,82.15254237288136,41.2,51,100,48,72,0,E6,20,20,0.0,0.1,0,20
mas_iterative,1062,default,183,20,20,91.35,2,4,81.7457627118644,40.8,50,93,50,75,0,E6,20,20,0.0,0.1,0,20
cbba,1062,default,183,20,20,91.35,2,4,81.7457627118644,40.8,50,93,566,3080,136,E6,20,20,0.0,0.1,0,20
claim,1063,default,184,20,20,103.3,4,4,89.33962264150944,50.4,184,57,27,27,0,E6,20,20,0.0,0.1,0,20
mas,1063,default,156,20,20,72.4,1,4,62.113207547169814,35.6,35,119,49,74,0,E6,20,20,0.0,0.1,0,20
mas_iterative,1063,default,155,20,20,71.45,1,4,61.15094339622642,34.4,35,115,51,77,0,E6,20,20,0.0,0.1,0,20
cbba,1063,default,155,20,20,71.45,1,4,61.15094339622642,34.4,35,115,537,2885,129,E6,20,20,0.0,0.1,0,20
claim,1064,default,179,20,20,82.05,4,4,69.07142857142857,48.833333333333336,139,107,25,25,0,E6,20,20,0.0,0.1,0,20
mas,1064,default,156,20,20,75.85,3,4,63.160714285714285,46.666666666666664,108,35,54,81,0,E6,20,20,0.0,0.1,0,20
mas_iterative,1064,default,186,20,20,76.8,4,4,63.17857142857143,46.333333333333336,168,107,65,98,0,E6,20,20,0.0,0.1,0,20
cbba,1064,default,157,20,20,71.1,2,4,58.375,41.166666666666664,70,81,510,2730,122,E6,20,20,0.0,0.1,0,20
claim,1065,default,170,20,20,83.7,7,4,70.39583333333333,38.0,204,60,31,31,0,E6,20,20,0.0,0.1,0,20
mas,1065,default,137,20,20,71.15,2,4,61.375,39.333333333333336,51,82,54,81,0,E6,20,20,0.0,0.1,0,20
mas_iterative,1065,default,140,20,20,69.5,2,4,59.541666666666664,31.666666666666668,36,82,50,75,0,E6,20,20,0.0,0.1,0,20
cbba,1065,default,135,20,20,65.75,1,4,56.291666666666664,31.666666666666668,7,80,517,2739,124,E6,20,20,0.0,0.1,0,20
claim,1066,default,166,20,20,89.25,4,4,74.0,41.285714285714285,100,42,24,24,0,E6,20,20,0.0,0.1,0,20
mas,1066,default,170,20,20,76.5,2,4,63.09090909090909,38.285714285714285,56,108,56,84,0,E6,20,20,0.0,0.1,0,20
mas_iterative,1066,default,148,20,20,76.25,4,4,62.4,37.0,60,32,56,84,0,E6,20,20,0.0,0.1,0,20
cbba,1066,default,148,20,20,76.25,4,4,62.4,37.0,60,32,512,2706,122,E6,20,20,0.0,0.1,0,20
claim,1067,default,188,20,20,99.35,3,4,84.04166666666667,41.0,79,95,23,23,0,E6,20,20,0.0,0.1,0,20
mas,1067,default,181,20,20,90.9,1,4,75.20833333333333,31.0,28,96,48,72,0,E6,20,20,0.0,0.1,0,20
mas_iterative,1067,default,180,20,20,90.2,1,4,74.54166666666667,30.5,28,92,46,69,0,E6,20,20,0.0,0.1,0,20
cbba,1067,default,172,20,20,87.6,1,4,72.41666666666667,35.5,27,75,581,3173,140,E6,20,20,0.0,0.1,0,20
claim,1068,default,268,20,20,108.3,8,4,89.35185185185185,38.0,443,122,36,36,0,E6,20,20,0.0,0.1,0,20
mas,1068,default,179,20,20,76.35,1,4,63.7962962962963,28.6,65,115,57,86,0,E6,20,20,0.0,0.1,0,20
mas_iterative,1068,default,178,20,20,77.55,3,4,65.01851851851852,28.2,123,63,63,95,0,E6,20,20,0.0,0.1,0,20
cbba,1068,default,178,20,20,77.55,3,4,65.01851851851852,28.2,123,63,601,3209,144,E6,20,20,0.0,0.1,0,20
claim,1069,default,207,20,20,92.6,7,4,76.92307692307692,44.6,276,43,33,33,0,E6,20,20,0.0,0.1,0,20
mas,1069,default,163,20,20,79.65,3,4,66.28846153846153,32.0,47,83,58,87,0,E6,20,20,0.0,0.1,0,20
mas_iterative,1069,default,172,20,20,77.05,2,4,63.96153846153846,31.2,33,123,52,78,0,E6,20,20,0.0,0.1,0,20
cbba,1069,default,172,20,20,77.05,2,4,63.96153846153846,31.2,33,123,546,2880,131,E6,20,20,0.0,0.1,0,20
claim,1070,default,203,20,20,97.55,8,4,83.75409836065573,45.57142857142857,195,38,31,31,0,E6,20,20,0.0,0.1,0,20
mas,1070,default,189,20,20,90.5,7,4,77.47540983606558,41.42857142857143,160,65,58,87,0,E6,20,20,0.0,0.1,0,20
mas_iterative,1070,default,188,20,20,90.15,7,4,77.1639344262295,41.142857142857146,160,61,58,87,0,E6,20,20,0.0,0.1,0,20
cbba,1070,default,176,20,20,87.1,5,4,74.77049180327869,39.57142857142857,94,76,594,3302,142,E6,20,20,0.0,0.1,0,20
claim,1071,default,193,20,20,97.1,8,4,77.31372549019608,37.2,183,76,28,28,0,E6,20,20,0.0,0.1,0,20
mas,1071,default,176,20,20,86.95,3,4,68.33333333333333,33.6,68,93,54,81,0,E6,20,20,0.0,0.1,0,20
mas_iterative,1071,default,182,20,20,88.35,3,4,68.3921568627451,33.2,78,88,54,81,0,E6,20,20,0.0,0.1,0,20
cbba,1071,default,195,20,20,92.55,3,4,71.03921568627452,33.2,143,102,561,3073,134,E6,20,20,0.0,0.1,0,20
claim,1072,default,213,20,20,118.1,4,4,107.9090909090909,62.75,252,136,30,30,0,E6,20,20,0.0,0.1,0,20
mas,1072,default,153,20,20,78.6,2,4,71.8,40.0,56,96,51,77,0,E6,20,20,0.0,0.1,0,20
mas_iterative,1072,default,152,20,20,77.8,2,4,71.0,39.25,56,92,49,74,0,E6,20,20,0.0,0.1,0,20
cbba,1072,default,142,20,20,69.6,2,4,63.14545454545455,34.5,39,90,546,2924,131,E6,20,20,0.0,0.1,0,20
claim,1073,default,203,20,20,95.2,6,4,78.08163265306122,39.0,189,147,28,28,0,E6,20,20,0.0,0.1,0,20
mas,1073,default,170,20,20,85.6,4,4,71.93877551020408,39.0,89,97,52,78,0,E6,20,20,0.0,0.1,0,20
mas_iterative,1073,default,170,20,20,85.4,4,4,71.75510204081633,39.0,90,96,54,81,0,E6,20,20,0.0,0.1,0,20
cbba,1073,default,170,20,20,86.05,4,4,72.0204081632653,39.0,104,83,529,2865,126,E6,20,20,0.0,0.1,0,20
claim,1074,default,185,20,20,95.95,6,4,81.42307692307692,44.6,166,72,28,28,0,E6,20,20,0.0,0.1,0,20
mas,1074,default,176,20,20,94.2,4,4,80.17307692307692,44.6,106,92,52,78,0,E6,20,20,0.0,0.1,0,20
mas_iterative,1074,default,172,20,20,92.35,3,4,78.86538461538461,44.6,84,86,52,78,0,E6,20,20,0.0,0.1,0,20
cbba,1074,default,149,20,20,80.8,1,4,68.23076923076923,43.6,31,58,529,2875,127,E6,20,20,0.0,0.1,0,20
claim,1075,default,196,20,20,106.15,5,4,84.44680851063829,43.0,160,63,27,27,0,E6,20,20,0.0,0.1,0,20
mas,1075,default,188,20,20,96.5,3,4,76.42553191489361,35.666666666666664,84,91,50,75,0,E6,20,20,0.0,0.1,0,20
mas_iterative,1075,default,188,20,20,96.1,3,4,76.08510638297872,35.333333333333336,84,91,52,78,0,E6,20,20,0.0,0.1,0,20
cbba,1075,default,189,20,20,93.95,3,4,74.80851063829788,35.333333333333336,69,111,531,2867,127,E6,20,20,0.0,0.1,0,20
claim,1076,default,222,20,20,104.95,6,4,83.66666666666667,43.4,260,77,31,31,0,E6,20,20,0.0,0.1,0,20
mas,1076,default,196,20,20,86.85,1,4,69.4375,32.4,10,147,52,78,0,E6,20,20,0.0,0.1,0,20
mas_iterative,1076,default,196,20,20,87.45,1,4,69.1875,31.8,49,109,50,75,0,E6,20,20,0.0,0.1,0,20
cbba,1076,default,207,20,20,89.0,1,4,70.33333333333333,32.6,60,139,627,3347,151,E6,20,20,0.0,0.1,0,20
claim,1077,default,176,20,20,90.35,3,4,73.50909090909092,45.75,67,95,23,23,0,E6,20,20,0.0,0.1,0,20
mas,1077,default,156,20,20,77.15,0,4,62.36363636363637,41.375,0,80,44,66,0,E6,20,20,0.0,0.1,0,20
mas_iterative,1077,default,157,20,20,76.25,0,4,62.018181818181816,41.0,0,84,46,69,0,E6,20,20,0.0,0.1,0,20
cbba,1077,default,155,20,20,76.7,0,4,61.89090909090909,41.0,0,76,568,3038,137,E6,20,20,0.0,0.1,0,20
claim,1078,default,184,20,20,95.5,5,4,77.67391304347827,40.666666666666664,102,105,25,25,0,E6,20,20,0.0,0.1,0,20
mas,1078,default,167,20,20,83.35,3,4,67.30434782608695,40.666666666666664,86,61,59,89,0,E6,20,20,0.0,0.1,0,20
mas_iterative,1078,default,166,20,20,82.0,2,4,66.34782608695652,40.333333333333336,59,82,50,75,0,E6,20,20,0.0,0.1,0,20
cbba,1078,default,151,20,20,76.3,2,4,60.80434782608695,40.333333333333336,50,42,486,2602,116,E6,20,20,0.0,0.1,0,20
claim,1079,default,161,20,20,89.25,3,4,73.72,38.5,86,60,24,24,0,E6,20,20,0.0,0.1,0,20
mas,1079,default,159,20,20,83.25,2,4,67.48,32.0,46,74,46,69,0,E6,20,20,0.0,0.1,0,20
mas_iterative,1079,default,159,20,20,83.2,2,4,67.4,31.75,47,73,46,69,0,E6,20,20,0.0,0.1,0,20
cbba,1079,default,151,20,20,77.5,1,4,62.16,28.5,7,68,554,2974,133,E6,20,20,0.0,0.1,0,20
claim,1080,default,163,20,20,84.9,5,4,74.0,36.0,102,47,25,25,0,E6,20,20,0.0,0.1,0,20
mas,1080,default,142,20,20,66.75,1,4,57.6,36.0,25,53,56,84,0,E6,20,20,0.0,0.1,0,20
mas_iterative,1080,default,141,20,20,65.55,0,4,56.55555555555556,35.666666666666664,0,73,50,75,0,E6,20,20,0.0,0.1,0,20
cbba,1080,default,141,20,20,65.55,0,4,56.55555555555556,35.666666666666664,0,73,464,2406,111,E6,20,20,0.0,0.1,0,20
claim,1081,default,167,20,20,86.7,3,4,70.34042553191489,29.333333333333332,65,75,23,23,0,E6,20,20,0.0,0.1,0,20
mas,1081,default,159,20,20,81.05,1,4,65.57446808510639,29.333333333333332,28,74,44,66,0,E6,20,20,0.0,0.1,0,20
mas_iterative,1081,default,159,20,20,80.8,1,4,65.34042553191489,29.333333333333332,28,74,44,66,0,E6,20,20,0.0,0.1,0,20
cbba,1081,default,150,20,20,74.35,0,4,60.702127659574465,29.333333333333332,0,76,560,3010,135,E6,20,20,0.0,0.1,0,20
claim,1082,default,195,20,20,93.05,7,4,72.97916666666667,35.25,219,61,30,30,0,E6,20,20,0.0,0.1,0,20
mas,1082,default,179,20,20,81.65,1,4,64.66666666666667,28.25,45,109,52,78,0,E6,20,20,0.0,0.1,0,20
mas_iterative,1082,default,178,20,20,80.8,1,4,63.8125,27.5,45,105,54,81,0,E6,20,20,0.0,0.1,0,20
cbba,1082,default,178,20,20,80.8,1,4,63.8125,27.5,45,105,558,2904,134,E6,20,20,0.0,0.1,0,20
claim,1083,default,306,20,20,127.65,10,4,96.95555555555555,35.75,560,153,43,43,0,E6,20,20,0.0,0.1,0,20
mas,1083,default,184,20,20,96.8,6,4,79.11111111111111,35.75,132,79,61,92,0,E6,20,20,0.0,0.1,0,20
mas_iterative,1083,default,198,20,20,98.25,7,4,79.97777777777777,35.75,159,112,63,95,0,E6,20,20,0.0,0.1,0,20
cbba,1083,default,177,20,20,87.1,3,4,67.93333333333334,29.75,115,93,333,1769,77,E6,20,20,0.0,0.1,0,20
claim,1084,default,196,20,20,103.95,4,4,91.53571428571429,51.666666666666664,113,117,24,24,0,E6,20,20,0.0,0.1,0,20
mas,1084,default,169,20,20,90.0,2,4,78.80357142857143,44.666666666666664,37,75,48,72,0,E6,20,20,0.0,0.1,0,20
mas_iterative,1084,default,168,20,20,89.55,2,4,78.35714285714286,44.333333333333336,36,71,52,78,0,E6,20,20,0.0,0.1,0,20
cbba,1084,default,162,20,20,82.9,1,4,71.91071428571429,37.5,15,75,537,2895,129,E6,20,20,0.0,0.1,0,20
claim,1085,default,188,20,20,90.05,9,4,74.17647058823529,36.5,264,32,30,30,0,E6,20,20,0.0,0.1,0,20
mas,1085,default,154,20,20,69.5,1,4,58.8235294117647,32.0,36,82,52,78,0,E6,20,20,0.0,0.1,0,20
mas_iterative,1085,default,173,20,20,70.45,3,4,59.23529411764706,31.75,133,65,68,102,0,E6,20,20,0.0,0.1,0,20
cbba,1085,default,171,20,20,69.95,3,4,58.88235294117647,31.75,122,74,541,2781,129,E6,20,20,0.0,0.1,0,20
claim,1086,default,173,20,20,88.95,8,4,73.95833333333333,39.25,173,56,29,29,0,E6,20,20,0.0,0.1,0,20
mas,1086,default,152,20,20,73.0,2,4,60.083333333333336,34.0,61,70,52,78,0,E6,20,20,0.0,0.1,0,20
mas_iterative,1086,default,141,20,20,73.1,3,4,59.8125,33.75,68,25,52,78,0,E6,20,20,0.0,0.1,0,20
cbba,1086,default,141,20,20,73.1,3,4,59.8125,33.75,68,25,627,3459,151,E6,20,20,0.0,0.1,0,20
claim,1087,default,177,20,20,77.3,7,4,66.14634146341463,30.0,173,110,28,28,0,E6,20,20,0.0,0.1,0,20
mas,1087,default,152,20,20,65.75,2,4,56.31707317073171,30.0,30,121,56,84,0,E6,20,20,0.0,0.1,0,20
mas_iterative,1087,default,154,20,20,64.5,4,4,55.46341463414634,30.0,40,94,58,87,0,E6,20,20,0.0,0.1,0,20
cbba,1087,default,154,20,20,64.5,4,4,55.46341463414634,30.0,40,94,549,2869,131,E6,20,20,0.0,0.1,0,20
claim,1088,default,189,20,20,103.7,6,4,86.06521739130434,49.0,244,83,29,29,0,E6,20,20,0.0,0.1,0,20
mas,1088,default,148,20,20,71.3,1,4,57.82608695652174,36.25,29,113,49,74,0,E6,20,20,0.0,0.1,0,20
mas_iterative,1088,default,147,20,20,70.35,1,4,56.91304347826087,35.5,29,109,47,71,0,E6,20,20,0.0,0.1,0,20
cbba,1088,default,141,20,20,64.15,0,4,51.73913043478261,35.5,0,112,552,2954,133,E6,20,20,0.0,0.1,0,20
claim,1090,default,197,20,20,93.2,4,4,78.33333333333333,27.0,109,150,24,24,0,E6,20,20,0.0,0.1,0,20
mas,1090,default,152,20,20,71.95,0,4,60.07692307692308,27.0,0,86,44,66,0,E6,20,20,0.0,0.1,0,20
mas_iterative,1090,default,152,20,20,71.5,0,4,59.64102564102564,27.0,0,86,46,69,0,E6,20,20,0.0,0.1,0,20
cbba,1090,default,152,20,20,71.5,0,4,59.64102564102564,27.0,0,86,572,3080,138,E6,20,20,0.0,0.1,0,20
claim,1091,default,189,20,20,102.65,2,4,86.59574468085107,47.0,61,83,22,22,0,E6,20,20,0.0,0.1,0,20
mas,1091,default,176,20,20,90.6,0,4,75.17021276595744,40.0,0,84,44,66,0,E6,20,20,0.0,0.1,0,20
mas_iterative,1091,default,176,20,20,90.1,0,4,74.68085106382979,39.5,0,84,46,69,0,E6,20,20,0.0,0.1,0,20
cbba,1091,default,176,20,20,90.1,0,4,74.68085106382979,39.5,0,84,576,3110,139,E6,20,20,0.0,0.1,0,20
claim,1092,default,213,20,20,124.4,10,4,110.8076923076923,37.666666666666664,341,68,35,35,0,E6,20,20,0.0,0.1,0,20
mas,1092,default,143,20,20,78.65,2,4,70.78846153846153,37.666666666666664,48,66,46,69,0,E6,20,20,0.0,0.1,0,20
mas_iterative,1092,default,145,20,20,80.8,2,4,72.82692307692308,37.666666666666664,58,65,46,69,0,E6,20,20,0.0,0.1,0,20
cbba,1092,default,143,20,20,74.2,2,4,66.09615384615384,28.0,37,82,431,2265,102,E6,20,20,0.0,0.1,0,20
claim,1093,default,191,20,20,102.95,7,4,86.6923076923077,35.0,201,39,29,29,0,E6,20,20,0.0,0.1,0,20
mas,1093,default,160,20,20,85.15,3,4,71.1923076923077,28.0,76,39,52,78,0,E6,20,20,0.0,0.1,0,20
mas_iterative,1093,default,181,20,20,82.5,3,4,69.53846153846153,27.666666666666668,62,112,54,81,0,E6,20,20,0.0,0.1,0,20
cbba,1093,default,167,20,20,85.6,3,4,71.67307692307692,27.666666666666668,77,61,568,3026,136,E6,20,20,0.0,0.1,0,20
claim,1094,default,222,20,20,124.3,7,4,110.28301886792453,51.333333333333336,229,67,30,30,0,E6,20,20,0.0,0.1,0,20
mas,1094,default,170,20,20,83.7,0,4,72.83018867924528,30.333333333333332,0,74,50,76,0,E6,20,20,0.0,0.1,0,20
mas_iterative,1094,default,168,20,20,82.4,0,4,71.58490566037736,29.666666666666668,0,66,48,73,0,E6,20,20,0.0,0.1,0,20
cbba,1094,default,168,20,20,82.4,0,4,71.58490566037736,29.666666666666668,0,66,580,3144,140,E6,20,20,0.0,0.1,0,20
claim,1095,default,188,20,20,92.1,6,4,79.24561403508773,39.333333333333336,119,136,26,26,0,E6,20,20,0.0,0.1,0,20
mas,1095,default,168,20,20,76.85,1,4,66.71929824561404,37.5,27,134,46,69,0,E6,20,20,0.0,0.1,0,20
mas_iterative,1095,default,167,20,20,76.4,1,4,66.3157894736842,36.833333333333336,28,125,50,75,0,E6,20,20,0.0,0.1,0,20
cbba,1095,default,164,20,20,73.95,1,4,64.14035087719299,36.833333333333336,8,125,529,2821,127,E6,20,20,0.0,0.1,0,20
claim,1096,default,233,20,20,124.7,8,4,97.72916666666667,45.8,296,42,33,33,0,E6,20,20,0.0,0.1,0,20
mas,1096,default,184,20,20,92.95,1,4,72.375,38.4,34,82,48,72,0,E6,20,20,0.0,0.1,0,20
mas_iterative,1096,default,186,20,20,94.75,2,4,73.75,38.0,50,73,50,75,0,E6,20,20,0.0,0.1,0,20
cbba,1096,default,183,20,20,92.25,1,4,71.6875,37.8,34,78,585,3147,141,E6,20,20,0.0,0.1,0,20
claim,1097,default,209,20,20,95.3,5,4,74.63636363636364,38.0,192,81,29,29,0,E6,20,20,0.0,0.1,0,20
mas,1097,default,187,20,20,87.9,2,4,67.5,32.5,62,131,50,75,0,E6,20,20,0.0,0.1,0,20
mas_iterative,1097,default,174,20,20,80.5,2,4,62.45454545454545,32.25,72,70,57,86,0,E6,20,20,0.0,0.1,0,20
cbba,1097,default,174,20,20,80.5,2,4,62.45454545454545,32.25,72,70,555,2913,133,E6,20,20,0.0,0.1,0,20
claim,1098,default,209,20,20,104.8,6,4,84.15686274509804,44.166666666666664,208,65,26,26,0,E6,20,20,0.0,0.1,0,20
mas,1098,default,200,20,20,97.85,4,4,81.15686274509804,44.166666666666664,119,76,52,78,0,E6,20,20,0.0,0.1,0,20
mas_iterative,1098,default,200,20,20,97.7,4,4,81.03921568627452,44.166666666666664,118,77,52,78,0,E6,20,20,0.0,0.1,0,20
cbba,1098,default,200,20,20,97.7,4,4,81.03921568627452,44.166666666666664,118,77,585,3039,140,E6,20,20,0.0,0.1,0,20
claim,1099,default,186,20,20,100.5,5,4,82.91489361702128,39.666666666666664,143,95,26,26,0,E6,20,20,0.0,0.1,0,20
mas,1099,default,155,20,20,77.65,0,4,63.93617021276596,33.333333333333336,0,92,44,66,0,E6,20,20,0.0,0.1,0,20
mas_iterative,1099,default,154,20,20,77.15,0,4,63.4468085106383,33.0,0,88,44,66,0,E6,20,20,0.0,0.1,0,20
cbba,1099,default,154,20,20,77.15,0,4,63.4468085106383,33.0,0,88,612,3320,148,E6,20,20,0.0,0.1,0,20
claim,1101,default,214,20,20,113.05,5,4,89.65306122448979,49.8,151,101,26,26,0,E6,20,20,0.0,0.1,0,20
mas,1101,default,196,20,20,98.15,5,4,76.36734693877551,41.0,103,47,52,78,0,E6,20,20,0.0,0.1,0,20
mas_iterative,1101,default,196,20,20,97.9,5,4,76.10204081632654,40.8,103,46,52,78,0,E6,20,20,0.0,0.1,0,20
cbba,1101,default,198,20,20,92.65,4,4,70.53061224489795,35.4,120,62,569,3033,136,E6,20,20,0.0,0.1,0,20
claim,1102,default,180,20,20,88.4,5,4,78.55932203389831,51.166666666666664,91,147,25,25,0,E6,20,20,0.0,0.1,0,20
mas,1102,default,152,20,20,78.05,2,4,67.49152542372882,40.333333333333336,42,80,52,78,0,E6,20,20,0.0,0.1,0,20
mas_iterative,1102,default,163,20,20,75.95,1,4,66.38983050847457,39.666666666666664,22,128,48,72,0,E6,20,20,0.0,0.1,0,20
cbba,1102,default,163,20,20,75.95,1,4,66.38983050847457,39.666666666666664,22,128,597,3245,144,E6,20,20,0.0,0.1,0,20
claim,1103,default,206,20,20,114.9,6,4,100.87037037037037,43.5,211,96,29,29,0,E6,20,20,0.0,0.1,0,20
mas,1103,default,170,20,20,87.2,4,4,75.16666666666667,34.0,99,53,50,75,0,E6,20,20,0.0,0.1,0,20
mas_iterative,1103,default,170,20,20,87.3,4,4,75.18518518518519,33.75,100,51,52,78,0,E6,20,20,0.0,0.1,0,20
cbba,1103,default,161,20,20,79.6,2,4,68.72222222222223,33.75,47,88,498,2662,119,E6,20,20,0.0,0.1,0,20
claim,1104,default,210,20,20,96.9,7,4,77.32608695652173,34.5,185,142,28,28,0,E6,20,20,0.0,0.1,0,20
mas,1104,default,181,20,20,81.25,2,4,65.32608695652173,30.0,52,123,56,84,0,E6,20,20,0.0,0.1,0,20
mas_iterative,1104,default,170,20,20,79.9,1,4,64.78260869565217,29.75,34,98,52,78,0,E6,20,20,0.0,0.1,0,20
cbba,1104,default,170,20,20,79.9,1,4,64.78260869565217,29.75,34,98,461,2473,110,E6,20,20,0.0,0.1,0,20
claim,1106,default,253,20,20,128.6,8,4,109.16981132075472,56.8,385,90,36,36,0,E6,20,20,0.0,0.1,0,20
mas,1106,default,179,20,20,88.35,4,4,73.84905660377359,37.4,114,69,56,85,0,E6,20,20,0.0,0.1,0,20
mas_iterative,1106,default,179,20,20,87.9,4,4,73.28301886792453,36.6,117,66,56,85,0,E6,20,20,0.0,0.1,0,20
cbba,1106,default,179,20,20,87.9,4,4,73.28301886792453,36.6,117,66,617,3265,148,E6,20,20,0.0,0.1,0,20
claim,1107,default,152,20,20,75.55,3,4,67.16326530612245,47.0,84,77,23,23,0,E6,20,20,0.0,0.1,0,20
mas,1107,default,137,20,20,65.6,1,4,57.83673469387755,35.5,40,53,56,84,0,E6,20,20,0.0,0.1,0,20
mas_iterative,1107,default,135,20,20,64.3,0,4,56.69387755102041,35.0,0,84,48,72,0,E6,20,20,0.0,0.1,0,20
cbba,1107,default,135,20,20,64.3,0,4,56.69387755102041,35.0,0,84,556,2954,134,E6,20,20,0.0,0.1,0,20
claim,1108,default,193,20,20,93.35,5,4,79.57407407407408,38.2,149,64,28,28,0,E6,20,20,0.0,0.1,0,20
mas,1108,default,185,20,20,86.65,4,4,73.16666666666667,38.2,141,70,52,78,0,E6,20,20,0.0,0.1,0,20
mas_iterative,1108,default,185,20,20,86.6,4,4,73.11111111111111,38.2,142,69,52,78,0,E6,20,20,0.0,0.1,0,20
cbba,1108,default,155,20,20,79.1,2,4,68.25925925925925,40.2,45,62,499,2701,119,E6,20,20,0.0,0.1,0,20
claim,1109,default,226,20,20,87.45,9,4,69.93023255813954,33.5,326,87,33,33,0,E6,20,20,0.0,0.1,0,20
mas,1109,default,181,20,20,75.5,2,4,61.95348837209303,28.0,52,155,48,72,0,E6,20,20,0.0,0.1,0,20
mas_iterative,1109,default,181,20,20,76.05,2,4,62.0,27.5,62,145,50,75,0,E6,20,20,0.0,0.1,0,20
cbba,1109,default,181,20,20,76.25,2,4,62.18604651162791,27.5,62,144,594,3182,143,E6,20,20,0.0,0.1,0,20
claim,1110,default,179,20,20,87.95,4,4,77.39344262295081,46.714285714285715,134,66,26,26,0,E6,20,20,0.0,0.1,0,20
mas,1110,default,164,20,20,78.2,1,4,68.11475409836065,36.57142857142857,22,102,52,78,0,E6,20,20,0.0,0.1,0,20
mas_iterative,1110,default,163,20,20,77.4,1,4,67.36065573770492,36.0,22,98,50,75,0,E6,20,20,0.0,0.1,0,20
cbba,1110,default,159,20,20,74.2,0,4,64.32786885245902,36.0,2,96,453,2415,108,E6,20,20,0.0,0.1,0,20
claim,1111,default,216,20,20,102.0,9,4,80.54,42.2,318,64,36,36,0,E6,20,20,0.0,0.1,0,20
mas,1111,default,160,20,20,77.35,2,4,62.14,39.0,40,90,50,75,0,E6,20,20,0.0,0.1,0,20
mas_iterative,1111,default,159,20,20,75.9,2,4,60.92,38.6,40,89,50,75,0,E6,20,20,0.0,0.1,0,20
cbba,1111,default,159,20,20,75.9,2,4,60.92,38.6,40,89,591,3215,142,E6,20,20,0.0,0.1,0,20
claim,1112,default,279,20,20,168.85,9,4,144.7111111111111,41.0,534,77,43,43,0,E6,20,20,0.0,0.1,0,20
mas,1112,default,170,20,20,86.5,4,4,72.06666666666666,39.0,109,68,53,80,0,E6,20,20,0.0,0.1,0,20
mas_iterative,1112,default,168,20,20,85.85,4,4,71.4888888888889,38.5,109,61,53,80,0,E6,20,20,0.0,0.1,0,20
cbba,1112,default,151,20,20,81.05,2,4,68.28888888888889,37.0,44,61,538,2914,129,E6,20,20,0.0,0.1,0,20
claim,1113,default,242,20,20,111.75,10,4,86.83018867924528,43.8,344,123,36,36,0,E6,20,20,0.0,0.1,0,20
mas,1113,default,169,20,20,82.5,1,4,67.20754716981132,43.0,32,100,48,72,0,E6,20,20,0.0,0.1,0,20
mas_iterative,1113,default,181,20,20,82.55,3,4,66.81132075471699,42.4,138,43,58,87,0,E6,20,20,0.0,0.1,0,20
cbba,1113,default,169,20,20,77.05,0,4,61.58490566037736,36.6,0,119,572,3082,138,E6,20,20,0.0,0.1,0,20
claim,1114,default,200,20,20,105.75,5,4,84.6923076923077,55.833333333333336,144,79,25,25,0,E6,20,20,0.0,0.1,0,20
mas,1114,default,186,20,20,86.2,1,4,66.71153846153847,40.666666666666664,22,115,48,72,0,E6,20,20,0.0,0.1,0,20
mas_iterative,1114,default,171,20,20,83.55,1,4,65.09615384615384,40.166666666666664,21,68,50,75,0,E6,20,20,0.0,0.1,0,20
cbba,1114,default,171,20,20,83.55,1,4,65.09615384615384,40.166666666666664,21,68,553,2999,133,E6,20,20,0.0,0.1,0,20
claim,1115,default,202,20,20,105.4,7,4,85.25,51.2,245,136,31,31,0,E6,20,20,0.0,0.1,0,20
mas,1115,default,174,20,20,74.6,4,4,58.270833333333336,35.4,116,114,51,77,0,E6,20,20,0.0,0.1,0,20
mas_iterative,1115,default,160,20,20,71.75,4,4,56.770833333333336,35.0,74,100,55,83,0,E6,20,20,0.0,0.1,0,20
cbba,1115,default,165,20,20,69.0,4,4,53.416666666666664,34.4,69,139,636,3478,153,E6,20,20,0.0,0.1,0,20
claim,1116,default,142,20,20,74.35,2,4,62.04761904761905,27.5,57,93,22,22,0,E6,20,20,0.0,0.1,0,20
mas,1116,default,134,20,20,65.95,0,4,54.642857142857146,27.5,0,98,48,72,0,E6,20,20,0.0,0.1,0,20
mas_iterative,1116,default,133,20,20,65.15,0,4,53.904761904761905,27.5,0,94,48,72,0,E6,20,20,0.0,0.1,0,20
cbba,1116,default,138,20,20,67.55,1,4,56.333333333333336,27.0,11,102,593,3169,143,E6,20,20,0.0,0.1,0,20
claim,1117,default,179,20,20,83.15,7,4,67.9245283018868,37.2,153,111,30,30,0,E6,20,20,0.0,0.1,0,20
mas,1117,default,163,20,20,75.8,3,4,61.60377358490566,32.0,79,122,48,72,0,E6,20,20,0.0,0.1,0,20
mas_iterative,1117,default,163,20,20,75.55,3,4,61.320754716981135,31.8,79,122,48,72,0,E6,20,20,0.0,0.1,0,20
cbba,1117,default,163,20,20,75.55,3,4,61.320754716981135,31.8,79,122,543,3033,130,E6,20,20,0.0,0.1,0,20
claim,1118,default,220,20,20,115.55,5,4,99.01886792452831,51.5,137,98,27,27,0,E6,20,20,0.0,0.1,0,20
mas,1118,default,184,20,20,91.15,1,4,76.9245283018868,42.25,28,72,46,69,0,E6,20,20,0.0,0.1,0,20
mas_iterative,1118,default,191,20,20,89.45,1,4,74.83018867924528,42.0,16,110,50,75,0,E6,20,20,0.0,0.1,0,20
cbba,1118,default,187,20,20,87.8,1,4,73.47169811320755,42.0,8,101,537,2887,129,E6,20,20,0.0,0.1,0,20
claim,1119,default,168,20,20,89.35,3,4,78.42857142857143,39.0,81,82,23,23,0,E6,20,20,0.0,0.1,0,20
mas,1119,default,151,20,20,74.4,0,4,63.97959183673469,27.5,0,82,48,72,0,E6,20,20,0.0,0.1,0,20
mas_iterative,1119,default,149,20,20,73.5,0,4,63.12244897959184,27.0,0,74,50,75,0,E6,20,20,0.0,0.1,0,20
cbba,1119,default,149,20,20,73.5,0,4,63.12244897959184,27.0,0,74,472,2484,113,E6,20,20,0.0,0.1,0,20
claim,1120,default,187,20,20,89.75,6,4,77.13636363636364,50.5,167,94,27,27,0,E6,20,20,0.0,0.1,0,20
mas,1120,default,153,20,20,76.3,3,4,65.63636363636364,38.5,31,87,52,78,0,E6,20,20,0.0,0.1,0,20
mas_iterative,1120,default,153,20,20,75.65,3,4,65.0,38.0,32,86,54,81,0,E6,20,20,0.0,0.1,0,20
cbba,1120,default,153,20,20,75.65,3,4,65.0,38.0,32,86,543,3003,130,E6,20,20,0.0,0.1,0,20
claim,1121,default,194,20,20,97.7,2,4,79.91304347826087,43.5,65,99,22,22,0,E6,20,20,0.0,0.1,0,20
mas,1121,default,189,20,20,92.25,1,4,74.65217391304348,37.5,33,103,48,72,0,E6,20,20,0.0,0.1,0,20
mas_iterative,1121,default,188,20,20,91.75,1,4,74.17391304347827,37.25,33,99,50,75,0,E6,20,20,0.0,0.1,0,20
cbba,1121,default,177,20,20,82.65,1,4,65.91304347826087,36.0,44,61,586,3060,141,E6,20,20,0.0,0.1,0,20
claim,1123,default,174,20,20,88.6,7,4,73.20833333333333,38.8,187,51,30,30,0,E6,20,20,0.0,0.1,0,20
mas,1123,default,156,20,20,77.7,2,4,63.25,31.4,42,90,50,75,0,E6,20,20,0.0,0.1,0,20
mas_iterative,1123,default,156,20,20,77.1,2,4,62.645833333333336,31.0,42,90,48,72,0,E6,20,20,0.0,0.1,0,20
cbba,1123,default,151,20,20,76.35,2,4,62.291666666666664,31.0,52,72,522,2754,125,E6,20,20,0.0,0.1,0,20
claim,1124,default,163,20,20,82.95,6,4,72.72222222222223,34.0,147,60,28,28,0,E6,20,20,0.0,0.1,0,20
mas,1124,default,152,20,20,76.8,4,4,66.33333333333333,28.333333333333332,104,37,60,90,0,E6,20,20,0.0,0.1,0,20
mas_iterative,1124,default,147,20,20,71.4,2,4,62.129629629629626,28.0,38,92,54,81,0,E6,20,20,0.0,0.1,0,20
cbba,1124,default,147,20,20,71.4,2,4,62.129629629629626,28.0,38,92,494,2672,118,E6,20,20,0.0,0.1,0,20
claim,1125,default,241,20,20,121.45,8,4,94.74468085106383,36.0,331,116,33,33,0,E6,20,20,0.0,0.1,0,20
mas,1125,default,197,20,20,86.7,4,4,67.0,28.0,122,123,56,84,0,E6,20,20,0.0,0.1,0,20
mas_iterative,1125,default,184,20,20,82.3,2,4,64.53191489361703,27.666666666666668,46,120,56,84,0,E6,20,20,0.0,0.1,0,20
cbba,1125,default,184,20,20,82.3,2,4,64.53191489361703,27.666666666666668,46,120,494,2652,118,E6,20,20,0.0,0.1,0,20
claim,1126,default,142,20,20,71.05,3,4,59.34,44.75,76,90,23,23,0,E6,20,20,0.0,0.1,0,20
mas,1126,default,128,20,20,62.25,1,4,51.2,38.25,13,88,50,75,0,E6,20,20,0.0,0.1,0,20
mas_iterative,1126,default,126,20,20,61.35,0,4,50.44,37.5,0,82,50,75,0,E6,20,20,0.0,0.1,0,20
cbba,1126,default,126,20,20,61.35,0,4,50.44,37.5,0,82,448,2362,107,E6,20,20,0.0,0.1,0,20
claim,1127,default,162,20,20,84.6,3,4,75.38775510204081,28.333333333333332,95,89,23,23,0,E6,20,20,0.0,0.1,0,20
mas,1127,default,148,20,20,70.25,1,4,62.857142857142854,28.333333333333332,10,101,50,75,0,E6,20,20,0.0,0.1,0,20
mas_iterative,1127,default,147,20,20,69.5,1,4,62.204081632653065,28.333333333333332,10,97,48,72,0,E6,20,20,0.0,0.1,0,20
cbba,1127,default,147,20,20,69.45,1,4,62.16326530612245,28.333333333333332,9,98,477,2493,114,E6,20,20,0.0,0.1,0,20
claim,1128,default,162,20,20,88.35,3,4,72.80434782608695,33.333333333333336,104,54,24,24,0,E6,20,20,0.0,0.1,0,20
mas,1128,default,148,20,20,77.05,1,4,62.41304347826087,33.333333333333336,34,66,46,69,0,E6,20,20,0.0,0.1,0,20
mas_iterative,1128,default,148,20,20,76.65,1,4,62.02173913043478,33.333333333333336,35,65,52,78,0,E6,20,20,0.0,0.1,0,20
cbba,1128,default,148,20,20,76.65,1,4,62.02173913043478,33.333333333333336,35,65,501,2709,120,E6,20,20,0.0,0.1,0,20
claim,1129,default,186,20,20,98.75,6,4,87.14285714285714,27.0,166,29,28,28,0,E6,20,20,0.0,0.1,0,20
mas,1129,default,190,20,20,91.6,4,4,80.38775510204081,27.0,117,79,52,78,0,E6,20,20,0.0,0.1,0,20
mas_iterative,1129,default,190,20,20,91.3,4,4,80.10204081632654,27.0,117,79,52,78,0,E6,20,20,0.0,0.1,0,20
cbba,1129,default,175,20,20,84.6,2,4,74.0,27.0,54,84,639,3461,154,E6,20,20,0.0,0.1,0,20
claim,1130,default,178,20,20,91.65,4,4,77.96428571428571,45.0,122,76,25,25,0,E6,20,20,0.0,0.1,0,20
mas,1130,default,166,20,20,79.05,1,4,66.78571428571429,41.2,22,106,48,72,0,E6,20,20,0.0,0.1,0,20
mas_iterative,1130,default,167,20,20,79.05,2,4,66.67857142857143,40.6,32,107,54,81,0,E6,20,20,0.0,0.1,0,20
cbba,1130,default,167,20,20,79.05,2,4,66.67857142857143,40.6,32,107,482,2580,115,E6,20,20,0.0,0.1,0,20
claim,1131,default,179,20,20,92.4,5,4,79.33898305084746,55.5,153,72,25,25,0,E6,20,20,0.0,0.1,0,20
mas,1131,default,170,20,20,84.7,4,4,72.50847457627118,50.125,84,96,52,78,0,E6,20,20,0.0,0.1,0,20
mas_iterative,1131,default,170,20,20,84.35,4,4,72.15254237288136,49.875,85,95,56,84,0,E6,20,20,0.0,0.1,0,20
cbba,1131,default,155,20,20,75.25,1,4,64.40677966101696,44.125,36,77,501,2615,120,E6,20,20,0.0,0.1,0,20
claim,1132,default,169,20,20,94.8,5,4,83.37735849056604,38.666666666666664,110,69,25,25,0,E6,20,20,0.0,0.1,0,20
mas,1132,default,148,20,20,76.65,0,4,66.9622641509434,36.333333333333336,0,75,52,79,0,E6,20,20,0.0,0.1,0,20
mas_iterative,1132,default,151,20,20,77.7,1,4,67.62264150943396,35.666666666666664,20,72,51,77,0,E6,20,20,0.0,0.1,0,20
cbba,1132,default,151,20,20,77.7,1,4,67.62264150943396,35.666666666666664,20,72,517,2751,124,E6,20,20,0.0,0.1,0,20
claim,1133,default,180,20,20,88.9,3,4,76.84905660377359,36.0,75,109,23,23,0,E6,20,20,0.0,0.1,0,20
mas,1133,default,169,20,20,74.25,1,4,63.35849056603774,35.5,25,116,46,69,0,E6,20,20,0.0,0.1,0,20
mas_iterative,1133,default,169,20,20,73.8,1,4,62.886792452830186,35.25,25,116,50,75,0,E6,20,20,0.0,0.1,0,20
cbba,1133,default,169,20,20,73.8,1,4,62.886792452830186,35.25,25,116,529,2823,127,E6,20,20,0.0,0.1,0,20
claim,1134,default,182,20,20,91.85,7,4,80.12244897959184,28.5,190,56,29,29,0,E6,20,20,0.0,0.1,0,20
mas,1134,default,173,20,20,90.0,4,4,78.9795918367347,28.5,105,91,54,81,0,E6,20,20,0.0,0.1,0,20
mas_iterative,1134,default,171,20,20,79.4,4,4,68.42857142857143,28.5,92,81,58,87,0,E6,20,20,0.0,0.1,0,20
cbba,1134,default,175,20,20,87.75,5,4,76.59183673469387,28.5,108,106,482,2510,114,E6,20,20,0.0,0.1,0,20
claim,1135,default,249,20,20,109.75,10,4,88.58333333333333,45.6,448,76,38,38,0,E6,20,20,0.0,0.1,0,20
mas,1135,default,181,20,20,82.4,4,4,68.52083333333333,36.0,94,112,54,81,0,E6,20,20,0.0,0.1,0,20
mas_iterative,1135,default,181,20,20,82.0,4,4,68.10416666666667,35.8,94,112,54,81,0,E6,20,20,0.0,0.1,0,20
cbba,1135,default,181,20,20,82.0,4,4,68.10416666666667,35.8,94,112,608,3252,146,E6,20,20,0.0,0.1,0,20
claim,1136,default,202,20,20,118.85,6,4,102.31372549019608,62.2,172,73,26,26,0,E6,20,20,0.0,0.1,0,20
mas,1136,default,172,20,20,88.35,0,4,74.43137254901961,41.2,0,85,48,72,0,E6,20,20,0.0,0.1,0,20
mas_iterative,1136,default,170,20,20,87.35,0,4,73.49019607843137,40.4,0,77,48,72,0,E6,20,20,0.0,0.1,0,20
cbba,1136,default,170,20,20,87.35,0,4,73.49019607843137,40.4,0,77,576,3124,139,E6,20,20,0.0,0.1,0,20
claim,1137,default,251,20,20,108.3,15,4,84.12765957446808,38.75,386,77,39,39,0,E6,20,20,0.0,0.1,0,20
mas,1137,default,195,20,20,90.5,6,4,71.0,32.25,143,115,60,90,0,E6,20,20,0.0,0.1,0,20
mas_iterative,1137,default,194,20,20,90.3,6,4,70.7872340425532,32.0,145,109,60,90,0,E6,20,20,0.0,0.1,0,20
cbba,1137,default,194,20,20,90.3,6,4,70.7872340425532,32.0,145,109,511,2699,121,E6,20,20,0.0,0.1,0,20
claim,1138,default,163,20,20,86.4,3,4,75.70370370370371,37.0,96,77,23,23,0,E6,20,20,0.0,0.1,0,20
mas,1138,default,163,20,20,72.65,2,4,63.5,31.0,21,139,50,75,0,E6,20,20,0.0,0.1,0,20
mas_iterative,1138,default,162,20,20,71.95,2,4,62.870370370370374,30.75,20,136,50,75,0,E6,20,20,0.0,0.1,0,20
cbba,1138,default,141,20,20,71.45,1,4,62.5,38.75,16,64,589,3247,142,E6,20,20,0.0,0.1,0,20
claim,1139,default,171,20,20,89.1,4,4,79.46296296296296,48.0,83,133,24,24,0,E6,20,20,0.0,0.1,0,20
mas,1139,default,157,20,20,76.5,1,4,67.37037037037037,39.0,20,129,52,78,0,E6,20,20,0.0,0.1,0,20
mas_iterative,1139,default,156,20,20,75.45,1,4,66.37037037037037,38.0,20,125,51,77,0,E6,20,20,0.0,0.1,0,20
cbba,1139,default,156,20,20,75.45,1,4,66.37037037037037,38.0,20,125,505,2645,121,E6,20,20,0.0,0.1,0,20
claim,1140,default,203,20,20,89.55,7,4,71.70833333333333,36.25,290,44,34,34,0,E6,20,20,0.0,0.1,0,20
mas,1140,default,169,20,20,83.15,4,4,68.95833333333333,36.25,95,82,52,78,0,E6,20,20,0.0,0.1,0,20
mas_iterative,1140,default,168,20,20,83.0,4,4,68.875,36.25,95,78,52,78,0,E6,20,20,0.0,0.1,0,20
cbba,1140,default,168,20,20,78.4,4,4,64.39583333333333,36.25,75,98,552,3012,132,E6,20,20,0.0,0.1,0,20
claim,1141,default,200,20,20,104.65,4,4,85.69090909090909,54.0,165,106,25,25,0,E6,20,20,0.0,0.1,0,20
mas,1141,default,164,20,20,85.2,2,4,72.52727272727273,48.0,41,60,50,75,0,E6,20,20,0.0,0.1,0,20
mas_iterative,1141,default,164,20,20,85.05,2,4,72.36363636363636,47.75,42,59,52,78,0,E6,20,20,0.0,0.1,0,20
cbba,1141,default,164,20,20,85.05,2,4,72.36363636363636,47.75,42,59,515,2769,123,E6,20,20,0.0,0.1,0,20
claim,1142,default,202,20,20,97.8,6,4,82.58,40.25,173,77,28,28,0,E6,20,20,0.0,0.1,0,20
mas,1142,default,180,20,20,90.15,4,4,75.62,33.75,75,93,54,81,0,E6,20,20,0.0,0.1,0,20
mas_iterative,1142,default,180,20,20,89.65,4,4,75.12,33.5,76,92,52,78,0,E6,20,20,0.0,0.1,0,20
cbba,1142,default,180,20,20,89.65,4,4,75.12,33.5,76,92,660,3606,159,E6,20,20,0.0,0.1,0,20
claim,1143,default,201,20,20,91.2,5,4,70.27906976744185,42.0,122,132,25,25,0,E6,20,20,0.0,0.1,0,20
mas,1143,default,170,20,20,80.5,1,4,60.93023255813954,41.333333333333336,37,85,50,75,0,E6,20,20,0.0,0.1,0,20
mas_iterative,1143,default,181,20,20,79.05,1,4,59.604651162790695,40.666666666666664,33,140,50,75,0,E6,20,20,0.0,0.1,0,20
cbba,1143,default,181,20,20,79.05,1,4,59.604651162790695,40.666666666666664,33,140,533,2897,128,E6,20,20,0.0,0.1,0,20
claim,1144,default,211,20,20,121.25,7,4,99.43137254901961,56.666666666666664,261,84,31,31,0,E6,20,20,0.0,0.1,0,20
mas,1144,default,175,20,20,88.15,4,4,70.05882352941177,43.0,110,76,51,77,0,E6,20,20,0.0,0.1,0,20
mas_iterative,1144,default,174,20,20,87.65,4,4,69.54901960784314,42.5,110,72,53,80,0,E6,20,20,0.0,0.1,0,20
cbba,1144,default,158,20,20,79.35,2,4,62.490196078431374,37.5,36,79,610,3304,147,E6,20,20,0.0,0.1,0,20
claim,1145,default,222,20,20,105.45,11,4,85.0,51.375,277,136,34,34,0,E6,20,20,0.0,0.1,0,20
mas,1145,default,197,20,20,85.7,5,4,68.53571428571429,41.125,127,167,62,93,0,E6,20,20,0.0,0.1,0,20
mas_iterative,1145,default,179,20,20,83.85,6,4,66.85714285714286,40.5,140,88,64,96,0,E6,20,20,0.0,0.1,0,20
cbba,1145,default,178,20,20,82.05,5,4,65.26785714285714,40.25,109,108,543,2907,129,E6,20,20,0.0,0.1,0,20
claim,1146,default,191,20,20,95.35,6,4,84.23636363636363,46.25,163,80,27,27,0,E6,20,20,0.0,0.1,0,20
mas,1146,default,174,20,20,86.7,2,4,75.7090909090909,35.25,62,93,57,86,0,E6,20,20,0.0,0.1,0,20
mas_iterative,1146,default,146,20,20,79.75,1,4,70.49090909090908,34.5,10,32,54,81,0,E6,20,20,0.0,0.1,0,20
cbba,1146,default,146,20,20,79.75,1,4,70.49090909090908,34.5,10,32,529,2891,127,E6,20,20,0.0,0.1,0,20
claim,1147,default,189,20,20,93.25,5,4,76.72340425531915,38.666666666666664,145,71,28,28,0,E6,20,20,0.0,0.1,0,20
mas,1147,default,160,20,20,79.8,0,4,65.74468085106383,31.333333333333332,0,82,46,69,0,E6,20,20,0.0,0.1,0,20
mas_iterative,1147,default,159,20,20,79.15,0,4,65.17021276595744,31.0,0,78,46,69,0,E6,20,20,0.0,0.1,0,20
cbba,1147,default,170,20,20,80.15,1,4,64.38297872340425,29.333333333333332,40,67,593,3139,143,E6,20,20,0.0,0.1,0,20
claim,1149,default,186,20,20,91.95,7,4,78.5576923076923,40.333333333333336,201,91,28,28,0,E6,20,20,0.0,0.1,0,20
mas,1149,default,138,20,20,66.3,0,4,57.42307692307692,39.333333333333336,0,104,44,66,0,E6,20,20,0.0,0.1,0,20
mas_iterative,1149,default,138,20,20,65.8,0,4,56.90384615384615,39.0,0,104,44,66,0,E6,20,20,0.0,0.1,0,20
cbba,1149,default,138,20,20,65.8,0,4,56.90384615384615,39.0,0,104,616,3320,149,E6,20,20,0.0,0.1,0,20
claim,1150,default,162,20,20,93.7,8,4,76.10416666666667,39.6,172,32,29,29,0,E6,20,20,0.0,0.1,0,20
mas,1150,default,153,20,20,75.5,2,4,60.604166666666664,30.0,8,69,56,84,0,E6,20,20,0.0,0.1,0,20
mas_iterative,1150,default,154,20,20,74.8,2,4,59.9375,29.2,16,67,54,81,0,E6,20,20,0.0,0.1,0,20
cbba,1150,default,154,20,20,74.8,2,4,59.9375,29.2,16,67,490,2534,117,E6,20,20,0.0,0.1,0,20
claim,1152,default,193,20,20,97.05,6,4,80.02083333333333,42.75,210,45,31,31,0,E6,20,20,0.0,0.1,0,20
mas,1152,default,167,20,20,83.0,1,4,69.14583333333333,36.5,29,86,46,69,0,E6,20,20,0.0,0.1,0,20
mas_iterative,1152,default,166,20,20,82.55,1,4,68.72916666666667,36.25,29,82,46,69,0,E6,20,20,0.0,0.1,0,20
cbba,1152,default,164,20,20,82.9,1,4,68.72916666666667,36.25,29,74,613,3305,148,E6,20,20,0.0,0.1,0,20
claim,1153,default,247,20,20,121.25,7,4,101.77358490566037,46.2,225,142,27,27,0,E6,20,20,0.0,0.1,0,20
mas,1153,default,188,20,20,87.7,0,4,74.32075471698113,41.6,0,138,46,69,0,E6,20,20,0.0,0.1,0,20
mas_iterative,1153,default,185,20,20,86.75,0,4,73.69811320754717,41.2,0,126,46,69,0,E6,20,20,0.0,0.1,0,20
cbba,1153,default,188,20,20,87.1,1,4,73.67924528301887,41.2,41,98,569,3013,137,E6,20,20,0.0,0.1,0,20
claim,1155,default,207,20,20,93.9,6,4,71.45833333333333,40.0,254,56,30,30,0,E6,20,20,0.0,0.1,0,20
mas,1155,default,177,20,20,80.75,2,4,61.791666666666664,30.0,40,106,52,78,0,E6,20,20,0.0,0.1,0,20
mas_iterative,1155,default,169,20,20,79.0,1,4,60.375,29.4,6,84,48,72,0,E6,20,20,0.0,0.1,0,20
cbba,1155,default,166,20,20,76.95,2,4,59.0,33.4,20,83,590,3220,142,E6,20,20,0.0,0.1,0,20
claim,1156,default,219,20,20,122.25,7,4,108.72340425531915,30.0,280,58,33,33,0,E6,20,20,0.0,0.1,0,20
mas,1156,default,183,20,20,97.35,5,4,84.55319148936171,29.0,122,87,59,89,0,E6,20,20,0.0,0.1,0,20
mas_iterative,1156,default,172,20,20,90.3,3,4,79.46808510638297,29.0,72,69,53,80,0,E6,20,20,0.0,0.1,0,20
cbba,1156,default,183,20,20,91.7,4,4,80.51063829787235,29.0,94,104,592,3188,142,E6,20,20,0.0,0.1,0,20
claim,1157,default,177,20,20,98.45,4,4,84.02083333333333,35.666666666666664,101,76,26,26,0,E6,20,20,0.0,0.1,0,20
mas,1157,default,164,20,20,85.25,2,4,71.33333333333333,35.666666666666664,43,76,53,80,0,E6,20,20,0.0,0.1,0,20
mas_iterative,1157,default,163,20,20,86.45,2,4,72.72916666666667,40.666666666666664,51,59,54,81,0,E6,20,20,0.0,0.1,0,20
cbba,1157,default,155,20,20,80.45,1,4,67.39583333333333,29.666666666666668,7,69,541,2903,130,E6,20,20,0.0,0.1,0,20
claim,1000,default,168,20,20,82.5,8,4,68.71739130434783,32.0,132,119,29,29,0,E6,20,20,0.0,0.3,0,1
mas,1000,default,156,20,20,75.95,5,4,62.84782608695652,28.666666666666668,83,98,58,87,0,E6,20,20,0.0,0.3,0,1
mas_iterative,1000,default,151,20,20,76.1,3,4,62.130434782608695,28.333333333333332,102,74,54,81,0,E6,20,20,0.0,0.3,0,1
cbba,1000,default,151,20,20,76.1,3,4,62.130434782608695,28.333333333333332,102,74,585,3195,140,E6,20,20,0.0,0.3,0,1
claim,1001,default,220,20,20,92.6,10,4,78.96428571428571,40.4,390,34,38,38,0,E6,20,20,0.0,0.3,0,1
mas,1001,default,196,20,20,83.5,7,4,71.48214285714286,35.8,269,35,72,108,0,E6,20,20,0.0,0.3,0,1
mas_iterative,1001,default,159,20,20,75.6,2,4,66.125,35.6,33,94,46,69,0,E6,20,20,0.0,0.3,0,1
cbba,1001,default,159,20,20,75.6,2,4,66.125,35.6,33,94,486,2634,116,E6,20,20,0.0,0.3,0,1
claim,1002,default,191,20,20,90.45,5,4,73.8695652173913,47.0,181,70,28,28,0,E6,20,20,0.0,0.3,0,1
mas,1002,default,199,20,20,87.5,6,4,69.76086956521739,35.75,229,91,70,105,0,E6,20,20,0.0,0.3,0,1
mas_iterative,1002,default,168,20,20,79.05,2,4,63.58695652173913,34.75,69,77,57,86,0,E6,20,20,0.0,0.3,0,1
cbba,1002,default,168,20,20,79.05,2,4,63.58695652173913,34.75,69,77,472,2432,112,E6,20,20,0.0,0.3,0,1
claim,1003,default,169,20,20,84.3,7,4,67.72916666666667,44.666666666666664,151,27,31,31,0,E6,20,20,0.0,0.3,0,1
mas,1003,default,185,20,20,82.45,6,4,63.895833333333336,40.666666666666664,173,117,62,93,0,E6,20,20,0.0,0.3,0,1
mas_iterative,1003,default,155,20,20,75.9,5,4,60.708333333333336,40.666666666666664,102,61,59,89,0,E6,20,20,0.0,0.3,0,1
cbba,1003,default,175,20,20,85.2,6,4,66.47916666666667,41.666666666666664,178,104,559,3031,132,E6,20,20,0.0,0.3,0,1
claim,1004,default,214,20,20,119.9,6,4,103.31914893617021,40.0,274,63,32,32,0,E6,20,20,0.0,0.3,0,1
mas,1004,default,184,20,20,90.65,6,4,76.08510638297872,29.333333333333332,161,59,63,95,0,E6,20,20,0.0,0.3,0,1
mas_iterative,1004,default,199,20,20,92.25,6,4,76.40425531914893,29.0,204,64,62,93,0,E6,20,20,0.0,0.3,0,1
cbba,1004,default,211,20,20,92.25,7,4,75.7872340425532,29.0,249,82,579,3007,137,E6,20,20,0.0,0.3,0,1
claim,1005,default,201,20,20,99.35,12,4,85.83636363636364,52.0,286,96,38,38,0,E6,20,20,0.0,0.3,0,1
mas,1005,default,161,20,20,79.05,6,4,68.36363636363636,40.0,136,93,66,99,0,E6,20,20,0.0,0.3,0,1
mas_iterative,1005,default,162,20,20,70.55,6,4,60.74545454545454,38.5,89,137,60,90,0,E6,20,20,0.0,0.3,0,1
cbba,1005,default,142,20,20,66.35,3,4,58.472727272727276,38.5,40,109,503,2719,120,E6,20,20,0.0,0.3,0,1
claim,1006,default,217,20,20,110.8,10,4,89.41025641025641,38.0,315,125,35,35,0,E6,20,20,0.0,0.3,0,1
mas,1006,default,211,20,20,90.85,8,4,73.07692307692308,29.0,270,147,74,111,0,E6,20,20,0.0,0.3,0,1
mas_iterative,1006,default,178,20,20,90.1,5,4,73.28205128205128,28.5,125,116,62,93,0,E6,20,20,0.0,0.3,0,1
cbba,1006,default,184,20,20,86.5,6,4,70.61538461538461,28.5,169,110,505,2695,119,E6,20,20,0.0,0.3,0,1
claim,1007,default,157,20,20,82.95,6,4,72.46666666666667,33.0,108,113,26,26,0,E6,20,20,0.0,0.3,0,1
mas,1007,default,160,20,20,82.65,7,4,70.73333333333333,33.0,178,74,66,99,0,E6,20,20,0.0,0.3,0,1
mas_iterative,1007,default,133,20,20,70.05,2,4,60.82222222222222,33.0,59,55,57,86,0,E6,20,20,0.0,0.3,0,1
cbba,1007,default,123,20,20,71.85,3,4,61.888888888888886,28.0,51,43,439,2305,104,E6,20,20,0.0,0.3,0,1
claim,1008,default,195,20,20,102.0,7,4,86.94,36.25,167,108,28,28,0,E6,20,20,0.0,0.3,0,1
mas,1008,default,197,20,20,100.2,10,4,85.22,36.25,201,85,62,93,0,E6,20,20,0.0,0.3,0,1
mas_iterative,1008,default,185,20,20,99.4,8,4,84.66,36.25,150,86,58,87,0,E6,20,20,0.0,0.3,0,1
cbba,1008,default,178,20,20,95.8,4,4,82.18,36.25,110,84,523,2819,124,E6,20,20,0.0,0.3,0,1
claim,1009,default,230,20,20,116.45,7,4,95.23404255319149,38.0,219,114,28,28,0,E6,20,20,0.0,0.3,0,1
mas,1009,default,206,20,20,97.3,5,4,77.59574468085107,27.666666666666668,124,125,58,87,0,E6,20,20,0.0,0.3,0,1
mas_iterative,1009,default,176,20,20,87.85,1,4,71.87234042553192,27.333333333333332,35,73,52,78,0,E6,20,20,0.0,0.3,0,1
cbba,1009,default,176,20,20,87.85,1,4,71.87234042553192,27.333333333333332,35,73,462,2446,110,E6,20,20,0.0,0.3,0,1
claim,1010,default,225,20,20,117.85,8,4,102.86792452830188,58.2,401,34,38,38,0,E6,20,20,0.0,0.3,0,1
mas,1010,default,181,20,20,95.0,6,4,82.0377358490566,46.4,166,55,62,93,0,E6,20,20,0.0,0.3,0,1
mas_iterative,1010,default,194,20,20,94.65,6,4,80.90566037735849,44.4,176,85,62,93,0,E6,20,20,0.0,0.3,0,1
cbba,1010,default,168,20,20,84.5,3,4,71.26415094339623,40.2,90,94,529,2837,126,E6,20,20,0.0,0.3,0,1
claim,1011,default,196,20,20,90.95,8,4,73.61111111111111,37.2,216,129,30,30,0,E6,20,20,0.0,0.3,0,1
mas,1011,default,166,20,20,77.35,5,4,64.20370370370371,37.2,135,69,58,87,0,E6,20,20,0.0,0.3,0,1
mas_iterative,1011,default,162,20,20,78.4,4,4,64.9074074074074,37.0,78,112,56,84,0,E6,20,20,0.0,0.3,0,1
cbba,1011,default,162,20,20,78.4,4,4,64.9074074074074,37.0,78,112,544,2948,130,E6,20,20,0.0,0.3,0,1
claim,1012,default,170,20,20,89.0,6,4,78.71698113207547,40.2,153,116,29,29,0,E6,20,20,0.0,0.3,0,1
mas,1012,default,167,20,20,87.35,4,4,77.52830188679245,40.2,138,119,58,87,0,E6,20,20,0.0,0.3,0,1
mas_iterative,1012,default,173,20,20,78.05,7,4,67.9622641509434,40.2,171,112,62,93,0,E6,20,20,0.0,0.3,0,1
cbba,1012,default,166,20,20,86.35,5,4,76.88679245283019,40.2,161,100,495,2603,117,E6,20,20,0.0,0.3,0,1
claim,1013,default,171,20,20,87.85,5,4,78.46341463414635,nan,99,108,25,25,0,E6,20,20,0.0,0.3,0,1
mas,1013,default,170,20,20,89.8,5,4,77.17073170731707,nan,143,78,62,93,0,E6,20,20,0.0,0.3,0,1
mas_iterative,1013,default,182,20,20,87.7,6,4,76.78048780487805,nan,130,147,58,87,0,E6,20,20,0.0,0.3,0,1
cbba,1013,default,182,20,20,87.7,6,4,76.78048780487805,nan,130,147,495,2671,117,E6,20,20,0.0,0.3,0,1
claim,1014,default,188,20,20,91.6,6,4,77.06,28.5,164,112,28,28,0,E6,20,20,0.0,0.3,0,1
mas,1014,default,187,20,20,86.75,6,4,72.62,28.5,172,91,64,96,0,E6,20,20,0.0,0.3,0,1
mas_iterative,1014,default,164,20,20,83.55,4,4,70.5,28.5,88,72,54,81,0,E6,20,20,0.0,0.3,0,1
cbba,1014,default,218,20,20,90.85,9,4,73.82,28.5,281,104,680,3640,162,E6,20,20,0.0,0.3,0,1
claim,1015,default,236,20,20,112.05,10,4,98.0,34.0,329,60,34,34,0,E6,20,20,0.0,0.3,0,1
mas,1015,default,208,20,20,100.55,6,4,88.84,34.0,204,75,64,96,0,E6,20,20,0.0,0.3,0,1
mas_iterative,1015,default,190,20,20,101.85,7,4,88.66,34.0,179,76,58,87,0,E6,20,20,0.0,0.3,0,1
cbba,1015,default,184,20,20,98.45,7,4,85.3,34.0,170,33,458,2356,107,E6,20,20,0.0,0.3,0,1
claim,1016,default,194,20,20,90.5,7,4,69.34,39.833333333333336,338,47,34,34,0,E6,20,20,0.0,0.3,0,1
mas,1016,default,135,20,20,69.4,3,4,56.92,36.166666666666664,34,37,50,75,0,E6,20,20,0.0,0.3,0,1
mas_iterative,1016,default,143,20,20,71.45,4,4,57.38,36.0,81,99,56,84,0,E6,20,20,0.0,0.3,0,1
cbba,1016,default,143,20,20,71.45,4,4,57.38,36.0,81,99,521,2835,124,E6,20,20,0.0,0.3,0,1
claim,1017,default,184,20,20,91.05,6,4,79.40384615384616,41.666666666666664,179,56,30,30,0,E6,20,20,0.0,0.3,0,1
mas,1017,default,169,20,20,76.8,4,4,65.61538461538461,36.333333333333336,71,139,60,90,0,E6,20,20,0.0,0.3,0,1
mas_iterative,1017,default,148,20,20,71.8,1,4,61.78846153846154,36.0,39,85,52,78,0,E6,20,20,0.0,0.3,0,1
cbba,1017,default,148,20,20,71.8,1,4,61.78846153846154,36.0,39,85,502,2752,120,E6,20,20,0.0,0.3,0,1
claim,1018,default,214,20,20,115.65,9,4,90.11363636363636,32.666666666666664,245,49,32,32,0,E6,20,20,0.0,0.3,0,1
mas,1018,default,229,20,20,115.15,10,4,88.56818181818181,32.666666666666664,269,69,74,111,0,E6,20,20,0.0,0.3,0,1
mas_iterative,1018,default,224,20,20,104.0,6,4,80.86363636363636,32.666666666666664,206,115,58,87,0,E6,20,20,0.0,0.3,0,1
cbba,1018,default,207,20,20,100.8,6,4,75.88636363636364,32.666666666666664,203,85,573,3093,136,E6,20,20,0.0,0.3,0,1
claim,1019,default,185,20,20,99.3,5,4,85.90196078431373,32.0,184,33,28,28,0,E6,20,20,0.0,0.3,0,1
mas,1019,default,204,20,20,96.5,7,4,83.82352941176471,32.0,191,111,56,84,0,E6,20,20,0.0,0.3,0,1
mas_iterative,1019,default,204,20,20,96.5,7,4,83.82352941176471,32.0,191,111,56,84,0,E6,20,20,0.0,0.3,0,1
cbba,1019,default,181,20,20,94.8,6,4,82.2156862745098,32.0,137,64,527,2859,125,E6,20,20,0.0,0.3,0,1
claim,1020,default,216,20,20,103.5,7,4,84.41304347826087,28.5,214,122,29,29,0,E6,20,20,0.0,0.3,0,1
mas,1020,default,216,20,20,103.2,8,4,83.54347826086956,28.5,194,148,62,93,0,E6,20,20,0.0,0.3,0,1
mas_iterative,1020,default,221,20,20,111.1,6,4,88.56521739130434,28.5,280,102,74,111,0,E6,20,20,0.0,0.3,0,1
cbba,1020,default,208,20,20,106.05,6,4,85.21739130434783,28.5,203,110,476,2502,112,E6,20,20,0.0,0.3,0,1
claim,1021,default,202,20,20,100.2,8,4,80.76086956521739,35.666666666666664,232,123,33,33,0,E6,20,20,0.0,0.3,0,1
mas,1021,default,171,20,20,84.65,6,4,71.91304347826087,35.666666666666664,144,99,64,96,0,E6,20,20,0.0,0.3,0,1
mas_iterative,1021,default,174,20,20,86.2,7,4,71.93478260869566,35.666666666666664,219,44,66,99,0,E6,20,20,0.0,0.3,0,1
cbba,1021,default,188,20,20,80.95,7,4,66.69565217391305,35.666666666666664,251,27,599,3071,142,E6,20,20,0.0,0.3,0,1
claim,1022,default,197,20,20,96.8,6,4,82.84313725490196,41.5,172,89,28,28,0,E6,20,20,0.0,0.3,0,1
mas,1022,default,187,20,20,85.0,8,4,70.41176470588235,41.5,174,73,76,114,0,E6,20,20,0.0,0.3,0,1
mas_iterative,1022,default,162,20,20,80.25,4,4,67.3921568627451,41.0,66,69,62,93,0,E6,20,20,0.0,0.3,0,1
cbba,1022,default,179,20,20,81.15,4,4,67.7843137254902,36.25,84,58,476,2530,113,E6,20,20,0.0,0.3,0,1
claim,1023,default,214,20,20,107.7,9,4,90.98039215686275,38.0,254,65,30,30,0,E6,20,20,0.0,0.3,0,1
mas,1023,default,197,20,20,100.85,4,4,82.2156862745098,29.333333333333332,161,71,60,90,0,E6,20,20,0.0,0.3,0,1
mas_iterative,1023,default,215,20,20,103.0,7,4,85.01960784313725,29.0,262,54,70,105,0,E6,20,20,0.0,0.3,0,1
cbba,1023,default,208,20,20,101.95,6,4,83.92156862745098,29.0,240,50,564,3018,133,E6,20,20,0.0,0.3,0,1
claim,1024,default,280,20,20,152.3,10,4,128.75510204081633,54.333333333333336,590,44,45,45,0,E6,20,20,0.0,0.3,0,1
mas,1024,default,197,20,20,110.15,6,4,93.6734693877551,42.0,194,90,70,106,0,E6,20,20,0.0,0.3,0,1
mas_iterative,1024,default,205,20,20,107.85,7,4,88.83673469387755,40.666666666666664,193,117,63,95,0,E6,20,20,0.0,0.3,0,1
cbba,1024,default,182,20,20,87.75,4,4,74.16326530612245,29.0,105,100,481,2639,114,E6,20,20,0.0,0.3,0,1
claim,1025,default,165,20,20,90.2,7,4,74.95918367346938,40.75,175,30,30,30,0,E6,20,20,0.0,0.3,0,1
mas,1025,default,157,20,20,83.7,4,4,69.26530612244898,40.0,124,72,56,84,0,E6,20,20,0.0,0.3,0,1
mas_iterative,1025,default,160,20,20,82.55,5,4,67.20408163265306,33.75,133,48,54,81,0,E6,20,20,0.0,0.3,0,1
cbba,1025,default,145,20,20,72.75,2,4,59.673469387755105,37.75,53,92,450,2398,107,E6,20,20,0.0,0.3,0,1
claim,1026,default,226,20,20,115.8,11,4,95.64150943396227,43.833333333333336,339,71,34,34,0,E6,20,20,0.0,0.3,0,1
mas,1026,default,200,20,20,106.05,9,4,87.32075471698113,40.0,208,57,74,112,0,E6,20,20,0.0,0.3,0,1
mas_iterative,1026,default,196,20,20,104.5,7,4,87.33962264150944,41.166666666666664,203,66,60,90,0,E6,20,20,0.0,0.3,0,1
cbba,1026,default,203,20,20,103.95,9,4,87.09433962264151,39.666666666666664,201,107,559,2973,132,E6,20,20,0.0,0.3,0,1
claim,1027,default,238,20,20,131.15,9,4,107.59574468085107,54.5,399,90,35,35,0,E6,20,20,0.0,0.3,0,1
mas,1027,default,199,20,20,106.5,6,4,88.36170212765957,52.0,183,43,64,96,0,E6,20,20,0.0,0.3,0,1
mas_iterative,1027,default,196,20,20,110.35,4,4,91.91489361702128,47.5,167,59,56,84,0,E6,20,20,0.0,0.3,0,1
cbba,1027,default,204,20,20,101.15,9,4,80.59574468085107,32.25,233,42,644,3432,153,E6,20,20,0.0,0.3,0,1
claim,1028,default,246,20,20,150.8,8,4,129.0909090909091,43.0,364,51,36,36,0,E6,20,20,0.0,0.3,0,1
mas,1028,default,206,20,20,100.65,8,4,77.88636363636364,28.5,170,73,68,103,0,E6,20,20,0.0,0.3,0,1
mas_iterative,1028,default,169,20,20,85.3,1,4,68.43181818181819,27.5,21,79,56,85,0,E6,20,20,0.0,0.3,0,1
cbba,1028,default,169,20,20,85.3,1,4,68.43181818181819,27.5,21,79,449,2403,107,E6,20,20,0.0,0.3,0,1
claim,1030,default,211,20,20,106.45,12,4,85.95238095238095,48.5,300,85,38,38,0,E6,20,20,0.0,0.3,0,1
mas,1030,default,178,20,20,95.05,8,4,78.14285714285714,48.5,172,56,65,98,0,E6,20,20,0.0,0.3,0,1
mas_iterative,1030,default,188,20,20,95.2,8,4,77.57142857142857,48.5,185,37,66,99,0,E6,20,20,0.0,0.3,0,1
cbba,1030,default,163,20,20,84.45,5,4,68.5,33.5,132,39,469,2505,110,E6,20,20,0.0,0.3,0,1
claim,1031,default,181,20,20,91.45,4,4,75.87272727272727,42.57142857142857,103,86,24,24,0,E6,20,20,0.0,0.3,0,1
mas,1031,default,210,20,20,100.75,8,4,81.18181818181819,38.857142857142854,250,100,71,107,0,E6,20,20,0.0,0.3,0,1
mas_iterative,1031,default,191,20,20,91.35,5,4,73.76363636363637,38.285714285714285,186,72,64,96,0,E6,20,20,0.0,0.3,0,1
cbba,1031,default,176,20,20,85.85,5,4,70.89090909090909,38.285714285714285,116,83,618,3382,148,E6,20,20,0.0,0.3,0,1
claim,1032,default,214,20,20,101.6,9,4,82.93617021276596,34.0,292,65,33,33,0,E6,20,20,0.0,0.3,0,1
mas,1032,default,164,20,20,84.4,6,4,70.06382978723404,34.0,94,87,61,92,0,E6,20,20,0.0,0.3,0,1
mas_iterative,1032,default,210,20,20,94.5,7,4,74.14893617021276,33.5,250,103,64,96,0,E6,20,20,0.0,0.3,0,1
cbba,1032,default,210,20,20,94.5,7,4,74.14893617021276,33.5,250,103,630,3342,150,E6,20,20,0.0,0.3,0,1
claim,1033,default,229,20,20,101.85,6,4,86.29629629629629,50.4,209,98,30,30,0,E6,20,20,0.0,0.3,0,1
mas,1033,default,178,20,20,85.6,4,4,72.22222222222223,45.6,92,41,58,87,0,E6,20,20,0.0,0.3,0,1
mas_iterative,1033,default,181,20,20,83.85,4,4,70.79629629629629,45.0,83,60,60,90,0,E6,20,20,0.0,0.3,0,1
cbba,1033,default,231,20,20,90.55,4,4,74.05555555555556,45.0,296,28,568,2840,134,E6,20,20,0.0,0.3,0,1
claim,1034,default,197,20,20,95.7,6,4,76.37777777777778,48.5,182,29,27,27,0,E6,20,20,0.0,0.3,0,1
mas,1034,default,214,20,20,97.2,7,4,74.5111111111111,37.0,214,30,68,102,0,E6,20,20,0.0,0.3,0,1
mas_iterative,1034,default,196,20,20,88.6,4,4,68.71111111111111,36.5,106,122,56,84,0,E6,20,20,0.0,0.3,0,1
cbba,1034,default,189,20,20,84.05,2,4,64.15555555555555,27.5,93,104,500,2690,119,E6,20,20,0.0,0.3,0,1
claim,1035,default,196,20,20,96.15,9,4,83.0925925925926,38.6,240,29,30,30,0,E6,20,20,0.0,0.3,0,1
mas,1035,default,173,20,20,87.1,7,4,73.38888888888889,34.0,119,88,60,90,0,E6,20,20,0.0,0.3,0,1
mas_iterative,1035,default,162,20,20,78.6,3,4,67.48148148148148,33.4,72,64,54,81,0,E6,20,20,0.0,0.3,0,1
cbba,1035,default,162,20,20,78.6,3,4,67.48148148148148,33.4,72,64,507,2813,121,E6,20,20,0.0,0.3,0,1
claim,1036,default,234,20,20,128.15,7,4,104.79591836734694,44.5,284,100,32,32,0,E6,20,20,0.0,0.3,0,1
mas,1036,default,253,20,20,110.55,8,4,85.81632653061224,42.75,343,108,71,107,0,E6,20,20,0.0,0.3,0,1
mas_iterative,1036,default,256,20,20,117.05,9,4,89.3265306122449,42.5,360,82,73,110,0,E6,20,20,0.0,0.3,0,1
cbba,1036,default,174,20,20,88.0,0,4,71.89795918367346,35.25,0,60,436,2284,104,E6,20,20,0.0,0.3,0,1
claim,1037,default,220,20,20,105.9,9,4,80.15217391304348,43.2,275,70,32,32,0,E6,20,20,0.0,0.3,0,1
mas,1037,default,212,20,20,99.75,8,4,76.54347826086956,39.0,211,98,69,104,0,E6,20,20,0.0,0.3,0,1
mas_iterative,1037,default,176,20,20,91.65,2,4,71.45652173913044,38.4,42,82,46,69,0,E6,20,20,0.0,0.3,0,1
cbba,1037,default,176,20,20,91.65,2,4,71.45652173913044,38.4,42,82,502,2740,120,E6,20,20,0.0,0.3,0,1
claim,1038,default,176,20,20,89.15,5,4,76.17241379310344,46.5,125,53,25,25,0,E6,20,20,0.0,0.3,0,1
mas,1038,default,197,20,20,90.15,6,4,74.94827586206897,45.166666666666664,192,92,56,84,0,E6,20,20,0.0,0.3,0,1
mas_iterative,1038,default,179,20,20,88.0,7,4,74.44827586206897,45.833333333333336,137,92,62,93,0,E6,20,20,0.0,0.3,0,1
cbba,1038,default,201,20,20,87.4,6,4,73.62068965517241,45.833333333333336,152,150,524,2724,124,E6,20,20,0.0,0.3,0,1
claim,1039,default,196,20,20,90.85,5,4,77.125,39.666666666666664,143,104,27,27,0,E6,20,20,0.0,0.3,0,1
mas,1039,default,196,20,20,90.85,5,4,77.125,39.666666666666664,137,109,54,81,0,E6,20,20,0.0,0.3,0,1
mas_iterative,1039,default,196,20,20,90.85,5,4,77.125,39.666666666666664,137,109,54,81,0,E6,20,20,0.0,0.3,0,1
cbba,1039,default,199,20,20,93.7,6,4,76.58928571428571,36.166666666666664,184,95,560,3068,133,E6,20,20,0.0,0.3,0,1
claim,1040,default,219,20,20,109.95,8,4,93.28571428571429,46.0,332,65,33,33,0,E6,20,20,0.0,0.3,0,1
mas,1040,default,176,20,20,103.9,7,4,90.18367346938776,46.0,199,33,58,87,0,E6,20,20,0.0,0.3,0,1
mas_iterative,1040,default,176,20,20,103.9,7,4,90.18367346938776,46.0,199,33,58,87,0,E6,20,20,0.0,0.3,0,1
cbba,1040,default,193,20,20,105.1,7,4,89.3061224489796,46.0,252,63,467,2499,109,E6,20,20,0.0,0.3,0,1
claim,1041,default,279,20,20,119.6,10,4,90.28,36.5,583,72,43,43,0,E6,20,20,0.0,0.3,0,1
mas,1041,default,173,20,20,87.75,4,4,71.1,32.75,90,104,54,81,0,E6,20,20,0.0,0.3,0,1
mas_iterative,1041,default,184,20,20,88.8,5,4,71.6,32.5,143,41,58,87,0,E6,20,20,0.0,0.3,0,1
cbba,1041,default,184,20,20,88.8,5,4,71.6,32.5,143,41,567,3047,135,E6,20,20,0.0,0.3,0,1
claim,1042,default,196,20,20,97.85,8,4,79.34615384615384,38.2,224,120,33,33,0,E6,20,20,0.0,0.3,0,1
mas,1042,default,201,20,20,86.5,6,4,68.25,33.4,222,131,68,102,0,E6,20,20,0.0,0.3,0,1
mas_iterative,1042,default,176,20,20,81.5,7,4,65.5576923076923,33.2,156,87,60,90,0,E6,20,20,0.0,0.3,0,1
cbba,1042,default,192,20,20,78.35,10,4,62.67307692307692,31.6,229,94,630,3226,149,E6,20,20,0.0,0.3,0,1
claim,1043,default,200,20,20,92.8,9,4,72.5,31.0,222,86,33,33,0,E6,20,20,0.0,0.3,0,1
mas,1043,default,179,20,20,86.65,6,4,67.71052631578948,31.0,151,70,64,96,0,E6,20,20,0.0,0.3,0,1
mas_iterative,1043,default,177,20,20,83.85,4,4,66.07894736842105,31.0,122,89,60,90,0,E6,20,20,0.0,0.3,0,1
cbba,1043,default,178,20,20,87.15,7,4,68.0,31.0,155,61,654,3560,156,E6,20,20,0.0,0.3,0,1
claim,1044,default,187,20,20,97.15,6,4,85.02,51.0,135,120,26,26,0,E6,20,20,0.0,0.3,0,1
mas,1044,default,180,20,20,94.8,6,4,83.3,51.0,116,113,54,81,0,E6,20,20,0.0,0.3,0,1
mas_iterative,1044,default,180,20,20,94.7,6,4,83.22,51.0,117,113,54,81,0,E6,20,20,0.0,0.3,0,1
cbba,1044,default,180,20,20,94.7,6,4,83.22,51.0,117,113,538,2954,128,E6,20,20,0.0,0.3,0,1
claim,1045,default,191,20,20,98.8,7,4,81.1923076923077,39.0,147,44,28,28,0,E6,20,20,0.0,0.3,0,1
mas,1045,default,201,20,20,92.6,4,4,76.51923076923077,32.25,76,132,54,81,0,E6,20,20,0.0,0.3,0,1
mas_iterative,1045,default,211,20,20,95.55,5,4,78.36538461538461,32.0,190,50,68,102,0,E6,20,20,0.0,0.3,0,1
cbba,1045,default,233,20,20,96.75,5,4,78.3076923076923,32.0,200,163,534,2828,126,E6,20,20,0.0,0.3,0,1
claim,1046,default,243,20,20,129.05,6,4,110.60377358490567,60.4,354,119,33,33,0,E6,20,20,0.0,0.3,0,1
mas,1046,default,221,20,20,102.95,10,4,85.28301886792453,40.8,308,64,76,114,0,E6,20,20,0.0,0.3,0,1
mas_iterative,1046,default,205,20,20,94.9,5,4,80.54716981132076,40.2,177,95,65,98,0,E6,20,20,0.0,0.3,0,1
cbba,1046,default,195,20,20,105.1,8,4,87.86792452830188,39.4,200,65,523,2849,123,E6,20,20,0.0,0.3,0,1
claim,1047,default,189,20,20,97.75,11,4,79.33333333333333,43.0,236,116,34,34,0,E6,20,20,0.0,0.3,0,1
mas,1047,default,161,20,20,87.0,7,4,73.17777777777778,43.0,115,104,62,93,0,E6,20,20,0.0,0.3,0,1
mas_iterative,1047,default,156,20,20,86.1,7,4,72.71111111111111,43.0,143,57,56,84,0,E6,20,20,0.0,0.3,0,1
cbba,1047,default,158,20,20,83.25,9,4,68.64444444444445,30.5,139,84,587,3133,139,E6,20,20,0.0,0.3,0,1
claim,1048,default,339,20,20,160.35,13,4,135.46808510638297,56.0,706,98,46,46,0,E6,20,20,0.0,0.3,0,1
mas,1048,default,223,20,20,99.5,8,4,84.02127659574468,30.5,262,99,74,112,0,E6,20,20,0.0,0.3,0,1
mas_iterative,1048,default,182,20,20,90.3,4,4,77.34042553191489,30.0,114,91,64,97,0,E6,20,20,0.0,0.3,0,1
cbba,1048,default,182,20,20,90.3,4,4,77.34042553191489,30.0,114,91,567,3165,135,E6,20,20,0.0,0.3,0,1
claim,1049,default,262,20,20,110.4,10,4,95.8,39.333333333333336,461,37,41,41,0,E6,20,20,0.0,0.3,0,1
mas,1049,default,203,20,20,101.6,6,4,89.9090909090909,39.333333333333336,172,79,56,84,0,E6,20,20,0.0,0.3,0,1
mas_iterative,1049,default,203,20,20,101.55,6,4,89.89090909090909,39.333333333333336,172,79,56,84,0,E6,20,20,0.0,0.3,0,1
cbba,1049,default,223,20,20,103.2,7,4,90.38181818181818,39.333333333333336,229,142,470,2586,110,E6,20,20,0.0,0.3,0,1
claim,1050,default,229,20,20,125.3,9,4,100.72916666666667,44.0,333,53,36,36,0,E6,20,20,0.0,0.3,0,1
mas,1050,default,187,20,20,90.5,5,4,71.79166666666667,39.25,160,69,64,96,0,E6,20,20,0.0,0.3,0,1
mas_iterative,1050,default,181,20,20,86.8,4,4,69.95833333333333,39.0,67,135,60,90,0,E6,20,20,0.0,0.3,0,1
cbba,1050,default,191,20,20,91.3,3,4,73.47916666666667,38.75,93,148,397,2147,93,E6,20,20,0.0,0.3,0,1
claim,1051,default,213,20,20,110.5,7,4,91.26666666666667,38.5,236,79,32,32,0,E6,20,20,0.0,0.3,0,1
mas,1051,default,186,20,20,99.75,6,4,82.6,38.5,174,64,60,90,0,E6,20,20,0.0,0.3,0,1
mas_iterative,1051,default,194,20,20,96.35,6,4,79.57777777777778,38.5,174,78,58,87,0,E6,20,20,0.0,0.3,0,1
cbba,1051,default,198,20,20,97.25,8,4,77.68888888888888,28.0,233,52,675,3739,161,E6,20,20,0.0,0.3,0,1
claim,1052,default,220,20,20,117.8,10,4,99.1086956521739,41.0,318,93,37,37,0,E6,20,20,0.0,0.3,0,1
mas,1052,default,209,20,20,100.35,8,4,83.71739130434783,40.666666666666664,309,39,76,115,0,E6,20,20,0.0,0.3,0,1
mas_iterative,1052,default,192,20,20,95.85,6,4,80.73913043478261,40.333333333333336,191,75,69,104,0,E6,20,20,0.0,0.3,0,1
cbba,1052,default,172,20,20,91.9,6,4,78.17391304347827,38.0,174,42,482,2588,113,E6,20,20,0.0,0.3,0,1
claim,1053,default,219,20,20,118.85,11,4,100.94117647058823,50.8,309,98,37,37,0,E6,20,20,0.0,0.3,0,1
mas,1053,default,173,20,20,91.65,4,4,78.47058823529412,38.0,110,94,56,84,0,E6,20,20,0.0,0.3,0,1
mas_iterative,1053,default,196,20,20,98.0,7,4,83.7843137254902,41.4,231,41,69,104,0,E6,20,20,0.0,0.3,0,1
cbba,1053,default,162,20,20,88.6,4,4,77.47058823529412,37.6,93,55,513,2773,122,E6,20,20,0.0,0.3,0,1
claim,1054,default,190,20,20,103.6,7,4,89.18181818181819,41.0,194,40,29,29,0,E6,20,20,0.0,0.3,0,1
mas,1054,default,190,20,20,103.6,7,4,89.18181818181819,41.0,194,40,58,87,0,E6,20,20,0.0,0.3,0,1
mas_iterative,1054,default,190,20,20,103.6,7,4,89.18181818181819,41.0,194,40,58,87,0,E6,20,20,0.0,0.3,0,1
cbba,1054,default,208,20,20,99.35,7,4,83.68181818181819,28.0,191,84,641,3491,153,E6,20,20,0.0,0.3,0,1
claim,1055,default,191,20,20,96.45,8,4,83.26415094339623,44.25,175,107,28,28,0,E6,20,20,0.0,0.3,0,1
mas,1055,default,174,20,20,90.05,8,4,77.54716981132076,42.5,185,30,62,93,0,E6,20,20,0.0,0.3,0,1
mas_iterative,1055,default,170,20,20,89.6,6,4,77.28301886792453,42.5,104,58,60,90,0,E6,20,20,0.0,0.3,0,1
cbba,1055,default,170,20,20,88.85,6,4,77.35849056603773,42.5,137,59,519,2771,123,E6,20,20,0.0,0.3,0,1
claim,1056,default,187,20,20,89.6,7,4,74.56603773584905,44.4,196,93,31,31,0,E6,20,20,0.0,0.3,0,1
mas,1056,default,153,20,20,81.1,3,4,67.67924528301887,40.0,60,68,50,75,0,E6,20,20,0.0,0.3,0,1
mas_iterative,1056,default,184,20,20,81.3,5,4,67.52830188679245,39.8,145,110,64,96,0,E6,20,20,0.0,0.3,0,1
cbba,1056,default,161,20,20,81.4,4,4,67.18867924528301,36.0,55,104,658,3632,158,E6,20,20,0.0,0.3,0,1
claim,1057,default,195,20,20,105.45,9,4,89.29824561403508,47.166666666666664,227,52,31,31,0,E6,20,20,0.0,0.3,0,1
mas,1057,default,171,20,20,85.45,3,4,71.84210526315789,38.5,65,91,50,75,0,E6,20,20,0.0,0.3,0,1
mas_iterative,1057,default,169,20,20,86.3,4,4,72.70175438596492,40.0,86,85,56,84,0,E6,20,20,0.0,0.3,0,1
cbba,1057,default,194,20,20,91.1,5,4,77.08771929824562,41.166666666666664,138,140,578,3116,138,E6,20,20,0.0,0.3,0,1
claim,1058,default,227,20,20,118.85,10,4,100.33333333333333,41.0,335,33,37,37,0,E6,20,20,0.0,0.3,0,1
mas,1058,default,217,20,20,92.65,6,4,77.03921568627452,32.25,249,50,70,105,0,E6,20,20,0.0,0.3,0,1
mas_iterative,1058,default,185,20,20,85.9,3,4,72.49019607843137,32.0,50,114,52,78,0,E6,20,20,0.0,0.3,0,1
cbba,1058,default,185,20,20,85.9,3,4,72.49019607843137,32.0,50,114,495,2667,118,E6,20,20,0.0,0.3,0,1
claim,1059,default,233,20,20,111.4,10,4,90.09615384615384,52.4,401,92,34,34,0,E6,20,20,0.0,0.3,0,1
mas,1059,default,170,20,20,81.3,6,4,65.92307692307692,35.4,103,101,60,90,0,E6,20,20,0.0,0.3,0,1
mas_iterative,1059,default,172,20,20,83.3,6,4,67.96153846153847,34.6,136,86,58,87,0,E6,20,20,0.0,0.3,0,1
cbba,1059,default,182,20,20,82.25,6,4,67.21153846153847,34.6,128,143,504,2666,119,E6,20,20,0.0,0.3,0,1
claim,1060,default,201,20,20,102.75,11,4,81.34782608695652,41.0,317,64,35,35,0,E6,20,20,0.0,0.3,0,1
mas,1060,default,211,20,20,92.7,9,4,73.04347826086956,41.0,297,54,72,108,0,E6,20,20,0.0,0.3,0,1
mas_iterative,1060,default,181,20,20,90.65,7,4,73.47826086956522,41.0,158,107,64,96,0,E6,20,20,0.0,0.3,0,1
cbba,1060,default,143,20,20,74.0,2,4,61.108695652173914,40.666666666666664,54,59,402,2104,95,E6,20,20,0.0,0.3,0,1
claim,1061,default,220,20,20,119.05,9,4,101.6875,56.333333333333336,292,79,33,33,0,E6,20,20,0.0,0.3,0,1
mas,1061,default,193,20,20,91.3,4,4,75.33333333333333,32.0,160,102,77,116,0,E6,20,20,0.0,0.3,0,1
mas_iterative,1061,default,194,20,20,88.3,8,4,74.04166666666667,31.333333333333332,210,45,68,102,0,E6,20,20,0.0,0.3,0,1
cbba,1061,default,180,20,20,84.2,5,4,72.375,31.333333333333332,145,45,511,2663,121,E6,20,20,0.0,0.3,0,1
claim,1062,default,213,20,20,107.55,8,4,96.55932203389831,46.2,248,46,30,30,0,E6,20,20,0.0,0.3,0,1
mas,1062,default,188,20,20,89.9,3,4,79.7457627118644,35.4,103,81,54,81,0,E6,20,20,0.0,0.3,0,1
mas_iterative,1062,default,197,20,20,91.9,5,4,80.72881355932203,34.8,103,122,60,90,0,E6,20,20,0.0,0.3,0,1
cbba,1062,default,197,20,20,91.9,5,4,80.72881355932203,34.8,103,122,526,2842,125,E6,20,20,0.0,0.3,0,1
claim,1063,default,213,20,20,116.0,11,4,98.66037735849056,51.2,328,75,35,35,0,E6,20,20,0.0,0.3,0,1
mas,1063,default,168,20,20,78.75,4,4,65.49056603773585,40.8,118,122,55,83,0,E6,20,20,0.0,0.3,0,1
mas_iterative,1063,default,175,20,20,72.8,4,4,61.660377358490564,34.6,147,84,62,94,0,E6,20,20,0.0,0.3,0,1
cbba,1063,default,173,20,20,72.0,4,4,59.20754716981132,34.0,142,62,540,2866,128,E6,20,20,0.0,0.3,0,1
claim,1064,default,215,20,20,96.7,9,4,77.98214285714286,52.333333333333336,284,128,35,35,0,E6,20,20,0.0,0.3,0,1
mas,1064,default,181,20,20,85.8,7,4,70.57142857142857,47.0,192,63,64,96,0,E6,20,20,0.0,0.3,0,1
mas_iterative,1064,default,173,20,20,84.9,6,4,70.83928571428571,46.5,149,86,56,84,0,E6,20,20,0.0,0.3,0,1
cbba,1064,default,169,20,20,73.4,5,4,60.857142857142854,42.666666666666664,86,96,495,2581,117,E6,20,20,0.0,0.3,0,1
claim,1065,default,207,20,20,93.65,11,4,77.72916666666667,38.0,404,38,42,42,0,E6,20,20,0.0,0.3,0,1
mas,1065,default,160,20,20,69.35,7,4,58.333333333333336,34.333333333333336,141,88,68,102,0,E6,20,20,0.0,0.3,0,1
mas_iterative,1065,default,156,20,20,70.8,4,4,59.0,31.666666666666668,74,117,54,81,0,E6,20,20,0.0,0.3,0,1
cbba,1065,default,161,20,20,70.65,5,4,59.083333333333336,31.666666666666668,126,74,537,2865,128,E6,20,20,0.0,0.3,0,1
claim,1066,default,211,20,20,99.8,10,4,81.43636363636364,42.57142857142857,333,31,35,35,0,E6,20,20,0.0,0.3,0,1
mas,1066,default,166,20,20,81.0,5,4,65.2909090909091,38.714285714285715,139,40,66,99,0,E6,20,20,0.0,0.3,0,1
mas_iterative,1066,default,175,20,20,76.2,5,4,62.472727272727276,37.0,98,94,69,104,0,E6,20,20,0.0,0.3,0,1
cbba,1066,default,152,20,20,78.05,3,4,63.763636363636365,37.57142857142857,50,54,488,2616,116,E6,20,20,0.0,0.3,0,1
claim,1067,default,197,20,20,111.75,8,4,93.97916666666667,43.5,210,42,30,30,0,E6,20,20,0.0,0.3,0,1
mas,1067,default,184,20,20,100.2,4,4,84.75,41.0,107,29,50,75,0,E6,20,20,0.0,0.3,0,1
mas_iterative,1067,default,184,20,20,100.2,4,4,84.75,41.0,107,29,50,75,0,E6,20,20,0.0,0.3,0,1
cbba,1067,default,201,20,20,97.9,4,4,80.97916666666667,36.75,151,76,546,2934,130,E6,20,20,0.0,0.3,0,1
claim,1068,default,201,20,20,90.15,6,4,76.94444444444444,38.0,127,152,26,26,0,E6,20,20,0.0,0.3,0,1
mas,1068,default,195,20,20,91.2,8,4,76.24074074074075,28.6,196,106,76,114,0,E6,20,20,0.0,0.3,0,1
mas_iterative,1068,default,183,20,20,83.4,5,4,69.92592592592592,28.2,139,84,62,93,0,E6,20,20,0.0,0.3,0,1
cbba,1068,default,192,20,20,76.7,3,4,63.53703703703704,28.2,160,43,407,2003,95,E6,20,20,0.0,0.3,0,1
claim,1069,default,205,20,20,94.55,10,4,78.15384615384616,44.6,231,141,33,33,0,E6,20,20,0.0,0.3,0,1
mas,1069,default,176,20,20,88.3,5,4,75.28846153846153,46.0,98,89,54,81,0,E6,20,20,0.0,0.3,0,1
mas_iterative,1069,default,188,20,20,88.55,6,4,74.3076923076923,45.8,160,78,60,90,0,E6,20,20,0.0,0.3,0,1
cbba,1069,default,188,20,20,88.55,6,4,74.3076923076923,45.8,201,38,488,2540,115,E6,20,20,0.0,0.3,0,1
claim,1070,default,176,20,20,90.85,5,4,79.57377049180327,47.57142857142857,149,25,27,27,0,E6,20,20,0.0,0.3,0,1
mas,1070,default,174,20,20,87.2,6,4,76.57377049180327,50.142857142857146,129,57,58,87,0,E6,20,20,0.0,0.3,0,1
mas_iterative,1070,default,182,20,20,90.1,6,4,77.8688524590164,44.42857142857143,157,50,64,96,0,E6,20,20,0.0,0.3,0,1
cbba,1070,default,182,20,20,89.5,6,4,77.47540983606558,44.42857142857143,157,62,597,3245,142,E6,20,20,0.0,0.3,0,1
claim,1071,default,196,20,20,102.1,6,4,81.62745098039215,37.2,146,114,28,28,0,E6,20,20,0.0,0.3,0,1
mas,1071,default,199,20,20,93.8,5,4,72.54901960784314,33.6,169,73,58,87,0,E6,20,20,0.0,0.3,0,1
mas_iterative,1071,default,202,20,20,93.15,6,4,71.25490196078431,33.2,162,77,64,96,0,E6,20,20,0.0,0.3,0,1
cbba,1071,default,187,20,20,90.2,6,4,69.96078431372548,33.2,157,53,595,3301,142,E6,20,20,0.0,0.3,0,1
claim,1072,default,243,20,20,123.15,9,4,111.72727272727273,62.75,352,181,36,36,0,E6,20,20,0.0,0.3,0,1
mas,1072,default,163,20,20,78.95,7,4,72.07272727272728,42.25,166,38,65,98,0,E6,20,20,0.0,0.3,0,1
mas_iterative,1072,default,165,20,20,79.6,7,4,72.03636363636363,41.25,155,48,65,98,0,E6,20,20,0.0,0.3,0,1
cbba,1072,default,151,20,20,77.45,4,4,70.49090909090908,38.75,79,45,565,3077,135,E6,20,20,0.0,0.3,0,1
claim,1073,default,186,20,20,103.15,8,4,85.42857142857143,39.0,236,28,32,32,0,E6,20,20,0.0,0.3,0,1
mas,1073,default,177,20,20,97.5,7,4,82.16326530612245,39.0,217,39,66,99,0,E6,20,20,0.0,0.3,0,1
mas_iterative,1073,default,182,20,20,95.0,6,4,80.08163265306122,39.0,174,102,64,97,0,E6,20,20,0.0,0.3,0,1
cbba,1073,default,169,20,20,88.0,5,4,73.42857142857143,32.75,102,102,474,2400,112,E6,20,20,0.0,0.3,0,1
claim,1074,default,244,20,20,118.55,15,4,96.8076923076923,46.6,433,60,38,38,0,E6,20,20,0.0,0.3,0,1
mas,1074,default,157,20,20,85.4,5,4,70.98076923076923,39.2,91,43,56,84,0,E6,20,20,0.0,0.3,0,1
mas_iterative,1074,default,177,20,20,93.85,7,4,76.65384615384616,40.6,208,50,74,111,0,E6,20,20,0.0,0.3,0,1
cbba,1074,default,194,20,20,91.9,9,4,74.40384615384616,40.6,269,31,531,2807,124,E6,20,20,0.0,0.3,0,1
claim,1075,default,240,20,20,122.1,10,4,96.85106382978724,43.0,279,122,34,34,0,E6,20,20,0.0,0.3,0,1
mas,1075,default,203,20,20,96.65,5,4,77.06382978723404,35.333333333333336,123,133,58,87,0,E6,20,20,0.0,0.3,0,1
mas_iterative,1075,default,189,20,20,94.8,6,4,74.40425531914893,35.0,195,28,68,102,0,E6,20,20,0.0,0.3,0,1
cbba,1075,default,194,20,20,93.1,5,4,73.38297872340425,35.0,131,104,446,2368,105,E6,20,20,0.0,0.3,0,1
claim,1076,default,250,20,20,135.65,10,4,103.29166666666667,44.0,390,80,36,36,0,E6,20,20,0.0,0.3,0,1
mas,1076,default,212,20,20,112.7,8,4,88.89583333333333,43.4,185,100,66,99,0,E6,20,20,0.0,0.3,0,1
mas_iterative,1076,default,194,20,20,105.15,8,4,85.25,43.4,174,28,68,102,0,E6,20,20,0.0,0.3,0,1
cbba,1076,default,202,20,20,99.0,4,4,79.47916666666667,38.0,78,79,533,2845,127,E6,20,20,0.0,0.3,0,1
claim,1077,default,183,20,20,93.3,4,4,74.12727272727273,45.75,98,112,24,24,0,E6,20,20,0.0,0.3,0,1
mas,1077,default,183,20,20,93.3,4,4,74.12727272727273,45.75,98,112,48,72,0,E6,20,20,0.0,0.3,0,1
mas_iterative,1077,default,183,20,20,93.3,4,4,74.12727272727273,45.75,98,112,48,72,0,E6,20,20,0.0,0.3,0,1
cbba,1077,default,182,20,20,86.1,6,4,69.01818181818182,46.625,143,89,599,3183,143,E6,20,20,0.0,0.3,0,1
claim,1078,default,191,20,20,103.75,9,4,83.58695652173913,40.666666666666664,173,83,29,29,0,E6,20,20,0.0,0.3,0,1
mas,1078,default,187,20,20,93.4,5,4,73.43478260869566,40.666666666666664,160,96,56,84,0,E6,20,20,0.0,0.3,0,1
mas_iterative,1078,default,167,20,20,84.9,5,4,68.28260869565217,40.333333333333336,97,64,56,84,0,E6,20,20,0.0,0.3,0,1
cbba,1078,default,167,20,20,84.9,5,4,68.28260869565217,40.333333333333336,97,64,505,2665,120,E6,20,20,0.0,0.3,0,1
claim,1079,default,222,20,20,105.05,11,4,82.46,38.5,329,33,37,37,0,E6,20,20,0.0,0.3,0,1
mas,1079,default,232,20,20,113.4,13,4,86.26,36.25,396,80,93,140,0,E6,20,20,0.0,0.3,0,1
mas_iterative,1079,default,173,20,20,90.1,5,4,72.6,36.0,102,98,60,90,0,E6,20,20,0.0,0.3,0,1
cbba,1079,default,181,20,20,89.0,6,4,72.04,36.0,120,113,507,2707,120,E6,20,20,0.0,0.3,0,1
claim,1080,default,191,20,20,94.75,9,4,80.22222222222223,36.0,192,111,30,30,0,E6,20,20,0.0,0.3,0,1
mas,1080,default,193,20,20,88.4,7,4,75.4,36.0,267,32,70,105,0,E6,20,20,0.0,0.3,0,1
mas_iterative,1080,default,178,20,20,88.2,8,4,75.73333333333333,36.0,196,57,72,108,0,E6,20,20,0.0,0.3,0,1
cbba,1080,default,168,20,20,86.15,4,4,71.75555555555556,35.333333333333336,162,71,398,2120,93,E6,20,20,0.0,0.3,0,1
claim,1081,default,241,20,20,121.8,12,4,94.87234042553192,29.333333333333332,428,36,40,40,0,E6,20,20,0.0,0.3,0,1
mas,1081,default,156,20,20,80.0,3,4,65.14893617021276,29.333333333333332,50,71,52,78,0,E6,20,20,0.0,0.3,0,1
mas_iterative,1081,default,160,20,20,78.0,3,4,63.59574468085106,29.333333333333332,48,97,56,84,0,E6,20,20,0.0,0.3,0,1
cbba,1081,default,160,20,20,80.65,3,4,65.48936170212765,29.333333333333332,71,77,529,2911,126,E6,20,20,0.0,0.3,0,1
claim,1082,default,233,20,20,108.1,10,4,84.45833333333333,35.25,368,76,36,36,0,E6,20,20,0.0,0.3,0,1
mas,1082,default,202,20,20,100.0,8,4,77.35416666666667,29.0,235,97,79,119,0,E6,20,20,0.0,0.3,0,1
mas_iterative,1082,default,188,20,20,87.8,5,4,69.27083333333333,28.75,122,73,60,90,0,E6,20,20,0.0,0.3,0,1
cbba,1082,default,209,20,20,98.2,5,4,76.54166666666667,27.5,164,140,518,2726,122,E6,20,20,0.0,0.3,0,1
claim,1083,default,243,20,20,108.7,9,4,86.37777777777778,35.75,301,141,32,32,0,E6,20,20,0.0,0.3,0,1
mas,1083,default,178,20,20,84.75,7,4,68.44444444444444,35.75,154,49,60,90,0,E6,20,20,0.0,0.3,0,1
mas_iterative,1083,default,180,20,20,88.6,5,4,70.26666666666667,35.75,139,62,58,87,0,E6,20,20,0.0,0.3,0,1
cbba,1083,default,172,20,20,85.1,3,4,68.33333333333333,35.75,90,84,436,2342,103,E6,20,20,0.0,0.3,0,1
claim,1084,default,283,20,20,127.3,11,4,108.94642857142857,51.166666666666664,540,78,42,42,0,E6,20,20,0.0,0.3,0,1
mas,1084,default,171,20,20,88.3,6,4,75.94642857142857,37.833333333333336,122,31,56,84,0,E6,20,20,0.0,0.3,0,1
mas_iterative,1084,default,174,20,20,88.6,5,4,76.46428571428571,37.5,106,66,54,81,0,E6,20,20,0.0,0.3,0,1
cbba,1084,default,203,20,20,87.6,4,4,75.39285714285714,37.5,93,170,471,2423,111,E6,20,20,0.0,0.3,0,1
claim,1085,default,199,20,20,91.1,8,4,74.47058823529412,36.5,293,53,31,31,0,E6,20,20,0.0,0.3,0,1
mas,1085,default,199,20,20,91.1,8,4,74.47058823529412,36.5,263,82,62,93,0,E6,20,20,0.0,0.3,0,1
mas_iterative,1085,default,199,20,20,91.1,8,4,74.47058823529412,36.5,263,82,62,93,0,E6,20,20,0.0,0.3,0,1
cbba,1085,default,199,20,20,91.1,8,4,74.47058823529412,36.5,263,82,518,2712,122,E6,20,20,0.0,0.3,0,1
claim,1086,default,263,20,20,125.45,12,4,98.5,39.25,567,57,45,45,0,E6,20,20,0.0,0.3,0,1
mas,1086,default,164,20,20,78.55,4,4,63.875,34.0,98,98,58,87,0,E6,20,20,0.0,0.3,0,1
mas_iterative,1086,default,197,20,20,85.2,7,4,69.0,33.75,184,65,72,108,0,E6,20,20,0.0,0.3,0,1
cbba,1086,default,172,20,20,82.0,4,4,67.29166666666667,33.75,76,118,477,2571,113,E6,20,20,0.0,0.3,0,1
claim,1087,default,169,20,20,82.95,8,4,69.60975609756098,30.0,182,83,29,29,0,E6,20,20,0.0,0.3,0,1
mas,1087,default,160,20,20,69.3,4,4,58.53658536585366,30.0,64,133,56,84,0,E6,20,20,0.0,0.3,0,1
mas_iterative,1087,default,160,20,20,68.45,4,4,57.5609756097561,30.0,98,120,58,87,0,E6,20,20,0.0,0.3,0,1
cbba,1087,default,147,20,20,71.3,3,4,59.68292682926829,30.0,63,90,416,2212,98,E6,20,20,0.0,0.3,0,1
claim,1088,default,200,20,20,105.5,7,4,87.08695652173913,49.0,303,64,33,33,0,E6,20,20,0.0,0.3,0,1
mas,1088,default,174,20,20,78.25,8,4,61.608695652173914,36.25,161,103,65,98,0,E6,20,20,0.0,0.3,0,1
mas_iterative,1088,default,159,20,20,73.35,4,4,58.608695652173914,35.5,114,85,61,92,0,E6,20,20,0.0,0.3,0,1
cbba,1088,default,159,20,20,73.35,4,4,58.608695652173914,35.5,114,85,563,2953,134,E6,20,20,0.0,0.3,0,1
claim,1090,default,207,20,20,96.35,8,4,80.1025641025641,27.0,275,27,31,31,0,E6,20,20,0.0,0.3,0,1
mas,1090,default,167,20,20,83.35,4,4,68.66666666666667,27.0,96,72,54,81,0,E6,20,20,0.0,0.3,0,1
mas_iterative,1090,default,169,20,20,80.1,4,4,64.94871794871794,27.0,118,69,60,90,0,E6,20,20,0.0,0.3,0,1
cbba,1090,default,183,20,20,83.6,5,4,66.58974358974359,27.0,192,64,555,2979,132,E6,20,20,0.0,0.3,0,1
claim,1091,default,234,20,20,114.65,10,4,95.76595744680851,47.0,294,70,35,35,0,E6,20,20,0.0,0.3,0,1
mas,1091,default,193,20,20,103.9,6,4,86.25531914893617,40.0,142,73,58,87,0,E6,20,20,0.0,0.3,0,1
mas_iterative,1091,default,204,20,20,106.65,8,4,88.97872340425532,39.5,168,92,64,96,0,E6,20,20,0.0,0.3,0,1
cbba,1091,default,201,20,20,108.0,7,4,89.38297872340425,39.5,204,60,633,3539,151,E6,20,20,0.0,0.3,0,1
claim,1092,default,175,20,20,95.9,6,4,86.13461538461539,37.666666666666664,160,101,27,27,0,E6,20,20,0.0,0.3,0,1
mas,1092,default,147,20,20,74.45,4,4,65.90384615384616,28.333333333333332,84,54,58,87,0,E6,20,20,0.0,0.3,0,1
mas_iterative,1092,default,157,20,20,77.85,5,4,68.11538461538461,28.0,86,98,56,84,0,E6,20,20,0.0,0.3,0,1
cbba,1092,default,157,20,20,77.25,5,4,67.65384615384616,28.0,97,87,609,3319,146,E6,20,20,0.0,0.3,0,1
claim,1093,default,233,20,20,125.2,12,4,104.32692307692308,35.0,359,36,40,40,0,E6,20,20,0.0,0.3,0,1
mas,1093,default,190,20,20,93.8,5,4,79.0576923076923,35.333333333333336,108,117,62,93,0,E6,20,20,0.0,0.3,0,1
mas_iterative,1093,default,205,20,20,101.7,8,4,84.01923076923077,35.333333333333336,221,86,74,111,0,E6,20,20,0.0,0.3,0,1
cbba,1093,default,173,20,20,89.9,8,4,77.09615384615384,35.333333333333336,124,31,505,2645,118,E6,20,20,0.0,0.3,0,1
claim,1094,default,247,20,20,135.3,10,4,118.16981132075472,51.333333333333336,402,67,39,39,0,E6,20,20,0.0,0.3,0,1
mas,1094,default,204,20,20,108.95,8,4,95.84905660377359,38.666666666666664,171,96,63,95,0,E6,20,20,0.0,0.3,0,1
mas_iterative,1094,default,185,20,20,96.75,6,4,84.37735849056604,38.333333333333336,128,46,61,92,0,E6,20,20,0.0,0.3,0,1
cbba,1094,default,221,20,20,92.0,6,4,78.9622641509434,29.666666666666668,208,123,606,3258,144,E6,20,20,0.0,0.3,0,1
claim,1095,default,188,20,20,91.0,7,4,78.94736842105263,40.166666666666664,141,112,27,27,0,E6,20,20,0.0,0.3,0,1
mas,1095,default,183,20,20,91.7,5,4,79.2280701754386,44.5,124,136,58,87,0,E6,20,20,0.0,0.3,0,1
mas_iterative,1095,default,179,20,20,94.5,5,4,81.0,37.5,145,83,56,84,0,E6,20,20,0.0,0.3,0,1
cbba,1095,default,179,20,20,94.5,5,4,81.0,37.5,145,83,523,2821,124,E6,20,20,0.0,0.3,0,1
claim,1096,default,266,20,20,116.45,9,4,90.02083333333333,43.2,442,38,36,36,0,E6,20,20,0.0,0.3,0,1
mas,1096,default,235,20,20,115.65,9,4,89.95833333333333,45.8,249,126,68,102,0,E6,20,20,0.0,0.3,0,1
mas_iterative,1096,default,199,20,20,103.4,4,4,81.14583333333333,40.0,94,92,56,84,0,E6,20,20,0.0,0.3,0,1
cbba,1096,default,215,20,20,106.2,6,4,83.58333333333333,45.8,150,104,552,3016,131,E6,20,20,0.0,0.3,0,1
claim,1097,default,196,20,20,98.55,7,4,76.9090909090909,38.0,177,64,30,30,0,E6,20,20,0.0,0.3,0,1
mas,1097,default,223,20,20,91.3,9,4,68.5,32.5,287,77,80,120,0,E6,20,20,0.0,0.3,0,1
mas_iterative,1097,default,194,20,20,87.4,4,4,65.52272727272727,32.25,156,110,71,108,0,E6,20,20,0.0,0.3,0,1
cbba,1097,default,194,20,20,87.4,4,4,65.52272727272727,32.25,156,110,528,2838,125,E6,20,20,0.0,0.3,0,1
claim,1098,default,221,20,20,108.95,8,4,87.50980392156863,44.166666666666664,223,119,32,32,0,E6,20,20,0.0,0.3,0,1
mas,1098,default,221,20,20,114.35,7,4,93.56862745098039,44.5,224,92,64,96,0,E6,20,20,0.0,0.3,0,1
mas_iterative,1098,default,211,20,20,99.65,3,4,81.49019607843137,42.333333333333336,115,112,54,81,0,E6,20,20,0.0,0.3,0,1
cbba,1098,default,187,20,20,90.3,3,4,72.27450980392157,36.5,78,59,451,2343,107,E6,20,20,0.0,0.3,0,1
claim,1099,default,287,20,20,155.1,12,4,120.12765957446808,44.0,558,142,48,48,0,E6,20,20,0.0,0.3,0,1
mas,1099,default,227,20,20,125.5,10,4,101.40425531914893,44.0,378,71,79,119,0,E6,20,20,0.0,0.3,0,1
mas_iterative,1099,default,208,20,20,115.85,10,4,94.14893617021276,44.0,287,34,81,122,0,E6,20,20,0.0,0.3,0,1
cbba,1099,default,196,20,20,100.7,7,4,80.57446808510639,33.0,192,108,464,2442,109,E6,20,20,0.0,0.3,0,1
claim,1101,default,238,20,20,124.1,9,4,96.44897959183673,51.2,307,85,33,33,0,E6,20,20,0.0,0.3,0,1
mas,1101,default,236,20,20,114.2,7,4,89.12244897959184,49.8,228,152,60,90,0,E6,20,20,0.0,0.3,0,1
mas_iterative,1101,default,236,20,20,114.15,7,4,89.10204081632654,49.8,228,152,60,90,0,E6,20,20,0.0,0.3,0,1
cbba,1101,default,207,20,20,108.45,6,4,84.44897959183673,41.8,187,55,517,2769,122,E6,20,20,0.0,0.3,0,1
claim,1102,default,181,20,20,88.05,6,4,78.13559322033899,51.166666666666664,182,50,30,30,0,E6,20,20,0.0,0.3,0,1
mas,1102,default,157,20,20,79.25,6,4,68.45762711864407,41.333333333333336,115,36,56,84,0,E6,20,20,0.0,0.3,0,1
mas_iterative,1102,default,149,20,20,76.9,3,4,66.79661016949153,39.666666666666664,53,69,52,78,0,E6,20,20,0.0,0.3,0,1
cbba,1102,default,149,20,20,76.9,3,4,66.79661016949153,39.666666666666664,53,69,551,3007,132,E6,20,20,0.0,0.3,0,1
claim,1103,default,179,20,20,95.05,8,4,81.74074074074075,40.0,176,63,28,28,0,E6,20,20,0.0,0.3,0,1
mas,1103,default,177,20,20,85.65,5,4,72.37037037037037,34.0,114,99,60,90,0,E6,20,20,0.0,0.3,0,1
mas_iterative,1103,default,177,20,20,80.75,2,4,68.81481481481481,33.75,93,108,58,87,0,E6,20,20,0.0,0.3,0,1
cbba,1103,default,177,20,20,80.75,2,4,68.81481481481481,33.75,93,108,480,2598,114,E6,20,20,0.0,0.3,0,1
claim,1104,default,215,20,20,97.65,8,4,78.26086956521739,34.5,279,70,30,30,0,E6,20,20,0.0,0.3,0,1
mas,1104,default,175,20,20,83.3,4,4,66.8695652173913,30.0,90,86,60,90,0,E6,20,20,0.0,0.3,0,1
mas_iterative,1104,default,170,20,20,82.7,2,4,66.54347826086956,29.75,88,45,56,84,0,E6,20,20,0.0,0.3,0,1
cbba,1104,default,170,20,20,82.7,2,4,66.54347826086956,29.75,88,45,463,2461,110,E6,20,20,0.0,0.3,0,1
claim,1106,default,233,20,20,128.65,10,4,109.18867924528301,56.8,353,69,35,35,0,E6,20,20,0.0,0.3,0,1
mas,1106,default,207,20,20,111.25,9,4,91.73584905660377,45.0,273,76,77,116,0,E6,20,20,0.0,0.3,0,1
mas_iterative,1106,default,199,20,20,90.6,5,4,74.69811320754717,42.2,188,91,65,98,0,E6,20,20,0.0,0.3,0,1
cbba,1106,default,179,20,20,83.85,5,4,70.09433962264151,39.6,93,92,515,2773,122,E6,20,20,0.0,0.3,0,1
claim,1107,default,216,20,20,93.65,13,4,79.3265306122449,47.0,373,48,36,36,0,E6,20,20,0.0,0.3,0,1
mas,1107,default,182,20,20,86.5,7,4,72.59183673469387,39.0,222,99,73,110,0,E6,20,20,0.0,0.3,0,1
mas_iterative,1107,default,192,20,20,84.2,10,4,70.95918367346938,38.5,269,59,78,117,0,E6,20,20,0.0,0.3,0,1
cbba,1107,default,190,20,20,82.0,8,4,69.16326530612245,38.5,190,142,520,2740,122,E6,20,20,0.0,0.3,0,1
claim,1108,default,216,20,20,106.0,8,4,88.14814814814815,38.2,286,74,33,33,0,E6,20,20,0.0,0.3,0,1
mas,1108,default,203,20,20,87.1,5,4,71.57407407407408,38.4,207,142,64,96,0,E6,20,20,0.0,0.3,0,1
mas_iterative,1108,default,167,20,20,78.5,5,4,65.55555555555556,38.2,80,112,58,87,0,E6,20,20,0.0,0.3,0,1
cbba,1108,default,174,20,20,79.65,4,4,66.01851851851852,38.2,73,133,578,3214,138,E6,20,20,0.0,0.3,0,1
claim,1109,default,168,20,20,83.3,5,4,68.23255813953489,33.5,109,89,27,27,0,E6,20,20,0.0,0.3,0,1
mas,1109,default,185,20,20,81.6,7,4,66.16279069767442,33.5,144,135,58,87,0,E6,20,20,0.0,0.3,0,1
mas_iterative,1109,default,186,20,20,80.9,5,4,65.55813953488372,33.5,162,102,61,92,0,E6,20,20,0.0,0.3,0,1
cbba,1109,default,168,20,20,81.7,4,4,66.3953488372093,33.5,88,99,536,2908,128,E6,20,20,0.0,0.3,0,1
claim,1110,default,179,20,20,92.55,5,4,82.11475409836065,50.142857142857146,123,98,27,27,0,E6,20,20,0.0,0.3,0,1
mas,1110,default,179,20,20,92.55,5,4,82.11475409836065,50.142857142857146,123,98,54,81,0,E6,20,20,0.0,0.3,0,1
mas_iterative,1110,default,179,20,20,92.55,5,4,82.11475409836065,50.142857142857146,123,98,54,81,0,E6,20,20,0.0,0.3,0,1
cbba,1110,default,174,20,20,90.2,5,4,78.52459016393442,44.285714285714285,132,60,511,2815,121,E6,20,20,0.0,0.3,0,1
claim,1111,default,282,20,20,113.65,12,4,87.14,42.2,559,110,43,43,0,E6,20,20,0.0,0.3,0,1
mas,1111,default,180,20,20,86.95,4,4,70.5,39.0,93,121,56,84,0,E6,20,20,0.0,0.3,0,1
mas_iterative,1111,default,157,20,20,75.15,2,4,60.56,38.6,34,89,56,84,0,E6,20,20,0.0,0.3,0,1
cbba,1111,default,157,20,20,75.15,2,4,60.56,38.6,34,89,567,3113,136,E6,20,20,0.0,0.3,0,1
claim,1112,default,270,20,20,169.6,11,4,144.8,41.0,482,113,44,44,0,E6,20,20,0.0,0.3,0,1
mas,1112,default,186,20,20,92.25,7,4,75.64444444444445,37.5,213,78,68,103,0,E6,20,20,0.0,0.3,0,1
mas_iterative,1112,default,165,20,20,85.45,6,4,69.82222222222222,37.0,127,70,62,94,0,E6,20,20,0.0,0.3,0,1
cbba,1112,default,166,20,20,84.3,5,4,69.24444444444444,37.0,121,91,607,3321,145,E6,20,20,0.0,0.3,0,1
claim,1113,default,227,20,20,102.6,10,4,82.26415094339623,47.4,391,34,38,38,0,E6,20,20,0.0,0.3,0,1
mas,1113,default,177,20,20,87.35,6,4,70.94339622641509,48.0,150,53,60,90,0,E6,20,20,0.0,0.3,0,1
mas_iterative,1113,default,200,20,20,89.4,6,4,71.60377358490567,47.0,227,40,69,104,0,E6,20,20,0.0,0.3,0,1
cbba,1113,default,174,20,20,88.35,4,4,71.45283018867924,43.4,94,85,570,3100,136,E6,20,20,0.0,0.3,0,1
claim,1114,default,299,20,20,130.6,15,4,98.40384615384616,57.833333333333336,630,46,46,46,0,E6,20,20,0.0,0.3,0,1
mas,1114,default,185,20,20,94.75,4,4,75.03846153846153,45.0,99,78,50,75,0,E6,20,20,0.0,0.3,0,1
mas_iterative,1114,default,184,20,20,94.4,6,4,74.36538461538461,44.833333333333336,128,69,54,81,0,E6,20,20,0.0,0.3,0,1
cbba,1114,default,184,20,20,94.4,6,4,74.36538461538461,44.833333333333336,128,69,578,3172,138,E6,20,20,0.0,0.3,0,1
claim,1115,default,235,20,20,108.25,10,4,85.29166666666667,51.2,446,57,41,41,0,E6,20,20,0.0,0.3,0,1
mas,1115,default,162,20,20,83.35,3,4,67.125,41.2,118,80,54,81,0,E6,20,20,0.0,0.3,0,1
mas_iterative,1115,default,171,20,20,82.2,3,4,66.41666666666667,40.8,135,86,58,87,0,E6,20,20,0.0,0.3,0,1
cbba,1115,default,166,20,20,82.15,4,4,66.10416666666667,40.8,157,68,495,2573,117,E6,20,20,0.0,0.3,0,1
claim,1116,default,170,20,20,86.2,10,4,70.0,27.5,205,97,35,35,0,E6,20,20,0.0,0.3,0,1
mas,1116,default,156,20,20,79.9,7,4,64.57142857142857,27.5,101,81,68,102,0,E6,20,20,0.0,0.3,0,1
mas_iterative,1116,default,149,20,20,79.05,6,4,64.97619047619048,27.5,127,79,62,93,0,E6,20,20,0.0,0.3,0,1
cbba,1116,default,142,20,20,72.5,3,4,58.92857142857143,27.0,60,76,475,2531,113,E6,20,20,0.0,0.3,0,1
claim,1117,default,170,20,20,83.65,6,4,69.01886792452831,37.2,165,73,29,29,0,E6,20,20,0.0,0.3,0,1
mas,1117,default,186,20,20,80.55,6,4,65.84905660377359,33.0,194,101,61,92,0,E6,20,20,0.0,0.3,0,1
mas_iterative,1117,default,161,20,20,76.8,3,4,64.30188679245283,32.8,59,108,50,75,0,E6,20,20,0.0,0.3,0,1
cbba,1117,default,174,20,20,80.4,7,4,65.98113207547169,32.8,182,28,554,2868,131,E6,20,20,0.0,0.3,0,1
claim,1118,default,244,20,20,113.6,8,4,94.62264150943396,45.25,279,84,34,34,0,E6,20,20,0.0,0.3,0,1
mas,1118,default,237,20,20,105.25,6,4,87.73584905660377,45.25,206,118,62,93,0,E6,20,20,0.0,0.3,0,1
mas_iterative,1118,default,203,20,20,105.9,3,4,89.88679245283019,43.5,89,75,50,75,0,E6,20,20,0.0,0.3,0,1
cbba,1118,default,221,20,20,103.65,6,4,86.94339622641509,45.25,168,70,572,3070,136,E6,20,20,0.0,0.3,0,1
claim,1119,default,192,20,20,92.0,5,4,80.46938775510205,39.0,148,137,26,26,0,E6,20,20,0.0,0.3,0,1
mas,1119,default,170,20,20,89.05,6,4,76.61224489795919,39.0,128,43,60,90,0,E6,20,20,0.0,0.3,0,1
mas_iterative,1119,default,189,20,20,92.6,7,4,79.44897959183673,39.0,219,49,60,90,0,E6,20,20,0.0,0.3,0,1
cbba,1119,default,163,20,20,76.5,3,4,65.65306122448979,27.0,51,99,467,2427,111,E6,20,20,0.0,0.3,0,1
claim,1120,default,205,20,20,96.75,11,4,81.79545454545455,50.5,301,67,38,38,0,E6,20,20,0.0,0.3,0,1
mas,1120,default,182,20,20,95.25,11,4,81.36363636363636,50.5,204,34,72,108,0,E6,20,20,0.0,0.3,0,1
mas_iterative,1120,default,181,20,20,95.1,10,4,81.29545454545455,50.5,201,61,68,102,0,E6,20,20,0.0,0.3,0,1
cbba,1120,default,168,20,20,86.8,5,4,73.88636363636364,38.0,88,36,620,3316,148,E6,20,20,0.0,0.3,0,1
claim,1121,default,226,20,20,107.7,6,4,86.26086956521739,43.5,194,145,29,29,0,E6,20,20,0.0,0.3,0,1
mas,1121,default,182,20,20,91.6,3,4,73.8695652173913,43.0,78,82,48,72,0,E6,20,20,0.0,0.3,0,1
mas_iterative,1121,default,197,20,20,92.7,4,4,73.76086956521739,42.75,114,114,52,78,0,E6,20,20,0.0,0.3,0,1
cbba,1121,default,219,20,20,98.2,7,4,76.41304347826087,42.0,239,98,625,3357,149,E6,20,20,0.0,0.3,0,1
claim,1123,default,222,20,20,98.05,12,4,78.375,38.8,382,68,39,39,0,E6,20,20,0.0,0.3,0,1
mas,1123,default,183,20,20,82.95,5,4,65.375,31.4,201,78,63,95,0,E6,20,20,0.0,0.3,0,1
mas_iterative,1123,default,157,20,20,74.05,2,4,60.854166666666664,31.0,44,103,50,75,0,E6,20,20,0.0,0.3,0,1
cbba,1123,default,157,20,20,74.05,2,4,60.854166666666664,31.0,44,103,430,2302,102,E6,20,20,0.0,0.3,0,1
claim,1124,default,151,20,20,80.35,6,4,70.72222222222223,34.0,103,57,26,26,0,E6,20,20,0.0,0.3,0,1
mas,1124,default,164,20,20,82.2,7,4,70.9074074074074,28.333333333333332,143,74,60,90,0,E6,20,20,0.0,0.3,0,1
mas_iterative,1124,default,152,20,20,75.8,5,4,65.98148148148148,28.0,80,68,60,90,0,E6,20,20,0.0,0.3,0,1
cbba,1124,default,158,20,20,77.0,5,4,66.42592592592592,28.0,104,68,519,2731,123,E6,20,20,0.0,0.3,0,1
claim,1125,default,232,20,20,103.95,9,4,81.93617021276596,36.0,259,152,32,32,0,E6,20,20,0.0,0.3,0,1
mas,1125,default,214,20,20,100.05,11,4,79.70212765957447,35.0,218,139,70,105,0,E6,20,20,0.0,0.3,0,1
mas_iterative,1125,default,202,20,20,97.65,7,4,76.87234042553192,35.0,225,32,64,96,0,E6,20,20,0.0,0.3,0,1
cbba,1125,default,192,20,20,82.75,2,4,65.12765957446808,27.666666666666668,76,132,533,2801,127,E6,20,20,0.0,0.3,0,1
claim,1126,default,158,20,20,80.55,7,4,65.26,44.75,188,57,28,28,0,E6,20,20,0.0,0.3,0,1
mas,1126,default,143,20,20,67.0,4,4,53.38,38.25,73,103,58,87,0,E6,20,20,0.0,0.3,0,1
mas_iterative,1126,default,134,20,20,67.05,5,4,53.2,37.5,102,48,62,93,0,E6,20,20,0.0,0.3,0,1
cbba,1126,default,148,20,20,68.3,4,4,53.7,37.5,132,79,528,2870,125,E6,20,20,0.0,0.3,0,1
claim,1127,default,222,20,20,106.6,8,4,91.79591836734694,28.333333333333332,356,90,35,35,0,E6,20,20,0.0,0.3,0,1
mas,1127,default,168,20,20,82.75,5,4,72.48979591836735,28.333333333333332,112,77,62,93,0,E6,20,20,0.0,0.3,0,1
mas_iterative,1127,default,181,20,20,83.15,7,4,73.10204081632654,28.333333333333332,181,53,64,96,0,E6,20,20,0.0,0.3,0,1
cbba,1127,default,162,20,20,83.15,5,4,73.08163265306122,28.333333333333332,127,63,404,2166,94,E6,20,20,0.0,0.3,0,1
claim,1128,default,250,20,20,132.55,10,4,102.43478260869566,33.333333333333336,484,73,41,41,0,E6,20,20,0.0,0.3,0,1
mas,1128,default,188,20,20,89.9,7,4,71.78260869565217,33.333333333333336,162,110,60,90,0,E6,20,20,0.0,0.3,0,1
mas_iterative,1128,default,171,20,20,90.05,7,4,72.15217391304348,33.333333333333336,139,74,60,90,0,E6,20,20,0.0,0.3,0,1
cbba,1128,default,163,20,20,84.9,4,4,68.19565217391305,33.333333333333336,129,57,499,2709,118,E6,20,20,0.0,0.3,0,1
claim,1129,default,204,20,20,99.05,7,4,87.20408163265306,27.0,227,67,33,33,0,E6,20,20,0.0,0.3,0,1
mas,1129,default,170,20,20,87.8,5,4,76.6734693877551,27.0,82,57,56,84,0,E6,20,20,0.0,0.3,0,1
mas_iterative,1129,default,172,20,20,88.15,5,4,76.77551020408163,27.0,125,44,58,87,0,E6,20,20,0.0,0.3,0,1
cbba,1129,default,196,20,20,88.4,6,4,77.24489795918367,27.0,128,139,559,3063,133,E6,20,20,0.0,0.3,0,1
claim,1130,default,186,20,20,95.6,7,4,81.57142857142857,45.0,128,56,27,27,0,E6,20,20,0.0,0.3,0,1
mas,1130,default,182,20,20,81.2,3,4,67.28571428571429,40.2,85,121,59,89,0,E6,20,20,0.0,0.3,0,1
mas_iterative,1130,default,164,20,20,78.85,4,4,65.91071428571429,39.4,47,58,56,84,0,E6,20,20,0.0,0.3,0,1
cbba,1130,default,168,20,20,79.25,3,4,66.64285714285714,39.4,44,69,432,2234,102,E6,20,20,0.0,0.3,0,1
claim,1131,default,199,20,20,97.35,10,4,82.7457627118644,57.625,264,59,31,31,0,E6,20,20,0.0,0.3,0,1
mas,1131,default,204,20,20,94.15,7,4,78.55932203389831,53.25,206,141,65,98,0,E6,20,20,0.0,0.3,0,1
mas_iterative,1131,default,210,20,20,99.9,7,4,83.38983050847457,53.125,249,127,64,96,0,E6,20,20,0.0,0.3,0,1
cbba,1131,default,177,20,20,92.5,5,4,77.98305084745763,49.875,170,55,507,2683,120,E6,20,20,0.0,0.3,0,1
claim,1132,default,189,20,20,97.6,8,4,84.60377358490567,38.666666666666664,191,85,28,28,0,E6,20,20,0.0,0.3,0,1
mas,1132,default,188,20,20,97.35,8,4,84.54716981132076,36.333333333333336,242,36,66,99,0,E6,20,20,0.0,0.3,0,1
mas_iterative,1132,default,179,20,20,94.6,7,4,82.16981132075472,36.0,150,100,60,90,0,E6,20,20,0.0,0.3,0,1
cbba,1132,default,162,20,20,91.1,7,4,79.75471698113208,36.0,137,30,424,2174,99,E6,20,20,0.0,0.3,0,1
claim,1133,default,198,20,20,96.85,8,4,82.60377358490567,36.0,216,59,30,30,0,E6,20,20,0.0,0.3,0,1
mas,1133,default,168,20,20,81.9,5,4,69.94339622641509,35.75,103,61,56,84,0,E6,20,20,0.0,0.3,0,1
mas_iterative,1133,default,185,20,20,81.5,7,4,69.11320754716981,35.5,155,96,56,84,0,E6,20,20,0.0,0.3,0,1
cbba,1133,default,185,20,20,81.5,7,4,69.11320754716981,35.5,155,61,548,2852,130,E6,20,20,0.0,0.3,0,1
claim,1134,default,190,20,20,92.7,8,4,79.18367346938776,28.5,243,60,31,31,0,E6,20,20,0.0,0.3,0,1
mas,1134,default,170,20,20,86.9,5,4,76.0,28.5,169,30,58,87,0,E6,20,20,0.0,0.3,0,1
mas_iterative,1134,default,164,20,20,81.6,5,4,69.65306122448979,28.5,130,52,58,87,0,E6,20,20,0.0,0.3,0,1
cbba,1134,default,180,20,20,89.1,6,4,77.71428571428571,28.5,157,90,564,3136,134,E6,20,20,0.0,0.3,0,1
claim,1135,default,168,20,20,86.65,8,4,72.97916666666667,42.0,145,29,29,29,0,E6,20,20,0.0,0.3,0,1
mas,1135,default,173,20,20,84.35,6,4,70.16666666666667,37.0,110,55,58,87,0,E6,20,20,0.0,0.3,0,1
mas_iterative,1135,default,178,20,20,83.55,6,4,68.91666666666667,36.8,131,100,59,89,0,E6,20,20,0.0,0.3,0,1
cbba,1135,default,178,20,20,83.55,6,4,68.91666666666667,36.8,131,100,611,3279,146,E6,20,20,0.0,0.3,0,1
claim,1136,default,245,20,20,130.15,14,4,108.45098039215686,62.2,381,33,37,37,0,E6,20,20,0.0,0.3,0,1
mas,1136,default,194,20,20,106.65,4,4,89.41176470588235,49.2,157,81,61,92,0,E6,20,20,0.0,0.3,0,1
mas_iterative,1136,default,194,20,20,104.3,4,4,88.23529411764706,49.0,130,84,59,89,0,E6,20,20,0.0,0.3,0,1
cbba,1136,default,193,20,20,106.2,5,4,89.03921568627452,49.0,175,74,471,2531,111,E6,20,20,0.0,0.3,0,1
claim,1137,default,213,20,20,97.3,9,4,77.08510638297872,38.75,250,67,33,33,0,E6,20,20,0.0,0.3,0,1
mas,1137,default,214,20,20,96.85,7,4,76.19148936170212,30.25,155,167,73,110,0,E6,20,20,0.0,0.3,0,1
mas_iterative,1137,default,178,20,20,88.4,4,4,69.55319148936171,29.5,73,92,56,84,0,E6,20,20,0.0,0.3,0,1
cbba,1137,default,178,20,20,88.4,4,4,69.55319148936171,29.5,73,92,592,3266,142,E6,20,20,0.0,0.3,0,1
claim,1138,default,173,20,20,90.05,7,4,78.0925925925926,37.0,197,34,28,28,0,E6,20,20,0.0,0.3,0,1
mas,1138,default,173,20,20,90.05,7,4,78.0925925925926,37.0,197,34,56,84,0,E6,20,20,0.0,0.3,0,1
mas_iterative,1138,default,173,20,20,90.05,7,4,78.0925925925926,37.0,197,34,56,84,0,E6,20,20,0.0,0.3,0,1
cbba,1138,default,196,20,20,91.15,4,4,80.48148148148148,40.25,176,143,571,3069,136,E6,20,20,0.0,0.3,0,1
claim,1139,default,185,20,20,101.45,10,4,87.64814814814815,48.0,232,57,30,30,0,E6,20,20,0.0,0.3,0,1
mas,1139,default,167,20,20,89.4,6,4,76.64814814814815,39.5,156,65,64,96,0,E6,20,20,0.0,0.3,0,1
mas_iterative,1139,default,172,20,20,89.15,6,4,75.27777777777777,38.0,191,40,60,90,0,E6,20,20,0.0,0.3,0,1
cbba,1139,default,161,20,20,84.5,4,4,71.57407407407408,38.0,132,41,507,2801,120,E6,20,20,0.0,0.3,0,1
claim,1140,default,203,20,20,94.15,9,4,75.79166666666667,36.25,229,113,31,31,0,E6,20,20,0.0,0.3,0,1
mas,1140,default,185,20,20,86.35,8,4,69.02083333333333,31.5,213,69,64,96,0,E6,20,20,0.0,0.3,0,1
mas_iterative,1140,default,181,20,20,86.2,6,4,68.95833333333333,31.25,156,90,68,102,0,E6,20,20,0.0,0.3,0,1
cbba,1140,default,199,20,20,88.65,7,4,71.0625,31.25,171,127,489,2545,115,E6,20,20,0.0,0.3,0,1
claim,1141,default,316,20,20,148.4,10,4,115.14545454545454,60.5,706,68,51,51,0,E6,20,20,0.0,0.3,0,1
mas,1141,default,208,20,20,95.05,6,4,78.05454545454545,49.75,232,93,69,104,0,E6,20,20,0.0,0.3,0,1
mas_iterative,1141,default,181,20,20,92.75,4,4,76.23636363636363,48.0,125,74,58,87,0,E6,20,20,0.0,0.3,0,1
cbba,1141,default,183,20,20,92.75,5,4,76.16363636363636,48.0,141,43,510,2692,121,E6,20,20,0.0,0.3,0,1
claim,1142,default,207,20,20,107.95,9,4,91.56,40.25,257,60,31,31,0,E6,20,20,0.0,0.3,0,1
mas,1142,default,191,20,20,95.45,7,4,79.68,35.0,181,55,67,101,0,E6,20,20,0.0,0.3,0,1
mas_iterative,1142,default,184,20,20,100.7,7,4,84.28,34.75,158,59,60,90,0,E6,20,20,0.0,0.3,0,1
cbba,1142,default,186,20,20,98.1,7,4,82.08,34.75,169,40,550,2946,130,E6,20,20,0.0,0.3,0,1
claim,1143,default,229,20,20,98.85,7,4,74.5813953488372,42.0,272,121,30,30,0,E6,20,20,0.0,0.3,0,1
mas,1143,default,172,20,20,86.25,4,4,65.44186046511628,41.333333333333336,98,48,54,81,0,E6,20,20,0.0,0.3,0,1
mas_iterative,1143,default,199,20,20,87.45,4,4,65.74418604651163,40.666666666666664,129,128,54,81,0,E6,20,20,0.0,0.3,0,1
cbba,1143,default,199,20,20,89.05,4,4,66.48837209302326,40.666666666666664,169,96,534,2836,127,E6,20,20,0.0,0.3,0,1
claim,1144,default,270,20,20,143.7,11,4,113.29411764705883,56.666666666666664,543,72,41,41,0,E6,20,20,0.0,0.3,0,1
mas,1144,default,206,20,20,100.35,8,4,79.52941176470588,45.333333333333336,224,103,68,102,0,E6,20,20,0.0,0.3,0,1
mas_iterative,1144,default,186,20,20,100.65,3,4,80.2156862745098,44.833333333333336,146,95,56,84,0,E6,20,20,0.0,0.3,0,1
cbba,1144,default,204,20,20,104.85,5,4,82.45098039215686,44.833333333333336,201,101,496,2614,117,E6,20,20,0.0,0.3,0,1
claim,1145,default,214,20,20,97.95,11,4,77.55357142857143,49.0,223,158,33,33,0,E6,20,20,0.0,0.3,0,1
mas,1145,default,176,20,20,88.1,6,4,70.83928571428571,46.0,145,93,60,90,0,E6,20,20,0.0,0.3,0,1
mas_iterative,1145,default,198,20,20,94.0,8,4,76.03571428571429,48.0,229,89,68,102,0,E6,20,20,0.0,0.3,0,1
cbba,1145,default,181,20,20,91.45,7,4,73.33928571428571,46.5,167,85,524,2798,123,E6,20,20,0.0,0.3,0,1
claim,1146,default,196,20,20,99.9,9,4,88.25454545454545,46.25,200,27,31,31,0,E6,20,20,0.0,0.3,0,1
mas,1146,default,180,20,20,91.4,5,4,80.6,40.0,125,82,54,81,0,E6,20,20,0.0,0.3,0,1
mas_iterative,1146,default,194,20,20,95.8,9,4,83.56363636363636,39.75,199,70,66,99,0,E6,20,20,0.0,0.3,0,1
cbba,1146,default,176,20,20,90.3,5,4,79.74545454545455,39.5,130,81,514,2722,122,E6,20,20,0.0,0.3,0,1
claim,1147,default,209,20,20,99.0,6,4,79.55319148936171,38.666666666666664,221,91,29,29,0,E6,20,20,0.0,0.3,0,1
mas,1147,default,206,20,20,89.6,6,4,70.36170212765957,31.333333333333332,275,28,64,96,0,E6,20,20,0.0,0.3,0,1
mas_iterative,1147,default,175,20,20,85.1,4,4,69.06382978723404,31.0,133,57,58,87,0,E6,20,20,0.0,0.3,0,1
cbba,1147,default,175,20,20,83.65,2,4,66.95744680851064,29.333333333333332,58,93,490,2672,117,E6,20,20,0.0,0.3,0,1
claim,1149,default,192,20,20,90.5,9,4,77.15384615384616,40.333333333333336,248,105,35,35,0,E6,20,20,0.0,0.3,0,1
mas,1149,default,183,20,20,95.2,10,4,80.13461538461539,40.333333333333336,262,63,62,93,0,E6,20,20,0.0,0.3,0,1
mas_iterative,1149,default,183,20,20,95.2,10,4,80.13461538461539,40.333333333333336,262,63,62,93,0,E6,20,20,0.0,0.3,0,1
cbba,1149,default,164,20,20,83.85,7,4,72.67307692307692,40.333333333333336,148,83,511,2817,121,E6,20,20,0.0,0.3,0,1
claim,1150,default,161,20,20,92.5,7,4,76.02083333333333,39.6,152,39,27,27,0,E6,20,20,0.0,0.3,0,1
mas,1150,default,173,20,20,88.4,6,4,68.35416666666667,30.0,171,66,67,101,0,E6,20,20,0.0,0.3,0,1
mas_iterative,1150,default,146,20,20,76.1,4,4,61.541666666666664,29.2,81,32,60,90,0,E6,20,20,0.0,0.3,0,1
cbba,1150,default,180,20,20,81.3,3,4,63.104166666666664,29.2,156,88,557,3011,133,E6,20,20,0.0,0.3,0,1
claim,1152,default,328,20,20,128.4,14,4,102.14583333333333,42.75,782,48,52,52,0,E6,20,20,0.0,0.3,0,1
mas,1152,default,192,20,20,103.8,7,4,85.0,37.75,203,62,76,115,0,E6,20,20,0.0,0.3,0,1
mas_iterative,1152,default,178,20,20,86.45,5,4,70.39583333333333,31.75,117,56,64,96,0,E6,20,20,0.0,0.3,0,1
cbba,1152,default,178,20,20,86.45,5,4,70.39583333333333,31.75,117,56,508,2618,120,E6,20,20,0.0,0.3,0,1
claim,1153,default,254,20,20,119.8,11,4,99.86792452830188,46.2,402,79,39,39,0,E6,20,20,0.0,0.3,0,1
mas,1153,default,229,20,20,104.75,6,4,87.26415094339623,46.4,191,136,62,93,0,E6,20,20,0.0,0.3,0,1
mas_iterative,1153,default,221,20,20,100.9,4,4,83.98113207547169,46.2,160,170,62,93,0,E6,20,20,0.0,0.3,0,1
cbba,1153,default,221,20,20,100.9,4,4,83.98113207547169,46.2,160,170,479,2529,113,E6,20,20,0.0,0.3,0,1
claim,1155,default,211,20,20,102.25,10,4,77.5625,43.4,281,96,33,33,0,E6,20,20,0.0,0.3,0,1
mas,1155,default,213,20,20,97.2,10,4,72.91666666666667,34.2,256,74,66,99,0,E6,20,20,0.0,0.3,0,1
mas_iterative,1155,default,257,20,20,100.1,11,4,74.04166666666667,34.0,385,120,80,120,0,E6,20,20,0.0,0.3,0,1
cbba,1155,default,189,20,20,93.8,8,4,71.14583333333333,34.0,214,33,578,3074,136,E6,20,20,0.0,0.3,0,1
claim,1156,default,219,20,20,121.05,7,4,107.8936170212766,30.0,255,99,31,31,0,E6,20,20,0.0,0.3,0,1
mas,1156,default,177,20,20,97.75,7,4,86.91489361702128,29.0,153,29,59,89,0,E6,20,20,0.0,0.3,0,1
mas_iterative,1156,default,187,20,20,91.85,5,4,79.31914893617021,29.0,183,70,65,98,0,E6,20,20,0.0,0.3,0,1
cbba,1156,default,175,20,20,87.8,3,4,75.8936170212766,29.0,75,76,403,2185,95,E6,20,20,0.0,0.3,0,1
claim,1157,default,249,20,20,133.85,11,4,109.47916666666667,38.333333333333336,422,87,35,35,0,E6,20,20,0.0,0.3,0,1
mas,1157,default,184,20,20,89.55,5,4,72.0,30.0,124,91,56,84,0,E6,20,20,0.0,0.3,0,1
mas_iterative,1157,default,199,20,20,95.85,7,4,76.08333333333333,29.666666666666668,222,69,67,101,0,E6,20,20,0.0,0.3,0,1
cbba,1157,default,177,20,20,83.9,2,4,69.20833333333333,29.666666666666668,97,83,507,2703,121,E6,20,20,0.0,0.3,0,1
claim,1000,default,165,20,20,80.55,6,4,66.65217391304348,32.0,147,81,28,28,0,E6,20,20,0.0,0.3,0,5
mas,1000,default,176,20,20,90.5,8,4,74.5,32.0,246,45,68,102,0,E6,20,20,0.0,0.3,0,5
mas_iterative,1000,default,153,20,20,79.4,6,4,65.30434782608695,28.333333333333332,129,41,59,89,0,E6,20,20,0.0,0.3,0,5
cbba,1000,default,164,20,20,86.55,8,4,70.97826086956522,32.0,181,57,505,2713,119,E6,20,20,0.0,0.3,0,5
claim,1001,default,236,20,20,112.25,11,4,93.28571428571429,40.4,430,75,38,38,0,E6,20,20,0.0,0.3,0,5
mas,1001,default,177,20,20,82.4,7,4,70.76785714285714,36.2,164,95,56,84,0,E6,20,20,0.0,0.3,0,5
mas_iterative,1001,default,158,20,20,80.6,4,4,69.85714285714286,36.4,97,68,54,81,0,E6,20,20,0.0,0.3,0,5
cbba,1001,default,147,20,20,74.1,4,4,64.0,35.8,86,36,456,2420,108,E6,20,20,0.0,0.3,0,5
claim,1002,default,214,20,20,105.0,10,4,82.52173913043478,47.0,307,81,33,33,0,E6,20,20,0.0,0.3,0,5
mas,1002,default,194,20,20,94.1,5,4,74.71739130434783,41.75,121,131,56,84,0,E6,20,20,0.0,0.3,0,5
mas_iterative,1002,default,173,20,20,85.75,4,4,69.19565217391305,41.25,127,53,50,75,0,E6,20,20,0.0,0.3,0,5
cbba,1002,default,182,20,20,84.25,7,4,66.97826086956522,34.75,131,25,613,3251,146,E6,20,20,0.0,0.3,0,5
claim,1003,default,187,20,20,87.75,10,4,68.14583333333333,44.5,231,85,34,34,0,E6,20,20,0.0,0.3,0,5
mas,1003,default,172,20,20,82.6,6,4,65.85416666666667,44.5,129,104,54,81,0,E6,20,20,0.0,0.3,0,5
mas_iterative,1003,default,172,20,20,83.3,7,4,66.14583333333333,44.5,173,68,58,87,0,E6,20,20,0.0,0.3,0,5
cbba,1003,default,167,20,20,74.8,4,4,59.020833333333336,38.666666666666664,100,121,566,3008,135,E6,20,20,0.0,0.3,0,5
claim,1004,default,228,20,20,121.2,13,4,103.23404255319149,40.0,377,43,40,40,0,E6,20,20,0.0,0.3,0,5
mas,1004,default,181,20,20,92.2,7,4,76.72340425531915,29.333333333333332,111,117,62,93,0,E6,20,20,0.0,0.3,0,5
mas_iterative,1004,default,186,20,20,90.6,6,4,74.93617021276596,29.0,137,119,66,99,0,E6,20,20,0.0,0.3,0,5
cbba,1004,default,186,20,20,89.7,6,4,74.02127659574468,29.0,121,120,424,2310,99,E6,20,20,0.0,0.3,0,5
claim,1005,default,195,20,20,95.3,8,4,82.47272727272727,50.666666666666664,214,170,32,32,0,E6,20,20,0.0,0.3,0,5
mas,1005,default,175,20,20,91.65,7,4,80.18181818181819,50.666666666666664,203,84,64,96,0,E6,20,20,0.0,0.3,0,5
mas_iterative,1005,default,200,20,20,92.15,7,4,80.76363636363637,50.666666666666664,217,175,66,99,0,E6,20,20,0.0,0.3,0,5
cbba,1005,default,206,20,20,107.4,9,4,93.27272727272727,46.333333333333336,275,155,470,2578,109,E6,20,20,0.0,0.3,0,5
claim,1006,default,196,20,20,99.95,8,4,82.51282051282051,38.0,226,122,31,31,0,E6,20,20,0.0,0.3,0,5
mas,1006,default,170,20,20,74.2,3,4,60.94871794871795,29.0,58,148,52,78,0,E6,20,20,0.0,0.3,0,5
mas_iterative,1006,default,172,20,20,72.55,4,4,59.30769230769231,28.5,146,39,66,99,0,E6,20,20,0.0,0.3,0,5
cbba,1006,default,172,20,20,72.55,4,4,59.30769230769231,28.5,146,49,539,2773,128,E6,20,20,0.0,0.3,0,5
claim,1007,default,152,20,20,90.4,9,4,78.08888888888889,33.0,199,29,31,31,0,E6,20,20,0.0,0.3,0,5
mas,1007,default,136,20,20,75.95,4,4,66.55555555555556,33.0,59,83,58,87,0,E6,20,20,0.0,0.3,0,5
mas_iterative,1007,default,137,20,20,73.7,3,4,64.86666666666666,33.0,54,89,58,87,0,E6,20,20,0.0,0.3,0,5
cbba,1007,default,138,20,20,73.6,4,4,64.82222222222222,33.0,57,94,429,2251,101,E6,20,20,0.0,0.3,0,5
claim,1008,default,229,20,20,108.4,12,4,92.34,36.25,341,33,37,37,0,E6,20,20,0.0,0.3,0,5
mas,1008,default,216,20,20,101.6,11,4,86.1,36.25,317,70,88,133,0,E6,20,20,0.0,0.3,0,5
mas_iterative,1008,default,212,20,20,102.3,11,4,86.36,36.25,293,60,83,125,0,E6,20,20,0.0,0.3,0,5
cbba,1008,default,185,20,20,90.4,6,4,77.64,30.25,143,52,436,2146,102,E6,20,20,0.0,0.3,0,5
claim,1009,default,221,20,20,107.5,8,4,88.02127659574468,33.333333333333336,212,114,30,30,0,E6,20,20,0.0,0.3,0,5
mas,1009,default,226,20,20,114.45,6,4,94.61702127659575,38.0,249,78,63,95,0,E6,20,20,0.0,0.3,0,5
mas_iterative,1009,default,226,20,20,114.4,6,4,94.57446808510639,38.0,249,78,63,95,0,E6,20,20,0.0,0.3,0,5
cbba,1009,default,208,20,20,102.55,5,4,82.40425531914893,33.333333333333336,167,113,503,2733,119,E6,20,20,0.0,0.3,0,5
claim,1010,default,232,20,20,123.75,10,4,106.49056603773585,56.8,384,83,39,39,0,E6,20,20,0.0,0.3,0,5
mas,1010,default,181,20,20,89.2,6,4,75.28301886792453,37.6,154,80,61,92,0,E6,20,20,0.0,0.3,0,5
mas_iterative,1010,default,168,20,20,84.35,5,4,71.67924528301887,37.0,101,86,59,89,0,E6,20,20,0.0,0.3,0,5
cbba,1010,default,168,20,20,84.35,5,4,71.67924528301887,37.0,101,86,470,2520,111,E6,20,20,0.0,0.3,0,5
claim,1011,default,168,20,20,84.05,5,4,69.75925925925925,37.2,142,65,28,28,0,E6,20,20,0.0,0.3,0,5
mas,1011,default,167,20,20,82.4,4,4,68.20370370370371,37.2,76,118,52,78,0,E6,20,20,0.0,0.3,0,5
mas_iterative,1011,default,167,20,20,82.15,4,4,67.98148148148148,37.2,77,117,50,75,0,E6,20,20,0.0,0.3,0,5
cbba,1011,default,167,20,20,81.9,4,4,67.72222222222223,37.0,77,119,544,2974,130,E6,20,20,0.0,0.3,0,5
claim,1012,default,171,20,20,82.55,6,4,73.22641509433963,40.2,110,144,26,26,0,E6,20,20,0.0,0.3,0,5
mas,1012,default,159,20,20,73.8,2,4,64.69811320754717,35.0,56,154,52,78,0,E6,20,20,0.0,0.3,0,5
mas_iterative,1012,default,161,20,20,74.55,4,4,65.15094339622641,34.8,75,137,54,81,0,E6,20,20,0.0,0.3,0,5
cbba,1012,default,146,20,20,68.6,3,4,59.79245283018868,34.8,46,125,541,3027,129,E6,20,20,0.0,0.3,0,5
claim,1013,default,202,20,20,88.35,7,4,79.26829268292683,nan,246,73,29,29,0,E6,20,20,0.0,0.3,0,5
mas,1013,default,168,20,20,85.1,4,4,76.5609756097561,nan,99,93,50,75,0,E6,20,20,0.0,0.3,0,5
mas_iterative,1013,default,168,20,20,85.05,4,4,76.53658536585365,nan,100,92,50,75,0,E6,20,20,0.0,0.3,0,5
cbba,1013,default,168,20,20,85.05,4,4,76.53658536585365,nan,100,92,504,2732,120,E6,20,20,0.0,0.3,0,5
claim,1014,default,209,20,20,97.2,10,4,81.1,28.5,293,60,34,34,0,E6,20,20,0.0,0.3,0,5
mas,1014,default,192,20,20,79.55,4,4,67.1,28.5,93,157,58,87,0,E6,20,20,0.0,0.3,0,5
mas_iterative,1014,default,166,20,20,82.45,5,4,69.08,28.5,133,30,58,87,0,E6,20,20,0.0,0.3,0,5
cbba,1014,default,208,20,20,86.95,5,4,71.4,28.0,179,146,501,2765,118,E6,20,20,0.0,0.3,0,5
claim,1015,default,201,20,20,95.0,5,4,84.7,34.0,132,130,25,25,0,E6,20,20,0.0,0.3,0,5
mas,1015,default,201,20,20,95.0,5,4,84.7,34.0,132,130,50,75,0,E6,20,20,0.0,0.3,0,5
mas_iterative,1015,default,201,20,20,95.0,5,4,84.7,34.0,132,130,50,75,0,E6,20,20,0.0,0.3,0,5
cbba,1015,default,179,20,20,91.15,4,4,80.48,34.0,97,75,492,2646,117,E6,20,20,0.0,0.3,0,5
claim,1016,default,179,20,20,80.8,8,4,64.7,39.833333333333336,259,65,32,32,0,E6,20,20,0.0,0.3,0,5
mas,1016,default,147,20,20,72.55,5,4,55.52,35.666666666666664,131,73,62,93,0,E6,20,20,0.0,0.3,0,5
mas_iterative,1016,default,127,20,20,64.8,2,4,51.82,35.166666666666664,79,31,56,84,0,E6,20,20,0.0,0.3,0,5
cbba,1016,default,127,20,20,64.8,2,4,51.82,35.166666666666664,79,31,504,2598,120,E6,20,20,0.0,0.3,0,5
claim,1017,default,196,20,20,95.35,8,4,82.3076923076923,41.666666666666664,204,114,30,30,0,E6,20,20,0.0,0.3,0,5
mas,1017,default,161,20,20,85.3,4,4,73.03846153846153,36.333333333333336,105,81,54,81,0,E6,20,20,0.0,0.3,0,5
mas_iterative,1017,default,178,20,20,85.05,5,4,73.63461538461539,36.0,111,142,56,84,0,E6,20,20,0.0,0.3,0,5
cbba,1017,default,178,20,20,85.05,5,4,73.63461538461539,36.0,111,142,514,2748,122,E6,20,20,0.0,0.3,0,5
claim,1018,default,231,20,20,120.8,11,4,92.29545454545455,32.666666666666664,321,34,34,34,0,E6,20,20,0.0,0.3,0,5
mas,1018,default,217,20,20,104.85,7,4,81.06818181818181,32.666666666666664,177,99,69,104,0,E6,20,20,0.0,0.3,0,5
mas_iterative,1018,default,212,20,20,108.5,3,4,85.1590909090909,32.666666666666664,115,111,56,84,0,E6,20,20,0.0,0.3,0,5
cbba,1018,default,218,20,20,112.55,6,4,87.11363636363636,32.666666666666664,189,79,544,2930,129,E6,20,20,0.0,0.3,0,5
claim,1019,default,226,20,20,104.2,11,4,88.6078431372549,32.0,306,136,34,34,0,E6,20,20,0.0,0.3,0,5
mas,1019,default,198,20,20,88.4,7,4,75.58823529411765,32.0,155,135,58,87,0,E6,20,20,0.0,0.3,0,5
mas_iterative,1019,default,172,20,20,84.85,5,4,72.13725490196079,32.0,148,42,56,84,0,E6,20,20,0.0,0.3,0,5
cbba,1019,default,172,20,20,84.55,5,4,71.90196078431373,32.0,125,71,562,3100,134,E6,20,20,0.0,0.3,0,5
claim,1020,default,243,20,20,104.2,8,4,84.32608695652173,28.5,385,34,38,38,0,E6,20,20,0.0,0.3,0,5
mas,1020,default,187,20,20,94.9,5,4,76.76086956521739,28.5,96,71,61,92,0,E6,20,20,0.0,0.3,0,5
mas_iterative,1020,default,173,20,20,92.65,5,4,76.47826086956522,28.5,99,55,58,87,0,E6,20,20,0.0,0.3,0,5
cbba,1020,default,187,20,20,92.35,4,4,75.67391304347827,28.5,78,114,517,2805,123,E6,20,20,0.0,0.3,0,5
claim,1021,default,182,20,20,97.2,10,4,79.08695652173913,35.666666666666664,234,56,33,33,0,E6,20,20,0.0,0.3,0,5
mas,1021,default,200,20,20,96.35,8,4,75.1304347826087,28.666666666666668,308,47,78,117,0,E6,20,20,0.0,0.3,0,5
mas_iterative,1021,default,215,20,20,90.3,8,4,72.08695652173913,28.333333333333332,347,59,85,128,0,E6,20,20,0.0,0.3,0,5
cbba,1021,default,184,20,20,85.75,8,4,67.6086956521739,28.333333333333332,186,89,460,2466,107,E6,20,20,0.0,0.3,0,5
claim,1022,default,225,20,20,101.8,11,4,85.27450980392157,42.25,282,129,34,34,0,E6,20,20,0.0,0.3,0,5
mas,1022,default,186,20,20,94.1,8,4,80.0,45.25,168,96,60,90,0,E6,20,20,0.0,0.3,0,5
mas_iterative,1022,default,178,20,20,87.8,5,4,73.70588235294117,41.5,125,71,62,93,0,E6,20,20,0.0,0.3,0,5
cbba,1022,default,186,20,20,90.3,6,4,75.7843137254902,41.5,156,104,524,2846,124,E6,20,20,0.0,0.3,0,5
claim,1023,default,222,20,20,112.3,7,4,94.6470588235294,38.0,212,128,29,29,0,E6,20,20,0.0,0.3,0,5
mas,1023,default,220,20,20,106.3,8,4,88.70588235294117,33.333333333333336,264,57,64,96,0,E6,20,20,0.0,0.3,0,5
mas_iterative,1023,default,212,20,20,102.65,6,4,85.74509803921569,33.333333333333336,185,103,60,90,0,E6,20,20,0.0,0.3,0,5
cbba,1023,default,212,20,20,102.65,6,4,85.74509803921569,33.333333333333336,185,103,564,2948,134,E6,20,20,0.0,0.3,0,5
claim,1024,default,247,20,20,135.55,8,4,118.22448979591837,54.333333333333336,451,37,41,41,0,E6,20,20,0.0,0.3,0,5
mas,1024,default,199,20,20,94.8,5,4,79.65306122448979,29.666666666666668,194,103,66,101,0,E6,20,20,0.0,0.3,0,5
mas_iterative,1024,default,187,20,20,96.0,5,4,79.42857142857143,29.0,117,114,63,95,0,E6,20,20,0.0,0.3,0,5
cbba,1024,default,224,20,20,97.9,3,4,80.93877551020408,29.0,209,153,480,2428,113,E6,20,20,0.0,0.3,0,5
claim,1025,default,196,20,20,100.05,11,4,79.59183673469387,40.5,268,94,33,33,0,E6,20,20,0.0,0.3,0,5
mas,1025,default,157,20,20,80.65,5,4,65.3061224489796,40.25,96,89,56,84,0,E6,20,20,0.0,0.3,0,5
mas_iterative,1025,default,165,20,20,82.5,4,4,66.22448979591837,40.0,119,112,56,84,0,E6,20,20,0.0,0.3,0,5
cbba,1025,default,164,20,20,82.35,5,4,66.89795918367346,38.25,143,99,500,2686,118,E6,20,20,0.0,0.3,0,5
claim,1026,default,201,20,20,101.4,9,4,85.37735849056604,46.0,172,97,29,29,0,E6,20,20,0.0,0.3,0,5
mas,1026,default,177,20,20,98.55,8,4,83.83018867924528,46.0,116,50,58,87,0,E6,20,20,0.0,0.3,0,5
mas_iterative,1026,default,177,20,20,98.45,8,4,83.73584905660377,46.0,117,49,58,87,0,E6,20,20,0.0,0.3,0,5
cbba,1026,default,178,20,20,92.65,4,4,77.81132075471699,43.666666666666664,152,68,516,2724,122,E6,20,20,0.0,0.3,0,5
claim,1027,default,250,20,20,135.15,11,4,110.02127659574468,54.5,442,61,38,38,0,E6,20,20,0.0,0.3,0,5
mas,1027,default,192,20,20,99.25,6,4,80.08510638297872,40.0,178,117,62,93,0,E6,20,20,0.0,0.3,0,5
mas_iterative,1027,default,205,20,20,103.9,5,4,85.06382978723404,37.75,187,118,62,93,0,E6,20,20,0.0,0.3,0,5
cbba,1027,default,183,20,20,90.15,3,4,72.48936170212765,32.25,82,110,433,2305,102,E6,20,20,0.0,0.3,0,5
claim,1028,default,240,20,20,151.95,10,4,129.61363636363637,43.0,392,37,37,37,0,E6,20,20,0.0,0.3,0,5
mas,1028,default,210,20,20,114.9,6,4,93.31818181818181,42.0,213,83,65,98,0,E6,20,20,0.0,0.3,0,5
mas_iterative,1028,default,177,20,20,91.0,3,4,74.31818181818181,41.5,73,74,49,74,0,E6,20,20,0.0,0.3,0,5
cbba,1028,default,174,20,20,89.0,2,4,72.5,40.0,60,62,466,2456,111,E6,20,20,0.0,0.3,0,5
claim,1030,default,248,20,20,117.6,12,4,88.92857142857143,43.5,457,118,41,41,0,E6,20,20,0.0,0.3,0,5
mas,1030,default,154,20,20,78.8,4,4,64.11904761904762,42.5,99,43,57,86,0,E6,20,20,0.0,0.3,0,5
mas_iterative,1030,default,154,20,20,78.4,4,4,63.76190476190476,42.0,100,41,59,89,0,E6,20,20,0.0,0.3,0,5
cbba,1030,default,167,20,20,75.9,3,4,60.26190476190476,33.5,87,95,501,2693,119,E6,20,20,0.0,0.3,0,5
claim,1031,default,219,20,20,111.95,10,4,91.67272727272727,49.714285714285715,280,33,37,37,0,E6,20,20,0.0,0.3,0,5
mas,1031,default,188,20,20,89.45,5,4,73.54545454545455,39.714285714285715,182,51,58,87,0,E6,20,20,0.0,0.3,0,5
mas_iterative,1031,default,199,20,20,95.1,5,4,75.94545454545455,38.285714285714285,150,132,58,87,0,E6,20,20,0.0,0.3,0,5
cbba,1031,default,199,20,20,95.1,5,4,75.94545454545455,38.285714285714285,150,132,527,2829,125,E6,20,20,0.0,0.3,0,5
claim,1032,default,201,20,20,101.2,9,4,83.53191489361703,34.0,263,53,32,32,0,E6,20,20,0.0,0.3,0,5
mas,1032,default,180,20,20,88.4,4,4,72.40425531914893,34.0,119,112,59,89,0,E6,20,20,0.0,0.3,0,5
mas_iterative,1032,default,214,20,20,99.1,8,4,77.74468085106383,33.5,291,81,72,108,0,E6,20,20,0.0,0.3,0,5
cbba,1032,default,158,20,20,79.75,3,4,64.25531914893617,33.5,65,79,520,2822,124,E6,20,20,0.0,0.3,0,5
claim,1033,default,281,20,20,124.55,12,4,103.85185185185185,56.0,444,96,40,40,0,E6,20,20,0.0,0.3,0,5
mas,1033,default,213,20,20,103.75,6,4,87.55555555555556,54.8,173,124,64,96,0,E6,20,20,0.0,0.3,0,5
mas_iterative,1033,default,213,20,20,99.9,8,4,83.64814814814815,53.4,215,69,76,114,0,E6,20,20,0.0,0.3,0,5
cbba,1033,default,208,20,20,98.05,6,4,82.68518518518519,52.4,203,67,376,1876,87,E6,20,20,0.0,0.3,0,5
claim,1034,default,215,20,20,106.6,8,4,82.71111111111111,48.5,297,67,34,34,0,E6,20,20,0.0,0.3,0,5
mas,1034,default,208,20,20,95.35,6,4,73.26666666666667,37.5,205,82,60,90,0,E6,20,20,0.0,0.3,0,5
mas_iterative,1034,default,208,20,20,95.25,6,4,73.11111111111111,37.0,206,81,60,90,0,E6,20,20,0.0,0.3,0,5
cbba,1034,default,187,20,20,94.75,5,4,73.6,37.0,155,55,547,2965,130,E6,20,20,0.0,0.3,0,5
claim,1035,default,282,20,20,109.7,11,4,91.83333333333333,38.6,553,77,42,42,0,E6,20,20,0.0,0.3,0,5
mas,1035,default,215,20,20,99.4,8,4,85.96296296296296,38.6,260,88,66,99,0,E6,20,20,0.0,0.3,0,5
mas_iterative,1035,default,192,20,20,96.6,8,4,84.12962962962963,38.8,197,33,62,93,0,E6,20,20,0.0,0.3,0,5
cbba,1035,default,192,20,20,96.6,8,4,84.12962962962963,38.8,197,33,609,3301,145,E6,20,20,0.0,0.3,0,5
claim,1036,default,258,20,20,127.2,11,4,101.95918367346938,44.25,446,36,40,40,0,E6,20,20,0.0,0.3,0,5
mas,1036,default,254,20,20,121.95,13,4,97.12244897959184,48.25,365,125,78,117,0,E6,20,20,0.0,0.3,0,5
mas_iterative,1036,default,208,20,20,104.6,7,4,84.85714285714286,37.5,161,83,63,95,0,E6,20,20,0.0,0.3,0,5
cbba,1036,default,199,20,20,109.7,5,4,89.9795918367347,48.25,150,81,471,2539,111,E6,20,20,0.0,0.3,0,5
claim,1037,default,251,20,20,126.4,11,4,93.91304347826087,43.2,394,67,40,40,0,E6,20,20,0.0,0.3,0,5
mas,1037,default,188,20,20,92.4,3,4,70.47826086956522,34.4,54,129,60,90,0,E6,20,20,0.0,0.3,0,5
mas_iterative,1037,default,203,20,20,93.8,6,4,70.67391304347827,33.8,118,132,60,90,0,E6,20,20,0.0,0.3,0,5
cbba,1037,default,193,20,20,92.7,6,4,70.19565217391305,33.8,134,91,585,3143,139,E6,20,20,0.0,0.3,0,5
claim,1038,default,218,20,20,103.75,10,4,86.08620689655173,46.166666666666664,310,52,34,34,0,E6,20,20,0.0,0.3,0,5
mas,1038,default,186,20,20,94.0,7,4,79.27586206896552,47.0,184,55,58,87,0,E6,20,20,0.0,0.3,0,5
mas_iterative,1038,default,185,20,20,93.85,7,4,79.15517241379311,47.0,184,51,58,87,0,E6,20,20,0.0,0.3,0,5
cbba,1038,default,197,20,20,97.15,8,4,80.3103448275862,46.5,257,40,615,3371,146,E6,20,20,0.0,0.3,0,5
claim,1039,default,231,20,20,109.35,11,4,89.5,41.166666666666664,301,115,33,33,0,E6,20,20,0.0,0.3,0,5
mas,1039,default,175,20,20,84.5,4,4,70.05357142857143,33.166666666666664,64,94,56,84,0,E6,20,20,0.0,0.3,0,5
mas_iterative,1039,default,174,20,20,84.0,4,4,69.58928571428571,32.666666666666664,64,89,56,84,0,E6,20,20,0.0,0.3,0,5
cbba,1039,default,200,20,20,89.6,5,4,72.17857142857143,32.666666666666664,150,116,500,2698,118,E6,20,20,0.0,0.3,0,5
claim,1040,default,214,20,20,113.2,9,4,95.14285714285714,46.0,305,67,33,33,0,E6,20,20,0.0,0.3,0,5
mas,1040,default,143,20,20,80.35,3,4,70.16326530612245,50.5,28,49,56,84,0,E6,20,20,0.0,0.3,0,5
mas_iterative,1040,default,158,20,20,89.8,5,4,76.24489795918367,51.0,119,48,58,87,0,E6,20,20,0.0,0.3,0,5
cbba,1040,default,154,20,20,81.95,5,4,70.3265306122449,49.5,69,76,570,3086,136,E6,20,20,0.0,0.3,0,5
claim,1041,default,201,20,20,102.15,9,4,81.12,36.5,274,47,32,32,0,E6,20,20,0.0,0.3,0,5
mas,1041,default,186,20,20,99.2,7,4,79.4,36.5,202,43,58,87,0,E6,20,20,0.0,0.3,0,5
mas_iterative,1041,default,186,20,20,99.2,7,4,79.4,36.5,202,43,58,87,0,E6,20,20,0.0,0.3,0,5
cbba,1041,default,200,20,20,89.1,6,4,71.38,30.75,175,135,432,2314,101,E6,20,20,0.0,0.3,0,5
claim,1042,default,235,20,20,97.05,9,4,76.15384615384616,38.2,356,127,35,35,0,E6,20,20,0.0,0.3,0,5
mas,1042,default,169,20,20,77.35,4,4,63.25,33.4,92,97,56,84,0,E6,20,20,0.0,0.3,0,5
mas_iterative,1042,default,169,20,20,77.1,4,4,63.01923076923077,33.2,93,95,60,90,0,E6,20,20,0.0,0.3,0,5
cbba,1042,default,166,20,20,78.35,4,4,63.26923076923077,31.6,77,115,505,2715,120,E6,20,20,0.0,0.3,0,5
claim,1043,default,222,20,20,99.75,11,4,77.5,31.0,393,32,36,36,0,E6,20,20,0.0,0.3,0,5
mas,1043,default,190,20,20,92.85,7,4,73.21052631578948,31.0,179,103,64,96,0,E6,20,20,0.0,0.3,0,5
mas_iterative,1043,default,216,20,20,99.25,9,4,76.52631578947368,31.0,252,151,66,99,0,E6,20,20,0.0,0.3,0,5
cbba,1043,default,176,20,20,82.75,4,4,61.86842105263158,31.0,148,93,515,2821,122,E6,20,20,0.0,0.3,0,5
claim,1044,default,192,20,20,89.5,6,4,78.68,45.5,119,157,26,26,0,E6,20,20,0.0,0.3,0,5
mas,1044,default,172,20,20,85.25,2,4,74.06,40.0,72,114,50,75,0,E6,20,20,0.0,0.3,0,5
mas_iterative,1044,default,178,20,20,77.75,4,4,67.52,39.5,139,65,64,96,0,E6,20,20,0.0,0.3,0,5
cbba,1044,default,178,20,20,77.75,4,4,67.52,39.5,139,65,399,1937,93,E6,20,20,0.0,0.3,0,5
claim,1045,default,231,20,20,107.45,9,4,85.57692307692308,39.0,332,34,34,34,0,E6,20,20,0.0,0.3,0,5
mas,1045,default,202,20,20,90.65,3,4,74.98076923076923,32.25,53,145,48,72,0,E6,20,20,0.0,0.3,0,5
mas_iterative,1045,default,218,20,20,97.75,6,4,79.25,32.0,159,121,63,95,0,E6,20,20,0.0,0.3,0,5
cbba,1045,default,250,20,20,102.65,8,4,81.13461538461539,32.0,311,122,652,3506,155,E6,20,20,0.0,0.3,0,5
claim,1046,default,310,20,20,154.8,10,4,129.11320754716982,60.4,626,87,45,45,0,E6,20,20,0.0,0.3,0,5
mas,1046,default,214,20,20,88.2,8,4,72.98113207547169,34.8,203,75,68,103,0,E6,20,20,0.0,0.3,0,5
mas_iterative,1046,default,215,20,20,89.35,6,4,74.01886792452831,33.8,198,79,70,106,0,E6,20,20,0.0,0.3,0,5
cbba,1046,default,211,20,20,93.9,5,4,77.37735849056604,33.8,239,69,505,2755,119,E6,20,20,0.0,0.3,0,5
claim,1047,default,198,20,20,101.85,10,4,81.86666666666666,43.0,301,61,33,33,0,E6,20,20,0.0,0.3,0,5
mas,1047,default,163,20,20,83.95,5,4,68.82222222222222,31.0,125,99,60,90,0,E6,20,20,0.0,0.3,0,5
mas_iterative,1047,default,162,20,20,84.9,6,4,68.91111111111111,30.5,139,90,62,93,0,E6,20,20,0.0,0.3,0,5
cbba,1047,default,162,20,20,84.9,6,4,68.91111111111111,30.5,139,90,576,3092,137,E6,20,20,0.0,0.3,0,5
claim,1048,default,225,20,20,127.45,7,4,111.55319148936171,56.0,328,53,32,32,0,E6,20,20,0.0,0.3,0,5
mas,1048,default,227,20,20,98.25,7,4,83.63829787234043,45.0,248,153,73,110,0,E6,20,20,0.0,0.3,0,5
mas_iterative,1048,default,222,20,20,96.95,7,4,81.68085106382979,45.0,261,103,67,101,0,E6,20,20,0.0,0.3,0,5
cbba,1048,default,190,20,20,85.9,4,4,73.46808510638297,30.0,166,43,624,3324,149,E6,20,20,0.0,0.3,0,5
claim,1049,default,261,20,20,123.5,9,4,106.98181818181818,39.333333333333336,388,108,38,38,0,E6,20,20,0.0,0.3,0,5
mas,1049,default,208,20,20,99.1,6,4,86.2,32.0,229,58,67,101,0,E6,20,20,0.0,0.3,0,5
mas_iterative,1049,default,212,20,20,99.2,6,4,86.10909090909091,31.666666666666668,257,60,69,104,0,E6,20,20,0.0,0.3,0,5
cbba,1049,default,192,20,20,98.25,4,4,85.98181818181818,31.666666666666668,131,57,391,2031,91,E6,20,20,0.0,0.3,0,5
claim,1050,default,236,20,20,108.0,10,4,85.41666666666667,44.5,382,58,38,38,0,E6,20,20,0.0,0.3,0,5
mas,1050,default,243,20,20,105.85,8,4,84.52083333333333,44.5,288,165,62,93,0,E6,20,20,0.0,0.3,0,5
mas_iterative,1050,default,242,20,20,105.7,8,4,84.45833333333333,44.5,288,161,62,93,0,E6,20,20,0.0,0.3,0,5
cbba,1050,default,196,20,20,92.75,8,4,74.58333333333333,44.5,245,48,574,3060,136,E6,20,20,0.0,0.3,0,5
claim,1051,default,243,20,20,129.75,10,4,105.95555555555555,38.5,375,74,37,37,0,E6,20,20,0.0,0.3,0,5
mas,1051,default,179,20,20,92.25,5,4,75.66666666666667,38.5,128,62,60,90,0,E6,20,20,0.0,0.3,0,5
mas_iterative,1051,default,191,20,20,96.0,5,4,79.22222222222223,38.5,125,96,58,87,0,E6,20,20,0.0,0.3,0,5
cbba,1051,default,179,20,20,92.25,4,4,76.88888888888889,38.5,87,91,557,3023,133,E6,20,20,0.0,0.3,0,5
claim,1052,default,200,20,20,105.2,6,4,90.3913043478261,41.0,209,77,29,29,0,E6,20,20,0.0,0.3,0,5
mas,1052,default,185,20,20,95.4,5,4,78.69565217391305,34.0,143,95,57,86,0,E6,20,20,0.0,0.3,0,5
mas_iterative,1052,default,201,20,20,101.15,6,4,82.34782608695652,33.666666666666664,203,99,69,104,0,E6,20,20,0.0,0.3,0,5
cbba,1052,default,200,20,20,90.6,5,4,76.32608695652173,28.0,190,44,518,2578,122,E6,20,20,0.0,0.3,0,5
claim,1053,default,196,20,20,101.95,11,4,86.68627450980392,41.8,254,52,34,34,0,E6,20,20,0.0,0.3,0,5
mas,1053,default,144,20,20,81.9,4,4,69.52941176470588,38.2,75,26,60,90,0,E6,20,20,0.0,0.3,0,5
mas_iterative,1053,default,184,20,20,84.8,6,4,71.17647058823529,37.6,158,110,62,93,0,E6,20,20,0.0,0.3,0,5
cbba,1053,default,184,20,20,84.8,6,4,71.17647058823529,37.6,158,110,531,2787,126,E6,20,20,0.0,0.3,0,5
claim,1054,default,246,20,20,128.05,10,4,110.45454545454545,41.0,423,38,39,39,0,E6,20,20,0.0,0.3,0,5
mas,1054,default,206,20,20,96.6,6,4,80.38636363636364,28.5,179,106,68,102,0,E6,20,20,0.0,0.3,0,5
mas_iterative,1054,default,196,20,20,95.15,6,4,79.29545454545455,28.0,179,75,66,99,0,E6,20,20,0.0,0.3,0,5
cbba,1054,default,196,20,20,95.15,6,4,79.29545454545455,28.0,179,75,613,3395,146,E6,20,20,0.0,0.3,0,5
claim,1055,default,195,20,20,101.05,6,4,87.24528301886792,42.5,175,118,27,27,0,E6,20,20,0.0,0.3,0,5
mas,1055,default,199,20,20,99.55,6,4,86.52830188679245,42.5,188,114,58,87,0,E6,20,20,0.0,0.3,0,5
mas_iterative,1055,default,199,20,20,99.5,6,4,86.47169811320755,42.5,189,113,58,87,0,E6,20,20,0.0,0.3,0,5
cbba,1055,default,199,20,20,99.5,5,4,86.47169811320755,42.5,189,112,515,2699,122,E6,20,20,0.0,0.3,0,5
claim,1056,default,258,20,20,111.25,12,4,87.28301886792453,44.4,564,43,47,47,0,E6,20,20,0.0,0.3,0,5
mas,1056,default,162,20,20,86.7,4,4,72.22641509433963,40.2,80,73,52,78,0,E6,20,20,0.0,0.3,0,5
mas_iterative,1056,default,162,20,20,86.15,4,4,71.75471698113208,40.0,77,75,52,78,0,E6,20,20,0.0,0.3,0,5
cbba,1056,default,162,20,20,86.15,4,4,71.75471698113208,40.0,77,75,573,3081,137,E6,20,20,0.0,0.3,0,5
claim,1057,default,190,20,20,101.55,7,4,86.73684210526316,48.333333333333336,188,47,29,29,0,E6,20,20,0.0,0.3,0,5
mas,1057,default,183,20,20,93.45,6,4,79.2280701754386,38.5,147,63,64,96,0,E6,20,20,0.0,0.3,0,5
mas_iterative,1057,default,202,20,20,99.6,7,4,83.0701754385965,41.166666666666664,167,122,58,87,0,E6,20,20,0.0,0.3,0,5
cbba,1057,default,202,20,20,99.6,7,4,83.0701754385965,41.166666666666664,167,122,543,2891,129,E6,20,20,0.0,0.3,0,5
claim,1058,default,241,20,20,116.0,7,4,98.13725490196079,41.0,303,92,31,31,0,E6,20,20,0.0,0.3,0,5
mas,1058,default,209,20,20,102.2,4,4,87.7843137254902,37.5,122,137,59,89,0,E6,20,20,0.0,0.3,0,5
mas_iterative,1058,default,200,20,20,105.5,7,4,89.03921568627452,39.75,211,50,66,99,0,E6,20,20,0.0,0.3,0,5
cbba,1058,default,200,20,20,96.75,3,4,81.50980392156863,31.0,126,97,554,2984,132,E6,20,20,0.0,0.3,0,5
claim,1059,default,206,20,20,99.45,9,4,82.03846153846153,45.6,339,37,36,36,0,E6,20,20,0.0,0.3,0,5
mas,1059,default,179,20,20,91.75,7,4,75.67307692307692,40.4,224,38,66,99,0,E6,20,20,0.0,0.3,0,5
mas_iterative,1059,default,186,20,20,88.9,7,4,72.59615384615384,40.0,170,104,60,90,0,E6,20,20,0.0,0.3,0,5
cbba,1059,default,186,20,20,88.9,7,4,72.59615384615384,40.0,170,104,504,2750,119,E6,20,20,0.0,0.3,0,5
claim,1060,default,168,20,20,80.3,3,4,66.65217391304348,41.0,65,128,23,23,0,E6,20,20,0.0,0.3,0,5
mas,1060,default,162,20,20,77.95,5,4,64.1086956521739,41.0,92,94,54,81,0,E6,20,20,0.0,0.3,0,5
mas_iterative,1060,default,162,20,20,77.9,5,4,64.04347826086956,41.0,93,93,54,81,0,E6,20,20,0.0,0.3,0,5
cbba,1060,default,176,20,20,77.75,6,4,61.84782608695652,33.0,139,116,479,2519,113,E6,20,20,0.0,0.3,0,5
claim,1061,default,222,20,20,94.85,5,4,81.58333333333333,48.333333333333336,267,26,30,30,0,E6,20,20,0.0,0.3,0,5
mas,1061,default,205,20,20,99.75,9,4,85.0625,39.666666666666664,204,89,66,99,0,E6,20,20,0.0,0.3,0,5
mas_iterative,1061,default,170,20,20,85.6,4,4,74.125,39.0,111,29,58,87,0,E6,20,20,0.0,0.3,0,5
cbba,1061,default,181,20,20,84.7,4,4,71.1875,31.333333333333332,103,72,478,2546,113,E6,20,20,0.0,0.3,0,5
claim,1062,default,221,20,20,108.45,7,4,96.9322033898305,46.2,194,121,28,28,0,E6,20,20,0.0,0.3,0,5
mas,1062,default,187,20,20,92.6,4,4,82.45762711864407,41.2,118,58,52,78,0,E6,20,20,0.0,0.3,0,5
mas_iterative,1062,default,186,20,20,92.35,4,4,82.20338983050847,40.8,119,53,54,81,0,E6,20,20,0.0,0.3,0,5
cbba,1062,default,183,20,20,91.85,4,4,81.86440677966101,40.8,133,39,562,2986,134,E6,20,20,0.0,0.3,0,5
claim,1063,default,184,20,20,103.3,3,4,89.33962264150944,50.4,184,93,26,26,0,E6,20,20,0.0,0.3,0,5
mas,1063,default,180,20,20,85.4,4,4,72.35849056603773,42.2,147,131,54,81,0,E6,20,20,0.0,0.3,0,5
mas_iterative,1063,default,174,20,20,85.9,4,4,72.62264150943396,35.8,115,114,56,84,0,E6,20,20,0.0,0.3,0,5
cbba,1063,default,180,20,20,80.9,5,4,68.52830188679245,33.8,114,144,433,2213,102,E6,20,20,0.0,0.3,0,5
claim,1064,default,204,20,20,92.5,8,4,76.0,50.5,300,59,33,33,0,E6,20,20,0.0,0.3,0,5
mas,1064,default,175,20,20,81.75,6,4,68.82142857142857,49.0,143,112,64,96,0,E6,20,20,0.0,0.3,0,5
mas_iterative,1064,default,173,20,20,81.0,5,4,68.41071428571429,48.833333333333336,112,140,63,95,0,E6,20,20,0.0,0.3,0,5
cbba,1064,default,171,20,20,76.6,3,4,63.035714285714285,43.333333333333336,72,135,451,2431,107,E6,20,20,0.0,0.3,0,5
claim,1065,default,178,20,20,78.7,7,4,66.58333333333333,38.0,196,106,31,31,0,E6,20,20,0.0,0.3,0,5
mas,1065,default,160,20,20,74.1,6,4,61.979166666666664,39.333333333333336,125,118,61,92,0,E6,20,20,0.0,0.3,0,5
mas_iterative,1065,default,151,20,20,70.5,6,4,59.791666666666664,31.666666666666668,116,61,56,84,0,E6,20,20,0.0,0.3,0,5
cbba,1065,default,151,20,20,70.5,6,4,59.791666666666664,31.666666666666668,116,61,594,3124,142,E6,20,20,0.0,0.3,0,5
claim,1066,default,203,20,20,95.75,8,4,77.45454545454545,41.285714285714285,277,71,31,31,0,E6,20,20,0.0,0.3,0,5
mas,1066,default,157,20,20,83.8,5,4,69.27272727272727,42.714285714285715,79,37,56,84,0,E6,20,20,0.0,0.3,0,5
mas_iterative,1066,default,156,20,20,83.65,4,4,69.18181818181819,42.714285714285715,80,51,54,81,0,E6,20,20,0.0,0.3,0,5
cbba,1066,default,156,20,20,83.65,4,4,69.18181818181819,42.714285714285715,80,51,517,2781,123,E6,20,20,0.0,0.3,0,5
claim,1067,default,285,20,20,128.45,12,4,102.02083333333333,41.0,500,100,44,44,0,E6,20,20,0.0,0.3,0,5
mas,1067,default,189,20,20,97.8,5,4,81.14583333333333,35.5,125,64,54,81,0,E6,20,20,0.0,0.3,0,5
mas_iterative,1067,default,188,20,20,99.4,4,4,82.08333333333333,35.25,137,53,58,87,0,E6,20,20,0.0,0.3,0,5
cbba,1067,default,197,20,20,91.7,3,4,76.58333333333333,35.5,100,93,487,2537,116,E6,20,20,0.0,0.3,0,5
claim,1068,default,380,20,20,127.05,14,4,99.03703703703704,38.0,980,51,55,55,0,E6,20,20,0.0,0.3,0,5
mas,1068,default,194,20,20,96.2,9,4,81.75925925925925,38.0,228,48,62,93,0,E6,20,20,0.0,0.3,0,5
mas_iterative,1068,default,189,20,20,93.9,8,4,80.61111111111111,38.0,199,79,62,93,0,E6,20,20,0.0,0.3,0,5
cbba,1068,default,185,20,20,83.3,6,4,69.79629629629629,28.2,166,76,413,2161,96,E6,20,20,0.0,0.3,0,5
claim,1069,default,203,20,20,91.95,8,4,76.82692307692308,44.6,214,92,32,32,0,E6,20,20,0.0,0.3,0,5
mas,1069,default,193,20,20,90.6,6,4,76.46153846153847,45.2,174,117,65,98,0,E6,20,20,0.0,0.3,0,5
mas_iterative,1069,default,193,20,20,90.4,6,4,76.3076923076923,45.2,177,114,65,98,0,E6,20,20,0.0,0.3,0,5
cbba,1069,default,177,20,20,82.7,3,4,68.90384615384616,39.2,81,108,548,2920,131,E6,20,20,0.0,0.3,0,5
claim,1070,default,226,20,20,98.55,10,4,84.01639344262296,45.57142857142857,329,72,34,34,0,E6,20,20,0.0,0.3,0,5
mas,1070,default,176,20,20,89.55,4,4,77.47540983606558,41.42857142857143,112,81,54,81,0,E6,20,20,0.0,0.3,0,5
mas_iterative,1070,default,180,20,20,88.15,4,4,75.77049180327869,41.142857142857146,99,89,52,78,0,E6,20,20,0.0,0.3,0,5
cbba,1070,default,174,20,20,82.6,4,4,71.01639344262296,39.57142857142857,73,50,537,2809,128,E6,20,20,0.0,0.3,0,5
claim,1071,default,231,20,20,113.6,12,4,89.56862745098039,39.4,305,59,34,34,0,E6,20,20,0.0,0.3,0,5
mas,1071,default,213,20,20,106.75,8,4,85.37254901960785,39.4,188,133,65,98,0,E6,20,20,0.0,0.3,0,5
mas_iterative,1071,default,212,20,20,106.45,8,4,85.15686274509804,39.4,188,129,65,98,0,E6,20,20,0.0,0.3,0,5
cbba,1071,default,223,20,20,105.55,8,4,81.17647058823529,33.4,233,140,519,2853,122,E6,20,20,0.0,0.3,0,5
claim,1072,default,214,20,20,118.7,7,4,108.52727272727273,62.75,265,149,37,37,0,E6,20,20,0.0,0.3,0,5
mas,1072,default,166,20,20,88.05,7,4,80.07272727272728,42.5,144,85,61,92,0,E6,20,20,0.0,0.3,0,5
mas_iterative,1072,default,180,20,20,86.05,6,4,78.23636363636363,41.75,163,110,62,94,0,E6,20,20,0.0,0.3,0,5
cbba,1072,default,161,20,20,80.7,8,4,72.89090909090909,37.25,170,65,521,2839,123,E6,20,20,0.0,0.3,0,5
claim,1073,default,178,20,20,91.25,5,4,76.18367346938776,39.0,107,127,25,25,0,E6,20,20,0.0,0.3,0,5
mas,1073,default,178,20,20,91.25,5,4,76.18367346938776,39.0,107,127,50,75,0,E6,20,20,0.0,0.3,0,5
mas_iterative,1073,default,178,20,20,91.25,5,4,76.18367346938776,39.0,107,127,50,75,0,E6,20,20,0.0,0.3,0,5
cbba,1073,default,159,20,20,85.7,4,4,71.44897959183673,39.0,92,83,525,2855,125,E6,20,20,0.0,0.3,0,5
claim,1074,default,200,20,20,108.05,8,4,89.9423076923077,45.0,264,65,31,31,0,E6,20,20,0.0,0.3,0,5
mas,1074,default,198,20,20,105.35,6,4,88.25,45.0,242,81,64,96,0,E6,20,20,0.0,0.3,0,5
mas_iterative,1074,default,228,20,20,106.9,8,4,87.92307692307692,45.0,334,82,68,102,0,E6,20,20,0.0,0.3,0,5
cbba,1074,default,166,20,20,91.05,8,4,75.15384615384616,43.6,174,47,611,3327,145,E6,20,20,0.0,0.3,0,5
claim,1075,default,217,20,20,104.15,7,4,82.31914893617021,43.0,221,74,31,31,0,E6,20,20,0.0,0.3,0,5
mas,1075,default,186,20,20,91.0,3,4,72.87234042553192,35.666666666666664,90,78,54,81,0,E6,20,20,0.0,0.3,0,5
mas_iterative,1075,default,186,20,20,90.75,3,4,72.61702127659575,35.333333333333336,90,78,58,87,0,E6,20,20,0.0,0.3,0,5
cbba,1075,default,186,20,20,90.75,3,4,72.61702127659575,35.333333333333336,90,78,550,2910,131,E6,20,20,0.0,0.3,0,5
claim,1076,default,277,20,20,136.1,11,4,102.39583333333333,44.0,525,60,42,42,0,E6,20,20,0.0,0.3,0,5
mas,1076,default,179,20,20,93.95,3,4,74.95833333333333,37.4,71,61,52,78,0,E6,20,20,0.0,0.3,0,5
mas_iterative,1076,default,208,20,20,95.2,4,4,75.22916666666667,37.0,118,132,58,87,0,E6,20,20,0.0,0.3,0,5
cbba,1076,default,209,20,20,92.3,4,4,72.20833333333333,32.6,98,149,562,2976,134,E6,20,20,0.0,0.3,0,5
claim,1077,default,187,20,20,95.0,7,4,75.87272727272727,45.75,165,72,31,31,0,E6,20,20,0.0,0.3,0,5
mas,1077,default,170,20,20,87.2,6,4,67.63636363636364,42.0,123,71,60,90,0,E6,20,20,0.0,0.3,0,5
mas_iterative,1077,default,169,20,20,86.0,6,4,66.83636363636364,41.625,127,61,58,87,0,E6,20,20,0.0,0.3,0,5
cbba,1077,default,182,20,20,83.95,5,4,66.49090909090908,41.625,99,132,616,3330,147,E6,20,20,0.0,0.3,0,5
claim,1078,default,185,20,20,94.45,5,4,77.21739130434783,40.666666666666664,143,69,25,25,0,E6,20,20,0.0,0.3,0,5
mas,1078,default,197,20,20,92.35,5,4,71.84782608695652,40.666666666666664,194,92,64,96,0,E6,20,20,0.0,0.3,0,5
mas_iterative,1078,default,184,20,20,86.55,7,4,68.73913043478261,40.333333333333336,183,48,62,93,0,E6,20,20,0.0,0.3,0,5
cbba,1078,default,184,20,20,86.55,7,4,68.73913043478261,40.333333333333336,183,25,525,2749,124,E6,20,20,0.0,0.3,0,5
claim,1079,default,197,20,20,100.65,12,4,79.72,38.5,262,61,33,33,0,E6,20,20,0.0,0.3,0,5
mas,1079,default,210,20,20,99.5,10,4,77.82,32.0,272,87,74,111,0,E6,20,20,0.0,0.3,0,5
mas_iterative,1079,default,200,20,20,99.4,8,4,77.7,31.75,241,92,74,111,0,E6,20,20,0.0,0.3,0,5
cbba,1079,default,167,20,20,81.95,3,4,66.04,28.5,71,99,546,2900,130,E6,20,20,0.0,0.3,0,5
claim,1080,default,194,20,20,87.7,6,4,75.6,35.333333333333336,128,162,27,27,0,E6,20,20,0.0,0.3,0,5
mas,1080,default,182,20,20,85.3,4,4,72.88888888888889,36.0,153,99,59,89,0,E6,20,20,0.0,0.3,0,5
mas_iterative,1080,default,166,20,20,85.2,5,4,74.42222222222222,36.0,121,53,61,92,0,E6,20,20,0.0,0.3,0,5
cbba,1080,default,178,20,20,88.95,6,4,77.06666666666666,35.666666666666664,173,65,548,2892,130,E6,20,20,0.0,0.3,0,5
claim,1081,default,191,20,20,104.85,7,4,84.25531914893617,29.333333333333332,225,59,30,30,0,E6,20,20,0.0,0.3,0,5
mas,1081,default,184,20,20,99.25,8,4,79.7872340425532,29.333333333333332,181,27,60,90,0,E6,20,20,0.0,0.3,0,5
mas_iterative,1081,default,184,20,20,99.2,8,4,79.74468085106383,29.333333333333332,182,26,60,90,0,E6,20,20,0.0,0.3,0,5
cbba,1081,default,173,20,20,82.15,6,4,65.59574468085107,29.333333333333332,153,62,528,2794,125,E6,20,20,0.0,0.3,0,5
claim,1082,default,187,20,20,92.35,8,4,73.8125,35.25,143,121,29,29,0,E6,20,20,0.0,0.3,0,5
mas,1082,default,191,20,20,92.1,9,4,72.47916666666667,32.25,221,66,64,96,0,E6,20,20,0.0,0.3,0,5
mas_iterative,1082,default,180,20,20,89.35,7,4,71.22916666666667,32.0,148,53,64,96,0,E6,20,20,0.0,0.3,0,5
cbba,1082,default,191,20,20,93.5,5,4,74.02083333333333,32.0,128,119,523,2783,124,E6,20,20,0.0,0.3,0,5
claim,1083,default,181,20,20,91.75,4,4,74.28888888888889,35.75,109,81,24,24,0,E6,20,20,0.0,0.3,0,5
mas,1083,default,199,20,20,91.25,5,4,73.4,35.75,173,67,54,81,0,E6,20,20,0.0,0.3,0,5
mas_iterative,1083,default,199,20,20,91.05,5,4,73.26666666666667,35.75,196,45,60,90,0,E6,20,20,0.0,0.3,0,5
cbba,1083,default,171,20,20,82.3,4,4,66.68888888888888,35.75,46,93,516,2786,123,E6,20,20,0.0,0.3,0,5
claim,1084,default,234,20,20,124.0,9,4,106.89285714285714,51.166666666666664,368,58,34,34,0,E6,20,20,0.0,0.3,0,5
mas,1084,default,197,20,20,100.45,5,4,87.39285714285714,48.0,106,129,56,84,0,E6,20,20,0.0,0.3,0,5
mas_iterative,1084,default,208,20,20,102.15,7,4,88.48214285714286,47.666666666666664,182,97,60,90,0,E6,20,20,0.0,0.3,0,5
cbba,1084,default,181,20,20,86.7,4,4,74.67857142857143,37.5,87,104,505,2705,120,E6,20,20,0.0,0.3,0,5
claim,1085,default,195,20,20,96.9,8,4,77.84313725490196,36.5,288,61,31,31,0,E6,20,20,0.0,0.3,0,5
mas,1085,default,170,20,20,75.8,5,4,63.07843137254902,32.0,85,122,62,93,0,E6,20,20,0.0,0.3,0,5
mas_iterative,1085,default,171,20,20,75.85,3,4,62.509803921568626,31.75,92,126,58,87,0,E6,20,20,0.0,0.3,0,5
cbba,1085,default,171,20,20,75.85,3,4,62.509803921568626,31.75,92,126,496,2696,118,E6,20,20,0.0,0.3,0,5
claim,1086,default,201,20,20,97.05,9,4,81.20833333333333,39.25,241,90,32,32,0,E6,20,20,0.0,0.3,0,5
mas,1086,default,175,20,20,97.15,8,4,81.79166666666667,39.25,186,52,60,90,0,E6,20,20,0.0,0.3,0,5
mas_iterative,1086,default,189,20,20,95.9,9,4,79.97916666666667,39.25,224,68,66,99,0,E6,20,20,0.0,0.3,0,5
cbba,1086,default,169,20,20,84.5,3,4,70.72916666666667,33.75,72,116,468,2478,111,E6,20,20,0.0,0.3,0,5
claim,1087,default,152,20,20,75.45,7,4,64.70731707317073,30.0,102,89,27,27,0,E6,20,20,0.0,0.3,0,5
mas,1087,default,163,20,20,76.35,9,4,64.60975609756098,30.0,196,45,74,111,0,E6,20,20,0.0,0.3,0,5
mas_iterative,1087,default,183,20,20,76.4,8,4,64.02439024390245,30.0,217,116,64,96,0,E6,20,20,0.0,0.3,0,5
cbba,1087,default,157,20,20,70.45,4,4,61.68292682926829,30.0,77,120,449,2349,106,E6,20,20,0.0,0.3,0,5
claim,1088,default,199,20,20,107.6,9,4,88.58695652173913,49.0,261,141,34,34,0,E6,20,20,0.0,0.3,0,5
mas,1088,default,164,20,20,85.5,4,4,71.3913043478261,45.25,135,29,65,98,0,E6,20,20,0.0,0.3,0,5
mas_iterative,1088,default,167,20,20,85.45,6,4,70.23913043478261,45.0,129,110,73,110,0,E6,20,20,0.0,0.3,0,5
cbba,1088,default,151,20,20,77.65,5,4,61.56521739130435,35.75,186,29,436,2316,102,E6,20,20,0.0,0.3,0,5
claim,1090,default,191,20,20,95.95,7,4,79.74358974358974,27.0,220,58,30,30,0,E6,20,20,0.0,0.3,0,5
mas,1090,default,160,20,20,77.5,2,4,64.17948717948718,27.0,39,84,50,75,0,E6,20,20,0.0,0.3,0,5
mas_iterative,1090,default,165,20,20,74.35,2,4,61.84615384615385,27.0,39,111,56,84,0,E6,20,20,0.0,0.3,0,5
cbba,1090,default,165,20,20,74.35,2,4,61.84615384615385,27.0,39,111,551,3007,132,E6,20,20,0.0,0.3,0,5
claim,1091,default,230,20,20,115.55,9,4,95.51063829787235,47.0,290,52,30,30,0,E6,20,20,0.0,0.3,0,5
mas,1091,default,218,20,20,110.65,7,4,90.34042553191489,40.0,246,77,66,99,0,E6,20,20,0.0,0.3,0,5
mas_iterative,1091,default,223,20,20,112.3,7,4,90.7872340425532,39.5,289,70,70,105,0,E6,20,20,0.0,0.3,0,5
cbba,1091,default,226,20,20,106.2,7,4,86.31914893617021,39.5,228,112,565,3041,134,E6,20,20,0.0,0.3,0,5
claim,1092,default,159,20,20,88.9,6,4,80.34615384615384,37.666666666666664,108,43,26,26,0,E6,20,20,0.0,0.3,0,5
mas,1092,default,153,20,20,79.4,4,4,71.28846153846153,37.666666666666664,91,74,50,75,0,E6,20,20,0.0,0.3,0,5
mas_iterative,1092,default,152,20,20,79.35,3,4,70.38461538461539,37.666666666666664,77,77,58,87,0,E6,20,20,0.0,0.3,0,5
cbba,1092,default,160,20,20,74.1,4,4,65.03846153846153,28.0,89,115,566,3040,135,E6,20,20,0.0,0.3,0,5
claim,1093,default,247,20,20,105.55,9,4,85.61538461538461,35.0,436,47,39,39,0,E6,20,20,0.0,0.3,0,5
mas,1093,default,163,20,20,85.6,3,4,72.32692307692308,35.333333333333336,84,34,50,75,0,E6,20,20,0.0,0.3,0,5
mas_iterative,1093,default,168,20,20,85.6,3,4,72.0576923076923,35.333333333333336,92,46,52,78,0,E6,20,20,0.0,0.3,0,5
cbba,1093,default,181,20,20,83.15,2,4,68.65384615384616,27.666666666666668,60,99,502,2684,120,E6,20,20,0.0,0.3,0,5
claim,1094,default,329,20,20,160.85,13,4,140.32075471698113,51.333333333333336,704,94,48,48,0,E6,20,20,0.0,0.3,0,5
mas,1094,default,195,20,20,99.15,4,4,87.37735849056604,38.666666666666664,100,71,54,81,0,E6,20,20,0.0,0.3,0,5
mas_iterative,1094,default,221,20,20,100.05,4,4,87.90566037735849,38.333333333333336,147,175,58,87,0,E6,20,20,0.0,0.3,0,5
cbba,1094,default,198,20,20,85.95,3,4,74.54716981132076,29.666666666666668,133,93,521,2705,124,E6,20,20,0.0,0.3,0,5
claim,1095,default,281,20,20,109.7,10,4,89.87719298245614,41.166666666666664,612,42,46,46,0,E6,20,20,0.0,0.3,0,5
mas,1095,default,196,20,20,92.7,8,4,79.3157894736842,39.333333333333336,244,47,64,96,0,E6,20,20,0.0,0.3,0,5
mas_iterative,1095,default,207,20,20,89.8,5,4,77.36842105263158,39.333333333333336,142,159,56,84,0,E6,20,20,0.0,0.3,0,5
cbba,1095,default,197,20,20,96.05,6,4,83.08771929824562,40.0,219,88,469,2457,110,E6,20,20,0.0,0.3,0,5
claim,1096,default,313,20,20,175.6,13,4,133.58333333333334,43.2,597,102,45,45,0,E6,20,20,0.0,0.3,0,5
mas,1096,default,211,20,20,102.5,4,4,79.4375,37.8,178,64,60,90,0,E6,20,20,0.0,0.3,0,5
mas_iterative,1096,default,193,20,20,98.25,3,4,75.60416666666667,37.8,87,85,58,87,0,E6,20,20,0.0,0.3,0,5
cbba,1096,default,193,20,20,98.25,3,4,75.60416666666667,37.8,87,85,532,2850,127,E6,20,20,0.0,0.3,0,5
claim,1097,default,297,20,20,114.55,11,4,87.04545454545455,38.0,639,42,46,46,0,E6,20,20,0.0,0.3,0,5
mas,1097,default,187,20,20,105.45,5,4,84.02272727272727,41.5,163,54,60,90,0,E6,20,20,0.0,0.3,0,5
mas_iterative,1097,default,221,20,20,98.75,9,4,75.1590909090909,32.25,215,105,64,96,0,E6,20,20,0.0,0.3,0,5
cbba,1097,default,204,20,20,107.85,6,4,85.6590909090909,41.25,167,110,511,2831,121,E6,20,20,0.0,0.3,0,5
claim,1098,default,235,20,20,107.0,6,4,87.31372549019608,44.166666666666664,234,125,28,28,0,E6,20,20,0.0,0.3,0,5
mas,1098,default,193,20,20,96.1,4,4,78.3529411764706,40.0,94,96,50,75,0,E6,20,20,0.0,0.3,0,5
mas_iterative,1098,default,203,20,20,95.6,6,4,77.13725490196079,39.833333333333336,150,78,58,87,0,E6,20,20,0.0,0.3,0,5
cbba,1098,default,193,20,20,96.05,4,4,78.27450980392157,39.833333333333336,95,95,508,2736,121,E6,20,20,0.0,0.3,0,5
claim,1099,default,225,20,20,115.3,11,4,93.93617021276596,44.0,373,38,38,38,0,E6,20,20,0.0,0.3,0,5
mas,1099,default,201,20,20,96.65,9,4,79.12765957446808,39.0,224,101,64,96,0,E6,20,20,0.0,0.3,0,5
mas_iterative,1099,default,181,20,20,94.15,7,4,77.97872340425532,38.666666666666664,159,85,65,98,0,E6,20,20,0.0,0.3,0,5
cbba,1099,default,181,20,20,93.9,7,4,77.87234042553192,38.666666666666664,142,93,596,3292,142,E6,20,20,0.0,0.3,0,5
claim,1101,default,230,20,20,116.25,8,4,91.20408163265306,49.8,290,42,33,33,0,E6,20,20,0.0,0.3,0,5
mas,1101,default,222,20,20,103.85,7,4,80.36734693877551,41.0,176,122,60,90,0,E6,20,20,0.0,0.3,0,5
mas_iterative,1101,default,222,20,20,103.7,7,4,80.18367346938776,40.8,178,120,60,90,0,E6,20,20,0.0,0.3,0,5
cbba,1101,default,201,20,20,97.1,4,4,74.18367346938776,35.4,122,82,496,2570,117,E6,20,20,0.0,0.3,0,5
claim,1102,default,264,20,20,125.1,11,4,102.86440677966101,51.166666666666664,550,42,46,46,0,E6,20,20,0.0,0.3,0,5
mas,1102,default,177,20,20,91.75,8,4,79.64406779661017,41.333333333333336,176,57,68,102,0,E6,20,20,0.0,0.3,0,5
mas_iterative,1102,default,161,20,20,85.6,5,4,73.8135593220339,40.833333333333336,122,55,62,93,0,E6,20,20,0.0,0.3,0,5
cbba,1102,default,158,20,20,84.25,6,4,73.32203389830508,40.666666666666664,118,42,420,2204,98,E6,20,20,0.0,0.3,0,5
claim,1103,default,274,20,20,149.85,14,4,128.1851851851852,45.75,481,142,44,44,0,E6,20,20,0.0,0.3,0,5
mas,1103,default,204,20,20,99.0,5,4,83.01851851851852,34.0,194,132,64,96,0,E6,20,20,0.0,0.3,0,5
mas_iterative,1103,default,203,20,20,98.25,5,4,82.42592592592592,33.75,192,130,64,96,0,E6,20,20,0.0,0.3,0,5
cbba,1103,default,184,20,20,81.6,5,4,69.12962962962963,33.75,112,122,553,2973,132,E6,20,20,0.0,0.3,0,5
claim,1104,default,229,20,20,95.75,7,4,76.58695652173913,34.5,231,173,30,30,0,E6,20,20,0.0,0.3,0,5
mas,1104,default,193,20,20,91.15,5,4,71.52173913043478,30.0,153,103,64,96,0,E6,20,20,0.0,0.3,0,5
mas_iterative,1104,default,178,20,20,82.0,4,4,66.6304347826087,29.75,97,73,56,84,0,E6,20,20,0.0,0.3,0,5
cbba,1104,default,180,20,20,78.0,3,4,63.391304347826086,29.75,107,23,457,2303,108,E6,20,20,0.0,0.3,0,5
claim,1106,default,200,20,20,117.0,5,4,101.22641509433963,55.4,205,60,30,30,0,E6,20,20,0.0,0.3,0,5
mas,1106,default,206,20,20,100.45,7,4,83.52830188679245,43.4,233,70,64,96,0,E6,20,20,0.0,0.3,0,5
mas_iterative,1106,default,212,20,20,99.55,6,4,83.0754716981132,43.2,191,123,60,90,0,E6,20,20,0.0,0.3,0,5
cbba,1106,default,208,20,20,108.3,10,4,89.45283018867924,39.8,224,116,547,2939,128,E6,20,20,0.0,0.3,0,5
claim,1107,default,186,20,20,89.35,10,4,76.3265306122449,47.0,272,48,36,36,0,E6,20,20,0.0,0.3,0,5
mas,1107,default,152,20,20,81.95,4,4,70.85714285714286,39.0,132,44,58,87,0,E6,20,20,0.0,0.3,0,5
mas_iterative,1107,default,152,20,20,69.25,4,4,59.93877551020408,35.0,72,89,60,90,0,E6,20,20,0.0,0.3,0,5
cbba,1107,default,152,20,20,69.25,4,4,59.93877551020408,35.0,72,89,549,2941,131,E6,20,20,0.0,0.3,0,5
claim,1108,default,220,20,20,105.25,11,4,87.14814814814815,36.8,269,127,34,34,0,E6,20,20,0.0,0.3,0,5
mas,1108,default,192,20,20,93.55,7,4,78.33333333333333,40.4,155,125,62,93,0,E6,20,20,0.0,0.3,0,5
mas_iterative,1108,default,191,20,20,93.25,7,4,78.12962962962963,40.4,154,122,62,93,0,E6,20,20,0.0,0.3,0,5
cbba,1108,default,172,20,20,81.2,5,4,68.0,38.2,130,109,449,2461,105,E6,20,20,0.0,0.3,0,5
claim,1109,default,262,20,20,98.25,8,4,76.25581395348837,33.5,533,57,37,37,0,E6,20,20,0.0,0.3,0,5
mas,1109,default,179,20,20,77.9,3,4,64.69767441860465,33.5,69,159,50,75,0,E6,20,20,0.0,0.3,0,5
mas_iterative,1109,default,179,20,20,77.75,3,4,64.53488372093024,33.5,69,159,50,75,0,E6,20,20,0.0,0.3,0,5
cbba,1109,default,194,20,20,90.25,9,4,73.37209302325581,33.5,257,69,564,3084,133,E6,20,20,0.0,0.3,0,5
claim,1110,default,199,20,20,96.05,7,4,84.1639344262295,46.714285714285715,189,132,28,28,0,E6,20,20,0.0,0.3,0,5
mas,1110,default,192,20,20,93.1,9,4,80.62295081967213,42.42857142857143,209,68,64,96,0,E6,20,20,0.0,0.3,0,5
mas_iterative,1110,default,191,20,20,92.6,9,4,80.18032786885246,42.142857142857146,208,66,66,99,0,E6,20,20,0.0,0.3,0,5
cbba,1110,default,183,20,20,89.0,6,4,76.57377049180327,41.714285714285715,171,86,668,3700,160,E6,20,20,0.0,0.3,0,5
claim,1111,default,207,20,20,98.05,6,4,79.28,42.2,248,96,29,29,0,E6,20,20,0.0,0.3,0,5
mas,1111,default,175,20,20,88.05,3,4,72.52,42.8,92,119,54,81,0,E6,20,20,0.0,0.3,0,5
mas_iterative,1111,default,174,20,20,81.7,3,4,67.14,41.8,95,103,50,75,0,E6,20,20,0.0,0.3,0,5
cbba,1111,default,180,20,20,90.25,4,4,75.12,45.2,141,99,566,3032,135,E6,20,20,0.0,0.3,0,5
claim,1112,default,288,20,20,174.15,12,4,146.66666666666666,41.0,608,94,45,45,0,E6,20,20,0.0,0.3,0,5
mas,1112,default,221,20,20,115.15,9,4,93.22222222222223,40.5,316,102,72,108,0,E6,20,20,0.0,0.3,0,5
mas_iterative,1112,default,220,20,20,113.9,9,4,92.55555555555556,40.0,298,112,72,108,0,E6,20,20,0.0,0.3,0,5
cbba,1112,default,195,20,20,100.15,9,4,81.84444444444445,38.0,261,77,587,3129,139,E6,20,20,0.0,0.3,0,5
claim,1113,default,208,20,20,103.75,10,4,83.28301886792453,47.4,266,50,34,34,0,E6,20,20,0.0,0.3,0,5
mas,1113,default,195,20,20,92.15,6,4,73.64150943396227,43.6,180,92,66,99,0,E6,20,20,0.0,0.3,0,5
mas_iterative,1113,default,194,20,20,89.6,8,4,71.49056603773585,43.0,242,52,60,90,0,E6,20,20,0.0,0.3,0,5
cbba,1113,default,190,20,20,79.7,5,4,62.660377358490564,36.6,203,26,532,2860,126,E6,20,20,0.0,0.3,0,5
claim,1114,default,235,20,20,114.9,8,4,90.32692307692308,57.833333333333336,254,129,29,29,0,E6,20,20,0.0,0.3,0,5
mas,1114,default,187,20,20,92.45,3,4,74.28846153846153,55.5,72,98,48,72,0,E6,20,20,0.0,0.3,0,5
mas_iterative,1114,default,186,20,20,92.2,3,4,74.07692307692308,55.5,72,94,48,72,0,E6,20,20,0.0,0.3,0,5
cbba,1114,default,191,20,20,91.25,2,4,69.4423076923077,40.166666666666664,97,84,559,3051,134,E6,20,20,0.0,0.3,0,5
claim,1115,default,205,20,20,103.55,6,4,83.83333333333333,51.2,235,159,31,31,0,E6,20,20,0.0,0.3,0,5
mas,1115,default,181,20,20,83.3,9,4,63.791666666666664,35.2,217,78,70,106,0,E6,20,20,0.0,0.3,0,5
mas_iterative,1115,default,176,20,20,72.8,8,4,55.645833333333336,34.4,205,68,72,109,0,E6,20,20,0.0,0.3,0,5
cbba,1115,default,191,20,20,70.2,5,4,53.854166666666664,34.4,151,173,552,2980,131,E6,20,20,0.0,0.3,0,5
claim,1116,default,166,20,20,84.0,8,4,68.69047619047619,27.5,176,99,29,29,0,E6,20,20,0.0,0.3,0,5
mas,1116,default,176,20,20,80.75,9,4,65.19047619047619,27.5,157,139,68,102,0,E6,20,20,0.0,0.3,0,5
mas_iterative,1116,default,144,20,20,79.2,9,4,64.88095238095238,27.5,147,33,66,99,0,E6,20,20,0.0,0.3,0,5
cbba,1116,default,147,20,20,77.7,5,4,64.0,27.5,89,89,488,2562,115,E6,20,20,0.0,0.3,0,5
claim,1117,default,184,20,20,89.35,4,4,72.09433962264151,37.2,175,126,26,26,0,E6,20,20,0.0,0.3,0,5
mas,1117,default,164,20,20,76.1,4,4,62.339622641509436,32.0,103,88,61,92,0,E6,20,20,0.0,0.3,0,5
mas_iterative,1117,default,162,20,20,75.6,3,4,61.905660377358494,31.8,62,126,54,81,0,E6,20,20,0.0,0.3,0,5
cbba,1117,default,162,20,20,75.6,3,4,61.905660377358494,31.8,62,126,484,2620,115,E6,20,20,0.0,0.3,0,5
claim,1118,default,291,20,20,124.85,10,4,103.75471698113208,45.25,551,37,41,41,0,E6,20,20,0.0,0.3,0,5
mas,1118,default,214,20,20,97.0,5,4,81.41509433962264,42.75,126,142,58,87,0,E6,20,20,0.0,0.3,0,5
mas_iterative,1118,default,212,20,20,97.1,6,4,80.88679245283019,42.0,213,26,69,104,0,E6,20,20,0.0,0.3,0,5
cbba,1118,default,212,20,20,97.1,6,4,80.88679245283019,42.0,203,35,620,3382,148,E6,20,20,0.0,0.3,0,5
claim,1119,default,197,20,20,106.35,8,4,92.87755102040816,39.0,194,101,29,29,0,E6,20,20,0.0,0.3,0,5
mas,1119,default,157,20,20,79.0,3,4,67.75510204081633,27.5,50,81,54,81,0,E6,20,20,0.0,0.3,0,5
mas_iterative,1119,default,170,20,20,80.1,4,4,68.48979591836735,27.0,100,88,66,99,0,E6,20,20,0.0,0.3,0,5
cbba,1119,default,170,20,20,80.1,4,4,68.48979591836735,27.0,100,88,503,2655,119,E6,20,20,0.0,0.3,0,5
claim,1120,default,167,20,20,89.9,4,4,79.63636363636364,50.5,80,88,24,24,0,E6,20,20,0.0,0.3,0,5
mas,1120,default,169,20,20,84.45,3,4,72.70454545454545,38.5,135,44,65,98,0,E6,20,20,0.0,0.3,0,5
mas_iterative,1120,default,177,20,20,85.2,3,4,72.22727272727273,38.0,106,127,71,107,0,E6,20,20,0.0,0.3,0,5
cbba,1120,default,177,20,20,85.2,3,4,72.22727272727273,38.0,106,127,588,3254,140,E6,20,20,0.0,0.3,0,5
claim,1121,default,228,20,20,104.15,8,4,83.32608695652173,43.5,333,33,36,36,0,E6,20,20,0.0,0.3,0,5
mas,1121,default,225,20,20,103.9,7,4,83.21739130434783,43.5,207,141,58,87,0,E6,20,20,0.0,0.3,0,5
mas_iterative,1121,default,225,20,20,103.85,7,4,83.19565217391305,43.5,208,140,58,87,0,E6,20,20,0.0,0.3,0,5
cbba,1121,default,193,20,20,95.45,6,4,76.02173913043478,42.75,159,59,590,3250,141,E6,20,20,0.0,0.3,0,5
claim,1123,default,178,20,20,90.7,8,4,74.52083333333333,39.8,191,85,29,29,0,E6,20,20,0.0,0.3,0,5
mas,1123,default,156,20,20,72.0,2,4,59.770833333333336,31.4,56,26,60,90,0,E6,20,20,0.0,0.3,0,5
mas_iterative,1123,default,151,20,20,74.55,2,4,60.833333333333336,31.0,38,86,59,89,0,E6,20,20,0.0,0.3,0,5
cbba,1123,default,151,20,20,74.55,2,4,60.833333333333336,31.0,38,86,419,2245,99,E6,20,20,0.0,0.3,0,5
claim,1124,default,192,20,20,88.0,8,4,75.5925925925926,34.0,278,58,33,33,0,E6,20,20,0.0,0.3,0,5
mas,1124,default,172,20,20,82.95,7,4,71.48148148148148,28.333333333333332,162,95,66,99,0,E6,20,20,0.0,0.3,0,5
mas_iterative,1124,default,155,20,20,77.95,5,4,67.64814814814815,28.0,95,79,56,84,0,E6,20,20,0.0,0.3,0,5
cbba,1124,default,155,20,20,77.95,5,4,67.64814814814815,28.0,95,79,486,2600,115,E6,20,20,0.0,0.3,0,5
claim,1125,default,257,20,20,118.3,10,4,91.8936170212766,36.0,416,97,39,39,0,E6,20,20,0.0,0.3,0,5
mas,1125,default,189,20,20,82.95,4,4,65.19148936170212,28.0,111,97,67,101,0,E6,20,20,0.0,0.3,0,5
mas_iterative,1125,default,200,20,20,88.0,4,4,68.08510638297872,27.666666666666668,118,137,62,93,0,E6,20,20,0.0,0.3,0,5
cbba,1125,default,206,20,20,87.85,5,4,67.36170212765957,27.666666666666668,164,113,453,2325,106,E6,20,20,0.0,0.3,0,5
claim,1126,default,150,20,20,78.45,8,4,65.56,49.5,148,66,29,29,0,E6,20,20,0.0,0.3,0,5
mas,1126,default,150,20,20,78.45,8,4,65.56,49.5,148,66,58,87,0,E6,20,20,0.0,0.3,0,5
mas_iterative,1126,default,150,20,20,78.45,8,4,65.56,49.5,148,66,58,87,0,E6,20,20,0.0,0.3,0,5
cbba,1126,default,151,20,20,70.45,6,4,58.1,44.75,135,101,522,2752,123,E6,20,20,0.0,0.3,0,5
claim,1127,default,173,20,20,86.15,7,4,76.38775510204081,28.333333333333332,185,59,27,27,0,E6,20,20,0.0,0.3,0,5
mas,1127,default,173,20,20,86.15,7,4,76.38775510204081,28.333333333333332,185,59,54,81,0,E6,20,20,0.0,0.3,0,5
mas_iterative,1127,default,173,20,20,86.15,7,4,76.38775510204081,28.333333333333332,185,59,54,81,0,E6,20,20,0.0,0.3,0,5
cbba,1127,default,163,20,20,74.35,5,4,66.3265306122449,28.333333333333332,142,26,466,2344,109,E6,20,20,0.0,0.3,0,5
claim,1128,default,186,20,20,93.05,7,4,75.65217391304348,33.333333333333336,207,41,29,29,0,E6,20,20,0.0,0.3,0,5
mas,1128,default,185,20,20,86.2,4,4,69.34782608695652,33.333333333333336,120,116,61,92,0,E6,20,20,0.0,0.3,0,5
mas_iterative,1128,default,184,20,20,86.7,5,4,69.41304347826087,33.333333333333336,169,69,70,106,0,E6,20,20,0.0,0.3,0,5
cbba,1128,default,184,20,20,86.7,5,4,69.41304347826087,33.333333333333336,175,63,504,2810,119,E6,20,20,0.0,0.3,0,5
claim,1129,default,187,20,20,96.2,6,4,85.06122448979592,27.0,150,36,28,28,0,E6,20,20,0.0,0.3,0,5
mas,1129,default,198,20,20,92.9,6,4,81.48979591836735,27.0,177,97,60,90,0,E6,20,20,0.0,0.3,0,5
mas_iterative,1129,default,197,20,20,92.5,6,4,81.12244897959184,27.0,178,92,62,93,0,E6,20,20,0.0,0.3,0,5
cbba,1129,default,222,20,20,90.75,6,4,78.24489795918367,27.0,228,109,625,3335,149,E6,20,20,0.0,0.3,0,5
claim,1130,default,218,20,20,99.0,9,4,83.51785714285714,45.0,276,118,35,35,0,E6,20,20,0.0,0.3,0,5
mas,1130,default,187,20,20,95.55,6,4,80.01785714285714,40.8,207,58,67,101,0,E6,20,20,0.0,0.3,0,5
mas_iterative,1130,default,189,20,20,93.6,8,4,78.33928571428571,38.4,192,64,67,101,0,E6,20,20,0.0,0.3,0,5
cbba,1130,default,192,20,20,91.55,7,4,75.08928571428571,43.0,244,38,362,1946,83,E6,20,20,0.0,0.3,0,5
claim,1131,default,195,20,20,96.8,10,4,82.61016949152543,58.25,252,70,33,33,0,E6,20,20,0.0,0.3,0,5
mas,1131,default,203,20,20,98.0,8,4,82.76271186440678,53.375,220,124,64,96,0,E6,20,20,0.0,0.3,0,5
mas_iterative,1131,default,177,20,20,88.05,5,4,75.49152542372882,52.125,98,122,60,90,0,E6,20,20,0.0,0.3,0,5
cbba,1131,default,152,20,20,77.4,3,4,67.28813559322033,46.0,34,82,391,2029,92,E6,20,20,0.0,0.3,0,5
claim,1132,default,201,20,20,102.0,9,4,87.37735849056604,38.666666666666664,278,33,31,31,0,E6,20,20,0.0,0.3,0,5
mas,1132,default,173,20,20,85.85,6,4,74.11320754716981,36.333333333333336,139,94,70,105,0,E6,20,20,0.0,0.3,0,5
mas_iterative,1132,default,170,20,20,86.05,5,4,73.05660377358491,35.666666666666664,152,81,66,99,0,E6,20,20,0.0,0.3,0,5
cbba,1132,default,159,20,20,80.75,4,4,70.0754716981132,35.666666666666664,99,60,418,2168,98,E6,20,20,0.0,0.3,0,5
claim,1133,default,235,20,20,111.8,12,4,91.0754716981132,36.0,380,95,36,36,0,E6,20,20,0.0,0.3,0,5
mas,1133,default,176,20,20,83.45,3,4,71.0,35.75,84,109,48,72,0,E6,20,20,0.0,0.3,0,5
mas_iterative,1133,default,167,20,20,84.85,3,4,71.43396226415095,35.5,105,71,52,78,0,E6,20,20,0.0,0.3,0,5
cbba,1133,default,197,20,20,79.7,3,4,67.09433962264151,35.25,191,111,553,2923,131,E6,20,20,0.0,0.3,0,5
claim,1134,default,194,20,20,94.8,8,4,82.10204081632654,28.5,214,80,34,34,0,E6,20,20,0.0,0.3,0,5
mas,1134,default,208,20,20,94.5,7,4,81.14285714285714,28.5,195,154,60,90,0,E6,20,20,0.0,0.3,0,5
mas_iterative,1134,default,182,20,20,84.55,5,4,71.53061224489795,28.5,142,107,60,90,0,E6,20,20,0.0,0.3,0,5
cbba,1134,default,188,20,20,92.5,10,4,79.42857142857143,28.5,179,109,567,3123,134,E6,20,20,0.0,0.3,0,5
claim,1135,default,215,20,20,99.45,8,4,80.22916666666667,42.0,301,56,36,36,0,E6,20,20,0.0,0.3,0,5
mas,1135,default,189,20,20,89.4,7,4,72.83333333333333,38.0,214,62,66,99,0,E6,20,20,0.0,0.3,0,5
mas_iterative,1135,default,188,20,20,89.15,7,4,72.5625,37.8,215,57,66,99,0,E6,20,20,0.0,0.3,0,5
cbba,1135,default,205,20,20,96.8,7,4,77.89583333333333,37.8,246,105,595,3135,141,E6,20,20,0.0,0.3,0,5
claim,1136,default,254,20,20,126.65,11,4,105.92156862745098,60.4,376,32,36,36,0,E6,20,20,0.0,0.3,0,5
mas,1136,default,209,20,20,113.7,9,4,95.37254901960785,54.8,244,47,64,96,0,E6,20,20,0.0,0.3,0,5
mas_iterative,1136,default,247,20,20,125.95,10,4,103.45098039215686,54.6,396,81,74,111,0,E6,20,20,0.0,0.3,0,5
cbba,1136,default,218,20,20,110.75,7,4,90.86274509803921,48.0,253,86,352,1884,80,E6,20,20,0.0,0.3,0,5
claim,1137,default,201,20,20,108.1,9,4,86.59574468085107,38.75,198,88,31,31,0,E6,20,20,0.0,0.3,0,5
mas,1137,default,234,20,20,99.8,8,4,78.27659574468085,38.75,317,85,74,111,0,E6,20,20,0.0,0.3,0,5
mas_iterative,1137,default,234,20,20,99.6,8,4,78.1063829787234,38.75,319,83,74,111,0,E6,20,20,0.0,0.3,0,5
cbba,1137,default,195,20,20,90.2,6,4,71.17021276595744,32.0,180,64,491,2501,116,E6,20,20,0.0,0.3,0,5
claim,1138,default,184,20,20,94.15,10,4,81.46296296296296,39.25,228,69,32,32,0,E6,20,20,0.0,0.3,0,5
mas,1138,default,167,20,20,90.2,7,4,78.20370370370371,37.0,166,66,60,90,0,E6,20,20,0.0,0.3,0,5
mas_iterative,1138,default,165,20,20,89.95,7,4,78.03703703703704,37.0,165,59,60,90,0,E6,20,20,0.0,0.3,0,5
cbba,1138,default,159,20,20,84.05,5,4,72.77777777777777,37.0,140,55,500,2656,118,E6,20,20,0.0,0.3,0,5
claim,1139,default,161,20,20,91.25,9,4,80.55555555555556,48.0,147,69,30,30,0,E6,20,20,0.0,0.3,0,5
mas,1139,default,169,20,20,88.45,8,4,76.75925925925925,39.5,161,53,65,98,0,E6,20,20,0.0,0.3,0,5
mas_iterative,1139,default,171,20,20,89.35,6,4,76.16666666666667,38.0,167,50,60,90,0,E6,20,20,0.0,0.3,0,5
cbba,1139,default,161,20,20,82.7,3,4,69.64814814814815,38.0,136,34,493,2713,117,E6,20,20,0.0,0.3,0,5
claim,1140,default,242,20,20,112.7,12,4,90.5625,36.25,358,146,40,40,0,E6,20,20,0.0,0.3,0,5
mas,1140,default,200,20,20,95.45,9,4,76.66666666666667,31.5,233,88,76,114,0,E6,20,20,0.0,0.3,0,5
mas_iterative,1140,default,188,20,20,95.3,9,4,76.41666666666667,31.25,232,53,78,117,0,E6,20,20,0.0,0.3,0,5
cbba,1140,default,195,20,20,86.3,6,4,69.45833333333333,31.25,150,139,454,2318,106,E6,20,20,0.0,0.3,0,5
claim,1141,default,194,20,20,98.95,9,4,81.92727272727272,55.0,196,26,30,30,0,E6,20,20,0.0,0.3,0,5
mas,1141,default,176,20,20,89.5,4,4,74.9090909090909,50.375,107,47,54,81,0,E6,20,20,0.0,0.3,0,5
mas_iterative,1141,default,176,20,20,89.45,4,4,74.8,50.125,108,45,56,84,0,E6,20,20,0.0,0.3,0,5
cbba,1141,default,176,20,20,89.45,4,4,74.8,50.125,107,45,493,2531,117,E6,20,20,0.0,0.3,0,5
claim,1142,default,227,20,20,110.5,9,4,91.04,40.25,340,56,37,37,0,E6,20,20,0.0,0.3,0,5
mas,1142,default,224,20,20,99.65,9,4,81.62,33.75,325,70,74,111,0,E6,20,20,0.0,0.3,0,5
mas_iterative,1142,default,169,20,20,88.1,4,4,74.22,33.5,100,61,56,84,0,E6,20,20,0.0,0.3,0,5
cbba,1142,default,169,20,20,88.1,4,4,74.22,33.5,100,61,553,3065,132,E6,20,20,0.0,0.3,0,5
claim,1143,default,193,20,20,92.5,5,4,71.27906976744185,42.0,97,124,26,26,0,E6,20,20,0.0,0.3,0,5
mas,1143,default,200,20,20,90.15,7,4,68.23255813953489,41.333333333333336,215,87,62,93,0,E6,20,20,0.0,0.3,0,5
mas_iterative,1143,default,210,20,20,88.45,5,4,66.86046511627907,40.666666666666664,150,156,58,87,0,E6,20,20,0.0,0.3,0,5
cbba,1143,default,188,20,20,84.45,5,4,64.83720930232558,40.666666666666664,103,94,518,2760,123,E6,20,20,0.0,0.3,0,5
claim,1144,default,272,20,20,146.05,14,4,115.09803921568627,56.666666666666664,554,70,48,48,0,E6,20,20,0.0,0.3,0,5
mas,1144,default,179,20,20,90.85,5,4,72.47058823529412,45.0,111,100,57,86,0,E6,20,20,0.0,0.3,0,5
mas_iterative,1144,default,179,20,20,90.45,5,4,72.07843137254902,44.666666666666664,113,99,59,89,0,E6,20,20,0.0,0.3,0,5
cbba,1144,default,159,20,20,81.9,4,4,64.33333333333333,37.5,85,66,639,3551,153,E6,20,20,0.0,0.3,0,5
claim,1145,default,215,20,20,92.4,8,4,74.51785714285714,48.375,205,171,29,29,0,E6,20,20,0.0,0.3,0,5
mas,1145,default,177,20,20,81.7,5,4,66.30357142857143,43.625,99,125,60,90,0,E6,20,20,0.0,0.3,0,5
mas_iterative,1145,default,176,20,20,81.1,4,4,65.51785714285714,42.75,113,69,64,96,0,E6,20,20,0.0,0.3,0,5
cbba,1145,default,165,20,20,79.2,6,4,62.375,38.5,104,53,546,2912,130,E6,20,20,0.0,0.3,0,5
claim,1146,default,194,20,20,97.55,5,4,85.78181818181818,46.25,174,82,26,26,0,E6,20,20,0.0,0.3,0,5
mas,1146,default,191,20,20,93.2,5,4,80.94545454545455,35.25,154,99,62,93,0,E6,20,20,0.0,0.3,0,5
mas_iterative,1146,default,196,20,20,94.85,6,4,81.89090909090909,34.5,263,31,71,107,0,E6,20,20,0.0,0.3,0,5
cbba,1146,default,234,20,20,96.85,6,4,82.61818181818182,34.5,340,31,567,2991,133,E6,20,20,0.0,0.3,0,5
claim,1147,default,206,20,20,99.45,8,4,80.0,38.666666666666664,229,28,30,30,0,E6,20,20,0.0,0.3,0,5
mas,1147,default,178,20,20,87.25,4,4,72.19148936170212,38.666666666666664,105,90,50,75,0,E6,20,20,0.0,0.3,0,5
mas_iterative,1147,default,178,20,20,86.85,4,4,71.85106382978724,38.666666666666664,103,92,52,78,0,E6,20,20,0.0,0.3,0,5
cbba,1147,default,184,20,20,89.6,4,4,71.53191489361703,29.333333333333332,116,85,616,3366,148,E6,20,20,0.0,0.3,0,5
claim,1149,default,201,20,20,98.8,10,4,81.5,40.333333333333336,364,43,35,35,0,E6,20,20,0.0,0.3,0,5
mas,1149,default,164,20,20,85.35,6,4,73.5576923076923,40.333333333333336,161,77,58,87,0,E6,20,20,0.0,0.3,0,5
mas_iterative,1149,default,164,20,20,85.1,6,4,73.34615384615384,40.333333333333336,162,76,58,87,0,E6,20,20,0.0,0.3,0,5
cbba,1149,default,161,20,20,76.05,5,4,64.84615384615384,39.0,157,67,500,2598,118,E6,20,20,0.0,0.3,0,5
claim,1150,default,189,20,20,99.5,12,4,79.5625,39.6,239,54,33,33,0,E6,20,20,0.0,0.3,0,5
mas,1150,default,166,20,20,79.0,4,4,62.229166666666664,30.0,88,29,65,98,0,E6,20,20,0.0,0.3,0,5
mas_iterative,1150,default,156,20,20,78.65,2,4,61.895833333333336,29.2,89,40,62,94,0,E6,20,20,0.0,0.3,0,5
cbba,1150,default,156,20,20,78.65,2,4,61.895833333333336,29.2,89,40,512,2750,122,E6,20,20,0.0,0.3,0,5
claim,1152,default,247,20,20,122.55,13,4,97.9375,46.5,433,86,39,39,0,E6,20,20,0.0,0.3,0,5
mas,1152,default,223,20,20,112.05,11,4,91.14583333333333,46.5,358,41,70,105,0,E6,20,20,0.0,0.3,0,5
mas_iterative,1152,default,223,20,20,112.0,11,4,91.10416666666667,46.5,359,40,70,105,0,E6,20,20,0.0,0.3,0,5
cbba,1152,default,185,20,20,95.25,5,4,77.60416666666667,38.75,144,70,508,2770,120,E6,20,20,0.0,0.3,0,5
claim,1153,default,215,20,20,106.35,7,4,90.39622641509433,44.4,201,67,30,30,0,E6,20,20,0.0,0.3,0,5
mas,1153,default,219,20,20,108.7,7,4,91.64150943396227,46.6,183,116,66,99,0,E6,20,20,0.0,0.3,0,5
mas_iterative,1153,default,196,20,20,98.7,3,4,84.94339622641509,46.4,68,113,50,75,0,E6,20,20,0.0,0.3,0,5
cbba,1153,default,194,20,20,94.5,4,4,78.67924528301887,41.4,127,61,473,2503,112,E6,20,20,0.0,0.3,0,5
claim,1155,default,241,20,20,106.45,11,4,79.9375,43.8,409,33,37,37,0,E6,20,20,0.0,0.3,0,5
mas,1155,default,209,20,20,95.1,7,4,72.41666666666667,40.4,189,139,62,93,0,E6,20,20,0.0,0.3,0,5
mas_iterative,1155,default,246,20,20,108.75,9,4,79.20833333333333,40.2,392,88,79,119,0,E6,20,20,0.0,0.3,0,5
cbba,1155,default,236,20,20,103.8,11,4,77.16666666666667,40.2,376,60,601,3257,141,E6,20,20,0.0,0.3,0,5
claim,1156,default,227,20,20,128.65,10,4,113.29787234042553,30.0,320,45,36,36,0,E6,20,20,0.0,0.3,0,5
mas,1156,default,197,20,20,101.05,6,4,89.12765957446808,30.0,170,109,67,102,0,E6,20,20,0.0,0.3,0,5
mas_iterative,1156,default,211,20,20,102.2,6,4,89.7872340425532,30.0,229,77,64,96,0,E6,20,20,0.0,0.3,0,5
cbba,1156,default,204,20,20,95.85,7,4,85.19148936170212,29.0,189,128,513,2703,121,E6,20,20,0.0,0.3,0,5
claim,1157,default,232,20,20,117.95,15,4,95.10416666666667,35.666666666666664,359,63,39,39,0,E6,20,20,0.0,0.3,0,5
mas,1157,default,195,20,20,99.6,6,4,82.29166666666667,38.333333333333336,154,92,64,96,0,E6,20,20,0.0,0.3,0,5
mas_iterative,1157,default,177,20,20,94.6,5,4,80.125,38.333333333333336,97,60,52,78,0,E6,20,20,0.0,0.3,0,5
cbba,1157,default,173,20,20,89.8,5,4,75.54166666666667,29.666666666666668,71,90,497,2583,118,E6,20,20,0.0,0.3,0,5
claim,1000,default,182,20,20,80.95,8,4,66.32608695652173,32.0,229,68,32,32,0,E6,20,20,0.0,0.3,0,20
mas,1000,default,141,20,20,73.75,3,4,60.76086956521739,28.666666666666668,72,34,48,72,0,E6,20,20,0.0,0.3,0,20
mas_iterative,1000,default,141,20,20,73.6,3,4,60.56521739130435,28.333333333333332,73,33,48,72,0,E6,20,20,0.0,0.3,0,20
cbba,1000,default,147,20,20,74.55,2,4,61.369565217391305,28.333333333333332,65,64,695,3795,168,E6,20,20,0.0,0.3,0,20
claim,1001,default,222,20,20,102.2,11,4,86.875,40.4,383,57,35,35,0,E6,20,20,0.0,0.3,0,20
mas,1001,default,181,20,20,82.35,5,4,70.69642857142857,36.6,189,76,71,107,0,E6,20,20,0.0,0.3,0,20
mas_iterative,1001,default,181,20,20,82.2,5,4,70.55357142857143,36.4,191,74,71,107,0,E6,20,20,0.0,0.3,0,20
cbba,1001,default,153,20,20,72.9,3,4,63.214285714285715,36.4,73,56,436,2260,103,E6,20,20,0.0,0.3,0,20
claim,1002,default,202,20,20,96.35,8,4,78.1304347826087,47.0,239,95,32,32,0,E6,20,20,0.0,0.3,0,20
mas,1002,default,182,20,20,91.25,7,4,73.34782608695652,41.75,151,29,66,99,0,E6,20,20,0.0,0.3,0,20
mas_iterative,1002,default,194,20,20,91.3,8,4,71.95652173913044,41.25,212,48,62,93,0,E6,20,20,0.0,0.3,0,20
cbba,1002,default,163,20,20,82.6,4,4,65.73913043478261,34.75,59,86,516,2836,123,E6,20,20,0.0,0.3,0,20
claim,1003,default,189,20,20,91.95,7,4,70.95833333333333,44.666666666666664,251,80,30,30,0,E6,20,20,0.0,0.3,0,20
mas,1003,default,173,20,20,82.45,6,4,65.64583333333333,44.666666666666664,173,70,64,96,0,E6,20,20,0.0,0.3,0,20
mas_iterative,1003,default,161,20,20,80.6,5,4,64.29166666666667,44.666666666666664,132,49,60,90,0,E6,20,20,0.0,0.3,0,20
cbba,1003,default,161,20,20,80.6,5,4,64.29166666666667,44.666666666666664,132,49,459,2441,108,E6,20,20,0.0,0.3,0,20
claim,1004,default,224,20,20,113.4,9,4,94.2127659574468,38.333333333333336,257,139,34,34,0,E6,20,20,0.0,0.3,0,20
mas,1004,default,190,20,20,91.4,6,4,75.76595744680851,29.333333333333332,186,58,64,96,0,E6,20,20,0.0,0.3,0,20
mas_iterative,1004,default,193,20,20,92.05,7,4,76.95744680851064,29.0,197,64,72,108,0,E6,20,20,0.0,0.3,0,20
cbba,1004,default,177,20,20,81.25,4,4,68.57446808510639,29.0,102,77,522,2678,124,E6,20,20,0.0,0.3,0,20
claim,1005,default,177,20,20,89.05,9,4,78.0,52.0,213,31,35,35,0,E6,20,20,0.0,0.3,0,20
mas,1005,default,160,20,20,83.2,9,4,74.18181818181819,52.0,136,79,62,93,0,E6,20,20,0.0,0.3,0,20
mas_iterative,1005,default,198,20,20,88.25,10,4,77.38181818181818,52.0,316,84,78,117,0,E6,20,20,0.0,0.3,0,20
cbba,1005,default,196,20,20,89.45,9,4,77.9090909090909,43.333333333333336,311,45,545,2857,128,E6,20,20,0.0,0.3,0,20
claim,1006,default,218,20,20,109.7,12,4,88.12820512820512,38.0,328,122,36,36,0,E6,20,20,0.0,0.3,0,20
mas,1006,default,183,20,20,73.7,5,4,60.0,29.0,142,117,60,90,0,E6,20,20,0.0,0.3,0,20
mas_iterative,1006,default,181,20,20,72.75,4,4,59.23076923076923,28.5,139,112,63,95,0,E6,20,20,0.0,0.3,0,20
cbba,1006,default,170,20,20,72.2,3,4,58.94871794871795,28.5,91,125,616,3328,148,E6,20,20,0.0,0.3,0,20
claim,1007,default,180,20,20,90.8,11,4,76.4888888888889,33.0,288,46,35,35,0,E6,20,20,0.0,0.3,0,20
mas,1007,default,141,20,20,78.15,5,4,67.77777777777777,33.0,115,26,60,90,0,E6,20,20,0.0,0.3,0,20
mas_iterative,1007,default,141,20,20,77.95,5,4,67.55555555555556,33.0,116,25,60,90,0,E6,20,20,0.0,0.3,0,20
cbba,1007,default,143,20,20,78.05,5,4,67.6,33.0,94,40,575,3099,137,E6,20,20,0.0,0.3,0,20
claim,1008,default,188,20,20,95.5,6,4,83.06,36.25,146,70,27,27,0,E6,20,20,0.0,0.3,0,20
mas,1008,default,181,20,20,88.7,5,4,76.1,30.5,117,49,56,84,0,E6,20,20,0.0,0.3,0,20
mas_iterative,1008,default,181,20,20,88.35,5,4,75.72,30.25,90,48,58,87,0,E6,20,20,0.0,0.3,0,20
cbba,1008,default,181,20,20,88.35,5,4,75.72,30.25,90,48,534,2738,127,E6,20,20,0.0,0.3,0,20
claim,1009,default,293,20,20,115.2,8,4,91.17021276595744,33.333333333333336,444,180,37,37,0,E6,20,20,0.0,0.3,0,20
mas,1009,default,207,20,20,98.7,6,4,82.06382978723404,33.333333333333336,170,26,60,90,0,E6,20,20,0.0,0.3,0,20
mas_iterative,1009,default,207,20,20,97.4,4,4,80.85106382978724,33.333333333333336,133,111,52,78,0,E6,20,20,0.0,0.3,0,20
cbba,1009,default,203,20,20,91.6,4,4,75.08510638297872,33.333333333333336,148,24,520,2654,123,E6,20,20,0.0,0.3,0,20
claim,1010,default,234,20,20,130.25,10,4,111.47169811320755,57.8,392,88,36,36,0,E6,20,20,0.0,0.3,0,20
mas,1010,default,166,20,20,90.15,6,4,76.86792452830188,37.6,132,31,69,104,0,E6,20,20,0.0,0.3,0,20
mas_iterative,1010,default,187,20,20,91.55,7,4,77.37735849056604,37.0,156,105,63,95,0,E6,20,20,0.0,0.3,0,20
cbba,1010,default,161,20,20,88.75,5,4,75.69811320754717,37.0,98,45,502,2728,119,E6,20,20,0.0,0.3,0,20
claim,1011,default,207,20,20,97.05,11,4,78.55555555555556,39.4,256,91,35,35,0,E6,20,20,0.0,0.3,0,20
mas,1011,default,171,20,20,86.4,8,4,71.46296296296296,39.4,162,42,64,96,0,E6,20,20,0.0,0.3,0,20
mas_iterative,1011,default,202,20,20,92.15,11,4,74.29629629629629,37.2,226,106,82,123,0,E6,20,20,0.0,0.3,0,20
cbba,1011,default,194,20,20,84.25,10,4,68.66666666666667,37.2,227,78,498,2610,116,E6,20,20,0.0,0.3,0,20
claim,1012,default,172,20,20,81.05,4,4,71.81132075471699,40.2,98,157,25,25,0,E6,20,20,0.0,0.3,0,20
mas,1012,default,167,20,20,74.7,7,4,66.0,35.0,146,108,66,99,0,E6,20,20,0.0,0.3,0,20
mas_iterative,1012,default,144,20,20,75.75,5,4,66.60377358490567,34.8,105,62,56,84,0,E6,20,20,0.0,0.3,0,20
cbba,1012,default,138,20,20,67.5,4,4,59.113207547169814,35.0,63,83,596,3216,143,E6,20,20,0.0,0.3,0,20
claim,1013,default,211,20,20,90.15,7,4,78.63414634146342,nan,333,30,34,34,0,E6,20,20,0.0,0.3,0,20
mas,1013,default,211,20,20,90.15,7,4,78.63414634146342,nan,333,56,66,99,0,E6,20,20,0.0,0.3,0,20
mas_iterative,1013,default,211,20,20,90.15,7,4,78.63414634146342,nan,333,56,66,99,0,E6,20,20,0.0,0.3,0,20
cbba,1013,default,208,20,20,90.0,6,4,78.5609756097561,nan,273,105,563,3049,133,E6,20,20,0.0,0.3,0,20
claim,1014,default,189,20,20,95.95,9,4,81.0,28.5,235,30,33,33,0,E6,20,20,0.0,0.3,0,20
mas,1014,default,185,20,20,81.45,6,4,68.52,28.5,111,126,64,96,0,E6,20,20,0.0,0.3,0,20
mas_iterative,1014,default,181,20,20,81.3,5,4,67.98,28.5,109,107,58,87,0,E6,20,20,0.0,0.3,0,20
cbba,1014,default,171,20,20,80.0,4,4,66.4,28.0,79,77,500,2700,119,E6,20,20,0.0,0.3,0,20
claim,1015,default,244,20,20,121.7,12,4,104.04,34.0,409,86,37,37,0,E6,20,20,0.0,0.3,0,20
mas,1015,default,235,20,20,109.1,8,4,93.74,34.0,314,105,73,110,0,E6,20,20,0.0,0.3,0,20
mas_iterative,1015,default,235,20,20,108.9,8,4,93.54,34.0,317,102,75,113,0,E6,20,20,0.0,0.3,0,20
cbba,1015,default,217,20,20,105.55,5,4,90.86,34.0,280,98,366,1874,84,E6,20,20,0.0,0.3,0,20
claim,1016,default,184,20,20,89.05,10,4,70.5,43.333333333333336,286,57,33,33,0,E6,20,20,0.0,0.3,0,20
mas,1016,default,147,20,20,75.55,6,4,60.24,36.333333333333336,122,51,68,102,0,E6,20,20,0.0,0.3,0,20
mas_iterative,1016,default,148,20,20,74.55,6,4,59.32,35.833333333333336,130,53,64,96,0,E6,20,20,0.0,0.3,0,20
cbba,1016,default,130,20,20,65.8,2,4,53.46,35.5,20,83,490,2572,117,E6,20,20,0.0,0.3,0,20
claim,1017,default,204,20,20,107.2,11,4,91.38461538461539,41.666666666666664,324,54,36,36,0,E6,20,20,0.0,0.3,0,20
mas,1017,default,206,20,20,91.0,7,4,78.92307692307692,36.333333333333336,178,180,64,96,0,E6,20,20,0.0,0.3,0,20
mas_iterative,1017,default,192,20,20,90.35,8,4,78.21153846153847,36.0,180,145,72,109,0,E6,20,20,0.0,0.3,0,20
cbba,1017,default,169,20,20,88.55,8,4,76.40384615384616,36.0,147,59,519,2765,122,E6,20,20,0.0,0.3,0,20
claim,1018,default,238,20,20,117.85,10,4,89.61363636363636,32.666666666666664,354,41,35,35,0,E6,20,20,0.0,0.3,0,20
mas,1018,default,225,20,20,107.25,6,4,84.81818181818181,32.666666666666664,176,153,62,93,0,E6,20,20,0.0,0.3,0,20
mas_iterative,1018,default,225,20,20,107.1,6,4,84.70454545454545,32.666666666666664,177,152,62,93,0,E6,20,20,0.0,0.3,0,20
cbba,1018,default,225,20,20,107.1,6,4,84.70454545454545,32.666666666666664,177,152,464,2522,109,E6,20,20,0.0,0.3,0,20
claim,1019,default,195,20,20,99.55,7,4,85.13725490196079,32.0,194,90,28,28,0,E6,20,20,0.0,0.3,0,20
mas,1019,default,163,20,20,79.95,5,4,68.6078431372549,32.0,87,74,58,87,0,E6,20,20,0.0,0.3,0,20
mas_iterative,1019,default,156,20,20,79.6,2,4,68.43137254901961,32.0,59,52,55,83,0,E6,20,20,0.0,0.3,0,20
cbba,1019,default,156,20,20,79.6,2,4,68.43137254901961,32.0,59,52,579,3245,139,E6,20,20,0.0,0.3,0,20
claim,1020,default,242,20,20,105.25,7,4,85.0,28.5,288,125,30,30,0,E6,20,20,0.0,0.3,0,20
mas,1020,default,201,20,20,95.65,5,4,78.30434782608695,28.5,132,117,66,99,0,E6,20,20,0.0,0.3,0,20
mas_iterative,1020,default,208,20,20,94.75,4,4,77.73913043478261,28.5,133,136,54,81,0,E6,20,20,0.0,0.3,0,20
cbba,1020,default,181,20,20,94.0,5,4,77.3913043478261,28.5,124,68,545,3059,130,E6,20,20,0.0,0.3,0,20
claim,1021,default,175,20,20,88.15,6,4,72.08695652173913,35.666666666666664,146,92,26,26,0,E6,20,20,0.0,0.3,0,20
mas,1021,default,166,20,20,78.55,4,4,64.30434782608695,28.666666666666668,73,108,54,81,0,E6,20,20,0.0,0.3,0,20
mas_iterative,1021,default,163,20,20,78.1,3,4,63.02173913043478,28.333333333333332,88,91,58,87,0,E6,20,20,0.0,0.3,0,20
cbba,1021,default,163,20,20,78.1,3,4,63.02173913043478,28.333333333333332,88,91,577,3163,138,E6,20,20,0.0,0.3,0,20
claim,1022,default,172,20,20,94.25,5,4,81.54901960784314,41.5,101,44,25,25,0,E6,20,20,0.0,0.3,0,20
mas,1022,default,174,20,20,83.3,3,4,71.03921568627452,41.5,53,101,50,75,0,E6,20,20,0.0,0.3,0,20
mas_iterative,1022,default,173,20,20,82.9,3,4,70.70588235294117,41.5,54,96,52,78,0,E6,20,20,0.0,0.3,0,20
cbba,1022,default,181,20,20,84.75,4,4,71.0,41.25,151,65,605,3219,145,E6,20,20,0.0,0.3,0,20
claim,1023,default,221,20,20,119.2,6,4,103.23529411764706,38.0,193,122,28,28,0,E6,20,20,0.0,0.3,0,20
mas,1023,default,217,20,20,106.0,8,4,89.43137254901961,38.0,200,134,62,93,0,E6,20,20,0.0,0.3,0,20
mas_iterative,1023,default,207,20,20,108.7,6,4,93.2156862745098,38.0,240,45,65,98,0,E6,20,20,0.0,0.3,0,20
cbba,1023,default,212,20,20,107.3,7,4,90.96078431372548,38.0,198,120,542,2826,128,E6,20,20,0.0,0.3,0,20
claim,1024,default,265,20,20,139.45,10,4,120.10204081632654,54.333333333333336,532,39,43,43,0,E6,20,20,0.0,0.3,0,20
mas,1024,default,206,20,20,104.8,7,4,87.24489795918367,29.666666666666668,270,52,75,113,0,E6,20,20,0.0,0.3,0,20
mas_iterative,1024,default,199,20,20,103.8,7,4,86.57142857142857,29.0,196,30,73,110,0,E6,20,20,0.0,0.3,0,20
cbba,1024,default,223,20,20,93.9,8,4,78.28571428571429,29.0,257,115,473,2267,110,E6,20,20,0.0,0.3,0,20
claim,1025,default,177,20,20,91.55,8,4,76.83673469387755,41.75,201,63,31,31,0,E6,20,20,0.0,0.3,0,20
mas,1025,default,164,20,20,86.4,6,4,71.77551020408163,41.75,164,30,68,102,0,E6,20,20,0.0,0.3,0,20
mas_iterative,1025,default,164,20,20,86.1,6,4,71.51020408163265,41.75,166,27,68,102,0,E6,20,20,0.0,0.3,0,20
cbba,1025,default,163,20,20,85.4,5,4,70.85714285714286,41.75,109,60,448,2276,105,E6,20,20,0.0,0.3,0,20
claim,1026,default,226,20,20,117.35,11,4,96.01886792452831,46.833333333333336,349,42,36,36,0,E6,20,20,0.0,0.3,0,20
mas,1026,default,189,20,20,102.3,4,4,85.62264150943396,43.166666666666664,134,73,54,81,0,E6,20,20,0.0,0.3,0,20
mas_iterative,1026,default,189,20,20,102.15,4,4,85.49056603773585,43.0,135,72,54,81,0,E6,20,20,0.0,0.3,0,20
cbba,1026,default,176,20,20,86.85,3,4,71.94339622641509,40.833333333333336,83,94,472,2608,112,E6,20,20,0.0,0.3,0,20
claim,1027,default,242,20,20,132.0,8,4,108.7872340425532,54.5,355,115,33,33,0,E6,20,20,0.0,0.3,0,20
mas,1027,default,208,20,20,106.1,8,4,84.04255319148936,39.25,256,107,70,105,0,E6,20,20,0.0,0.3,0,20
mas_iterative,1027,default,235,20,20,118.75,5,4,93.59574468085107,37.75,289,142,68,102,0,E6,20,20,0.0,0.3,0,20
cbba,1027,default,188,20,20,95.6,6,4,76.23404255319149,37.75,158,93,515,2781,122,E6,20,20,0.0,0.3,0,20
claim,1028,default,302,20,20,166.85,14,4,139.5681818181818,43.0,560,115,45,45,0,E6,20,20,0.0,0.3,0,20
mas,1028,default,224,20,20,113.15,8,4,91.47727272727273,42.0,302,34,75,113,0,E6,20,20,0.0,0.3,0,20
mas_iterative,1028,default,191,20,20,97.7,4,4,78.5909090909091,41.5,131,103,55,83,0,E6,20,20,0.0,0.3,0,20
cbba,1028,default,210,20,20,100.9,6,4,79.75,40.0,197,102,576,3030,137,E6,20,20,0.0,0.3,0,20
claim,1030,default,199,20,20,105.9,10,4,84.73809523809524,43.5,263,81,35,35,0,E6,20,20,0.0,0.3,0,20
mas,1030,default,179,20,20,83.1,6,4,66.0,34.0,127,117,62,93,0,E6,20,20,0.0,0.3,0,20
mas_iterative,1030,default,165,20,20,83.6,6,4,66.0,33.5,128,68,68,102,0,E6,20,20,0.0,0.3,0,20
cbba,1030,default,175,20,20,80.15,6,4,63.23809523809524,33.5,133,79,504,2584,119,E6,20,20,0.0,0.3,0,20
claim,1031,default,249,20,20,109.05,7,4,90.43636363636364,49.714285714285715,317,167,36,36,0,E6,20,20,0.0,0.3,0,20
mas,1031,default,203,20,20,94.95,5,4,77.49090909090908,42.142857142857146,213,87,64,96,0,E6,20,20,0.0,0.3,0,20
mas_iterative,1031,default,185,20,20,86.8,5,4,71.7090909090909,38.285714285714285,157,57,58,87,0,E6,20,20,0.0,0.3,0,20
cbba,1031,default,185,20,20,86.8,4,4,71.7090909090909,38.285714285714285,127,86,537,2827,128,E6,20,20,0.0,0.3,0,20
claim,1032,default,209,20,20,102.3,9,4,84.55319148936171,34.0,286,59,35,35,0,E6,20,20,0.0,0.3,0,20
mas,1032,default,193,20,20,98.15,9,4,80.8936170212766,34.0,181,73,62,93,0,E6,20,20,0.0,0.3,0,20
mas_iterative,1032,default,193,20,20,97.95,9,4,80.72340425531915,34.0,181,72,62,93,0,E6,20,20,0.0,0.3,0,20
cbba,1032,default,180,20,20,87.5,6,4,71.68085106382979,34.0,161,25,505,2555,119,E6,20,20,0.0,0.3,0,20
claim,1033,default,199,20,20,101.5,5,4,86.79629629629629,50.4,155,34,27,27,0,E6,20,20,0.0,0.3,0,20
mas,1033,default,184,20,20,87.45,2,4,74.31481481481481,45.6,83,81,54,81,0,E6,20,20,0.0,0.3,0,20
mas_iterative,1033,default,179,20,20,85.65,2,4,72.5925925925926,45.0,65,68,56,84,0,E6,20,20,0.0,0.3,0,20
cbba,1033,default,179,20,20,85.65,2,4,72.5925925925926,45.0,65,68,454,2470,108,E6,20,20,0.0,0.3,0,20
claim,1034,default,238,20,20,114.0,9,4,87.62222222222222,48.5,309,105,34,34,0,E6,20,20,0.0,0.3,0,20
mas,1034,default,210,20,20,101.5,6,4,77.4888888888889,37.5,227,83,62,93,0,E6,20,20,0.0,0.3,0,20
mas_iterative,1034,default,209,20,20,100.7,6,4,76.86666666666666,37.0,224,82,62,93,0,E6,20,20,0.0,0.3,0,20
cbba,1034,default,209,20,20,100.7,6,4,76.86666666666666,37.0,224,82,449,2359,105,E6,20,20,0.0,0.3,0,20
claim,1035,default,207,20,20,104.7,10,4,90.9074074074074,41.2,234,54,33,33,0,E6,20,20,0.0,0.3,0,20
mas,1035,default,191,20,20,96.2,8,4,84.01851851851852,38.6,173,66,62,93,0,E6,20,20,0.0,0.3,0,20
mas_iterative,1035,default,191,20,20,95.9,8,4,83.75925925925925,38.6,205,35,64,96,0,E6,20,20,0.0,0.3,0,20
cbba,1035,default,187,20,20,100.45,6,4,86.75925925925925,38.8,135,78,475,2501,112,E6,20,20,0.0,0.3,0,20
claim,1036,default,221,20,20,125.25,9,4,101.14285714285714,44.25,266,77,31,31,0,E6,20,20,0.0,0.3,0,20
mas,1036,default,248,20,20,122.7,9,4,99.38775510204081,48.25,277,146,70,105,0,E6,20,20,0.0,0.3,0,20
mas_iterative,1036,default,237,20,20,121.65,8,4,96.59183673469387,37.5,250,133,79,119,0,E6,20,20,0.0,0.3,0,20
cbba,1036,default,231,20,20,118.65,9,4,94.91836734693878,48.25,257,130,425,2197,98,E6,20,20,0.0,0.3,0,20
claim,1037,default,216,20,20,103.05,9,4,78.8695652173913,43.2,304,35,36,36,0,E6,20,20,0.0,0.3,0,20
mas,1037,default,194,20,20,91.3,4,4,69.3913043478261,34.4,115,110,71,108,0,E6,20,20,0.0,0.3,0,20
mas_iterative,1037,default,193,20,20,90.4,4,4,68.54347826086956,33.8,120,101,71,108,0,E6,20,20,0.0,0.3,0,20
cbba,1037,default,193,20,20,90.4,4,4,68.54347826086956,33.8,120,101,611,3313,146,E6,20,20,0.0,0.3,0,20
claim,1038,default,265,20,20,111.15,12,4,89.65517241379311,47.166666666666664,493,47,39,39,0,E6,20,20,0.0,0.3,0,20
mas,1038,default,194,20,20,98.45,7,4,82.56896551724138,46.333333333333336,177,81,58,87,0,E6,20,20,0.0,0.3,0,20
mas_iterative,1038,default,191,20,20,94.95,8,4,80.25862068965517,46.333333333333336,180,73,62,93,0,E6,20,20,0.0,0.3,0,20
cbba,1038,default,181,20,20,82.85,7,4,70.13793103448276,48.166666666666664,111,80,551,2827,131,E6,20,20,0.0,0.3,0,20
claim,1039,default,200,20,20,95.15,8,4,79.19642857142857,39.666666666666664,206,33,29,29,0,E6,20,20,0.0,0.3,0,20
mas,1039,default,219,20,20,91.6,6,4,73.66071428571429,32.833333333333336,176,142,60,90,0,E6,20,20,0.0,0.3,0,20
mas_iterative,1039,default,204,20,20,90.15,5,4,72.71428571428571,32.5,196,75,69,104,0,E6,20,20,0.0,0.3,0,20
cbba,1039,default,204,20,20,90.15,5,4,72.71428571428571,32.5,196,75,563,3079,134,E6,20,20,0.0,0.3,0,20
claim,1040,default,188,20,20,101.9,11,4,88.16326530612245,46.0,246,31,35,35,0,E6,20,20,0.0,0.3,0,20
mas,1040,default,149,20,20,79.6,3,4,69.65306122448979,49.5,49,39,54,81,0,E6,20,20,0.0,0.3,0,20
mas_iterative,1040,default,199,20,20,89.15,5,4,74.38775510204081,49.0,216,73,68,102,0,E6,20,20,0.0,0.3,0,20
cbba,1040,default,160,20,20,81.95,5,4,70.44897959183673,49.0,106,36,639,3491,153,E6,20,20,0.0,0.3,0,20
claim,1041,default,207,20,20,101.55,8,4,82.08,36.5,285,45,34,34,0,E6,20,20,0.0,0.3,0,20
mas,1041,default,207,20,20,101.55,8,4,82.08,36.5,242,85,62,93,0,E6,20,20,0.0,0.3,0,20
mas_iterative,1041,default,207,20,20,101.55,8,4,82.08,36.5,242,85,62,93,0,E6,20,20,0.0,0.3,0,20
cbba,1041,default,201,20,20,90.7,7,4,73.34,30.75,248,29,543,2795,128,E6,20,20,0.0,0.3,0,20
claim,1042,default,198,20,20,88.7,7,4,72.65384615384616,38.2,162,175,28,28,0,E6,20,20,0.0,0.3,0,20
mas,1042,default,196,20,20,84.25,6,4,67.8076923076923,33.4,168,138,58,87,0,E6,20,20,0.0,0.3,0,20
mas_iterative,1042,default,196,20,20,84.0,6,4,67.53846153846153,33.2,169,137,60,90,0,E6,20,20,0.0,0.3,0,20
cbba,1042,default,191,20,20,78.55,5,4,62.26923076923077,28.6,237,47,711,3755,170,E6,20,20,0.0,0.3,0,20
claim,1043,default,229,20,20,113.35,13,4,86.52631578947368,31.0,365,62,39,39,0,E6,20,20,0.0,0.3,0,20
mas,1043,default,182,20,20,94.6,8,4,74.84210526315789,31.0,146,94,65,98,0,E6,20,20,0.0,0.3,0,20
mas_iterative,1043,default,181,20,20,94.1,8,4,74.5,31.0,146,90,65,98,0,E6,20,20,0.0,0.3,0,20
cbba,1043,default,182,20,20,87.2,5,4,66.76315789473684,31.0,104,121,343,1715,78,E6,20,20,0.0,0.3,0,20
claim,1044,default,192,20,20,92.3,5,4,80.22,45.5,129,141,25,25,0,E6,20,20,0.0,0.3,0,20
mas,1044,default,169,20,20,82.2,3,4,70.36,40.0,68,120,50,75,0,E6,20,20,0.0,0.3,0,20
mas_iterative,1044,default,173,20,20,79.2,2,4,67.76,39.5,59,132,54,81,0,E6,20,20,0.0,0.3,0,20
cbba,1044,default,173,20,20,79.2,2,4,67.76,39.5,59,132,470,2518,112,E6,20,20,0.0,0.3,0,20
claim,1045,default,223,20,20,114.65,9,4,92.88461538461539,39.0,264,91,32,32,0,E6,20,20,0.0,0.3,0,20
mas,1045,default,231,20,20,102.55,9,4,83.90384615384616,32.25,296,98,75,113,0,E6,20,20,0.0,0.3,0,20
mas_iterative,1045,default,205,20,20,102.25,8,4,83.78846153846153,32.0,227,62,70,105,0,E6,20,20,0.0,0.3,0,20
cbba,1045,default,205,20,20,90.2,7,4,73.5576923076923,32.0,156,125,313,1537,71,E6,20,20,0.0,0.3,0,20
claim,1046,default,220,20,20,118.4,6,4,102.37735849056604,57.4,245,116,31,31,0,E6,20,20,0.0,0.3,0,20
mas,1046,default,190,20,20,85.8,3,4,72.41509433962264,34.8,98,94,57,87,0,E6,20,20,0.0,0.3,0,20
mas_iterative,1046,default,188,20,20,84.8,3,4,71.41509433962264,33.8,102,83,60,91,0,E6,20,20,0.0,0.3,0,20
cbba,1046,default,188,20,20,84.8,3,4,71.41509433962264,33.8,102,83,572,3084,137,E6,20,20,0.0,0.3,0,20
claim,1047,default,155,20,20,85.4,7,4,72.37777777777778,43.0,104,57,27,27,0,E6,20,20,0.0,0.3,0,20
mas,1047,default,155,20,20,79.1,5,4,65.75555555555556,31.0,89,38,54,81,0,E6,20,20,0.0,0.3,0,20
mas_iterative,1047,default,154,20,20,78.8,5,4,65.46666666666667,30.5,89,36,56,84,0,E6,20,20,0.0,0.3,0,20
cbba,1047,default,143,20,20,75.2,3,4,62.733333333333334,28.0,47,93,555,2983,133,E6,20,20,0.0,0.3,0,20
claim,1048,default,356,20,20,164.55,14,4,138.04255319148936,56.0,876,54,58,58,0,E6,20,20,0.0,0.3,0,20
mas,1048,default,193,20,20,96.6,7,4,83.19148936170212,45.5,183,82,69,104,0,E6,20,20,0.0,0.3,0,20
mas_iterative,1048,default,200,20,20,96.95,8,4,83.38297872340425,45.0,175,112,63,95,0,E6,20,20,0.0,0.3,0,20
cbba,1048,default,171,20,20,88.85,6,4,74.95744680851064,30.0,126,46,571,3087,136,E6,20,20,0.0,0.3,0,20
claim,1049,default,249,20,20,119.95,10,4,104.21818181818182,39.333333333333336,343,131,35,35,0,E6,20,20,0.0,0.3,0,20
mas,1049,default,221,20,20,95.9,5,4,82.92727272727272,32.0,177,114,70,106,0,E6,20,20,0.0,0.3,0,20
mas_iterative,1049,default,221,20,20,94.7,6,4,82.21818181818182,31.666666666666668,180,111,70,106,0,E6,20,20,0.0,0.3,0,20
cbba,1049,default,201,20,20,94.05,6,4,81.52727272727273,31.666666666666668,161,74,501,2577,118,E6,20,20,0.0,0.3,0,20
claim,1050,default,195,20,20,100.05,4,4,82.58333333333333,44.5,118,133,25,25,0,E6,20,20,0.0,0.3,0,20
mas,1050,default,184,20,20,95.2,3,4,79.54166666666667,44.5,83,108,48,72,0,E6,20,20,0.0,0.3,0,20
mas_iterative,1050,default,184,20,20,95.0,3,4,79.41666666666667,44.5,83,108,48,72,0,E6,20,20,0.0,0.3,0,20
cbba,1050,default,173,20,20,84.45,2,4,69.58333333333333,44.5,32,119,542,2886,130,E6,20,20,0.0,0.3,0,20
claim,1051,default,215,20,20,115.25,11,4,94.17777777777778,38.5,311,34,34,34,0,E6,20,20,0.0,0.3,0,20
mas,1051,default,191,20,20,92.3,6,4,75.6,38.5,116,68,56,84,0,E6,20,20,0.0,0.3,0,20
mas_iterative,1051,default,177,20,20,91.3,5,4,74.97777777777777,38.5,135,46,58,87,0,E6,20,20,0.0,0.3,0,20
cbba,1051,default,190,20,20,91.95,6,4,75.26666666666667,38.5,116,64,646,3492,155,E6,20,20,0.0,0.3,0,20
claim,1052,default,212,20,20,121.55,12,4,102.71739130434783,41.0,320,63,37,37,0,E6,20,20,0.0,0.3,0,20
mas,1052,default,184,20,20,89.1,4,4,76.54347826086956,34.0,121,59,63,95,0,E6,20,20,0.0,0.3,0,20
mas_iterative,1052,default,199,20,20,95.9,7,4,79.6304347826087,33.666666666666664,195,86,67,101,0,E6,20,20,0.0,0.3,0,20
cbba,1052,default,179,20,20,88.45,5,4,74.17391304347827,28.0,111,54,529,2717,125,E6,20,20,0.0,0.3,0,20
claim,1053,default,215,20,20,111.9,10,4,97.86274509803921,50.8,372,36,40,40,0,E6,20,20,0.0,0.3,0,20
mas,1053,default,174,20,20,84.1,7,4,69.6470588235294,37.8,125,36,66,99,0,E6,20,20,0.0,0.3,0,20
mas_iterative,1053,default,161,20,20,80.05,5,4,67.58823529411765,37.6,126,25,66,99,0,E6,20,20,0.0,0.3,0,20
cbba,1053,default,161,20,20,82.7,6,4,68.7843137254902,37.6,140,26,556,3064,132,E6,20,20,0.0,0.3,0,20
claim,1054,default,223,20,20,119.65,6,4,103.0,41.0,201,123,28,28,0,E6,20,20,0.0,0.3,0,20
mas,1054,default,186,20,20,93.6,4,4,79.13636363636364,28.5,110,83,63,95,0,E6,20,20,0.0,0.3,0,20
mas_iterative,1054,default,177,20,20,91.05,3,4,76.81818181818181,28.0,78,65,59,89,0,E6,20,20,0.0,0.3,0,20
cbba,1054,default,177,20,20,91.05,3,4,76.81818181818181,28.0,78,65,473,2513,112,E6,20,20,0.0,0.3,0,20
claim,1055,default,190,20,20,106.25,8,4,92.67924528301887,42.5,240,54,31,31,0,E6,20,20,0.0,0.3,0,20
mas,1055,default,192,20,20,97.15,7,4,85.09433962264151,42.5,168,123,71,107,0,E6,20,20,0.0,0.3,0,20
mas_iterative,1055,default,190,20,20,96.5,7,4,84.56603773584905,42.5,167,116,71,107,0,E6,20,20,0.0,0.3,0,20
cbba,1055,default,190,20,20,96.7,7,4,84.64150943396227,42.5,179,86,549,2955,130,E6,20,20,0.0,0.3,0,20
claim,1056,default,177,20,20,90.55,8,4,76.22641509433963,44.4,172,53,29,29,0,E6,20,20,0.0,0.3,0,20
mas,1056,default,179,20,20,90.65,8,4,74.9622641509434,40.2,171,71,60,90,0,E6,20,20,0.0,0.3,0,20
mas_iterative,1056,default,179,20,20,90.6,8,4,74.88679245283019,40.0,172,70,60,90,0,E6,20,20,0.0,0.3,0,20
cbba,1056,default,166,20,20,85.95,7,4,71.90566037735849,40.0,113,72,579,3129,138,E6,20,20,0.0,0.3,0,20
claim,1057,default,186,20,20,96.2,9,4,81.59649122807018,45.666666666666664,157,65,30,30,0,E6,20,20,0.0,0.3,0,20
mas,1057,default,184,20,20,93.25,5,4,78.70175438596492,38.5,150,47,58,87,0,E6,20,20,0.0,0.3,0,20
mas_iterative,1057,default,191,20,20,90.85,7,4,76.26315789473684,38.0,166,52,60,90,0,E6,20,20,0.0,0.3,0,20
cbba,1057,default,191,20,20,90.85,7,4,76.26315789473684,38.0,166,52,632,3352,151,E6,20,20,0.0,0.3,0,20
claim,1058,default,212,20,20,110.65,7,4,95.37254901960785,41.0,175,85,28,28,0,E6,20,20,0.0,0.3,0,20
mas,1058,default,212,20,20,110.65,7,4,95.37254901960785,41.0,175,85,56,84,0,E6,20,20,0.0,0.3,0,20
mas_iterative,1058,default,212,20,20,110.65,7,4,95.37254901960785,41.0,175,85,56,84,0,E6,20,20,0.0,0.3,0,20
cbba,1058,default,191,20,20,102.4,6,4,85.72549019607843,31.0,169,31,438,2224,102,E6,20,20,0.0,0.3,0,20
claim,1059,default,225,20,20,102.95,10,4,85.07692307692308,46.2,404,35,37,37,0,E6,20,20,0.0,0.3,0,20
mas,1059,default,179,20,20,80.25,5,4,67.4423076923077,40.4,161,59,66,99,0,E6,20,20,0.0,0.3,0,20
mas_iterative,1059,default,178,20,20,89.55,7,4,73.3076923076923,39.8,179,71,69,104,0,E6,20,20,0.0,0.3,0,20
cbba,1059,default,178,20,20,89.55,7,4,73.3076923076923,39.8,179,71,574,3112,136,E6,20,20,0.0,0.3,0,20
claim,1060,default,160,20,20,81.15,4,4,67.02173913043478,41.0,91,80,24,24,0,E6,20,20,0.0,0.3,0,20
mas,1060,default,166,20,20,75.5,3,4,61.891304347826086,41.0,66,73,50,75,0,E6,20,20,0.0,0.3,0,20
mas_iterative,1060,default,166,20,20,74.1,3,4,61.15217391304348,41.0,44,94,50,75,0,E6,20,20,0.0,0.3,0,20
cbba,1060,default,161,20,20,69.9,3,4,56.5,33.0,99,45,517,2639,123,E6,20,20,0.0,0.3,0,20
claim,1061,default,188,20,20,92.25,7,4,81.0625,48.333333333333336,194,29,33,33,0,E6,20,20,0.0,0.3,0,20
mas,1061,default,185,20,20,88.6,5,4,75.52083333333333,39.333333333333336,141,28,63,95,0,E6,20,20,0.0,0.3,0,20
mas_iterative,1061,default,191,20,20,86.55,5,4,73.83333333333333,39.0,155,64,56,84,0,E6,20,20,0.0,0.3,0,20
cbba,1061,default,203,20,20,83.7,4,4,70.66666666666667,31.333333333333332,189,60,589,3065,140,E6,20,20,0.0,0.3,0,20
claim,1062,default,227,20,20,122.45,11,4,108.66101694915254,50.0,331,39,35,35,0,E6,20,20,0.0,0.3,0,20
mas,1062,default,184,20,20,96.9,4,4,86.40677966101696,41.4,88,83,56,84,0,E6,20,20,0.0,0.3,0,20
mas_iterative,1062,default,199,20,20,95.75,6,4,85.27118644067797,39.6,118,111,56,84,0,E6,20,20,0.0,0.3,0,20
cbba,1062,default,190,20,20,97.25,4,4,86.57627118644068,40.8,104,92,504,2756,120,E6,20,20,0.0,0.3,0,20
claim,1063,default,228,20,20,120.0,9,4,100.0377358490566,50.4,421,71,38,38,0,E6,20,20,0.0,0.3,0,20
mas,1063,default,192,20,20,85.9,5,4,71.45283018867924,42.2,197,136,66,99,0,E6,20,20,0.0,0.3,0,20
mas_iterative,1063,default,201,20,20,85.8,5,4,71.24528301886792,35.8,189,162,62,93,0,E6,20,20,0.0,0.3,0,20
cbba,1063,default,203,20,20,83.7,5,4,70.0,33.8,188,152,562,3050,134,E6,20,20,0.0,0.3,0,20
claim,1064,default,179,20,20,82.05,4,4,69.07142857142857,48.833333333333336,139,107,25,25,0,E6,20,20,0.0,0.3,0,20
mas,1064,default,156,20,20,75.85,3,4,63.160714285714285,46.666666666666664,108,35,54,81,0,E6,20,20,0.0,0.3,0,20
mas_iterative,1064,default,164,20,20,76.9,5,4,63.214285714285715,46.333333333333336,125,81,56,84,0,E6,20,20,0.0,0.3,0,20
cbba,1064,default,149,20,20,70.75,2,4,58.25,41.166666666666664,89,21,517,2779,123,E6,20,20,0.0,0.3,0,20
claim,1065,default,189,20,20,95.9,10,4,80.79166666666667,38.0,239,116,36,36,0,E6,20,20,0.0,0.3,0,20
mas,1065,default,161,20,20,82.45,8,4,69.5625,40.333333333333336,182,63,64,96,0,E6,20,20,0.0,0.3,0,20
mas_iterative,1065,default,158,20,20,82.2,7,4,69.125,31.666666666666668,157,84,64,96,0,E6,20,20,0.0,0.3,0,20
cbba,1065,default,160,20,20,81.0,6,4,68.04166666666667,31.666666666666668,135,88,421,2287,98,E6,20,20,0.0,0.3,0,20
claim,1066,default,209,20,20,96.4,11,4,77.0,41.285714285714285,328,30,34,34,0,E6,20,20,0.0,0.3,0,20
mas,1066,default,185,20,20,84.5,7,4,68.43636363636364,41.42857142857143,214,47,60,90,0,E6,20,20,0.0,0.3,0,20
mas_iterative,1066,default,185,20,20,84.3,7,4,68.2,41.285714285714285,216,46,62,93,0,E6,20,20,0.0,0.3,0,20
cbba,1066,default,168,20,20,83.45,7,4,67.89090909090909,41.285714285714285,159,51,508,2742,120,E6,20,20,0.0,0.3,0,20
claim,1067,default,243,20,20,120.2,10,4,98.52083333333333,41.0,329,111,34,34,0,E6,20,20,0.0,0.3,0,20
mas,1067,default,220,20,20,105.3,5,4,86.79166666666667,35.5,189,123,60,90,0,E6,20,20,0.0,0.3,0,20
mas_iterative,1067,default,219,20,20,104.95,5,4,86.47916666666667,35.25,188,119,64,96,0,E6,20,20,0.0,0.3,0,20
cbba,1067,default,214,20,20,101.1,7,4,83.35416666666667,35.5,169,122,515,2815,122,E6,20,20,0.0,0.3,0,20
claim,1068,default,332,20,20,112.25,12,4,88.87037037037037,38.0,781,43,47,47,0,E6,20,20,0.0,0.3,0,20
mas,1068,default,233,20,20,98.85,10,4,81.92592592592592,38.0,321,108,74,111,0,E6,20,20,0.0,0.3,0,20
mas_iterative,1068,default,219,20,20,95.15,8,4,80.18518518518519,38.0,216,131,66,99,0,E6,20,20,0.0,0.3,0,20
cbba,1068,default,202,20,20,78.7,6,4,64.5,28.2,211,58,497,2531,117,E6,20,20,0.0,0.3,0,20
claim,1069,default,241,20,20,107.25,15,4,86.63461538461539,44.6,423,86,38,38,0,E6,20,20,0.0,0.3,0,20
mas,1069,default,213,20,20,102.25,11,4,83.65384615384616,37.0,290,104,76,114,0,E6,20,20,0.0,0.3,0,20
mas_iterative,1069,default,213,20,20,102.15,11,4,83.5576923076923,36.8,291,103,76,114,0,E6,20,20,0.0,0.3,0,20
cbba,1069,default,216,20,20,96.25,11,4,77.88461538461539,33.8,323,108,370,1912,83,E6,20,20,0.0,0.3,0,20
claim,1070,default,190,20,20,94.7,6,4,82.11475409836065,47.57142857142857,147,100,26,26,0,E6,20,20,0.0,0.3,0,20
mas,1070,default,176,20,20,86.0,4,4,74.55737704918033,43.285714285714285,111,53,55,83,0,E6,20,20,0.0,0.3,0,20
mas_iterative,1070,default,175,20,20,85.75,4,4,74.31147540983606,43.0,111,50,55,83,0,E6,20,20,0.0,0.3,0,20
cbba,1070,default,176,20,20,84.25,2,4,72.73770491803279,40.0,60,106,643,3563,155,E6,20,20,0.0,0.3,0,20
claim,1071,default,222,20,20,113.25,7,4,89.50980392156863,39.4,223,129,29,29,0,E6,20,20,0.0,0.3,0,20
mas,1071,default,222,20,20,113.25,7,4,89.50980392156863,39.4,223,129,58,87,0,E6,20,20,0.0,0.3,0,20
mas_iterative,1071,default,222,20,20,113.25,7,4,89.50980392156863,39.4,223,129,58,87,0,E6,20,20,0.0,0.3,0,20
cbba,1071,default,203,20,20,98.05,8,4,76.37254901960785,33.4,172,128,457,2477,107,E6,20,20,0.0,0.3,0,20
claim,1072,default,325,20,20,131.55,10,4,117.67272727272727,62.75,817,45,49,49,0,E6,20,20,0.0,0.3,0,20
mas,1072,default,190,20,20,87.1,7,4,78.74545454545455,40.0,234,104,75,114,0,E6,20,20,0.0,0.3,0,20
mas_iterative,1072,default,198,20,20,87.8,8,4,79.05454545454545,39.25,223,94,71,107,0,E6,20,20,0.0,0.3,0,20
cbba,1072,default,140,20,20,69.7,3,4,63.21818181818182,34.5,43,82,531,2897,127,E6,20,20,0.0,0.3,0,20
claim,1073,default,189,20,20,103.35,8,4,87.20408163265306,39.0,183,98,29,29,0,E6,20,20,0.0,0.3,0,20
mas,1073,default,189,20,20,103.35,8,4,87.20408163265306,39.0,183,98,58,87,0,E6,20,20,0.0,0.3,0,20
mas_iterative,1073,default,189,20,20,103.35,8,4,87.20408163265306,39.0,183,98,58,87,0,E6,20,20,0.0,0.3,0,20
cbba,1073,default,191,20,20,96.6,6,4,79.0,39.0,171,131,520,2832,123,E6,20,20,0.0,0.3,0,20
claim,1074,default,177,20,20,96.55,5,4,81.90384615384616,44.6,156,55,28,28,0,E6,20,20,0.0,0.3,0,20
mas,1074,default,181,20,20,95.35,6,4,81.46153846153847,44.6,158,69,56,84,0,E6,20,20,0.0,0.3,0,20
mas_iterative,1074,default,174,20,20,95.05,4,4,81.1923076923077,44.6,125,64,54,81,0,E6,20,20,0.0,0.3,0,20
cbba,1074,default,149,20,20,81.6,3,4,69.07692307692308,43.6,68,33,579,3079,139,E6,20,20,0.0,0.3,0,20
claim,1075,default,207,20,20,110.1,6,4,86.61702127659575,43.0,218,63,28,28,0,E6,20,20,0.0,0.3,0,20
mas,1075,default,216,20,20,99.1,5,4,77.53191489361703,35.666666666666664,182,108,58,87,0,E6,20,20,0.0,0.3,0,20
mas_iterative,1075,default,215,20,20,98.6,5,4,77.14893617021276,35.333333333333336,180,106,60,90,0,E6,20,20,0.0,0.3,0,20
cbba,1075,default,202,20,20,94.6,4,4,75.08510638297872,35.333333333333336,99,134,540,2906,129,E6,20,20,0.0,0.3,0,20
claim,1076,default,225,20,20,116.3,10,4,89.97916666666667,44.0,334,35,39,39,0,E6,20,20,0.0,0.3,0,20
mas,1076,default,218,20,20,103.75,6,4,83.54166666666667,43.4,192,108,64,96,0,E6,20,20,0.0,0.3,0,20
mas_iterative,1076,default,230,20,20,108.2,7,4,85.85416666666667,43.4,278,73,70,105,0,E6,20,20,0.0,0.3,0,20
cbba,1076,default,220,20,20,109.7,8,4,85.20833333333333,37.2,249,31,646,3426,153,E6,20,20,0.0,0.3,0,20
claim,1077,default,196,20,20,96.9,6,4,77.63636363636364,46.625,174,67,28,28,0,E6,20,20,0.0,0.3,0,20
mas,1077,default,180,20,20,85.8,4,4,67.98181818181818,42.25,94,110,61,92,0,E6,20,20,0.0,0.3,0,20
mas_iterative,1077,default,180,20,20,85.4,4,4,67.58181818181818,41.875,97,106,63,95,0,E6,20,20,0.0,0.3,0,20
cbba,1077,default,175,20,20,83.85,5,4,66.47272727272727,41.875,84,103,490,2674,116,E6,20,20,0.0,0.3,0,20
claim,1078,default,221,20,20,109.35,9,4,85.76086956521739,40.666666666666664,274,108,31,31,0,E6,20,20,0.0,0.3,0,20
mas,1078,default,188,20,20,91.5,6,4,72.73913043478261,40.666666666666664,155,107,60,90,0,E6,20,20,0.0,0.3,0,20
mas_iterative,1078,default,192,20,20,88.45,6,4,70.28260869565217,40.333333333333336,178,106,68,103,0,E6,20,20,0.0,0.3,0,20
cbba,1078,default,195,20,20,90.3,7,4,71.28260869565217,40.333333333333336,182,96,453,2431,106,E6,20,20,0.0,0.3,0,20
claim,1079,default,263,20,20,119.35,14,4,91.06,38.5,509,83,41,41,0,E6,20,20,0.0,0.3,0,20
mas,1079,default,199,20,20,104.0,11,4,81.18,32.0,304,48,82,123,0,E6,20,20,0.0,0.3,0,20
mas_iterative,1079,default,219,20,20,100.85,10,4,79.22,31.75,317,97,84,126,0,E6,20,20,0.0,0.3,0,20
cbba,1079,default,180,20,20,94.0,9,4,71.98,28.5,188,30,494,2536,115,E6,20,20,0.0,0.3,0,20
claim,1080,default,190,20,20,90.15,8,4,76.4888888888889,36.0,208,74,28,28,0,E6,20,20,0.0,0.3,0,20
mas,1080,default,179,20,20,79.05,5,4,67.06666666666666,35.333333333333336,159,86,59,89,0,E6,20,20,0.0,0.3,0,20
mas_iterative,1080,default,165,20,20,73.6,3,4,63.266666666666666,35.666666666666664,93,83,56,84,0,E6,20,20,0.0,0.3,0,20
cbba,1080,default,159,20,20,72.7,2,4,62.733333333333334,35.666666666666664,71,81,439,2335,104,E6,20,20,0.0,0.3,0,20
claim,1081,default,195,20,20,91.8,7,4,74.12765957446808,29.333333333333332,242,28,32,32,0,E6,20,20,0.0,0.3,0,20
mas,1081,default,167,20,20,87.45,5,4,71.0,29.333333333333332,123,33,52,78,0,E6,20,20,0.0,0.3,0,20
mas_iterative,1081,default,167,20,20,87.45,5,4,71.0,29.333333333333332,123,33,52,78,0,E6,20,20,0.0,0.3,0,20
cbba,1081,default,164,20,20,77.45,3,4,62.91489361702128,29.333333333333332,59,97,635,3449,153,E6,20,20,0.0,0.3,0,20
claim,1082,default,182,20,20,97.5,9,4,77.91666666666667,35.25,167,55,32,32,0,E6,20,20,0.0,0.3,0,20
mas,1082,default,205,20,20,98.4,10,4,78.79166666666667,35.25,183,149,70,105,0,E6,20,20,0.0,0.3,0,20
mas_iterative,1082,default,174,20,20,89.6,6,4,71.4375,32.0,104,83,58,87,0,E6,20,20,0.0,0.3,0,20
cbba,1082,default,217,20,20,99.2,10,4,77.375,35.25,276,136,442,2254,102,E6,20,20,0.0,0.3,0,20
claim,1083,default,266,20,20,112.4,12,4,88.24444444444444,35.75,483,80,40,40,0,E6,20,20,0.0,0.3,0,20
mas,1083,default,227,20,20,106.85,10,4,85.77777777777777,35.75,339,78,76,114,0,E6,20,20,0.0,0.3,0,20
mas_iterative,1083,default,227,20,20,106.8,10,4,85.75555555555556,35.75,340,77,76,114,0,E6,20,20,0.0,0.3,0,20
cbba,1083,default,212,20,20,96.35,6,4,73.42222222222222,29.75,295,97,380,1928,87,E6,20,20,0.0,0.3,0,20
claim,1084,default,209,20,20,105.4,7,4,92.57142857142857,51.666666666666664,165,134,27,27,0,E6,20,20,0.0,0.3,0,20
mas,1084,default,187,20,20,91.85,3,4,80.21428571428571,44.666666666666664,79,106,50,75,0,E6,20,20,0.0,0.3,0,20
mas_iterative,1084,default,183,20,20,93.35,3,4,81.07142857142857,44.333333333333336,96,90,50,75,0,E6,20,20,0.0,0.3,0,20
cbba,1084,default,177,20,20,83.25,2,4,72.125,37.5,13,89,550,2950,132,E6,20,20,0.0,0.3,0,20
claim,1085,default,165,20,20,85.8,5,4,74.03921568627452,40.75,99,66,26,26,0,E6,20,20,0.0,0.3,0,20
mas,1085,default,146,20,20,74.3,4,4,61.411764705882355,32.0,61,50,54,81,0,E6,20,20,0.0,0.3,0,20
mas_iterative,1085,default,147,20,20,74.9,4,4,61.88235294117647,31.75,67,30,56,84,0,E6,20,20,0.0,0.3,0,20
cbba,1085,default,166,20,20,73.1,5,4,60.490196078431374,31.75,75,126,545,2939,130,E6,20,20,0.0,0.3,0,20
claim,1086,default,198,20,20,89.6,7,4,74.5625,39.25,195,137,30,30,0,E6,20,20,0.0,0.3,0,20
mas,1086,default,198,20,20,89.6,7,4,74.5625,39.25,195,137,60,90,0,E6,20,20,0.0,0.3,0,20
mas_iterative,1086,default,198,20,20,89.6,7,4,74.5625,39.25,195,137,60,90,0,E6,20,20,0.0,0.3,0,20
cbba,1086,default,183,20,20,80.95,5,4,66.85416666666667,33.75,121,136,621,3375,148,E6,20,20,0.0,0.3,0,20
claim,1087,default,173,20,20,79.25,9,4,67.5609756097561,30.0,236,33,35,35,0,E6,20,20,0.0,0.3,0,20
mas,1087,default,184,20,20,74.1,8,4,62.34146341463415,30.0,208,114,67,101,0,E6,20,20,0.0,0.3,0,20
mas_iterative,1087,default,164,20,20,75.65,9,4,63.24390243902439,30.0,171,32,72,108,0,E6,20,20,0.0,0.3,0,20
cbba,1087,default,192,20,20,76.85,9,4,64.02439024390245,30.0,304,51,607,3271,143,E6,20,20,0.0,0.3,0,20
claim,1088,default,247,20,20,107.9,8,4,87.8913043478261,49.0,526,38,41,41,0,E6,20,20,0.0,0.3,0,20
mas,1088,default,172,20,20,87.95,3,4,73.08695652173913,45.25,132,105,57,86,0,E6,20,20,0.0,0.3,0,20
mas_iterative,1088,default,171,20,20,87.0,4,4,72.30434782608695,45.0,169,65,59,89,0,E6,20,20,0.0,0.3,0,20
cbba,1088,default,147,20,20,71.35,3,4,57.26086956521739,35.75,49,100,495,2649,118,E6,20,20,0.0,0.3,0,20
claim,1090,default,228,20,20,111.0,12,4,88.53846153846153,27.0,371,66,41,41,0,E6,20,20,0.0,0.3,0,20
mas,1090,default,196,20,20,95.4,8,4,78.61538461538461,27.0,172,125,64,96,0,E6,20,20,0.0,0.3,0,20
mas_iterative,1090,default,197,20,20,97.25,6,4,80.8974358974359,27.0,180,112,54,81,0,E6,20,20,0.0,0.3,0,20
cbba,1090,default,197,20,20,97.25,6,4,80.8974358974359,27.0,180,112,510,2730,121,E6,20,20,0.0,0.3,0,20
claim,1091,default,243,20,20,111.0,8,4,91.51063829787235,47.0,363,29,33,33,0,E6,20,20,0.0,0.3,0,20
mas,1091,default,187,20,20,100.5,3,4,83.80851063829788,40.0,94,82,57,86,0,E6,20,20,0.0,0.3,0,20
mas_iterative,1091,default,185,20,20,99.95,3,4,83.36170212765957,39.5,95,74,57,86,0,E6,20,20,0.0,0.3,0,20
cbba,1091,default,188,20,20,98.05,4,4,80.12765957446808,39.5,145,59,638,3582,153,E6,20,20,0.0,0.3,0,20
claim,1092,default,237,20,20,119.5,11,4,106.90384615384616,37.666666666666664,392,146,39,39,0,E6,20,20,0.0,0.3,0,20
mas,1092,default,199,20,20,104.3,9,4,94.15384615384616,37.666666666666664,236,33,73,110,0,E6,20,20,0.0,0.3,0,20
mas_iterative,1092,default,179,20,20,108.45,9,4,96.59615384615384,37.666666666666664,264,42,75,113,0,E6,20,20,0.0,0.3,0,20
cbba,1092,default,162,20,20,81.8,6,4,72.28846153846153,28.0,142,84,389,1959,90,E6,20,20,0.0,0.3,0,20
claim,1093,default,204,20,20,108.05,8,4,91.76923076923077,35.0,270,34,30,30,0,E6,20,20,0.0,0.3,0,20
mas,1093,default,171,20,20,90.55,6,4,76.8076923076923,35.333333333333336,119,50,54,81,0,E6,20,20,0.0,0.3,0,20
mas_iterative,1093,default,201,20,20,95.75,7,4,80.59615384615384,35.333333333333336,197,91,66,99,0,E6,20,20,0.0,0.3,0,20
cbba,1093,default,166,20,20,82.1,4,4,70.34615384615384,27.666666666666668,65,75,468,2492,111,E6,20,20,0.0,0.3,0,20
claim,1094,default,250,20,20,129.7,10,4,113.77358490566037,51.333333333333336,435,52,36,36,0,E6,20,20,0.0,0.3,0,20
mas,1094,default,205,20,20,99.1,6,4,85.71698113207547,30.333333333333332,198,78,63,95,0,E6,20,20,0.0,0.3,0,20
mas_iterative,1094,default,216,20,20,104.7,9,4,89.69811320754717,29.666666666666668,241,72,63,95,0,E6,20,20,0.0,0.3,0,20
cbba,1094,default,210,20,20,93.25,7,4,79.05660377358491,29.666666666666668,203,94,510,2784,120,E6,20,20,0.0,0.3,0,20
claim,1095,default,193,20,20,96.05,5,4,83.21052631578948,43.666666666666664,154,134,27,27,0,E6,20,20,0.0,0.3,0,20
mas,1095,default,183,20,20,90.8,4,4,79.52631578947368,43.666666666666664,162,70,58,87,0,E6,20,20,0.0,0.3,0,20
mas_iterative,1095,default,183,20,20,90.65,4,4,79.3859649122807,43.666666666666664,162,70,58,87,0,E6,20,20,0.0,0.3,0,20
cbba,1095,default,182,20,20,88.15,4,4,76.47368421052632,37.0,138,85,438,2232,103,E6,20,20,0.0,0.3,0,20
claim,1096,default,294,20,20,163.1,12,4,125.75,45.8,523,71,42,42,0,E6,20,20,0.0,0.3,0,20
mas,1096,default,226,20,20,116.0,5,4,88.58333333333333,38.6,205,116,68,102,0,E6,20,20,0.0,0.3,0,20
mas_iterative,1096,default,225,20,20,115.45,5,4,88.10416666666667,38.4,208,109,68,102,0,E6,20,20,0.0,0.3,0,20
cbba,1096,default,208,20,20,104.85,5,4,80.4375,38.4,138,109,371,1909,86,E6,20,20,0.0,0.3,0,20
claim,1097,default,178,20,20,94.05,4,4,74.06818181818181,38.0,97,80,24,24,0,E6,20,20,0.0,0.3,0,20
mas,1097,default,199,20,20,103.7,4,4,82.02272727272727,39.0,133,119,58,87,0,E6,20,20,0.0,0.3,0,20
mas_iterative,1097,default,192,20,20,92.5,5,4,70.93181818181819,32.25,158,92,56,84,0,E6,20,20,0.0,0.3,0,20
cbba,1097,default,216,20,20,108.6,5,4,85.68181818181819,39.0,200,123,527,2759,125,E6,20,20,0.0,0.3,0,20
claim,1098,default,250,20,20,121.35,11,4,97.88235294117646,44.166666666666664,346,81,37,37,0,E6,20,20,0.0,0.3,0,20
mas,1098,default,242,20,20,116.85,7,4,94.96078431372548,44.166666666666664,287,92,68,102,0,E6,20,20,0.0,0.3,0,20
mas_iterative,1098,default,241,20,20,116.65,7,4,94.84313725490196,44.166666666666664,287,88,66,99,0,E6,20,20,0.0,0.3,0,20
cbba,1098,default,241,20,20,116.65,7,4,94.84313725490196,44.166666666666664,283,91,515,2583,121,E6,20,20,0.0,0.3,0,20
claim,1099,default,205,20,20,111.55,7,4,89.7872340425532,39.666666666666664,232,111,29,29,0,E6,20,20,0.0,0.3,0,20
mas,1099,default,171,20,20,86.3,4,4,70.51063829787235,38.666666666666664,126,61,58,87,0,E6,20,20,0.0,0.3,0,20
mas_iterative,1099,default,170,20,20,85.3,4,4,69.68085106382979,38.666666666666664,146,38,56,84,0,E6,20,20,0.0,0.3,0,20
cbba,1099,default,170,20,20,85.3,4,4,69.68085106382979,38.666666666666664,146,38,553,2867,132,E6,20,20,0.0,0.3,0,20
claim,1101,default,233,20,20,117.9,7,4,92.9795918367347,49.8,212,128,29,29,0,E6,20,20,0.0,0.3,0,20
mas,1101,default,194,20,20,102.25,5,4,81.18367346938776,49.8,106,49,52,78,0,E6,20,20,0.0,0.3,0,20
mas_iterative,1101,default,194,20,20,102.0,5,4,80.95918367346938,49.8,106,49,54,81,0,E6,20,20,0.0,0.3,0,20
cbba,1101,default,191,20,20,96.9,5,4,75.53061224489795,42.2,85,88,581,3165,139,E6,20,20,0.0,0.3,0,20
claim,1102,default,222,20,20,103.35,11,4,87.10169491525424,51.166666666666664,357,86,38,38,0,E6,20,20,0.0,0.3,0,20
mas,1102,default,168,20,20,81.6,6,4,70.79661016949153,41.333333333333336,129,83,63,95,0,E6,20,20,0.0,0.3,0,20
mas_iterative,1102,default,172,20,20,81.45,5,4,70.15254237288136,40.833333333333336,102,120,58,87,0,E6,20,20,0.0,0.3,0,20
cbba,1102,default,187,20,20,89.4,7,4,75.84745762711864,40.666666666666664,201,51,534,2838,126,E6,20,20,0.0,0.3,0,20
claim,1103,default,206,20,20,114.9,7,4,100.87037037037037,43.5,211,66,30,30,0,E6,20,20,0.0,0.3,0,20
mas,1103,default,211,20,20,107.95,9,4,93.0,40.0,292,56,70,105,0,E6,20,20,0.0,0.3,0,20
mas_iterative,1103,default,211,20,20,107.9,9,4,92.94444444444444,40.0,292,58,64,96,0,E6,20,20,0.0,0.3,0,20
cbba,1103,default,160,20,20,82.4,4,4,70.98148148148148,33.75,54,79,384,1988,90,E6,20,20,0.0,0.3,0,20
claim,1104,default,210,20,20,96.9,7,4,77.32608695652173,34.5,185,142,28,28,0,E6,20,20,0.0,0.3,0,20
mas,1104,default,190,20,20,86.9,4,4,69.84782608695652,34.5,102,127,50,75,0,E6,20,20,0.0,0.3,0,20
mas_iterative,1104,default,190,20,20,86.7,4,4,69.65217391304348,34.5,103,126,52,78,0,E6,20,20,0.0,0.3,0,20
cbba,1104,default,167,20,20,84.25,2,4,67.65217391304348,29.75,97,28,479,2611,114,E6,20,20,0.0,0.3,0,20
claim,1106,default,269,20,20,140.7,10,4,116.69811320754717,56.8,493,84,38,38,0,E6,20,20,0.0,0.3,0,20
mas,1106,default,226,20,20,111.4,10,4,91.88679245283019,43.4,306,83,74,111,0,E6,20,20,0.0,0.3,0,20
mas_iterative,1106,default,219,20,20,106.6,9,4,88.88679245283019,43.2,265,110,75,113,0,E6,20,20,0.0,0.3,0,20
cbba,1106,default,241,20,20,104.5,9,4,84.98113207547169,39.2,289,153,502,2694,117,E6,20,20,0.0,0.3,0,20
claim,1107,default,150,20,20,77.2,5,4,68.42857142857143,47.0,127,36,25,25,0,E6,20,20,0.0,0.3,0,20
mas,1107,default,137,20,20,65.6,1,4,57.83673469387755,35.5,40,53,56,84,0,E6,20,20,0.0,0.3,0,20
mas_iterative,1107,default,135,20,20,64.3,0,4,56.69387755102041,35.0,0,84,48,72,0,E6,20,20,0.0,0.3,0,20
cbba,1107,default,135,20,20,64.3,0,4,56.69387755102041,35.0,0,84,556,2956,134,E6,20,20,0.0,0.3,0,20
claim,1108,default,255,20,20,120.9,11,4,99.72222222222223,38.2,371,158,39,39,0,E6,20,20,0.0,0.3,0,20
mas,1108,default,246,20,20,108.05,11,4,90.62962962962963,38.2,330,158,75,113,0,E6,20,20,0.0,0.3,0,20
mas_iterative,1108,default,245,20,20,107.25,12,4,90.03703703703704,38.2,379,98,83,125,0,E6,20,20,0.0,0.3,0,20
cbba,1108,default,194,20,20,92.05,9,4,77.5925925925926,38.2,224,97,496,2600,116,E6,20,20,0.0,0.3,0,20
claim,1109,default,254,20,20,95.45,8,4,74.34883720930233,33.5,506,54,35,35,0,E6,20,20,0.0,0.3,0,20
mas,1109,default,183,20,20,79.35,4,4,65.13953488372093,33.5,138,87,57,86,0,E6,20,20,0.0,0.3,0,20
mas_iterative,1109,default,196,20,20,82.25,4,4,67.46511627906976,33.5,157,118,56,84,0,E6,20,20,0.0,0.3,0,20
cbba,1109,default,180,20,20,78.75,3,4,64.5813953488372,33.5,136,79,629,3329,151,E6,20,20,0.0,0.3,0,20
claim,1110,default,210,20,20,96.0,9,4,83.45901639344262,46.714285714285715,273,63,32,32,0,E6,20,20,0.0,0.3,0,20
mas,1110,default,191,20,20,90.05,7,4,78.52459016393442,42.142857142857146,181,65,68,102,0,E6,20,20,0.0,0.3,0,20
mas_iterative,1110,default,190,20,20,92.7,7,4,80.34426229508196,41.714285714285715,172,72,58,87,0,E6,20,20,0.0,0.3,0,20
cbba,1110,default,183,20,20,86.2,7,4,74.11475409836065,39.42857142857143,163,61,632,3378,151,E6,20,20,0.0,0.3,0,20
claim,1111,default,255,20,20,118.55,13,4,91.92,42.2,468,110,44,44,0,E6,20,20,0.0,0.3,0,20
mas,1111,default,198,20,20,97.4,11,4,78.74,42.8,243,91,74,111,0,E6,20,20,0.0,0.3,0,20
mas_iterative,1111,default,209,20,20,94.3,11,4,74.66,41.8,281,81,76,114,0,E6,20,20,0.0,0.3,0,20
cbba,1111,default,190,20,20,99.1,11,4,80.1,42.6,203,72,372,1864,84,E6,20,20,0.0,0.3,0,20
claim,1112,default,277,20,20,169.6,13,4,144.26666666666668,41.0,594,42,46,46,0,E6,20,20,0.0,0.3,0,20
mas,1112,default,198,20,20,95.95,5,4,81.35555555555555,40.5,194,92,58,87,0,E6,20,20,0.0,0.3,0,20
mas_iterative,1112,default,181,20,20,94.6,5,4,80.53333333333333,40.0,176,31,58,87,0,E6,20,20,0.0,0.3,0,20
cbba,1112,default,182,20,20,94.35,6,4,78.4,38.0,154,106,546,2872,130,E6,20,20,0.0,0.3,0,20
claim,1113,default,257,20,20,121.55,13,4,92.49056603773585,43.8,507,67,45,45,0,E6,20,20,0.0,0.3,0,20
mas,1113,default,183,20,20,90.05,6,4,71.50943396226415,43.0,154,27,62,93,0,E6,20,20,0.0,0.3,0,20
mas_iterative,1113,default,181,20,20,88.75,5,4,70.54716981132076,42.4,160,81,60,90,0,E6,20,20,0.0,0.3,0,20
cbba,1113,default,172,20,20,78.25,2,4,62.283018867924525,36.6,68,77,610,3292,147,E6,20,20,0.0,0.3,0,20
claim,1114,default,231,20,20,108.95,8,4,85.17307692307692,55.833333333333336,288,71,32,32,0,E6,20,20,0.0,0.3,0,20
mas,1114,default,210,20,20,96.9,5,4,76.57692307692308,55.5,161,121,56,84,0,E6,20,20,0.0,0.3,0,20
mas_iterative,1114,default,209,20,20,96.55,5,4,76.28846153846153,55.5,161,117,56,84,0,E6,20,20,0.0,0.3,0,20
cbba,1114,default,189,20,20,87.2,5,4,66.71153846153847,41.166666666666664,121,43,505,2687,120,E6,20,20,0.0,0.3,0,20
claim,1115,default,220,20,20,110.2,9,4,87.47916666666667,51.2,330,138,36,36,0,E6,20,20,0.0,0.3,0,20
mas,1115,default,198,20,20,80.55,13,4,61.958333333333336,35.4,259,92,79,119,0,E6,20,20,0.0,0.3,0,20
mas_iterative,1115,default,199,20,20,80.35,13,4,61.604166666666664,35.0,262,92,79,119,0,E6,20,20,0.0,0.3,0,20
cbba,1115,default,161,20,20,75.65,8,4,57.666666666666664,34.4,180,40,431,2269,100,E6,20,20,0.0,0.3,0,20
claim,1116,default,198,20,20,91.55,9,4,72.07142857142857,27.5,351,51,35,35,0,E6,20,20,0.0,0.3,0,20
mas,1116,default,161,20,20,84.5,7,4,68.35714285714286,27.5,179,88,63,95,0,E6,20,20,0.0,0.3,0,20
mas_iterative,1116,default,161,20,20,84.35,7,4,68.28571428571429,27.5,180,87,63,95,0,E6,20,20,0.0,0.3,0,20
cbba,1116,default,167,20,20,84.85,7,4,69.83333333333333,27.5,194,96,336,1648,76,E6,20,20,0.0,0.3,0,20
claim,1117,default,247,20,20,97.5,12,4,77.64150943396227,37.2,510,39,43,43,0,E6,20,20,0.0,0.3,0,20
mas,1117,default,183,20,20,84.6,10,4,67.86792452830188,32.0,233,75,70,105,0,E6,20,20,0.0,0.3,0,20
mas_iterative,1117,default,184,20,20,83.4,9,4,67.28301886792453,31.8,163,126,64,96,0,E6,20,20,0.0,0.3,0,20
cbba,1117,default,169,20,20,78.1,7,4,63.943396226415096,31.8,114,131,504,2692,119,E6,20,20,0.0,0.3,0,20
claim,1118,default,232,20,20,119.15,8,4,100.86792452830188,51.5,253,46,31,31,0,E6,20,20,0.0,0.3,0,20
mas,1118,default,199,20,20,94.6,3,4,79.37735849056604,42.25,96,83,54,81,0,E6,20,20,0.0,0.3,0,20
mas_iterative,1118,default,203,20,20,95.15,4,4,79.71698113207547,45.25,79,68,58,87,0,E6,20,20,0.0,0.3,0,20
cbba,1118,default,198,20,20,93.8,3,4,78.67924528301887,42.0,93,82,520,2702,124,E6,20,20,0.0,0.3,0,20
claim,1119,default,247,20,20,105.15,10,4,88.55102040816327,39.0,430,95,36,36,0,E6,20,20,0.0,0.3,0,20
mas,1119,default,181,20,20,80.55,4,4,68.36734693877551,27.5,132,87,54,81,0,E6,20,20,0.0,0.3,0,20
mas_iterative,1119,default,181,20,20,80.85,5,4,67.65306122448979,27.0,178,56,62,93,0,E6,20,20,0.0,0.3,0,20
cbba,1119,default,177,20,20,79.9,5,4,67.12244897959184,27.0,108,73,557,2943,133,E6,20,20,0.0,0.3,0,20
claim,1120,default,177,20,20,87.0,4,4,76.1590909090909,50.5,108,101,25,25,0,E6,20,20,0.0,0.3,0,20
mas,1120,default,173,20,20,80.65,4,4,68.31818181818181,38.5,88,114,56,84,0,E6,20,20,0.0,0.3,0,20
mas_iterative,1120,default,152,20,20,76.65,4,4,66.0909090909091,38.0,55,32,56,84,0,E6,20,20,0.0,0.3,0,20
cbba,1120,default,169,20,20,76.05,2,4,65.3409090909091,38.0,50,123,618,3284,149,E6,20,20,0.0,0.3,0,20
claim,1121,default,237,20,20,103.05,8,4,82.23913043478261,43.5,304,73,33,33,0,E6,20,20,0.0,0.3,0,20
mas,1121,default,237,20,20,103.05,8,4,82.23913043478261,43.5,299,81,65,98,0,E6,20,20,0.0,0.3,0,20
mas_iterative,1121,default,237,20,20,103.05,8,4,82.23913043478261,43.5,299,81,65,98,0,E6,20,20,0.0,0.3,0,20
cbba,1121,default,209,20,20,101.35,8,4,79.73913043478261,42.75,219,31,691,3811,165,E6,20,20,0.0,0.3,0,20
claim,1123,default,173,20,20,89.05,9,4,73.27083333333333,38.8,168,41,30,30,0,E6,20,20,0.0,0.3,0,20
mas,1123,default,192,20,20,84.75,5,4,67.75,31.4,278,30,66,99,0,E6,20,20,0.0,0.3,0,20
mas_iterative,1123,default,192,20,20,84.6,5,4,67.52083333333333,31.0,280,28,66,99,0,E6,20,20,0.0,0.3,0,20
cbba,1123,default,155,20,20,80.7,3,4,65.64583333333333,31.0,73,71,457,2389,108,E6,20,20,0.0,0.3,0,20
claim,1124,default,161,20,20,87.75,7,4,75.92592592592592,34.0,188,43,30,30,0,E6,20,20,0.0,0.3,0,20
mas,1124,default,166,20,20,78.55,6,4,67.79629629629629,34.0,122,103,60,90,0,E6,20,20,0.0,0.3,0,20
mas_iterative,1124,default,165,20,20,78.45,6,4,67.68518518518519,34.0,123,97,62,93,0,E6,20,20,0.0,0.3,0,20
cbba,1124,default,165,20,20,78.45,6,4,67.68518518518519,34.0,123,97,504,2760,119,E6,20,20,0.0,0.3,0,20
claim,1125,default,223,20,20,117.8,10,4,94.95744680851064,36.0,326,78,34,34,0,E6,20,20,0.0,0.3,0,20
mas,1125,default,193,20,20,86.9,6,4,67.85106382978724,28.0,172,46,64,96,0,E6,20,20,0.0,0.3,0,20
mas_iterative,1125,default,215,20,20,90.4,8,4,69.51063829787235,27.666666666666668,218,101,70,105,0,E6,20,20,0.0,0.3,0,20
cbba,1125,default,213,20,20,88.7,6,4,68.25531914893617,27.666666666666668,190,153,629,3439,150,E6,20,20,0.0,0.3,0,20
claim,1126,default,165,20,20,78.65,8,4,63.84,45.0,190,83,30,30,0,E6,20,20,0.0,0.3,0,20
mas,1126,default,145,20,20,74.3,6,4,60.98,45.0,136,53,60,90,0,E6,20,20,0.0,0.3,0,20
mas_iterative,1126,default,145,20,20,74.2,6,4,60.86,45.0,137,52,60,90,0,E6,20,20,0.0,0.3,0,20
cbba,1126,default,143,20,20,71.5,7,4,57.44,41.75,119,57,459,2461,108,E6,20,20,0.0,0.3,0,20
claim,1127,default,192,20,20,101.1,10,4,88.08163265306122,28.333333333333332,252,76,35,35,0,E6,20,20,0.0,0.3,0,20
mas,1127,default,179,20,20,96.8,7,4,84.59183673469387,28.333333333333332,204,68,66,99,0,E6,20,20,0.0,0.3,0,20
mas_iterative,1127,default,178,20,20,96.7,7,4,84.48979591836735,28.333333333333332,205,63,66,99,0,E6,20,20,0.0,0.3,0,20
cbba,1127,default,171,20,20,86.3,8,4,76.16326530612245,28.333333333333332,155,80,422,2218,98,E6,20,20,0.0,0.3,0,20
claim,1128,default,201,20,20,97.6,7,4,79.1086956521739,33.333333333333336,227,101,30,30,0,E6,20,20,0.0,0.3,0,20
mas,1128,default,166,20,20,86.35,2,4,69.52173913043478,33.333333333333336,101,75,50,75,0,E6,20,20,0.0,0.3,0,20
mas_iterative,1128,default,165,20,20,85.9,2,4,69.19565217391305,33.333333333333336,99,73,52,78,0,E6,20,20,0.0,0.3,0,20
cbba,1128,default,164,20,20,84.7,5,4,68.41304347826087,33.333333333333336,114,62,537,2933,128,E6,20,20,0.0,0.3,0,20
claim,1129,default,188,20,20,102.45,8,4,89.42857142857143,27.0,208,31,34,34,0,E6,20,20,0.0,0.3,0,20
mas,1129,default,191,20,20,95.05,8,4,82.71428571428571,27.0,163,69,66,99,0,E6,20,20,0.0,0.3,0,20
mas_iterative,1129,default,190,20,20,94.9,8,4,82.59183673469387,27.0,164,64,66,99,0,E6,20,20,0.0,0.3,0,20
cbba,1129,default,188,20,20,86.8,4,4,75.38775510204081,27.0,131,88,535,2819,127,E6,20,20,0.0,0.3,0,20
claim,1130,default,182,20,20,89.5,4,4,76.08928571428571,45.0,92,96,24,24,0,E6,20,20,0.0,0.3,0,20
mas,1130,default,178,20,20,82.75,2,4,69.5,38.6,65,98,48,72,0,E6,20,20,0.0,0.3,0,20
mas_iterative,1130,default,165,20,20,81.6,1,4,68.80357142857143,38.2,29,81,48,72,0,E6,20,20,0.0,0.3,0,20
cbba,1130,default,166,20,20,75.4,1,4,63.464285714285715,39.4,26,99,513,2723,123,E6,20,20,0.0,0.3,0,20
claim,1131,default,190,20,20,101.4,5,4,86.55932203389831,57.625,197,109,28,28,0,E6,20,20,0.0,0.3,0,20
mas,1131,default,188,20,20,98.8,4,4,83.7457627118644,53.5,183,100,56,84,0,E6,20,20,0.0,0.3,0,20
mas_iterative,1131,default,179,20,20,92.6,4,4,79.0677966101695,52.75,138,91,57,86,0,E6,20,20,0.0,0.3,0,20
cbba,1131,default,186,20,20,89.25,5,4,74.08474576271186,46.625,150,130,411,2173,96,E6,20,20,0.0,0.3,0,20
claim,1132,default,198,20,20,100.25,8,4,86.41509433962264,38.666666666666664,204,26,30,30,0,E6,20,20,0.0,0.3,0,20
mas,1132,default,149,20,20,77.05,1,4,67.30188679245283,36.333333333333336,8,76,54,81,0,E6,20,20,0.0,0.3,0,20
mas_iterative,1132,default,155,20,20,78.9,2,4,69.26415094339623,35.666666666666664,32,85,52,78,0,E6,20,20,0.0,0.3,0,20
cbba,1132,default,152,20,20,78.75,2,4,68.98113207547169,35.666666666666664,38,78,474,2506,113,E6,20,20,0.0,0.3,0,20
claim,1133,default,183,20,20,93.8,7,4,79.86792452830188,36.0,204,34,29,29,0,E6,20,20,0.0,0.3,0,20
mas,1133,default,168,20,20,81.85,3,4,69.90566037735849,35.75,104,76,56,84,0,E6,20,20,0.0,0.3,0,20
mas_iterative,1133,default,168,20,20,81.2,3,4,69.35849056603773,35.5,77,82,52,78,0,E6,20,20,0.0,0.3,0,20
cbba,1133,default,180,20,20,82.6,6,4,69.56603773584905,35.25,136,97,664,3634,159,E6,20,20,0.0,0.3,0,20
claim,1134,default,182,20,20,91.85,7,4,80.12244897959184,28.5,190,56,29,29,0,E6,20,20,0.0,0.3,0,20
mas,1134,default,173,20,20,90.0,4,4,78.9795918367347,28.5,105,91,54,81,0,E6,20,20,0.0,0.3,0,20
mas_iterative,1134,default,171,20,20,79.4,4,4,68.42857142857143,28.5,92,81,58,87,0,E6,20,20,0.0,0.3,0,20
cbba,1134,default,192,20,20,90.9,6,4,78.57142857142857,28.5,165,124,504,2638,119,E6,20,20,0.0,0.3,0,20
claim,1135,default,232,20,20,111.4,10,4,90.5625,45.6,331,97,37,37,0,E6,20,20,0.0,0.3,0,20
mas,1135,default,213,20,20,91.95,8,4,74.70833333333333,38.0,224,100,68,102,0,E6,20,20,0.0,0.3,0,20
mas_iterative,1135,default,212,20,20,91.45,8,4,74.25,37.8,223,100,68,102,0,E6,20,20,0.0,0.3,0,20
cbba,1135,default,186,20,20,97.1,5,4,79.14583333333333,37.8,189,75,462,2530,108,E6,20,20,0.0,0.3,0,20
claim,1136,default,244,20,20,132.75,13,4,110.70588235294117,62.2,442,34,38,38,0,E6,20,20,0.0,0.3,0,20
mas,1136,default,195,20,20,99.0,6,4,82.3529411764706,45.2,148,74,62,93,0,E6,20,20,0.0,0.3,0,20
mas_iterative,1136,default,200,20,20,98.8,8,4,81.74509803921569,44.8,156,108,64,96,0,E6,20,20,0.0,0.3,0,20
cbba,1136,default,203,20,20,100.05,8,4,81.03921568627452,40.4,215,51,614,3310,146,E6,20,20,0.0,0.3,0,20
claim,1137,default,204,20,20,101.25,12,4,80.76595744680851,38.75,302,31,35,35,0,E6,20,20,0.0,0.3,0,20
mas,1137,default,219,20,20,99.1,8,4,77.87234042553192,38.75,233,114,70,106,0,E6,20,20,0.0,0.3,0,20
mas_iterative,1137,default,219,20,20,98.95,8,4,77.74468085106383,38.75,235,112,70,106,0,E6,20,20,0.0,0.3,0,20
cbba,1137,default,195,20,20,89.75,7,4,70.91489361702128,32.0,150,132,504,2644,119,E6,20,20,0.0,0.3,0,20
claim,1138,default,181,20,20,90.35,8,4,79.29629629629629,39.5,156,72,30,30,0,E6,20,20,0.0,0.3,0,20
mas,1138,default,163,20,20,86.3,5,4,75.62962962962963,37.0,116,62,50,75,0,E6,20,20,0.0,0.3,0,20
mas_iterative,1138,default,163,20,20,86.3,5,4,75.62962962962963,37.0,116,62,50,75,0,E6,20,20,0.0,0.3,0,20
cbba,1138,default,169,20,20,80.1,5,4,69.98148148148148,37.0,77,131,581,3157,139,E6,20,20,0.0,0.3,0,20
claim,1139,default,238,20,20,113.75,12,4,94.33333333333333,48.0,462,54,44,44,0,E6,20,20,0.0,0.3,0,20
mas,1139,default,187,20,20,95.8,9,4,82.5,39.5,225,71,77,116,0,E6,20,20,0.0,0.3,0,20
mas_iterative,1139,default,178,20,20,91.9,7,4,78.14814814814815,38.75,195,38,62,93,0,E6,20,20,0.0,0.3,0,20
cbba,1139,default,148,20,20,80.2,5,4,69.05555555555556,38.0,101,31,502,2696,119,E6,20,20,0.0,0.3,0,20
claim,1140,default,189,20,20,84.65,5,4,69.64583333333333,36.25,213,53,31,31,0,E6,20,20,0.0,0.3,0,20
mas,1140,default,189,20,20,84.65,5,4,69.64583333333333,36.25,172,93,62,93,0,E6,20,20,0.0,0.3,0,20
mas_iterative,1140,default,189,20,20,84.65,5,4,69.64583333333333,36.25,172,93,62,93,0,E6,20,20,0.0,0.3,0,20
cbba,1140,default,160,20,20,79.3,6,4,64.97916666666667,36.25,137,25,609,3311,145,E6,20,20,0.0,0.3,0,20
claim,1141,default,234,20,20,109.2,9,4,88.65454545454546,55.0,351,88,33,33,0,E6,20,20,0.0,0.3,0,20
mas,1141,default,179,20,20,94.35,6,4,78.7090909090909,52.375,128,47,54,81,0,E6,20,20,0.0,0.3,0,20
mas_iterative,1141,default,179,20,20,94.3,6,4,78.63636363636364,52.25,129,46,54,81,0,E6,20,20,0.0,0.3,0,20
cbba,1141,default,177,20,20,91.05,5,4,76.30909090909091,50.625,128,45,482,2514,114,E6,20,20,0.0,0.3,0,20
claim,1142,default,196,20,20,101.85,5,4,86.44,40.25,182,63,28,28,0,E6,20,20,0.0,0.3,0,20
mas,1142,default,193,20,20,95.6,6,4,79.56,34.25,218,37,65,98,0,E6,20,20,0.0,0.3,0,20
mas_iterative,1142,default,192,20,20,94.95,6,4,79.02,34.0,217,34,65,98,0,E6,20,20,0.0,0.3,0,20
cbba,1142,default,170,20,20,95.4,4,4,80.58,34.0,81,30,573,3091,137,E6,20,20,0.0,0.3,0,20
claim,1143,default,217,20,20,103.25,9,4,78.88372093023256,42.0,296,52,34,34,0,E6,20,20,0.0,0.3,0,20
mas,1143,default,197,20,20,87.7,5,4,65.90697674418605,41.333333333333336,152,101,62,93,0,E6,20,20,0.0,0.3,0,20
mas_iterative,1143,default,208,20,20,88.7,9,4,66.02325581395348,41.0,220,82,74,111,0,E6,20,20,0.0,0.3,0,20
cbba,1143,default,220,20,20,91.35,7,4,67.72093023255815,40.666666666666664,219,103,447,2221,104,E6,20,20,0.0,0.3,0,20
claim,1144,default,266,20,20,147.7,11,4,118.25490196078431,58.5,481,113,40,40,0,E6,20,20,0.0,0.3,0,20
mas,1144,default,195,20,20,97.6,7,4,76.09803921568627,45.0,221,79,63,95,0,E6,20,20,0.0,0.3,0,20
mas_iterative,1144,default,188,20,20,98.9,7,4,76.54901960784314,44.666666666666664,192,80,70,106,0,E6,20,20,0.0,0.3,0,20
cbba,1144,default,177,20,20,83.85,6,4,65.09803921568627,37.5,107,83,571,3189,136,E6,20,20,0.0,0.3,0,20
claim,1145,default,218,20,20,107.35,11,4,86.30357142857143,51.375,322,96,34,34,0,E6,20,20,0.0,0.3,0,20
mas,1145,default,193,20,20,91.5,8,4,73.14285714285714,45.5,199,110,69,104,0,E6,20,20,0.0,0.3,0,20
mas_iterative,1145,default,194,20,20,88.05,8,4,70.53571428571429,45.25,193,112,65,98,0,E6,20,20,0.0,0.3,0,20
cbba,1145,default,178,20,20,82.55,5,4,65.44642857142857,40.25,120,99,512,2738,121,E6,20,20,0.0,0.3,0,20
claim,1146,default,230,20,20,107.55,11,4,93.18181818181819,46.25,388,31,35,35,0,E6,20,20,0.0,0.3,0,20
mas,1146,default,197,20,20,93.8,6,4,81.21818181818182,35.25,151,132,64,96,0,E6,20,20,0.0,0.3,0,20
mas_iterative,1146,default,171,20,20,86.15,4,4,75.01818181818182,34.5,77,89,56,84,0,E6,20,20,0.0,0.3,0,20
cbba,1146,default,160,20,20,82.5,4,4,72.56363636363636,34.5,57,68,460,2494,109,E6,20,20,0.0,0.3,0,20
claim,1147,default,197,20,20,105.45,8,4,85.63829787234043,38.666666666666664,216,66,30,30,0,E6,20,20,0.0,0.3,0,20
mas,1147,default,192,20,20,100.65,7,4,82.7872340425532,38.666666666666664,176,61,58,87,0,E6,20,20,0.0,0.3,0,20
mas_iterative,1147,default,192,20,20,100.55,7,4,82.70212765957447,38.666666666666664,177,60,58,87,0,E6,20,20,0.0,0.3,0,20
cbba,1147,default,220,20,20,102.85,6,4,83.82978723404256,38.666666666666664,222,132,557,2985,132,E6,20,20,0.0,0.3,0,20
claim,1149,default,193,20,20,93.4,12,4,79.67307692307692,42.0,303,47,37,37,0,E6,20,20,0.0,0.3,0,20
mas,1149,default,166,20,20,86.9,7,4,75.92307692307692,42.0,129,103,56,84,0,E6,20,20,0.0,0.3,0,20
mas_iterative,1149,default,166,20,20,86.8,7,4,75.88461538461539,42.0,129,103,56,84,0,E6,20,20,0.0,0.3,0,20
cbba,1149,default,156,20,20,72.75,4,4,62.55769230769231,41.666666666666664,78,132,542,2916,129,E6,20,20,0.0,0.3,0,20
claim,1150,default,200,20,20,99.05,10,4,78.60416666666667,39.6,227,132,33,33,0,E6,20,20,0.0,0.3,0,20
mas,1150,default,158,20,20,77.9,4,4,62.291666666666664,30.0,68,59,58,87,0,E6,20,20,0.0,0.3,0,20
mas_iterative,1150,default,167,20,20,79.3,4,4,62.791666666666664,29.2,66,52,60,90,0,E6,20,20,0.0,0.3,0,20
cbba,1150,default,163,20,20,79.5,4,4,63.125,29.2,93,80,453,2399,107,E6,20,20,0.0,0.3,0,20
claim,1152,default,246,20,20,124.0,11,4,99.0,42.75,461,50,39,39,0,E6,20,20,0.0,0.3,0,20
mas,1152,default,194,20,20,100.05,9,4,82.3125,42.75,198,82,62,93,0,E6,20,20,0.0,0.3,0,20
mas_iterative,1152,default,194,20,20,99.8,9,4,82.08333333333333,42.75,201,80,62,93,0,E6,20,20,0.0,0.3,0,20
cbba,1152,default,188,20,20,92.7,7,4,74.72916666666667,36.25,180,28,646,3494,154,E6,20,20,0.0,0.3,0,20
claim,1153,default,239,20,20,133.35,9,4,114.94339622641509,51.4,276,114,31,31,0,E6,20,20,0.0,0.3,0,20
mas,1153,default,213,20,20,106.8,3,4,89.49056603773585,42.2,120,126,57,86,0,E6,20,20,0.0,0.3,0,20
mas_iterative,1153,default,213,20,20,106.15,3,4,88.64150943396227,41.8,121,135,52,78,0,E6,20,20,0.0,0.3,0,20
cbba,1153,default,191,20,20,98.6,1,4,83.22641509433963,41.8,55,101,430,2236,102,E6,20,20,0.0,0.3,0,20
claim,1155,default,199,20,20,93.4,7,4,71.75,40.0,176,115,28,28,0,E6,20,20,0.0,0.3,0,20
mas,1155,default,178,20,20,88.35,4,4,69.5,40.0,101,92,56,84,0,E6,20,20,0.0,0.3,0,20
mas_iterative,1155,default,182,20,20,87.7,4,4,68.8125,40.0,111,83,52,78,0,E6,20,20,0.0,0.3,0,20
cbba,1155,default,182,20,20,87.7,4,4,68.8125,40.0,111,83,573,3087,137,E6,20,20,0.0,0.3,0,20
claim,1156,default,221,20,20,122.95,8,4,109.14893617021276,30.0,262,43,32,32,0,E6,20,20,0.0,0.3,0,20
mas,1156,default,193,20,20,105.15,6,4,92.57446808510639,30.0,166,89,56,84,0,E6,20,20,0.0,0.3,0,20
mas_iterative,1156,default,223,20,20,108.15,10,4,94.68085106382979,30.0,281,113,68,102,0,E6,20,20,0.0,0.3,0,20
cbba,1156,default,186,20,20,97.35,7,4,85.97872340425532,29.0,159,82,400,2102,93,E6,20,20,0.0,0.3,0,20
claim,1157,default,192,20,20,102.15,8,4,86.0625,35.666666666666664,182,76,31,31,0,E6,20,20,0.0,0.3,0,20
mas,1157,default,188,20,20,100.9,8,4,84.52083333333333,38.333333333333336,168,51,58,87,0,E6,20,20,0.0,0.3,0,20
mas_iterative,1157,default,188,20,20,100.75,8,4,84.39583333333333,38.333333333333336,168,51,58,87,0,E6,20,20,0.0,0.3,0,20
cbba,1157,default,195,20,20,102.35,7,4,81.60416666666667,29.666666666666668,181,93,653,3575,156,E6,20,20,0.0,0.3,0,20
claim,1000,default,178,20,20,88.6,9,4,72.73913043478261,32.0,199,95,33,33,0,E6,20,20,0.0,0.5,0,1
mas,1000,default,219,20,20,101.7,13,4,79.54347826086956,27.666666666666668,350,100,96,144,0,E6,20,20,0.0,0.5,0,1
mas_iterative,1000,default,189,20,20,86.0,9,4,68.15217391304348,27.333333333333332,211,39,68,102,0,E6,20,20,0.0,0.5,0,1
cbba,1000,default,162,20,20,72.3,4,4,58.23913043478261,27.333333333333332,80,114,381,1967,89,E6,20,20,0.0,0.5,0,1
claim,1001,default,259,20,20,116.35,13,4,96.05357142857143,40.4,527,91,43,43,0,E6,20,20,0.0,0.5,0,1
mas,1001,default,203,20,20,96.6,8,4,82.625,40.4,226,133,68,102,0,E6,20,20,0.0,0.5,0,1
mas_iterative,1001,default,231,20,20,99.1,10,4,84.26785714285714,40.4,437,37,82,123,0,E6,20,20,0.0,0.5,0,1
cbba,1001,default,183,20,20,90.55,9,4,78.73214285714286,40.4,231,78,425,2273,98,E6,20,20,0.0,0.5,0,1
claim,1002,default,198,20,20,100.25,11,4,80.80434782608695,47.0,295,38,38,38,0,E6,20,20,0.0,0.5,0,1
mas,1002,default,198,20,20,100.25,11,4,80.80434782608695,47.0,295,38,76,114,0,E6,20,20,0.0,0.5,0,1
mas_iterative,1002,default,198,20,20,100.25,11,4,80.80434782608695,47.0,295,38,76,114,0,E6,20,20,0.0,0.5,0,1
cbba,1002,default,206,20,20,100.8,12,4,81.04347826086956,47.0,298,44,448,2372,103,E6,20,20,0.0,0.5,0,1
claim,1003,default,205,20,20,100.45,9,4,76.83333333333333,44.666666666666664,322,87,36,36,0,E6,20,20,0.0,0.5,0,1
mas,1003,default,171,20,20,81.55,9,4,63.791666666666664,41.166666666666664,208,43,74,111,0,E6,20,20,0.0,0.5,0,1
mas_iterative,1003,default,150,20,20,74.35,3,4,58.479166666666664,37.666666666666664,53,83,58,87,0,E6,20,20,0.0,0.5,0,1
cbba,1003,default,150,20,20,74.35,3,4,58.479166666666664,37.666666666666664,53,83,425,2227,100,E6,20,20,0.0,0.5,0,1
claim,1004,default,213,20,20,113.15,12,4,92.80851063829788,40.0,329,34,38,38,0,E6,20,20,0.0,0.5,0,1
mas,1004,default,213,20,20,113.15,12,4,92.80851063829788,40.0,329,34,76,114,0,E6,20,20,0.0,0.5,0,1
mas_iterative,1004,default,213,20,20,113.15,12,4,92.80851063829788,40.0,329,34,76,114,0,E6,20,20,0.0,0.5,0,1
cbba,1004,default,210,20,20,98.25,10,4,81.02127659574468,29.0,303,66,567,3065,133,E6,20,20,0.0,0.5,0,1
claim,1005,default,188,20,20,91.55,9,4,78.72727272727273,47.666666666666664,288,31,35,35,0,E6,20,20,0.0,0.5,0,1
mas,1005,default,204,20,20,92.35,9,4,79.30909090909091,47.666666666666664,293,115,64,96,0,E6,20,20,0.0,0.5,0,1
mas_iterative,1005,default,204,20,20,92.35,9,4,79.30909090909091,47.666666666666664,293,115,64,96,0,E6,20,20,0.0,0.5,0,1
cbba,1005,default,151,20,20,68.7,6,4,59.527272727272724,38.5,103,100,448,2426,105,E6,20,20,0.0,0.5,0,1
claim,1006,default,210,20,20,103.4,15,4,84.38461538461539,38.0,338,92,43,43,0,E6,20,20,0.0,0.5,0,1
mas,1006,default,220,20,20,95.05,12,4,75.87179487179488,38.0,439,41,89,134,0,E6,20,20,0.0,0.5,0,1
mas_iterative,1006,default,197,20,20,87.8,8,4,71.74358974358974,38.0,237,118,63,95,0,E6,20,20,0.0,0.5,0,1
cbba,1006,default,197,20,20,87.8,8,4,71.74358974358974,38.0,237,118,498,2610,117,E6,20,20,0.0,0.5,0,1
claim,1007,default,190,20,20,96.05,10,4,81.75555555555556,33.0,319,58,39,39,0,E6,20,20,0.0,0.5,0,1
mas,1007,default,168,20,20,92.25,12,4,79.77777777777777,33.0,261,37,82,123,0,E6,20,20,0.0,0.5,0,1
mas_iterative,1007,default,166,20,20,81.95,12,4,69.4888888888889,33.0,226,32,74,111,0,E6,20,20,0.0,0.5,0,1
cbba,1007,default,156,20,20,86.9,10,4,75.02222222222223,28.0,199,41,388,2000,88,E6,20,20,0.0,0.5,0,1
claim,1008,default,256,20,20,116.65,15,4,96.0,36.25,489,87,45,45,0,E6,20,20,0.0,0.5,0,1
mas,1008,default,240,20,20,114.7,13,4,95.22,36.25,429,58,94,141,0,E6,20,20,0.0,0.5,0,1
mas_iterative,1008,default,232,20,20,108.6,13,4,90.98,36.25,396,84,86,129,0,E6,20,20,0.0,0.5,0,1
cbba,1008,default,235,20,20,115.5,12,4,96.12,36.25,411,86,415,2041,94,E6,20,20,0.0,0.5,0,1
claim,1009,default,236,20,20,121.05,11,4,97.55319148936171,38.0,324,101,36,36,0,E6,20,20,0.0,0.5,0,1
mas,1009,default,257,20,20,109.8,9,4,85.80851063829788,27.666666666666668,395,74,91,137,0,E6,20,20,0.0,0.5,0,1
mas_iterative,1009,default,227,20,20,102.95,9,4,80.25531914893617,27.333333333333332,307,40,78,117,0,E6,20,20,0.0,0.5,0,1
cbba,1009,default,219,20,20,104.15,7,4,80.74468085106383,27.333333333333332,280,68,440,2322,102,E6,20,20,0.0,0.5,0,1
claim,1010,default,280,20,20,125.55,11,4,107.0377358490566,57.6,628,39,43,43,0,E6,20,20,0.0,0.5,0,1
mas,1010,default,258,20,20,117.95,13,4,100.84905660377359,55.4,431,77,90,135,0,E6,20,20,0.0,0.5,0,1
mas_iterative,1010,default,216,20,20,112.25,9,4,96.58490566037736,54.4,335,76,75,113,0,E6,20,20,0.0,0.5,0,1
cbba,1010,default,231,20,20,101.75,11,4,83.39622641509433,40.4,412,101,386,1920,86,E6,20,20,0.0,0.5,0,1
claim,1011,default,249,20,20,113.4,14,4,87.70370370370371,39.4,536,49,47,47,0,E6,20,20,0.0,0.5,0,1
mas,1011,default,216,20,20,100.05,12,4,81.37037037037037,39.4,319,103,80,120,0,E6,20,20,0.0,0.5,0,1
mas_iterative,1011,default,236,20,20,103.05,13,4,82.64814814814815,39.4,389,117,88,132,0,E6,20,20,0.0,0.5,0,1
cbba,1011,default,212,20,20,97.65,11,4,79.87037037037037,39.4,307,126,576,3104,135,E6,20,20,0.0,0.5,0,1
claim,1012,default,174,20,20,88.7,9,4,78.20754716981132,40.2,169,124,30,30,0,E6,20,20,0.0,0.5,0,1
mas,1012,default,191,20,20,90.8,14,4,79.54716981132076,40.2,260,35,78,117,0,E6,20,20,0.0,0.5,0,1
mas_iterative,1012,default,169,20,20,89.25,9,4,78.67924528301887,40.2,218,28,66,99,0,E6,20,20,0.0,0.5,0,1
cbba,1012,default,169,20,20,89.25,9,4,78.67924528301887,40.2,218,28,468,2392,109,E6,20,20,0.0,0.5,0,1
claim,1013,default,181,20,20,100.6,9,4,85.21951219512195,nan,243,50,31,31,0,E6,20,20,0.0,0.5,0,1
mas,1013,default,181,20,20,100.6,9,4,85.21951219512195,nan,243,50,62,93,0,E6,20,20,0.0,0.5,0,1
mas_iterative,1013,default,181,20,20,100.6,9,4,85.21951219512195,nan,243,50,62,93,0,E6,20,20,0.0,0.5,0,1
cbba,1013,default,182,20,20,79.35,6,4,68.82926829268293,nan,162,80,381,1953,88,E6,20,20,0.0,0.5,0,1
claim,1014,default,254,20,20,105.75,11,4,85.88,28.5,507,38,42,42,0,E6,20,20,0.0,0.5,0,1
mas,1014,default,180,20,20,91.45,6,4,77.68,28.5,187,40,57,86,0,E6,20,20,0.0,0.5,0,1
mas_iterative,1014,default,179,20,20,91.35,5,4,77.64,28.5,165,57,55,83,0,E6,20,20,0.0,0.5,0,1
cbba,1014,default,181,20,20,86.8,1,4,74.64,28.5,58,123,402,2160,95,E6,20,20,0.0,0.5,0,1
claim,1015,default,212,20,20,108.7,11,4,93.92,34.0,287,32,36,36,0,E6,20,20,0.0,0.5,0,1
mas,1015,default,220,20,20,107.4,12,4,92.38,34.0,332,39,85,128,0,E6,20,20,0.0,0.5,0,1
mas_iterative,1015,default,222,20,20,99.55,8,4,86.48,34.0,295,107,72,108,0,E6,20,20,0.0,0.5,0,1
cbba,1015,default,202,20,20,93.3,6,4,81.86,34.0,220,25,381,1977,88,E6,20,20,0.0,0.5,0,1
claim,1016,default,179,20,20,93.8,11,4,75.18,43.333333333333336,223,109,32,32,0,E6,20,20,0.0,0.5,0,1
mas,1016,default,166,20,20,93.1,11,4,74.9,43.333333333333336,250,32,72,108,0,E6,20,20,0.0,0.5,0,1
mas_iterative,1016,default,163,20,20,92.3,10,4,74.58,43.333333333333336,200,69,64,96,0,E6,20,20,0.0,0.5,0,1
cbba,1016,default,170,20,20,92.55,12,4,74.22,43.333333333333336,191,75,573,3089,135,E6,20,20,0.0,0.5,0,1
claim,1017,default,196,20,20,109.55,9,4,94.0576923076923,41.666666666666664,288,43,35,35,0,E6,20,20,0.0,0.5,0,1
mas,1017,default,242,20,20,103.45,11,4,88.32692307692308,41.666666666666664,312,191,70,105,0,E6,20,20,0.0,0.5,0,1
mas_iterative,1017,default,242,20,20,103.45,11,4,88.32692307692308,41.666666666666664,312,191,70,105,0,E6,20,20,0.0,0.5,0,1
cbba,1017,default,179,20,20,86.3,7,4,75.25,44.333333333333336,155,114,440,2364,103,E6,20,20,0.0,0.5,0,1
claim,1018,default,243,20,20,131.1,13,4,99.63636363636364,32.666666666666664,411,36,40,40,0,E6,20,20,0.0,0.5,0,1
mas,1018,default,308,20,20,131.3,14,4,100.0909090909091,32.666666666666664,601,53,96,144,0,E6,20,20,0.0,0.5,0,1
mas_iterative,1018,default,246,20,20,107.3,9,4,83.04545454545455,32.666666666666664,341,42,78,117,0,E6,20,20,0.0,0.5,0,1
cbba,1018,default,242,20,20,121.1,10,4,93.38636363636364,32.666666666666664,269,137,441,2327,102,E6,20,20,0.0,0.5,0,1
claim,1019,default,222,20,20,117.2,11,4,99.98039215686275,32.0,379,39,37,37,0,E6,20,20,0.0,0.5,0,1
mas,1019,default,224,20,20,117.45,13,4,100.92156862745098,32.0,337,45,74,111,0,E6,20,20,0.0,0.5,0,1
mas_iterative,1019,default,224,20,20,117.45,13,4,100.92156862745098,32.0,337,45,74,111,0,E6,20,20,0.0,0.5,0,1
cbba,1019,default,205,20,20,98.7,11,4,83.25490196078431,32.0,304,34,486,2570,112,E6,20,20,0.0,0.5,0,1
claim,1020,default,271,20,20,130.6,15,4,103.47826086956522,28.5,562,46,48,48,0,E6,20,20,0.0,0.5,0,1
mas,1020,default,243,20,20,110.3,11,4,85.8695652173913,28.5,416,45,86,129,0,E6,20,20,0.0,0.5,0,1
mas_iterative,1020,default,293,20,20,148.05,11,4,113.78260869565217,28.5,590,72,92,138,0,E6,20,20,0.0,0.5,0,1
cbba,1020,default,321,20,20,150.2,12,4,114.71739130434783,28.5,734,50,344,1638,74,E6,20,20,0.0,0.5,0,1
claim,1021,default,158,20,20,82.1,2,4,68.6304347826087,35.666666666666664,59,68,22,22,0,E6,20,20,0.0,0.5,0,1
mas,1021,default,164,20,20,81.85,5,4,66.8695652173913,35.666666666666664,113,61,52,78,0,E6,20,20,0.0,0.5,0,1
mas_iterative,1021,default,152,20,20,76.05,1,4,63.130434782608695,35.666666666666664,29,69,44,66,0,E6,20,20,0.0,0.5,0,1
cbba,1021,default,152,20,20,76.05,1,4,63.130434782608695,35.666666666666664,29,69,421,2289,100,E6,20,20,0.0,0.5,0,1
claim,1022,default,187,20,20,94.85,4,4,81.17647058823529,41.5,117,106,24,24,0,E6,20,20,0.0,0.5,0,1
mas,1022,default,181,20,20,88.4,7,4,74.80392156862744,42.0,128,42,58,87,0,E6,20,20,0.0,0.5,0,1
mas_iterative,1022,default,197,20,20,84.35,6,4,70.23529411764706,41.0,241,58,66,99,0,E6,20,20,0.0,0.5,0,1
cbba,1022,default,182,20,20,88.7,6,4,74.23529411764706,36.25,180,25,485,2555,114,E6,20,20,0.0,0.5,0,1
claim,1023,default,275,20,20,123.1,12,4,102.09803921568627,38.0,542,38,42,42,0,E6,20,20,0.0,0.5,0,1
mas,1023,default,243,20,20,119.35,11,4,99.11764705882354,38.0,329,74,68,102,0,E6,20,20,0.0,0.5,0,1
mas_iterative,1023,default,231,20,20,114.25,10,4,96.3529411764706,38.0,288,81,72,108,0,E6,20,20,0.0,0.5,0,1
cbba,1023,default,229,20,20,112.25,10,4,91.43137254901961,29.0,325,35,547,2945,127,E6,20,20,0.0,0.5,0,1
claim,1024,default,282,20,20,151.25,12,4,127.20408163265306,54.333333333333336,504,169,44,44,0,E6,20,20,0.0,0.5,0,1
mas,1024,default,239,20,20,115.65,11,4,94.77551020408163,45.333333333333336,406,91,82,123,0,E6,20,20,0.0,0.5,0,1
mas_iterative,1024,default,229,20,20,114.8,11,4,95.20408163265306,39.333333333333336,369,45,78,117,0,E6,20,20,0.0,0.5,0,1
cbba,1024,default,193,20,20,100.7,9,4,83.28571428571429,29.0,210,101,402,2050,92,E6,20,20,0.0,0.5,0,1
claim,1025,default,224,20,20,119.4,11,4,93.3265306122449,40.75,388,112,41,41,0,E6,20,20,0.0,0.5,0,1
mas,1025,default,198,20,20,102.65,12,4,80.06122448979592,34.25,357,45,80,120,0,E6,20,20,0.0,0.5,0,1
mas_iterative,1025,default,178,20,20,88.25,9,4,68.91836734693878,33.75,262,35,68,102,0,E6,20,20,0.0,0.5,0,1
cbba,1025,default,153,20,20,69.7,5,4,56.48979591836735,37.75,130,88,412,2176,96,E6,20,20,0.0,0.5,0,1
claim,1026,default,242,20,20,131.55,13,4,108.11320754716981,46.333333333333336,437,38,42,42,0,E6,20,20,0.0,0.5,0,1
mas,1026,default,253,20,20,132.9,13,4,104.56603773584905,41.333333333333336,467,55,86,129,0,E6,20,20,0.0,0.5,0,1
mas_iterative,1026,default,275,20,20,132.8,13,4,104.0377358490566,41.166666666666664,519,41,94,141,0,E6,20,20,0.0,0.5,0,1
cbba,1026,default,214,20,20,104.3,7,4,86.16981132075472,40.5,245,92,499,2617,117,E6,20,20,0.0,0.5,0,1
claim,1027,default,280,20,20,149.8,13,4,119.29787234042553,54.5,629,42,46,46,0,E6,20,20,0.0,0.5,0,1
mas,1027,default,231,20,20,115.4,14,4,90.12765957446808,40.0,381,44,95,143,0,E6,20,20,0.0,0.5,0,1
mas_iterative,1027,default,215,20,20,106.2,10,4,84.63829787234043,35.5,314,82,75,113,0,E6,20,20,0.0,0.5,0,1
cbba,1027,default,238,20,20,106.55,9,4,82.93617021276596,32.25,417,32,416,2146,95,E6,20,20,0.0,0.5,0,1
claim,1028,default,300,20,20,172.65,13,4,142.6818181818182,43.0,593,56,46,46,0,E6,20,20,0.0,0.5,0,1
mas,1028,default,252,20,20,142.65,11,4,115.27272727272727,43.0,400,43,83,125,0,E6,20,20,0.0,0.5,0,1
mas_iterative,1028,default,296,20,20,145.9,12,4,116.27272727272727,43.0,549,38,89,134,0,E6,20,20,0.0,0.5,0,1
cbba,1028,default,231,20,20,113.1,11,4,88.61363636363636,42.0,369,36,512,2680,118,E6,20,20,0.0,0.5,0,1
claim,1030,default,272,20,20,131.35,14,4,97.85714285714286,43.5,523,56,49,49,0,E6,20,20,0.0,0.5,0,1
mas,1030,default,209,20,20,105.8,9,4,83.23809523809524,43.5,246,121,74,112,0,E6,20,20,0.0,0.5,0,1
mas_iterative,1030,default,232,20,20,111.1,13,4,85.9047619047619,43.5,452,39,95,144,0,E6,20,20,0.0,0.5,0,1
cbba,1030,default,232,20,20,111.1,13,4,85.9047619047619,43.5,452,39,503,2579,115,E6,20,20,0.0,0.5,0,1
claim,1031,default,250,20,20,124.25,14,4,100.10909090909091,50.142857142857146,460,40,44,44,0,E6,20,20,0.0,0.5,0,1
mas,1031,default,224,20,20,110.15,13,4,89.83636363636364,48.0,380,47,82,123,0,E6,20,20,0.0,0.5,0,1
mas_iterative,1031,default,227,20,20,111.15,14,4,90.52727272727273,48.0,379,36,82,123,0,E6,20,20,0.0,0.5,0,1
cbba,1031,default,206,20,20,103.65,9,4,85.58181818181818,48.0,323,30,550,2910,129,E6,20,20,0.0,0.5,0,1
claim,1032,default,239,20,20,123.45,13,4,96.82978723404256,34.0,454,58,42,42,0,E6,20,20,0.0,0.5,0,1
mas,1032,default,252,20,20,125.55,14,4,99.61702127659575,34.0,478,95,92,138,0,E6,20,20,0.0,0.5,0,1
mas_iterative,1032,default,193,20,20,87.55,9,4,70.61702127659575,33.5,277,31,70,105,0,E6,20,20,0.0,0.5,0,1
cbba,1032,default,203,20,20,98.2,11,4,76.06382978723404,33.5,314,54,426,2236,97,E6,20,20,0.0,0.5,0,1
claim,1033,default,263,20,20,116.0,9,4,96.33333333333333,50.4,341,152,35,35,0,E6,20,20,0.0,0.5,0,1
mas,1033,default,272,20,20,130.05,11,4,108.5925925925926,51.2,449,110,86,129,0,E6,20,20,0.0,0.5,0,1
mas_iterative,1033,default,255,20,20,110.2,10,4,90.35185185185185,45.2,325,136,74,111,0,E6,20,20,0.0,0.5,0,1
cbba,1033,default,234,20,20,106.35,11,4,88.75925925925925,45.2,309,115,572,3092,134,E6,20,20,0.0,0.5,0,1
claim,1034,default,250,20,20,112.1,13,4,86.44444444444444,48.5,395,116,40,40,0,E6,20,20,0.0,0.5,0,1
mas,1034,default,249,20,20,111.7,13,4,84.4,37.0,457,52,94,141,0,E6,20,20,0.0,0.5,0,1
mas_iterative,1034,default,256,20,20,114.85,14,4,86.73333333333333,36.5,396,120,92,138,0,E6,20,20,0.0,0.5,0,1
cbba,1034,default,224,20,20,101.5,11,4,78.57777777777778,36.5,342,61,537,2765,125,E6,20,20,0.0,0.5,0,1
claim,1035,default,278,20,20,129.65,14,4,110.27777777777777,41.2,577,56,48,48,0,E6,20,20,0.0,0.5,0,1
mas,1035,default,256,20,20,111.8,13,4,92.48148148148148,38.8,407,48,104,156,0,E6,20,20,0.0,0.5,0,1
mas_iterative,1035,default,203,20,20,101.2,9,4,86.83333333333333,41.2,266,43,76,114,0,E6,20,20,0.0,0.5,0,1
cbba,1035,default,192,20,20,96.95,7,4,82.0,36.0,220,57,505,2669,118,E6,20,20,0.0,0.5,0,1
claim,1036,default,301,20,20,160.45,14,4,125.6938775510204,44.25,627,43,47,47,0,E6,20,20,0.0,0.5,0,1
mas,1036,default,258,20,20,129.15,12,4,104.87755102040816,44.25,412,36,80,120,0,E6,20,20,0.0,0.5,0,1
mas_iterative,1036,default,288,20,20,144.8,13,4,112.06122448979592,44.5,478,139,90,135,0,E6,20,20,0.0,0.5,0,1
cbba,1036,default,237,20,20,125.2,11,4,99.89795918367346,35.25,342,54,435,2239,100,E6,20,20,0.0,0.5,0,1
claim,1037,default,285,20,20,108.1,9,4,81.23913043478261,43.2,542,39,43,43,0,E6,20,20,0.0,0.5,0,1
mas,1037,default,205,20,20,98.7,6,4,74.26086956521739,38.4,174,61,58,87,0,E6,20,20,0.0,0.5,0,1
mas_iterative,1037,default,179,20,20,88.0,1,4,68.45652173913044,38.2,29,115,44,66,0,E6,20,20,0.0,0.5,0,1
cbba,1037,default,179,20,20,88.0,1,4,68.45652173913044,38.2,29,115,425,2313,101,E6,20,20,0.0,0.5,0,1
claim,1038,default,246,20,20,98.95,9,4,80.89655172413794,43.833333333333336,330,160,38,38,0,E6,20,20,0.0,0.5,0,1
mas,1038,default,246,20,20,98.95,9,4,80.89655172413794,43.833333333333336,330,160,76,114,0,E6,20,20,0.0,0.5,0,1
mas_iterative,1038,default,246,20,20,98.95,9,4,80.89655172413794,43.833333333333336,330,160,76,114,0,E6,20,20,0.0,0.5,0,1
cbba,1038,default,196,20,20,93.9,8,4,79.15517241379311,43.833333333333336,192,111,512,2784,120,E6,20,20,0.0,0.5,0,1
claim,1039,default,217,20,20,103.45,9,4,85.14285714285714,41.166666666666664,266,84,30,30,0,E6,20,20,0.0,0.5,0,1
mas,1039,default,217,20,20,103.45,9,4,85.14285714285714,41.166666666666664,266,84,60,90,0,E6,20,20,0.0,0.5,0,1
mas_iterative,1039,default,217,20,20,103.45,9,4,85.14285714285714,41.166666666666664,266,84,60,90,0,E6,20,20,0.0,0.5,0,1
cbba,1039,default,243,20,20,101.75,11,4,84.10714285714286,41.166666666666664,421,61,564,2928,131,E6,20,20,0.0,0.5,0,1
claim,1040,default,200,20,20,109.15,13,4,93.10204081632654,46.0,332,37,41,41,0,E6,20,20,0.0,0.5,0,1
mas,1040,default,200,20,20,109.15,13,4,93.10204081632654,46.0,332,37,82,123,0,E6,20,20,0.0,0.5,0,1
mas_iterative,1040,default,200,20,20,109.15,13,4,93.10204081632654,46.0,332,37,82,123,0,E6,20,20,0.0,0.5,0,1
cbba,1040,default,177,20,20,100.15,9,4,85.08163265306122,46.0,195,67,405,2067,93,E6,20,20,0.0,0.5,0,1
claim,1041,default,229,20,20,112.05,13,4,90.02,36.5,352,77,42,42,0,E6,20,20,0.0,0.5,0,1
mas,1041,default,212,20,20,100.2,11,4,80.68,32.75,240,104,80,120,0,E6,20,20,0.0,0.5,0,1
mas_iterative,1041,default,205,20,20,97.75,12,4,77.9,32.5,304,35,80,120,0,E6,20,20,0.0,0.5,0,1
cbba,1041,default,230,20,20,98.05,10,4,77.7,32.5,298,142,540,2834,126,E6,20,20,0.0,0.5,0,1
claim,1042,default,225,20,20,102.5,16,4,82.07692307692308,38.2,381,93,42,42,0,E6,20,20,0.0,0.5,0,1
mas,1042,default,199,20,20,88.0,10,4,70.17307692307692,33.4,236,102,76,114,0,E6,20,20,0.0,0.5,0,1
mas_iterative,1042,default,211,20,20,90.95,11,4,71.36538461538461,33.2,310,78,84,126,0,E6,20,20,0.0,0.5,0,1
cbba,1042,default,180,20,20,79.75,9,4,64.26923076923077,31.8,130,144,495,2629,116,E6,20,20,0.0,0.5,0,1
claim,1043,default,244,20,20,121.3,16,4,90.3157894736842,31.0,493,44,48,48,0,E6,20,20,0.0,0.5,0,1
mas,1043,default,244,20,20,121.3,16,4,90.3157894736842,31.0,493,50,96,144,0,E6,20,20,0.0,0.5,0,1
mas_iterative,1043,default,244,20,20,121.3,16,4,90.3157894736842,31.0,493,50,96,144,0,E6,20,20,0.0,0.5,0,1
cbba,1043,default,244,20,20,121.3,16,4,90.3157894736842,31.0,493,50,571,3067,131,E6,20,20,0.0,0.5,0,1
claim,1044,default,223,20,20,108.65,13,4,90.38,45.5,380,38,42,42,0,E6,20,20,0.0,0.5,0,1
mas,1044,default,201,20,20,95.5,6,4,81.26,40.0,239,82,62,93,0,E6,20,20,0.0,0.5,0,1
mas_iterative,1044,default,176,20,20,84.4,5,4,72.16,39.5,107,108,58,87,0,E6,20,20,0.0,0.5,0,1
cbba,1044,default,176,20,20,84.4,5,4,72.16,39.5,107,108,382,2060,89,E6,20,20,0.0,0.5,0,1
claim,1045,default,293,20,20,130.45,13,4,102.82692307692308,37.75,584,42,46,46,0,E6,20,20,0.0,0.5,0,1
mas,1045,default,237,20,20,112.3,11,4,90.0,37.75,322,103,72,108,0,E6,20,20,0.0,0.5,0,1
mas_iterative,1045,default,218,20,20,108.95,8,4,88.6923076923077,37.75,296,35,64,96,0,E6,20,20,0.0,0.5,0,1
cbba,1045,default,242,20,20,109.15,9,4,89.34615384615384,37.75,355,85,393,1983,89,E6,20,20,0.0,0.5,0,1
claim,1046,default,297,20,20,153.95,8,4,129.8490566037736,60.4,497,181,39,39,0,E6,20,20,0.0,0.5,0,1
mas,1046,default,262,20,20,121.55,14,4,102.52830188679245,54.4,447,111,97,146,0,E6,20,20,0.0,0.5,0,1
mas_iterative,1046,default,272,20,20,123.8,11,4,101.86792452830188,52.4,558,41,92,138,0,E6,20,20,0.0,0.5,0,1
cbba,1046,default,258,20,20,113.25,11,4,94.05660377358491,45.2,360,181,487,2551,112,E6,20,20,0.0,0.5,0,1
claim,1047,default,248,20,20,124.4,15,4,95.06666666666666,43.0,513,45,49,49,0,E6,20,20,0.0,0.5,0,1
mas,1047,default,243,20,20,124.15,15,4,94.95555555555555,43.0,539,44,96,144,0,E6,20,20,0.0,0.5,0,1
mas_iterative,1047,default,243,20,20,124.15,15,4,94.95555555555555,43.0,539,44,96,144,0,E6,20,20,0.0,0.5,0,1
cbba,1047,default,203,20,20,98.85,11,4,80.93333333333334,43.0,306,70,463,2429,107,E6,20,20,0.0,0.5,0,1
claim,1048,default,318,20,20,164.55,14,4,138.3404255319149,56.0,622,168,48,48,0,E6,20,20,0.0,0.5,0,1
mas,1048,default,244,20,20,118.0,8,4,99.72340425531915,52.0,417,32,70,105,0,E6,20,20,0.0,0.5,0,1
mas_iterative,1048,default,273,20,20,135.5,12,4,113.85106382978724,52.0,503,73,84,126,0,E6,20,20,0.0,0.5,0,1
cbba,1048,default,217,20,20,104.25,10,4,88.42553191489361,45.0,298,77,529,2777,124,E6,20,20,0.0,0.5,0,1
claim,1049,default,283,20,20,132.8,15,4,114.6,39.333333333333336,506,133,43,43,0,E6,20,20,0.0,0.5,0,1
mas,1049,default,235,20,20,116.95,12,4,102.49090909090908,39.333333333333336,303,91,72,108,0,E6,20,20,0.0,0.5,0,1
mas_iterative,1049,default,235,20,20,115.6,13,4,100.94545454545455,39.333333333333336,294,53,76,114,0,E6,20,20,0.0,0.5,0,1
cbba,1049,default,267,20,20,120.65,12,4,104.50909090909092,39.333333333333336,404,122,615,3221,144,E6,20,20,0.0,0.5,0,1
claim,1050,default,272,20,20,115.15,11,4,89.875,44.5,571,41,45,45,0,E6,20,20,0.0,0.5,0,1
mas,1050,default,275,20,20,103.8,11,4,78.91666666666667,39.25,505,85,96,144,0,E6,20,20,0.0,0.5,0,1
mas_iterative,1050,default,264,20,20,115.9,10,4,86.89583333333333,38.75,463,128,97,146,0,E6,20,20,0.0,0.5,0,1
cbba,1050,default,264,20,20,115.9,10,4,86.89583333333333,38.75,463,128,394,2012,88,E6,20,20,0.0,0.5,0,1
claim,1051,default,254,20,20,133.85,16,4,106.42222222222222,38.5,483,41,45,45,0,E6,20,20,0.0,0.5,0,1
mas,1051,default,268,20,20,134.2,16,4,106.53333333333333,38.5,487,80,84,126,0,E6,20,20,0.0,0.5,0,1
mas_iterative,1051,default,239,20,20,120.15,9,4,96.31111111111112,38.5,420,34,78,117,0,E6,20,20,0.0,0.5,0,1
cbba,1051,default,205,20,20,102.95,7,4,82.13333333333334,28.0,232,98,484,2640,113,E6,20,20,0.0,0.5,0,1
claim,1052,default,268,20,20,128.35,11,4,104.52173913043478,41.0,522,96,41,41,0,E6,20,20,0.0,0.5,0,1
mas,1052,default,215,20,20,103.9,10,4,86.17391304347827,40.666666666666664,295,90,72,108,0,E6,20,20,0.0,0.5,0,1
mas_iterative,1052,default,213,20,20,107.2,8,4,90.04347826086956,40.333333333333336,253,76,62,93,0,E6,20,20,0.0,0.5,0,1
cbba,1052,default,220,20,20,111.6,6,4,90.8913043478261,33.666666666666664,255,129,502,2774,118,E6,20,20,0.0,0.5,0,1
claim,1053,default,233,20,20,107.25,12,4,88.50980392156863,41.8,423,36,40,40,0,E6,20,20,0.0,0.5,0,1
mas,1053,default,208,20,20,90.5,10,4,74.01960784313725,37.8,296,38,83,125,0,E6,20,20,0.0,0.5,0,1
mas_iterative,1053,default,228,20,20,114.05,9,4,92.2156862745098,37.6,370,101,95,143,0,E6,20,20,0.0,0.5,0,1
cbba,1053,default,228,20,20,114.05,9,4,92.2156862745098,37.6,370,101,358,1788,79,E6,20,20,0.0,0.5,0,1
claim,1054,default,227,20,20,107.45,10,4,91.4090909090909,41.0,317,33,34,34,0,E6,20,20,0.0,0.5,0,1
mas,1054,default,301,20,20,142.8,15,4,114.86363636363636,28.5,662,54,104,156,0,E6,20,20,0.0,0.5,0,1
mas_iterative,1054,default,245,20,20,106.7,10,4,88.22727272727273,28.0,331,100,74,111,0,E6,20,20,0.0,0.5,0,1
cbba,1054,default,195,20,20,87.95,5,4,73.75,28.0,162,59,423,2187,99,E6,20,20,0.0,0.5,0,1
claim,1055,default,212,20,20,114.5,14,4,98.50943396226415,44.25,379,40,44,44,0,E6,20,20,0.0,0.5,0,1
mas,1055,default,241,20,20,110.25,13,4,92.0754716981132,42.5,449,75,90,135,0,E6,20,20,0.0,0.5,0,1
mas_iterative,1055,default,203,20,20,95.2,11,4,81.9245283018868,44.25,280,88,74,111,0,E6,20,20,0.0,0.5,0,1
cbba,1055,default,196,20,20,100.65,10,4,85.88679245283019,43.5,246,68,526,2844,123,E6,20,20,0.0,0.5,0,1
claim,1056,default,227,20,20,97.9,9,4,78.56603773584905,44.4,439,35,39,39,0,E6,20,20,0.0,0.5,0,1
mas,1056,default,198,20,20,87.85,7,4,71.60377358490567,40.0,174,161,60,90,0,E6,20,20,0.0,0.5,0,1
mas_iterative,1056,default,155,20,20,78.75,1,4,66.28301886792453,39.8,31,101,44,66,0,E6,20,20,0.0,0.5,0,1
cbba,1056,default,155,20,20,78.75,1,4,66.28301886792453,39.8,31,101,373,1993,88,E6,20,20,0.0,0.5,0,1
claim,1057,default,241,20,20,128.35,13,4,105.80701754385964,47.166666666666664,425,75,41,41,0,E6,20,20,0.0,0.5,0,1
mas,1057,default,192,20,20,110.4,10,4,94.10526315789474,47.166666666666664,214,42,64,96,0,E6,20,20,0.0,0.5,0,1
mas_iterative,1057,default,192,20,20,110.4,10,4,94.10526315789474,47.166666666666664,214,42,64,96,0,E6,20,20,0.0,0.5,0,1
cbba,1057,default,213,20,20,92.6,7,4,78.36842105263158,41.166666666666664,204,158,493,2647,116,E6,20,20,0.0,0.5,0,1
claim,1058,default,309,20,20,147.55,15,4,121.68627450980392,41.0,676,48,52,52,0,E6,20,20,0.0,0.5,0,1
mas,1058,default,253,20,20,120.15,13,4,99.03921568627452,41.0,442,73,89,134,0,E6,20,20,0.0,0.5,0,1
mas_iterative,1058,default,217,20,20,98.5,7,4,81.41176470588235,40.75,227,89,60,90,0,E6,20,20,0.0,0.5,0,1
cbba,1058,default,212,20,20,95.8,5,4,79.96078431372548,40.75,176,111,384,2040,89,E6,20,20,0.0,0.5,0,1
claim,1059,default,253,20,20,121.35,12,4,96.96153846153847,46.2,462,70,40,40,0,E6,20,20,0.0,0.5,0,1
mas,1059,default,251,20,20,123.25,14,4,97.42307692307692,46.2,488,40,88,132,0,E6,20,20,0.0,0.5,0,1
mas_iterative,1059,default,251,20,20,123.2,14,4,97.40384615384616,46.2,516,61,84,126,0,E6,20,20,0.0,0.5,0,1
cbba,1059,default,180,20,20,90.95,12,4,73.96153846153847,41.2,216,37,515,2701,120,E6,20,20,0.0,0.5,0,1
claim,1060,default,224,20,20,104.2,14,4,81.30434782608695,41.0,451,38,42,42,0,E6,20,20,0.0,0.5,0,1
mas,1060,default,195,20,20,93.65,10,4,75.26086956521739,41.0,269,32,72,108,0,E6,20,20,0.0,0.5,0,1
mas_iterative,1060,default,224,20,20,101.35,12,4,79.93478260869566,41.0,343,130,78,117,0,E6,20,20,0.0,0.5,0,1
cbba,1060,default,188,20,20,94.0,10,4,76.0,41.0,221,105,380,1986,87,E6,20,20,0.0,0.5,0,1
claim,1061,default,232,20,20,130.7,12,4,109.27083333333333,56.333333333333336,356,45,38,38,0,E6,20,20,0.0,0.5,0,1
mas,1061,default,232,20,20,130.7,12,4,109.27083333333333,56.333333333333336,356,45,76,114,0,E6,20,20,0.0,0.5,0,1
mas_iterative,1061,default,232,20,20,130.7,12,4,109.27083333333333,56.333333333333336,356,45,76,114,0,E6,20,20,0.0,0.5,0,1
cbba,1061,default,242,20,20,130.0,12,4,108.72916666666667,56.333333333333336,402,37,481,2431,110,E6,20,20,0.0,0.5,0,1
claim,1062,default,257,20,20,118.0,13,4,104.20338983050847,44.4,470,75,43,43,0,E6,20,20,0.0,0.5,0,1
mas,1062,default,257,20,20,117.0,13,4,102.84745762711864,40.4,458,76,88,132,0,E6,20,20,0.0,0.5,0,1
mas_iterative,1062,default,238,20,20,111.1,11,4,97.10169491525424,40.0,339,89,78,117,0,E6,20,20,0.0,0.5,0,1
cbba,1062,default,230,20,20,92.95,7,4,81.11864406779661,35.0,224,140,410,2184,95,E6,20,20,0.0,0.5,0,1
claim,1063,default,184,20,20,104.3,4,4,89.9245283018868,50.4,200,79,27,27,0,E6,20,20,0.0,0.5,0,1
mas,1063,default,232,20,20,101.5,10,4,82.86792452830188,40.6,363,168,75,113,0,E6,20,20,0.0,0.5,0,1
mas_iterative,1063,default,190,20,20,84.6,10,4,69.79245283018868,34.4,287,60,81,122,0,E6,20,20,0.0,0.5,0,1
cbba,1063,default,190,20,20,76.85,7,4,62.886792452830186,34.0,166,161,322,1588,73,E6,20,20,0.0,0.5,0,1
claim,1064,default,269,20,20,116.65,13,4,89.25,52.333333333333336,611,53,47,47,0,E6,20,20,0.0,0.5,0,1
mas,1064,default,248,20,20,111.7,13,4,87.19642857142857,52.333333333333336,486,45,98,147,0,E6,20,20,0.0,0.5,0,1
mas_iterative,1064,default,248,20,20,109.2,12,4,86.28571428571429,52.333333333333336,486,81,92,138,0,E6,20,20,0.0,0.5,0,1
cbba,1064,default,216,20,20,102.55,12,4,82.75,52.333333333333336,407,54,461,2463,105,E6,20,20,0.0,0.5,0,1
claim,1065,default,251,20,20,110.8,12,4,89.70833333333333,38.0,536,74,48,48,0,E6,20,20,0.0,0.5,0,1
mas,1065,default,222,20,20,103.75,12,4,83.16666666666667,34.333333333333336,416,87,95,143,0,E6,20,20,0.0,0.5,0,1
mas_iterative,1065,default,203,20,20,94.05,10,4,75.6875,34.0,385,38,82,123,0,E6,20,20,0.0,0.5,0,1
cbba,1065,default,243,20,20,111.95,10,4,89.79166666666667,34.0,410,156,567,3009,131,E6,20,20,0.0,0.5,0,1
claim,1066,default,224,20,20,109.95,12,4,86.10909090909091,42.57142857142857,400,40,37,37,0,E6,20,20,0.0,0.5,0,1
mas,1066,default,216,20,20,98.45,10,4,79.50909090909092,40.714285714285715,280,36,80,120,0,E6,20,20,0.0,0.5,0,1
mas_iterative,1066,default,190,20,20,96.3,7,4,78.83636363636364,40.57142857142857,203,48,58,87,0,E6,20,20,0.0,0.5,0,1
cbba,1066,default,201,20,20,98.0,7,4,77.63636363636364,37.57142857142857,207,117,313,1667,71,E6,20,20,0.0,0.5,0,1
claim,1067,default,221,20,20,108.55,6,4,90.16666666666667,41.0,224,94,30,30,0,E6,20,20,0.0,0.5,0,1
mas,1067,default,269,20,20,147.85,13,4,118.875,36.5,468,81,86,129,0,E6,20,20,0.0,0.5,0,1
mas_iterative,1067,default,263,20,20,116.1,8,4,92.85416666666667,36.75,423,48,76,114,0,E6,20,20,0.0,0.5,0,1
cbba,1067,default,243,20,20,108.5,9,4,88.14583333333333,36.75,340,73,543,2811,127,E6,20,20,0.0,0.5,0,1
claim,1068,default,395,20,20,135.95,15,4,106.46296296296296,38.0,1049,56,60,60,0,E6,20,20,0.0,0.5,0,1
mas,1068,default,251,20,20,108.65,10,4,88.62962962962963,28.6,446,44,95,143,0,E6,20,20,0.0,0.5,0,1
mas_iterative,1068,default,249,20,20,94.75,11,4,77.29629629629629,28.2,471,37,88,132,0,E6,20,20,0.0,0.5,0,1
cbba,1068,default,249,20,20,94.75,11,4,77.29629629629629,28.2,471,37,461,2331,105,E6,20,20,0.0,0.5,0,1
claim,1069,default,167,20,20,86.95,4,4,74.07692307692308,44.6,71,79,24,24,0,E6,20,20,0.0,0.5,0,1
mas,1069,default,216,20,20,101.9,11,4,84.34615384615384,46.4,352,36,80,120,0,E6,20,20,0.0,0.5,0,1
mas_iterative,1069,default,189,20,20,94.7,6,4,79.8076923076923,45.2,169,81,56,84,0,E6,20,20,0.0,0.5,0,1
cbba,1069,default,189,20,20,94.7,6,4,79.8076923076923,45.2,169,81,399,2111,93,E6,20,20,0.0,0.5,0,1
claim,1070,default,317,20,20,117.05,11,4,96.18032786885246,49.285714285714285,746,45,49,49,0,E6,20,20,0.0,0.5,0,1
mas,1070,default,248,20,20,107.05,10,4,90.75409836065573,49.285714285714285,426,110,74,111,0,E6,20,20,0.0,0.5,0,1
mas_iterative,1070,default,242,20,20,105.9,10,4,90.09836065573771,49.285714285714285,397,85,76,114,0,E6,20,20,0.0,0.5,0,1
cbba,1070,default,226,20,20,105.15,11,4,89.57377049180327,47.57142857142857,365,77,544,2908,126,E6,20,20,0.0,0.5,0,1
claim,1071,default,339,20,20,154.65,16,4,111.98039215686275,37.2,830,49,53,53,0,E6,20,20,0.0,0.5,0,1
mas,1071,default,285,20,20,122.95,13,4,89.68627450980392,33.6,602,48,104,156,0,E6,20,20,0.0,0.5,0,1
mas_iterative,1071,default,213,20,20,105.15,8,4,79.70588235294117,33.2,327,35,83,125,0,E6,20,20,0.0,0.5,0,1
cbba,1071,default,213,20,20,105.15,8,4,79.70588235294117,33.2,327,35,412,2166,94,E6,20,20,0.0,0.5,0,1
claim,1072,default,277,20,20,137.1,14,4,122.18181818181819,62.75,662,49,53,53,0,E6,20,20,0.0,0.5,0,1
mas,1072,default,251,20,20,104.85,15,4,93.18181818181819,44.75,588,47,101,152,0,E6,20,20,0.0,0.5,0,1
mas_iterative,1072,default,181,20,20,92.1,11,4,82.76363636363637,41.25,243,65,75,113,0,E6,20,20,0.0,0.5,0,1
cbba,1072,default,191,20,20,92.25,12,4,82.96363636363637,41.5,304,72,413,2165,94,E6,20,20,0.0,0.5,0,1
claim,1073,default,206,20,20,95.4,9,4,78.26530612244898,39.0,215,160,35,35,0,E6,20,20,0.0,0.5,0,1
mas,1073,default,181,20,20,92.05,8,4,75.28571428571429,33.0,129,133,58,87,0,E6,20,20,0.0,0.5,0,1
mas_iterative,1073,default,169,20,20,84.6,5,4,69.95918367346938,32.75,149,38,62,93,0,E6,20,20,0.0,0.5,0,1
cbba,1073,default,169,20,20,84.6,5,4,69.95918367346938,32.75,149,40,455,2331,107,E6,20,20,0.0,0.5,0,1
claim,1074,default,303,20,20,123.3,14,4,97.36538461538461,43.6,591,43,47,47,0,E6,20,20,0.0,0.5,0,1
mas,1074,default,179,20,20,86.15,9,4,70.6923076923077,39.6,158,72,73,110,0,E6,20,20,0.0,0.5,0,1
mas_iterative,1074,default,201,20,20,89.95,8,4,72.78846153846153,38.8,298,30,76,114,0,E6,20,20,0.0,0.5,0,1
cbba,1074,default,175,20,20,89.65,7,4,72.67307692307692,38.8,187,35,545,2927,129,E6,20,20,0.0,0.5,0,1
claim,1075,default,298,20,20,153.55,16,4,115.1063829787234,43.0,637,57,50,50,0,E6,20,20,0.0,0.5,0,1
mas,1075,default,273,20,20,132.45,15,4,101.27659574468085,43.0,467,71,98,147,0,E6,20,20,0.0,0.5,0,1
mas_iterative,1075,default,235,20,20,126.0,12,4,98.1063829787234,43.0,384,36,82,123,0,E6,20,20,0.0,0.5,0,1
cbba,1075,default,244,20,20,121.55,12,4,93.06382978723404,35.0,394,37,457,2361,104,E6,20,20,0.0,0.5,0,1
claim,1076,default,271,20,20,124.3,13,4,96.75,45.6,503,37,41,41,0,E6,20,20,0.0,0.5,0,1
mas,1076,default,301,20,20,145.9,14,4,106.83333333333333,38.2,596,48,104,156,0,E6,20,20,0.0,0.5,0,1
mas_iterative,1076,default,295,20,20,130.1,11,4,98.64583333333333,40.2,510,40,90,135,0,E6,20,20,0.0,0.5,0,1
cbba,1076,default,224,20,20,110.55,10,4,85.58333333333333,37.8,255,96,502,2654,117,E6,20,20,0.0,0.5,0,1
claim,1077,default,252,20,20,117.55,15,4,91.54545454545455,53.5,497,43,45,45,0,E6,20,20,0.0,0.5,0,1
mas,1077,default,246,20,20,121.3,14,4,93.41818181818182,53.5,479,38,84,126,0,E6,20,20,0.0,0.5,0,1
mas_iterative,1077,default,210,20,20,112.05,13,4,89.34545454545454,53.5,300,46,76,114,0,E6,20,20,0.0,0.5,0,1
cbba,1077,default,210,20,20,112.05,13,4,89.34545454545454,53.5,300,46,601,3193,141,E6,20,20,0.0,0.5,0,1
claim,1078,default,223,20,20,102.0,10,4,81.52173913043478,40.666666666666664,314,31,35,35,0,E6,20,20,0.0,0.5,0,1
mas,1078,default,230,20,20,107.3,13,4,80.08695652173913,40.666666666666664,413,40,88,132,0,E6,20,20,0.0,0.5,0,1
mas_iterative,1078,default,212,20,20,97.1,10,4,73.32608695652173,40.333333333333336,333,34,82,123,0,E6,20,20,0.0,0.5,0,1
cbba,1078,default,212,20,20,97.1,10,4,73.32608695652173,40.333333333333336,333,34,450,2312,103,E6,20,20,0.0,0.5,0,1
claim,1079,default,237,20,20,115.35,7,4,87.34,38.5,363,101,32,32,0,E6,20,20,0.0,0.5,0,1
mas,1079,default,174,20,20,87.05,7,4,69.16,32.0,114,96,56,84,0,E6,20,20,0.0,0.5,0,1
mas_iterative,1079,default,176,20,20,81.65,4,4,65.54,31.75,85,116,54,81,0,E6,20,20,0.0,0.5,0,1
cbba,1079,default,182,20,20,82.4,4,4,65.84,31.75,85,130,420,2248,99,E6,20,20,0.0,0.5,0,1
claim,1080,default,199,20,20,99.9,10,4,85.62222222222222,36.0,253,81,35,35,0,E6,20,20,0.0,0.5,0,1
mas,1080,default,188,20,20,89.0,7,4,76.08888888888889,36.0,223,35,62,93,0,E6,20,20,0.0,0.5,0,1
mas_iterative,1080,default,188,20,20,89.0,7,4,76.08888888888889,36.0,223,35,62,93,0,E6,20,20,0.0,0.5,0,1
cbba,1080,default,208,20,20,102.0,11,4,83.35555555555555,35.333333333333336,388,36,551,2967,128,E6,20,20,0.0,0.5,0,1
claim,1081,default,247,20,20,120.95,12,4,93.53191489361703,29.333333333333332,492,38,42,42,0,E6,20,20,0.0,0.5,0,1
mas,1081,default,204,20,20,105.95,11,4,82.12765957446808,29.333333333333332,318,38,80,120,0,E6,20,20,0.0,0.5,0,1
mas_iterative,1081,default,213,20,20,103.6,14,4,80.36170212765957,29.333333333333332,315,52,80,120,0,E6,20,20,0.0,0.5,0,1
cbba,1081,default,200,20,20,101.2,11,4,78.42553191489361,29.333333333333332,289,47,563,2981,131,E6,20,20,0.0,0.5,0,1
claim,1082,default,198,20,20,103.4,9,4,81.22916666666667,35.25,295,31,35,35,0,E6,20,20,0.0,0.5,0,1
mas,1082,default,246,20,20,110.55,11,4,83.625,29.0,411,104,82,123,0,E6,20,20,0.0,0.5,0,1
mas_iterative,1082,default,200,20,20,91.4,10,4,70.1875,28.75,261,33,74,111,0,E6,20,20,0.0,0.5,0,1
cbba,1082,default,203,20,20,93.85,8,4,71.25,27.5,257,45,406,2080,93,E6,20,20,0.0,0.5,0,1
claim,1083,default,223,20,20,103.6,10,4,82.2,35.75,295,56,33,33,0,E6,20,20,0.0,0.5,0,1
mas,1083,default,255,20,20,103.85,10,4,82.2,35.75,467,34,76,114,0,E6,20,20,0.0,0.5,0,1
mas_iterative,1083,default,221,20,20,99.65,7,4,79.11111111111111,35.75,220,134,62,93,0,E6,20,20,0.0,0.5,0,1
cbba,1083,default,221,20,20,99.65,7,4,79.11111111111111,35.75,220,134,490,2568,115,E6,20,20,0.0,0.5,0,1
claim,1084,default,210,20,20,117.05,12,4,99.58928571428571,48.666666666666664,316,38,36,36,0,E6,20,20,0.0,0.5,0,1
mas,1084,default,210,20,20,117.05,12,4,99.58928571428571,48.666666666666664,316,38,72,108,0,E6,20,20,0.0,0.5,0,1
mas_iterative,1084,default,210,20,20,117.05,12,4,99.58928571428571,48.666666666666664,316,38,72,108,0,E6,20,20,0.0,0.5,0,1
cbba,1084,default,210,20,20,117.05,12,4,99.58928571428571,48.666666666666664,316,38,420,2192,96,E6,20,20,0.0,0.5,0,1
claim,1085,default,187,20,20,98.7,10,4,80.09803921568627,36.5,281,33,37,37,0,E6,20,20,0.0,0.5,0,1
mas,1085,default,205,20,20,102.3,9,4,80.54901960784314,32.25,316,43,74,111,0,E6,20,20,0.0,0.5,0,1
mas_iterative,1085,default,164,20,20,85.8,7,4,69.17647058823529,31.75,164,57,62,93,0,E6,20,20,0.0,0.5,0,1
cbba,1085,default,164,20,20,85.8,7,4,69.17647058823529,31.75,164,57,468,2582,110,E6,20,20,0.0,0.5,0,1
claim,1086,default,190,20,20,108.1,9,4,89.39583333333333,39.25,256,63,33,33,0,E6,20,20,0.0,0.5,0,1
mas,1086,default,192,20,20,106.05,10,4,88.54166666666667,39.25,269,69,70,105,0,E6,20,20,0.0,0.5,0,1
mas_iterative,1086,default,196,20,20,106.15,8,4,88.58333333333333,39.25,239,108,66,99,0,E6,20,20,0.0,0.5,0,1
cbba,1086,default,204,20,20,93.3,7,4,75.39583333333333,39.25,220,135,424,2236,98,E6,20,20,0.0,0.5,0,1
claim,1087,default,203,20,20,81.7,9,4,68.65853658536585,30.0,339,31,35,35,0,E6,20,20,0.0,0.5,0,1
mas,1087,default,153,20,20,75.4,9,4,64.02439024390245,30.0,140,69,64,96,0,E6,20,20,0.0,0.5,0,1
mas_iterative,1087,default,153,20,20,75.35,9,4,63.951219512195124,30.0,141,68,64,96,0,E6,20,20,0.0,0.5,0,1
cbba,1087,default,192,20,20,76.9,6,4,64.17073170731707,30.0,211,121,425,2213,99,E6,20,20,0.0,0.5,0,1
claim,1088,default,215,20,20,107.05,11,4,87.91304347826087,49.0,432,36,40,40,0,E6,20,20,0.0,0.5,0,1
mas,1088,default,210,20,20,95.15,11,4,74.1086956521739,37.0,273,157,75,113,0,E6,20,20,0.0,0.5,0,1
mas_iterative,1088,default,205,20,20,76.4,7,4,59.73913043478261,35.5,345,32,75,113,0,E6,20,20,0.0,0.5,0,1
cbba,1088,default,205,20,20,76.4,7,4,59.73913043478261,35.5,337,46,517,2647,121,E6,20,20,0.0,0.5,0,1
claim,1090,default,237,20,20,113.4,11,4,91.1025641025641,27.0,444,50,38,38,0,E6,20,20,0.0,0.5,0,1
mas,1090,default,230,20,20,95.75,7,4,75.58974358974359,27.0,262,190,80,121,0,E6,20,20,0.0,0.5,0,1
mas_iterative,1090,default,204,20,20,97.0,6,4,77.56410256410257,27.0,257,89,79,119,0,E6,20,20,0.0,0.5,0,1
cbba,1090,default,216,20,20,97.5,6,4,77.82051282051282,27.0,257,127,374,2028,85,E6,20,20,0.0,0.5,0,1
claim,1091,default,248,20,20,123.2,12,4,101.72340425531915,47.0,370,89,37,37,0,E6,20,20,0.0,0.5,0,1
mas,1091,default,253,20,20,114.0,10,4,93.23404255319149,40.0,382,33,74,111,0,E6,20,20,0.0,0.5,0,1
mas_iterative,1091,default,220,20,20,105.1,6,4,85.97872340425532,39.5,254,76,62,93,0,E6,20,20,0.0,0.5,0,1
cbba,1091,default,220,20,20,105.1,6,4,85.97872340425532,39.5,254,76,473,2537,111,E6,20,20,0.0,0.5,0,1
claim,1092,default,197,20,20,114.75,12,4,102.6923076923077,37.666666666666664,321,88,38,38,0,E6,20,20,0.0,0.5,0,1
mas,1092,default,190,20,20,93.95,11,4,80.4423076923077,28.333333333333332,263,109,82,123,0,E6,20,20,0.0,0.5,0,1
mas_iterative,1092,default,170,20,20,81.9,7,4,71.84615384615384,28.0,149,89,66,99,0,E6,20,20,0.0,0.5,0,1
cbba,1092,default,170,20,20,81.9,7,4,71.84615384615384,28.0,149,89,509,2741,120,E6,20,20,0.0,0.5,0,1
claim,1093,default,229,20,20,125.7,10,4,106.28846153846153,35.0,330,76,34,34,0,E6,20,20,0.0,0.5,0,1
mas,1093,default,249,20,20,106.8,15,4,87.07692307692308,28.0,399,118,92,138,0,E6,20,20,0.0,0.5,0,1
mas_iterative,1093,default,254,20,20,104.55,11,4,85.48076923076923,27.666666666666668,355,73,78,117,0,E6,20,20,0.0,0.5,0,1
cbba,1093,default,208,20,20,100.15,12,4,83.17307692307692,27.666666666666668,315,35,502,2682,116,E6,20,20,0.0,0.5,0,1
claim,1094,default,304,20,20,151.5,13,4,129.9433962264151,51.333333333333336,649,48,52,52,0,E6,20,20,0.0,0.5,0,1
mas,1094,default,234,20,20,120.5,9,4,104.0,38.666666666666664,290,104,68,102,0,E6,20,20,0.0,0.5,0,1
mas_iterative,1094,default,213,20,20,105.15,7,4,91.41509433962264,38.333333333333336,184,121,58,87,0,E6,20,20,0.0,0.5,0,1
cbba,1094,default,213,20,20,105.15,7,4,91.41509433962264,38.333333333333336,184,121,404,2166,94,E6,20,20,0.0,0.5,0,1
claim,1095,default,279,20,20,118.2,14,4,97.56140350877193,40.166666666666664,620,55,49,49,0,E6,20,20,0.0,0.5,0,1
mas,1095,default,222,20,20,110.45,14,4,94.10526315789474,40.166666666666664,346,75,82,123,0,E6,20,20,0.0,0.5,0,1
mas_iterative,1095,default,211,20,20,109.8,12,4,93.66666666666667,40.166666666666664,340,70,78,117,0,E6,20,20,0.0,0.5,0,1
cbba,1095,default,232,20,20,109.7,11,4,93.08771929824562,40.166666666666664,299,173,541,2919,126,E6,20,20,0.0,0.5,0,1
claim,1096,default,233,20,20,126.1,7,4,99.35416666666667,45.8,239,100,29,29,0,E6,20,20,0.0,0.5,0,1
mas,1096,default,224,20,20,111.2,8,4,87.60416666666667,43.2,231,71,62,93,0,E6,20,20,0.0,0.5,0,1
mas_iterative,1096,default,211,20,20,110.3,7,4,87.22916666666667,43.2,197,38,58,87,0,E6,20,20,0.0,0.5,0,1
cbba,1096,default,192,20,20,101.4,1,4,80.75,43.2,62,77,394,2098,93,E6,20,20,0.0,0.5,0,1
claim,1097,default,238,20,20,110.05,10,4,85.79545454545455,38.0,335,63,37,37,0,E6,20,20,0.0,0.5,0,1
mas,1097,default,273,20,20,119.6,14,4,88.79545454545455,38.0,520,61,90,135,0,E6,20,20,0.0,0.5,0,1
mas_iterative,1097,default,273,20,20,119.55,14,4,88.72727272727273,38.0,521,60,90,135,0,E6,20,20,0.0,0.5,0,1
cbba,1097,default,231,20,20,103.1,11,4,79.63636363636364,38.0,391,45,481,2453,110,E6,20,20,0.0,0.5,0,1
claim,1098,default,247,20,20,120.4,10,4,96.80392156862744,44.166666666666664,358,32,36,36,0,E6,20,20,0.0,0.5,0,1
mas,1098,default,257,20,20,120.3,10,4,96.50980392156863,44.5,427,39,82,123,0,E6,20,20,0.0,0.5,0,1
mas_iterative,1098,default,230,20,20,107.75,7,4,86.2156862745098,42.333333333333336,219,109,70,105,0,E6,20,20,0.0,0.5,0,1
cbba,1098,default,245,20,20,115.2,10,4,91.05882352941177,36.833333333333336,413,38,316,1572,69,E6,20,20,0.0,0.5,0,1
claim,1099,default,216,20,20,107.6,12,4,87.36170212765957,44.0,358,42,40,40,0,E6,20,20,0.0,0.5,0,1
mas,1099,default,252,20,20,108.95,12,4,85.42553191489361,33.333333333333336,379,160,82,123,0,E6,20,20,0.0,0.5,0,1
mas_iterative,1099,default,216,20,20,102.9,12,4,81.08510638297872,33.0,337,35,82,123,0,E6,20,20,0.0,0.5,0,1
cbba,1099,default,185,20,20,91.9,8,4,74.59574468085107,33.0,241,30,466,2410,108,E6,20,20,0.0,0.5,0,1
claim,1101,default,279,20,20,135.6,13,4,102.42857142857143,49.8,513,66,42,42,0,E6,20,20,0.0,0.5,0,1
mas,1101,default,279,20,20,135.6,13,4,102.42857142857143,49.8,472,106,84,126,0,E6,20,20,0.0,0.5,0,1
mas_iterative,1101,default,279,20,20,135.6,13,4,102.42857142857143,49.8,472,106,84,126,0,E6,20,20,0.0,0.5,0,1
cbba,1101,default,261,20,20,125.8,14,4,95.34693877551021,44.0,453,95,571,3081,132,E6,20,20,0.0,0.5,0,1
claim,1102,default,215,20,20,99.75,8,4,84.11864406779661,51.166666666666664,347,31,35,35,0,E6,20,20,0.0,0.5,0,1
mas,1102,default,198,20,20,94.55,8,4,80.01694915254237,45.5,296,43,70,105,0,E6,20,20,0.0,0.5,0,1
mas_iterative,1102,default,169,20,20,80.3,1,4,70.86440677966101,45.166666666666664,29,147,48,72,0,E6,20,20,0.0,0.5,0,1
cbba,1102,default,169,20,20,80.3,1,4,70.86440677966101,45.166666666666664,29,147,381,2051,90,E6,20,20,0.0,0.5,0,1
claim,1103,default,181,20,20,98.0,4,4,85.42592592592592,40.0,110,91,25,25,0,E6,20,20,0.0,0.5,0,1
mas,1103,default,219,20,20,104.15,7,4,88.96296296296296,40.0,286,96,62,93,0,E6,20,20,0.0,0.5,0,1
mas_iterative,1103,default,177,20,20,97.0,3,4,84.62962962962963,40.0,102,80,50,75,0,E6,20,20,0.0,0.5,0,1
cbba,1103,default,210,20,20,105.15,9,4,89.74074074074075,40.0,307,32,540,2874,127,E6,20,20,0.0,0.5,0,1
claim,1104,default,217,20,20,103.8,12,4,82.21739130434783,34.5,273,129,35,35,0,E6,20,20,0.0,0.5,0,1
mas,1104,default,217,20,20,103.8,12,4,82.21739130434783,34.5,273,129,70,105,0,E6,20,20,0.0,0.5,0,1
mas_iterative,1104,default,217,20,20,103.8,12,4,82.21739130434783,34.5,273,129,70,105,0,E6,20,20,0.0,0.5,0,1
cbba,1104,default,202,20,20,103.05,13,4,81.8913043478261,34.5,275,67,531,2941,124,E6,20,20,0.0,0.5,0,1
claim,1106,default,276,20,20,139.1,14,4,115.35849056603773,56.8,551,43,43,43,0,E6,20,20,0.0,0.5,0,1
mas,1106,default,249,20,20,110.4,11,4,90.30188679245283,44.0,360,116,80,120,0,E6,20,20,0.0,0.5,0,1
mas_iterative,1106,default,250,20,20,125.65,13,4,104.43396226415095,45.6,403,94,82,123,0,E6,20,20,0.0,0.5,0,1
cbba,1106,default,196,20,20,92.1,7,4,75.37735849056604,39.8,227,64,544,3010,128,E6,20,20,0.0,0.5,0,1
claim,1107,default,174,20,20,86.9,12,4,75.46938775510205,47.0,252,32,36,36,0,E6,20,20,0.0,0.5,0,1
mas,1107,default,197,20,20,91.05,11,4,76.77551020408163,39.0,298,98,80,120,0,E6,20,20,0.0,0.5,0,1
mas_iterative,1107,default,184,20,20,78.25,7,4,67.65306122448979,38.5,165,144,62,93,0,E6,20,20,0.0,0.5,0,1
cbba,1107,default,184,20,20,78.25,7,4,67.65306122448979,38.5,165,144,393,2103,91,E6,20,20,0.0,0.5,0,1
claim,1108,default,267,20,20,104.55,11,4,86.03703703703704,38.2,534,43,47,47,0,E6,20,20,0.0,0.5,0,1
mas,1108,default,197,20,20,86.6,7,4,71.77777777777777,36.6,231,53,71,107,0,E6,20,20,0.0,0.5,0,1
mas_iterative,1108,default,168,20,20,80.4,2,4,68.55555555555556,36.6,45,107,46,69,0,E6,20,20,0.0,0.5,0,1
cbba,1108,default,168,20,20,80.4,2,4,68.55555555555556,36.6,45,107,430,2328,102,E6,20,20,0.0,0.5,0,1
claim,1109,default,201,20,20,93.35,10,4,74.4186046511628,33.5,336,48,38,38,0,E6,20,20,0.0,0.5,0,1
mas,1109,default,182,20,20,91.65,10,4,72.67441860465117,28.0,233,34,73,110,0,E6,20,20,0.0,0.5,0,1
mas_iterative,1109,default,205,20,20,97.35,10,4,75.62790697674419,27.5,295,87,78,117,0,E6,20,20,0.0,0.5,0,1
cbba,1109,default,184,20,20,83.95,8,4,66.83720930232558,27.5,186,77,368,1850,84,E6,20,20,0.0,0.5,0,1
claim,1110,default,235,20,20,103.5,13,4,89.14754098360656,50.142857142857146,369,116,40,40,0,E6,20,20,0.0,0.5,0,1
mas,1110,default,212,20,20,97.15,9,4,83.32786885245902,46.714285714285715,285,116,71,107,0,E6,20,20,0.0,0.5,0,1
mas_iterative,1110,default,182,20,20,95.2,8,4,82.67213114754098,46.714285714285715,244,41,67,101,0,E6,20,20,0.0,0.5,0,1
cbba,1110,default,188,20,20,90.85,6,4,78.44262295081967,41.857142857142854,169,57,443,2335,104,E6,20,20,0.0,0.5,0,1
claim,1111,default,190,20,20,99.75,8,4,81.92,45.8,272,30,31,31,0,E6,20,20,0.0,0.5,0,1
mas,1111,default,246,20,20,115.55,13,4,91.5,41.2,396,115,92,138,0,E6,20,20,0.0,0.5,0,1
mas_iterative,1111,default,166,20,20,84.0,2,4,69.0,39.4,62,101,50,75,0,E6,20,20,0.0,0.5,0,1
cbba,1111,default,216,20,20,93.2,8,4,73.0,39.4,257,159,469,2521,109,E6,20,20,0.0,0.5,0,1
claim,1112,default,280,20,20,174.55,14,4,146.7111111111111,41.0,565,56,46,46,0,E6,20,20,0.0,0.5,0,1
mas,1112,default,225,20,20,125.2,6,4,103.93333333333334,38.0,340,70,66,99,0,E6,20,20,0.0,0.5,0,1
mas_iterative,1112,default,262,20,20,145.7,12,4,117.64444444444445,38.0,546,58,92,138,0,E6,20,20,0.0,0.5,0,1
cbba,1112,default,189,20,20,98.35,10,4,76.88888888888889,37.0,267,35,427,2213,98,E6,20,20,0.0,0.5,0,1
claim,1113,default,326,20,20,141.8,16,4,106.41509433962264,48.2,801,54,58,58,0,E6,20,20,0.0,0.5,0,1
mas,1113,default,326,20,20,141.8,16,4,106.41509433962264,48.2,799,54,116,174,0,E6,20,20,0.0,0.5,0,1
mas_iterative,1113,default,296,20,20,136.95,13,4,103.9245283018868,48.2,608,128,103,155,0,E6,20,20,0.0,0.5,0,1
cbba,1113,default,231,20,20,116.85,12,4,91.94339622641509,48.2,398,101,358,1858,79,E6,20,20,0.0,0.5,0,1
claim,1114,default,259,20,20,128.4,12,4,97.4423076923077,55.833333333333336,466,57,40,40,0,E6,20,20,0.0,0.5,0,1
mas,1114,default,229,20,20,107.65,12,4,83.15384615384616,50.833333333333336,312,67,72,108,0,E6,20,20,0.0,0.5,0,1
mas_iterative,1114,default,229,20,20,107.6,12,4,83.07692307692308,50.666666666666664,313,66,72,108,0,E6,20,20,0.0,0.5,0,1
cbba,1114,default,225,20,20,105.15,11,4,81.5,49.5,280,97,374,1914,85,E6,20,20,0.0,0.5,0,1
claim,1115,default,265,20,20,122.95,13,4,94.20833333333333,51.2,604,56,47,47,0,E6,20,20,0.0,0.5,0,1
mas,1115,default,204,20,20,90.6,13,4,71.70833333333333,40.2,308,113,79,119,0,E6,20,20,0.0,0.5,0,1
mas_iterative,1115,default,212,20,20,86.7,9,4,66.16666666666667,40.0,250,174,73,110,0,E6,20,20,0.0,0.5,0,1
cbba,1115,default,186,20,20,73.25,6,4,55.770833333333336,34.4,181,151,485,2649,114,E6,20,20,0.0,0.5,0,1
claim,1116,default,241,20,20,99.65,15,4,77.33333333333333,27.5,486,44,48,48,0,E6,20,20,0.0,0.5,0,1
mas,1116,default,167,20,20,86.6,10,4,68.88095238095238,27.5,221,64,78,117,0,E6,20,20,0.0,0.5,0,1
mas_iterative,1116,default,162,20,20,83.25,9,4,66.64285714285714,27.5,197,42,68,102,0,E6,20,20,0.0,0.5,0,1
cbba,1116,default,161,20,20,77.8,6,4,63.19047619047619,27.5,111,115,434,2280,101,E6,20,20,0.0,0.5,0,1
claim,1117,default,241,20,20,100.2,14,4,80.77358490566037,37.8,410,107,41,41,0,E6,20,20,0.0,0.5,0,1
mas,1117,default,211,20,20,91.45,13,4,74.15094339622641,33.6,369,38,84,126,0,E6,20,20,0.0,0.5,0,1
mas_iterative,1117,default,235,20,20,95.0,12,4,76.05660377358491,33.4,356,98,84,126,0,E6,20,20,0.0,0.5,0,1
cbba,1117,default,221,20,20,94.3,11,4,75.79245283018868,33.4,304,126,448,2386,103,E6,20,20,0.0,0.5,0,1
claim,1118,default,324,20,20,139.1,12,4,112.9622641509434,45.25,653,56,46,46,0,E6,20,20,0.0,0.5,0,1
mas,1118,default,271,20,20,127.75,10,4,106.33962264150944,45.25,380,119,70,105,0,E6,20,20,0.0,0.5,0,1
mas_iterative,1118,default,271,20,20,127.75,10,4,106.33962264150944,45.25,380,119,70,105,0,E6,20,20,0.0,0.5,0,1
cbba,1118,default,275,20,20,127.25,11,4,105.47169811320755,45.25,370,61,497,2551,115,E6,20,20,0.0,0.5,0,1
claim,1119,default,220,20,20,115.3,10,4,100.14285714285714,39.0,329,84,38,38,0,E6,20,20,0.0,0.5,0,1
mas,1119,default,228,20,20,117.95,14,4,100.79591836734694,39.0,369,93,88,132,0,E6,20,20,0.0,0.5,0,1
mas_iterative,1119,default,241,20,20,118.5,13,4,100.95918367346938,39.0,423,81,94,141,0,E6,20,20,0.0,0.5,0,1
cbba,1119,default,244,20,20,119.3,13,4,100.79591836734694,39.0,500,40,544,2808,125,E6,20,20,0.0,0.5,0,1
claim,1120,default,178,20,20,102.0,9,4,87.11363636363636,50.5,182,80,30,30,0,E6,20,20,0.0,0.5,0,1
mas,1120,default,178,20,20,102.0,9,4,87.11363636363636,50.5,182,80,60,90,0,E6,20,20,0.0,0.5,0,1
mas_iterative,1120,default,178,20,20,102.0,9,4,87.11363636363636,50.5,182,80,60,90,0,E6,20,20,0.0,0.5,0,1
cbba,1120,default,216,20,20,100.25,12,4,87.0909090909091,45.5,291,114,505,2603,116,E6,20,20,0.0,0.5,0,1
claim,1121,default,284,20,20,122.65,11,4,94.04347826086956,43.5,508,101,40,40,0,E6,20,20,0.0,0.5,0,1
mas,1121,default,209,20,20,99.25,9,4,78.67391304347827,37.5,180,65,66,99,0,E6,20,20,0.0,0.5,0,1
mas_iterative,1121,default,227,20,20,103.35,8,4,80.58695652173913,37.25,232,55,70,105,0,E6,20,20,0.0,0.5,0,1
cbba,1121,default,247,20,20,110.55,7,4,84.8913043478261,42.5,318,167,389,2053,89,E6,20,20,0.0,0.5,0,1
claim,1123,default,220,20,20,105.05,14,4,81.83333333333333,38.8,415,39,43,43,0,E6,20,20,0.0,0.5,0,1
mas,1123,default,202,20,20,97.9,11,4,77.8125,38.8,353,70,78,117,0,E6,20,20,0.0,0.5,0,1
mas_iterative,1123,default,213,20,20,94.75,9,4,76.47916666666667,38.8,289,129,74,111,0,E6,20,20,0.0,0.5,0,1
cbba,1123,default,192,20,20,101.85,9,4,84.08333333333333,42.4,252,77,471,2411,109,E6,20,20,0.0,0.5,0,1
claim,1124,default,195,20,20,96.65,12,4,82.27777777777777,34.0,349,46,39,39,0,E6,20,20,0.0,0.5,0,1
mas,1124,default,195,20,20,96.65,12,4,82.27777777777777,34.0,349,46,78,117,0,E6,20,20,0.0,0.5,0,1
mas_iterative,1124,default,195,20,20,96.65,12,4,82.27777777777777,34.0,349,46,78,117,0,E6,20,20,0.0,0.5,0,1
cbba,1124,default,177,20,20,84.2,8,4,73.0,28.0,244,30,474,2418,110,E6,20,20,0.0,0.5,0,1
claim,1125,default,294,20,20,150.75,14,4,117.29787234042553,36.0,625,101,49,49,0,E6,20,20,0.0,0.5,0,1
mas,1125,default,306,20,20,149.25,16,4,116.27659574468085,36.0,680,50,108,162,0,E6,20,20,0.0,0.5,0,1
mas_iterative,1125,default,290,20,20,128.85,11,4,101.14893617021276,36.0,554,74,98,147,0,E6,20,20,0.0,0.5,0,1
cbba,1125,default,222,20,20,97.3,9,4,75.27659574468085,27.666666666666668,255,151,488,2578,113,E6,20,20,0.0,0.5,0,1
claim,1126,default,189,20,20,98.95,14,4,77.8,50.25,323,58,41,41,0,E6,20,20,0.0,0.5,0,1
mas,1126,default,200,20,20,94.0,13,4,73.76,44.75,326,83,84,126,0,E6,20,20,0.0,0.5,0,1
mas_iterative,1126,default,191,20,20,90.95,12,4,71.84,44.5,322,53,88,132,0,E6,20,20,0.0,0.5,0,1
cbba,1126,default,170,20,20,87.2,10,4,70.06,44.5,223,74,511,2677,119,E6,20,20,0.0,0.5,0,1
claim,1127,default,185,20,20,88.45,9,4,78.14285714285714,28.333333333333332,261,31,35,35,0,E6,20,20,0.0,0.5,0,1
mas,1127,default,163,20,20,86.2,6,4,76.51020408163265,28.333333333333332,160,46,52,78,0,E6,20,20,0.0,0.5,0,1
mas_iterative,1127,default,163,20,20,86.2,6,4,76.51020408163265,28.333333333333332,160,46,52,78,0,E6,20,20,0.0,0.5,0,1
cbba,1127,default,169,20,20,86.7,6,4,76.91836734693878,28.333333333333332,166,48,457,2397,107,E6,20,20,0.0,0.5,0,1
claim,1128,default,199,20,20,107.55,7,4,86.82608695652173,33.333333333333336,231,92,30,30,0,E6,20,20,0.0,0.5,0,1
mas,1128,default,167,20,20,88.85,6,4,73.04347826086956,33.333333333333336,119,33,58,87,0,E6,20,20,0.0,0.5,0,1
mas_iterative,1128,default,167,20,20,88.8,6,4,72.97826086956522,33.333333333333336,120,32,58,87,0,E6,20,20,0.0,0.5,0,1
cbba,1128,default,167,20,20,88.8,6,4,72.97826086956522,33.333333333333336,120,32,440,2328,103,E6,20,20,0.0,0.5,0,1
claim,1129,default,244,20,20,106.95,13,4,91.93877551020408,27.0,462,38,42,42,0,E6,20,20,0.0,0.5,0,1
mas,1129,default,194,20,20,94.5,10,4,82.46938775510205,27.0,224,68,72,108,0,E6,20,20,0.0,0.5,0,1
mas_iterative,1129,default,214,20,20,104.45,12,4,89.44897959183673,27.0,320,35,76,114,0,E6,20,20,0.0,0.5,0,1
cbba,1129,default,182,20,20,91.9,6,4,80.24489795918367,27.0,135,75,412,2174,96,E6,20,20,0.0,0.5,0,1
claim,1130,default,250,20,20,106.85,13,4,87.46428571428571,47.8,493,39,41,41,0,E6,20,20,0.0,0.5,0,1
mas,1130,default,206,20,20,102.7,11,4,85.94642857142857,47.8,256,31,70,105,0,E6,20,20,0.0,0.5,0,1
mas_iterative,1130,default,246,20,20,106.25,11,4,87.76785714285714,47.8,349,146,76,114,0,E6,20,20,0.0,0.5,0,1
cbba,1130,default,209,20,20,98.65,10,4,82.55357142857143,38.2,241,93,464,2460,108,E6,20,20,0.0,0.5,0,1
claim,1131,default,200,20,20,112.45,11,4,95.50847457627118,61.625,303,63,38,38,0,E6,20,20,0.0,0.5,0,1
mas,1131,default,191,20,20,101.8,10,4,87.83050847457628,61.625,227,92,70,105,0,E6,20,20,0.0,0.5,0,1
mas_iterative,1131,default,205,20,20,102.65,11,4,88.13559322033899,61.625,251,128,78,117,0,E6,20,20,0.0,0.5,0,1
cbba,1131,default,192,20,20,96.75,10,4,83.67796610169492,60.5,190,135,472,2490,110,E6,20,20,0.0,0.5,0,1
claim,1132,default,222,20,20,103.85,13,4,88.22641509433963,38.666666666666664,329,36,40,40,0,E6,20,20,0.0,0.5,0,1
mas,1132,default,196,20,20,102.2,11,4,88.15094339622641,38.666666666666664,214,43,72,108,0,E6,20,20,0.0,0.5,0,1
mas_iterative,1132,default,204,20,20,99.55,12,4,85.77358490566037,38.666666666666664,336,31,74,111,0,E6,20,20,0.0,0.5,0,1
cbba,1132,default,228,20,20,98.0,10,4,81.90566037735849,35.666666666666664,429,43,438,2276,99,E6,20,20,0.0,0.5,0,1
claim,1133,default,212,20,20,102.15,9,4,87.18867924528301,38.75,300,43,36,36,0,E6,20,20,0.0,0.5,0,1
mas,1133,default,212,20,20,102.15,9,4,87.18867924528301,38.75,300,43,72,108,0,E6,20,20,0.0,0.5,0,1
mas_iterative,1133,default,212,20,20,102.15,9,4,87.18867924528301,38.75,300,43,72,108,0,E6,20,20,0.0,0.5,0,1
cbba,1133,default,176,20,20,90.15,4,4,78.13207547169812,36.25,84,89,441,2381,104,E6,20,20,0.0,0.5,0,1
claim,1134,default,233,20,20,107.0,11,4,90.14285714285714,28.5,383,112,41,41,0,E6,20,20,0.0,0.5,0,1
mas,1134,default,240,20,20,104.05,12,4,88.28571428571429,28.5,376,42,92,138,0,E6,20,20,0.0,0.5,0,1
mas_iterative,1134,default,194,20,20,92.05,8,4,78.40816326530613,28.5,220,65,70,105,0,E6,20,20,0.0,0.5,0,1
cbba,1134,default,215,20,20,98.05,12,4,84.08163265306122,28.5,324,77,508,2580,117,E6,20,20,0.0,0.5,0,1
claim,1135,default,244,20,20,110.45,14,4,90.39583333333333,47.6,450,63,39,39,0,E6,20,20,0.0,0.5,0,1
mas,1135,default,254,20,20,100.95,12,4,80.39583333333333,37.0,419,86,86,129,0,E6,20,20,0.0,0.5,0,1
mas_iterative,1135,default,254,20,20,100.9,12,4,80.3125,36.8,420,85,86,129,0,E6,20,20,0.0,0.5,0,1
cbba,1135,default,224,20,20,100.9,12,4,80.70833333333333,36.8,357,74,495,2683,114,E6,20,20,0.0,0.5,0,1
claim,1136,default,210,20,20,120.75,9,4,103.80392156862744,62.2,245,46,31,31,0,E6,20,20,0.0,0.5,0,1
mas,1136,default,174,20,20,98.25,4,4,82.37254901960785,44.6,99,58,56,84,0,E6,20,20,0.0,0.5,0,1
mas_iterative,1136,default,189,20,20,98.35,7,4,80.86274509803921,40.4,158,26,66,99,0,E6,20,20,0.0,0.5,0,1
cbba,1136,default,199,20,20,98.35,7,4,81.07843137254902,40.4,179,39,579,3029,137,E6,20,20,0.0,0.5,0,1
claim,1137,default,273,20,20,120.8,15,4,91.76595744680851,38.75,574,42,46,46,0,E6,20,20,0.0,0.5,0,1
mas,1137,default,231,20,20,102.5,8,4,79.57446808510639,34.0,289,110,70,105,0,E6,20,20,0.0,0.5,0,1
mas_iterative,1137,default,196,20,20,89.0,4,4,70.80851063829788,33.75,126,105,60,90,0,E6,20,20,0.0,0.5,0,1
cbba,1137,default,196,20,20,88.6,4,4,70.63829787234043,33.75,170,72,462,2478,108,E6,20,20,0.0,0.5,0,1
claim,1138,default,189,20,20,95.9,8,4,82.9074074074074,37.0,262,49,31,31,0,E6,20,20,0.0,0.5,0,1
mas,1138,default,196,20,20,95.0,10,4,81.05555555555556,31.0,229,121,64,96,0,E6,20,20,0.0,0.5,0,1
mas_iterative,1138,default,165,20,20,80.6,3,4,69.79629629629629,30.75,78,101,48,72,0,E6,20,20,0.0,0.5,0,1
cbba,1138,default,178,20,20,82.3,6,4,71.51851851851852,39.0,162,33,538,2808,127,E6,20,20,0.0,0.5,0,1
claim,1139,default,203,20,20,108.5,14,4,92.75925925925925,48.0,334,37,41,41,0,E6,20,20,0.0,0.5,0,1
mas,1139,default,157,20,20,89.4,5,4,78.11111111111111,46.25,109,57,52,78,0,E6,20,20,0.0,0.5,0,1
mas_iterative,1139,default,192,20,20,96.45,8,4,84.18518518518519,46.0,216,86,68,102,0,E6,20,20,0.0,0.5,0,1
cbba,1139,default,217,20,20,112.4,11,4,92.22222222222223,46.0,354,37,473,2477,108,E6,20,20,0.0,0.5,0,1
claim,1140,default,208,20,20,97.4,9,4,78.58333333333333,36.25,324,32,36,36,0,E6,20,20,0.0,0.5,0,1
mas,1140,default,187,20,20,92.15,6,4,75.54166666666667,36.25,131,127,52,78,0,E6,20,20,0.0,0.5,0,1
mas_iterative,1140,default,187,20,20,92.15,6,4,75.54166666666667,36.25,131,127,52,78,0,E6,20,20,0.0,0.5,0,1
cbba,1140,default,188,20,20,92.2,11,4,72.52083333333333,31.25,277,32,444,2376,102,E6,20,20,0.0,0.5,0,1
claim,1141,default,349,20,20,146.2,11,4,112.43636363636364,58.75,858,49,53,53,0,E6,20,20,0.0,0.5,0,1
mas,1141,default,238,20,20,126.6,9,4,100.8,58.75,372,101,76,114,0,E6,20,20,0.0,0.5,0,1
mas_iterative,1141,default,269,20,20,129.05,11,4,102.2909090909091,58.75,510,86,82,123,0,E6,20,20,0.0,0.5,0,1
cbba,1141,default,209,20,20,110.75,5,4,87.47272727272727,48.25,259,52,472,2594,110,E6,20,20,0.0,0.5,0,1
claim,1142,default,271,20,20,133.85,12,4,109.2,40.25,485,106,41,41,0,E6,20,20,0.0,0.5,0,1
mas,1142,default,249,20,20,116.95,13,4,96.68,40.25,406,96,76,114,0,E6,20,20,0.0,0.5,0,1
mas_iterative,1142,default,249,20,20,116.95,13,4,96.68,40.25,406,96,76,114,0,E6,20,20,0.0,0.5,0,1
cbba,1142,default,223,20,20,105.1,10,4,86.1,34.75,308,33,581,3111,136,E6,20,20,0.0,0.5,0,1
claim,1143,default,285,20,20,119.1,11,4,86.3953488372093,42.0,560,81,45,45,0,E6,20,20,0.0,0.5,0,1
mas,1143,default,192,20,20,98.65,7,4,75.30232558139535,42.0,170,47,56,84,0,E6,20,20,0.0,0.5,0,1
mas_iterative,1143,default,191,20,20,98.6,7,4,75.27906976744185,42.0,197,54,56,84,0,E6,20,20,0.0,0.5,0,1
cbba,1143,default,208,20,20,95.55,10,4,70.93023255813954,41.666666666666664,293,52,382,2014,87,E6,20,20,0.0,0.5,0,1
claim,1144,default,252,20,20,132.35,11,4,105.50980392156863,56.666666666666664,492,46,38,38,0,E6,20,20,0.0,0.5,0,1
mas,1144,default,204,20,20,108.3,9,4,87.7843137254902,55.666666666666664,301,39,74,111,0,E6,20,20,0.0,0.5,0,1
mas_iterative,1144,default,220,20,20,117.95,10,4,94.11764705882354,55.5,380,49,74,111,0,E6,20,20,0.0,0.5,0,1
cbba,1144,default,214,20,20,105.1,9,4,84.86274509803921,52.5,272,100,452,2398,105,E6,20,20,0.0,0.5,0,1
claim,1145,default,222,20,20,98.25,10,4,76.57142857142857,49.0,357,84,36,36,0,E6,20,20,0.0,0.5,0,1
mas,1145,default,195,20,20,95.85,10,4,75.71428571428571,49.0,298,33,70,105,0,E6,20,20,0.0,0.5,0,1
mas_iterative,1145,default,195,20,20,95.8,9,4,75.69642857142857,49.0,262,67,66,99,0,E6,20,20,0.0,0.5,0,1
cbba,1145,default,203,20,20,92.0,9,4,73.375,45.625,196,137,468,2492,109,E6,20,20,0.0,0.5,0,1
claim,1146,default,224,20,20,101.35,8,4,88.23636363636363,46.25,290,29,33,33,0,E6,20,20,0.0,0.5,0,1
mas,1146,default,224,20,20,101.35,8,4,88.23636363636363,46.25,290,29,66,99,0,E6,20,20,0.0,0.5,0,1
mas_iterative,1146,default,224,20,20,101.35,8,4,88.23636363636363,46.25,290,29,66,99,0,E6,20,20,0.0,0.5,0,1
cbba,1146,default,161,20,20,89.35,1,4,80.2909090909091,45.5,58,57,394,2058,93,E6,20,20,0.0,0.5,0,1
claim,1147,default,207,20,20,108.35,8,4,87.91489361702128,38.666666666666664,221,105,32,32,0,E6,20,20,0.0,0.5,0,1
mas,1147,default,230,20,20,107.65,12,4,84.44680851063829,31.333333333333332,321,110,90,135,0,E6,20,20,0.0,0.5,0,1
mas_iterative,1147,default,212,20,20,100.75,7,4,80.06382978723404,31.0,199,126,68,102,0,E6,20,20,0.0,0.5,0,1
cbba,1147,default,213,20,20,98.5,11,4,77.7872340425532,31.0,279,87,528,2794,122,E6,20,20,0.0,0.5,0,1
claim,1149,default,233,20,20,111.05,13,4,90.92307692307692,42.0,467,38,42,42,0,E6,20,20,0.0,0.5,0,1
mas,1149,default,203,20,20,101.5,13,4,84.5576923076923,42.0,356,62,80,120,0,E6,20,20,0.0,0.5,0,1
mas_iterative,1149,default,177,20,20,93.3,7,4,80.51923076923077,42.0,181,97,58,87,0,E6,20,20,0.0,0.5,0,1
cbba,1149,default,179,20,20,92.5,8,4,80.26923076923077,42.0,167,120,465,2501,109,E6,20,20,0.0,0.5,0,1
claim,1150,default,174,20,20,94.85,10,4,76.91666666666667,39.6,240,28,32,32,0,E6,20,20,0.0,0.5,0,1
mas,1150,default,226,20,20,102.55,11,4,78.45833333333333,38.2,450,42,90,136,0,E6,20,20,0.0,0.5,0,1
mas_iterative,1150,default,158,20,20,84.15,7,4,68.75,38.0,141,58,58,87,0,E6,20,20,0.0,0.5,0,1
cbba,1150,default,158,20,20,84.15,7,4,68.75,38.0,141,58,483,2549,114,E6,20,20,0.0,0.5,0,1
claim,1152,default,199,20,20,106.55,9,4,88.27083333333333,45.0,171,65,30,30,0,E6,20,20,0.0,0.5,0,1
mas,1152,default,192,20,20,102.15,10,4,84.27083333333333,42.0,184,69,70,105,0,E6,20,20,0.0,0.5,0,1
mas_iterative,1152,default,278,20,20,126.9,13,4,97.27083333333333,37.5,581,58,92,138,0,E6,20,20,0.0,0.5,0,1
cbba,1152,default,237,20,20,106.15,11,4,85.0625,41.25,449,37,569,2935,132,E6,20,20,0.0,0.5,0,1
claim,1153,default,283,20,20,146.1,13,4,122.20754716981132,51.4,524,63,41,41,0,E6,20,20,0.0,0.5,0,1
mas,1153,default,232,20,20,112.15,8,4,94.30188679245283,46.6,297,65,74,111,0,E6,20,20,0.0,0.5,0,1
mas_iterative,1153,default,314,20,20,153.4,12,4,123.64150943396227,51.8,583,147,94,141,0,E6,20,20,0.0,0.5,0,1
cbba,1153,default,257,20,20,118.2,8,4,95.45283018867924,41.8,311,165,469,2467,109,E6,20,20,0.0,0.5,0,1
claim,1155,default,314,20,20,131.6,13,4,93.89583333333333,44.6,690,77,52,52,0,E6,20,20,0.0,0.5,0,1
mas,1155,default,263,20,20,102.05,11,4,73.91666666666667,30.0,440,50,105,159,0,E6,20,20,0.0,0.5,0,1
mas_iterative,1155,default,241,20,20,103.4,9,4,73.64583333333333,29.4,386,73,78,117,0,E6,20,20,0.0,0.5,0,1
cbba,1155,default,278,20,20,101.4,9,4,71.29166666666667,33.4,519,121,525,2833,121,E6,20,20,0.0,0.5,0,1
claim,1156,default,273,20,20,130.3,12,4,112.95744680851064,30.0,481,112,41,41,0,E6,20,20,0.0,0.5,0,1
mas,1156,default,209,20,20,112.75,8,4,96.42553191489361,29.0,235,65,67,101,0,E6,20,20,0.0,0.5,0,1
mas_iterative,1156,default,216,20,20,112.8,11,4,96.36170212765957,29.0,307,54,81,122,0,E6,20,20,0.0,0.5,0,1
cbba,1156,default,194,20,20,86.5,5,4,74.65957446808511,29.0,163,82,370,1920,86,E6,20,20,0.0,0.5,0,1
claim,1157,default,259,20,20,129.1,11,4,99.33333333333333,38.333333333333336,446,50,39,39,0,E6,20,20,0.0,0.5,0,1
mas,1157,default,189,20,20,89.85,7,4,73.02083333333333,30.0,153,48,70,105,0,E6,20,20,0.0,0.5,0,1
mas_iterative,1157,default,191,20,20,88.55,5,4,70.9375,29.666666666666668,166,46,60,90,0,E6,20,20,0.0,0.5,0,1
cbba,1157,default,191,20,20,88.55,5,4,70.9375,29.666666666666668,166,46,531,2793,126,E6,20,20,0.0,0.5,0,1
claim,1000,default,212,20,20,91.85,13,4,75.45652173913044,32.0,421,40,44,44,0,E6,20,20,0.0,0.5,0,5
mas,1000,default,187,20,20,90.2,12,4,74.73913043478261,32.0,236,126,78,117,0,E6,20,20,0.0,0.5,0,5
mas_iterative,1000,default,186,20,20,90.15,12,4,74.71739130434783,32.0,236,122,76,114,0,E6,20,20,0.0,0.5,0,5
cbba,1000,default,208,20,20,84.75,11,4,68.34782608695652,27.333333333333332,343,78,433,2115,98,E6,20,20,0.0,0.5,0,5
claim,1001,default,311,20,20,120.35,14,4,97.98214285714286,40.4,768,49,53,53,0,E6,20,20,0.0,0.5,0,5
mas,1001,default,196,20,20,97.65,11,4,83.5,40.4,263,74,70,105,0,E6,20,20,0.0,0.5,0,5
mas_iterative,1001,default,195,20,20,97.6,11,4,83.48214285714286,40.4,263,70,70,105,0,E6,20,20,0.0,0.5,0,5
cbba,1001,default,180,20,20,83.25,8,4,72.25,35.8,177,91,485,2667,114,E6,20,20,0.0,0.5,0,5
claim,1002,default,232,20,20,108.15,13,4,84.1304347826087,47.0,351,117,41,41,0,E6,20,20,0.0,0.5,0,5
mas,1002,default,213,20,20,102.85,11,4,80.0,41.75,321,60,80,120,0,E6,20,20,0.0,0.5,0,5
mas_iterative,1002,default,217,20,20,98.8,10,4,78.56521739130434,41.25,361,42,74,111,0,E6,20,20,0.0,0.5,0,5
cbba,1002,default,222,20,20,97.7,8,4,75.84782608695652,34.75,332,34,526,2778,122,E6,20,20,0.0,0.5,0,5
claim,1003,default,291,20,20,113.1,11,4,81.6875,44.5,706,45,49,49,0,E6,20,20,0.0,0.5,0,5
mas,1003,default,192,20,20,92.15,8,4,70.875,44.5,279,43,70,105,0,E6,20,20,0.0,0.5,0,5
mas_iterative,1003,default,196,20,20,91.95,8,4,70.72916666666667,44.5,268,70,66,99,0,E6,20,20,0.0,0.5,0,5
cbba,1003,default,177,20,20,82.2,8,4,63.104166666666664,38.666666666666664,153,91,452,2302,105,E6,20,20,0.0,0.5,0,5
claim,1004,default,205,20,20,105.4,8,4,87.74468085106383,40.0,263,63,32,32,0,E6,20,20,0.0,0.5,0,5
mas,1004,default,200,20,20,105.15,7,4,87.63829787234043,40.0,201,106,58,87,0,E6,20,20,0.0,0.5,0,5
mas_iterative,1004,default,200,20,20,105.15,7,4,87.63829787234043,40.0,201,106,58,87,0,E6,20,20,0.0,0.5,0,5
cbba,1004,default,204,20,20,108.2,8,4,90.72340425531915,38.333333333333336,228,68,404,2058,93,E6,20,20,0.0,0.5,0,5
claim,1005,default,183,20,20,102.85,12,4,87.98181818181818,52.0,274,48,35,35,0,E6,20,20,0.0,0.5,0,5
mas,1005,default,195,20,20,97.1,11,4,84.0909090909091,52.0,284,85,74,111,0,E6,20,20,0.0,0.5,0,5
mas_iterative,1005,default,194,20,20,96.95,10,4,83.96363636363637,52.0,258,106,70,105,0,E6,20,20,0.0,0.5,0,5
cbba,1005,default,206,20,20,104.15,11,4,90.16363636363636,47.666666666666664,304,113,440,2312,101,E6,20,20,0.0,0.5,0,5
claim,1006,default,237,20,20,105.7,12,4,85.7948717948718,38.0,502,42,46,46,0,E6,20,20,0.0,0.5,0,5
mas,1006,default,198,20,20,85.9,8,4,69.02564102564102,29.0,251,112,70,105,0,E6,20,20,0.0,0.5,0,5
mas_iterative,1006,default,172,20,20,85.15,9,4,68.46153846153847,28.5,242,31,74,111,0,E6,20,20,0.0,0.5,0,5
cbba,1006,default,178,20,20,83.45,8,4,67.53846153846153,28.5,229,39,503,2681,118,E6,20,20,0.0,0.5,0,5
claim,1007,default,183,20,20,90.0,10,4,75.57777777777778,33.0,269,77,35,35,0,E6,20,20,0.0,0.5,0,5
mas,1007,default,156,20,20,84.4,7,4,72.75555555555556,33.0,135,87,58,87,0,E6,20,20,0.0,0.5,0,5
mas_iterative,1007,default,146,20,20,78.5,6,4,68.5111111111111,33.0,130,63,62,93,0,E6,20,20,0.0,0.5,0,5
cbba,1007,default,146,20,20,78.5,6,4,68.5111111111111,33.0,130,63,416,2208,97,E6,20,20,0.0,0.5,0,5
claim,1008,default,228,20,20,115.35,12,4,96.38,36.25,385,41,42,42,0,E6,20,20,0.0,0.5,0,5
mas,1008,default,203,20,20,105.25,11,4,89.74,36.25,221,112,74,111,0,E6,20,20,0.0,0.5,0,5
mas_iterative,1008,default,191,20,20,101.05,9,4,86.48,36.25,222,53,70,105,0,E6,20,20,0.0,0.5,0,5
cbba,1008,default,174,20,20,92.9,7,4,79.74,30.25,111,48,484,2602,114,E6,20,20,0.0,0.5,0,5
claim,1009,default,264,20,20,118.5,13,4,94.68085106382979,33.333333333333336,485,37,41,41,0,E6,20,20,0.0,0.5,0,5
mas,1009,default,217,20,20,110.65,8,4,89.74468085106383,33.333333333333336,246,85,66,99,0,E6,20,20,0.0,0.5,0,5
mas_iterative,1009,default,218,20,20,108.7,10,4,88.19148936170212,33.333333333333336,303,49,70,105,0,E6,20,20,0.0,0.5,0,5
cbba,1009,default,222,20,20,100.4,8,4,80.59574468085107,33.333333333333336,277,97,448,2390,104,E6,20,20,0.0,0.5,0,5
claim,1010,default,282,20,20,145.25,15,4,123.43396226415095,62.8,644,48,52,52,0,E6,20,20,0.0,0.5,0,5
mas,1010,default,255,20,20,139.05,14,4,118.50943396226415,61.2,483,58,94,141,0,E6,20,20,0.0,0.5,0,5
mas_iterative,1010,default,235,20,20,120.95,9,4,103.64150943396227,54.4,368,55,80,120,0,E6,20,20,0.0,0.5,0,5
cbba,1010,default,233,20,20,115.7,12,4,97.64150943396227,45.2,351,48,357,1815,79,E6,20,20,0.0,0.5,0,5
claim,1011,default,210,20,20,103.9,11,4,84.88888888888889,39.4,309,94,39,39,0,E6,20,20,0.0,0.5,0,5
mas,1011,default,187,20,20,92.6,9,4,76.05555555555556,39.4,276,35,77,116,0,E6,20,20,0.0,0.5,0,5
mas_iterative,1011,default,201,20,20,91.2,8,4,74.85185185185185,39.4,261,102,76,115,0,E6,20,20,0.0,0.5,0,5
cbba,1011,default,187,20,20,90.2,8,4,74.48148148148148,39.4,283,31,459,2359,106,E6,20,20,0.0,0.5,0,5
claim,1012,default,185,20,20,95.0,9,4,83.15094339622641,42.0,245,102,34,34,0,E6,20,20,0.0,0.5,0,5
mas,1012,default,173,20,20,78.75,5,4,70.83018867924528,40.2,90,167,50,75,0,E6,20,20,0.0,0.5,0,5
mas_iterative,1012,default,173,20,20,78.75,5,4,70.83018867924528,40.2,90,167,50,75,0,E6,20,20,0.0,0.5,0,5
cbba,1012,default,182,20,20,79.85,10,4,68.0,35.0,251,96,546,3020,128,E6,20,20,0.0,0.5,0,5
claim,1013,default,200,20,20,104.6,12,4,87.4390243902439,nan,342,33,37,37,0,E6,20,20,0.0,0.5,0,5
mas,1013,default,221,20,20,115.0,12,4,94.63414634146342,nan,396,65,88,132,0,E6,20,20,0.0,0.5,0,5
mas_iterative,1013,default,215,20,20,114.55,11,4,94.34146341463415,nan,355,35,84,126,0,E6,20,20,0.0,0.5,0,5
cbba,1013,default,184,20,20,102.15,8,4,87.4390243902439,nan,217,48,435,2303,101,E6,20,20,0.0,0.5,0,5
claim,1014,default,189,20,20,95.6,11,4,80.8,28.5,243,30,34,34,0,E6,20,20,0.0,0.5,0,5
mas,1014,default,177,20,20,83.5,7,4,70.18,28.5,138,81,64,96,0,E6,20,20,0.0,0.5,0,5
mas_iterative,1014,default,158,20,20,80.45,7,4,68.38,28.5,108,27,60,90,0,E6,20,20,0.0,0.5,0,5
cbba,1014,default,227,20,20,97.25,9,4,78.74,28.0,303,98,541,2849,126,E6,20,20,0.0,0.5,0,5
claim,1015,default,249,20,20,116.35,12,4,100.16,34.0,481,38,42,42,0,E6,20,20,0.0,0.5,0,5
mas,1015,default,210,20,20,112.5,11,4,97.08,34.0,318,35,74,111,0,E6,20,20,0.0,0.5,0,5
mas_iterative,1015,default,210,20,20,112.5,11,4,97.08,34.0,304,32,72,108,0,E6,20,20,0.0,0.5,0,5
cbba,1015,default,237,20,20,113.85,10,4,98.16,34.0,328,114,343,1711,77,E6,20,20,0.0,0.5,0,5
claim,1016,default,194,20,20,102.35,13,4,78.04,40.166666666666664,319,37,41,41,0,E6,20,20,0.0,0.5,0,5
mas,1016,default,140,20,20,77.9,8,4,62.4,36.5,133,44,64,96,0,E6,20,20,0.0,0.5,0,5
mas_iterative,1016,default,197,20,20,99.0,13,4,72.92,36.333333333333336,372,47,86,129,0,E6,20,20,0.0,0.5,0,5
cbba,1016,default,150,20,20,80.85,9,4,64.18,36.5,185,28,444,2280,103,E6,20,20,0.0,0.5,0,5
claim,1017,default,224,20,20,111.7,13,4,93.48076923076923,41.666666666666664,369,111,39,39,0,E6,20,20,0.0,0.5,0,5
mas,1017,default,222,20,20,111.45,10,4,93.8076923076923,41.666666666666664,343,127,76,114,0,E6,20,20,0.0,0.5,0,5
mas_iterative,1017,default,214,20,20,110.3,9,4,93.32692307692308,41.666666666666664,338,106,78,117,0,E6,20,20,0.0,0.5,0,5
cbba,1017,default,202,20,20,92.75,9,4,79.4423076923077,36.0,197,153,407,2205,94,E6,20,20,0.0,0.5,0,5
claim,1018,default,281,20,20,147.75,12,4,111.93181818181819,32.666666666666664,495,70,40,40,0,E6,20,20,0.0,0.5,0,5
mas,1018,default,236,20,20,120.65,7,4,93.5,32.666666666666664,318,51,69,104,0,E6,20,20,0.0,0.5,0,5
mas_iterative,1018,default,238,20,20,113.45,10,4,85.86363636363636,32.666666666666664,266,63,74,111,0,E6,20,20,0.0,0.5,0,5
cbba,1018,default,210,20,20,110.5,6,4,86.63636363636364,32.666666666666664,198,38,429,2295,99,E6,20,20,0.0,0.5,0,5
claim,1019,default,245,20,20,112.25,12,4,94.31372549019608,32.0,374,87,37,37,0,E6,20,20,0.0,0.5,0,5
mas,1019,default,222,20,20,100.25,9,4,86.98039215686275,32.0,321,30,68,102,0,E6,20,20,0.0,0.5,0,5
mas_iterative,1019,default,222,20,20,100.25,9,4,86.98039215686275,32.0,321,30,68,102,0,E6,20,20,0.0,0.5,0,5
cbba,1019,default,185,20,20,94.25,4,4,81.84313725490196,32.0,152,65,399,2127,93,E6,20,20,0.0,0.5,0,5
claim,1020,default,260,20,20,123.6,12,4,97.84782608695652,28.5,440,77,40,40,0,E6,20,20,0.0,0.5,0,5
mas,1020,default,213,20,20,110.05,8,4,91.19565217391305,28.5,238,81,68,102,0,E6,20,20,0.0,0.5,0,5
mas_iterative,1020,default,227,20,20,120.5,10,4,97.06521739130434,28.5,376,35,82,123,0,E6,20,20,0.0,0.5,0,5
cbba,1020,default,255,20,20,130.8,11,4,104.26086956521739,28.5,417,99,454,2384,104,E6,20,20,0.0,0.5,0,5
claim,1021,default,294,20,20,109.5,14,4,87.19565217391305,35.666666666666664,692,45,49,49,0,E6,20,20,0.0,0.5,0,5
mas,1021,default,204,20,20,102.4,10,4,81.0,35.666666666666664,332,48,70,105,0,E6,20,20,0.0,0.5,0,5
mas_iterative,1021,default,204,20,20,102.35,10,4,80.97826086956522,35.666666666666664,332,48,70,105,0,E6,20,20,0.0,0.5,0,5
cbba,1021,default,196,20,20,94.35,11,4,77.52173913043478,35.666666666666664,259,55,360,1790,81,E6,20,20,0.0,0.5,0,5
claim,1022,default,261,20,20,128.75,13,4,106.41176470588235,41.5,533,39,43,43,0,E6,20,20,0.0,0.5,0,5
mas,1022,default,175,20,20,90.6,5,4,77.70588235294117,41.5,119,77,63,95,0,E6,20,20,0.0,0.5,0,5
mas_iterative,1022,default,223,20,20,100.6,9,4,84.13725490196079,41.5,336,62,79,119,0,E6,20,20,0.0,0.5,0,5
cbba,1022,default,178,20,20,94.6,7,4,80.43137254901961,41.5,147,34,325,1545,73,E6,20,20,0.0,0.5,0,5
claim,1023,default,276,20,20,147.45,11,4,121.25490196078431,38.0,491,57,41,41,0,E6,20,20,0.0,0.5,0,5
mas,1023,default,201,20,20,104.45,5,4,88.7843137254902,38.0,127,111,52,78,0,E6,20,20,0.0,0.5,0,5
mas_iterative,1023,default,200,20,20,108.25,5,4,90.90196078431373,38.0,174,62,56,84,0,E6,20,20,0.0,0.5,0,5
cbba,1023,default,229,20,20,126.65,10,4,106.6470588235294,38.0,360,46,427,2241,98,E6,20,20,0.0,0.5,0,5
claim,1024,default,298,20,20,153.05,11,4,128.22448979591837,54.333333333333336,596,122,46,46,0,E6,20,20,0.0,0.5,0,5
mas,1024,default,237,20,20,111.25,12,4,95.36734693877551,41.0,357,111,80,120,0,E6,20,20,0.0,0.5,0,5
mas_iterative,1024,default,216,20,20,112.4,8,4,92.77551020408163,41.333333333333336,263,111,66,99,0,E6,20,20,0.0,0.5,0,5
cbba,1024,default,199,20,20,97.95,10,4,81.34693877551021,40.666666666666664,271,34,415,2227,95,E6,20,20,0.0,0.5,0,5
claim,1025,default,177,20,20,88.65,7,4,71.89795918367346,40.5,209,63,28,28,0,E6,20,20,0.0,0.5,0,5
mas,1025,default,177,20,20,88.65,7,4,71.89795918367346,40.5,209,63,56,84,0,E6,20,20,0.0,0.5,0,5
mas_iterative,1025,default,177,20,20,88.65,7,4,71.89795918367346,40.5,209,63,56,84,0,E6,20,20,0.0,0.5,0,5
cbba,1025,default,177,20,20,88.65,7,4,71.89795918367346,40.5,209,63,404,2208,94,E6,20,20,0.0,0.5,0,5
claim,1026,default,261,20,20,138.55,14,4,112.11320754716981,46.333333333333336,522,68,45,45,0,E6,20,20,0.0,0.5,0,5
mas,1026,default,266,20,20,123.0,11,4,101.66037735849056,44.833333333333336,506,64,84,126,0,E6,20,20,0.0,0.5,0,5
mas_iterative,1026,default,221,20,20,107.1,11,4,88.66037735849056,44.666666666666664,307,92,82,123,0,E6,20,20,0.0,0.5,0,5
cbba,1026,default,197,20,20,98.9,6,4,83.0377358490566,47.5,262,31,422,2182,98,E6,20,20,0.0,0.5,0,5
claim,1027,default,267,20,20,136.8,12,4,112.38297872340425,54.5,547,49,44,44,0,E6,20,20,0.0,0.5,0,5
mas,1027,default,193,20,20,96.95,8,4,77.91489361702128,33.75,227,42,72,109,0,E6,20,20,0.0,0.5,0,5
mas_iterative,1027,default,186,20,20,92.65,6,4,74.93617021276596,31.75,92,117,66,100,0,E6,20,20,0.0,0.5,0,5
cbba,1027,default,205,20,20,102.6,9,4,80.55319148936171,32.25,272,42,433,2259,100,E6,20,20,0.0,0.5,0,5
claim,1028,default,296,20,20,164.35,12,4,138.5909090909091,43.0,591,40,44,44,0,E6,20,20,0.0,0.5,0,5
mas,1028,default,212,20,20,106.6,8,4,84.22727272727273,42.0,233,34,75,113,0,E6,20,20,0.0,0.5,0,5
mas_iterative,1028,default,240,20,20,128.75,11,4,103.77272727272727,41.5,371,69,77,116,0,E6,20,20,0.0,0.5,0,5
cbba,1028,default,220,20,20,124.05,10,4,102.04545454545455,40.0,356,33,437,2193,100,E6,20,20,0.0,0.5,0,5
claim,1030,default,263,20,20,117.2,14,4,88.73809523809524,43.5,592,41,45,45,0,E6,20,20,0.0,0.5,0,5
mas,1030,default,167,20,20,84.0,7,4,67.64285714285714,42.5,175,40,66,99,0,E6,20,20,0.0,0.5,0,5
mas_iterative,1030,default,218,20,20,89.85,7,4,69.92857142857143,42.0,316,110,72,108,0,E6,20,20,0.0,0.5,0,5
cbba,1030,default,195,20,20,84.1,8,4,64.5952380952381,33.5,214,80,509,2649,119,E6,20,20,0.0,0.5,0,5
claim,1031,default,263,20,20,121.6,15,4,97.94545454545455,49.42857142857143,485,70,45,45,0,E6,20,20,0.0,0.5,0,5
mas,1031,default,200,20,20,92.05,6,4,75.2,39.57142857142857,145,139,62,93,0,E6,20,20,0.0,0.5,0,5
mas_iterative,1031,default,202,20,20,91.65,7,4,74.94545454545455,39.857142857142854,155,146,62,93,0,E6,20,20,0.0,0.5,0,5
cbba,1031,default,193,20,20,88.75,7,4,72.87272727272727,39.857142857142854,180,81,537,2821,126,E6,20,20,0.0,0.5,0,5
claim,1032,default,213,20,20,108.45,11,4,87.46808510638297,34.0,335,51,35,35,0,E6,20,20,0.0,0.5,0,5
mas,1032,default,239,20,20,108.4,12,4,82.8936170212766,34.0,393,87,77,116,0,E6,20,20,0.0,0.5,0,5
mas_iterative,1032,default,205,20,20,102.2,8,4,81.59574468085107,33.5,268,87,74,111,0,E6,20,20,0.0,0.5,0,5
cbba,1032,default,156,20,20,82.05,4,4,66.38297872340425,33.5,102,60,407,2217,95,E6,20,20,0.0,0.5,0,5
claim,1033,default,272,20,20,119.65,8,4,100.35185185185185,55.0,377,111,35,35,0,E6,20,20,0.0,0.5,0,5
mas,1033,default,200,20,20,95.6,5,4,80.5925925925926,45.0,116,77,60,90,0,E6,20,20,0.0,0.5,0,5
mas_iterative,1033,default,219,20,20,113.1,6,4,95.27777777777777,49.4,276,46,73,110,0,E6,20,20,0.0,0.5,0,5
cbba,1033,default,255,20,20,103.2,8,4,84.66666666666667,44.6,260,175,466,2450,108,E6,20,20,0.0,0.5,0,5
claim,1034,default,253,20,20,110.95,11,4,84.66666666666667,48.5,322,146,34,34,0,E6,20,20,0.0,0.5,0,5
mas,1034,default,186,20,20,91.4,8,4,71.64444444444445,37.5,145,81,70,105,0,E6,20,20,0.0,0.5,0,5
mas_iterative,1034,default,239,20,20,103.85,10,4,79.04444444444445,37.0,277,165,74,111,0,E6,20,20,0.0,0.5,0,5
cbba,1034,default,213,20,20,100.95,12,4,77.28888888888889,37.0,254,112,480,2618,111,E6,20,20,0.0,0.5,0,5
claim,1035,default,310,20,20,129.25,15,4,107.70370370370371,41.2,716,44,48,48,0,E6,20,20,0.0,0.5,0,5
mas,1035,default,231,20,20,106.65,14,4,91.37037037037037,38.6,410,54,90,135,0,E6,20,20,0.0,0.5,0,5
mas_iterative,1035,default,231,20,20,106.65,14,4,91.37037037037037,38.6,410,54,90,135,0,E6,20,20,0.0,0.5,0,5
cbba,1035,default,236,20,20,120.45,9,4,102.27777777777777,38.8,337,114,359,1847,81,E6,20,20,0.0,0.5,0,5
claim,1036,default,242,20,20,116.9,11,4,94.93877551020408,44.25,291,99,34,34,0,E6,20,20,0.0,0.5,0,5
mas,1036,default,235,20,20,117.0,9,4,95.28571428571429,48.25,235,125,70,105,0,E6,20,20,0.0,0.5,0,5
mas_iterative,1036,default,206,20,20,106.6,7,4,84.61224489795919,37.5,200,70,70,105,0,E6,20,20,0.0,0.5,0,5
cbba,1036,default,224,20,20,119.65,5,4,96.85714285714286,48.25,230,114,393,2103,91,E6,20,20,0.0,0.5,0,5
claim,1037,default,237,20,20,115.55,10,4,90.41304347826087,47.4,247,177,31,31,0,E6,20,20,0.0,0.5,0,5
mas,1037,default,227,20,20,118.15,9,4,90.8913043478261,43.2,324,79,86,129,0,E6,20,20,0.0,0.5,0,5
mas_iterative,1037,default,219,20,20,106.85,6,4,81.28260869565217,33.8,253,72,72,108,0,E6,20,20,0.0,0.5,0,5
cbba,1037,default,222,20,20,107.05,7,4,81.58695652173913,33.8,235,129,491,2625,115,E6,20,20,0.0,0.5,0,5
claim,1038,default,211,20,20,96.5,10,4,80.63793103448276,46.5,288,96,33,33,0,E6,20,20,0.0,0.5,0,5
mas,1038,default,211,20,20,96.5,10,4,80.63793103448276,46.5,288,96,66,99,0,E6,20,20,0.0,0.5,0,5
mas_iterative,1038,default,211,20,20,96.5,10,4,80.63793103448276,46.5,288,96,66,99,0,E6,20,20,0.0,0.5,0,5
cbba,1038,default,183,20,20,84.3,4,4,70.86206896551724,45.0,113,108,408,2148,96,E6,20,20,0.0,0.5,0,5
claim,1039,default,275,20,20,123.55,16,4,97.80357142857143,41.166666666666664,543,44,48,48,0,E6,20,20,0.0,0.5,0,5
mas,1039,default,220,20,20,105.1,10,4,87.78571428571429,41.166666666666664,256,122,72,108,0,E6,20,20,0.0,0.5,0,5
mas_iterative,1039,default,236,20,20,107.05,13,4,88.51785714285714,41.166666666666664,362,53,84,126,0,E6,20,20,0.0,0.5,0,5
cbba,1039,default,217,20,20,103.75,11,4,83.10714285714286,36.166666666666664,295,74,425,2225,97,E6,20,20,0.0,0.5,0,5
claim,1040,default,236,20,20,110.1,13,4,92.89795918367346,46.0,409,74,40,40,0,E6,20,20,0.0,0.5,0,5
mas,1040,default,202,20,20,105.75,12,4,90.73469387755102,46.0,272,35,78,117,0,E6,20,20,0.0,0.5,0,5
mas_iterative,1040,default,202,20,20,105.7,12,4,90.6938775510204,46.0,273,34,78,117,0,E6,20,20,0.0,0.5,0,5
cbba,1040,default,175,20,20,100.05,9,4,87.10204081632654,46.0,178,68,339,1753,77,E6,20,20,0.0,0.5,0,5
claim,1041,default,185,20,20,101.8,10,4,83.6,36.5,226,28,32,32,0,E6,20,20,0.0,0.5,0,5
mas,1041,default,185,20,20,101.8,10,4,83.6,36.5,226,28,64,96,0,E6,20,20,0.0,0.5,0,5
mas_iterative,1041,default,185,20,20,101.8,10,4,83.6,36.5,226,28,64,96,0,E6,20,20,0.0,0.5,0,5
cbba,1041,default,215,20,20,106.0,7,4,83.32,30.75,242,117,427,2271,99,E6,20,20,0.0,0.5,0,5
claim,1042,default,250,20,20,94.1,11,4,74.96153846153847,38.4,509,40,44,44,0,E6,20,20,0.0,0.5,0,5
mas,1042,default,190,20,20,88.95,11,4,71.65384615384616,38.4,233,64,73,110,0,E6,20,20,0.0,0.5,0,5
mas_iterative,1042,default,213,20,20,90.8,10,4,72.40384615384616,38.4,279,124,74,111,0,E6,20,20,0.0,0.5,0,5
cbba,1042,default,195,20,20,90.25,14,4,73.0,37.2,219,119,487,2553,113,E6,20,20,0.0,0.5,0,5
claim,1043,default,227,20,20,110.35,14,4,82.6842105263158,31.0,403,44,42,42,0,E6,20,20,0.0,0.5,0,5
mas,1043,default,208,20,20,92.35,10,4,71.84210526315789,31.0,268,99,77,116,0,E6,20,20,0.0,0.5,0,5
mas_iterative,1043,default,203,20,20,90.35,10,4,70.78947368421052,31.0,227,54,70,105,0,E6,20,20,0.0,0.5,0,5
cbba,1043,default,188,20,20,89.65,7,4,66.34210526315789,31.0,222,51,581,3213,137,E6,20,20,0.0,0.5,0,5
claim,1044,default,189,20,20,99.85,11,4,86.92,51.25,291,31,35,35,0,E6,20,20,0.0,0.5,0,5
mas,1044,default,205,20,20,110.05,10,4,93.72,51.0,316,74,79,119,0,E6,20,20,0.0,0.5,0,5
mas_iterative,1044,default,224,20,20,110.95,9,4,94.54,51.0,308,130,74,111,0,E6,20,20,0.0,0.5,0,5
cbba,1044,default,201,20,20,102.65,7,4,86.5,43.5,297,74,398,2138,91,E6,20,20,0.0,0.5,0,5
claim,1045,default,268,20,20,109.9,7,4,86.84615384615384,39.0,344,158,34,34,0,E6,20,20,0.0,0.5,0,5
mas,1045,default,266,20,20,111.65,10,4,88.03846153846153,32.25,381,157,80,120,0,E6,20,20,0.0,0.5,0,5
mas_iterative,1045,default,228,20,20,103.35,8,4,83.36538461538461,32.0,319,29,68,102,0,E6,20,20,0.0,0.5,0,5
cbba,1045,default,237,20,20,90.65,5,4,73.07692307692308,32.0,236,134,495,2523,116,E6,20,20,0.0,0.5,0,5
claim,1046,default,286,20,20,149.75,12,4,125.20754716981132,60.4,660,45,49,49,0,E6,20,20,0.0,0.5,0,5
mas,1046,default,242,20,20,107.3,13,4,88.84905660377359,42.8,334,101,86,129,0,E6,20,20,0.0,0.5,0,5
mas_iterative,1046,default,228,20,20,110.45,9,4,92.13207547169812,42.0,283,127,76,114,0,E6,20,20,0.0,0.5,0,5
cbba,1046,default,209,20,20,112.1,9,4,94.9245283018868,45.4,232,92,488,2600,113,E6,20,20,0.0,0.5,0,5
claim,1047,default,251,20,20,126.5,13,4,96.46666666666667,43.0,502,104,46,46,0,E6,20,20,0.0,0.5,0,5
mas,1047,default,199,20,20,99.95,10,4,79.73333333333333,31.0,291,81,79,119,0,E6,20,20,0.0,0.5,0,5
mas_iterative,1047,default,199,20,20,99.75,11,4,79.33333333333333,30.5,326,55,89,134,0,E6,20,20,0.0,0.5,0,5
cbba,1047,default,169,20,20,97.1,8,4,77.88888888888889,30.5,205,58,446,2396,103,E6,20,20,0.0,0.5,0,5
claim,1048,default,274,20,20,151.25,14,4,128.27659574468086,56.0,524,87,46,46,0,E6,20,20,0.0,0.5,0,5
mas,1048,default,202,20,20,109.75,9,4,94.80851063829788,49.0,253,32,72,108,0,E6,20,20,0.0,0.5,0,5
mas_iterative,1048,default,206,20,20,104.9,7,4,90.61702127659575,45.0,219,99,64,96,0,E6,20,20,0.0,0.5,0,5
cbba,1048,default,179,20,20,88.8,3,4,75.29787234042553,30.0,93,105,409,2221,96,E6,20,20,0.0,0.5,0,5
claim,1049,default,285,20,20,130.4,12,4,111.2909090909091,39.333333333333336,583,47,49,49,0,E6,20,20,0.0,0.5,0,5
mas,1049,default,252,20,20,125.15,11,4,108.10909090909091,39.333333333333336,434,52,78,117,0,E6,20,20,0.0,0.5,0,5
mas_iterative,1049,default,225,20,20,116.95,10,4,102.67272727272727,39.333333333333336,302,87,74,111,0,E6,20,20,0.0,0.5,0,5
cbba,1049,default,198,20,20,94.6,6,4,83.23636363636363,31.666666666666668,124,116,413,2201,96,E6,20,20,0.0,0.5,0,5
claim,1050,default,299,20,20,125.05,16,4,96.60416666666667,44.0,626,89,53,53,0,E6,20,20,0.0,0.5,0,5
mas,1050,default,198,20,20,105.85,11,4,85.10416666666667,44.0,197,76,68,102,0,E6,20,20,0.0,0.5,0,5
mas_iterative,1050,default,198,20,20,105.85,11,4,85.10416666666667,44.0,197,76,68,102,0,E6,20,20,0.0,0.5,0,5
cbba,1050,default,244,20,20,125.9,10,4,96.39583333333333,48.25,450,58,367,1875,82,E6,20,20,0.0,0.5,0,5
claim,1051,default,249,20,20,128.5,9,4,105.0,38.5,330,141,36,36,0,E6,20,20,0.0,0.5,0,5
mas,1051,default,223,20,20,114.05,9,4,93.44444444444444,38.5,287,92,68,102,0,E6,20,20,0.0,0.5,0,5
mas_iterative,1051,default,224,20,20,114.15,9,4,93.46666666666667,38.5,288,94,68,102,0,E6,20,20,0.0,0.5,0,5
cbba,1051,default,211,20,20,103.3,8,4,85.02222222222223,38.5,239,85,424,2274,99,E6,20,20,0.0,0.5,0,5
claim,1052,default,239,20,20,121.9,13,4,100.47826086956522,41.0,403,38,42,42,0,E6,20,20,0.0,0.5,0,5
mas,1052,default,242,20,20,113.05,8,4,93.6086956521739,35.333333333333336,336,158,81,122,0,E6,20,20,0.0,0.5,0,5
mas_iterative,1052,default,212,20,20,118.3,11,4,96.30434782608695,34.666666666666664,341,47,82,123,0,E6,20,20,0.0,0.5,0,5
cbba,1052,default,235,20,20,111.85,12,4,91.06521739130434,33.666666666666664,293,147,448,2406,103,E6,20,20,0.0,0.5,0,5
claim,1053,default,217,20,20,98.5,11,4,84.96078431372548,41.8,367,33,37,37,0,E6,20,20,0.0,0.5,0,5
mas,1053,default,217,20,20,98.5,11,4,84.96078431372548,41.8,331,68,74,111,0,E6,20,20,0.0,0.5,0,5
mas_iterative,1053,default,217,20,20,98.5,11,4,84.96078431372548,41.8,331,68,74,111,0,E6,20,20,0.0,0.5,0,5
cbba,1053,default,208,20,20,91.3,10,4,76.0,41.8,290,67,388,1968,88,E6,20,20,0.0,0.5,0,5
claim,1054,default,240,20,20,111.9,11,4,95.38636363636364,41.0,420,37,41,41,0,E6,20,20,0.0,0.5,0,5
mas,1054,default,253,20,20,119.25,10,4,95.36363636363636,29.0,359,122,74,111,0,E6,20,20,0.0,0.5,0,5
mas_iterative,1054,default,253,20,20,119.0,10,4,95.11363636363636,28.5,360,121,76,114,0,E6,20,20,0.0,0.5,0,5
cbba,1054,default,216,20,20,98.6,8,4,84.77272727272727,28.5,271,64,581,3169,137,E6,20,20,0.0,0.5,0,5
claim,1055,default,234,20,20,114.7,10,4,97.56603773584905,42.5,398,85,39,39,0,E6,20,20,0.0,0.5,0,5
mas,1055,default,186,20,20,102.5,8,4,89.41509433962264,42.5,194,54,71,107,0,E6,20,20,0.0,0.5,0,5
mas_iterative,1055,default,213,20,20,106.05,11,4,90.9622641509434,42.5,313,52,77,116,0,E6,20,20,0.0,0.5,0,5
cbba,1055,default,186,20,20,103.8,7,4,89.20754716981132,42.5,242,57,529,2935,124,E6,20,20,0.0,0.5,0,5
claim,1056,default,212,20,20,101.35,10,4,81.88679245283019,44.4,285,134,39,39,0,E6,20,20,0.0,0.5,0,5
mas,1056,default,195,20,20,90.5,7,4,74.43396226415095,40.2,240,69,68,102,0,E6,20,20,0.0,0.5,0,5
mas_iterative,1056,default,186,20,20,91.15,11,4,74.13207547169812,40.0,267,31,74,111,0,E6,20,20,0.0,0.5,0,5
cbba,1056,default,209,20,20,93.7,10,4,75.18867924528301,40.0,267,139,543,2999,127,E6,20,20,0.0,0.5,0,5
claim,1057,default,219,20,20,118.3,11,4,98.19298245614036,47.166666666666664,320,90,36,36,0,E6,20,20,0.0,0.5,0,5
mas,1057,default,224,20,20,120.15,11,4,98.7719298245614,47.166666666666664,374,46,80,120,0,E6,20,20,0.0,0.5,0,5
mas_iterative,1057,default,224,20,20,120.1,11,4,98.71929824561404,47.166666666666664,375,45,80,120,0,E6,20,20,0.0,0.5,0,5
cbba,1057,default,224,20,20,118.55,11,4,97.9298245614035,47.166666666666664,343,88,529,2887,123,E6,20,20,0.0,0.5,0,5
claim,1058,default,281,20,20,114.1,9,4,94.68627450980392,38.5,541,42,46,46,0,E6,20,20,0.0,0.5,0,5
mas,1058,default,247,20,20,119.7,10,4,101.31372549019608,41.0,353,82,70,105,0,E6,20,20,0.0,0.5,0,5
mas_iterative,1058,default,247,20,20,119.6,10,4,101.2156862745098,41.0,354,81,70,105,0,E6,20,20,0.0,0.5,0,5
cbba,1058,default,218,20,20,103.35,7,4,88.05882352941177,32.0,243,76,516,2840,121,E6,20,20,0.0,0.5,0,5
claim,1059,default,224,20,20,108.9,12,4,89.73076923076923,53.4,374,100,38,38,0,E6,20,20,0.0,0.5,0,5
mas,1059,default,209,20,20,102.95,10,4,85.71153846153847,46.2,285,108,75,113,0,E6,20,20,0.0,0.5,0,5
mas_iterative,1059,default,199,20,20,101.6,8,4,85.11538461538461,46.2,245,103,78,118,0,E6,20,20,0.0,0.5,0,5
cbba,1059,default,215,20,20,94.45,7,4,76.96153846153847,39.8,273,93,379,1883,87,E6,20,20,0.0,0.5,0,5
claim,1060,default,202,20,20,94.5,9,4,76.67391304347827,41.0,324,35,39,39,0,E6,20,20,0.0,0.5,0,5
mas,1060,default,172,20,20,89.4,7,4,73.6086956521739,41.0,118,71,60,90,0,E6,20,20,0.0,0.5,0,5
mas_iterative,1060,default,171,20,20,89.2,7,4,73.45652173913044,41.0,118,68,60,90,0,E6,20,20,0.0,0.5,0,5
cbba,1060,default,151,20,20,78.5,5,4,63.41304347826087,33.0,86,49,370,1954,86,E6,20,20,0.0,0.5,0,5
claim,1061,default,240,20,20,112.9,10,4,95.39583333333333,52.0,373,34,38,38,0,E6,20,20,0.0,0.5,0,5
mas,1061,default,213,20,20,106.05,6,4,89.79166666666667,39.666666666666664,270,29,66,99,0,E6,20,20,0.0,0.5,0,5
mas_iterative,1061,default,199,20,20,93.4,8,4,80.16666666666667,39.333333333333336,212,41,66,99,0,E6,20,20,0.0,0.5,0,5
cbba,1061,default,195,20,20,89.7,6,4,75.04166666666667,31.333333333333332,194,53,438,2270,102,E6,20,20,0.0,0.5,0,5
claim,1062,default,259,20,20,112.75,10,4,100.03389830508475,46.2,497,36,40,40,0,E6,20,20,0.0,0.5,0,5
mas,1062,default,221,20,20,109.3,6,4,97.33898305084746,44.4,259,83,66,99,0,E6,20,20,0.0,0.5,0,5
mas_iterative,1062,default,207,20,20,98.9,8,4,88.67796610169492,44.2,211,65,64,96,0,E6,20,20,0.0,0.5,0,5
cbba,1062,default,232,20,20,104.5,9,4,92.76271186440678,44.2,254,133,615,3293,146,E6,20,20,0.0,0.5,0,5
claim,1063,default,211,20,20,113.65,9,4,95.45283018867924,50.4,331,97,36,36,0,E6,20,20,0.0,0.5,0,5
mas,1063,default,203,20,20,111.35,9,4,94.09433962264151,50.4,368,36,74,111,0,E6,20,20,0.0,0.5,0,5
mas_iterative,1063,default,203,20,20,111.35,9,4,94.09433962264151,50.4,368,36,74,111,0,E6,20,20,0.0,0.5,0,5
cbba,1063,default,200,20,20,88.75,7,4,73.47169811320755,33.8,200,159,413,2109,96,E6,20,20,0.0,0.5,0,5
claim,1064,default,208,20,20,96.7,11,4,77.64285714285714,52.333333333333336,314,98,36,36,0,E6,20,20,0.0,0.5,0,5
mas,1064,default,191,20,20,86.6,11,4,70.46428571428571,49.333333333333336,251,35,78,117,0,E6,20,20,0.0,0.5,0,5
mas_iterative,1064,default,191,20,20,86.55,11,4,70.41071428571429,49.333333333333336,252,34,78,117,0,E6,20,20,0.0,0.5,0,5
cbba,1064,default,173,20,20,79.6,8,4,66.33928571428571,45.666666666666664,150,112,451,2483,105,E6,20,20,0.0,0.5,0,5
claim,1065,default,230,20,20,105.15,13,4,85.10416666666667,38.0,518,41,45,45,0,E6,20,20,0.0,0.5,0,5
mas,1065,default,179,20,20,89.15,10,4,75.60416666666667,38.0,201,123,73,110,0,E6,20,20,0.0,0.5,0,5
mas_iterative,1065,default,185,20,20,90.85,10,4,76.60416666666667,38.0,234,98,76,114,0,E6,20,20,0.0,0.5,0,5
cbba,1065,default,168,20,20,86.35,10,4,73.58333333333333,38.0,177,62,385,1993,88,E6,20,20,0.0,0.5,0,5
claim,1066,default,221,20,20,114.05,14,4,90.85454545454546,42.0,391,53,41,41,0,E6,20,20,0.0,0.5,0,5
mas,1066,default,195,20,20,100.55,11,4,80.61818181818182,42.285714285714285,292,36,80,120,0,E6,20,20,0.0,0.5,0,5
mas_iterative,1066,default,195,20,20,100.9,9,4,80.94545454545455,42.714285714285715,251,50,76,114,0,E6,20,20,0.0,0.5,0,5
cbba,1066,default,184,20,20,98.5,8,4,79.2909090909091,42.0,259,42,366,1920,83,E6,20,20,0.0,0.5,0,5
claim,1067,default,304,20,20,147.95,14,4,119.70833333333333,43.5,656,51,55,55,0,E6,20,20,0.0,0.5,0,5
mas,1067,default,257,20,20,129.1,10,4,105.20833333333333,43.5,399,85,80,120,0,E6,20,20,0.0,0.5,0,5
mas_iterative,1067,default,231,20,20,108.7,10,4,87.83333333333333,35.25,288,113,84,126,0,E6,20,20,0.0,0.5,0,5
cbba,1067,default,198,20,20,97.8,9,4,80.16666666666667,35.5,213,66,367,1889,84,E6,20,20,0.0,0.5,0,5
claim,1068,default,338,20,20,136.0,17,4,106.92592592592592,38.0,838,50,54,54,0,E6,20,20,0.0,0.5,0,5
mas,1068,default,220,20,20,108.5,12,4,91.96296296296296,38.0,357,60,85,128,0,E6,20,20,0.0,0.5,0,5
mas_iterative,1068,default,267,20,20,116.95,12,4,97.16666666666667,38.0,523,76,97,147,0,E6,20,20,0.0,0.5,0,5
cbba,1068,default,228,20,20,95.45,9,4,79.61111111111111,32.0,349,57,459,2375,105,E6,20,20,0.0,0.5,0,5
claim,1069,default,208,20,20,95.3,10,4,78.78846153846153,44.6,285,74,33,33,0,E6,20,20,0.0,0.5,0,5
mas,1069,default,179,20,20,92.6,11,4,77.75,44.6,202,32,64,96,0,E6,20,20,0.0,0.5,0,5
mas_iterative,1069,default,179,20,20,92.6,11,4,77.75,44.6,202,32,64,96,0,E6,20,20,0.0,0.5,0,5
cbba,1069,default,208,20,20,95.3,10,4,78.78846153846153,44.6,285,74,401,2169,92,E6,20,20,0.0,0.5,0,5
claim,1070,default,207,20,20,96.0,9,4,82.44262295081967,45.57142857142857,242,112,32,32,0,E6,20,20,0.0,0.5,0,5
mas,1070,default,207,20,20,96.0,9,4,82.44262295081967,45.57142857142857,242,112,64,96,0,E6,20,20,0.0,0.5,0,5
mas_iterative,1070,default,207,20,20,96.0,9,4,82.44262295081967,45.57142857142857,242,112,64,96,0,E6,20,20,0.0,0.5,0,5
cbba,1070,default,205,20,20,93.4,8,4,79.65573770491804,42.714285714285715,233,84,503,2649,118,E6,20,20,0.0,0.5,0,5
claim,1071,default,230,20,20,113.4,14,4,88.37254901960785,39.8,316,39,37,37,0,E6,20,20,0.0,0.5,0,5
mas,1071,default,230,20,20,113.4,14,4,88.37254901960785,39.8,316,39,74,111,0,E6,20,20,0.0,0.5,0,5
mas_iterative,1071,default,230,20,20,113.4,14,4,88.37254901960785,39.8,316,39,74,111,0,E6,20,20,0.0,0.5,0,5
cbba,1071,default,229,20,20,112.85,16,4,87.80392156862744,39.8,381,36,532,2848,123,E6,20,20,0.0,0.5,0,5
claim,1072,default,255,20,20,125.15,10,4,112.83636363636364,62.75,513,88,41,41,0,E6,20,20,0.0,0.5,0,5
mas,1072,default,254,20,20,122.95,8,4,110.87272727272727,61.25,418,152,79,119,0,E6,20,20,0.0,0.5,0,5
mas_iterative,1072,default,236,20,20,117.75,10,4,106.8,61.0,398,109,81,122,0,E6,20,20,0.0,0.5,0,5
cbba,1072,default,180,20,20,86.35,8,4,78.41818181818182,42.0,270,32,484,2556,112,E6,20,20,0.0,0.5,0,5
claim,1073,default,184,20,20,108.8,9,4,90.04081632653062,39.0,254,31,33,33,0,E6,20,20,0.0,0.5,0,5
mas,1073,default,204,20,20,110.95,10,4,89.61224489795919,39.0,285,55,76,114,0,E6,20,20,0.0,0.5,0,5
mas_iterative,1073,default,204,20,20,110.85,9,4,89.53061224489795,39.0,296,68,74,111,0,E6,20,20,0.0,0.5,0,5
cbba,1073,default,203,20,20,107.15,7,4,86.10204081632654,39.0,256,88,339,1795,77,E6,20,20,0.0,0.5,0,5
claim,1074,default,216,20,20,107.4,11,4,88.23076923076923,45.0,301,31,35,35,0,E6,20,20,0.0,0.5,0,5
mas,1074,default,215,20,20,105.85,10,4,87.63461538461539,45.0,329,32,72,108,0,E6,20,20,0.0,0.5,0,5
mas_iterative,1074,default,215,20,20,105.8,10,4,87.61538461538461,45.0,329,31,72,108,0,E6,20,20,0.0,0.5,0,5
cbba,1074,default,194,20,20,104.8,8,4,86.9423076923077,45.0,257,43,535,2933,126,E6,20,20,0.0,0.5,0,5
claim,1075,default,256,20,20,126.7,13,4,99.48936170212765,43.0,477,46,41,41,0,E6,20,20,0.0,0.5,0,5
mas,1075,default,208,20,20,100.4,8,4,79.02127659574468,35.666666666666664,153,123,68,102,0,E6,20,20,0.0,0.5,0,5
mas_iterative,1075,default,208,20,20,100.25,8,4,78.87234042553192,35.333333333333336,155,120,68,102,0,E6,20,20,0.0,0.5,0,5
cbba,1075,default,199,20,20,101.25,10,4,79.27659574468085,35.333333333333336,208,43,528,2720,124,E6,20,20,0.0,0.5,0,5
claim,1076,default,314,20,20,161.6,15,4,120.9375,45.6,681,50,54,54,0,E6,20,20,0.0,0.5,0,5
mas,1076,default,205,20,20,109.25,5,4,86.5625,37.6,162,75,68,102,0,E6,20,20,0.0,0.5,0,5
mas_iterative,1076,default,238,20,20,112.7,7,4,87.75,37.2,257,119,72,108,0,E6,20,20,0.0,0.5,0,5
cbba,1076,default,214,20,20,103.25,6,4,81.66666666666667,38.0,189,100,490,2530,115,E6,20,20,0.0,0.5,0,5
claim,1077,default,220,20,20,105.95,11,4,80.58181818181818,45.75,365,32,36,36,0,E6,20,20,0.0,0.5,0,5
mas,1077,default,196,20,20,96.6,8,4,74.01818181818182,42.375,275,30,68,102,0,E6,20,20,0.0,0.5,0,5
mas_iterative,1077,default,202,20,20,97.4,6,4,72.81818181818181,40.625,234,70,72,108,0,E6,20,20,0.0,0.5,0,5
cbba,1077,default,180,20,20,88.4,9,4,68.25454545454545,41.625,181,60,499,2601,117,E6,20,20,0.0,0.5,0,5
claim,1078,default,270,20,20,132.85,13,4,106.3695652173913,47.0,460,132,43,43,0,E6,20,20,0.0,0.5,0,5
mas,1078,default,205,20,20,109.0,11,4,87.23913043478261,40.666666666666664,294,54,76,114,0,E6,20,20,0.0,0.5,0,5
mas_iterative,1078,default,205,20,20,109.05,11,4,87.23913043478261,40.666666666666664,297,54,80,120,0,E6,20,20,0.0,0.5,0,5
cbba,1078,default,258,20,20,122.75,10,4,96.3913043478261,47.0,395,144,476,2590,110,E6,20,20,0.0,0.5,0,5
claim,1079,default,295,20,20,128.05,13,4,94.1,38.5,682,42,46,46,0,E6,20,20,0.0,0.5,0,5
mas,1079,default,192,20,20,101.6,7,4,80.48,38.5,211,80,64,96,0,E6,20,20,0.0,0.5,0,5
mas_iterative,1079,default,191,20,20,102.2,6,4,80.64,38.5,220,71,67,101,0,E6,20,20,0.0,0.5,0,5
cbba,1079,default,173,20,20,91.65,7,4,73.42,36.0,148,67,488,2598,115,E6,20,20,0.0,0.5,0,5
claim,1080,default,265,20,20,118.25,13,4,94.93333333333334,35.333333333333336,535,109,49,49,0,E6,20,20,0.0,0.5,0,5
mas,1080,default,191,20,20,99.65,13,4,83.35555555555555,35.333333333333336,290,66,82,123,0,E6,20,20,0.0,0.5,0,5
mas_iterative,1080,default,229,20,20,110.8,13,4,90.44444444444444,35.333333333333336,398,69,96,144,0,E6,20,20,0.0,0.5,0,5
cbba,1080,default,218,20,20,100.15,12,4,82.13333333333334,35.333333333333336,380,58,575,3087,134,E6,20,20,0.0,0.5,0,5
claim,1081,default,198,20,20,100.05,11,4,79.17021276595744,29.333333333333332,291,61,35,35,0,E6,20,20,0.0,0.5,0,5
mas,1081,default,186,20,20,95.8,8,4,76.0,29.333333333333332,246,53,73,110,0,E6,20,20,0.0,0.5,0,5
mas_iterative,1081,default,190,20,20,94.45,7,4,74.7872340425532,29.333333333333332,234,60,70,105,0,E6,20,20,0.0,0.5,0,5
cbba,1081,default,194,20,20,96.6,9,4,76.0,29.333333333333332,260,56,571,3097,135,E6,20,20,0.0,0.5,0,5
claim,1082,default,222,20,20,96.75,12,4,76.58333333333333,35.25,340,77,41,41,0,E6,20,20,0.0,0.5,0,5
mas,1082,default,214,20,20,96.35,11,4,76.41666666666667,35.25,247,133,70,105,0,E6,20,20,0.0,0.5,0,5
mas_iterative,1082,default,214,20,20,96.35,11,4,76.41666666666667,35.25,247,133,70,105,0,E6,20,20,0.0,0.5,0,5
cbba,1082,default,194,20,20,89.7,9,4,70.60416666666667,28.75,205,86,415,2093,95,E6,20,20,0.0,0.5,0,5
claim,1083,default,259,20,20,110.9,13,4,84.55555555555556,35.75,507,60,42,42,0,E6,20,20,0.0,0.5,0,5
mas,1083,default,259,20,20,110.9,13,4,84.55555555555556,35.75,484,82,84,126,0,E6,20,20,0.0,0.5,0,5
mas_iterative,1083,default,259,20,20,110.9,13,4,84.55555555555556,35.75,484,82,84,126,0,E6,20,20,0.0,0.5,0,5
cbba,1083,default,180,20,20,86.3,7,4,69.28888888888889,35.75,118,96,433,2301,101,E6,20,20,0.0,0.5,0,5
claim,1084,default,237,20,20,111.3,10,4,96.03571428571429,48.666666666666664,405,61,38,38,0,E6,20,20,0.0,0.5,0,5
mas,1084,default,193,20,20,107.4,9,4,92.44642857142857,45.833333333333336,226,38,72,108,0,E6,20,20,0.0,0.5,0,5
mas_iterative,1084,default,193,20,20,107.35,9,4,92.375,45.666666666666664,227,37,72,108,0,E6,20,20,0.0,0.5,0,5
cbba,1084,default,227,20,20,109.45,7,4,93.80357142857143,41.0,355,32,456,2296,105,E6,20,20,0.0,0.5,0,5
claim,1085,default,172,20,20,90.05,9,4,74.96078431372548,36.5,205,46,33,33,0,E6,20,20,0.0,0.5,0,5
mas,1085,default,182,20,20,88.85,9,4,74.90196078431373,36.5,244,41,66,99,0,E6,20,20,0.0,0.5,0,5
mas_iterative,1085,default,182,20,20,88.85,9,4,74.90196078431373,36.5,244,41,66,99,0,E6,20,20,0.0,0.5,0,5
cbba,1085,default,205,20,20,87.65,8,4,74.11764705882354,40.75,202,185,519,2799,122,E6,20,20,0.0,0.5,0,5
claim,1086,default,235,20,20,116.8,14,4,94.0625,39.25,468,44,40,40,0,E6,20,20,0.0,0.5,0,5
mas,1086,default,225,20,20,108.75,13,4,88.25,39.25,377,104,88,132,0,E6,20,20,0.0,0.5,0,5
mas_iterative,1086,default,225,20,20,108.6,13,4,88.14583333333333,39.25,379,102,88,132,0,E6,20,20,0.0,0.5,0,5
cbba,1086,default,200,20,20,92.1,8,4,75.02083333333333,33.75,283,48,423,2131,97,E6,20,20,0.0,0.5,0,5
claim,1087,default,141,20,20,75.45,5,4,65.21951219512195,30.0,105,45,25,25,0,E6,20,20,0.0,0.5,0,5
mas,1087,default,191,20,20,75.8,8,4,63.78048780487805,30.0,313,33,70,105,0,E6,20,20,0.0,0.5,0,5
mas_iterative,1087,default,161,20,20,71.8,6,4,60.75609756097561,30.0,148,80,72,108,0,E6,20,20,0.0,0.5,0,5
cbba,1087,default,153,20,20,71.4,5,4,60.5609756097561,30.0,105,96,352,1844,81,E6,20,20,0.0,0.5,0,5
claim,1088,default,212,20,20,110.8,11,4,89.69565217391305,49.0,339,121,37,37,0,E6,20,20,0.0,0.5,0,5
mas,1088,default,181,20,20,93.25,4,4,77.1086956521739,45.25,177,89,60,90,0,E6,20,20,0.0,0.5,0,5
mas_iterative,1088,default,181,20,20,92.8,4,4,76.73913043478261,45.0,176,90,62,93,0,E6,20,20,0.0,0.5,0,5
cbba,1088,default,172,20,20,81.2,6,4,65.08695652173913,36.5,125,129,490,2580,116,E6,20,20,0.0,0.5,0,5
claim,1090,default,204,20,20,100.6,9,4,83.28205128205128,27.0,290,41,34,34,0,E6,20,20,0.0,0.5,0,5
mas,1090,default,215,20,20,96.85,14,4,79.56410256410257,27.0,350,36,80,120,0,E6,20,20,0.0,0.5,0,5
mas_iterative,1090,default,214,20,20,96.8,13,4,79.53846153846153,27.0,259,131,72,108,0,E6,20,20,0.0,0.5,0,5
cbba,1090,default,213,20,20,88.15,6,4,71.17948717948718,27.0,289,79,352,1778,80,E6,20,20,0.0,0.5,0,5
claim,1091,default,283,20,20,151.75,12,4,122.04255319148936,47.0,522,72,41,41,0,E6,20,20,0.0,0.5,0,5
mas,1091,default,242,20,20,136.8,9,4,112.36170212765957,47.0,334,83,70,105,0,E6,20,20,0.0,0.5,0,5
mas_iterative,1091,default,242,20,20,136.95,9,4,112.42553191489361,47.0,334,78,68,102,0,E6,20,20,0.0,0.5,0,5
cbba,1091,default,213,20,20,112.95,9,4,92.65957446808511,47.5,285,69,363,1923,82,E6,20,20,0.0,0.5,0,5
claim,1092,default,219,20,20,119.8,14,4,106.53846153846153,37.666666666666664,423,41,45,45,0,E6,20,20,0.0,0.5,0,5
mas,1092,default,252,20,20,128.95,14,4,112.73076923076923,37.666666666666664,499,119,97,146,0,E6,20,20,0.0,0.5,0,5
mas_iterative,1092,default,226,20,20,127.5,12,4,111.61538461538461,37.666666666666664,445,63,86,129,0,E6,20,20,0.0,0.5,0,5
cbba,1092,default,174,20,20,82.85,7,4,73.73076923076923,28.0,203,74,354,1764,81,E6,20,20,0.0,0.5,0,5
claim,1093,default,230,20,20,104.05,11,4,86.59615384615384,35.0,344,74,38,38,0,E6,20,20,0.0,0.5,0,5
mas,1093,default,226,20,20,108.65,7,4,88.34615384615384,35.333333333333336,330,81,76,115,0,E6,20,20,0.0,0.5,0,5
mas_iterative,1093,default,188,20,20,98.55,6,4,83.48076923076923,37.0,204,60,64,96,0,E6,20,20,0.0,0.5,0,5
cbba,1093,default,187,20,20,89.3,5,4,76.5576923076923,27.666666666666668,183,44,383,2029,88,E6,20,20,0.0,0.5,0,5
claim,1094,default,251,20,20,135.7,11,4,118.71698113207547,51.333333333333336,382,35,39,39,0,E6,20,20,0.0,0.5,0,5
mas,1094,default,238,20,20,126.9,10,4,111.50943396226415,51.333333333333336,386,49,80,120,0,E6,20,20,0.0,0.5,0,5
mas_iterative,1094,default,259,20,20,128.1,7,4,111.94339622641509,51.333333333333336,383,138,83,125,0,E6,20,20,0.0,0.5,0,5
cbba,1094,default,197,20,20,99.8,8,4,86.98113207547169,29.666666666666668,162,77,410,2170,95,E6,20,20,0.0,0.5,0,5
claim,1095,default,209,20,20,99.4,10,4,86.19298245614036,43.666666666666664,311,32,36,36,0,E6,20,20,0.0,0.5,0,5
mas,1095,default,177,20,20,92.2,7,4,81.21052631578948,43.666666666666664,147,26,60,90,0,E6,20,20,0.0,0.5,0,5
mas_iterative,1095,default,177,20,20,92.2,7,4,81.21052631578948,43.666666666666664,147,26,60,90,0,E6,20,20,0.0,0.5,0,5
cbba,1095,default,211,20,20,98.5,9,4,83.80701754385964,42.0,306,32,564,3000,132,E6,20,20,0.0,0.5,0,5
claim,1096,default,293,20,20,150.5,13,4,115.22916666666667,43.2,589,40,44,44,0,E6,20,20,0.0,0.5,0,5
mas,1096,default,293,20,20,138.7,14,4,104.66666666666667,43.2,549,77,93,140,0,E6,20,20,0.0,0.5,0,5
mas_iterative,1096,default,224,20,20,117.0,10,4,91.79166666666667,43.2,256,89,75,113,0,E6,20,20,0.0,0.5,0,5
cbba,1096,default,248,20,20,121.4,9,4,91.47916666666667,38.4,296,114,406,2154,93,E6,20,20,0.0,0.5,0,5
claim,1097,default,216,20,20,111.45,8,4,85.22727272727273,38.0,269,86,32,32,0,E6,20,20,0.0,0.5,0,5
mas,1097,default,211,20,20,108.95,10,4,83.97727272727273,39.0,262,83,72,108,0,E6,20,20,0.0,0.5,0,5
mas_iterative,1097,default,219,20,20,94.1,6,4,71.22727272727273,32.25,303,28,70,105,0,E6,20,20,0.0,0.5,0,5
cbba,1097,default,215,20,20,110.9,9,4,86.6590909090909,39.0,236,29,557,2955,131,E6,20,20,0.0,0.5,0,5
claim,1098,default,266,20,20,132.3,12,4,101.82352941176471,44.166666666666664,500,57,41,41,0,E6,20,20,0.0,0.5,0,5
mas,1098,default,206,20,20,113.7,8,4,91.33333333333333,44.166666666666664,222,61,62,93,0,E6,20,20,0.0,0.5,0,5
mas_iterative,1098,default,206,20,20,113.7,8,4,91.33333333333333,44.166666666666664,222,61,62,93,0,E6,20,20,0.0,0.5,0,5
cbba,1098,default,213,20,20,100.95,8,4,80.58823529411765,39.833333333333336,221,101,395,2035,91,E6,20,20,0.0,0.5,0,5
claim,1099,default,229,20,20,117.4,14,4,93.40425531914893,39.666666666666664,428,38,42,42,0,E6,20,20,0.0,0.5,0,5
mas,1099,default,211,20,20,105.6,11,4,85.61702127659575,39.666666666666664,352,38,84,126,0,E6,20,20,0.0,0.5,0,5
mas_iterative,1099,default,194,20,20,104.3,9,4,84.8936170212766,39.666666666666664,274,36,72,108,0,E6,20,20,0.0,0.5,0,5
cbba,1099,default,203,20,20,104.3,7,4,84.8936170212766,38.666666666666664,222,132,496,2614,116,E6,20,20,0.0,0.5,0,5
claim,1101,default,250,20,20,129.15,13,4,99.28571428571429,51.2,410,40,39,39,0,E6,20,20,0.0,0.5,0,5
mas,1101,default,224,20,20,109.65,9,4,83.87755102040816,41.0,240,46,79,119,0,E6,20,20,0.0,0.5,0,5
mas_iterative,1101,default,237,20,20,111.8,11,4,84.89795918367346,40.8,279,113,79,119,0,E6,20,20,0.0,0.5,0,5
cbba,1101,default,251,20,20,110.1,6,4,82.6938775510204,35.4,305,145,415,2075,95,E6,20,20,0.0,0.5,0,5
claim,1102,default,311,20,20,139.8,15,4,115.05084745762711,56.666666666666664,763,51,55,55,0,E6,20,20,0.0,0.5,0,5
mas,1102,default,223,20,20,119.15,10,4,103.64406779661017,52.5,351,101,84,126,0,E6,20,20,0.0,0.5,0,5
mas_iterative,1102,default,184,20,20,94.95,8,4,82.27118644067797,47.333333333333336,224,63,68,102,0,E6,20,20,0.0,0.5,0,5
cbba,1102,default,222,20,20,103.15,10,4,86.94915254237289,46.833333333333336,329,114,340,1798,76,E6,20,20,0.0,0.5,0,5
claim,1103,default,282,20,20,152.35,14,4,129.64814814814815,45.75,567,91,46,46,0,E6,20,20,0.0,0.5,0,5
mas,1103,default,221,20,20,100.15,11,4,84.98148148148148,34.0,255,150,70,105,0,E6,20,20,0.0,0.5,0,5
mas_iterative,1103,default,237,20,20,103.15,9,4,86.85185185185185,33.75,433,34,76,114,0,E6,20,20,0.0,0.5,0,5
cbba,1103,default,201,20,20,96.5,11,4,80.88888888888889,33.75,295,36,462,2452,106,E6,20,20,0.0,0.5,0,5
claim,1104,default,210,20,20,96.55,9,4,77.78260869565217,34.5,183,156,32,32,0,E6,20,20,0.0,0.5,0,5
mas,1104,default,203,20,20,89.1,8,4,71.41304347826087,30.0,194,107,77,116,0,E6,20,20,0.0,0.5,0,5
mas_iterative,1104,default,211,20,20,92.2,7,4,72.82608695652173,29.75,171,172,72,108,0,E6,20,20,0.0,0.5,0,5
cbba,1104,default,209,20,20,96.25,8,4,74.8913043478261,29.75,274,69,342,1824,78,E6,20,20,0.0,0.5,0,5
claim,1106,default,283,20,20,134.35,13,4,110.9622641509434,55.4,615,41,45,45,0,E6,20,20,0.0,0.5,0,5
mas,1106,default,260,20,20,125.15,11,4,105.01886792452831,55.4,419,126,72,108,0,E6,20,20,0.0,0.5,0,5
mas_iterative,1106,default,260,20,20,125.15,11,4,105.01886792452831,55.4,419,126,72,108,0,E6,20,20,0.0,0.5,0,5
cbba,1106,default,223,20,20,101.75,9,4,81.98113207547169,40.2,350,56,517,2819,121,E6,20,20,0.0,0.5,0,5
claim,1107,default,157,20,20,82.05,9,4,71.6938775510204,47.0,168,49,29,29,0,E6,20,20,0.0,0.5,0,5
mas,1107,default,162,20,20,81.0,9,4,70.28571428571429,47.0,207,46,66,99,0,E6,20,20,0.0,0.5,0,5
mas_iterative,1107,default,161,20,20,80.7,9,4,70.08163265306122,47.0,206,44,66,99,0,E6,20,20,0.0,0.5,0,5
cbba,1107,default,166,20,20,74.3,7,4,63.816326530612244,35.0,118,137,377,1941,87,E6,20,20,0.0,0.5,0,5
claim,1108,default,242,20,20,110.45,13,4,88.70370370370371,36.8,388,104,42,42,0,E6,20,20,0.0,0.5,0,5
mas,1108,default,223,20,20,99.05,11,4,80.38888888888889,38.4,290,120,72,108,0,E6,20,20,0.0,0.5,0,5
mas_iterative,1108,default,223,20,20,96.0,10,4,78.07407407407408,38.2,241,185,80,120,0,E6,20,20,0.0,0.5,0,5
cbba,1108,default,160,20,20,77.4,6,4,64.05555555555556,38.0,129,26,510,2718,121,E6,20,20,0.0,0.5,0,5
claim,1109,default,249,20,20,112.55,12,4,87.09302325581395,33.5,507,61,41,41,0,E6,20,20,0.0,0.5,0,5
mas,1109,default,200,20,20,99.75,9,4,78.79069767441861,33.5,263,29,66,99,0,E6,20,20,0.0,0.5,0,5
mas_iterative,1109,default,200,20,20,99.75,9,4,78.79069767441861,33.5,263,29,66,99,0,E6,20,20,0.0,0.5,0,5
cbba,1109,default,228,20,20,88.35,7,4,69.74418604651163,28.0,310,124,585,3243,138,E6,20,20,0.0,0.5,0,5
claim,1110,default,257,20,20,122.3,13,4,104.08196721311475,47.142857142857146,442,143,42,42,0,E6,20,20,0.0,0.5,0,5
mas,1110,default,248,20,20,114.0,13,4,96.47540983606558,44.857142857142854,462,46,90,135,0,E6,20,20,0.0,0.5,0,5
mas_iterative,1110,default,229,20,20,96.3,13,4,81.50819672131148,41.714285714285715,407,39,89,134,0,E6,20,20,0.0,0.5,0,5
cbba,1110,default,216,20,20,90.4,10,4,77.44262295081967,41.714285714285715,302,99,438,2284,101,E6,20,20,0.0,0.5,0,5
claim,1111,default,215,20,20,100.0,11,4,79.6,42.2,325,108,35,35,0,E6,20,20,0.0,0.5,0,5
mas,1111,default,197,20,20,93.85,9,4,76.0,42.8,210,129,74,111,0,E6,20,20,0.0,0.5,0,5
mas_iterative,1111,default,183,20,20,88.8,6,4,71.44,41.8,147,113,68,102,0,E6,20,20,0.0,0.5,0,5
cbba,1111,default,212,20,20,102.4,9,4,81.96,42.6,294,96,463,2393,106,E6,20,20,0.0,0.5,0,5
claim,1112,default,301,20,20,177.95,16,4,148.51111111111112,41.0,705,49,53,53,0,E6,20,20,0.0,0.5,0,5
mas,1112,default,262,20,20,126.85,9,4,103.11111111111111,40.5,425,148,78,117,0,E6,20,20,0.0,0.5,0,5
mas_iterative,1112,default,212,20,20,120.2,10,4,100.11111111111111,40.0,302,74,76,114,0,E6,20,20,0.0,0.5,0,5
cbba,1112,default,215,20,20,113.95,9,4,94.04444444444445,38.0,344,54,473,2519,109,E6,20,20,0.0,0.5,0,5
claim,1113,default,242,20,20,114.05,12,4,88.62264150943396,43.8,390,116,42,42,0,E6,20,20,0.0,0.5,0,5
mas,1113,default,185,20,20,88.95,8,4,71.09433962264151,43.0,194,64,64,96,0,E6,20,20,0.0,0.5,0,5
mas_iterative,1113,default,188,20,20,88.15,6,4,70.26415094339623,42.4,157,65,56,84,0,E6,20,20,0.0,0.5,0,5
cbba,1113,default,213,20,20,84.5,6,4,65.49056603773585,37.0,285,46,536,2896,126,E6,20,20,0.0,0.5,0,5
claim,1114,default,252,20,20,122.2,12,4,93.71153846153847,51.833333333333336,433,89,44,44,0,E6,20,20,0.0,0.5,0,5
mas,1114,default,239,20,20,113.05,10,4,87.98076923076923,55.833333333333336,309,129,66,99,0,E6,20,20,0.0,0.5,0,5
mas_iterative,1114,default,239,20,20,113.05,10,4,87.98076923076923,55.833333333333336,309,129,66,99,0,E6,20,20,0.0,0.5,0,5
cbba,1114,default,238,20,20,105.5,10,4,79.13461538461539,46.5,338,56,455,2331,105,E6,20,20,0.0,0.5,0,5
claim,1115,default,246,20,20,109.3,10,4,86.25,51.2,489,79,43,43,0,E6,20,20,0.0,0.5,0,5
mas,1115,default,201,20,20,95.6,10,4,73.75,41.2,343,46,76,114,0,E6,20,20,0.0,0.5,0,5
mas_iterative,1115,default,188,20,20,90.75,9,4,71.27083333333333,40.8,219,116,68,102,0,E6,20,20,0.0,0.5,0,5
cbba,1115,default,172,20,20,84.0,10,4,66.35416666666667,39.8,161,95,567,3067,134,E6,20,20,0.0,0.5,0,5
claim,1116,default,232,20,20,97.0,14,4,76.5952380952381,27.5,513,42,46,46,0,E6,20,20,0.0,0.5,0,5
mas,1116,default,190,20,20,86.1,13,4,70.21428571428571,27.5,309,94,88,132,0,E6,20,20,0.0,0.5,0,5
mas_iterative,1116,default,211,20,20,91.4,11,4,73.33333333333333,27.5,395,72,82,123,0,E6,20,20,0.0,0.5,0,5
cbba,1116,default,179,20,20,92.4,11,4,73.45238095238095,27.5,278,54,402,2130,91,E6,20,20,0.0,0.5,0,5
claim,1117,default,218,20,20,93.65,12,4,75.22641509433963,37.8,382,36,40,40,0,E6,20,20,0.0,0.5,0,5
mas,1117,default,185,20,20,90.1,9,4,72.24528301886792,32.4,196,110,70,105,0,E6,20,20,0.0,0.5,0,5
mas_iterative,1117,default,155,20,20,81.65,7,4,67.28301886792453,32.0,122,51,62,93,0,E6,20,20,0.0,0.5,0,5
cbba,1117,default,155,20,20,81.65,7,4,67.28301886792453,32.0,122,51,473,2459,111,E6,20,20,0.0,0.5,0,5
claim,1118,default,302,20,20,139.6,11,4,114.47169811320755,48.5,563,79,43,43,0,E6,20,20,0.0,0.5,0,5
mas,1118,default,256,20,20,137.95,12,4,116.73584905660377,48.5,417,42,86,129,0,E6,20,20,0.0,0.5,0,5
mas_iterative,1118,default,297,20,20,137.5,13,4,112.45283018867924,48.5,512,113,86,129,0,E6,20,20,0.0,0.5,0,5
cbba,1118,default,256,20,20,143.4,9,4,122.69811320754717,49.0,359,74,444,2358,102,E6,20,20,0.0,0.5,0,5
claim,1119,default,246,20,20,121.65,14,4,102.3061224489796,39.0,482,39,43,43,0,E6,20,20,0.0,0.5,0,5
mas,1119,default,219,20,20,105.0,10,4,86.12244897959184,27.5,295,123,79,119,0,E6,20,20,0.0,0.5,0,5
mas_iterative,1119,default,202,20,20,94.35,12,4,79.12244897959184,27.0,276,75,83,125,0,E6,20,20,0.0,0.5,0,5
cbba,1119,default,204,20,20,95.1,9,4,81.18367346938776,27.0,307,50,508,2700,118,E6,20,20,0.0,0.5,0,5
claim,1120,default,211,20,20,111.1,10,4,90.97727272727273,50.5,349,33,37,37,0,E6,20,20,0.0,0.5,0,5
mas,1120,default,219,20,20,110.15,8,4,90.54545454545455,50.5,314,108,71,107,0,E6,20,20,0.0,0.5,0,5
mas_iterative,1120,default,218,20,20,110.05,8,4,90.5,50.5,310,101,70,105,0,E6,20,20,0.0,0.5,0,5
cbba,1120,default,174,20,20,92.45,4,4,78.93181818181819,38.0,123,102,410,2150,96,E6,20,20,0.0,0.5,0,5
claim,1121,default,204,20,20,99.4,6,4,80.6304347826087,43.5,164,24,28,28,0,E6,20,20,0.0,0.5,0,5
mas,1121,default,204,20,20,99.4,6,4,80.6304347826087,43.5,164,24,56,84,0,E6,20,20,0.0,0.5,0,5
mas_iterative,1121,default,204,20,20,99.4,6,4,80.6304347826087,43.5,164,24,56,84,0,E6,20,20,0.0,0.5,0,5
cbba,1121,default,209,20,20,100.65,7,4,78.58695652173913,42.75,268,27,567,3059,134,E6,20,20,0.0,0.5,0,5
claim,1123,default,187,20,20,91.55,8,4,74.5,39.8,225,99,30,30,0,E6,20,20,0.0,0.5,0,5
mas,1123,default,203,20,20,78.0,6,4,62.541666666666664,31.4,265,74,76,114,0,E6,20,20,0.0,0.5,0,5
mas_iterative,1123,default,162,20,20,81.75,4,4,65.54166666666667,31.0,133,42,56,84,0,E6,20,20,0.0,0.5,0,5
cbba,1123,default,158,20,20,78.15,6,4,63.354166666666664,31.0,117,31,459,2393,108,E6,20,20,0.0,0.5,0,5
claim,1124,default,169,20,20,88.3,8,4,76.81481481481481,34.0,174,80,29,29,0,E6,20,20,0.0,0.5,0,5
mas,1124,default,167,20,20,84.35,9,4,72.29629629629629,28.333333333333332,184,56,70,105,0,E6,20,20,0.0,0.5,0,5
mas_iterative,1124,default,158,20,20,83.6,9,4,73.0,28.0,190,32,66,99,0,E6,20,20,0.0,0.5,0,5
cbba,1124,default,181,20,20,84.75,9,4,72.92592592592592,28.0,205,71,404,2116,93,E6,20,20,0.0,0.5,0,5
claim,1125,default,266,20,20,127.35,12,4,98.06382978723404,36.0,504,63,42,42,0,E6,20,20,0.0,0.5,0,5
mas,1125,default,229,20,20,110.05,8,4,87.7872340425532,36.0,267,124,71,107,0,E6,20,20,0.0,0.5,0,5
mas_iterative,1125,default,220,20,20,104.85,11,4,81.53191489361703,36.0,322,36,74,111,0,E6,20,20,0.0,0.5,0,5
cbba,1125,default,242,20,20,109.5,9,4,86.51063829787235,36.0,285,176,478,2594,111,E6,20,20,0.0,0.5,0,5
claim,1126,default,236,20,20,101.3,14,4,76.84,45.0,507,44,48,48,0,E6,20,20,0.0,0.5,0,5
mas,1126,default,195,20,20,91.5,14,4,71.32,45.0,336,68,74,111,0,E6,20,20,0.0,0.5,0,5
mas_iterative,1126,default,195,20,20,91.5,14,4,71.32,45.0,336,68,74,111,0,E6,20,20,0.0,0.5,0,5
cbba,1126,default,138,20,20,70.8,7,4,57.36,41.75,119,37,393,2089,91,E6,20,20,0.0,0.5,0,5
claim,1127,default,195,20,20,94.45,10,4,84.28571428571429,28.333333333333332,301,49,33,33,0,E6,20,20,0.0,0.5,0,5
mas,1127,default,193,20,20,87.85,7,4,77.18367346938776,28.333333333333332,247,79,62,93,0,E6,20,20,0.0,0.5,0,5
mas_iterative,1127,default,193,20,20,87.8,7,4,77.12244897959184,28.333333333333332,248,78,62,93,0,E6,20,20,0.0,0.5,0,5
cbba,1127,default,173,20,20,80.3,7,4,69.6734693877551,28.333333333333332,202,27,398,2012,92,E6,20,20,0.0,0.5,0,5
claim,1128,default,241,20,20,128.9,13,4,101.08695652173913,33.333333333333336,462,52,42,42,0,E6,20,20,0.0,0.5,0,5
mas,1128,default,193,20,20,104.35,9,4,83.23913043478261,33.333333333333336,263,54,80,121,0,E6,20,20,0.0,0.5,0,5
mas_iterative,1128,default,183,20,20,93.75,7,4,76.56521739130434,33.333333333333336,175,68,64,96,0,E6,20,20,0.0,0.5,0,5
cbba,1128,default,210,20,20,100.15,8,4,80.45652173913044,33.333333333333336,352,33,493,2555,114,E6,20,20,0.0,0.5,0,5
claim,1129,default,193,20,20,101.1,8,4,88.95918367346938,27.0,174,27,31,31,0,E6,20,20,0.0,0.5,0,5
mas,1129,default,220,20,20,102.8,8,4,88.59183673469387,27.0,301,72,72,108,0,E6,20,20,0.0,0.5,0,5
mas_iterative,1129,default,220,20,20,102.75,8,4,88.53061224489795,27.0,302,71,72,108,0,E6,20,20,0.0,0.5,0,5
cbba,1129,default,184,20,20,92.6,8,4,79.61224489795919,27.0,156,84,536,2820,126,E6,20,20,0.0,0.5,0,5
claim,1130,default,235,20,20,106.35,12,4,88.53571428571429,45.0,404,37,41,41,0,E6,20,20,0.0,0.5,0,5
mas,1130,default,240,20,20,102.25,11,4,83.58928571428571,45.0,399,101,84,127,0,E6,20,20,0.0,0.5,0,5
mas_iterative,1130,default,226,20,20,101.1,10,4,83.01785714285714,45.0,342,90,79,119,0,E6,20,20,0.0,0.5,0,5
cbba,1130,default,184,20,20,87.45,5,4,72.71428571428571,46.2,128,91,519,2837,123,E6,20,20,0.0,0.5,0,5
claim,1131,default,211,20,20,109.25,11,4,91.89830508474576,58.875,379,37,41,41,0,E6,20,20,0.0,0.5,0,5
mas,1131,default,191,20,20,102.3,12,4,86.91525423728814,57.75,257,61,70,105,0,E6,20,20,0.0,0.5,0,5
mas_iterative,1131,default,180,20,20,92.2,9,4,79.44067796610169,56.625,203,73,70,105,0,E6,20,20,0.0,0.5,0,5
cbba,1131,default,171,20,20,95.45,7,4,80.2542372881356,47.125,208,32,359,1867,82,E6,20,20,0.0,0.5,0,5
claim,1132,default,222,20,20,108.0,12,4,90.45283018867924,38.666666666666664,372,54,37,37,0,E6,20,20,0.0,0.5,0,5
mas,1132,default,198,20,20,98.7,7,4,83.88679245283019,36.333333333333336,197,103,60,90,0,E6,20,20,0.0,0.5,0,5
mas_iterative,1132,default,197,20,20,102.2,11,4,86.32075471698113,38.666666666666664,290,49,74,111,0,E6,20,20,0.0,0.5,0,5
cbba,1132,default,232,20,20,109.95,6,4,90.18867924528301,36.0,343,121,394,2080,90,E6,20,20,0.0,0.5,0,5
claim,1133,default,245,20,20,121.6,10,4,99.75471698113208,38.75,417,96,37,37,0,E6,20,20,0.0,0.5,0,5
mas,1133,default,245,20,20,121.6,10,4,99.75471698113208,38.75,417,96,74,111,0,E6,20,20,0.0,0.5,0,5
mas_iterative,1133,default,245,20,20,121.6,10,4,99.75471698113208,38.75,417,96,74,111,0,E6,20,20,0.0,0.5,0,5
cbba,1133,default,197,20,20,98.9,12,4,81.11320754716981,36.0,297,39,529,2825,123,E6,20,20,0.0,0.5,0,5
claim,1134,default,251,20,20,111.85,15,4,92.81632653061224,28.5,532,51,46,46,0,E6,20,20,0.0,0.5,0,5
mas,1134,default,219,20,20,103.75,13,4,87.93877551020408,28.5,348,39,86,129,0,E6,20,20,0.0,0.5,0,5
mas_iterative,1134,default,225,20,20,104.25,14,4,88.08163265306122,28.5,369,36,86,129,0,E6,20,20,0.0,0.5,0,5
cbba,1134,default,188,20,20,95.15,12,4,80.83673469387755,28.5,229,49,505,2693,118,E6,20,20,0.0,0.5,0,5
claim,1135,default,226,20,20,113.55,11,4,91.77083333333333,45.6,425,48,39,39,0,E6,20,20,0.0,0.5,0,5
mas,1135,default,228,20,20,105.45,10,4,86.375,45.6,295,161,75,113,0,E6,20,20,0.0,0.5,0,5
mas_iterative,1135,default,203,20,20,103.4,9,4,85.79166666666667,45.6,254,101,72,108,0,E6,20,20,0.0,0.5,0,5
cbba,1135,default,189,20,20,97.3,9,4,80.85416666666667,45.6,235,53,488,2616,114,E6,20,20,0.0,0.5,0,5
claim,1136,default,242,20,20,130.95,14,4,108.49019607843137,60.4,410,35,39,39,0,E6,20,20,0.0,0.5,0,5
mas,1136,default,237,20,20,114.1,11,4,92.68627450980392,45.4,350,70,72,108,0,E6,20,20,0.0,0.5,0,5
mas_iterative,1136,default,217,20,20,108.55,7,4,88.84313725490196,45.0,206,109,68,102,0,E6,20,20,0.0,0.5,0,5
cbba,1136,default,192,20,20,108.2,6,4,89.2156862745098,44.8,189,47,458,2458,107,E6,20,20,0.0,0.5,0,5
claim,1137,default,258,20,20,139.9,13,4,106.40425531914893,38.75,508,52,44,44,0,E6,20,20,0.0,0.5,0,5
mas,1137,default,243,20,20,112.85,8,4,88.12765957446808,38.75,294,174,72,108,0,E6,20,20,0.0,0.5,0,5
mas_iterative,1137,default,243,20,20,107.2,9,4,84.46808510638297,38.75,285,168,72,108,0,E6,20,20,0.0,0.5,0,5
cbba,1137,default,225,20,20,100.35,9,4,76.46808510638297,32.0,229,164,431,2317,100,E6,20,20,0.0,0.5,0,5
claim,1138,default,221,20,20,105.5,9,4,91.35185185185185,39.25,356,108,37,37,0,E6,20,20,0.0,0.5,0,5
mas,1138,default,183,20,20,93.25,10,4,81.51851851851852,37.0,204,80,66,99,0,E6,20,20,0.0,0.5,0,5
mas_iterative,1138,default,163,20,20,87.5,6,4,77.03703703703704,37.0,116,72,56,84,0,E6,20,20,0.0,0.5,0,5
cbba,1138,default,211,20,20,101.1,11,4,87.46296296296296,37.0,382,34,445,2287,102,E6,20,20,0.0,0.5,0,5
claim,1139,default,191,20,20,102.5,11,4,88.74074074074075,48.0,306,32,36,36,0,E6,20,20,0.0,0.5,0,5
mas,1139,default,207,20,20,106.0,11,4,90.25925925925925,48.0,359,38,76,114,0,E6,20,20,0.0,0.5,0,5
mas_iterative,1139,default,207,20,20,105.9,11,4,90.16666666666667,48.0,361,36,76,114,0,E6,20,20,0.0,0.5,0,5
cbba,1139,default,177,20,20,95.2,11,4,81.81481481481481,40.75,260,44,405,2063,92,E6,20,20,0.0,0.5,0,5
claim,1140,default,238,20,20,109.05,15,4,87.39583333333333,36.25,449,40,44,44,0,E6,20,20,0.0,0.5,0,5
mas,1140,default,231,20,20,101.7,11,4,80.27083333333333,31.5,302,105,78,117,0,E6,20,20,0.0,0.5,0,5
mas_iterative,1140,default,216,20,20,88.75,7,4,70.64583333333333,31.25,340,30,70,105,0,E6,20,20,0.0,0.5,0,5
cbba,1140,default,195,20,20,85.85,5,4,68.97916666666667,31.25,152,135,367,1879,85,E6,20,20,0.0,0.5,0,5
claim,1141,default,240,20,20,118.0,9,4,94.21818181818182,56.75,396,38,38,38,0,E6,20,20,0.0,0.5,0,5
mas,1141,default,220,20,20,112.8,9,4,91.34545454545454,56.75,286,72,64,96,0,E6,20,20,0.0,0.5,0,5
mas_iterative,1141,default,220,20,20,112.8,9,4,91.34545454545454,56.75,286,72,64,96,0,E6,20,20,0.0,0.5,0,5
cbba,1141,default,238,20,20,117.6,9,4,93.96363636363637,56.75,390,34,554,2860,129,E6,20,20,0.0,0.5,0,5
claim,1142,default,266,20,20,111.0,10,4,90.34,40.25,506,67,44,44,0,E6,20,20,0.0,0.5,0,5
mas,1142,default,229,20,20,104.7,9,4,86.98,40.25,300,108,74,111,0,E6,20,20,0.0,0.5,0,5
mas_iterative,1142,default,228,20,20,104.6,9,4,86.92,40.25,300,104,74,111,0,E6,20,20,0.0,0.5,0,5
cbba,1142,default,254,20,20,109.05,10,4,88.12,34.0,375,148,437,2265,100,E6,20,20,0.0,0.5,0,5
claim,1143,default,262,20,20,140.85,13,4,103.25581395348837,47.0,516,44,46,46,0,E6,20,20,0.0,0.5,0,5
mas,1143,default,249,20,20,117.05,14,4,88.30232558139535,47.0,429,69,86,129,0,E6,20,20,0.0,0.5,0,5
mas_iterative,1143,default,238,20,20,116.2,12,4,87.86046511627907,47.0,377,75,80,120,0,E6,20,20,0.0,0.5,0,5
cbba,1143,default,258,20,20,118.1,13,4,88.48837209302326,47.0,433,52,458,2224,104,E6,20,20,0.0,0.5,0,5
claim,1144,default,232,20,20,134.5,8,4,110.31372549019608,58.5,427,37,41,41,0,E6,20,20,0.0,0.5,0,5
mas,1144,default,202,20,20,108.7,10,4,86.70588235294117,48.833333333333336,310,31,70,105,0,E6,20,20,0.0,0.5,0,5
mas_iterative,1144,default,187,20,20,101.25,7,4,80.94117647058823,47.833333333333336,235,28,68,102,0,E6,20,20,0.0,0.5,0,5
cbba,1144,default,196,20,20,95.65,9,4,74.43137254901961,39.833333333333336,254,38,547,2953,129,E6,20,20,0.0,0.5,0,5
claim,1145,default,254,20,20,116.95,11,4,92.39285714285714,54.875,483,58,43,43,0,E6,20,20,0.0,0.5,0,5
mas,1145,default,205,20,20,104.9,11,4,84.05357142857143,54.375,319,76,82,124,0,E6,20,20,0.0,0.5,0,5
mas_iterative,1145,default,174,20,20,97.5,8,4,80.32142857142857,54.25,197,28,71,107,0,E6,20,20,0.0,0.5,0,5
cbba,1145,default,227,20,20,105.2,9,4,81.17857142857143,47.875,386,45,519,2713,120,E6,20,20,0.0,0.5,0,5
claim,1146,default,212,20,20,100.8,11,4,88.58181818181818,46.25,304,67,34,34,0,E6,20,20,0.0,0.5,0,5
mas,1146,default,224,20,20,102.7,9,4,88.41818181818182,40.0,280,143,72,108,0,E6,20,20,0.0,0.5,0,5
mas_iterative,1146,default,226,20,20,110.95,12,4,95.32727272727273,39.75,345,85,76,114,0,E6,20,20,0.0,0.5,0,5
cbba,1146,default,250,20,20,109.4,9,4,92.85454545454546,39.5,478,37,445,2313,101,E6,20,20,0.0,0.5,0,5
claim,1147,default,234,20,20,113.4,12,4,92.34042553191489,38.666666666666664,333,112,41,41,0,E6,20,20,0.0,0.5,0,5
mas,1147,default,221,20,20,111.3,9,4,89.65957446808511,38.666666666666664,270,101,78,117,0,E6,20,20,0.0,0.5,0,5
mas_iterative,1147,default,187,20,20,99.3,6,4,82.59574468085107,38.666666666666664,169,45,62,93,0,E6,20,20,0.0,0.5,0,5
cbba,1147,default,199,20,20,99.35,8,4,80.25531914893617,29.333333333333332,212,49,418,2138,96,E6,20,20,0.0,0.5,0,5
claim,1149,default,232,20,20,106.05,11,4,85.5576923076923,40.333333333333336,465,73,38,38,0,E6,20,20,0.0,0.5,0,5
mas,1149,default,152,20,20,85.7,7,4,73.4423076923077,40.333333333333336,165,30,66,99,0,E6,20,20,0.0,0.5,0,5
mas_iterative,1149,default,151,20,20,85.4,6,4,73.1923076923077,40.333333333333336,163,28,60,90,0,E6,20,20,0.0,0.5,0,5
cbba,1149,default,153,20,20,77.55,7,4,66.28846153846153,39.0,126,84,516,2766,122,E6,20,20,0.0,0.5,0,5
claim,1150,default,189,20,20,97.25,10,4,79.10416666666667,39.6,197,126,32,32,0,E6,20,20,0.0,0.5,0,5
mas,1150,default,213,20,20,111.35,8,4,83.70833333333333,30.0,321,88,84,126,0,E6,20,20,0.0,0.5,0,5
mas_iterative,1150,default,201,20,20,96.25,10,4,72.95833333333333,29.2,231,127,76,114,0,E6,20,20,0.0,0.5,0,5
cbba,1150,default,191,20,20,97.7,8,4,73.91666666666667,29.2,286,35,482,2548,112,E6,20,20,0.0,0.5,0,5
claim,1152,default,228,20,20,107.45,13,4,87.91666666666667,46.5,373,84,40,40,0,E6,20,20,0.0,0.5,0,5
mas,1152,default,199,20,20,99.2,10,4,82.4375,46.5,191,88,62,93,0,E6,20,20,0.0,0.5,0,5
mas_iterative,1152,default,206,20,20,100.1,11,4,82.75,46.5,228,91,71,107,0,E6,20,20,0.0,0.5,0,5
cbba,1152,default,220,20,20,96.8,10,4,79.0,38.75,307,82,524,2772,122,E6,20,20,0.0,0.5,0,5
claim,1153,default,298,20,20,140.15,14,4,117.73584905660377,49.8,505,140,43,43,0,E6,20,20,0.0,0.5,0,5
mas,1153,default,280,20,20,134.75,14,4,114.62264150943396,49.8,533,59,96,144,0,E6,20,20,0.0,0.5,0,5
mas_iterative,1153,default,279,20,20,134.65,13,4,114.54716981132076,49.8,488,98,90,135,0,E6,20,20,0.0,0.5,0,5
cbba,1153,default,266,20,20,129.15,11,4,108.28301886792453,49.8,416,102,437,2297,100,E6,20,20,0.0,0.5,0,5
claim,1155,default,295,20,20,127.2,11,4,90.35416666666667,44.6,578,114,45,45,0,E6,20,20,0.0,0.5,0,5
mas,1155,default,249,20,20,113.25,12,4,85.14583333333333,43.8,431,36,80,120,0,E6,20,20,0.0,0.5,0,5
mas_iterative,1155,default,249,20,20,113.2,12,4,85.10416666666667,43.8,432,35,80,120,0,E6,20,20,0.0,0.5,0,5
cbba,1155,default,226,20,20,99.05,11,4,75.58333333333333,40.2,319,115,511,2631,118,E6,20,20,0.0,0.5,0,5
claim,1156,default,239,20,20,124.65,10,4,110.46808510638297,30.0,345,86,38,38,0,E6,20,20,0.0,0.5,0,5
mas,1156,default,201,20,20,115.4,10,4,101.51063829787235,30.0,241,53,68,102,0,E6,20,20,0.0,0.5,0,5
mas_iterative,1156,default,202,20,20,112.35,8,4,98.65957446808511,30.0,272,67,79,120,0,E6,20,20,0.0,0.5,0,5
cbba,1156,default,204,20,20,108.3,9,4,94.8936170212766,30.0,221,94,408,2198,94,E6,20,20,0.0,0.5,0,5
claim,1157,default,278,20,20,141.5,13,4,109.375,35.666666666666664,549,75,49,49,0,E6,20,20,0.0,0.5,0,5
mas,1157,default,225,20,20,122.65,12,4,98.91666666666667,35.666666666666664,365,42,92,138,0,E6,20,20,0.0,0.5,0,5
mas_iterative,1157,default,221,20,20,119.5,11,4,96.9375,35.666666666666664,317,79,82,123,0,E6,20,20,0.0,0.5,0,5
cbba,1157,default,224,20,20,129.9,5,4,107.33333333333333,41.0,298,83,509,2695,119,E6,20,20,0.0,0.5,0,5
claim,1000,default,181,20,20,85.65,7,4,69.76086956521739,32.0,202,91,30,30,0,E6,20,20,0.0,0.5,0,20
mas,1000,default,166,20,20,80.6,8,4,66.65217391304348,32.0,197,45,60,90,0,E6,20,20,0.0,0.5,0,20
mas_iterative,1000,default,182,20,20,83.4,8,4,67.78260869565217,32.0,234,71,64,96,0,E6,20,20,0.0,0.5,0,20
cbba,1000,default,158,20,20,78.8,7,4,65.82608695652173,32.0,164,36,578,3010,137,E6,20,20,0.0,0.5,0,20
claim,1001,default,283,20,20,110.45,13,4,91.78571428571429,40.4,655,51,55,55,0,E6,20,20,0.0,0.5,0,20
mas,1001,default,233,20,20,105.65,10,4,89.25,40.4,352,151,81,122,0,E6,20,20,0.0,0.5,0,20
mas_iterative,1001,default,199,20,20,103.9,10,4,88.60714285714286,40.4,323,48,83,125,0,E6,20,20,0.0,0.5,0,20
cbba,1001,default,203,20,20,95.85,11,4,81.19642857142857,36.4,272,86,313,1645,69,E6,20,20,0.0,0.5,0,20
claim,1002,default,202,20,20,96.35,8,4,78.1304347826087,47.0,239,95,32,32,0,E6,20,20,0.0,0.5,0,20
mas,1002,default,213,20,20,103.5,9,4,79.84782608695652,41.75,307,49,72,108,0,E6,20,20,0.0,0.5,0,20
mas_iterative,1002,default,178,20,20,93.25,7,4,75.26086956521739,41.25,115,26,62,93,0,E6,20,20,0.0,0.5,0,20
cbba,1002,default,194,20,20,93.5,7,4,72.6304347826087,34.75,255,41,484,2502,113,E6,20,20,0.0,0.5,0,20
claim,1003,default,215,20,20,111.0,11,4,81.875,44.666666666666664,383,35,39,39,0,E6,20,20,0.0,0.5,0,20
mas,1003,default,184,20,20,92.65,8,4,71.45833333333333,44.666666666666664,220,98,62,93,0,E6,20,20,0.0,0.5,0,20
mas_iterative,1003,default,190,20,20,83.05,5,4,65.1875,44.666666666666664,162,153,60,90,0,E6,20,20,0.0,0.5,0,20
cbba,1003,default,174,20,20,90.05,7,4,70.375,44.666666666666664,199,77,481,2609,113,E6,20,20,0.0,0.5,0,20
claim,1004,default,257,20,20,133.5,11,4,111.17021276595744,38.333333333333336,482,45,40,40,0,E6,20,20,0.0,0.5,0,20
mas,1004,default,206,20,20,106.9,9,4,90.34042553191489,40.0,223,81,66,99,0,E6,20,20,0.0,0.5,0,20
mas_iterative,1004,default,206,20,20,106.85,9,4,90.31914893617021,40.0,224,80,66,99,0,E6,20,20,0.0,0.5,0,20
cbba,1004,default,193,20,20,99.3,7,4,83.2127659574468,31.333333333333332,179,71,406,2080,94,E6,20,20,0.0,0.5,0,20
claim,1005,default,197,20,20,106.85,13,4,90.56363636363636,52.0,302,47,39,39,0,E6,20,20,0.0,0.5,0,20
mas,1005,default,166,20,20,91.25,12,4,79.52727272727273,52.0,204,30,68,102,0,E6,20,20,0.0,0.5,0,20
mas_iterative,1005,default,166,20,20,91.25,12,4,79.52727272727273,52.0,204,30,68,102,0,E6,20,20,0.0,0.5,0,20
cbba,1005,default,234,20,20,112.7,12,4,96.16363636363636,47.666666666666664,410,124,570,3074,132,E6,20,20,0.0,0.5,0,20
claim,1006,default,213,20,20,101.95,12,4,83.64102564102564,38.0,318,57,39,39,0,E6,20,20,0.0,0.5,0,20
mas,1006,default,171,20,20,81.15,6,4,65.2051282051282,29.0,140,84,60,90,0,E6,20,20,0.0,0.5,0,20
mas_iterative,1006,default,160,20,20,74.2,8,4,60.56410256410256,28.5,93,63,64,96,0,E6,20,20,0.0,0.5,0,20
cbba,1006,default,176,20,20,87.5,10,4,68.53846153846153,28.5,224,29,545,2919,128,E6,20,20,0.0,0.5,0,20
claim,1007,default,224,20,20,109.75,12,4,89.31111111111112,33.0,478,40,44,44,0,E6,20,20,0.0,0.5,0,20
mas,1007,default,184,20,20,93.05,10,4,77.86666666666666,33.0,297,52,76,114,0,E6,20,20,0.0,0.5,0,20
mas_iterative,1007,default,166,20,20,86.8,9,4,74.53333333333333,33.0,242,54,78,117,0,E6,20,20,0.0,0.5,0,20
cbba,1007,default,169,20,20,84.45,10,4,72.08888888888889,33.0,231,74,435,2315,100,E6,20,20,0.0,0.5,0,20
claim,1008,default,220,20,20,109.1,11,4,92.08,36.25,326,80,35,35,0,E6,20,20,0.0,0.5,0,20
mas,1008,default,201,20,20,106.65,10,4,90.74,36.25,269,63,66,99,0,E6,20,20,0.0,0.5,0,20
mas_iterative,1008,default,200,20,20,106.6,10,4,90.7,36.25,269,59,66,99,0,E6,20,20,0.0,0.5,0,20
cbba,1008,default,191,20,20,96.05,11,4,81.42,30.25,219,69,494,2608,115,E6,20,20,0.0,0.5,0,20
claim,1009,default,268,20,20,119.15,12,4,92.97872340425532,33.333333333333336,516,41,45,45,0,E6,20,20,0.0,0.5,0,20
mas,1009,default,288,20,20,121.4,10,4,94.02127659574468,33.333333333333336,526,79,86,129,0,E6,20,20,0.0,0.5,0,20
mas_iterative,1009,default,288,20,20,121.2,10,4,93.7872340425532,33.333333333333336,528,77,84,126,0,E6,20,20,0.0,0.5,0,20
cbba,1009,default,219,20,20,94.8,8,4,77.63829787234043,33.333333333333336,204,117,519,2849,122,E6,20,20,0.0,0.5,0,20
claim,1010,default,262,20,20,127.55,14,4,108.66037735849056,57.8,530,68,41,41,0,E6,20,20,0.0,0.5,0,20
mas,1010,default,199,20,20,96.05,8,4,80.28301886792453,37.6,214,89,75,113,0,E6,20,20,0.0,0.5,0,20
mas_iterative,1010,default,226,20,20,95.7,10,4,79.09433962264151,37.0,392,32,79,119,0,E6,20,20,0.0,0.5,0,20
cbba,1010,default,228,20,20,95.05,9,4,78.24528301886792,37.0,309,130,490,2588,114,E6,20,20,0.0,0.5,0,20
claim,1011,default,199,20,20,91.7,10,4,74.31481481481481,39.4,292,55,34,34,0,E6,20,20,0.0,0.5,0,20
mas,1011,default,197,20,20,87.15,10,4,70.42592592592592,37.4,267,71,76,114,0,E6,20,20,0.0,0.5,0,20
mas_iterative,1011,default,181,20,20,85.6,7,4,68.83333333333333,37.2,166,105,64,96,0,E6,20,20,0.0,0.5,0,20
cbba,1011,default,181,20,20,84.35,8,4,68.37037037037037,37.2,191,57,498,2692,117,E6,20,20,0.0,0.5,0,20
claim,1012,default,182,20,20,95.95,12,4,84.73584905660377,40.2,263,73,38,38,0,E6,20,20,0.0,0.5,0,20
mas,1012,default,190,20,20,90.85,12,4,79.62264150943396,40.2,227,136,74,111,0,E6,20,20,0.0,0.5,0,20
mas_iterative,1012,default,171,20,20,88.5,11,4,77.71698113207547,40.2,192,112,76,114,0,E6,20,20,0.0,0.5,0,20
cbba,1012,default,177,20,20,78.1,6,4,67.43396226415095,34.8,145,165,314,1632,71,E6,20,20,0.0,0.5,0,20
claim,1013,default,181,20,20,97.55,9,4,83.36585365853658,nan,220,40,33,33,0,E6,20,20,0.0,0.5,0,20
mas,1013,default,176,20,20,95.6,7,4,81.92682926829268,nan,173,83,64,96,0,E6,20,20,0.0,0.5,0,20
mas_iterative,1013,default,176,20,20,95.55,7,4,81.85365853658537,nan,174,82,64,96,0,E6,20,20,0.0,0.5,0,20
cbba,1013,default,178,20,20,95.15,7,4,80.73170731707317,nan,181,90,366,1838,83,E6,20,20,0.0,0.5,0,20
claim,1014,default,231,20,20,102.0,8,4,84.98,28.5,356,87,37,37,0,E6,20,20,0.0,0.5,0,20
mas,1014,default,183,20,20,84.75,5,4,70.14,28.5,175,56,66,99,0,E6,20,20,0.0,0.5,0,20
mas_iterative,1014,default,194,20,20,91.6,4,4,75.18,28.5,235,27,70,105,0,E6,20,20,0.0,0.5,0,20
cbba,1014,default,182,20,20,90.2,4,4,73.6,28.0,173,47,475,2535,112,E6,20,20,0.0,0.5,0,20
claim,1015,default,198,20,20,100.3,6,4,88.22,34.0,188,66,26,26,0,E6,20,20,0.0,0.5,0,20
mas,1015,default,198,20,20,100.3,6,4,88.22,34.0,188,66,52,78,0,E6,20,20,0.0,0.5,0,20
mas_iterative,1015,default,198,20,20,100.3,6,4,88.22,34.0,188,66,52,78,0,E6,20,20,0.0,0.5,0,20
cbba,1015,default,198,20,20,100.3,6,4,88.22,34.0,188,66,558,2950,133,E6,20,20,0.0,0.5,0,20
claim,1016,default,194,20,20,98.35,12,4,78.04,43.333333333333336,261,139,36,36,0,E6,20,20,0.0,0.5,0,20
mas,1016,default,153,20,20,80.6,9,4,62.96,36.333333333333336,164,57,76,114,0,E6,20,20,0.0,0.5,0,20
mas_iterative,1016,default,153,20,20,80.2,9,4,62.54,36.166666666666664,166,55,76,114,0,E6,20,20,0.0,0.5,0,20
cbba,1016,default,181,20,20,88.55,6,4,67.48,37.833333333333336,232,109,478,2564,111,E6,20,20,0.0,0.5,0,20
claim,1017,default,215,20,20,107.3,12,4,91.98076923076923,41.666666666666664,393,37,41,41,0,E6,20,20,0.0,0.5,0,20
mas,1017,default,211,20,20,103.6,11,4,89.09615384615384,41.666666666666664,368,32,72,108,0,E6,20,20,0.0,0.5,0,20
mas_iterative,1017,default,211,20,20,103.6,11,4,89.09615384615384,41.666666666666664,368,32,72,108,0,E6,20,20,0.0,0.5,0,20
cbba,1017,default,247,20,20,108.6,8,4,89.76923076923077,36.0,394,131,402,2020,91,E6,20,20,0.0,0.5,0,20
claim,1018,default,236,20,20,122.8,11,4,94.63636363636364,32.666666666666664,368,37,38,38,0,E6,20,20,0.0,0.5,0,20
mas,1018,default,245,20,20,120.25,9,4,91.68181818181819,32.666666666666664,291,129,74,111,0,E6,20,20,0.0,0.5,0,20
mas_iterative,1018,default,245,20,20,119.85,9,4,91.4090909090909,32.666666666666664,291,129,74,111,0,E6,20,20,0.0,0.5,0,20
cbba,1018,default,221,20,20,120.1,10,4,91.75,32.666666666666664,315,41,360,1876,81,E6,20,20,0.0,0.5,0,20
claim,1019,default,252,20,20,119.7,12,4,100.52941176470588,32.0,441,113,42,42,0,E6,20,20,0.0,0.5,0,20
mas,1019,default,232,20,20,111.95,11,4,95.13725490196079,32.0,361,106,74,111,0,E6,20,20,0.0,0.5,0,20
mas_iterative,1019,default,235,20,20,113.65,10,4,96.92156862745098,32.0,346,126,80,120,0,E6,20,20,0.0,0.5,0,20
cbba,1019,default,239,20,20,112.2,8,4,93.6078431372549,32.0,410,39,452,2314,104,E6,20,20,0.0,0.5,0,20
claim,1020,default,202,20,20,110.45,7,4,90.78260869565217,28.5,202,69,32,32,0,E6,20,20,0.0,0.5,0,20
mas,1020,default,237,20,20,117.0,11,4,94.69565217391305,28.5,330,111,82,123,0,E6,20,20,0.0,0.5,0,20
mas_iterative,1020,default,223,20,20,116.9,7,4,94.73913043478261,28.5,251,30,72,108,0,E6,20,20,0.0,0.5,0,20
cbba,1020,default,234,20,20,110.95,8,4,90.17391304347827,28.5,368,71,383,1901,87,E6,20,20,0.0,0.5,0,20
claim,1021,default,257,20,20,113.0,13,4,90.52173913043478,35.666666666666664,525,50,48,48,0,E6,20,20,0.0,0.5,0,20
mas,1021,default,206,20,20,90.55,10,4,72.19565217391305,28.666666666666668,254,36,80,120,0,E6,20,20,0.0,0.5,0,20
mas_iterative,1021,default,208,20,20,92.1,12,4,74.3913043478261,28.333333333333332,309,33,76,114,0,E6,20,20,0.0,0.5,0,20
cbba,1021,default,188,20,20,86.25,8,4,70.28260869565217,28.333333333333332,223,65,431,2293,100,E6,20,20,0.0,0.5,0,20
claim,1022,default,248,20,20,110.6,11,4,91.27450980392157,42.25,452,34,38,38,0,E6,20,20,0.0,0.5,0,20
mas,1022,default,226,20,20,99.75,10,4,81.92156862745098,41.75,300,104,66,99,0,E6,20,20,0.0,0.5,0,20
mas_iterative,1022,default,226,20,20,99.3,10,4,81.50980392156863,41.5,298,106,68,102,0,E6,20,20,0.0,0.5,0,20
cbba,1022,default,205,20,20,92.45,8,4,76.03921568627452,41.25,217,100,473,2633,111,E6,20,20,0.0,0.5,0,20
claim,1023,default,230,20,20,122.6,8,4,105.15686274509804,38.0,260,125,31,31,0,E6,20,20,0.0,0.5,0,20
mas,1023,default,228,20,20,108.45,8,4,90.74509803921569,38.0,272,122,75,113,0,E6,20,20,0.0,0.5,0,20
mas_iterative,1023,default,216,20,20,111.9,8,4,94.98039215686275,38.0,302,31,64,96,0,E6,20,20,0.0,0.5,0,20
cbba,1023,default,223,20,20,110.95,9,4,92.7843137254902,38.0,314,75,575,2995,135,E6,20,20,0.0,0.5,0,20
claim,1024,default,254,20,20,144.2,8,4,124.3265306122449,54.333333333333336,421,100,38,38,0,E6,20,20,0.0,0.5,0,20
mas,1024,default,208,20,20,108.9,10,4,90.63265306122449,42.0,265,72,74,111,0,E6,20,20,0.0,0.5,0,20
mas_iterative,1024,default,212,20,20,105.35,8,4,89.26530612244898,41.333333333333336,229,112,69,104,0,E6,20,20,0.0,0.5,0,20
cbba,1024,default,187,20,20,98.0,7,4,82.40816326530613,40.666666666666664,184,45,541,2877,128,E6,20,20,0.0,0.5,0,20
claim,1025,default,212,20,20,101.25,12,4,80.22448979591837,41.75,310,32,36,36,0,E6,20,20,0.0,0.5,0,20
mas,1025,default,212,20,20,101.25,12,4,80.22448979591837,41.75,310,32,72,108,0,E6,20,20,0.0,0.5,0,20
mas_iterative,1025,default,212,20,20,101.25,12,4,80.22448979591837,41.75,310,32,72,108,0,E6,20,20,0.0,0.5,0,20
cbba,1025,default,187,20,20,95.65,10,4,76.65306122448979,41.75,284,36,437,2367,101,E6,20,20,0.0,0.5,0,20
claim,1026,default,219,20,20,111.85,11,4,92.58490566037736,46.0,293,78,37,37,0,E6,20,20,0.0,0.5,0,20
mas,1026,default,211,20,20,110.8,11,4,92.20754716981132,46.0,262,63,70,105,0,E6,20,20,0.0,0.5,0,20
mas_iterative,1026,default,199,20,20,107.5,9,4,90.0754716981132,46.0,206,75,66,99,0,E6,20,20,0.0,0.5,0,20
cbba,1026,default,189,20,20,95.8,6,4,80.67924528301887,47.0,134,43,452,2376,106,E6,20,20,0.0,0.5,0,20
claim,1027,default,247,20,20,132.65,14,4,109.72340425531915,54.5,438,58,43,43,0,E6,20,20,0.0,0.5,0,20
mas,1027,default,243,20,20,126.6,13,4,103.51063829787235,52.25,410,110,84,126,0,E6,20,20,0.0,0.5,0,20
mas_iterative,1027,default,240,20,20,126.35,12,4,103.34042553191489,52.0,404,99,80,120,0,E6,20,20,0.0,0.5,0,20
cbba,1027,default,221,20,20,129.4,11,4,105.04255319148936,44.5,312,51,403,2125,92,E6,20,20,0.0,0.5,0,20
claim,1028,default,315,20,20,179.2,15,4,146.79545454545453,43.0,703,48,52,52,0,E6,20,20,0.0,0.5,0,20
mas,1028,default,227,20,20,111.7,11,4,87.5909090909091,42.0,291,108,73,110,0,E6,20,20,0.0,0.5,0,20
mas_iterative,1028,default,224,20,20,108.35,9,4,86.27272727272727,41.5,297,117,73,110,0,E6,20,20,0.0,0.5,0,20
cbba,1028,default,221,20,20,105.05,8,4,83.38636363636364,40.0,265,115,348,1752,79,E6,20,20,0.0,0.5,0,20
claim,1030,default,236,20,20,115.7,13,4,89.42857142857143,43.5,450,54,41,41,0,E6,20,20,0.0,0.5,0,20
mas,1030,default,199,20,20,94.15,6,4,73.26190476190476,34.0,258,94,80,120,0,E6,20,20,0.0,0.5,0,20
mas_iterative,1030,default,190,20,20,89.9,8,4,68.80952380952381,33.5,200,32,84,126,0,E6,20,20,0.0,0.5,0,20
cbba,1030,default,181,20,20,85.5,6,4,66.73809523809524,33.5,201,44,491,2501,115,E6,20,20,0.0,0.5,0,20
claim,1031,default,308,20,20,128.2,15,4,102.6,51.857142857142854,729,51,55,55,0,E6,20,20,0.0,0.5,0,20
mas,1031,default,197,20,20,97.1,7,4,79.18181818181819,42.142857142857146,187,106,62,93,0,E6,20,20,0.0,0.5,0,20
mas_iterative,1031,default,215,20,20,96.7,11,4,77.74545454545455,38.285714285714285,302,57,76,114,0,E6,20,20,0.0,0.5,0,20
cbba,1031,default,205,20,20,94.5,8,4,76.43636363636364,38.285714285714285,201,120,414,2166,96,E6,20,20,0.0,0.5,0,20
claim,1032,default,202,20,20,103.15,11,4,85.63829787234043,34.0,209,48,33,33,0,E6,20,20,0.0,0.5,0,20
mas,1032,default,247,20,20,104.95,11,4,84.08510638297872,34.0,399,118,84,126,0,E6,20,20,0.0,0.5,0,20
mas_iterative,1032,default,247,20,20,104.9,11,4,84.04255319148936,34.0,400,117,84,126,0,E6,20,20,0.0,0.5,0,20
cbba,1032,default,181,20,20,90.95,8,4,73.87234042553192,34.0,216,30,515,2753,121,E6,20,20,0.0,0.5,0,20
claim,1033,default,226,20,20,114.7,12,4,97.61111111111111,60.2,328,33,37,37,0,E6,20,20,0.0,0.5,0,20
mas,1033,default,242,20,20,108.6,10,4,90.94444444444444,50.2,328,73,78,117,0,E6,20,20,0.0,0.5,0,20
mas_iterative,1033,default,215,20,20,109.7,8,4,93.20370370370371,50.0,225,61,66,99,0,E6,20,20,0.0,0.5,0,20
cbba,1033,default,239,20,20,108.95,11,4,90.64814814814815,50.0,365,31,435,2181,100,E6,20,20,0.0,0.5,0,20
claim,1034,default,245,20,20,103.35,9,4,79.22222222222223,48.5,315,148,33,33,0,E6,20,20,0.0,0.5,0,20
mas,1034,default,219,20,20,99.55,9,4,77.71111111111111,48.5,287,57,64,96,0,E6,20,20,0.0,0.5,0,20
mas_iterative,1034,default,218,20,20,99.2,9,4,77.4888888888889,48.5,284,56,64,96,0,E6,20,20,0.0,0.5,0,20
cbba,1034,default,220,20,20,100.75,7,4,76.64444444444445,37.0,187,139,540,2932,127,E6,20,20,0.0,0.5,0,20
claim,1035,default,187,20,20,94.85,10,4,82.5,38.6,212,45,33,33,0,E6,20,20,0.0,0.5,0,20
mas,1035,default,210,20,20,98.25,9,4,84.42592592592592,38.6,231,51,66,99,0,E6,20,20,0.0,0.5,0,20
mas_iterative,1035,default,215,20,20,102.9,11,4,89.05555555555556,38.8,296,38,74,111,0,E6,20,20,0.0,0.5,0,20
cbba,1035,default,216,20,20,101.0,11,4,87.0925925925926,38.8,311,34,638,3400,151,E6,20,20,0.0,0.5,0,20
claim,1036,default,233,20,20,119.65,10,4,96.6938775510204,44.25,330,43,37,37,0,E6,20,20,0.0,0.5,0,20
mas,1036,default,288,20,20,129.3,14,4,103.3061224489796,48.25,513,100,95,143,0,E6,20,20,0.0,0.5,0,20
mas_iterative,1036,default,247,20,20,114.9,10,4,90.28571428571429,37.5,328,74,72,108,0,E6,20,20,0.0,0.5,0,20
cbba,1036,default,239,20,20,128.6,11,4,103.57142857142857,48.25,350,63,454,2396,105,E6,20,20,0.0,0.5,0,20
claim,1037,default,275,20,20,120.6,13,4,88.67391304347827,43.2,505,124,45,45,0,E6,20,20,0.0,0.5,0,20
mas,1037,default,250,20,20,125.3,11,4,93.80434782608695,38.6,458,42,92,138,0,E6,20,20,0.0,0.5,0,20
mas_iterative,1037,default,249,20,20,125.1,11,4,93.6304347826087,38.4,457,40,92,138,0,E6,20,20,0.0,0.5,0,20
cbba,1037,default,246,20,20,115.7,10,4,87.6304347826087,38.4,385,97,484,2398,112,E6,20,20,0.0,0.5,0,20
claim,1038,default,223,20,20,106.45,11,4,88.8103448275862,46.5,358,33,37,37,0,E6,20,20,0.0,0.5,0,20
mas,1038,default,244,20,20,102.15,9,4,84.37931034482759,46.5,395,76,79,119,0,E6,20,20,0.0,0.5,0,20
mas_iterative,1038,default,244,20,20,102.0,9,4,84.24137931034483,46.5,396,75,79,119,0,E6,20,20,0.0,0.5,0,20
cbba,1038,default,191,20,20,82.9,4,4,69.05172413793103,46.5,133,125,509,2671,120,E6,20,20,0.0,0.5,0,20
claim,1039,default,263,20,20,118.95,14,4,95.0,41.166666666666664,501,73,41,41,0,E6,20,20,0.0,0.5,0,20
mas,1039,default,263,20,20,118.95,14,4,95.0,41.166666666666664,501,73,82,123,0,E6,20,20,0.0,0.5,0,20
mas_iterative,1039,default,263,20,20,118.95,14,4,95.0,41.166666666666664,501,73,82,123,0,E6,20,20,0.0,0.5,0,20
cbba,1039,default,256,20,20,114.7,9,4,89.01785714285714,32.5,447,76,555,2867,129,E6,20,20,0.0,0.5,0,20
claim,1040,default,220,20,20,120.2,11,4,99.79591836734694,46.0,345,75,37,37,0,E6,20,20,0.0,0.5,0,20
mas,1040,default,177,20,20,97.1,8,4,82.26530612244898,51.0,203,46,72,108,0,E6,20,20,0.0,0.5,0,20
mas_iterative,1040,default,161,20,20,90.95,7,4,78.3265306122449,51.0,116,55,60,90,0,E6,20,20,0.0,0.5,0,20
cbba,1040,default,165,20,20,94.35,8,4,79.73469387755102,51.0,142,54,516,2732,122,E6,20,20,0.0,0.5,0,20
claim,1041,default,202,20,20,106.05,8,4,85.98,36.5,234,93,32,32,0,E6,20,20,0.0,0.5,0,20
mas,1041,default,205,20,20,102.9,9,4,83.9,36.5,256,75,64,96,0,E6,20,20,0.0,0.5,0,20
mas_iterative,1041,default,222,20,20,105.7,10,4,84.98,36.5,342,61,72,108,0,E6,20,20,0.0,0.5,0,20
cbba,1041,default,197,20,20,93.35,9,4,74.34,30.75,204,97,499,2749,117,E6,20,20,0.0,0.5,0,20
claim,1042,default,237,20,20,111.15,13,4,89.48076923076923,36.6,437,74,45,45,0,E6,20,20,0.0,0.5,0,20
mas,1042,default,224,20,20,107.2,11,4,86.21153846153847,36.6,378,98,87,131,0,E6,20,20,0.0,0.5,0,20
mas_iterative,1042,default,222,20,20,107.0,11,4,86.11538461538461,36.6,379,89,87,131,0,E6,20,20,0.0,0.5,0,20
cbba,1042,default,209,20,20,103.7,9,4,83.07692307692308,36.6,328,79,386,1976,87,E6,20,20,0.0,0.5,0,20
claim,1043,default,216,20,20,105.1,13,4,80.26315789473684,31.0,332,76,41,41,0,E6,20,20,0.0,0.5,0,20
mas,1043,default,203,20,20,101.9,13,4,78.84210526315789,31.0,305,59,76,114,0,E6,20,20,0.0,0.5,0,20
mas_iterative,1043,default,202,20,20,101.85,13,4,78.8157894736842,31.0,305,55,76,114,0,E6,20,20,0.0,0.5,0,20
cbba,1043,default,200,20,20,86.8,6,4,65.94736842105263,31.0,187,142,400,2124,92,E6,20,20,0.0,0.5,0,20
claim,1044,default,227,20,20,110.3,12,4,94.14,51.0,318,145,38,38,0,E6,20,20,0.0,0.5,0,20
mas,1044,default,209,20,20,98.35,10,4,84.26,45.75,298,72,72,108,0,E6,20,20,0.0,0.5,0,20
mas_iterative,1044,default,209,20,20,98.25,10,4,84.12,45.5,299,71,74,111,0,E6,20,20,0.0,0.5,0,20
cbba,1044,default,196,20,20,97.7,9,4,83.9,45.5,267,76,494,2228,115,E6,20,20,0.0,0.5,0,20
claim,1045,default,318,20,20,152.4,15,4,118.0576923076923,39.0,656,45,49,49,0,E6,20,20,0.0,0.5,0,20
mas,1045,default,240,20,20,107.85,10,4,86.61538461538461,32.25,363,67,78,117,0,E6,20,20,0.0,0.5,0,20
mas_iterative,1045,default,239,20,20,107.55,10,4,86.38461538461539,32.0,362,64,78,117,0,E6,20,20,0.0,0.5,0,20
cbba,1045,default,223,20,20,99.1,7,4,81.09615384615384,32.0,273,66,385,1851,88,E6,20,20,0.0,0.5,0,20
claim,1046,default,312,20,20,153.4,11,4,128.32075471698113,60.4,707,50,48,48,0,E6,20,20,0.0,0.5,0,20
mas,1046,default,237,20,20,96.75,7,4,79.37735849056604,35.0,317,93,69,104,0,E6,20,20,0.0,0.5,0,20
mas_iterative,1046,default,236,20,20,96.2,7,4,78.79245283018868,34.4,318,88,71,107,0,E6,20,20,0.0,0.5,0,20
cbba,1046,default,234,20,20,96.15,10,4,79.54716981132076,34.4,326,65,611,3203,144,E6,20,20,0.0,0.5,0,20
claim,1047,default,245,20,20,118.9,12,4,92.4,43.0,544,40,44,44,0,E6,20,20,0.0,0.5,0,20
mas,1047,default,197,20,20,104.7,11,4,84.82222222222222,43.0,300,104,82,123,0,E6,20,20,0.0,0.5,0,20
mas_iterative,1047,default,206,20,20,105.65,12,4,85.22222222222223,43.0,326,115,80,120,0,E6,20,20,0.0,0.5,0,20
cbba,1047,default,174,20,20,88.25,8,4,71.37777777777778,28.0,181,106,354,1762,80,E6,20,20,0.0,0.5,0,20
claim,1048,default,269,20,20,150.7,11,4,128.25531914893617,56.0,477,71,39,39,0,E6,20,20,0.0,0.5,0,20
mas,1048,default,224,20,20,110.5,9,4,92.68085106382979,47.0,307,96,68,102,0,E6,20,20,0.0,0.5,0,20
mas_iterative,1048,default,244,20,20,114.0,11,4,96.44680851063829,45.0,400,37,76,114,0,E6,20,20,0.0,0.5,0,20
cbba,1048,default,218,20,20,95.95,8,4,81.82978723404256,30.0,213,156,442,2306,102,E6,20,20,0.0,0.5,0,20
claim,1049,default,280,20,20,126.25,13,4,109.83636363636364,39.333333333333336,526,44,45,45,0,E6,20,20,0.0,0.5,0,20
mas,1049,default,214,20,20,105.6,10,4,93.61818181818182,39.333333333333336,250,82,75,113,0,E6,20,20,0.0,0.5,0,20
mas_iterative,1049,default,220,20,20,104.55,10,4,92.49090909090908,39.333333333333336,268,110,73,110,0,E6,20,20,0.0,0.5,0,20
cbba,1049,default,239,20,20,111.35,9,4,96.0,31.666666666666668,297,118,363,1887,82,E6,20,20,0.0,0.5,0,20
claim,1050,default,334,20,20,146.65,15,4,111.22916666666667,44.5,824,52,56,56,0,E6,20,20,0.0,0.5,0,20
mas,1050,default,258,20,20,119.5,14,4,94.0625,44.5,532,43,94,141,0,E6,20,20,0.0,0.5,0,20
mas_iterative,1050,default,258,20,20,119.5,14,4,94.0625,44.5,532,43,94,141,0,E6,20,20,0.0,0.5,0,20
cbba,1050,default,240,20,20,106.85,10,4,83.25,44.5,437,66,548,2836,127,E6,20,20,0.0,0.5,0,20
claim,1051,default,245,20,20,127.05,12,4,103.5111111111111,38.5,430,38,42,42,0,E6,20,20,0.0,0.5,0,20
mas,1051,default,268,20,20,137.4,13,4,110.82222222222222,38.5,481,108,87,131,0,E6,20,20,0.0,0.5,0,20
mas_iterative,1051,default,262,20,20,136.8,11,4,110.75555555555556,38.5,419,138,82,123,0,E6,20,20,0.0,0.5,0,20
cbba,1051,default,239,20,20,131.6,10,4,106.86666666666666,38.5,367,109,428,2300,98,E6,20,20,0.0,0.5,0,20
claim,1052,default,246,20,20,124.8,14,4,105.21739130434783,41.0,426,104,44,44,0,E6,20,20,0.0,0.5,0,20
mas,1052,default,216,20,20,105.9,11,4,88.3695652173913,38.0,242,138,74,111,0,E6,20,20,0.0,0.5,0,20
mas_iterative,1052,default,215,20,20,105.5,11,4,88.08695652173913,38.0,243,134,74,111,0,E6,20,20,0.0,0.5,0,20
cbba,1052,default,203,20,20,104.25,7,4,85.84782608695652,34.666666666666664,253,50,507,2733,119,E6,20,20,0.0,0.5,0,20
claim,1053,default,226,20,20,113.95,16,4,94.84313725490196,41.8,385,58,42,42,0,E6,20,20,0.0,0.5,0,20
mas,1053,default,193,20,20,102.5,8,4,86.19607843137256,41.8,202,105,76,114,0,E6,20,20,0.0,0.5,0,20
mas_iterative,1053,default,199,20,20,102.2,9,4,85.82352941176471,41.8,238,85,72,108,0,E6,20,20,0.0,0.5,0,20
cbba,1053,default,198,20,20,106.35,10,4,88.70588235294117,41.8,310,31,475,2415,110,E6,20,20,0.0,0.5,0,20
claim,1054,default,241,20,20,115.0,11,4,94.97727272727273,41.0,414,35,39,39,0,E6,20,20,0.0,0.5,0,20
mas,1054,default,241,20,20,115.0,11,4,94.97727272727273,41.0,414,35,78,117,0,E6,20,20,0.0,0.5,0,20
mas_iterative,1054,default,241,20,20,115.0,11,4,94.97727272727273,41.0,414,35,78,117,0,E6,20,20,0.0,0.5,0,20
cbba,1054,default,259,20,20,110.15,12,4,93.68181818181819,37.0,459,72,515,2727,119,E6,20,20,0.0,0.5,0,20
claim,1055,default,227,20,20,114.2,14,4,97.60377358490567,42.5,372,92,39,39,0,E6,20,20,0.0,0.5,0,20
mas,1055,default,208,20,20,109.2,10,4,93.39622641509433,42.5,250,119,70,105,0,E6,20,20,0.0,0.5,0,20
mas_iterative,1055,default,228,20,20,108.4,9,4,92.94339622641509,42.5,377,70,80,120,0,E6,20,20,0.0,0.5,0,20
cbba,1055,default,258,20,20,118.05,10,4,99.66037735849056,42.5,500,76,407,2049,92,E6,20,20,0.0,0.5,0,20
claim,1056,default,205,20,20,105.75,12,4,87.43396226415095,48.6,349,36,37,37,0,E6,20,20,0.0,0.5,0,20
mas,1056,default,194,20,20,102.8,10,4,84.86792452830188,40.2,281,34,76,114,0,E6,20,20,0.0,0.5,0,20
mas_iterative,1056,default,193,20,20,102.55,10,4,84.66037735849056,40.0,280,31,76,114,0,E6,20,20,0.0,0.5,0,20
cbba,1056,default,221,20,20,101.75,8,4,83.43396226415095,40.0,328,76,495,2455,115,E6,20,20,0.0,0.5,0,20
claim,1057,default,246,20,20,113.95,11,4,95.45614035087719,47.166666666666664,464,37,41,41,0,E6,20,20,0.0,0.5,0,20
mas,1057,default,218,20,20,109.9,10,4,91.42105263157895,47.166666666666664,334,58,70,105,0,E6,20,20,0.0,0.5,0,20
mas_iterative,1057,default,218,20,20,109.9,10,4,91.42105263157895,47.166666666666664,334,58,70,105,0,E6,20,20,0.0,0.5,0,20
cbba,1057,default,227,20,20,112.3,9,4,91.63157894736842,47.166666666666664,357,53,511,2813,119,E6,20,20,0.0,0.5,0,20
claim,1058,default,262,20,20,138.15,14,4,116.09803921568627,41.0,488,53,44,44,0,E6,20,20,0.0,0.5,0,20
mas,1058,default,218,20,20,123.7,10,4,105.05882352941177,41.0,282,42,74,111,0,E6,20,20,0.0,0.5,0,20
mas_iterative,1058,default,226,20,20,124.55,11,4,105.29411764705883,41.0,307,35,76,114,0,E6,20,20,0.0,0.5,0,20
cbba,1058,default,228,20,20,111.0,8,4,93.49019607843137,31.0,284,107,442,2324,102,E6,20,20,0.0,0.5,0,20
claim,1059,default,201,20,20,105.9,11,4,89.0576923076923,53.4,319,42,34,34,0,E6,20,20,0.0,0.5,0,20
mas,1059,default,198,20,20,95.8,9,4,80.65384615384616,50.8,244,82,68,102,0,E6,20,20,0.0,0.5,0,20
mas_iterative,1059,default,198,20,20,96.45,10,4,80.23076923076923,50.6,262,77,70,105,0,E6,20,20,0.0,0.5,0,20
cbba,1059,default,183,20,20,97.75,8,4,79.92307692307692,39.8,217,70,339,1797,77,E6,20,20,0.0,0.5,0,20
claim,1060,default,213,20,20,89.4,9,4,70.82608695652173,41.0,378,34,38,38,0,E6,20,20,0.0,0.5,0,20
mas,1060,default,201,20,20,88.5,8,4,70.43478260869566,41.0,261,88,68,102,0,E6,20,20,0.0,0.5,0,20
mas_iterative,1060,default,201,20,20,88.4,8,4,70.3913043478261,41.0,262,87,68,102,0,E6,20,20,0.0,0.5,0,20
cbba,1060,default,151,20,20,71.25,3,4,57.02173913043478,33.0,70,81,465,2527,110,E6,20,20,0.0,0.5,0,20
claim,1061,default,235,20,20,105.6,11,4,89.5625,48.333333333333336,346,78,38,38,0,E6,20,20,0.0,0.5,0,20
mas,1061,default,181,20,20,94.85,5,4,80.72916666666667,39.666666666666664,144,69,60,90,0,E6,20,20,0.0,0.5,0,20
mas_iterative,1061,default,207,20,20,100.0,7,4,83.14583333333333,39.0,229,108,66,99,0,E6,20,20,0.0,0.5,0,20
cbba,1061,default,190,20,20,88.0,5,4,74.91666666666667,31.333333333333332,129,113,411,2203,96,E6,20,20,0.0,0.5,0,20
claim,1062,default,268,20,20,129.45,10,4,115.03389830508475,48.2,527,55,46,46,0,E6,20,20,0.0,0.5,0,20
mas,1062,default,209,20,20,110.9,9,4,99.2542372881356,48.2,238,90,64,96,0,E6,20,20,0.0,0.5,0,20
mas_iterative,1062,default,209,20,20,110.9,9,4,99.2542372881356,48.2,238,90,64,96,0,E6,20,20,0.0,0.5,0,20
cbba,1062,default,214,20,20,109.3,10,4,97.32203389830508,48.2,255,96,443,2313,102,E6,20,20,0.0,0.5,0,20
claim,1063,default,242,20,20,123.75,16,4,103.22641509433963,51.2,496,66,46,46,0,E6,20,20,0.0,0.5,0,20
mas,1063,default,229,20,20,106.6,11,4,90.05660377358491,52.2,339,157,82,123,0,E6,20,20,0.0,0.5,0,20
mas_iterative,1063,default,228,20,20,106.45,11,4,89.94339622641509,52.2,340,152,82,123,0,E6,20,20,0.0,0.5,0,20
cbba,1063,default,213,20,20,90.15,8,4,74.33962264150944,33.8,301,112,402,2028,92,E6,20,20,0.0,0.5,0,20
claim,1064,default,214,20,20,97.7,14,4,77.91071428571429,52.5,396,49,41,41,0,E6,20,20,0.0,0.5,0,20
mas,1064,default,186,20,20,90.8,10,4,74.03571428571429,52.166666666666664,291,35,76,114,0,E6,20,20,0.0,0.5,0,20
mas_iterative,1064,default,224,20,20,98.2,10,4,76.94642857142857,48.0,353,116,80,120,0,E6,20,20,0.0,0.5,0,20
cbba,1064,default,195,20,20,79.45,9,4,63.44642857142857,44.333333333333336,241,82,419,2171,96,E6,20,20,0.0,0.5,0,20
claim,1065,default,214,20,20,98.1,13,4,80.95833333333333,38.0,430,40,44,44,0,E6,20,20,0.0,0.5,0,20
mas,1065,default,178,20,20,91.75,10,4,76.91666666666667,38.0,256,52,75,113,0,E6,20,20,0.0,0.5,0,20
mas_iterative,1065,default,176,20,20,91.2,10,4,76.54166666666667,38.0,256,44,75,113,0,E6,20,20,0.0,0.5,0,20
cbba,1065,default,187,20,20,88.4,10,4,74.54166666666667,38.0,246,117,475,2455,110,E6,20,20,0.0,0.5,0,20
claim,1066,default,256,20,20,123.4,10,4,98.38181818181818,43.285714285714285,406,149,37,37,0,E6,20,20,0.0,0.5,0,20
mas,1066,default,212,20,20,103.1,7,4,83.2909090909091,43.285714285714285,349,34,75,113,0,E6,20,20,0.0,0.5,0,20
mas_iterative,1066,default,210,20,20,104.3,9,4,83.61818181818182,43.285714285714285,318,33,83,125,0,E6,20,20,0.0,0.5,0,20
cbba,1066,default,174,20,20,96.4,7,4,78.9090909090909,43.285714285714285,177,45,450,2298,105,E6,20,20,0.0,0.5,0,20
claim,1067,default,245,20,20,131.7,11,4,107.77083333333333,43.5,359,113,36,36,0,E6,20,20,0.0,0.5,0,20
mas,1067,default,246,20,20,124.5,9,4,102.0625,43.5,289,155,72,108,0,E6,20,20,0.0,0.5,0,20
mas_iterative,1067,default,204,20,20,102.65,5,4,84.70833333333333,35.25,184,81,62,93,0,E6,20,20,0.0,0.5,0,20
cbba,1067,default,194,20,20,98.45,7,4,81.375,35.5,145,87,436,2284,102,E6,20,20,0.0,0.5,0,20
claim,1068,default,276,20,20,127.15,14,4,106.68518518518519,38.0,560,42,46,46,0,E6,20,20,0.0,0.5,0,20
mas,1068,default,224,20,20,108.4,12,4,91.98148148148148,38.0,327,53,78,117,0,E6,20,20,0.0,0.5,0,20
mas_iterative,1068,default,205,20,20,106.65,10,4,91.25925925925925,38.0,307,35,76,114,0,E6,20,20,0.0,0.5,0,20
cbba,1068,default,212,20,20,99.2,8,4,83.53703703703704,32.0,231,95,440,2282,102,E6,20,20,0.0,0.5,0,20
claim,1069,default,190,20,20,99.25,11,4,82.48076923076923,48.8,251,34,34,34,0,E6,20,20,0.0,0.5,0,20
mas,1069,default,202,20,20,94.85,11,4,77.57692307692308,37.0,234,32,72,108,0,E6,20,20,0.0,0.5,0,20
mas_iterative,1069,default,202,20,20,94.8,11,4,77.5,36.8,235,31,72,108,0,E6,20,20,0.0,0.5,0,20
cbba,1069,default,206,20,20,99.3,12,4,80.96153846153847,33.8,282,86,348,1732,77,E6,20,20,0.0,0.5,0,20
claim,1070,default,214,20,20,97.4,9,4,84.04918032786885,47.57142857142857,329,30,34,34,0,E6,20,20,0.0,0.5,0,20
mas,1070,default,219,20,20,92.75,6,4,79.95081967213115,47.57142857142857,319,31,70,105,0,E6,20,20,0.0,0.5,0,20
mas_iterative,1070,default,176,20,20,90.45,5,4,79.11475409836065,47.57142857142857,140,23,56,84,0,E6,20,20,0.0,0.5,0,20
cbba,1070,default,221,20,20,97.5,6,4,83.59016393442623,47.142857142857146,211,160,530,2868,125,E6,20,20,0.0,0.5,0,20
claim,1071,default,332,20,20,154.3,15,4,111.84313725490196,37.2,775,47,51,51,0,E6,20,20,0.0,0.5,0,20
mas,1071,default,209,20,20,109.95,12,4,85.6470588235294,37.2,288,38,68,102,0,E6,20,20,0.0,0.5,0,20
mas_iterative,1071,default,209,20,20,109.85,12,4,85.6078431372549,37.2,286,40,68,102,0,E6,20,20,0.0,0.5,0,20
cbba,1071,default,197,20,20,101.05,6,4,80.15686274509804,37.2,166,90,504,2692,119,E6,20,20,0.0,0.5,0,20
claim,1072,default,265,20,20,135.1,13,4,120.65454545454546,62.75,548,109,47,47,0,E6,20,20,0.0,0.5,0,20
mas,1072,default,235,20,20,121.45,8,4,110.16363636363636,62.75,327,174,78,117,0,E6,20,20,0.0,0.5,0,20
mas_iterative,1072,default,235,20,20,121.4,8,4,110.10909090909091,62.75,328,173,78,117,0,E6,20,20,0.0,0.5,0,20
cbba,1072,default,181,20,20,89.2,10,4,81.07272727272728,44.75,267,75,402,2118,92,E6,20,20,0.0,0.5,0,20
claim,1073,default,271,20,20,145.35,10,4,112.6734693877551,39.0,475,140,37,37,0,E6,20,20,0.0,0.5,0,20
mas,1073,default,212,20,20,118.55,13,4,96.04081632653062,39.0,340,75,74,111,0,E6,20,20,0.0,0.5,0,20
mas_iterative,1073,default,212,20,20,118.55,13,4,96.04081632653062,39.0,340,75,74,111,0,E6,20,20,0.0,0.5,0,20
cbba,1073,default,242,20,20,118.1,10,4,92.55102040816327,39.0,461,72,419,2181,95,E6,20,20,0.0,0.5,0,20
claim,1074,default,284,20,20,117.55,13,4,94.61538461538461,46.2,616,41,45,45,0,E6,20,20,0.0,0.5,0,20
mas,1074,default,231,20,20,112.65,11,4,92.73076923076923,46.2,367,73,74,111,0,E6,20,20,0.0,0.5,0,20
mas_iterative,1074,default,230,20,20,112.6,11,4,92.71153846153847,46.2,367,69,74,111,0,E6,20,20,0.0,0.5,0,20
cbba,1074,default,228,20,20,110.15,12,4,91.23076923076923,46.2,357,47,555,3005,129,E6,20,20,0.0,0.5,0,20
claim,1075,default,269,20,20,130.3,13,4,101.59574468085107,43.0,522,42,42,42,0,E6,20,20,0.0,0.5,0,20
mas,1075,default,227,20,20,121.1,13,4,97.34042553191489,43.0,362,36,78,117,0,E6,20,20,0.0,0.5,0,20
mas_iterative,1075,default,227,20,20,121.0,13,4,97.27659574468085,43.0,362,36,78,117,0,E6,20,20,0.0,0.5,0,20
cbba,1075,default,205,20,20,106.55,11,4,84.06382978723404,35.333333333333336,223,55,416,2182,95,E6,20,20,0.0,0.5,0,20
claim,1076,default,278,20,20,150.2,11,4,112.1875,43.4,533,60,46,46,0,E6,20,20,0.0,0.5,0,20
mas,1076,default,265,20,20,130.15,9,4,96.33333333333333,37.6,402,131,81,122,0,E6,20,20,0.0,0.5,0,20
mas_iterative,1076,default,245,20,20,116.45,10,4,87.89583333333333,37.2,328,92,76,114,0,E6,20,20,0.0,0.5,0,20
cbba,1076,default,245,20,20,116.45,10,4,87.89583333333333,37.2,328,92,456,2462,105,E6,20,20,0.0,0.5,0,20
claim,1077,default,187,20,20,96.0,9,4,78.10909090909091,49.625,153,28,32,32,0,E6,20,20,0.0,0.5,0,20
mas,1077,default,185,20,20,86.35,7,4,67.07272727272728,42.25,155,29,66,99,0,E6,20,20,0.0,0.5,0,20
mas_iterative,1077,default,185,20,20,86.0,7,4,66.67272727272727,41.875,157,27,68,102,0,E6,20,20,0.0,0.5,0,20
cbba,1077,default,185,20,20,86.0,7,4,66.67272727272727,41.875,157,27,555,3013,131,E6,20,20,0.0,0.5,0,20
claim,1078,default,237,20,20,114.65,14,4,89.1304347826087,40.666666666666664,439,45,43,43,0,E6,20,20,0.0,0.5,0,20
mas,1078,default,188,20,20,101.55,8,4,82.1086956521739,40.666666666666664,196,58,62,93,0,E6,20,20,0.0,0.5,0,20
mas_iterative,1078,default,188,20,20,101.4,8,4,81.95652173913044,40.666666666666664,200,54,62,93,0,E6,20,20,0.0,0.5,0,20
cbba,1078,default,196,20,20,99.9,9,4,80.15217391304348,39.333333333333336,223,67,552,2960,130,E6,20,20,0.0,0.5,0,20
claim,1079,default,306,20,20,120.45,12,4,87.92,38.5,707,43,47,47,0,E6,20,20,0.0,0.5,0,20
mas,1079,default,202,20,20,93.75,10,4,74.54,38.5,207,62,74,111,0,E6,20,20,0.0,0.5,0,20
mas_iterative,1079,default,213,20,20,96.45,9,4,75.92,38.5,251,30,70,105,0,E6,20,20,0.0,0.5,0,20
cbba,1079,default,200,20,20,100.65,8,4,78.8,36.0,267,31,611,3297,144,E6,20,20,0.0,0.5,0,20
claim,1080,default,235,20,20,96.95,14,4,79.77777777777777,35.333333333333336,360,154,41,41,0,E6,20,20,0.0,0.5,0,20
mas,1080,default,200,20,20,91.35,12,4,75.66666666666667,35.333333333333336,252,36,80,120,0,E6,20,20,0.0,0.5,0,20
mas_iterative,1080,default,200,20,20,91.25,12,4,75.57777777777778,35.333333333333336,254,34,80,120,0,E6,20,20,0.0,0.5,0,20
cbba,1080,default,187,20,20,91.95,8,4,76.22222222222223,35.333333333333336,258,63,641,3555,152,E6,20,20,0.0,0.5,0,20
claim,1081,default,211,20,20,113.5,10,4,89.51063829787235,29.333333333333332,351,36,37,37,0,E6,20,20,0.0,0.5,0,20
mas,1081,default,203,20,20,101.7,7,4,81.14893617021276,29.333333333333332,264,99,68,102,0,E6,20,20,0.0,0.5,0,20
mas_iterative,1081,default,202,20,20,101.55,7,4,81.04255319148936,29.333333333333332,265,94,68,102,0,E6,20,20,0.0,0.5,0,20
cbba,1081,default,187,20,20,96.2,7,4,76.63829787234043,29.333333333333332,217,65,495,2641,116,E6,20,20,0.0,0.5,0,20
claim,1082,default,217,20,20,107.25,16,4,83.375,35.25,329,64,38,38,0,E6,20,20,0.0,0.5,0,20
mas,1082,default,217,20,20,107.25,16,4,83.375,35.25,329,64,76,114,0,E6,20,20,0.0,0.5,0,20
mas_iterative,1082,default,217,20,20,107.25,16,4,83.375,35.25,329,64,76,114,0,E6,20,20,0.0,0.5,0,20
cbba,1082,default,188,20,20,97.55,12,4,78.25,35.25,217,37,532,2826,124,E6,20,20,0.0,0.5,0,20
claim,1083,default,225,20,20,100.45,13,4,79.26666666666667,35.75,307,33,37,37,0,E6,20,20,0.0,0.5,0,20
mas,1083,default,190,20,20,95.9,10,4,77.24444444444444,35.75,186,69,62,93,0,E6,20,20,0.0,0.5,0,20
mas_iterative,1083,default,190,20,20,95.85,10,4,77.22222222222223,35.75,186,69,62,93,0,E6,20,20,0.0,0.5,0,20
cbba,1083,default,192,20,20,91.75,6,4,72.57777777777778,35.75,129,126,400,2074,93,E6,20,20,0.0,0.5,0,20
claim,1084,default,236,20,20,126.3,12,4,107.80357142857143,48.666666666666664,409,54,39,39,0,E6,20,20,0.0,0.5,0,20
mas,1084,default,227,20,20,109.3,7,4,93.96428571428571,46.666666666666664,232,145,69,104,0,E6,20,20,0.0,0.5,0,20
mas_iterative,1084,default,227,20,20,106.35,7,4,91.92857142857143,46.333333333333336,227,149,60,90,0,E6,20,20,0.0,0.5,0,20
cbba,1084,default,202,20,20,90.95,5,4,77.78571428571429,37.5,119,152,401,2105,94,E6,20,20,0.0,0.5,0,20
claim,1085,default,179,20,20,96.1,10,4,78.76470588235294,36.5,227,41,34,34,0,E6,20,20,0.0,0.5,0,20
mas,1085,default,213,20,20,93.2,9,4,78.3529411764706,36.5,307,101,70,105,0,E6,20,20,0.0,0.5,0,20
mas_iterative,1085,default,213,20,20,93.1,9,4,78.29411764705883,36.5,308,100,70,105,0,E6,20,20,0.0,0.5,0,20
cbba,1085,default,195,20,20,99.55,11,4,82.56862745098039,40.75,280,40,496,2592,115,E6,20,20,0.0,0.5,0,20
claim,1086,default,216,20,20,98.65,10,4,79.35416666666667,39.25,314,84,35,35,0,E6,20,20,0.0,0.5,0,20
mas,1086,default,178,20,20,87.35,7,4,73.1875,39.25,189,55,68,102,0,E6,20,20,0.0,0.5,0,20
mas_iterative,1086,default,172,20,20,85.8,7,4,72.16666666666667,39.25,138,95,62,93,0,E6,20,20,0.0,0.5,0,20
cbba,1086,default,162,20,20,84.3,7,4,69.52083333333333,33.75,118,68,520,2872,123,E6,20,20,0.0,0.5,0,20
claim,1087,default,222,20,20,89.1,12,4,73.14634146341463,30.0,439,59,43,43,0,E6,20,20,0.0,0.5,0,20
mas,1087,default,203,20,20,83.0,12,4,68.39024390243902,30.0,301,35,78,117,0,E6,20,20,0.0,0.5,0,20
mas_iterative,1087,default,164,20,20,80.55,11,4,66.97560975609755,30.0,231,32,74,111,0,E6,20,20,0.0,0.5,0,20
cbba,1087,default,199,20,20,83.45,10,4,69.90243902439025,30.0,319,97,322,1598,71,E6,20,20,0.0,0.5,0,20
claim,1088,default,230,20,20,112.1,11,4,90.58695652173913,49.0,426,76,39,39,0,E6,20,20,0.0,0.5,0,20
mas,1088,default,190,20,20,100.45,10,4,81.93478260869566,49.0,303,43,80,120,0,E6,20,20,0.0,0.5,0,20
mas_iterative,1088,default,206,20,20,105.65,9,4,84.52173913043478,45.0,342,72,76,114,0,E6,20,20,0.0,0.5,0,20
cbba,1088,default,158,20,20,76.55,7,4,61.65217391304348,36.5,150,69,367,1855,85,E6,20,20,0.0,0.5,0,20
claim,1090,default,212,20,20,102.5,10,4,84.25641025641026,27.0,305,74,34,34,0,E6,20,20,0.0,0.5,0,20
mas,1090,default,187,20,20,95.45,6,4,80.0,27.0,134,103,56,84,0,E6,20,20,0.0,0.5,0,20
mas_iterative,1090,default,211,20,20,97.35,7,4,80.92307692307692,27.0,179,156,60,90,0,E6,20,20,0.0,0.5,0,20
cbba,1090,default,203,20,20,96.1,7,4,80.15384615384616,27.0,251,55,517,2573,121,E6,20,20,0.0,0.5,0,20
claim,1091,default,223,20,20,110.95,7,4,90.76595744680851,47.0,205,103,30,30,0,E6,20,20,0.0,0.5,0,20
mas,1091,default,201,20,20,109.85,6,4,90.29787234042553,47.0,176,42,58,87,0,E6,20,20,0.0,0.5,0,20
mas_iterative,1091,default,200,20,20,109.8,6,4,90.27659574468085,47.0,176,38,58,87,0,E6,20,20,0.0,0.5,0,20
cbba,1091,default,207,20,20,100.05,5,4,82.87234042553192,46.0,141,130,530,2908,126,E6,20,20,0.0,0.5,0,20
claim,1092,default,214,20,20,119.4,15,4,106.65384615384616,37.666666666666664,344,93,41,41,0,E6,20,20,0.0,0.5,0,20
mas,1092,default,211,20,20,121.65,14,4,107.61538461538461,37.666666666666664,412,48,86,129,0,E6,20,20,0.0,0.5,0,20
mas_iterative,1092,default,210,20,20,121.45,14,4,107.4423076923077,37.666666666666664,412,44,86,129,0,E6,20,20,0.0,0.5,0,20
cbba,1092,default,178,20,20,92.75,13,4,81.38461538461539,28.0,221,84,288,1500,63,E6,20,20,0.0,0.5,0,20
claim,1093,default,236,20,20,126.95,11,4,106.73076923076923,35.0,365,56,35,35,0,E6,20,20,0.0,0.5,0,20
mas,1093,default,213,20,20,105.55,8,4,88.51923076923077,35.333333333333336,276,72,76,114,0,E6,20,20,0.0,0.5,0,20
mas_iterative,1093,default,212,20,20,105.35,9,4,88.36538461538461,35.333333333333336,278,68,78,117,0,E6,20,20,0.0,0.5,0,20
cbba,1093,default,207,20,20,105.0,7,4,88.17307692307692,35.333333333333336,288,59,415,2149,95,E6,20,20,0.0,0.5,0,20
claim,1094,default,275,20,20,142.5,12,4,125.37735849056604,51.333333333333336,531,42,46,46,0,E6,20,20,0.0,0.5,0,20
mas,1094,default,248,20,20,128.35,9,4,112.33962264150944,45.666666666666664,371,95,77,116,0,E6,20,20,0.0,0.5,0,20
mas_iterative,1094,default,272,20,20,137.75,12,4,118.79245283018868,45.333333333333336,517,76,89,134,0,E6,20,20,0.0,0.5,0,20
cbba,1094,default,229,20,20,110.3,8,4,94.24528301886792,29.666666666666668,336,70,399,2045,91,E6,20,20,0.0,0.5,0,20
claim,1095,default,201,20,20,103.4,10,4,89.80701754385964,44.5,212,130,32,32,0,E6,20,20,0.0,0.5,0,20
mas,1095,default,197,20,20,99.5,10,4,86.80701754385964,44.5,279,34,70,105,0,E6,20,20,0.0,0.5,0,20
mas_iterative,1095,default,197,20,20,99.45,10,4,86.7719298245614,44.5,280,33,70,105,0,E6,20,20,0.0,0.5,0,20
cbba,1095,default,197,20,20,96.4,9,4,81.85964912280701,35.333333333333336,211,48,512,2758,120,E6,20,20,0.0,0.5,0,20
claim,1096,default,306,20,20,161.7,10,4,124.6875,45.8,589,66,40,40,0,E6,20,20,0.0,0.5,0,20
mas,1096,default,251,20,20,122.4,8,4,93.91666666666667,38.4,375,39,74,111,0,E6,20,20,0.0,0.5,0,20
mas_iterative,1096,default,238,20,20,120.95,10,4,92.97916666666667,38.0,266,32,78,117,0,E6,20,20,0.0,0.5,0,20
cbba,1096,default,224,20,20,110.9,9,4,84.95833333333333,38.0,234,95,451,2425,105,E6,20,20,0.0,0.5,0,20
claim,1097,default,191,20,20,95.15,4,4,74.56818181818181,38.0,112,124,25,25,0,E6,20,20,0.0,0.5,0,20
mas,1097,default,244,20,20,107.5,9,4,83.75,39.0,403,47,78,117,0,E6,20,20,0.0,0.5,0,20
mas_iterative,1097,default,202,20,20,93.0,6,4,71.1590909090909,32.25,185,108,62,93,0,E6,20,20,0.0,0.5,0,20
cbba,1097,default,216,20,20,109.95,7,4,86.29545454545455,39.0,269,27,571,3027,135,E6,20,20,0.0,0.5,0,20
claim,1098,default,246,20,20,114.1,12,4,91.37254901960785,44.166666666666664,386,46,36,36,0,E6,20,20,0.0,0.5,0,20
mas,1098,default,204,20,20,101.95,6,4,83.94117647058823,44.166666666666664,162,56,56,84,0,E6,20,20,0.0,0.5,0,20
mas_iterative,1098,default,203,20,20,101.65,7,4,83.72549019607843,44.166666666666664,162,26,60,90,0,E6,20,20,0.0,0.5,0,20
cbba,1098,default,224,20,20,102.7,7,4,84.13725490196079,44.166666666666664,227,72,542,2844,128,E6,20,20,0.0,0.5,0,20
claim,1099,default,280,20,20,153.15,12,4,119.12765957446808,44.0,580,80,45,45,0,E6,20,20,0.0,0.5,0,20
mas,1099,default,218,20,20,120.55,7,4,96.38297872340425,43.666666666666664,315,105,76,114,0,E6,20,20,0.0,0.5,0,20
mas_iterative,1099,default,206,20,20,111.1,8,4,89.85106382978724,43.666666666666664,262,103,66,99,0,E6,20,20,0.0,0.5,0,20
cbba,1099,default,203,20,20,103.95,7,4,84.31914893617021,38.666666666666664,223,123,428,2276,99,E6,20,20,0.0,0.5,0,20
claim,1101,default,270,20,20,130.55,12,4,97.28571428571429,49.8,479,39,43,43,0,E6,20,20,0.0,0.5,0,20
mas,1101,default,279,20,20,123.7,10,4,94.08163265306122,49.8,368,183,76,114,0,E6,20,20,0.0,0.5,0,20
mas_iterative,1101,default,278,20,20,123.65,10,4,94.06122448979592,49.8,368,179,76,114,0,E6,20,20,0.0,0.5,0,20
cbba,1101,default,221,20,20,105.9,8,4,81.06122448979592,45.2,270,29,597,3287,141,E6,20,20,0.0,0.5,0,20
claim,1102,default,299,20,20,143.85,13,4,119.84745762711864,56.666666666666664,693,45,49,49,0,E6,20,20,0.0,0.5,0,20
mas,1102,default,203,20,20,103.5,9,4,89.20338983050847,52.5,278,83,82,124,0,E6,20,20,0.0,0.5,0,20
mas_iterative,1102,default,195,20,20,101.8,10,4,87.94915254237289,52.333333333333336,259,68,77,116,0,E6,20,20,0.0,0.5,0,20
cbba,1102,default,195,20,20,96.25,9,4,82.22033898305085,48.666666666666664,257,64,445,2423,103,E6,20,20,0.0,0.5,0,20
claim,1103,default,287,20,20,140.6,12,4,119.9074074074074,43.5,617,44,48,48,0,E6,20,20,0.0,0.5,0,20
mas,1103,default,229,20,20,122.75,10,4,105.5925925925926,40.0,303,132,78,117,0,E6,20,20,0.0,0.5,0,20
mas_iterative,1103,default,229,20,20,122.9,10,4,105.5925925925926,40.0,305,123,74,111,0,E6,20,20,0.0,0.5,0,20
cbba,1103,default,194,20,20,102.75,7,4,87.01851851851852,33.75,250,56,418,2262,96,E6,20,20,0.0,0.5,0,20
claim,1104,default,264,20,20,135.65,11,4,105.45652173913044,34.5,546,44,42,42,0,E6,20,20,0.0,0.5,0,20
mas,1104,default,198,20,20,96.1,8,4,75.8695652173913,34.5,195,55,68,102,0,E6,20,20,0.0,0.5,0,20
mas_iterative,1104,default,214,20,20,95.4,9,4,75.52173913043478,34.5,247,108,70,105,0,E6,20,20,0.0,0.5,0,20
cbba,1104,default,219,20,20,96.5,9,4,74.8695652173913,29.75,329,62,452,2372,104,E6,20,20,0.0,0.5,0,20
claim,1106,default,296,20,20,137.8,12,4,112.32075471698113,55.4,636,73,48,48,0,E6,20,20,0.0,0.5,0,20
mas,1106,default,267,20,20,123.05,13,4,98.20754716981132,43.4,482,102,102,153,0,E6,20,20,0.0,0.5,0,20
mas_iterative,1106,default,233,20,20,112.9,10,4,91.77358490566037,43.2,403,72,87,131,0,E6,20,20,0.0,0.5,0,20
cbba,1106,default,238,20,20,101.85,11,4,82.62264150943396,37.6,368,79,475,2509,109,E6,20,20,0.0,0.5,0,20
claim,1107,default,197,20,20,104.15,11,4,89.26530612244898,47.0,340,75,37,37,0,E6,20,20,0.0,0.5,0,20
mas,1107,default,181,20,20,100.0,10,4,87.0204081632653,47.0,262,55,72,108,0,E6,20,20,0.0,0.5,0,20
mas_iterative,1107,default,180,20,20,99.8,10,4,86.89795918367346,47.0,261,52,72,108,0,E6,20,20,0.0,0.5,0,20
cbba,1107,default,168,20,20,78.05,7,4,67.22448979591837,35.0,167,99,423,2195,98,E6,20,20,0.0,0.5,0,20
claim,1108,default,284,20,20,126.15,15,4,101.85185185185185,38.2,608,44,48,48,0,E6,20,20,0.0,0.5,0,20
mas,1108,default,226,20,20,107.05,11,4,90.25925925925925,38.2,340,68,75,113,0,E6,20,20,0.0,0.5,0,20
mas_iterative,1108,default,225,20,20,106.25,11,4,89.66666666666667,38.2,338,49,79,119,0,E6,20,20,0.0,0.5,0,20
cbba,1108,default,204,20,20,92.55,10,4,77.77777777777777,38.2,289,64,502,2620,117,E6,20,20,0.0,0.5,0,20
claim,1109,default,257,20,20,112.3,16,4,87.95348837209302,33.5,492,82,46,46,0,E6,20,20,0.0,0.5,0,20
mas,1109,default,231,20,20,111.4,14,4,87.76744186046511,33.5,378,57,82,123,0,E6,20,20,0.0,0.5,0,20
mas_iterative,1109,default,231,20,20,111.35,14,4,87.74418604651163,33.5,378,57,82,123,0,E6,20,20,0.0,0.5,0,20
cbba,1109,default,298,20,20,110.85,11,4,85.27906976744185,28.0,649,67,510,2568,116,E6,20,20,0.0,0.5,0,20
claim,1110,default,268,20,20,103.55,10,4,88.18032786885246,46.714285714285715,534,39,43,43,0,E6,20,20,0.0,0.5,0,20
mas,1110,default,224,20,20,101.85,10,4,86.78688524590164,42.142857142857146,361,53,80,120,0,E6,20,20,0.0,0.5,0,20
mas_iterative,1110,default,219,20,20,101.6,9,4,86.62295081967213,41.714285714285715,326,80,80,120,0,E6,20,20,0.0,0.5,0,20
cbba,1110,default,203,20,20,88.75,7,4,75.8688524590164,39.42857142857143,231,91,452,2236,105,E6,20,20,0.0,0.5,0,20
claim,1111,default,307,20,20,122.75,14,4,92.78,42.2,748,48,52,52,0,E6,20,20,0.0,0.5,0,20
mas,1111,default,241,20,20,111.85,11,4,87.02,42.8,413,82,84,126,0,E6,20,20,0.0,0.5,0,20
mas_iterative,1111,default,248,20,20,116.0,11,4,88.84,41.8,456,84,90,135,0,E6,20,20,0.0,0.5,0,20
cbba,1111,default,258,20,20,106.6,11,4,83.68,42.6,505,55,407,2007,91,E6,20,20,0.0,0.5,0,20
claim,1112,default,286,20,20,170.95,13,4,145.9777777777778,41.0,581,89,48,48,0,E6,20,20,0.0,0.5,0,20
mas,1112,default,197,20,20,106.2,8,4,88.42222222222222,40.5,215,64,64,96,0,E6,20,20,0.0,0.5,0,20
mas_iterative,1112,default,197,20,20,105.95,8,4,88.13333333333334,40.0,216,63,64,96,0,E6,20,20,0.0,0.5,0,20
cbba,1112,default,220,20,20,118.2,12,4,96.82222222222222,38.0,319,110,381,1973,86,E6,20,20,0.0,0.5,0,20
claim,1113,default,231,20,20,116.25,13,4,92.24528301886792,47.2,396,66,43,43,0,E6,20,20,0.0,0.5,0,20
mas,1113,default,230,20,20,114.25,13,4,89.77358490566037,47.2,373,72,80,120,0,E6,20,20,0.0,0.5,0,20
mas_iterative,1113,default,233,20,20,113.8,12,4,89.77358490566037,46.8,358,93,80,120,0,E6,20,20,0.0,0.5,0,20
cbba,1113,default,200,20,20,93.65,7,4,75.05660377358491,42.4,195,91,408,2060,94,E6,20,20,0.0,0.5,0,20
claim,1114,default,288,20,20,132.1,10,4,101.17307692307692,57.666666666666664,557,39,43,43,0,E6,20,20,0.0,0.5,0,20
mas,1114,default,226,20,20,107.9,9,4,84.40384615384616,59.0,245,48,75,113,0,E6,20,20,0.0,0.5,0,20
mas_iterative,1114,default,213,20,20,102.25,8,4,80.76923076923077,57.666666666666664,220,94,73,110,0,E6,20,20,0.0,0.5,0,20
cbba,1114,default,198,20,20,94.1,8,4,73.92307692307692,47.666666666666664,142,107,451,2335,105,E6,20,20,0.0,0.5,0,20
claim,1115,default,280,20,20,126.9,15,4,96.3125,51.2,614,66,50,50,0,E6,20,20,0.0,0.5,0,20
mas,1115,default,204,20,20,98.2,12,4,79.1875,46.6,319,55,80,120,0,E6,20,20,0.0,0.5,0,20
mas_iterative,1115,default,204,20,20,98.15,12,4,79.1875,46.4,320,54,80,120,0,E6,20,20,0.0,0.5,0,20
cbba,1115,default,184,20,20,88.45,7,4,70.9375,40.8,220,81,458,2366,107,E6,20,20,0.0,0.5,0,20
claim,1116,default,164,20,20,86.6,11,4,70.26190476190476,27.5,208,33,37,37,0,E6,20,20,0.0,0.5,0,20
mas,1116,default,162,20,20,84.1,10,4,68.92857142857143,27.5,203,70,72,108,0,E6,20,20,0.0,0.5,0,20
mas_iterative,1116,default,162,20,20,84.05,10,4,68.9047619047619,27.5,204,69,72,108,0,E6,20,20,0.0,0.5,0,20
cbba,1116,default,190,20,20,93.0,9,4,74.71428571428571,27.5,242,135,345,1737,77,E6,20,20,0.0,0.5,0,20
claim,1117,default,177,20,20,88.1,7,4,71.67924528301887,37.2,170,108,29,29,0,E6,20,20,0.0,0.5,0,20
mas,1117,default,179,20,20,82.15,4,4,65.56603773584905,32.0,136,131,58,87,0,E6,20,20,0.0,0.5,0,20
mas_iterative,1117,default,176,20,20,79.35,4,4,63.64150943396226,31.8,123,132,56,84,0,E6,20,20,0.0,0.5,0,20
cbba,1117,default,176,20,20,79.35,4,4,63.64150943396226,31.8,123,132,510,2742,121,E6,20,20,0.0,0.5,0,20
claim,1118,default,246,20,20,115.25,7,4,96.60377358490567,45.25,333,29,33,33,0,E6,20,20,0.0,0.5,0,20
mas,1118,default,216,20,20,101.3,5,4,84.39622641509433,42.25,200,53,64,96,0,E6,20,20,0.0,0.5,0,20
mas_iterative,1118,default,244,20,20,110.8,5,4,92.26415094339623,43.5,196,152,58,87,0,E6,20,20,0.0,0.5,0,20
cbba,1118,default,207,20,20,90.2,3,4,74.88679245283019,42.0,87,125,564,2994,135,E6,20,20,0.0,0.5,0,20
claim,1119,default,235,20,20,112.7,10,4,94.51020408163265,39.0,445,36,40,40,0,E6,20,20,0.0,0.5,0,20
mas,1119,default,183,20,20,83.55,5,4,70.89795918367346,27.5,221,28,64,96,0,E6,20,20,0.0,0.5,0,20
mas_iterative,1119,default,166,20,20,80.35,4,4,69.3061224489796,27.0,83,35,54,81,0,E6,20,20,0.0,0.5,0,20
cbba,1119,default,184,20,20,82.35,6,4,70.22448979591837,27.0,220,27,582,3028,138,E6,20,20,0.0,0.5,0,20
claim,1120,default,180,20,20,95.55,9,4,83.52272727272727,50.5,198,58,30,30,0,E6,20,20,0.0,0.5,0,20
mas,1120,default,180,20,20,94.95,8,4,82.8409090909091,50.5,154,101,58,87,0,E6,20,20,0.0,0.5,0,20
mas_iterative,1120,default,180,20,20,94.9,8,4,82.79545454545455,50.5,154,101,58,87,0,E6,20,20,0.0,0.5,0,20
cbba,1120,default,170,20,20,93.75,7,4,79.8409090909091,38.0,183,51,527,2837,124,E6,20,20,0.0,0.5,0,20
claim,1121,default,291,20,20,142.7,11,4,112.95652173913044,43.5,551,59,44,44,0,E6,20,20,0.0,0.5,0,20
mas,1121,default,221,20,20,111.75,9,4,89.93478260869566,43.5,218,109,64,96,0,E6,20,20,0.0,0.5,0,20
mas_iterative,1121,default,221,20,20,111.6,9,4,89.78260869565217,43.5,218,110,64,96,0,E6,20,20,0.0,0.5,0,20
cbba,1121,default,218,20,20,108.05,8,4,85.76086956521739,42.75,196,136,440,2212,102,E6,20,20,0.0,0.5,0,20
claim,1123,default,238,20,20,111.4,12,4,85.75,38.8,449,108,40,40,0,E6,20,20,0.0,0.5,0,20
mas,1123,default,175,20,20,85.05,6,4,67.85416666666667,31.4,159,91,73,110,0,E6,20,20,0.0,0.5,0,20
mas_iterative,1123,default,164,20,20,83.2,5,4,67.10416666666667,31.0,148,44,66,99,0,E6,20,20,0.0,0.5,0,20
cbba,1123,default,164,20,20,83.2,5,4,67.10416666666667,31.0,148,44,353,1843,81,E6,20,20,0.0,0.5,0,20
claim,1124,default,207,20,20,94.25,11,4,79.5925925925926,34.0,382,33,37,37,0,E6,20,20,0.0,0.5,0,20
mas,1124,default,207,20,20,91.35,8,4,77.66666666666667,34.0,282,107,66,99,0,E6,20,20,0.0,0.5,0,20
mas_iterative,1124,default,207,20,20,91.35,8,4,77.66666666666667,34.0,282,107,66,99,0,E6,20,20,0.0,0.5,0,20
cbba,1124,default,164,20,20,85.35,11,4,74.07407407407408,34.0,188,32,593,3231,140,E6,20,20,0.0,0.5,0,20
claim,1125,default,280,20,20,124.65,10,4,95.14893617021276,36.0,572,54,43,43,0,E6,20,20,0.0,0.5,0,20
mas,1125,default,249,20,20,104.0,10,4,78.72340425531915,36.0,400,57,74,111,0,E6,20,20,0.0,0.5,0,20
mas_iterative,1125,default,204,20,20,87.95,7,4,69.31914893617021,36.0,231,28,70,105,0,E6,20,20,0.0,0.5,0,20
cbba,1125,default,234,20,20,89.45,7,4,69.95744680851064,36.0,332,54,556,2892,130,E6,20,20,0.0,0.5,0,20
claim,1126,default,179,20,20,94.65,11,4,74.66,49.5,281,49,38,38,0,E6,20,20,0.0,0.5,0,20
mas,1126,default,164,20,20,84.3,9,4,68.48,49.5,170,103,68,102,0,E6,20,20,0.0,0.5,0,20
mas_iterative,1126,default,165,20,20,84.2,9,4,68.38,49.5,171,105,68,102,0,E6,20,20,0.0,0.5,0,20
cbba,1126,default,158,20,20,71.0,8,4,58.86,44.75,135,120,537,2857,127,E6,20,20,0.0,0.5,0,20
claim,1127,default,200,20,20,99.25,12,4,86.3061224489796,28.333333333333332,309,90,40,40,0,E6,20,20,0.0,0.5,0,20
mas,1127,default,194,20,20,95.25,9,4,83.3265306122449,28.333333333333332,249,57,66,99,0,E6,20,20,0.0,0.5,0,20
mas_iterative,1127,default,194,20,20,95.2,9,4,83.26530612244898,28.333333333333332,250,56,66,99,0,E6,20,20,0.0,0.5,0,20
cbba,1127,default,161,20,20,78.55,4,4,69.18367346938776,28.333333333333332,148,62,311,1555,71,E6,20,20,0.0,0.5,0,20
claim,1128,default,198,20,20,99.3,9,4,79.71739130434783,33.333333333333336,296,33,33,33,0,E6,20,20,0.0,0.5,0,20
mas,1128,default,190,20,20,97.9,6,4,79.67391304347827,33.333333333333336,192,81,58,87,0,E6,20,20,0.0,0.5,0,20
mas_iterative,1128,default,194,20,20,96.65,7,4,77.43478260869566,33.333333333333336,223,94,62,93,0,E6,20,20,0.0,0.5,0,20
cbba,1128,default,190,20,20,97.9,6,4,79.67391304347827,33.333333333333336,193,80,452,2396,106,E6,20,20,0.0,0.5,0,20
claim,1129,default,216,20,20,99.95,9,4,87.26530612244898,27.0,279,73,31,31,0,E6,20,20,0.0,0.5,0,20
mas,1129,default,203,20,20,97.0,7,4,84.81632653061224,27.0,186,105,66,99,0,E6,20,20,0.0,0.5,0,20
mas_iterative,1129,default,192,20,20,94.65,7,4,82.81632653061224,27.0,189,54,64,96,0,E6,20,20,0.0,0.5,0,20
cbba,1129,default,205,20,20,90.95,8,4,78.46938775510205,27.0,213,54,491,2503,115,E6,20,20,0.0,0.5,0,20
claim,1130,default,255,20,20,112.0,12,4,94.25,46.6,502,40,44,44,0,E6,20,20,0.0,0.5,0,20
mas,1130,default,275,20,20,112.25,13,4,91.73214285714286,46.6,468,163,88,132,0,E6,20,20,0.0,0.5,0,20
mas_iterative,1130,default,227,20,20,106.6,11,4,89.35714285714286,46.6,323,100,80,120,0,E6,20,20,0.0,0.5,0,20
cbba,1130,default,181,20,20,88.55,6,4,75.66071428571429,48.4,193,24,372,1850,86,E6,20,20,0.0,0.5,0,20
claim,1131,default,204,20,20,104.75,6,4,89.05084745762711,58.75,297,27,31,31,0,E6,20,20,0.0,0.5,0,20
mas,1131,default,191,20,20,97.15,6,4,83.27118644067797,58.75,198,86,61,92,0,E6,20,20,0.0,0.5,0,20
mas_iterative,1131,default,189,20,20,96.8,6,4,83.05084745762711,58.75,198,77,61,92,0,E6,20,20,0.0,0.5,0,20
cbba,1131,default,179,20,20,86.25,3,4,72.2542372881356,45.75,167,75,474,2460,112,E6,20,20,0.0,0.5,0,20
claim,1132,default,250,20,20,128.55,13,4,106.15094339622641,38.666666666666664,470,86,41,41,0,E6,20,20,0.0,0.5,0,20
mas,1132,default,218,20,20,101.35,10,4,83.66037735849056,36.333333333333336,351,60,74,111,0,E6,20,20,0.0,0.5,0,20
mas_iterative,1132,default,217,20,20,100.7,10,4,83.09433962264151,36.0,348,59,76,114,0,E6,20,20,0.0,0.5,0,20
cbba,1132,default,242,20,20,115.45,11,4,95.54716981132076,36.0,364,136,431,2221,98,E6,20,20,0.0,0.5,0,20
claim,1133,default,250,20,20,116.3,11,4,96.16981132075472,38.75,424,110,36,36,0,E6,20,20,0.0,0.5,0,20
mas,1133,default,250,20,20,116.3,11,4,96.16981132075472,38.75,424,110,72,108,0,E6,20,20,0.0,0.5,0,20
mas_iterative,1133,default,250,20,20,116.3,11,4,96.16981132075472,38.75,424,110,72,108,0,E6,20,20,0.0,0.5,0,20
cbba,1133,default,197,20,20,95.45,7,4,77.9622641509434,38.0,265,63,392,1960,90,E6,20,20,0.0,0.5,0,20
claim,1134,default,230,20,20,101.15,13,4,87.0,28.5,442,35,39,39,0,E6,20,20,0.0,0.5,0,20
mas,1134,default,195,20,20,94.65,9,4,82.12244897959184,28.5,264,34,76,114,0,E6,20,20,0.0,0.5,0,20
mas_iterative,1134,default,186,20,20,90.0,10,4,76.93877551020408,28.5,249,32,76,114,0,E6,20,20,0.0,0.5,0,20
cbba,1134,default,192,20,20,93.85,8,4,81.75510204081633,28.5,231,68,381,1893,87,E6,20,20,0.0,0.5,0,20
claim,1135,default,239,20,20,105.1,13,4,86.54166666666667,45.6,386,104,39,39,0,E6,20,20,0.0,0.5,0,20
mas,1135,default,230,20,20,96.35,8,4,78.25,36.0,350,90,84,127,0,E6,20,20,0.0,0.5,0,20
mas_iterative,1135,default,206,20,20,90.6,6,4,74.3125,35.8,259,71,77,116,0,E6,20,20,0.0,0.5,0,20
cbba,1135,default,206,20,20,90.6,6,4,74.3125,35.8,259,71,498,2610,116,E6,20,20,0.0,0.5,0,20
claim,1136,default,257,20,20,141.3,15,4,115.37254901960785,62.2,467,39,43,43,0,E6,20,20,0.0,0.5,0,20
mas,1136,default,235,20,20,121.0,11,4,100.17647058823529,56.4,316,109,78,117,0,E6,20,20,0.0,0.5,0,20
mas_iterative,1136,default,205,20,20,115.0,8,4,96.31372549019608,56.2,243,71,74,111,0,E6,20,20,0.0,0.5,0,20
cbba,1136,default,205,20,20,115.0,8,4,96.31372549019608,56.2,243,71,429,2299,99,E6,20,20,0.0,0.5,0,20
claim,1137,default,242,20,20,109.4,11,4,85.17021276595744,38.75,402,72,41,41,0,E6,20,20,0.0,0.5,0,20
mas,1137,default,213,20,20,99.9,9,4,79.29787234042553,38.75,265,65,70,105,0,E6,20,20,0.0,0.5,0,20
mas_iterative,1137,default,213,20,20,99.85,9,4,79.25531914893617,38.75,266,64,70,105,0,E6,20,20,0.0,0.5,0,20
cbba,1137,default,236,20,20,97.2,9,4,74.76595744680851,32.0,391,47,478,2422,110,E6,20,20,0.0,0.5,0,20
claim,1138,default,193,20,20,99.0,8,4,85.44444444444444,39.5,246,70,33,33,0,E6,20,20,0.0,0.5,0,20
mas,1138,default,181,20,20,91.55,6,4,79.57407407407408,37.0,175,81,61,92,0,E6,20,20,0.0,0.5,0,20
mas_iterative,1138,default,179,20,20,91.4,6,4,79.46296296296296,37.0,175,73,61,92,0,E6,20,20,0.0,0.5,0,20
cbba,1138,default,177,20,20,91.15,10,4,78.38888888888889,37.0,231,39,568,3104,134,E6,20,20,0.0,0.5,0,20
claim,1139,default,201,20,20,107.15,8,4,93.62962962962963,48.0,240,134,33,33,0,E6,20,20,0.0,0.5,0,20
mas,1139,default,177,20,20,93.7,6,4,80.07407407407408,45.75,194,63,66,99,0,E6,20,20,0.0,0.5,0,20
mas_iterative,1139,default,173,20,20,93.05,6,4,79.51851851851852,45.25,184,54,65,98,0,E6,20,20,0.0,0.5,0,20
cbba,1139,default,175,20,20,88.4,6,4,74.27777777777777,38.0,165,67,407,2149,95,E6,20,20,0.0,0.5,0,20
claim,1140,default,262,20,20,104.9,11,4,80.72916666666667,36.25,524,77,45,45,0,E6,20,20,0.0,0.5,0,20
mas,1140,default,200,20,20,97.9,10,4,77.8125,36.25,308,36,79,119,0,E6,20,20,0.0,0.5,0,20
mas_iterative,1140,default,200,20,20,97.8,10,4,77.77083333333333,36.25,310,34,79,119,0,E6,20,20,0.0,0.5,0,20
cbba,1140,default,193,20,20,82.9,8,4,66.85416666666667,36.25,223,101,541,2971,127,E6,20,20,0.0,0.5,0,20
claim,1141,default,228,20,20,102.2,10,4,85.32727272727273,57.125,263,105,33,33,0,E6,20,20,0.0,0.5,0,20
mas,1141,default,207,20,20,101.15,8,4,84.94545454545455,57.125,203,80,66,99,0,E6,20,20,0.0,0.5,0,20
mas_iterative,1141,default,190,20,20,99.8,8,4,84.45454545454545,57.125,181,38,62,93,0,E6,20,20,0.0,0.5,0,20
cbba,1141,default,190,20,20,99.8,8,4,84.45454545454545,57.125,181,38,410,2230,95,E6,20,20,0.0,0.5,0,20
claim,1142,default,210,20,20,115.7,10,4,96.38,40.25,306,37,33,33,0,E6,20,20,0.0,0.5,0,20
mas,1142,default,230,20,20,112.55,9,4,93.92,40.25,294,103,62,93,0,E6,20,20,0.0,0.5,0,20
mas_iterative,1142,default,230,20,20,112.55,9,4,93.92,40.25,294,103,62,93,0,E6,20,20,0.0,0.5,0,20
cbba,1142,default,190,20,20,90.95,7,4,75.14,34.0,149,95,485,2639,114,E6,20,20,0.0,0.5,0,20
claim,1143,default,233,20,20,115.35,12,4,85.18604651162791,43.333333333333336,388,64,38,38,0,E6,20,20,0.0,0.5,0,20
mas,1143,default,244,20,20,104.65,11,4,77.02325581395348,42.333333333333336,417,55,83,125,0,E6,20,20,0.0,0.5,0,20
mas_iterative,1143,default,222,20,20,104.55,11,4,75.74418604651163,42.0,340,37,78,117,0,E6,20,20,0.0,0.5,0,20
cbba,1143,default,219,20,20,104.4,10,4,75.67441860465117,42.0,341,37,423,2271,97,E6,20,20,0.0,0.5,0,20
claim,1144,default,297,20,20,150.0,12,4,119.15686274509804,58.5,682,44,48,48,0,E6,20,20,0.0,0.5,0,20
mas,1144,default,224,20,20,111.6,10,4,86.03921568627452,46.166666666666664,335,112,83,125,0,E6,20,20,0.0,0.5,0,20
mas_iterative,1144,default,223,20,20,109.55,9,4,84.37254901960785,45.666666666666664,335,107,83,125,0,E6,20,20,0.0,0.5,0,20
cbba,1144,default,197,20,20,98.0,6,4,74.31372549019608,37.5,254,33,388,2070,89,E6,20,20,0.0,0.5,0,20
claim,1145,default,250,20,20,110.3,14,4,84.82142857142857,49.5,531,39,43,43,0,E6,20,20,0.0,0.5,0,20
mas,1145,default,218,20,20,102.1,15,4,81.5,49.5,349,68,80,120,0,E6,20,20,0.0,0.5,0,20
mas_iterative,1145,default,218,20,20,102.05,15,4,81.46428571428571,49.5,350,67,80,120,0,E6,20,20,0.0,0.5,0,20
cbba,1145,default,245,20,20,107.5,10,4,84.05357142857143,46.125,437,53,443,2251,101,E6,20,20,0.0,0.5,0,20
claim,1146,default,179,20,20,97.75,7,4,87.47272727272727,46.25,203,25,28,28,0,E6,20,20,0.0,0.5,0,20
mas,1146,default,194,20,20,96.55,6,4,84.32727272727273,40.0,179,96,59,89,0,E6,20,20,0.0,0.5,0,20
mas_iterative,1146,default,192,20,20,93.3,6,4,82.0,39.75,164,104,58,87,0,E6,20,20,0.0,0.5,0,20
cbba,1146,default,191,20,20,95.2,5,4,83.2909090909091,39.5,147,105,502,2694,119,E6,20,20,0.0,0.5,0,20
claim,1147,default,246,20,20,110.7,11,4,88.36170212765957,38.666666666666664,461,40,44,44,0,E6,20,20,0.0,0.5,0,20
mas,1147,default,213,20,20,106.5,9,4,86.46808510638297,38.666666666666664,235,89,68,102,0,E6,20,20,0.0,0.5,0,20
mas_iterative,1147,default,213,20,20,106.5,9,4,86.46808510638297,38.666666666666664,235,89,68,102,0,E6,20,20,0.0,0.5,0,20
cbba,1147,default,226,20,20,108.05,8,4,86.53191489361703,38.666666666666664,310,51,452,2234,104,E6,20,20,0.0,0.5,0,20
claim,1149,default,197,20,20,103.0,12,4,85.75,42.0,362,40,38,38,0,E6,20,20,0.0,0.5,0,20
mas,1149,default,236,20,20,106.65,9,4,87.65384615384616,42.0,380,149,70,105,0,E6,20,20,0.0,0.5,0,20
mas_iterative,1149,default,236,20,20,106.65,9,4,87.65384615384616,42.0,380,149,70,105,0,E6,20,20,0.0,0.5,0,20
cbba,1149,default,154,20,20,73.05,7,4,62.51923076923077,41.666666666666664,137,85,461,2501,107,E6,20,20,0.0,0.5,0,20
claim,1150,default,173,20,20,94.35,9,4,76.6875,39.6,199,51,30,30,0,E6,20,20,0.0,0.5,0,20
mas,1150,default,167,20,20,78.4,5,4,62.708333333333336,30.0,96,80,60,90,0,E6,20,20,0.0,0.5,0,20
mas_iterative,1150,default,159,20,20,78.9,2,4,62.625,29.2,46,104,54,81,0,E6,20,20,0.0,0.5,0,20
cbba,1150,default,157,20,20,77.45,3,4,62.104166666666664,29.2,47,56,444,2302,105,E6,20,20,0.0,0.5,0,20
claim,1152,default,282,20,20,127.1,12,4,101.20833333333333,42.75,553,93,41,41,0,E6,20,20,0.0,0.5,0,20
mas,1152,default,192,20,20,95.8,8,4,78.5625,42.75,161,26,60,90,0,E6,20,20,0.0,0.5,0,20
mas_iterative,1152,default,192,20,20,95.8,8,4,78.5625,42.75,161,26,60,90,0,E6,20,20,0.0,0.5,0,20
cbba,1152,default,180,20,20,90.55,7,4,73.85416666666667,36.25,175,37,619,3483,147,E6,20,20,0.0,0.5,0,20
claim,1153,default,315,20,20,139.5,14,4,112.67924528301887,46.2,580,119,49,49,0,E6,20,20,0.0,0.5,0,20
mas,1153,default,232,20,20,117.55,8,4,98.41509433962264,46.2,288,79,73,110,0,E6,20,20,0.0,0.5,0,20
mas_iterative,1153,default,241,20,20,117.4,9,4,98.16981132075472,46.2,293,101,69,104,0,E6,20,20,0.0,0.5,0,20
cbba,1153,default,220,20,20,116.35,7,4,97.16981132075472,46.2,266,52,463,2505,108,E6,20,20,0.0,0.5,0,20
claim,1155,default,320,20,20,129.2,14,4,92.45833333333333,44.0,744,52,56,56,0,E6,20,20,0.0,0.5,0,20
mas,1155,default,213,20,20,95.45,9,4,74.33333333333333,44.0,260,66,69,104,0,E6,20,20,0.0,0.5,0,20
mas_iterative,1155,default,213,20,20,95.05,9,4,74.04166666666667,44.0,261,65,69,104,0,E6,20,20,0.0,0.5,0,20
cbba,1155,default,213,20,20,95.05,9,4,74.04166666666667,44.0,261,65,452,2246,105,E6,20,20,0.0,0.5,0,20
claim,1156,default,229,20,20,121.45,9,4,108.55319148936171,30.0,291,51,34,34,0,E6,20,20,0.0,0.5,0,20
mas,1156,default,242,20,20,121.9,8,4,104.19148936170212,30.0,403,49,83,125,0,E6,20,20,0.0,0.5,0,20
mas_iterative,1156,default,200,20,20,105.75,6,4,94.29787234042553,30.0,201,72,61,92,0,E6,20,20,0.0,0.5,0,20
cbba,1156,default,200,20,20,105.75,6,4,94.29787234042553,30.0,201,72,516,2694,122,E6,20,20,0.0,0.5,0,20
claim,1157,default,216,20,20,117.65,13,4,96.3125,35.666666666666664,356,36,40,40,0,E6,20,20,0.0,0.5,0,20
mas,1157,default,245,20,20,120.15,13,4,96.60416666666667,35.666666666666664,421,91,84,126,0,E6,20,20,0.0,0.5,0,20
mas_iterative,1157,default,245,20,20,120.15,13,4,96.60416666666667,35.666666666666664,421,91,84,126,0,E6,20,20,0.0,0.5,0,20
cbba,1157,default,206,20,20,108.75,9,4,89.35416666666667,35.666666666666664,308,34,302,1452,66,E6,20,20,0.0,0.5,0,20
